compound,structure,eform_ev_atom,edecomp_ev_fu,gap_prescreen_ev,theory
Ag1Al0.5Ga0.5S2,kesterite,-0.6368,-0.3469,1.365,PBEsol
Ag1Al0.5Ga0.5Se2,kesterite,-0.5194,-0.1775,0.724,PBEsol
Ag1Al0.5Ga0.5Se2,stannite,-0.4859,-0.0434,0.29,PBEsol
Ag1Al0.5Ga0.5Te2,kesterite,-0.2592,-0.1837,0.722,PBEsol
Ag1Al0.5Ga0.5Te2,stannite,-0.2308,-0.0698,0.119,PBEsol
Ag1Al0.5In0.5S1Se1,kesterite,-0.5214,-0.1801,0.756,PBEsol
Ag1Al0.5In0.5S1Se1,stannite,-0.5161,-0.1589,0.396,PBEsol
Ag1Al0.5In0.5S2,kesterite,-0.5832,-0.2643,1.064,PBEsol
Ag1Al0.5In0.5Se2,kesterite,-0.494,-0.1626,0.507,PBEsol
Ag1Al0.5In0.5Se2,stannite,-0.4782,-0.0997,0.166,PBEsol
Ag1Al0.5In0.5Te2,kesterite,-0.2461,-0.1539,0.698,PBEsol
Ag1Al0.5In0.5Te2,stannite,-0.2424,-0.1389,0.196,PBEsol
Ag1Al1S1Se1,kesterite,-0.6746,-0.2727,1.541,PBEsol
Ag1Al1S2,kesterite,-0.7575,-0.3422,1.922,PBEsol
Ag1Al1S2,stannite,-0.7192,-0.1889,1.443,PBEsol
Ag1Al1Se1Te1,kesterite,-0.4397,-0.1644,1.173,PBEsol
Ag1Al1Se1Te1,stannite,-0.3959,0.0108,0.394,PBEsol
Ag1Al1Se2,kesterite,-0.6022,-0.1741,1.206,PBEsol
Ag1Al1Se2,stannite,-0.5697,-0.0441,0.749,PBEsol
Ag1Al1Te2,kesterite,-0.2843,-0.1123,1.293,PBEsol
Ag1Al1Te2,stannite,-0.2429,0.0536,0.449,PBEsol
Ag1Ga0.5In0.5S1Se1,kesterite,-0.4292,-0.205,0.4,PBEsol
Ag1Ga0.5In0.5S1Se1,stannite,-0.4172,-0.1568,0.801,PBEsol
Ag1Ga0.5In0.5S2,kesterite,-0.4629,-0.2527,0.696,PBEsol
Ag1Ga0.5In0.5S2,stannite,-0.4495,-0.1991,0.437,PBEsol
Ag1Ga0.5In0.5Se2,kesterite,-0.4114,-0.1493,0.109,PBEsol
Ag1Ga0.5In0.5Se2,stannite,-0.3972,-0.0925,0.0,PBEsol
Ag1Ga0.5In0.5Te2,kesterite,-0.2154,-0.1849,0.232,PBEsol
Ag1Ga0.5In0.5Te2,stannite,-0.2031,-0.1359,0.149,PBEsol
Ag1Ga1S1Te1,kesterite,-0.3367,-0.1496,0.603,PBEsol
Ag1Ga1S1Te1,stannite,-0.2799,0.0775,0.004,PBEsol
Ag1Ga1S2,kesterite,-0.5136,-0.3059,1.084,PBEsol
Ag1Ga1S2,stannite,-0.4839,-0.1871,0.651,PBEsol
Ag1Ga1Se1Te1,kesterite,-0.3195,-0.1548,0.403,PBEsol
Ag1Ga1Se1Te1,stannite,-0.2786,0.009,0.356,PBEsol
Ag1Ga1Se2,kesterite,-0.437,-0.147,0.324,PBEsol
Ag1Ga1Se2,stannite,-0.4038,-0.0141,0.946,PBEsol
Ag1Ga1Te2,kesterite,-0.2132,-0.1356,0.427,PBEsol
Ag1Ga1Te2,stannite,-0.1964,-0.0686,0.106,PBEsol
Ag1In1S1Se1,kesterite,-0.4021,-0.188,0.191,PBEsol
Ag1In1S1Se1,stannite,-0.3901,-0.1398,0.906,PBEsol
Ag1In1S1Te1,kesterite,-0.2918,-0.1245,0.307,PBEsol
Ag1In1S1Te1,stannite,-0.2715,-0.0431,0.323,PBEsol
Ag1In1S2,kesterite,-0.4065,-0.141,0.385,PBEsol
Ag1In1S2,stannite,-0.4037,-0.1296,0.151,PBEsol
Ag1In1Se1Te1,kesterite,-0.29,-0.146,0.089,PBEsol
Ag1In1Se1Te1,stannite,-0.277,-0.0941,0.001,PBEsol
Ag1In1Se2,kesterite,-0.3936,-0.1471,0.074,PBEsol
Ag1In1Se2,stannite,-0.3826,-0.1032,0.0,PBEsol
Ag1In1Te2,kesterite,-0.1713,-0.0133,0.207,PBEsol
Ag1In1Te2,stannite,-0.1653,0.0103,0.103,PBEsol
Ag2Ba0.5Cd0.5Ge1S4,kesterite,-0.4752,0.0094,0.833,PBEsol
Ag2Ba0.5Cd0.5Ge1S4,stannite,-0.4745,0.0148,0.714,PBEsol
Ag2Ba0.5Cd0.5Ge1Se4,kesterite,-0.4024,0.4538,0.408,PBEsol
Ag2Ba0.5Cd0.5Ge1Se4,stannite,-0.424,0.2807,0.088,PBEsol
Ag2Ba0.5Cd0.5Ge1Te4,stannite,-0.1492,,0.137,PBEsol
Ag2Ba0.5Cd0.5Sn1S4,kesterite,-0.4678,0.3446,0.682,PBEsol
Ag2Ba0.5Cd0.5Sn1S4,stannite,-0.4633,0.3804,0.556,PBEsol
Ag2Ba0.5Cd0.5Sn1Se4,kesterite,-0.4507,0.4435,0.165,PBEsol
Ag2Ba0.5Cd0.5Sn1Se4,stannite,-0.4033,0.8227,0.146,PBEsol
Ag2Ba0.5Cd0.5Sn1Te4,stannite,-0.2592,,0.05,PBEsol
Ag2Ba0.5Cd0.5Zr1S4,kesterite,-0.8183,0.9601,1.479,PBEsol
Ag2Ba0.5Cd0.5Zr1S4,stannite,-0.8115,1.0141,1.117,PBEsol
Ag2Ba0.5Cd0.5Zr1Se4,kesterite,-0.7196,1.2486,1.134,PBEsol
Ag2Ba0.5Cd0.5Zr1Se4,stannite,-0.6749,1.6065,0.817,PBEsol
Ag2Ba0.5Cd0.5Zr1Te4,stannite,-0.4094,1.6267,0.509,PBEsol
Ag2Ba0.5Zn0.5Ge1S4,kesterite,-0.4876,0.1078,0.845,PBEsol
Ag2Ba0.5Zn0.5Ge1S4,stannite,-0.4546,0.372,0.499,PBEsol
Ag2Ba0.5Zn0.5Ge1Se4,kesterite,-0.4114,0.4921,0.338,PBEsol
Ag2Ba0.5Zn0.5Ge1Se4,stannite,-0.3862,0.6935,0.602,PBEsol
Ag2Ba0.5Zn0.5Ge1Te4,stannite,-0.1555,,0.023,PBEsol
Ag2Ba0.5Zn0.5Sn1S4,kesterite,-0.4914,0.3535,0.657,PBEsol
Ag2Ba0.5Zn0.5Sn1S4,stannite,-0.4632,0.5787,0.436,PBEsol
Ag2Ba0.5Zn0.5Sn1Se4,kesterite,-0.4326,0.6988,0.255,PBEsol
Ag2Ba0.5Zn0.5Sn1Se4,stannite,-0.4102,0.878,0.732,PBEsol
Ag2Ba0.5Zn0.5Sn1Te4,kesterite,-0.2526,,0.163,PBEsol
Ag2Ba0.5Zn0.5Sn1Te4,stannite,-0.2425,,0.288,PBEsol
Ag2Ba0.5Zn0.5Zr1S4,kesterite,-0.8408,0.977,1.322,PBEsol
Ag2Ba0.5Zn0.5Zr1S4,stannite,-0.8201,1.1433,1.123,PBEsol
Ag2Ba0.5Zn0.5Zr1Se4,kesterite,-0.706,1.4673,1.007,PBEsol
Ag2Ba0.5Zn0.5Zr1Se4,stannite,-0.6882,1.6098,0.787,PBEsol
Ag2Ba0.5Zn0.5Zr1Te4,kesterite,-0.317,2.3911,0.549,PBEsol
Ag2Ba0.5Zn0.5Zr1Te4,stannite,-0.3082,2.462,0.374,PBEsol
Ag2Ba1Ge0.5Zr0.5S4,kesterite,-0.8125,0.6408,1.169,PBEsol
Ag2Ba1Ge0.5Zr0.5S4,stannite,-0.8883,0.0344,1.33,PBEsol
Ag2Ba1Ge0.5Zr0.5Se4,kesterite,-0.7096,1.1375,0.776,PBEsol
Ag2Ba1Ge0.5Zr0.5Se4,stannite,-0.7559,0.7678,0.896,PBEsol
Ag2Ba1Ge0.5Zr0.5Te4,kesterite,-0.4291,,0.445,PBEsol
Ag2Ba1Ge1S1Se1Te2,stannite,-0.5695,,0.189,PBEsol
Ag2Ba1Ge1S1Se3,kesterite,-0.5751,0.558,0.597,PBEsol
Ag2Ba1Ge1S1Te3,kesterite,-0.3734,,0.265,PBEsol
Ag2Ba1Ge1S2Se2,kesterite,-0.5814,0.534,0.764,PBEsol
Ag2Ba1Ge1S2Se2,stannite,-0.7384,-0.7216,0.278,PBEsol
Ag2Ba1Ge1S3Se1,kesterite,-0.6131,0.3263,0.862,PBEsol
Ag2Ba1Ge1S3Se1,stannite,-0.7592,-0.8425,0.338,PBEsol
Ag2Ba1Ge1S4,kesterite,-0.6285,0.2828,0.926,PBEsol
Ag2Ba1Ge1S4,stannite,-0.7828,-0.9516,0.706,PBEsol
Ag2Ba1Ge1Se2Te2,stannite,-0.568,,0.064,PBEsol
Ag2Ba1Ge1Se4,kesterite,-0.538,0.8623,0.796,PBEsol
Ag2Ba1Ge1Se4,stannite,-0.7103,-0.5161,0.121,PBEsol
Ag2Ba1Ge1Te4,kesterite,-0.3126,,0.201,PBEsol
Ag2Ba1Ge1Te4,stannite,-0.4569,,0.248,PBEsol
Ag2Ba1Sn0.5Ge0.5S4,kesterite,-0.6326,0.3706,0.911,PBEsol
Ag2Ba1Sn0.5Ge0.5S4,stannite,-0.7254,-0.3721,1.22,PBEsol
Ag2Ba1Sn0.5Ge0.5Se4,kesterite,-0.5629,0.8331,0.412,PBEsol
Ag2Ba1Sn0.5Ge0.5Se4,stannite,-0.6296,0.2995,0.733,PBEsol
Ag2Ba1Sn0.5Zr0.5S4,kesterite,-0.7832,1.0131,1.2,PBEsol
Ag2Ba1Sn0.5Zr0.5S4,stannite,-0.8098,0.8,1.198,PBEsol
Ag2Ba1Sn0.5Zr0.5Se4,kesterite,-0.631,1.9548,0.865,PBEsol
Ag2Ba1Sn0.5Zr0.5Se4,stannite,-0.649,1.8112,0.811,PBEsol
Ag2Ba1Sn0.5Zr0.5Te4,stannite,-0.2248,,0.638,PBEsol
Ag2Ba1Sn1S1Se1Te2,stannite,-0.5397,,0.624,PBEsol
Ag2Ba1Sn1S1Se3,stannite,-0.6897,-0.0068,0.706,PBEsol
Ag2Ba1Sn1S1Te3,kesterite,-0.424,,0.111,PBEsol
Ag2Ba1Sn1S1Te3,stannite,-0.4846,,0.602,PBEsol
Ag2Ba1Sn1S2Se1Te1,kesterite,-0.548,,0.184,PBEsol
Ag2Ba1Sn1S2Se1Te1,stannite,-0.65,,0.8,PBEsol
Ag2Ba1Sn1S2Se2,kesterite,-0.6106,0.6263,0.679,PBEsol
Ag2Ba1Sn1S2Se2,stannite,-0.7095,-0.1649,0.862,PBEsol
Ag2Ba1Sn1S2Te2,kesterite,-0.4716,,0.4,PBEsol
Ag2Ba1Sn1S2Te2,stannite,-0.5995,,0.841,PBEsol
Ag2Ba1Sn1S3Se1,stannite,-0.7207,-0.2333,0.877,PBEsol
Ag2Ba1Sn1S3Te1,kesterite,-0.5652,,0.13,PBEsol
Ag2Ba1Sn1S3Te1,stannite,-0.666,,0.825,PBEsol
Ag2Ba1Sn1S4,kesterite,-0.6409,0.4595,0.931,PBEsol
Ag2Ba1Sn1S4,stannite,-0.7658,-0.5393,0.126,PBEsol
Ag2Ba1Sn1Se1Te3,kesterite,-0.4088,,0.121,PBEsol
Ag2Ba1Sn1Se2Te2,kesterite,-0.4584,,0.287,PBEsol
Ag2Ba1Sn1Se2Te2,stannite,-0.583,,0.683,PBEsol
Ag2Ba1Sn1Se3Te1,kesterite,-0.5297,,0.177,PBEsol
Ag2Ba1Sn1Se3Te1,stannite,-0.6326,,0.541,PBEsol
Ag2Ba1Sn1Se4,kesterite,-0.5661,1.0139,0.072,PBEsol
Ag2Ba1Sn1Se4,stannite,-0.6833,0.0767,0.565,PBEsol
Ag2Ba1Sn1Te4,kesterite,-0.3674,,0.288,PBEsol
Ag2Ba1Sn1Te4,stannite,-0.4798,,0.312,PBEsol
Ag2Ba1Zr1S1Se1Te2,kesterite,-0.7387,1.538,0.555,PBEsol
Ag2Ba1Zr1S1Se1Te2,stannite,-0.7747,1.2504,1.153,PBEsol
Ag2Ba1Zr1S1Se2Te1,kesterite,-0.8264,1.3853,0.702,PBEsol
Ag2Ba1Zr1S1Se3,kesterite,-0.8522,1.7644,1.169,PBEsol
Ag2Ba1Zr1S1Se3,stannite,-0.9978,0.5998,0.482,PBEsol
Ag2Ba1Zr1S1Te3,stannite,-0.698,1.3518,1.062,PBEsol
Ag2Ba1Zr1S2Se1Te1,kesterite,-0.8481,1.3392,0.808,PBEsol
Ag2Ba1Zr1S2Se1Te1,stannite,-0.9216,0.7505,1.157,PBEsol
Ag2Ba1Zr1S2Se2,kesterite,-0.9381,1.1942,1.421,PBEsol
Ag2Ba1Zr1S2Se2,stannite,-1.0068,0.645,1.336,PBEsol
Ag2Ba1Zr1S2Te2,kesterite,-0.7376,1.7009,0.977,PBEsol
Ag2Ba1Zr1S2Te2,stannite,-0.7286,1.7727,0.864,PBEsol
Ag2Ba1Zr1S3Se1,kesterite,-0.9684,1.0892,1.364,PBEsol
Ag2Ba1Zr1S3Te1,kesterite,-0.8781,1.2625,0.709,PBEsol
Ag2Ba1Zr1S4,kesterite,-0.9664,1.2754,1.432,PBEsol
Ag2Ba1Zr1S4,stannite,-0.986,1.118,1.444,PBEsol
Ag2Ba1Zr1Se2Te2,kesterite,-0.7035,1.7199,0.963,PBEsol
Ag2Ba1Zr1Se2Te2,stannite,-0.7624,1.2483,1.167,PBEsol
Ag2Ba1Zr1Se3Te1,kesterite,-0.7923,1.5682,0.838,PBEsol
Ag2Ba1Zr1Se4,kesterite,-0.7824,2.2392,1.11,PBEsol
Ag2Ba1Zr1Se4,stannite,-0.8028,2.0761,1.187,PBEsol
Ag2Ba1Zr1Te4,kesterite,-0.5192,2.1499,0.668,PBEsol
Ag2Ba1Zr1Te4,stannite,-0.6139,1.3927,0.162,PBEsol
Ag2Ca0.5Ba0.5Ge1S4,kesterite,-0.6385,0.2874,1.203,PBEsol
Ag2Ca0.5Ba0.5Ge1S4,stannite,-0.6909,-0.1322,1.371,PBEsol
Ag2Ca0.5Ba0.5Ge1Se4,kesterite,-0.5478,0.7751,0.688,PBEsol
Ag2Ca0.5Ba0.5Ge1Se4,stannite,-0.5884,0.45,0.817,PBEsol
Ag2Ca0.5Ba0.5Sn1S4,kesterite,-0.628,0.647,1.105,PBEsol
Ag2Ca0.5Ba0.5Sn1S4,stannite,-0.6499,0.4717,1.09,PBEsol
Ag2Ca0.5Ba0.5Sn1Se4,kesterite,-0.5469,1.1584,0.674,PBEsol
Ag2Ca0.5Ba0.5Sn1Se4,stannite,-0.567,0.9978,0.658,PBEsol
Ag2Ca0.5Ba0.5Sn1Te4,kesterite,-0.3636,,0.381,PBEsol
Ag2Ca0.5Ba0.5Sn1Te4,stannite,-0.24,,0.679,PBEsol
Ag2Ca0.5Ba0.5Zr1S4,kesterite,-0.9866,1.1981,1.618,PBEsol
Ag2Ca0.5Ba0.5Zr1S4,stannite,-1.0245,0.8944,1.672,PBEsol
Ag2Ca0.5Ba0.5Zr1Se4,kesterite,-0.8378,1.7877,1.327,PBEsol
Ag2Ca0.5Ba0.5Zr1Se4,stannite,-0.8426,1.7494,1.255,PBEsol
Ag2Ca0.5Ba0.5Zr1Te4,kesterite,-0.3997,2.9795,0.865,PBEsol
Ag2Ca0.5Ba0.5Zr1Te4,stannite,-0.5467,1.8036,1.017,PBEsol
Ag2Ca0.5Cd0.5Ge1S4,kesterite,-0.4949,-0.046,1.14,PBEsol
Ag2Ca0.5Cd0.5Ge1S4,stannite,-0.4949,-0.0459,0.824,PBEsol
Ag2Ca0.5Cd0.5Ge1Se4,kesterite,-0.4197,0.3243,0.537,PBEsol
Ag2Ca0.5Cd0.5Ge1Se4,stannite,-0.4211,0.3131,0.27,PBEsol
Ag2Ca0.5Cd0.5Ge1Te4,kesterite,-0.1634,,0.487,PBEsol
Ag2Ca0.5Cd0.5Ge1Te4,stannite,-0.1682,,0.285,PBEsol
Ag2Ca0.5Cd0.5Sn1S4,kesterite,-0.4911,0.26,0.777,PBEsol
Ag2Ca0.5Cd0.5Sn1S4,stannite,-0.4903,0.2666,0.598,PBEsol
Ag2Ca0.5Cd0.5Sn1Se4,kesterite,-0.4274,0.639,0.349,PBEsol
Ag2Ca0.5Cd0.5Sn1Se4,stannite,-0.427,0.6427,0.195,PBEsol
Ag2Ca0.5Cd0.5Sn1Te4,stannite,-0.1348,,0.381,PBEsol
Ag2Ca0.5Cd0.5Zr1S4,kesterite,-0.8345,0.9325,1.561,PBEsol
Ag2Ca0.5Cd0.5Zr1S4,stannite,-0.8349,0.929,1.243,PBEsol
Ag2Ca0.5Cd0.5Zr1Se4,kesterite,-0.7204,1.2512,1.248,PBEsol
Ag2Ca0.5Cd0.5Zr1Se4,stannite,-0.7224,1.2354,0.937,PBEsol
Ag2Ca0.5Cd0.5Zr1Te4,kesterite,-0.2891,2.4806,0.811,PBEsol
Ag2Ca0.5Cd0.5Zr1Te4,stannite,-0.2914,2.4625,0.562,PBEsol
Ag2Ca0.5Sr0.5Ge1S4,kesterite,-0.6537,0.2621,1.272,PBEsol
Ag2Ca0.5Sr0.5Ge1S4,stannite,-0.6916,-0.0414,1.391,PBEsol
Ag2Ca0.5Sr0.5Ge1Se4,kesterite,-0.5584,0.7371,0.815,PBEsol
Ag2Ca0.5Sr0.5Ge1Se4,stannite,-0.5907,0.4783,0.851,PBEsol
Ag2Ca0.5Sr0.5Ge1Te4,stannite,-0.3005,,0.873,PBEsol
Ag2Ca0.5Sr0.5Sn0.5Ge0.5S2Te2,kesterite,-0.4738,,0.55,PBEsol
Ag2Ca0.5Sr0.5Sn1S4,kesterite,-0.6433,0.6212,1.125,PBEsol
Ag2Ca0.5Sr0.5Sn1S4,stannite,-0.685,0.2877,1.053,PBEsol
Ag2Ca0.5Sr0.5Sn1Se4,kesterite,-0.5611,1.0916,0.695,PBEsol
Ag2Ca0.5Sr0.5Sn1Se4,stannite,-0.578,0.9567,0.651,PBEsol
Ag2Ca0.5Sr0.5Sn1Te4,kesterite,-0.22,,0.722,PBEsol
Ag2Ca0.5Sr0.5Sn1Te4,stannite,-0.3954,,0.705,PBEsol
Ag2Ca0.5Sr0.5Zr1S4,kesterite,-0.998,1.2033,1.719,PBEsol
Ag2Ca0.5Sr0.5Zr1S4,stannite,-1.0105,1.1026,1.624,PBEsol
Ag2Ca0.5Sr0.5Zr1Se4,kesterite,-0.8457,1.771,1.424,PBEsol
Ag2Ca0.5Sr0.5Zr1Se4,stannite,-0.8536,1.7078,1.302,PBEsol
Ag2Ca0.5Sr0.5Zr1Te4,kesterite,-0.4067,2.9067,0.928,PBEsol
Ag2Ca0.5Sr0.5Zr1Te4,stannite,-0.4131,2.856,0.655,PBEsol
Ag2Ca0.5Zn0.5Ge1S4,kesterite,-0.5149,-0.0088,1.153,PBEsol
Ag2Ca0.5Zn0.5Ge1S4,stannite,-0.4919,0.1755,0.682,PBEsol
Ag2Ca0.5Zn0.5Ge1Se4,kesterite,-0.4318,0.3374,0.53,PBEsol
Ag2Ca0.5Zn0.5Ge1Se4,stannite,-0.4115,0.4998,0.145,PBEsol
Ag2Ca0.5Zn0.5Ge1Te4,kesterite,-0.1791,,0.462,PBEsol
Ag2Ca0.5Zn0.5Ge1Te4,stannite,-0.1723,,0.077,PBEsol
Ag2Ca0.5Zn0.5Sn1S4,kesterite,-0.5199,0.2274,0.772,PBEsol
Ag2Ca0.5Zn0.5Sn1S4,stannite,-0.4986,0.3973,0.512,PBEsol
Ag2Ca0.5Zn0.5Sn1Se4,kesterite,-0.4536,0.5398,0.362,PBEsol
Ag2Ca0.5Zn0.5Sn1Se4,stannite,-0.4379,0.6658,0.091,PBEsol
Ag2Ca0.5Zn0.5Sn1Te4,kesterite,-0.179,,0.522,PBEsol
Ag2Ca0.5Zn0.5Sn1Te4,stannite,-0.1704,,0.216,PBEsol
Ag2Ca0.5Zn0.5Zr1S4,kesterite,-0.8592,0.9322,1.517,PBEsol
Ag2Ca0.5Zn0.5Zr1S4,stannite,-0.8495,1.0096,1.231,PBEsol
Ag2Ca0.5Zn0.5Zr1Se4,kesterite,-0.7173,1.3862,1.187,PBEsol
Ag2Ca0.5Zn0.5Zr1Se4,stannite,-0.7101,1.4438,0.898,PBEsol
Ag2Ca0.5Zn0.5Zr1Te4,kesterite,-0.3328,2.1564,0.663,PBEsol
Ag2Ca0.5Zn0.5Zr1Te4,stannite,-0.3327,2.1571,0.509,PBEsol
Ag2Ca1Ge0.5Zr0.5S4,kesterite,-0.8309,0.698,1.511,PBEsol
Ag2Ca1Ge0.5Zr0.5S4,stannite,-0.8503,0.5429,1.514,PBEsol
Ag2Ca1Ge0.5Zr0.5Se4,kesterite,-0.7145,1.117,1.024,PBEsol
Ag2Ca1Ge0.5Zr0.5Se4,stannite,-0.7288,1.0026,1.016,PBEsol
Ag2Ca1Ge0.5Zr0.5Te4,kesterite,-0.42,,0.532,PBEsol
Ag2Ca1Ge0.5Zr0.5Te4,stannite,-0.3966,,0.831,PBEsol
Ag2Ca1Ge1S1Se1Te2,kesterite,-0.4783,,0.429,PBEsol
Ag2Ca1Ge1S1Se1Te2,stannite,-0.4823,,0.697,PBEsol
Ag2Ca1Ge1S1Se3,kesterite,-0.5856,0.5385,0.924,PBEsol
Ag2Ca1Ge1S1Se3,stannite,-0.6322,0.1659,0.777,PBEsol
Ag2Ca1Ge1S1Te3,kesterite,-0.3871,,0.519,PBEsol
Ag2Ca1Ge1S1Te3,stannite,-0.412,,0.621,PBEsol
Ag2Ca1Ge1S2Se1Te1,kesterite,-0.5321,,0.463,PBEsol
Ag2Ca1Ge1S2Se1Te1,stannite,-0.6173,,0.72,PBEsol
Ag2Ca1Ge1S2Se2,kesterite,-0.6072,0.4389,1.097,PBEsol
Ag2Ca1Ge1S2Se2,stannite,-0.6677,-0.0452,1.051,PBEsol
Ag2Ca1Ge1S2Te2,stannite,-0.5604,,0.778,PBEsol
Ag2Ca1Ge1S3Te1,kesterite,-0.5526,,0.447,PBEsol
Ag2Ca1Ge1S4,kesterite,-0.6372,0.4179,1.161,PBEsol
Ag2Ca1Ge1S4,stannite,-0.6873,0.0169,1.478,PBEsol
Ag2Ca1Ge1Se1Te3,kesterite,-0.346,,0.597,PBEsol
Ag2Ca1Ge1Se1Te3,stannite,-0.3854,,0.682,PBEsol
Ag2Ca1Ge1Se3Te1,stannite,-0.5564,,0.692,PBEsol
Ag2Ca1Ge1Se4,kesterite,-0.5624,0.6854,0.786,PBEsol
Ag2Ca1Ge1Se4,stannite,-0.5973,0.4059,0.836,PBEsol
Ag2Ca1Ge1Te4,kesterite,-0.2983,,0.371,PBEsol
Ag2Ca1Ge1Te4,stannite,-0.3536,,0.637,PBEsol
Ag2Ca1Sn0.5Ge0.5S4,kesterite,-0.6583,0.3692,1.183,PBEsol
Ag2Ca1Sn0.5Ge0.5S4,stannite,-0.6799,0.1962,1.216,PBEsol
Ag2Ca1Sn0.5Ge0.5Se4,kesterite,-0.5783,0.7283,0.75,PBEsol
Ag2Ca1Sn0.5Ge0.5Se4,stannite,-0.5972,0.5771,0.694,PBEsol
Ag2Ca1Sn0.5Ge0.5Te4,kesterite,-0.3025,,0.639,PBEsol
Ag2Ca1Sn0.5Ge0.5Te4,stannite,-0.3248,,0.753,PBEsol
Ag2Ca1Sn0.5Zr0.5S4,kesterite,-0.8241,0.8905,1.458,PBEsol
Ag2Ca1Sn0.5Zr0.5S4,stannite,-0.8345,0.807,1.242,PBEsol
Ag2Ca1Sn0.5Zr0.5Se4,kesterite,-0.7051,1.3802,1.111,PBEsol
Ag2Ca1Sn0.5Zr0.5Se4,stannite,-0.7138,1.3108,0.874,PBEsol
Ag2Ca1Sn0.5Zr0.5Te4,kesterite,-0.412,,0.865,PBEsol
Ag2Ca1Sn0.5Zr0.5Te4,stannite,-0.3306,,0.777,PBEsol
Ag2Ca1Sn1S1Se1Te2,kesterite,-0.4874,,0.311,PBEsol
Ag2Ca1Sn1S1Se1Te2,stannite,-0.5052,,0.605,PBEsol
Ag2Ca1Sn1S1Se2Te1,kesterite,-0.5506,,0.269,PBEsol
Ag2Ca1Sn1S1Se2Te1,stannite,-0.5292,,0.511,PBEsol
Ag2Ca1Sn1S1Se3,kesterite,-0.6145,0.6593,0.705,PBEsol
Ag2Ca1Sn1S1Se3,stannite,-0.6331,0.5105,0.73,PBEsol
Ag2Ca1Sn1S1Te3,stannite,-0.4646,,0.658,PBEsol
Ag2Ca1Sn1S2Se1Te1,kesterite,-0.5575,,0.375,PBEsol
Ag2Ca1Sn1S2Se1Te1,stannite,-0.6365,,0.629,PBEsol
Ag2Ca1Sn1S2Se2,kesterite,-0.6269,0.6074,0.888,PBEsol
Ag2Ca1Sn1S2Te2,kesterite,-0.4908,,0.601,PBEsol
Ag2Ca1Sn1S2Te2,stannite,-0.6007,,0.801,PBEsol
Ag2Ca1Sn1S3Se1,kesterite,-0.6437,0.5406,0.895,PBEsol
Ag2Ca1Sn1S3Se1,stannite,-0.6637,0.3805,0.924,PBEsol
Ag2Ca1Sn1S3Te1,stannite,-0.6314,,0.594,PBEsol
Ag2Ca1Sn1S4,kesterite,-0.6615,0.4994,1.066,PBEsol
Ag2Ca1Sn1S4,stannite,-0.6787,0.3618,1.088,PBEsol
Ag2Ca1Sn1Se1Te3,kesterite,-0.412,,0.452,PBEsol
Ag2Ca1Sn1Se2Te2,kesterite,-0.4753,,0.518,PBEsol
Ag2Ca1Sn1Se3Te1,kesterite,-0.5387,,0.336,PBEsol
Ag2Ca1Sn1Se4,kesterite,-0.6006,0.7561,0.654,PBEsol
Ag2Ca1Sn1Se4,stannite,-0.617,0.6244,0.537,PBEsol
Ag2Ca1Sn1Te4,kesterite,-0.3345,,0.227,PBEsol
Ag2Ca1Sn1Te4,stannite,-0.3732,,0.737,PBEsol
Ag2Ca1Zr1S1Se1Te2,kesterite,-0.7232,1.6092,0.724,PBEsol
Ag2Ca1Zr1S1Se1Te2,stannite,-0.7351,1.5144,1.117,PBEsol
Ag2Ca1Zr1S1Se2Te1,kesterite,-0.8135,1.4941,0.932,PBEsol
Ag2Ca1Zr1S1Se2Te1,stannite,-0.8285,1.3741,1.2,PBEsol
Ag2Ca1Zr1S1Se3,kesterite,-0.9059,1.3994,1.45,PBEsol
Ag2Ca1Zr1S1Se3,stannite,-0.895,1.4867,1.35,PBEsol
Ag2Ca1Zr1S1Te3,kesterite,-0.6386,1.7154,0.926,PBEsol
Ag2Ca1Zr1S1Te3,stannite,-0.6626,1.5234,1.144,PBEsol
Ag2Ca1Zr1S2Se1Te1,kesterite,-0.8443,1.4214,1.006,PBEsol
Ag2Ca1Zr1S2Se2,kesterite,-0.9235,1.4221,1.547,PBEsol
Ag2Ca1Zr1S2Se2,stannite,-0.9579,1.1472,1.565,PBEsol
Ag2Ca1Zr1S2Te2,kesterite,-0.7527,1.5738,1.187,PBEsol
Ag2Ca1Zr1S3Se1,stannite,-0.9727,1.2119,1.49,PBEsol
Ag2Ca1Zr1S3Te1,kesterite,-0.8767,1.3723,0.876,PBEsol
Ag2Ca1Zr1S4,kesterite,-1.0,1.2102,1.767,PBEsol
Ag2Ca1Zr1S4,stannite,-1.0098,1.132,1.642,PBEsol
Ag2Ca1Zr1Se1Te3,stannite,-0.6227,1.6687,1.044,PBEsol
Ag2Ca1Zr1Se2Te2,kesterite,-0.6347,2.1707,1.138,PBEsol
Ag2Ca1Zr1Se3Te1,kesterite,-0.7409,1.9384,0.963,PBEsol
Ag2Ca1Zr1Se3Te1,stannite,-0.7983,1.4798,1.25,PBEsol
Ag2Ca1Zr1Se4,kesterite,-0.8462,1.7469,1.482,PBEsol
Ag2Ca1Zr1Se4,stannite,-0.8544,1.682,1.323,PBEsol
Ag2Ca1Zr1Te4,kesterite,-0.4118,2.7922,0.978,PBEsol
Ag2Ca1Zr1Te4,stannite,-0.5104,2.003,0.91,PBEsol
Ag2Cd1Ge0.5Zr0.5S4,kesterite,-0.5023,0.1581,1.194,PBEsol
Ag2Cd1Ge0.5Zr0.5S4,stannite,-0.496,0.2085,0.945,PBEsol
Ag2Cd1Ge0.5Zr0.5Se4,kesterite,-0.4212,0.4939,0.746,PBEsol
Ag2Cd1Ge0.5Zr0.5Se4,stannite,-0.4141,0.551,0.543,PBEsol
Ag2Cd1Ge0.5Zr0.5Te4,stannite,-0.1509,,0.289,PBEsol
Ag2Cd1Ge1S1Se1Te2,kesterite,-0.1938,,0.119,PBEsol
Ag2Cd1Ge1S1Se1Te2,stannite,-0.1697,,0.013,PBEsol
Ag2Cd1Ge1S1Se2Te1,kesterite,-0.2401,,0.149,PBEsol
Ag2Cd1Ge1S1Se2Te1,stannite,-0.2321,,0.006,PBEsol
Ag2Cd1Ge1S1Se3,kesterite,-0.2921,-0.1325,0.382,PBEsol
Ag2Cd1Ge1S1Se3,stannite,-0.2845,-0.0711,0.048,PBEsol
Ag2Cd1Ge1S1Te3,kesterite,-0.1482,,0.186,PBEsol
Ag2Cd1Ge1S1Te3,stannite,-0.1149,,0.021,PBEsol
Ag2Cd1Ge1S2Se1Te1,kesterite,-0.246,,0.258,PBEsol
Ag2Cd1Ge1S2Se1Te1,stannite,-0.2374,,0.004,PBEsol
Ag2Cd1Ge1S2Se2,kesterite,-0.3039,-0.2036,0.538,PBEsol
Ag2Cd1Ge1S2Se2,stannite,-0.2958,-0.1388,0.196,PBEsol
Ag2Cd1Ge1S2Te2,kesterite,-0.1941,,0.309,PBEsol
Ag2Cd1Ge1S2Te2,stannite,-0.1729,,0.425,PBEsol
Ag2Cd1Ge1S3Se1,kesterite,-0.3193,-0.2841,0.689,PBEsol
Ag2Cd1Ge1S3Se1,stannite,-0.3117,-0.2233,0.293,PBEsol
Ag2Cd1Ge1S3Te1,kesterite,-0.2561,,0.186,PBEsol
Ag2Cd1Ge1S3Te1,stannite,-0.2441,,0.005,PBEsol
Ag2Cd1Ge1S4,kesterite,-0.338,-0.3568,0.823,PBEsol
Ag2Cd1Ge1S4,stannite,-0.3319,-0.3084,0.423,PBEsol
Ag2Cd1Ge1Se1Te3,stannite,-0.1102,,0.09,PBEsol
Ag2Cd1Ge1Se2Te2,kesterite,-0.1895,,0.098,PBEsol
Ag2Cd1Ge1Se2Te2,stannite,-0.1612,,0.279,PBEsol
Ag2Cd1Ge1Se3Te1,kesterite,-0.2353,,0.057,PBEsol
Ag2Cd1Ge1Se3Te1,stannite,-0.2159,,0.006,PBEsol
Ag2Cd1Ge1Se4,kesterite,-0.2856,-0.0696,0.178,PBEsol
Ag2Cd1Ge1Se4,stannite,-0.2804,-0.0278,1.075,PBEsol
Ag2Cd1Ge1Te4,kesterite,-0.099,,0.043,PBEsol
Ag2Cd1Ge1Te4,stannite,-0.0969,,0.07,PBEsol
Ag2Cd1Sn0.5Ge0.5S4,kesterite,-0.3375,-0.2334,0.575,PBEsol
Ag2Cd1Sn0.5Ge0.5S4,stannite,-0.331,-0.1807,0.359,PBEsol
Ag2Cd1Sn0.5Ge0.5Se4,kesterite,-0.3024,-0.0336,0.048,PBEsol
Ag2Cd1Sn0.5Ge0.5Te4,kesterite,-0.0914,,0.227,PBEsol
Ag2Cd1Sn0.5Ge0.5Te4,stannite,-0.0858,,0.016,PBEsol
Ag2Cd1Sn0.5Zr0.5S4,kesterite,-0.4978,0.3324,1.122,PBEsol
Ag2Cd1Sn0.5Zr0.5S4,stannite,-0.4942,0.3611,0.917,PBEsol
Ag2Cd1Sn0.5Zr0.5Se4,kesterite,-0.409,0.7795,0.754,PBEsol
Ag2Cd1Sn0.5Zr0.5Se4,stannite,-0.4051,0.8108,0.578,PBEsol
Ag2Cd1Sn0.5Zr0.5Te4,stannite,-0.0845,,0.387,PBEsol
Ag2Cd1Sn1S1Se1Te2,kesterite,-0.2298,,0.029,PBEsol
Ag2Cd1Sn1S1Se1Te2,stannite,-0.1565,,0.023,PBEsol
Ag2Cd1Sn1S1Se2Te1,kesterite,-0.2721,,0.063,PBEsol
Ag2Cd1Sn1S1Se2Te1,stannite,-0.2226,,0.342,PBEsol
Ag2Cd1Sn1S1Se3,kesterite,-0.3235,-0.0318,0.047,PBEsol
Ag2Cd1Sn1S1Se3,stannite,-0.2897,0.2384,0.038,PBEsol
Ag2Cd1Sn1S1Te3,kesterite,-0.183,,0.039,PBEsol
Ag2Cd1Sn1S1Te3,stannite,-0.1782,,0.105,PBEsol
Ag2Cd1Sn1S2Se1Te1,kesterite,-0.2724,,0.023,PBEsol
Ag2Cd1Sn1S2Se1Te1,stannite,-0.2649,,0.002,PBEsol
Ag2Cd1Sn1S2Se2,kesterite,-0.3261,-0.0548,0.195,PBEsol
Ag2Cd1Sn1S2Se2,stannite,-0.2998,0.1551,0.025,PBEsol
Ag2Cd1Sn1S2Te2,kesterite,-0.2244,,0.085,PBEsol
Ag2Cd1Sn1S2Te2,stannite,-0.2127,,0.393,PBEsol
Ag2Cd1Sn1S3Se1,kesterite,-0.3335,-0.0964,0.296,PBEsol
Ag2Cd1Sn1S3Se1,stannite,-0.3133,0.0654,0.119,PBEsol
Ag2Cd1Sn1S3Te1,kesterite,-0.276,,0.032,PBEsol
Ag2Cd1Sn1S3Te1,stannite,-0.2441,,0.003,PBEsol
Ag2Cd1Sn1S4,kesterite,-0.338,-0.0815,0.399,PBEsol
Ag2Cd1Sn1S4,stannite,-0.3376,-0.0781,0.213,PBEsol
Ag2Cd1Sn1Se1Te3,kesterite,-0.1905,,0.031,PBEsol
Ag2Cd1Sn1Se1Te3,stannite,-0.1854,,0.085,PBEsol
Ag2Cd1Sn1Se2Te2,kesterite,-0.229,,0.546,PBEsol
Ag2Cd1Sn1Se2Te2,stannite,-0.2213,,0.273,PBEsol
Ag2Cd1Sn1Se3Te1,kesterite,-0.2731,,0.063,PBEsol
Ag2Cd1Sn1Se3Te1,stannite,-0.2121,,0.086,PBEsol
Ag2Cd1Sn1Se4,kesterite,-0.3216,0.0188,0.066,PBEsol
Ag2Cd1Sn1Se4,stannite,-0.3166,0.0585,0.0,PBEsol
Ag2Cd1Sn1Te4,kesterite,-0.1271,,0.042,PBEsol
Ag2Cd1Sn1Te4,stannite,-0.1246,,0.097,PBEsol
Ag2Cd1Zr1S1Se1Te2,kesterite,-0.4423,1.0466,0.687,PBEsol
Ag2Cd1Zr1S1Se1Te2,stannite,-0.3841,1.5123,0.371,PBEsol
Ag2Cd1Zr1S1Se2Te1,stannite,-0.4792,1.2547,0.497,PBEsol
Ag2Cd1Zr1S1Se3,stannite,-0.569,1.0762,0.945,PBEsol
Ag2Cd1Zr1S1Te3,stannite,-0.3702,1.1578,0.432,PBEsol
Ag2Cd1Zr1S2Se1Te1,kesterite,-0.54,0.8915,0.901,PBEsol
Ag2Cd1Zr1S2Se1Te1,stannite,-0.5113,1.1216,0.487,PBEsol
Ag2Cd1Zr1S2Se2,kesterite,-0.6022,0.9237,1.358,PBEsol
Ag2Cd1Zr1S2Se2,stannite,-0.6001,0.9409,1.064,PBEsol
Ag2Cd1Zr1S2Te2,kesterite,-0.4644,1.0205,0.961,PBEsol
Ag2Cd1Zr1S2Te2,stannite,-0.4231,1.351,0.573,PBEsol
Ag2Cd1Zr1S3Se1,kesterite,-0.6462,0.7054,1.402,PBEsol
Ag2Cd1Zr1S3Se1,stannite,-0.6325,0.8153,1.054,PBEsol
Ag2Cd1Zr1S3Te1,kesterite,-0.5651,0.8518,0.876,PBEsol
Ag2Cd1Zr1S3Te1,stannite,-0.563,0.8684,0.459,PBEsol
Ag2Cd1Zr1S4,kesterite,-0.6663,0.7114,1.519,PBEsol
Ag2Cd1Zr1S4,stannite,-0.6639,0.7308,1.264,PBEsol
Ag2Cd1Zr1Se1Te3,kesterite,-0.3526,1.1745,0.782,PBEsol
Ag2Cd1Zr1Se1Te3,stannite,-0.3506,1.1906,0.462,PBEsol
Ag2Cd1Zr1Se2Te2,kesterite,-0.3532,1.6623,0.858,PBEsol
Ag2Cd1Zr1Se2Te2,stannite,-0.4215,1.116,0.627,PBEsol
Ag2Cd1Zr1Se3Te1,kesterite,-0.4941,1.0482,0.887,PBEsol
Ag2Cd1Zr1Se3Te1,stannite,-0.4919,1.0661,0.49,PBEsol
Ag2Cd1Zr1Se4,kesterite,-0.5377,1.246,1.244,PBEsol
Ag2Cd1Zr1Se4,stannite,-0.5353,1.2654,0.961,PBEsol
Ag2Cd1Zr1Te4,kesterite,-0.1574,2.2765,0.673,PBEsol
Ag2Cd1Zr1Te4,stannite,-0.1579,2.2726,0.568,PBEsol
Ag2Mg0.5Ba0.5Ge1S4,kesterite,-0.5689,0.1327,1.095,PBEsol
Ag2Mg0.5Ba0.5Ge1S4,stannite,-0.5686,0.1348,0.998,PBEsol
Ag2Mg0.5Ba0.5Ge1Se4,kesterite,-0.4827,0.4759,0.557,PBEsol
Ag2Mg0.5Ba0.5Ge1Se4,stannite,-0.4854,0.4544,0.419,PBEsol
Ag2Mg0.5Ba0.5Ge1Te4,stannite,-0.2495,,0.348,PBEsol
Ag2Mg0.5Ba0.5Sn0.5Ge0.5S2Se2,kesterite,-0.5372,0.3049,0.686,PBEsol
Ag2Mg0.5Ba0.5Sn0.5Ge0.5S2Se2,stannite,-0.5412,0.2733,0.443,PBEsol
Ag2Mg0.5Ba0.5Sn1S4,kesterite,-0.5591,0.4866,0.881,PBEsol
Ag2Mg0.5Ba0.5Sn1S4,stannite,-0.5509,0.5525,0.759,PBEsol
Ag2Mg0.5Ba0.5Sn1Se4,kesterite,-0.4516,1.1013,0.488,PBEsol
Ag2Mg0.5Ba0.5Sn1Se4,stannite,-0.4474,1.1354,0.366,PBEsol
Ag2Mg0.5Ba0.5Sn1Te4,kesterite,-0.2908,,0.368,PBEsol
Ag2Mg0.5Ba0.5Sn1Te4,stannite,-0.1145,,0.5,PBEsol
Ag2Mg0.5Ba0.5Zr1S4,kesterite,-0.9296,0.942,1.715,PBEsol
Ag2Mg0.5Ba0.5Zr1S4,stannite,-0.9288,0.9483,1.588,PBEsol
Ag2Mg0.5Ba0.5Zr1Se4,kesterite,-0.7976,1.2891,1.354,PBEsol
Ag2Mg0.5Ba0.5Zr1Se4,stannite,-0.7302,1.8287,1.174,PBEsol
Ag2Mg0.5Ba0.5Zr1Te4,kesterite,-0.4584,1.6818,0.877,PBEsol
Ag2Mg0.5Ba0.5Zr1Te4,stannite,-0.2645,3.233,0.536,PBEsol
Ag2Mg0.5Ca0.5Ge1S4,kesterite,-0.5941,0.0328,1.359,PBEsol
Ag2Mg0.5Ca0.5Ge1S4,stannite,-0.5897,0.0684,1.016,PBEsol
Ag2Mg0.5Ca0.5Ge1Se4,kesterite,-0.5,0.3467,0.736,PBEsol
Ag2Mg0.5Ca0.5Ge1Se4,stannite,-0.4973,0.3687,0.422,PBEsol
Ag2Mg0.5Ca0.5Ge1Te4,kesterite,-0.23,,0.579,PBEsol
Ag2Mg0.5Ca0.5Ge1Te4,stannite,-0.2345,,0.438,PBEsol
Ag2Mg0.5Ca0.5Sn1S4,kesterite,-0.5911,0.3327,0.994,PBEsol
Ag2Mg0.5Ca0.5Sn1S4,stannite,-0.586,0.3736,0.771,PBEsol
Ag2Mg0.5Ca0.5Sn1Se4,kesterite,-0.5139,0.6125,0.553,PBEsol
Ag2Mg0.5Ca0.5Sn1Se4,stannite,-0.5104,0.6404,0.344,PBEsol
Ag2Mg0.5Ca0.5Sn1Te4,kesterite,-0.2042,,0.672,PBEsol
Ag2Mg0.5Ca0.5Sn1Te4,stannite,-0.2055,,0.545,PBEsol
Ag2Mg0.5Ca0.5Zr1S4,kesterite,-0.9364,0.9896,1.805,PBEsol
Ag2Mg0.5Ca0.5Zr1S4,stannite,-0.9363,0.9904,1.682,PBEsol
Ag2Mg0.5Ca0.5Zr1Se4,kesterite,-0.8029,1.2561,1.534,PBEsol
Ag2Mg0.5Ca0.5Zr1Se4,stannite,-0.7838,1.4091,1.364,PBEsol
Ag2Mg0.5Ca0.5Zr1Te4,kesterite,-0.3657,2.3147,0.963,PBEsol
Ag2Mg0.5Ca0.5Zr1Te4,stannite,-0.3687,2.2902,0.776,PBEsol
Ag2Mg0.5Cd0.5Ge1S4,kesterite,-0.4373,-0.2973,1.031,PBEsol
Ag2Mg0.5Cd0.5Ge1S4,stannite,-0.4252,-0.2002,0.746,PBEsol
Ag2Mg0.5Cd0.5Ge1Se4,kesterite,-0.3636,-0.0463,0.392,PBEsol
Ag2Mg0.5Cd0.5Ge1Se4,stannite,-0.3509,0.0549,0.112,PBEsol
Ag2Mg0.5Cd0.5Ge1Te4,kesterite,-0.125,,0.395,PBEsol
Ag2Mg0.5Cd0.5Ge1Te4,stannite,-0.1171,,0.089,PBEsol
Ag2Mg0.5Cd0.5Sn1S4,kesterite,-0.435,-0.0029,0.661,PBEsol
Ag2Mg0.5Cd0.5Sn1S4,stannite,-0.4278,0.0552,0.448,PBEsol
Ag2Mg0.5Cd0.5Sn1Se4,kesterite,-0.3763,0.2279,0.199,PBEsol
Ag2Mg0.5Cd0.5Sn1Se4,stannite,-0.3685,0.2906,0.644,PBEsol
Ag2Mg0.5Cd0.5Sn1Te4,kesterite,-0.1043,,0.422,PBEsol
Ag2Mg0.5Cd0.5Sn1Te4,stannite,-0.0992,,0.18,PBEsol
Ag2Mg0.5Cd0.5Zr1S4,kesterite,-0.772,0.721,1.6,PBEsol
Ag2Mg0.5Cd0.5Zr1S4,stannite,-0.7688,0.7463,1.297,PBEsol
Ag2Mg0.5Cd0.5Zr1Se4,kesterite,-0.6341,1.1223,1.309,PBEsol
Ag2Mg0.5Cd0.5Zr1Se4,stannite,-0.6309,1.1477,0.961,PBEsol
Ag2Mg0.5Cd0.5Zr1Te4,kesterite,-0.2494,1.9698,0.746,PBEsol
Ag2Mg0.5Cd0.5Zr1Te4,stannite,-0.2477,1.9834,0.567,PBEsol
Ag2Mg0.5Sr0.5Ge1S4,kesterite,-0.5868,0.0856,1.232,PBEsol
Ag2Mg0.5Sr0.5Ge1S4,stannite,-0.5833,0.1137,1.033,PBEsol
Ag2Mg0.5Sr0.5Ge1Se4,kesterite,-0.4956,0.4195,0.658,PBEsol
Ag2Mg0.5Sr0.5Ge1Se4,stannite,-0.4979,0.4013,0.396,PBEsol
Ag2Mg0.5Sr0.5Ge1Te4,kesterite,-0.2156,,0.517,PBEsol
Ag2Mg0.5Sr0.5Ge1Te4,stannite,-0.2234,,0.42,PBEsol
Ag2Mg0.5Sr0.5Sn1S4,kesterite,-0.5774,0.4363,0.944,PBEsol
Ag2Mg0.5Sr0.5Sn1S4,stannite,-0.5716,0.4828,0.774,PBEsol
Ag2Mg0.5Sr0.5Sn1Se4,kesterite,-0.4713,0.9909,0.539,PBEsol
Ag2Mg0.5Sr0.5Sn1Se4,stannite,-0.4678,1.0189,0.388,PBEsol
Ag2Mg0.5Sr0.5Sn1Te4,kesterite,-0.1129,,0.585,PBEsol
Ag2Mg0.5Sr0.5Sn1Te4,stannite,-0.1375,,0.475,PBEsol
Ag2Mg0.5Sr0.5Zr1S4,kesterite,-0.9268,1.0611,1.709,PBEsol
Ag2Mg0.5Sr0.5Zr1S4,stannite,-0.9246,1.0785,1.609,PBEsol
Ag2Mg0.5Sr0.5Zr1Se4,kesterite,-0.75,1.7174,1.379,PBEsol
Ag2Mg0.5Sr0.5Zr1Se4,stannite,-0.7484,1.7301,1.25,PBEsol
Ag2Mg0.5Sr0.5Zr1Te4,kesterite,-0.4593,1.6581,0.931,PBEsol
Ag2Mg0.5Sr0.5Zr1Te4,stannite,-0.2841,3.0595,0.631,PBEsol
Ag2Mg0.5Zn0.5Ge1S4,kesterite,-0.4609,-0.2883,1.163,PBEsol
Ag2Mg0.5Zn0.5Ge1S4,stannite,-0.4369,-0.0963,0.744,PBEsol
Ag2Mg0.5Zn0.5Ge1Se4,kesterite,-0.3778,-0.05,0.409,PBEsol
Ag2Mg0.5Zn0.5Ge1Se4,stannite,-0.3539,0.1414,0.034,PBEsol
Ag2Mg0.5Zn0.5Ge1Te4,kesterite,-0.1404,,0.391,PBEsol
Ag2Mg0.5Zn0.5Ge1Te4,stannite,-0.122,,0.049,PBEsol
Ag2Mg0.5Zn0.5Sn1S1Se1Te2,kesterite,-0.3029,,0.229,PBEsol
Ag2Mg0.5Zn0.5Sn1S1Se1Te2,stannite,-0.3098,,0.037,PBEsol
Ag2Mg0.5Zn0.5Sn1S4,kesterite,-0.4632,-0.0313,0.686,PBEsol
Ag2Mg0.5Zn0.5Sn1S4,stannite,-0.4454,0.1117,0.424,PBEsol
Ag2Mg0.5Zn0.5Sn1Se4,kesterite,-0.413,0.0451,0.163,PBEsol
Ag2Mg0.5Zn0.5Sn1Se4,stannite,-0.3854,0.266,0.559,PBEsol
Ag2Mg0.5Zn0.5Sn1Te4,kesterite,-0.1478,,0.452,PBEsol
Ag2Mg0.5Zn0.5Sn1Te4,stannite,-0.1342,,0.049,PBEsol
Ag2Mg0.5Zn0.5Zr1S4,kesterite,-0.7979,0.7111,1.617,PBEsol
Ag2Mg0.5Zn0.5Zr1S4,stannite,-0.7886,0.7855,1.284,PBEsol
Ag2Mg0.5Zn0.5Zr1Se4,kesterite,-0.6565,1.0529,1.276,PBEsol
Ag2Mg0.5Zn0.5Zr1Se4,stannite,-0.6473,1.1267,0.938,PBEsol
Ag2Mg0.5Zn0.5Zr1Te4,kesterite,-0.2865,1.6985,0.704,PBEsol
Ag2Mg0.5Zn0.5Zr1Te4,stannite,-0.2805,1.746,0.541,PBEsol
Ag2Mg1Ge0.5Zr0.5S4,kesterite,-0.7047,0.2838,1.62,PBEsol
Ag2Mg1Ge0.5Zr0.5S4,stannite,-0.693,0.3778,1.257,PBEsol
Ag2Mg1Ge0.5Zr0.5Se4,kesterite,-0.5864,0.5022,1.088,PBEsol
Ag2Mg1Ge0.5Zr0.5Se4,stannite,-0.5764,0.5825,0.743,PBEsol
Ag2Mg1Ge0.5Zr0.5Te4,kesterite,-0.281,,0.678,PBEsol
Ag2Mg1Ge0.5Zr0.5Te4,stannite,-0.2764,,0.39,PBEsol
Ag2Mg1Ge1S1Se1Te2,kesterite,-0.3254,,0.456,PBEsol
Ag2Mg1Ge1S1Se1Te2,stannite,-0.3083,,0.05,PBEsol
Ag2Mg1Ge1S1Se2Te1,kesterite,-0.391,,0.407,PBEsol
Ag2Mg1Ge1S1Se2Te1,stannite,-0.3764,,0.013,PBEsol
Ag2Mg1Ge1S1Se3,kesterite,-0.4639,-0.0727,0.8,PBEsol
Ag2Mg1Ge1S1Se3,stannite,-0.4493,0.0436,0.364,PBEsol
Ag2Mg1Ge1S1Te3,kesterite,-0.2597,,0.57,PBEsol
Ag2Mg1Ge1S1Te3,stannite,-0.2481,,0.205,PBEsol
Ag2Mg1Ge1S2Se1Te1,kesterite,-0.4099,,0.497,PBEsol
Ag2Mg1Ge1S2Se1Te1,stannite,-0.3951,,0.009,PBEsol
Ag2Mg1Ge1S2Se2,kesterite,-0.4856,-0.1199,0.98,PBEsol
Ag2Mg1Ge1S2Se2,stannite,-0.4708,-0.0015,0.53,PBEsol
Ag2Mg1Ge1S2Te2,kesterite,-0.3394,,0.796,PBEsol
Ag2Mg1Ge1S2Te2,stannite,-0.3294,,0.209,PBEsol
Ag2Mg1Ge1S3Se1,kesterite,-0.5108,-0.1743,1.138,PBEsol
Ag2Mg1Ge1S3Se1,stannite,-0.4955,-0.0524,0.614,PBEsol
Ag2Mg1Ge1S3Te1,kesterite,-0.4305,,0.444,PBEsol
Ag2Mg1Ge1S3Te1,stannite,-0.415,,0.01,PBEsol
Ag2Mg1Ge1S4,kesterite,-0.5384,-0.2151,1.281,PBEsol
Ag2Mg1Ge1S4,stannite,-0.5231,-0.0933,0.916,PBEsol
Ag2Mg1Ge1Se1Te3,kesterite,-0.2459,,0.518,PBEsol
Ag2Mg1Ge1Se1Te3,stannite,-0.236,,0.118,PBEsol
Ag2Mg1Ge1Se2Te2,kesterite,-0.3199,,0.521,PBEsol
Ag2Mg1Ge1Se2Te2,stannite,-0.2979,,0.152,PBEsol
Ag2Mg1Ge1Se3Te1,kesterite,-0.3742,,0.447,PBEsol
Ag2Mg1Ge1Se3Te1,stannite,-0.361,,0.011,PBEsol
Ag2Mg1Ge1Se4,kesterite,-0.4454,-0.0186,0.581,PBEsol
Ag2Mg1Ge1Se4,stannite,-0.4323,0.0867,0.23,PBEsol
Ag2Mg1Ge1Te4,kesterite,-0.2049,,0.324,PBEsol
Ag2Mg1Ge1Te4,stannite,-0.2077,,0.062,PBEsol
Ag2Mg1Sn0.5Ge0.5S4,kesterite,-0.5378,-0.0908,1.019,PBEsol
Ag2Mg1Sn0.5Ge0.5S4,stannite,-0.5244,0.0167,0.751,PBEsol
Ag2Mg1Sn0.5Ge0.5Se4,kesterite,-0.46,0.0353,0.48,PBEsol
Ag2Mg1Sn0.5Ge0.5Se4,stannite,-0.4486,0.1262,0.161,PBEsol
Ag2Mg1Sn0.5Ge0.5Te4,kesterite,-0.2179,,0.346,PBEsol
Ag2Mg1Sn0.5Ge0.5Te4,stannite,-0.2115,,0.197,PBEsol
Ag2Mg1Sn0.5Zr0.5S4,kesterite,-0.7019,0.4446,1.52,PBEsol
Ag2Mg1Sn0.5Zr0.5S4,stannite,-0.6938,0.5094,1.089,PBEsol
Ag2Mg1Sn0.5Zr0.5Se4,kesterite,-0.5675,0.8421,1.19,PBEsol
Ag2Mg1Sn0.5Zr0.5Se4,stannite,-0.5603,0.8995,0.741,PBEsol
Ag2Mg1Sn0.5Zr0.5Te4,kesterite,-0.1778,,0.95,PBEsol
Ag2Mg1Sn0.5Zr0.5Te4,stannite,-0.1731,,0.636,PBEsol
Ag2Mg1Sn1S1Se1Te2,kesterite,-0.3186,,0.4,PBEsol
Ag2Mg1Sn1S1Se1Te2,stannite,-0.3075,,0.137,PBEsol
Ag2Mg1Sn1S1Se2Te1,kesterite,-0.3939,,0.395,PBEsol
Ag2Mg1Sn1S1Se2Te1,stannite,-0.3844,,0.445,PBEsol
Ag2Mg1Sn1S1Se3,kesterite,-0.4718,0.2151,0.573,PBEsol
Ag2Mg1Sn1S1Se3,stannite,-0.4615,0.2979,0.234,PBEsol
Ag2Mg1Sn1S1Te3,kesterite,-0.3094,,0.334,PBEsol
Ag2Mg1Sn1S1Te3,stannite,-0.2372,,0.227,PBEsol
Ag2Mg1Sn1S2Se1Te1,kesterite,-0.4139,,0.437,PBEsol
Ag2Mg1Sn1S2Se1Te1,stannite,-0.4044,,0.008,PBEsol
Ag2Mg1Sn1S2Se2,kesterite,-0.4916,0.1584,0.699,PBEsol
Ag2Mg1Sn1S2Se2,stannite,-0.4803,0.2484,0.35,PBEsol
Ag2Mg1Sn1S2Te2,kesterite,-0.3734,,0.553,PBEsol
Ag2Mg1Sn1S2Te2,stannite,-0.3666,,0.16,PBEsol
Ag2Mg1Sn1S3Se1,kesterite,-0.5115,0.1205,0.803,PBEsol
Ag2Mg1Sn1S3Se1,stannite,-0.5009,0.2054,0.439,PBEsol
Ag2Mg1Sn1S3Te1,kesterite,-0.4313,,0.367,PBEsol
Ag2Mg1Sn1S3Te1,stannite,-0.4213,,0.009,PBEsol
Ag2Mg1Sn1S4,kesterite,-0.5373,0.0689,0.835,PBEsol
Ag2Mg1Sn1S4,stannite,-0.527,0.1519,0.566,PBEsol
Ag2Mg1Sn1Se1Te3,kesterite,-0.3013,,0.295,PBEsol
Ag2Mg1Sn1Se1Te3,stannite,-0.2937,,0.061,PBEsol
Ag2Mg1Sn1Se2Te2,stannite,-0.2698,,0.158,PBEsol
Ag2Mg1Sn1Se3Te1,kesterite,-0.355,,0.426,PBEsol
Ag2Mg1Sn1Se3Te1,stannite,-0.3463,,0.036,PBEsol
Ag2Mg1Sn1Se4,kesterite,-0.4799,0.0825,0.301,PBEsol
Ag2Mg1Sn1Se4,stannite,-0.4683,0.1753,0.077,PBEsol
Ag2Mg1Sn1Te4,kesterite,-0.2263,,0.26,PBEsol
Ag2Mg1Sn1Te4,stannite,-0.2212,,0.078,PBEsol
Ag2Mg1Zr1S1Se1Te2,stannite,-0.544,1.4487,0.734,PBEsol
Ag2Mg1Zr1S1Se2Te1,kesterite,-0.6768,0.9985,1.147,PBEsol
Ag2Mg1Zr1S1Se2Te1,stannite,-0.6483,1.2264,0.908,PBEsol
Ag2Mg1Zr1S1Se3,kesterite,-0.7535,1.0332,1.605,PBEsol
Ag2Mg1Zr1S1Se3,stannite,-0.7498,1.0633,1.437,PBEsol
Ag2Mg1Zr1S1Te3,kesterite,-0.5034,1.1983,1.044,PBEsol
Ag2Mg1Zr1S1Te3,stannite,-0.4453,1.6634,0.718,PBEsol
Ag2Mg1Zr1S2Se1Te1,kesterite,-0.6893,1.1254,1.101,PBEsol
Ag2Mg1Zr1S2Se1Te1,stannite,-0.6868,1.1454,0.836,PBEsol
Ag2Mg1Zr1S2Se2,kesterite,-0.8048,0.8401,1.746,PBEsol
Ag2Mg1Zr1S2Se2,stannite,-0.8005,0.8747,1.542,PBEsol
Ag2Mg1Zr1S2Te2,stannite,-0.5862,1.3649,0.864,PBEsol
Ag2Mg1Zr1S3Se1,kesterite,-0.8317,0.8627,1.715,PBEsol
Ag2Mg1Zr1S3Se1,stannite,-0.8276,0.8954,1.539,PBEsol
Ag2Mg1Zr1S3Te1,kesterite,-0.7275,1.0847,1.06,PBEsol
Ag2Mg1Zr1S3Te1,stannite,-0.7256,1.0994,0.825,PBEsol
Ag2Mg1Zr1S4,kesterite,-0.8725,0.8072,1.899,PBEsol
Ag2Mg1Zr1S4,stannite,-0.8671,0.8502,1.741,PBEsol
Ag2Mg1Zr1Se1Te3,kesterite,-0.3708,2.032,1.006,PBEsol
Ag2Mg1Zr1Se1Te3,stannite,-0.3712,2.0285,0.8,PBEsol
Ag2Mg1Zr1Se2Te2,kesterite,-0.4836,1.7316,1.119,PBEsol
Ag2Mg1Zr1Se2Te2,stannite,-0.4827,1.7388,0.984,PBEsol
Ag2Mg1Zr1Se3Te1,kesterite,-0.5925,1.4825,1.134,PBEsol
Ag2Mg1Zr1Se3Te1,stannite,-0.5894,1.507,0.93,PBEsol
Ag2Mg1Zr1Se4,kesterite,-0.6991,1.2849,1.597,PBEsol
Ag2Mg1Zr1Se4,stannite,-0.6955,1.3132,1.442,PBEsol
Ag2Mg1Zr1Te4,kesterite,-0.2612,2.3397,0.964,PBEsol
Ag2Mg1Zr1Te4,stannite,-0.2591,2.3571,0.801,PBEsol
Ag2Sr0.5Ba0.5Ge1S4,kesterite,-0.639,0.2779,1.15,PBEsol
Ag2Sr0.5Ba0.5Ge1S4,stannite,-0.7194,-0.3653,1.388,PBEsol
Ag2Sr0.5Ba0.5Ge1Se4,kesterite,-0.5488,0.8044,0.627,PBEsol
Ag2Sr0.5Ba0.5Ge1Se4,stannite,-0.6077,0.3337,0.818,PBEsol
Ag2Sr0.5Ba0.5Ge1Te4,stannite,-0.3002,,0.83,PBEsol
Ag2Sr0.5Ba0.5Sn1S4,kesterite,-0.6147,0.7477,1.068,PBEsol
Ag2Sr0.5Ba0.5Sn1S4,stannite,-0.6435,0.5175,1.126,PBEsol
Ag2Sr0.5Ba0.5Sn1Se4,kesterite,-0.4947,1.6141,0.702,PBEsol
Ag2Sr0.5Ba0.5Sn1Se4,stannite,-0.5345,1.2954,0.829,PBEsol
Ag2Sr0.5Ba0.5Sn1Te4,kesterite,-0.368,,0.334,PBEsol
Ag2Sr0.5Ba0.5Sn1Te4,stannite,-0.1101,,1.012,PBEsol
Ag2Sr0.5Ba0.5Zr1S4,kesterite,-0.9766,1.2723,1.539,PBEsol
Ag2Sr0.5Ba0.5Zr1S4,stannite,-0.9928,1.1421,1.493,PBEsol
Ag2Sr0.5Ba0.5Zr1Se4,kesterite,-0.7904,2.2049,1.23,PBEsol
Ag2Sr0.5Ba0.5Zr1Se4,stannite,-0.8051,2.0868,1.22,PBEsol
Ag2Sr0.5Ba0.5Zr1Te4,kesterite,-0.5386,1.9603,0.921,PBEsol
Ag2Sr0.5Ba0.5Zr1Te4,stannite,-0.3072,3.8121,0.523,PBEsol
Ag2Sr0.5Cd0.5Ge1S4,kesterite,-0.4901,-0.0133,0.977,PBEsol
Ag2Sr0.5Cd0.5Ge1S4,stannite,-0.4906,-0.0176,0.772,PBEsol
Ag2Sr0.5Cd0.5Ge1Se4,kesterite,-0.4153,0.3972,0.486,PBEsol
Ag2Sr0.5Cd0.5Ge1Se4,stannite,-0.4175,0.3795,0.244,PBEsol
Ag2Sr0.5Cd0.5Ge1Te4,kesterite,-0.1531,,0.41,PBEsol
Ag2Sr0.5Cd0.5Ge1Te4,stannite,-0.1642,,0.233,PBEsol
Ag2Sr0.5Cd0.5Sn1S4,kesterite,-0.4843,0.309,0.725,PBEsol
Ag2Sr0.5Cd0.5Sn1S4,stannite,-0.4826,0.3223,0.571,PBEsol
Ag2Sr0.5Cd0.5Sn1Se4,kesterite,-0.4208,0.7295,0.304,PBEsol
Ag2Sr0.5Cd0.5Sn1Se4,stannite,-0.4212,0.7264,0.169,PBEsol
Ag2Sr0.5Cd0.5Sn1Te4,kesterite,-0.263,,0.176,PBEsol
Ag2Sr0.5Cd0.5Sn1Te4,stannite,-0.1219,,0.377,PBEsol
Ag2Sr0.5Cd0.5Zr1S4,kesterite,-0.8308,0.956,1.518,PBEsol
Ag2Sr0.5Cd0.5Zr1S4,stannite,-0.8293,0.9686,1.185,PBEsol
Ag2Sr0.5Cd0.5Zr1Se4,kesterite,-0.7234,1.2647,1.216,PBEsol
Ag2Sr0.5Cd0.5Zr1Se4,stannite,-0.6898,1.5334,0.899,PBEsol
Ag2Sr0.5Cd0.5Zr1Te4,kesterite,-0.413,1.5816,0.805,PBEsol
Ag2Sr0.5Cd0.5Zr1Te4,stannite,-0.2833,2.619,0.483,PBEsol
Ag2Sr0.5Zn0.5Ge1S4,kesterite,-0.5063,0.0547,1.006,PBEsol
Ag2Sr0.5Zn0.5Ge1S4,stannite,-0.4792,0.2711,0.61,PBEsol
Ag2Sr0.5Zn0.5Ge1Se4,kesterite,-0.4254,0.4267,0.447,PBEsol
Ag2Sr0.5Zn0.5Ge1Se4,stannite,-0.4046,0.5929,0.082,PBEsol
Ag2Sr0.5Zn0.5Ge1Te4,kesterite,-0.1683,,0.363,PBEsol
Ag2Sr0.5Zn0.5Ge1Te4,stannite,-0.1563,,0.214,PBEsol
Ag2Sr0.5Zn0.5Sn1S4,kesterite,-0.5089,0.3095,0.725,PBEsol
Ag2Sr0.5Zn0.5Sn1S4,stannite,-0.4871,0.484,0.469,PBEsol
Ag2Sr0.5Zn0.5Sn1Se4,kesterite,-0.4473,0.6281,0.309,PBEsol
Ag2Sr0.5Zn0.5Sn1Se4,stannite,-0.4291,0.7736,0.062,PBEsol
Ag2Sr0.5Zn0.5Sn1Te4,kesterite,-0.2611,,0.223,PBEsol
Ag2Sr0.5Zn0.5Sn1Te4,stannite,-0.1652,,0.127,PBEsol
Ag2Sr0.5Zn0.5Zr1S4,kesterite,-0.8544,0.9651,1.417,PBEsol
Ag2Sr0.5Zn0.5Zr1S4,stannite,-0.8408,1.0733,1.176,PBEsol
Ag2Sr0.5Zn0.5Zr1Se4,kesterite,-0.7158,1.436,1.096,PBEsol
Ag2Sr0.5Zn0.5Zr1Se4,stannite,-0.7047,1.5251,0.84,PBEsol
Ag2Sr0.5Zn0.5Zr1Te4,kesterite,-0.3277,2.2891,0.598,PBEsol
Ag2Sr0.5Zn0.5Zr1Te4,stannite,-0.324,2.3188,0.457,PBEsol
Ag2Sr1Ge0.5Zr0.5S4,kesterite,-0.8301,0.6931,1.37,PBEsol
Ag2Sr1Ge0.5Zr0.5S4,stannite,-0.8694,0.3784,1.423,PBEsol
Ag2Sr1Ge0.5Zr0.5Se4,stannite,-0.7464,0.9367,0.999,PBEsol
Ag2Sr1Ge0.5Zr0.5Te4,kesterite,-0.4279,,0.519,PBEsol
Ag2Sr1Ge1S1Se1Te2,stannite,-0.4808,,0.696,PBEsol
Ag2Sr1Ge1S1Se2Te1,kesterite,-0.5122,,0.287,PBEsol
Ag2Sr1Ge1S1Se2Te1,stannite,-0.6127,,0.298,PBEsol
Ag2Sr1Ge1S2Se1Te1,kesterite,-0.5329,,0.314,PBEsol
Ag2Sr1Ge1S2Se1Te1,stannite,-0.6479,,0.985,PBEsol
Ag2Sr1Ge1S2Se2,kesterite,-0.6004,0.5254,0.966,PBEsol
Ag2Sr1Ge1S2Se2,stannite,-0.7047,-0.3096,1.033,PBEsol
Ag2Sr1Ge1S2Te2,kesterite,-0.4569,,0.543,PBEsol
Ag2Sr1Ge1S2Te2,stannite,-0.566,,0.911,PBEsol
Ag2Sr1Ge1S3Te1,kesterite,-0.5584,,0.241,PBEsol
Ag2Sr1Ge1S3Te1,stannite,-0.6385,,0.908,PBEsol
Ag2Sr1Ge1S4,kesterite,-0.6247,0.5063,0.854,PBEsol
Ag2Sr1Ge1S4,stannite,-0.739,-0.4085,1.101,PBEsol
Ag2Sr1Ge1Se4,kesterite,-0.5574,0.8007,0.528,PBEsol
Ag2Sr1Ge1Se4,stannite,-0.6492,0.0661,0.589,PBEsol
Ag2Sr1Ge1Te4,kesterite,-0.3211,,0.369,PBEsol
Ag2Sr1Ge1Te4,stannite,-0.3895,,0.69,PBEsol
Ag2Sr1Sn0.5Ge0.5S4,kesterite,-0.653,0.3995,1.038,PBEsol
Ag2Sr1Sn0.5Ge0.5S4,stannite,-0.701,0.0161,1.174,PBEsol
Ag2Sr1Sn0.5Ge0.5Te4,kesterite,-0.2916,,0.556,PBEsol
Ag2Sr1Sn0.5Zr0.5S4,kesterite,-0.8086,1.0028,1.35,PBEsol
Ag2Sr1Sn0.5Zr0.5S4,stannite,-0.8276,0.8508,1.236,PBEsol
Ag2Sr1Sn0.5Zr0.5Se4,kesterite,-0.655,1.8566,1.024,PBEsol
Ag2Sr1Sn0.5Zr0.5Se4,stannite,-0.6729,1.7133,0.885,PBEsol
Ag2Sr1Sn0.5Zr0.5Te4,kesterite,-0.4483,,0.764,PBEsol
Ag2Sr1Sn0.5Zr0.5Te4,stannite,-0.2154,,0.742,PBEsol
Ag2Sr1Sn1S1Se1Te2,kesterite,-0.4957,,0.15,PBEsol
Ag2Sr1Sn1S1Se1Te2,stannite,-0.5261,,0.636,PBEsol
Ag2Sr1Sn1S1Se2Te1,kesterite,-0.5559,,0.154,PBEsol
Ag2Sr1Sn1S1Se3,kesterite,-0.6158,0.7026,0.605,PBEsol
Ag2Sr1Sn1S1Te3,kesterite,-0.434,,0.205,PBEsol
Ag2Sr1Sn1S1Te3,stannite,-0.4822,,0.699,PBEsol
Ag2Sr1Sn1S2Se1Te1,kesterite,-0.5579,,0.277,PBEsol
Ag2Sr1Sn1S2Se1Te1,stannite,-0.6552,,0.724,PBEsol
Ag2Sr1Sn1S2Se2,kesterite,-0.6265,0.6428,0.775,PBEsol
Ag2Sr1Sn1S2Se2,stannite,-0.7076,-0.0064,0.804,PBEsol
Ag2Sr1Sn1S2Te2,kesterite,-0.4859,,0.503,PBEsol
Ag2Sr1Sn1S2Te2,stannite,-0.6109,,0.85,PBEsol
Ag2Sr1Sn1S3Se1,stannite,-0.7106,0.0158,0.858,PBEsol
Ag2Sr1Sn1S3Te1,kesterite,-0.5737,,0.211,PBEsol
Ag2Sr1Sn1S3Te1,stannite,-0.6593,,0.836,PBEsol
Ag2Sr1Sn1S4,kesterite,-0.659,0.5074,1.03,PBEsol
Ag2Sr1Sn1S4,stannite,-0.7143,0.065,0.811,PBEsol
Ag2Sr1Sn1Se1Te3,kesterite,-0.4153,,0.272,PBEsol
Ag2Sr1Sn1Se1Te3,stannite,-0.4797,,0.648,PBEsol
Ag2Sr1Sn1Se2Te2,kesterite,-0.4686,,0.475,PBEsol
Ag2Sr1Sn1Se2Te2,stannite,-0.561,,0.68,PBEsol
Ag2Sr1Sn1Se3Te1,kesterite,-0.5358,,0.287,PBEsol
Ag2Sr1Sn1Se3Te1,stannite,-0.6159,,0.603,PBEsol
Ag2Sr1Sn1Se4,kesterite,-0.5751,1.0354,0.351,PBEsol
Ag2Sr1Sn1Se4,stannite,-0.6777,0.215,0.228,PBEsol
Ag2Sr1Sn1Te4,kesterite,-0.3731,,0.402,PBEsol
Ag2Sr1Sn1Te4,stannite,-0.3766,,0.96,PBEsol
Ag2Sr1Zr1S1Se1Te2,kesterite,-0.7341,1.6305,0.634,PBEsol
Ag2Sr1Zr1S1Se1Te2,stannite,-0.76,1.4231,1.217,PBEsol
Ag2Sr1Zr1S1Se2Te1,kesterite,-0.8238,1.4926,0.838,PBEsol
Ag2Sr1Zr1S1Se3,kesterite,-0.8698,1.7421,1.308,PBEsol
Ag2Sr1Zr1S1Te3,stannite,-0.6873,1.4609,1.157,PBEsol
Ag2Sr1Zr1S2Se1Te1,kesterite,-0.8475,1.4551,0.946,PBEsol
Ag2Sr1Zr1S2Se1Te1,stannite,-0.9224,0.8557,1.102,PBEsol
Ag2Sr1Zr1S2Se2,kesterite,-0.91,1.5621,1.455,PBEsol
Ag2Sr1Zr1S2Te2,kesterite,-0.7611,1.5925,1.128,PBEsol
Ag2Sr1Zr1S2Te2,stannite,-0.8438,0.9309,1.137,PBEsol
Ag2Sr1Zr1S3Se1,kesterite,-0.9775,1.1842,1.494,PBEsol
Ag2Sr1Zr1S3Te1,stannite,-0.9489,0.8321,1.209,PBEsol
Ag2Sr1Zr1S4,kesterite,-0.9876,1.2978,1.649,PBEsol
Ag2Sr1Zr1S4,stannite,-1.0032,1.1733,1.561,PBEsol
Ag2Sr1Zr1Se1Te3,stannite,-0.6546,1.5705,1.021,PBEsol
Ag2Sr1Zr1Se2Te2,kesterite,-0.7019,1.7629,1.101,PBEsol
Ag2Sr1Zr1Se4,kesterite,-0.8013,2.1822,1.333,PBEsol
Ag2Sr1Zr1Se4,stannite,-0.8133,2.0863,1.248,PBEsol
Ag2Sr1Zr1Te4,kesterite,-0.3055,3.8262,0.827,PBEsol
Ag2Sr1Zr1Te4,stannite,-0.3143,3.7559,0.555,PBEsol
Ag2Zn0.5Cd0.5Ge1S4,kesterite,-0.3599,-0.353,0.895,PBEsol
Ag2Zn0.5Cd0.5Ge1S4,stannite,-0.3387,-0.1836,0.58,PBEsol
Ag2Zn0.5Cd0.5Ge1Se4,kesterite,-0.2973,-0.071,0.233,PBEsol
Ag2Zn0.5Cd0.5Ge1Se4,stannite,-0.2758,0.101,0.448,PBEsol
Ag2Zn0.5Cd0.5Ge1Te4,kesterite,-0.0834,,0.248,PBEsol
Ag2Zn0.5Cd0.5Ge1Te4,stannite,-0.0645,,0.081,PBEsol
Ag2Zn0.5Cd0.5Sn1S4,kesterite,-0.3599,-0.0769,0.496,PBEsol
Ag2Zn0.5Cd0.5Sn1S4,stannite,-0.3451,0.0417,0.272,PBEsol
Ag2Zn0.5Cd0.5Sn1Se4,kesterite,-0.3122,0.1866,0.041,PBEsol
Ag2Zn0.5Cd0.5Sn1Se4,stannite,-0.2974,0.3047,0.0,PBEsol
Ag2Zn0.5Cd0.5Sn1Te4,kesterite,-0.073,,0.235,PBEsol
Ag2Zn0.5Cd0.5Sn1Te4,stannite,-0.073,,0.094,PBEsol
Ag2Zn0.5Cd0.5Zr1S4,kesterite,-0.6932,0.676,1.458,PBEsol
Ag2Zn0.5Cd0.5Zr1S4,stannite,-0.6857,0.7364,1.163,PBEsol
Ag2Zn0.5Cd0.5Zr1Se4,stannite,-0.5565,1.1878,0.844,PBEsol
Ag2Zn0.5Cd0.5Zr1Te4,kesterite,-0.2035,1.9154,0.539,PBEsol
Ag2Zn0.5Cd0.5Zr1Te4,stannite,-0.1961,1.9748,0.438,PBEsol
Ag2Zn1Ge0.5Zr0.5S4,kesterite,-0.5522,0.1536,1.334,PBEsol
Ag2Zn1Ge0.5Zr0.5S4,stannite,-0.5259,0.3644,0.974,PBEsol
Ag2Zn1Ge0.5Zr0.5Se4,kesterite,-0.45,0.484,0.884,PBEsol
Ag2Zn1Ge0.5Zr0.5Se4,stannite,-0.426,0.676,0.437,PBEsol
Ag2Zn1Ge0.5Zr0.5Te4,stannite,-0.1654,,0.223,PBEsol
Ag2Zn1Ge1S1Se1Te2,kesterite,-0.2119,,0.285,PBEsol
Ag2Zn1Ge1S1Se1Te2,stannite,-0.1745,,0.021,PBEsol
Ag2Zn1Ge1S1Se2Te1,kesterite,-0.2648,,0.336,PBEsol
Ag2Zn1Ge1S1Se2Te1,stannite,-0.2322,,0.122,PBEsol
Ag2Zn1Ge1S1Se3,kesterite,-0.3281,-0.1564,0.484,PBEsol
Ag2Zn1Ge1S1Se3,stannite,-0.2971,0.0918,0.025,PBEsol
Ag2Zn1Ge1S1Te3,stannite,-0.1197,,0.094,PBEsol
Ag2Zn1Ge1S2Se1Te1,kesterite,-0.2784,,0.422,PBEsol
Ag2Zn1Ge1S2Se1Te1,stannite,-0.239,,0.087,PBEsol
Ag2Zn1Ge1S2Se2,kesterite,-0.3447,-0.2228,0.651,PBEsol
Ag2Zn1Ge1S2Se2,stannite,-0.3123,0.0366,0.168,PBEsol
Ag2Zn1Ge1S2Te2,kesterite,-0.219,,0.543,PBEsol
Ag2Zn1Ge1S2Te2,stannite,-0.1705,,0.048,PBEsol
Ag2Zn1Ge1S3Se1,kesterite,-0.3647,-0.2961,0.832,PBEsol
Ag2Zn1Ge1S3Se1,stannite,-0.3344,-0.0538,0.237,PBEsol
Ag2Zn1Ge1S3Te1,kesterite,-0.2933,,0.411,PBEsol
Ag2Zn1Ge1S3Te1,stannite,-0.2572,,0.046,PBEsol
Ag2Zn1Ge1S4,kesterite,-0.387,-0.3547,0.99,PBEsol
Ag2Zn1Ge1S4,stannite,-0.3509,-0.0655,0.489,PBEsol
Ag2Zn1Ge1Se1Te3,kesterite,-0.1521,,0.307,PBEsol
Ag2Zn1Ge1Se1Te3,stannite,-0.1184,,0.019,PBEsol
Ag2Zn1Ge1Se2Te2,kesterite,-0.2002,,0.332,PBEsol
Ag2Zn1Ge1Se2Te2,stannite,-0.1645,,0.095,PBEsol
Ag2Zn1Ge1Se3Te1,kesterite,-0.254,,0.266,PBEsol
Ag2Zn1Ge1Se3Te1,stannite,-0.2222,,0.05,PBEsol
Ag2Zn1Ge1Se4,kesterite,-0.3164,-0.0955,0.228,PBEsol
Ag2Zn1Ge1Se4,stannite,-0.2843,0.1613,0.002,PBEsol
Ag2Zn1Ge1Te4,kesterite,-0.1171,,0.139,PBEsol
Ag2Zn1Ge1Te4,stannite,-0.0893,,0.038,PBEsol
Ag2Zn1Sn0.5Ge0.5S4,kesterite,-0.3863,-0.229,0.77,PBEsol
Ag2Zn1Sn0.5Ge0.5S4,stannite,-0.3627,-0.0398,0.44,PBEsol
Ag2Zn1Sn0.5Ge0.5Se4,kesterite,-0.3284,-0.0212,0.159,PBEsol
Ag2Zn1Sn0.5Ge0.5Se4,stannite,-0.3046,0.1693,0.343,PBEsol
Ag2Zn1Sn0.5Ge0.5Te4,kesterite,-0.1291,,0.223,PBEsol
Ag2Zn1Sn0.5Ge0.5Te4,stannite,-0.1025,,0.097,PBEsol
Ag2Zn1Sn0.5Zr0.5S4,kesterite,-0.5537,0.2799,1.286,PBEsol
Ag2Zn1Sn0.5Zr0.5S4,stannite,-0.5362,0.4195,0.88,PBEsol
Ag2Zn1Sn0.5Zr0.5Se4,kesterite,-0.4596,0.5957,0.917,PBEsol
Ag2Zn1Sn0.5Zr0.5Se4,stannite,-0.4417,0.739,0.501,PBEsol
Ag2Zn1Sn0.5Zr0.5Te4,kesterite,-0.1637,,0.772,PBEsol
Ag2Zn1Sn0.5Zr0.5Te4,stannite,-0.1489,,0.225,PBEsol
Ag2Zn1Sn1S1Se1Te2,kesterite,-0.2478,,0.063,PBEsol
Ag2Zn1Sn1S1Se1Te2,stannite,-0.2,,0.025,PBEsol
Ag2Zn1Sn1S1Se2Te1,stannite,-0.2604,,0.047,PBEsol
Ag2Zn1Sn1S1Se3,kesterite,-0.3462,0.0501,0.22,PBEsol
Ag2Zn1Sn1S1Se3,stannite,-0.3254,0.217,0.058,PBEsol
Ag2Zn1Sn1S1Te3,kesterite,-0.2011,,0.14,PBEsol
Ag2Zn1Sn1S1Te3,stannite,-0.1399,,0.137,PBEsol
Ag2Zn1Sn1S2Se1Te1,kesterite,-0.2948,,0.301,PBEsol
Ag2Zn1Sn1S2Se1Te1,stannite,-0.266,,0.106,PBEsol
Ag2Zn1Sn1S2Se2,kesterite,-0.3587,-0.0083,0.349,PBEsol
Ag2Zn1Sn1S2Se2,stannite,-0.3359,0.1742,0.597,PBEsol
Ag2Zn1Sn1S2Te2,kesterite,-0.2366,,0.337,PBEsol
Ag2Zn1Sn1S2Te2,stannite,-0.2177,,0.039,PBEsol
Ag2Zn1Sn1S3Se1,kesterite,-0.3758,-0.0839,0.426,PBEsol
Ag2Zn1Sn1S3Se1,stannite,-0.357,0.0667,0.017,PBEsol
Ag2Zn1Sn1S3Te1,kesterite,-0.304,,0.229,PBEsol
Ag2Zn1Sn1S3Te1,stannite,-0.2879,,0.029,PBEsol
Ag2Zn1Sn1S4,kesterite,-0.3886,-0.0914,0.544,PBEsol
Ag2Zn1Sn1S4,stannite,-0.3664,0.0859,0.249,PBEsol
Ag2Zn1Sn1Se1Te3,stannite,-0.1363,,0.052,PBEsol
Ag2Zn1Sn1Se2Te2,kesterite,-0.2164,,0.214,PBEsol
Ag2Zn1Sn1Se2Te2,stannite,-0.1909,,0.133,PBEsol
Ag2Zn1Sn1Se3Te1,kesterite,-0.2738,,0.093,PBEsol
Ag2Zn1Sn1Se4,kesterite,-0.3478,0.0297,0.008,PBEsol
Ag2Zn1Sn1Se4,stannite,-0.3288,0.1819,0.0,PBEsol
Ag2Zn1Sn1Te4,kesterite,-0.1512,,0.092,PBEsol
Ag2Zn1Sn1Te4,stannite,-0.13,,0.157,PBEsol
Ag2Zn1Zr1S1Se1Te2,stannite,-0.4251,1.3636,0.292,PBEsol
Ag2Zn1Zr1S1Se2Te1,kesterite,-0.54,0.99,0.816,PBEsol
Ag2Zn1Zr1S1Se2Te1,stannite,-0.5259,1.1024,0.424,PBEsol
Ag2Zn1Zr1S1Se3,kesterite,-0.6231,0.9068,1.206,PBEsol
Ag2Zn1Zr1S1Se3,stannite,-0.6088,1.0216,0.894,PBEsol
Ag2Zn1Zr1S1Te3,kesterite,-0.3846,1.1789,0.715,PBEsol
Ag2Zn1Zr1S2Se1Te1,kesterite,-0.5688,0.9265,0.798,PBEsol
Ag2Zn1Zr1S2Se1Te1,stannite,-0.5478,1.0945,0.417,PBEsol
Ag2Zn1Zr1S2Se2,kesterite,-0.6507,0.8436,1.265,PBEsol
Ag2Zn1Zr1S2Se2,stannite,-0.6364,0.9576,1.052,PBEsol
Ag2Zn1Zr1S2Te2,stannite,-0.4749,1.1591,0.487,PBEsol
Ag2Zn1Zr1S3Se1,stannite,-0.671,0.8584,1.035,PBEsol
Ag2Zn1Zr1S3Te1,kesterite,-0.5943,0.9262,0.761,PBEsol
Ag2Zn1Zr1S3Te1,stannite,-0.5799,1.0415,0.445,PBEsol
Ag2Zn1Zr1S4,kesterite,-0.7205,0.6729,1.487,PBEsol
Ag2Zn1Zr1S4,stannite,-0.706,0.7891,1.28,PBEsol
Ag2Zn1Zr1Se1Te3,stannite,-0.3506,1.2835,0.382,PBEsol
Ag2Zn1Zr1Se2Te2,kesterite,-0.4136,1.3154,0.772,PBEsol
Ag2Zn1Zr1Se2Te2,stannite,-0.3992,1.43,0.555,PBEsol
Ag2Zn1Zr1Se3Te1,kesterite,-0.5131,1.0748,0.827,PBEsol
Ag2Zn1Zr1Se3Te1,stannite,-0.4848,1.301,0.459,PBEsol
Ag2Zn1Zr1Se4,kesterite,-0.5852,1.0866,1.17,PBEsol
Ag2Zn1Zr1Se4,stannite,-0.5711,1.1992,0.932,PBEsol
Ag2Zn1Zr1Te4,kesterite,-0.2346,1.7098,0.606,PBEsol
Ag2Zn1Zr1Te4,stannite,-0.2243,1.7923,0.477,PBEsol
Cs0.5Ag0.5Al0.5Ga0.5S1Se1,kesterite,-0.6717,0.0714,1.228,PBEsol
Cs0.5Ag0.5Al0.5Ga0.5S1Se1,stannite,-0.6824,0.0287,0.616,PBEsol
Cs0.5Ag0.5Al0.5In0.5S1Se1,kesterite,-0.65,0.0488,1.227,PBEsol
Cs0.5Ag0.5Al0.5In0.5S1Se1,stannite,-0.6929,-0.1229,0.633,PBEsol
Cs0.5Ag0.5Al0.5In0.5S1Te1,kesterite,-0.4275,0.431,0.126,PBEsol
Cs0.5Ag0.5Al0.5In0.5S1Te1,stannite,-0.4755,0.2389,0.188,PBEsol
Cs0.5Ag0.5Al0.5In0.5S2,kesterite,-0.7007,0.0038,1.224,PBEsol
Cs0.5Ag0.5Al0.5In0.5Te2,kesterite,-0.3011,0.3423,0.171,PBEsol
Cs0.5Ag0.5Al0.5In0.5Te2,stannite,-0.4013,-0.0585,0.315,PBEsol
Cs0.5Ag0.5Al1S1Se1,kesterite,-0.8076,-0.0609,1.652,PBEsol
Cs0.5Ag0.5Al1S2,kesterite,-0.8793,-0.0914,1.927,PBEsol
Cs0.5Ag0.5Al1Se1Te1,kesterite,-0.5615,0.0808,1.149,PBEsol
Cs0.5Ag0.5Al1Se1Te1,stannite,-0.5585,0.0931,0.408,PBEsol
Cs0.5Ag0.5Al1Se2,kesterite,-0.742,0.016,1.472,PBEsol
Cs0.5Ag0.5Al1Te2,kesterite,-0.3929,0.1697,1.481,PBEsol
Cs0.5Ag0.5Al1Te2,stannite,-0.3799,0.2217,0.55,PBEsol
Cs0.5Ag0.5Ga0.5In0.5S1Te1,kesterite,-0.4118,0.1821,0.191,PBEsol
Cs0.5Ag0.5Ga0.5In0.5S1Te1,stannite,-0.3953,0.248,0.26,PBEsol
Cs0.5Ag0.5Ga1S2,kesterite,-0.6294,-0.031,1.452,PBEsol
Cs0.5Ag0.5Ga1S2,stannite,-0.644,-0.0897,0.625,PBEsol
Cs0.5Ag0.5Ga1Se2,kesterite,-0.5332,0.2172,0.28,PBEsol
Cs0.5Ag0.5Ga1Se2,stannite,-0.5771,0.0416,0.117,PBEsol
Cs0.5Ag0.5Ga1Te2,kesterite,-0.3055,0.2113,0.297,PBEsol
Cs0.5Ag0.5Ga1Te2,stannite,-0.2796,0.3147,0.003,PBEsol
Cs0.5Ag0.5In1S1Te1,kesterite,-0.4035,0.156,0.091,PBEsol
Cs0.5Ag0.5In1S1Te1,stannite,-0.3378,0.4186,0.27,PBEsol
Cs0.5Ag0.5In1S2,kesterite,-0.5172,0.1541,0.894,PBEsol
Cs0.5Ag0.5In1S2,stannite,-0.5904,-0.1383,0.523,PBEsol
Cs0.5Ag0.5In1Se2,kesterite,-0.4814,0.2509,0.453,PBEsol
Cs0.5Ag0.5In1Se2,stannite,-0.5227,0.0855,0.165,PBEsol
Cs0.5Ag0.5In1Te2,kesterite,-0.2821,0.2594,0.319,PBEsol
Cs0.5Ag0.5In1Te2,stannite,-0.3656,-0.0745,0.157,PBEsol
Cs0.5Ag1.5Ba1Ge1S4,stannite,-0.8038,-0.3777,1.409,PBEsol
Cs0.5Ag1.5Ba1Ge1Se4,stannite,-0.7294,0.0835,0.845,PBEsol
Cs0.5Ag1.5Ba1Sn1Te4,kesterite,-0.5281,,0.611,PBEsol
Cs0.5Ag1.5Ba1Sn1Te4,stannite,-0.5137,,0.677,PBEsol
Cs0.5Ag1.5Ba1Zr1S4,kesterite,-1.0175,1.6081,1.288,PBEsol
Cs0.5Ag1.5Ba1Zr1S4,stannite,-1.151,0.5397,1.541,PBEsol
Cs0.5Ag1.5Ba1Zr1Se4,kesterite,-0.8204,2.6884,1.028,PBEsol
Cs0.5Ag1.5Ba1Zr1Se4,stannite,-1.0354,0.9683,1.24,PBEsol
Cs0.5Ag1.5Ba1Zr1Te4,kesterite,-0.618,2.0793,0.727,PBEsol
Cs0.5Ag1.5Ba1Zr1Te4,stannite,-0.6842,1.5497,0.983,PBEsol
Cs0.5Ag1.5Ca1Ge1Te4,stannite,-0.276,,0.34,PBEsol
Cs0.5Ag1.5Ca1Sn1Te4,stannite,-0.4248,,0.56,PBEsol
Cs0.5Ag1.5Ca1Zr1S4,stannite,-1.0933,1.2053,1.587,PBEsol
Cs0.5Ag1.5Ca1Zr1Se4,kesterite,-0.9448,1.711,1.262,PBEsol
Cs0.5Ag1.5Cd1Ge1S4,kesterite,-0.3706,0.1232,0.865,PBEsol
Cs0.5Ag1.5Cd1Ge1Se4,kesterite,-0.2995,0.5714,0.191,PBEsol
Cs0.5Ag1.5Cd1Ge1Se4,stannite,-0.3186,0.4185,0.817,PBEsol
Cs0.5Ag1.5Cd1Sn1S4,kesterite,-0.3491,0.5711,0.713,PBEsol
Cs0.5Ag1.5Cd1Sn1S4,stannite,-0.3842,0.2902,0.318,PBEsol
Cs0.5Ag1.5Cd1Sn1Se4,kesterite,-0.2829,1.0807,0.268,PBEsol
Cs0.5Ag1.5Cd1Sn1Se4,stannite,-0.2832,1.0783,0.89,PBEsol
Cs0.5Ag1.5Cd1Sn1Te4,kesterite,-0.0571,,0.236,PBEsol
Cs0.5Ag1.5Cd1Zr1S4,kesterite,-0.7196,1.0265,1.53,PBEsol
Cs0.5Ag1.5Cd1Zr1S4,stannite,-0.7125,1.0836,1.305,PBEsol
Cs0.5Ag1.5Cd1Zr1Se4,kesterite,-0.5533,1.8736,1.047,PBEsol
Cs0.5Ag1.5Cd1Zr1Se4,stannite,-0.6366,1.2072,0.918,PBEsol
Cs0.5Ag1.5Cd1Zr1Te4,stannite,-0.2641,2.1429,0.598,PBEsol
Cs0.5Ag1.5Mg1Ge1S4,kesterite,-0.5698,0.2751,1.381,PBEsol
Cs0.5Ag1.5Mg1Ge1S4,stannite,-0.5497,0.4352,0.824,PBEsol
Cs0.5Ag1.5Mg1Ge1Se4,kesterite,-0.4702,0.5358,0.656,PBEsol
Cs0.5Ag1.5Mg1Ge1Se4,stannite,-0.4539,0.6663,0.244,PBEsol
Cs0.5Ag1.5Mg1Sn1S4,kesterite,-0.5816,0.456,1.219,PBEsol
Cs0.5Ag1.5Mg1Sn1S4,stannite,-0.5478,0.7269,0.676,PBEsol
Cs0.5Ag1.5Mg1Sn1Se4,kesterite,-0.5198,0.5159,0.525,PBEsol
Cs0.5Ag1.5Mg1Sn1Se4,stannite,-0.5129,0.5711,0.08,PBEsol
Cs0.5Ag1.5Mg1Sn1Te4,kesterite,-0.0556,,0.611,PBEsol
Cs0.5Ag1.5Mg1Sn1Te4,stannite,-0.0589,,0.382,PBEsol
Cs0.5Ag1.5Mg1Zr1S4,kesterite,-0.8964,1.3574,1.703,PBEsol
Cs0.5Ag1.5Mg1Zr1S4,stannite,-0.9135,1.2201,1.575,PBEsol
Cs0.5Ag1.5Mg1Zr1Se4,kesterite,-0.7203,1.8674,1.362,PBEsol
Cs0.5Ag1.5Mg1Zr1Se4,stannite,-0.7388,1.7199,1.342,PBEsol
Cs0.5Ag1.5Mg1Zr1Te4,kesterite,-0.4328,1.687,0.921,PBEsol
Cs0.5Ag1.5Mg1Zr1Te4,stannite,-0.4455,1.5849,0.875,PBEsol
Cs0.5Ag1.5Sr1Ge1S4,stannite,-0.7693,0.0908,1.416,PBEsol
Cs0.5Ag1.5Sr1Ge1Se4,stannite,-0.667,0.6761,0.852,PBEsol
Cs0.5Ag1.5Sr1Sn1S4,kesterite,-0.7764,0.3096,0.925,PBEsol
Cs0.5Ag1.5Sr1Sn1S4,stannite,-0.7866,0.2282,1.085,PBEsol
Cs0.5Ag1.5Sr1Sn1Se4,stannite,-0.7342,0.5149,0.658,PBEsol
Cs0.5Ag1.5Sr1Zr1Se4,kesterite,-0.9529,1.7215,1.204,PBEsol
Cs0.5Ag1.5Sr1Zr1Te4,kesterite,-0.602,2.1743,0.885,PBEsol
Cs0.5Ag1.5Zn1Ge1S4,kesterite,-0.4096,0.2063,1.124,PBEsol
Cs0.5Ag1.5Zn1Ge1S4,stannite,-0.377,0.4671,0.474,PBEsol
Cs0.5Ag1.5Zn1Ge1Se4,kesterite,-0.3284,0.5605,0.331,PBEsol
Cs0.5Ag1.5Zn1Ge1Se4,stannite,-0.2975,0.8079,0.67,PBEsol
Cs0.5Ag1.5Zn1Ge1Te4,kesterite,-0.0642,,0.093,PBEsol
Cs0.5Ag1.5Zn1Ge1Te4,stannite,0.0071,,0.001,PBEsol
Cs0.5Ag1.5Zn1Sn1S4,kesterite,-0.4027,0.5368,0.852,PBEsol
Cs0.5Ag1.5Zn1Sn1S4,stannite,-0.3891,0.646,0.282,PBEsol
Cs0.5Ag1.5Zn1Sn1Se4,kesterite,-0.3417,0.8309,0.28,PBEsol
Cs0.5Ag1.5Zn1Sn1Se4,stannite,-0.325,0.9643,0.606,PBEsol
Cs0.5Ag1.5Zn1Sn1Te4,kesterite,-0.0895,,0.183,PBEsol
Cs0.5Ag1.5Zn1Sn1Te4,stannite,-0.1548,,0.178,PBEsol
Cs0.5Ag1.5Zn1Zr1S4,kesterite,-0.7398,1.2595,1.428,PBEsol
Cs0.5Ag1.5Zn1Zr1S4,stannite,-0.7486,1.1893,1.24,PBEsol
Cs0.5Ag1.5Zn1Zr1Se4,kesterite,-0.6038,1.6903,1.042,PBEsol
Cs0.5Ag1.5Zn1Zr1Se4,stannite,-0.6144,1.6058,0.903,PBEsol
Cs0.5Cu0.5Ag1Ba1Ge1Te4,stannite,-0.4611,,0.575,PBEsol
Cs0.5Cu0.5Ag1Ba1Sn1Se4,kesterite,-0.739,0.3525,0.853,PBEsol
Cs0.5Cu0.5Ag1Ba1Sn1Se4,stannite,-0.7565,0.2125,0.582,PBEsol
Cs0.5Cu0.5Ag1Ba1Sn1Te4,stannite,-0.501,,0.671,PBEsol
Cs0.5Cu0.5Ag1Ca1Zr1S4,stannite,-1.1141,1.1157,1.254,PBEsol
Cs0.5Cu0.5Ag1Ca1Zr1Te4,stannite,-0.6013,1.8457,0.817,PBEsol
Cs0.5Cu0.5Ag1Cd1Ge1S4,kesterite,-0.3922,0.0275,0.737,PBEsol
Cs0.5Cu0.5Ag1Cd1Ge1S4,stannite,-0.4028,-0.0575,0.336,PBEsol
Cs0.5Cu0.5Ag1Cd1Ge1Se4,stannite,-0.3415,0.2054,0.773,PBEsol
Cs0.5Cu0.5Ag1Cd1Sn1S4,kesterite,-0.3923,0.3025,0.47,PBEsol
Cs0.5Cu0.5Ag1Cd1Sn1S4,stannite,-0.4055,0.1967,0.209,PBEsol
Cs0.5Cu0.5Ag1Cd1Sn1Se4,stannite,-0.3804,0.2704,0.654,PBEsol
Cs0.5Cu0.5Ag1Cd1Sn1Te4,stannite,-0.0486,,0.04,PBEsol
Cs0.5Cu0.5Ag1Cd1Zr1S4,kesterite,-0.7242,1.0668,1.09,PBEsol
Cs0.5Cu0.5Ag1Cd1Zr1Se4,stannite,-0.6502,1.0681,0.881,PBEsol
Cs0.5Cu0.5Ag1Cd1Zr1Te4,kesterite,-0.3116,1.613,0.527,PBEsol
Cs0.5Cu0.5Ag1Cd1Zr1Te4,stannite,-0.31,1.6254,0.603,PBEsol
Cs0.5Cu0.5Ag1Mg0.5Ca0.5Ge1Se1Te3,kesterite,-0.3732,,0.688,PBEsol
Cs0.5Cu0.5Ag1Mg0.5Ca0.5Ge1Se1Te3,stannite,-0.2814,,0.039,PBEsol
Cs0.5Cu0.5Ag1Mg1Ge1S4,kesterite,-0.5748,0.3116,1.192,PBEsol
Cs0.5Cu0.5Ag1Mg1Ge1S4,stannite,-0.5857,0.2244,0.68,PBEsol
Cs0.5Cu0.5Ag1Mg1Ge1Se4,stannite,-0.4773,0.4484,0.21,PBEsol
Cs0.5Cu0.5Ag1Mg1Ge1Te4,stannite,-0.2276,,0.439,PBEsol
Cs0.5Cu0.5Ag1Mg1Sn1S4,stannite,-0.5981,0.4011,0.466,PBEsol
Cs0.5Cu0.5Ag1Mg1Sn1Se4,stannite,-0.5166,0.5103,0.111,PBEsol
Cs0.5Cu0.5Ag1Mg1Sn1Te4,kesterite,-0.2721,,0.407,PBEsol
Cs0.5Cu0.5Ag1Mg1Sn1Te4,stannite,-0.2822,,0.026,PBEsol
Cs0.5Cu0.5Ag1Mg1Zr1S4,kesterite,-0.9105,1.321,1.398,PBEsol
Cs0.5Cu0.5Ag1Mg1Zr1S4,stannite,-0.9541,0.9724,1.338,PBEsol
Cs0.5Cu0.5Ag1Mg1Zr1Se4,kesterite,-0.7773,1.3814,1.102,PBEsol
Cs0.5Cu0.5Ag1Mg1Zr1Se4,stannite,-0.8026,1.1788,1.155,PBEsol
Cs0.5Cu0.5Ag1Mg1Zr1Te4,kesterite,-0.4243,1.605,0.754,PBEsol
Cs0.5Cu0.5Ag1Zn0.5Cd0.5Sn0.5Ge0.5S3Se1,stannite,-0.3947,0.1975,0.039,PBEsol
Cs0.5Cu0.5Ag1Zn1Ge1Se4,stannite,-0.3384,0.4503,0.627,PBEsol
Cs0.5Cu0.5Ag1Zn1Sn1S4,stannite,-0.432,0.3793,0.136,PBEsol
Cs0.5Cu0.5Ag1Zn1Sn1Se4,stannite,-0.3658,0.6074,0.55,PBEsol
Cs0.5Cu0.5Ag1Zn1Sn1Te4,stannite,-0.0993,,0.149,PBEsol
Cs0.5Cu0.5Ag1Zn1Zr1S4,kesterite,-0.741,1.3268,1.228,PBEsol
Cs0.5Cu0.5Ag1Zn1Zr1S4,stannite,-0.786,0.9674,1.048,PBEsol
Cs0.5Cu0.5Ag1Zn1Zr1Se4,stannite,-0.645,1.3304,0.836,PBEsol
Cs0.5Cu0.5Ag1Zn1Zr1Te4,stannite,-0.2724,1.9771,0.505,PBEsol
Cs0.5Cu0.5Al0.5Ga0.5S1Se1,kesterite,-0.5809,0.4701,0.078,PBEsol
Cs0.5Cu0.5Al0.5Ga0.5S1Se1,stannite,-0.7547,-0.2253,0.335,PBEsol
Cs0.5Cu0.5Al0.5Ga0.5S2,stannite,-0.8261,-0.2769,0.288,PBEsol
Cs0.5Cu0.5Al0.5Ga0.5Se1Te1,stannite,-0.5273,-0.1133,0.205,PBEsol
Cs0.5Cu0.5Al0.5In0.5S1Te1,kesterite,-0.4155,0.4547,0.157,PBEsol
Cs0.5Cu0.5Al0.5In0.5S1Te1,stannite,-0.4841,0.1804,0.076,PBEsol
Cs0.5Cu0.5Al0.5In0.5Se1Te1,kesterite,-0.4702,0.0602,0.351,PBEsol
Cs0.5Cu0.5Al0.5In0.5Se1Te1,stannite,-0.5126,-0.1095,0.144,PBEsol
Cs0.5Cu0.5Al0.5In0.5Se2,stannite,-0.6375,-0.0058,0.053,PBEsol
Cs0.5Cu0.5Al1S1Se1,kesterite,-0.781,0.081,1.825,PBEsol
Cs0.5Cu0.5Al1S1Se1,stannite,-0.6691,0.5286,0.273,PBEsol
Cs0.5Cu0.5Al1S2,kesterite,-0.79,0.3552,1.348,PBEsol
Cs0.5Cu0.5Al1S2,stannite,-0.9462,-0.2697,0.301,PBEsol
Cs0.5Cu0.5Al1Se1Te1,stannite,-0.5974,-0.1405,0.424,PBEsol
Cs0.5Cu0.5Al1Se2,kesterite,-0.6234,0.4722,0.522,PBEsol
Cs0.5Cu0.5Al1Se2,stannite,-0.7735,-0.1281,0.501,PBEsol
Cs0.5Cu0.5Al1Te2,kesterite,-0.2696,0.5253,0.34,PBEsol
Cs0.5Cu0.5Al1Te2,stannite,-0.4367,-0.1432,0.468,PBEsol
Cs0.5Cu0.5Ga0.5In0.5S1Se1,stannite,-0.6351,-0.2493,0.173,PBEsol
Cs0.5Cu0.5Ga1S1Te1,kesterite,-0.4108,0.2567,0.12,PBEsol
Cs0.5Cu0.5Ga1S1Te1,stannite,-0.4388,0.1447,0.141,PBEsol
Cs0.5Cu0.5Ga1S2,stannite,-0.7078,-0.2556,0.251,PBEsol
Cs0.5Cu0.5Ga1Se2,kesterite,-0.5119,0.2843,0.764,PBEsol
Cs0.5Cu0.5Ga1Se2,stannite,-0.5758,0.0285,0.308,PBEsol
Cs0.5Cu0.5Ga1Te2,kesterite,-0.19,0.5357,0.0,PBEsol
Cs0.5Cu0.5Ga1Te2,stannite,-0.3121,0.047,0.184,PBEsol
Cs0.5Cu0.5In1S1Se1,stannite,-0.5975,-0.1903,0.086,PBEsol
Cs0.5Cu0.5In1S1Te1,kesterite,-0.4012,0.1406,0.151,PBEsol
Cs0.5Cu0.5In1S1Te1,stannite,-0.4299,0.0261,0.337,PBEsol
Cs0.5Cu0.5In1S2,kesterite,-0.5086,0.2779,0.595,PBEsol
Cs0.5Cu0.5In1S2,stannite,-0.6334,-0.2214,0.34,PBEsol
Cs0.5Cu0.5In1Se1Te1,kesterite,-0.3897,0.1098,0.042,PBEsol
Cs0.5Cu0.5In1Se1Te1,stannite,-0.4616,-0.1781,0.108,PBEsol
Cs0.5Cu0.5In1Se2,stannite,-0.5842,-0.1787,0.089,PBEsol
Cs0.5Cu0.5In1Te2,kesterite,-0.2168,0.3831,0.046,PBEsol
Cs0.5Cu0.5In1Te2,stannite,-0.3649,-0.2093,0.151,PBEsol
Cs0.5Cu1.5Ba0.5Cd0.5Sn1S4,stannite,-0.5549,0.6563,0.26,PBEsol
Cs0.5Cu1.5Ba1Zr1Se4,kesterite,-0.8862,2.1071,0.608,PBEsol
Cs0.5Cu1.5Ba1Zr1Te4,stannite,-0.6201,1.6494,0.69,PBEsol
Cs0.5Cu1.5Ca1Ge1Te4,stannite,-0.3626,,0.335,PBEsol
Cs0.5Cu1.5Ca1Zr1S4,kesterite,-1.0519,1.804,1.004,PBEsol
Cs0.5Cu1.5Ca1Zr1Te4,stannite,-0.5525,1.9727,0.632,PBEsol
Cs0.5Cu1.5Cd1Ge1S4,kesterite,-0.3703,0.3934,0.636,PBEsol
Cs0.5Cu1.5Cd1Ge1S4,stannite,-0.3888,0.2449,0.281,PBEsol
Cs0.5Cu1.5Cd1Ge1Te4,stannite,-0.0081,,0.29,PBEsol
Cs0.5Cu1.5Cd1Sn1S4,kesterite,-0.3782,0.6059,0.27,PBEsol
Cs0.5Cu1.5Cd1Sn1S4,stannite,-0.4018,0.4174,0.079,PBEsol
Cs0.5Cu1.5Cd1Sn1Se4,kesterite,-0.3419,0.5542,0.782,PBEsol
Cs0.5Cu1.5Cd1Sn1Se4,stannite,-0.322,0.7137,0.733,PBEsol
Cs0.5Cu1.5Cd1Zr1S4,kesterite,-0.7205,1.2871,1.048,PBEsol
Cs0.5Cu1.5Cd1Zr1S4,stannite,-0.7497,1.0536,0.944,PBEsol
Cs0.5Cu1.5Cd1Zr1Se4,kesterite,-0.5687,1.696,0.751,PBEsol
Cs0.5Cu1.5Cd1Zr1Te4,kesterite,-0.1901,2.3214,0.301,PBEsol
Cs0.5Cu1.5Cd1Zr1Te4,stannite,-0.2881,1.538,0.165,PBEsol
Cs0.5Cu1.5Mg0.5Ca0.5Sn1Se4,kesterite,-0.5624,0.9221,0.244,PBEsol
Cs0.5Cu1.5Mg0.5Ca0.5Sn1Se4,stannite,-0.5747,0.8235,0.16,PBEsol
Cs0.5Cu1.5Mg1Ge1S4,kesterite,-0.5514,0.6896,1.009,PBEsol
Cs0.5Cu1.5Mg1Ge1S4,stannite,-0.5701,0.5395,0.687,PBEsol
Cs0.5Cu1.5Mg1Ge1Se4,kesterite,-0.4369,0.7476,0.34,PBEsol
Cs0.5Cu1.5Mg1Ge1Se4,stannite,-0.4512,0.6331,0.175,PBEsol
Cs0.5Cu1.5Mg1Ge1Te4,kesterite,-0.1822,,0.118,PBEsol
Cs0.5Cu1.5Mg1Sn1S4,kesterite,-0.5655,0.8524,0.668,PBEsol
Cs0.5Cu1.5Mg1Sn1S4,stannite,-0.5822,0.7191,0.428,PBEsol
Cs0.5Cu1.5Mg1Sn1Se4,kesterite,-0.4724,0.8401,0.25,PBEsol
Cs0.5Cu1.5Mg1Sn1Se4,stannite,-0.4836,0.7508,0.082,PBEsol
Cs0.5Cu1.5Mg1Sn1Te4,kesterite,-0.1906,,0.156,PBEsol
Cs0.5Cu1.5Mg1Sn1Te4,stannite,-0.239,,0.373,PBEsol
Cs0.5Cu1.5Mg1Zr1S4,kesterite,-0.9068,1.5412,1.157,PBEsol
Cs0.5Cu1.5Mg1Zr1S4,stannite,-0.9371,1.2988,1.092,PBEsol
Cs0.5Cu1.5Mg1Zr1Se4,kesterite,-0.7345,1.6996,1.06,PBEsol
Cs0.5Cu1.5Mg1Zr1Se4,stannite,-0.7642,1.4621,0.89,PBEsol
Cs0.5Cu1.5Mg1Zr1Te4,kesterite,-0.3037,2.3065,0.556,PBEsol
Cs0.5Cu1.5Mg1Zr1Te4,stannite,-0.327,2.1198,0.565,PBEsol
Cs0.5Cu1.5Sr1Sn1Se4,kesterite,-0.7044,0.6994,0.239,PBEsol
Cs0.5Cu1.5Sr1Sn1Te4,stannite,-0.4354,,0.357,PBEsol
Cs0.5Cu1.5Zn1Ge1S4,kesterite,-0.3912,0.6205,0.744,PBEsol
Cs0.5Cu1.5Zn1Ge1S4,stannite,-0.4014,0.5391,0.275,PBEsol
Cs0.5Cu1.5Zn1Ge1Se4,stannite,-0.3105,0.6494,0.578,PBEsol
Cs0.5Cu1.5Zn1Ge1Te4,stannite,-0.0727,,0.003,PBEsol
Cs0.5Cu1.5Zn1Sn1S1Se1Te2,kesterite,-0.2892,,0.149,PBEsol
Cs0.5Cu1.5Zn1Sn1S1Se1Te2,stannite,-0.2471,,0.03,PBEsol
Cs0.5Cu1.5Zn1Sn1S4,stannite,-0.4199,0.6668,0.091,PBEsol
Cs0.5Cu1.5Zn1Sn1Se4,kesterite,-0.3335,0.8419,0.651,PBEsol
Cs0.5Cu1.5Zn1Sn1Se4,stannite,-0.34,0.7899,0.48,PBEsol
Cs0.5Cu1.5Zn1Sn1Te4,kesterite,-0.1284,,0.073,PBEsol
Cs0.5Cu1.5Zn1Zr1S4,kesterite,-0.7356,1.5607,1.007,PBEsol
Cs0.5Cu1.5Zn1Zr1S4,stannite,-0.7733,1.2592,0.942,PBEsol
Cs0.5Cu1.5Zn1Zr1Se4,stannite,-0.6259,1.4588,0.659,PBEsol
Cs0.5Cu1.5Zn1Zr1Te4,kesterite,-0.1934,2.3459,0.25,PBEsol
Cs0.5Cu1.5Zn1Zr1Te4,stannite,-0.2181,2.1485,0.361,PBEsol
Cs0.5Cu1Ag0.5Ba1Ge1Te4,stannite,-0.2624,,0.232,PBEsol
Cs0.5Cu1Ag0.5Ba1Zr1S4,kesterite,-1.0493,1.5193,0.807,PBEsol
Cs0.5Cu1Ag0.5Ba1Zr1Te4,stannite,-0.6377,1.6343,0.798,PBEsol
Cs0.5Cu1Ag0.5Ca1Ge1Se4,kesterite,-0.6516,0.6755,0.618,PBEsol
Cs0.5Cu1Ag0.5Ca1Ge1Se4,stannite,-0.673,0.5044,0.677,PBEsol
Cs0.5Cu1Ag0.5Ca1Ge1Te4,kesterite,-0.386,,0.72,PBEsol
Cs0.5Cu1Ag0.5Ca1Ge1Te4,stannite,-0.375,,0.517,PBEsol
Cs0.5Cu1Ag0.5Ca1Zr1Te4,stannite,-0.5777,1.8966,0.738,PBEsol
Cs0.5Cu1Ag0.5Cd1Ge1S4,stannite,-0.4175,-0.0861,0.271,PBEsol
Cs0.5Cu1Ag0.5Cd1Ge1Te4,kesterite,-0.0831,,0.466,PBEsol
Cs0.5Cu1Ag0.5Cd1Ge1Te4,stannite,-0.1008,,0.084,PBEsol
Cs0.5Cu1Ag0.5Cd1Sn1S4,kesterite,-0.3733,0.5433,0.292,PBEsol
Cs0.5Cu1Ag0.5Cd1Sn1S4,stannite,-0.4258,0.124,0.085,PBEsol
Cs0.5Cu1Ag0.5Cd1Sn1Se4,kesterite,-0.3378,0.5933,0.954,PBEsol
Cs0.5Cu1Ag0.5Cd1Sn1Se4,stannite,-0.3824,0.2363,0.646,PBEsol
Cs0.5Cu1Ag0.5Cd1Zr1S4,kesterite,-0.713,1.2456,1.106,PBEsol
Cs0.5Cu1Ag0.5Cd1Zr1Se4,stannite,-0.6457,1.0858,0.766,PBEsol
Cs0.5Cu1Ag0.5Mg1Ge1S4,stannite,-0.6044,0.1642,0.54,PBEsol
Cs0.5Cu1Ag0.5Mg1Ge1Se4,kesterite,-0.4504,0.6456,0.458,PBEsol
Cs0.5Cu1Ag0.5Mg1Ge1Se4,stannite,-0.4966,0.276,0.087,PBEsol
Cs0.5Cu1Ag0.5Mg1Ge1Te4,kesterite,-0.1859,,0.175,PBEsol
Cs0.5Cu1Ag0.5Mg1Ge1Te4,stannite,-0.2248,,0.454,PBEsol
Cs0.5Cu1Ag0.5Mg1Sn1S4,stannite,-0.6143,0.3606,0.336,PBEsol
Cs0.5Cu1Ag0.5Mg1Sn1Se4,kesterite,-0.4725,0.8454,0.303,PBEsol
Cs0.5Cu1Ag0.5Mg1Sn1Se4,stannite,-0.5149,0.5059,0.115,PBEsol
Cs0.5Cu1Ag0.5Mg1Sn1Te4,kesterite,-0.2449,,0.169,PBEsol
Cs0.5Cu1Ag0.5Mg1Sn1Te4,stannite,-0.2477,,0.062,PBEsol
Cs0.5Cu1Ag0.5Mg1Zr1S4,stannite,-0.962,0.9985,1.069,PBEsol
Cs0.5Cu1Ag0.5Mg1Zr1Se4,kesterite,-0.7574,1.5224,1.008,PBEsol
Cs0.5Cu1Ag0.5Mg1Zr1Se4,stannite,-0.7916,1.2485,0.896,PBEsol
Cs0.5Cu1Ag0.5Sr1Ge1Te4,stannite,-0.4113,,0.456,PBEsol
Cs0.5Cu1Ag0.5Sr1Zr1S4,kesterite,-1.0603,1.624,0.942,PBEsol
Cs0.5Cu1Ag0.5Zn1Ge1Se4,kesterite,-0.3034,0.7125,0.851,PBEsol
Cs0.5Cu1Ag0.5Zn1Ge1Se4,stannite,-0.3531,0.3143,0.63,PBEsol
Cs0.5Cu1Ag0.5Zn1Ge1Te4,stannite,-0.0944,,0.126,PBEsol
Cs0.5Cu1Ag0.5Zn1Sn1S4,kesterite,-0.4002,0.7233,0.428,PBEsol
Cs0.5Cu1Ag0.5Zn1Sn1S4,stannite,-0.4501,0.324,0.11,PBEsol
Cs0.5Cu1Ag0.5Zn1Sn1Se4,stannite,-0.3726,0.5348,0.569,PBEsol
Cs0.5Cu1Ag0.5Zn1Sn1Te4,stannite,-0.1675,,0.199,PBEsol
Cs0.5Cu1Ag0.5Zn1Zr1S4,stannite,-0.7963,0.9734,0.96,PBEsol
Cs0.5Cu1Ag0.5Zn1Zr1Se4,stannite,-0.6545,1.2356,0.727,PBEsol
Cs0.5Cu1Ag0.5Zn1Zr1Te4,stannite,-0.3166,1.4858,0.48,PBEsol
Cs1.5Ag0.5Ba1Sn1S4,stannite,-0.9503,0.2377,1.557,PBEsol
Cs1.5Ag0.5Ba1Zr1S4,kesterite,-1.367,0.3232,2.103,PBEsol
Cs1.5Ag0.5Ba1Zr1S4,stannite,-1.3303,0.6171,2.345,PBEsol
Cs1.5Ag0.5Ba1Zr1Se4,kesterite,-1.2609,0.6977,1.827,PBEsol
Cs1.5Ag0.5Ba1Zr1Se4,stannite,-1.2184,1.038,2.047,PBEsol
Cs1.5Ag0.5Ca1Ge1S4,stannite,-0.8982,0.5829,1.365,PBEsol
Cs1.5Ag0.5Ca1Ge1Se4,stannite,-0.7291,1.6379,1.012,PBEsol
Cs1.5Ag0.5Ca1Sn1S4,stannite,-0.9192,0.6907,1.315,PBEsol
Cs1.5Ag0.5Ca1Sn1Te4,kesterite,-0.6364,,0.907,PBEsol
Cs1.5Ag0.5Ca1Zr1S4,kesterite,-1.3541,0.6311,2.062,PBEsol
Cs1.5Ag0.5Ca1Zr1S4,stannite,-1.3034,1.0366,2.294,PBEsol
Cs1.5Ag0.5Ca1Zr1Se4,kesterite,-1.2293,0.969,1.812,PBEsol
Cs1.5Ag0.5Ca1Zr1Te4,stannite,-0.8079,1.81,1.608,PBEsol
Cs1.5Ag0.5Cd1Ge1S4,kesterite,-0.6603,-0.6825,1.597,PBEsol
Cs1.5Ag0.5Cd1Ge1S4,stannite,-0.4797,0.7625,0.669,PBEsol
Cs1.5Ag0.5Cd1Sn1S4,kesterite,-0.6626,-0.4249,1.408,PBEsol
Cs1.5Ag0.5Cd1Sn1S4,stannite,-0.5655,0.3522,0.747,PBEsol
Cs1.5Ag0.5Cd1Sn1Se4,stannite,-0.5293,0.6437,0.264,PBEsol
Cs1.5Ag0.5Cd1Sn1Te4,kesterite,-0.389,,0.849,PBEsol
Cs1.5Ag0.5Cd1Zr1S4,stannite,-0.9352,0.8137,1.301,PBEsol
Cs1.5Ag0.5Cd1Zr1Se4,kesterite,-0.908,0.5698,1.333,PBEsol
Cs1.5Ag0.5Cd1Zr1Se4,stannite,-0.839,1.1217,0.979,PBEsol
Cs1.5Ag0.5Cd1Zr1Te4,kesterite,-0.4391,2.2101,0.618,PBEsol
Cs1.5Ag0.5Mg1Ge1S4,kesterite,-0.8003,-0.0573,2.113,PBEsol
Cs1.5Ag0.5Mg1Ge1S4,stannite,-0.6801,0.904,0.984,PBEsol
Cs1.5Ag0.5Mg1Ge1Se4,kesterite,-0.7678,-0.3113,1.598,PBEsol
Cs1.5Ag0.5Mg1Ge1Se4,stannite,-0.5571,1.3742,0.397,PBEsol
Cs1.5Ag0.5Mg1Sn1S2Se2,kesterite,-0.8023,-0.0578,1.484,PBEsol
Cs1.5Ag0.5Mg1Sn1S2Se2,stannite,-0.6827,0.899,0.688,PBEsol
Cs1.5Ag0.5Mg1Sn1S4,kesterite,-0.7398,0.7024,1.667,PBEsol
Cs1.5Ag0.5Mg1Sn1S4,stannite,-0.6653,1.2981,0.883,PBEsol
Cs1.5Ag0.5Mg1Sn1Se4,kesterite,-0.5955,1.4441,1.127,PBEsol
Cs1.5Ag0.5Mg1Sn1Se4,stannite,-0.5264,1.9968,0.403,PBEsol
Cs1.5Ag0.5Mg1Sn1Te4,stannite,-0.4077,,0.199,PBEsol
Cs1.5Ag0.5Mg1Zr1S4,kesterite,-1.1118,1.1461,1.73,PBEsol
Cs1.5Ag0.5Mg1Zr1S4,stannite,-1.0574,1.5808,1.521,PBEsol
Cs1.5Ag0.5Mg1Zr1Se4,kesterite,-0.9244,1.769,1.323,PBEsol
Cs1.5Ag0.5Mg1Zr1Se4,stannite,-0.8819,2.109,1.209,PBEsol
Cs1.5Ag0.5Mg1Zr1Te4,kesterite,-0.3951,3.4563,0.891,PBEsol
Cs1.5Ag0.5Mg1Zr1Te4,stannite,-0.3643,3.7025,0.748,PBEsol
Cs1.5Ag0.5Sr1Ge1S3Se1,kesterite,-1.0047,-0.3771,2.033,PBEsol
Cs1.5Ag0.5Sr1Sn1S4,stannite,-0.9405,0.5085,1.401,PBEsol
Cs1.5Ag0.5Sr1Sn1Se4,stannite,-0.876,0.9143,0.988,PBEsol
Cs1.5Ag0.5Sr1Zr1S4,stannite,-1.321,0.884,2.335,PBEsol
Cs1.5Ag0.5Sr1Zr1Se4,kesterite,-1.2529,0.8554,1.796,PBEsol
Cs1.5Ag0.5Zn1Ge1S4,kesterite,-0.6345,-0.0817,1.822,PBEsol
Cs1.5Ag0.5Zn1Ge1S4,stannite,-0.475,1.1949,0.538,PBEsol
Cs1.5Ag0.5Zn1Sn1S4,kesterite,-0.6774,-0.1487,1.617,PBEsol
Cs1.5Ag0.5Zn1Sn1S4,stannite,-0.5805,0.6262,0.673,PBEsol
Cs1.5Ag0.5Zn1Sn1Se4,stannite,-0.5124,0.9989,0.197,PBEsol
Cs1.5Ag0.5Zn1Sn1Te4,kesterite,-0.4005,,0.657,PBEsol
Cs1.5Ag0.5Zn1Zr1S4,kesterite,-0.9428,1.1473,1.489,PBEsol
Cs1.5Ag0.5Zn1Zr1S4,stannite,-0.9448,1.1312,1.263,PBEsol
Cs1.5Ag0.5Zn1Zr1Se4,kesterite,-0.9032,0.8286,1.421,PBEsol
Cs1.5Ag0.5Zn1Zr1Se4,stannite,-0.7251,2.2536,0.707,PBEsol
Cs1.5Ag0.5Zn1Zr1Te4,kesterite,-0.417,2.4382,0.452,PBEsol
Cs1.5Ag0.5Zn1Zr1Te4,stannite,-0.2655,3.65,0.362,PBEsol
Cs1.5Cu0.5Ba1Zr1Te4,kesterite,-0.8669,1.4181,1.203,PBEsol
Cs1.5Cu0.5Ca1Ge1Se4,stannite,-0.7769,1.2375,0.725,PBEsol
Cs1.5Cu0.5Ca1Sn1Te4,stannite,-0.5684,,0.442,PBEsol
Cs1.5Cu0.5Ca1Zr1S4,kesterite,-1.2718,1.3787,1.427,PBEsol
Cs1.5Cu0.5Cd1Ge1Se4,kesterite,-0.5408,0.1567,0.745,PBEsol
Cs1.5Cu0.5Cd1Ge1Se4,stannite,-0.4173,1.1447,0.161,PBEsol
Cs1.5Cu0.5Cd1Sn1Te4,stannite,-0.2131,,0.438,PBEsol
Cs1.5Cu0.5Mg1Ge1S4,kesterite,-0.7463,0.4638,1.662,PBEsol
Cs1.5Cu0.5Mg1Ge1S4,stannite,-0.7039,0.803,0.714,PBEsol
Cs1.5Cu0.5Mg1Ge1Se4,kesterite,-0.6798,0.3747,1.212,PBEsol
Cs1.5Cu0.5Mg1Ge1Se4,stannite,-0.5504,1.4098,0.222,PBEsol
Cs1.5Cu0.5Mg1Sn1S4,stannite,-0.7025,1.0902,0.592,PBEsol
Cs1.5Cu0.5Mg1Sn1Se4,stannite,-0.606,1.3418,0.206,PBEsol
Cs1.5Cu0.5Mg1Zr1S4,stannite,-1.0866,1.4363,1.273,PBEsol
Cs1.5Cu0.5Mg1Zr1Se4,stannite,-0.9865,1.2533,1.283,PBEsol
Cs1.5Cu0.5Mg1Zr1Te4,kesterite,-0.6488,1.2889,1.071,PBEsol
Cs1.5Cu0.5Mg1Zr1Te4,stannite,-0.5898,1.7606,0.759,PBEsol
Cs1.5Cu0.5Sr1Zr1Te4,kesterite,-0.8475,1.5401,1.167,PBEsol
Cs1.5Cu0.5Zn1Ge1S4,stannite,-0.4676,1.3429,0.258,PBEsol
Cs1.5Cu0.5Zn1Sn1Te4,kesterite,-0.2311,,0.423,PBEsol
Cs1.5Cu0.5Zn1Zr1Se4,stannite,-0.7261,2.2275,0.439,PBEsol
Cs1.5Cu0.5Zn1Zr1Te4,kesterite,-0.5002,1.6344,0.788,PBEsol
Cs1.5Cu0.5Zn1Zr1Te4,stannite,-0.4739,1.8451,0.412,PBEsol
Cs1Ag1Ba1Ge1Te4,stannite,-0.589,,0.731,PBEsol
Cs1Ag1Ba1Sn1Se4,stannite,-0.8809,0.0118,1.086,PBEsol
Cs1Ag1Ba1Zr1S4,stannite,-1.2948,0.1419,2.058,PBEsol
Cs1Ag1Ba1Zr1Se4,stannite,-1.1731,0.6303,1.732,PBEsol
Cs1Ag1Ba1Zr1Te4,stannite,-0.7969,1.3787,1.42,PBEsol
Cs1Ag1Ca0.5Sr0.5Ge1S1Se2Te1,kesterite,-0.8062,,0.914,PBEsol
Cs1Ag1Ca0.5Sr0.5Ge1S1Se2Te1,stannite,-0.7384,,0.967,PBEsol
Cs1Ag1Ca1Zr1S4,stannite,-1.2407,0.779,2.162,PBEsol
Cs1Ag1Ca1Zr1Se4,stannite,-1.1108,1.1466,1.887,PBEsol
Cs1Ag1Ca1Zr1Te4,stannite,-0.7397,1.6188,1.487,PBEsol
Cs1Ag1Cd1Ge1S4,stannite,-0.5143,-0.2732,0.763,PBEsol
Cs1Ag1Cd1Sn1S4,stannite,-0.4467,0.5428,0.673,PBEsol
Cs1Ag1Cd1Sn1Se4,kesterite,-0.4304,0.6644,0.142,PBEsol
Cs1Ag1Cd1Sn1Se4,stannite,-0.3511,1.2991,0.341,PBEsol
Cs1Ag1Cd1Zr1Se4,kesterite,-0.7214,1.2925,0.993,PBEsol
Cs1Ag1Cd1Zr1Se4,stannite,-0.6538,1.8335,0.742,PBEsol
Cs1Ag1Mg1Ge1S4,stannite,-0.6817,0.1322,1.06,PBEsol
Cs1Ag1Mg1Ge1Se4,stannite,-0.5761,0.4524,0.525,PBEsol
Cs1Ag1Mg1Sn1S4,kesterite,-0.6541,0.6286,0.868,PBEsol
Cs1Ag1Mg1Sn1S4,stannite,-0.6601,0.5811,0.901,PBEsol
Cs1Ag1Mg1Sn1Se4,stannite,-0.5287,1.2075,0.559,PBEsol
Cs1Ag1Mg1Sn1Te4,kesterite,-0.3143,,0.1,PBEsol
Cs1Ag1Mg1Sn1Te4,stannite,-0.3932,,0.392,PBEsol
Cs1Ag1Mg1Zr1S4,kesterite,-1.0194,1.126,1.463,PBEsol
Cs1Ag1Mg1Zr1S4,stannite,-1.033,1.0169,1.5,PBEsol
Cs1Ag1Mg1Zr1Se4,kesterite,-0.8888,1.283,1.071,PBEsol
Cs1Ag1Mg1Zr1Se4,stannite,-0.8458,1.6269,1.207,PBEsol
Cs1Ag1Mg1Zr1Te4,stannite,-0.5881,1.175,1.0,PBEsol
Cs1Ag1Sr1Ge1S4,stannite,-0.9028,-0.2246,1.728,PBEsol
Cs1Ag1Sr1Ge1Se4,stannite,-0.7858,0.4896,1.148,PBEsol
Cs1Ag1Sr1Sn1S4,stannite,-0.9288,-0.1572,1.386,PBEsol
Cs1Ag1Sr1Zr1S4,stannite,-1.1967,1.1191,2.13,PBEsol
Cs1Ag1Zn1Ge1Se4,stannite,-0.457,0.2956,0.131,PBEsol
Cs1Ag1Zn1Ge1Te4,stannite,-0.0379,,0.088,PBEsol
Cs1Ag1Zn1Sn1S4,stannite,-0.5012,0.5017,0.533,PBEsol
Cs1Ag1Zn1Sn1Se4,stannite,-0.4194,0.9733,0.136,PBEsol
Cs1Ag1Zn1Zr1S4,kesterite,-0.8308,1.2844,1.07,PBEsol
Cs1Ag1Zn1Zr1S4,stannite,-0.899,0.7389,1.019,PBEsol
Cs1Ag1Zn1Zr1Se4,stannite,-0.7829,1.0212,0.85,PBEsol
Cs1Ag1Zn1Zr1Te4,kesterite,-0.4033,1.8102,0.515,PBEsol
Cs1Ag1Zn1Zr1Te4,stannite,-0.2796,2.8,0.362,PBEsol
Cs1Al0.5Ga0.5S2,kesterite,-1.101,-0.6918,2.92,PBEsol
Cs1Al0.5Ga0.5S2,stannite,-0.9041,0.0958,1.51,PBEsol
Cs1Al0.5Ga0.5Se1Te1,kesterite,-0.8173,-0.4274,1.867,PBEsol
Cs1Al0.5Ga0.5Se1Te1,stannite,-0.6696,0.1634,0.192,PBEsol
Cs1Al0.5Ga0.5Se2,kesterite,-1.0295,-0.684,2.155,PBEsol
Cs1Al0.5Ga0.5Se2,stannite,-0.799,0.2379,0.916,PBEsol
Cs1Al0.5Ga0.5Te2,stannite,-0.5334,0.1876,0.254,PBEsol
Cs1Al0.5In0.5S1Te1,kesterite,-0.7994,-0.294,1.806,PBEsol
Cs1Al0.5In0.5S1Te1,stannite,-0.7073,0.0747,0.105,PBEsol
Cs1Al0.5In0.5S2,kesterite,-1.066,-0.6837,2.732,PBEsol
Cs1Al0.5In0.5S2,stannite,-0.8782,0.0677,1.337,PBEsol
Cs1Al0.5In0.5Se1Te1,kesterite,-0.7323,-0.1422,1.534,PBEsol
Cs1Al0.5In0.5Se1Te1,stannite,-0.691,0.0229,0.064,PBEsol
Cs1Al0.5In0.5Se2,kesterite,-0.3601,1.9068,2.059,PBEsol
Cs1Al0.5In0.5Se2,stannite,-0.7353,0.4059,0.558,PBEsol
Cs1Al0.5In0.5Te2,kesterite,-0.702,-0.5097,1.588,PBEsol
Cs1Al0.5In0.5Te2,stannite,-0.5573,0.0691,0.323,PBEsol
Cs1Al1S1Se1,kesterite,-1.1737,-0.7464,3.115,PBEsol
Cs1Al1S1Te1,stannite,-0.7507,0.3078,0.243,PBEsol
Cs1Al1S2,kesterite,-1.2532,-0.813,3.589,PBEsol
Cs1Al1S2,stannite,-1.0578,-0.0317,1.705,PBEsol
Cs1Al1Se1Te1,kesterite,-0.9073,-0.5342,2.475,PBEsol
Cs1Al1Se1Te1,stannite,-0.7417,0.1284,0.282,PBEsol
Cs1Al1Se2,kesterite,-1.1141,-0.6877,2.852,PBEsol
Cs1Al1Se2,stannite,-0.9388,0.0134,1.027,PBEsol
Cs1Al1Te2,kesterite,-0.7523,-0.5163,2.243,PBEsol
Cs1Al1Te2,stannite,-0.5868,0.1455,0.592,PBEsol
Cs1Cu0.5Ag0.5Ba0.5Zn0.5Sn1S1Se1Te2,stannite,-0.5798,,0.248,PBEsol
Cs1Cu0.5Ag0.5Ba1Sn1Te4,stannite,-0.615,,0.73,PBEsol
Cs1Cu0.5Ag0.5Ca1Zr1Te4,stannite,-0.7287,1.5606,1.118,PBEsol
Cs1Cu0.5Ag0.5Cd1Ge1S3Te1,kesterite,-0.4214,,0.037,PBEsol
Cs1Cu0.5Ag0.5Cd1Ge1S3Te1,stannite,-0.4257,,0.001,PBEsol
Cs1Cu0.5Ag0.5Cd1Sn1S4,stannite,-0.5471,-0.1795,0.433,PBEsol
Cs1Cu0.5Ag0.5Cd1Sn1Se4,stannite,-0.4278,0.6584,0.294,PBEsol
Cs1Cu0.5Ag0.5Cd1Sn1Te4,kesterite,-0.2034,,0.033,PBEsol
Cs1Cu0.5Ag0.5Cd1Sn1Te4,stannite,-0.3009,,0.142,PBEsol
Cs1Cu0.5Ag0.5Cd1Zr1Te4,kesterite,-0.3881,1.7347,0.424,PBEsol
Cs1Cu0.5Ag0.5Cd1Zr1Te4,stannite,-0.399,1.6475,0.452,PBEsol
Cs1Cu0.5Ag0.5Mg0.5Ba0.5Sn0.5Ge0.5S1Se2Te1,stannite,-0.3225,,0.765,PBEsol
Cs1Cu0.5Ag0.5Mg1Ge1S4,kesterite,-0.6219,0.6909,0.578,PBEsol
Cs1Cu0.5Ag0.5Mg1Ge1S4,stannite,-0.7228,-0.1162,0.801,PBEsol
Cs1Cu0.5Ag0.5Mg1Ge1Se4,stannite,-0.6256,0.0287,0.381,PBEsol
Cs1Cu0.5Ag0.5Mg1Sn1S4,kesterite,-0.6298,0.9036,0.523,PBEsol
Cs1Cu0.5Ag0.5Mg1Sn1Te4,stannite,-0.4146,,0.277,PBEsol
Cs1Cu0.5Ag0.5Mg1Zr1Se4,stannite,-0.9503,0.7641,1.187,PBEsol
Cs1Cu0.5Ag0.5Mg1Zr1Te4,kesterite,-0.5014,1.7216,0.59,PBEsol
Cs1Cu0.5Ag0.5Mg1Zr1Te4,stannite,-0.5803,1.091,0.969,PBEsol
Cs1Cu0.5Ag0.5Sr0.5Ba0.5Sn0.5Ge0.5S3Te1,stannite,-0.8492,,1.0,PBEsol
Cs1Cu0.5Ag0.5Sr1Ge1S1Se2Te1,kesterite,-0.2662,,0.127,PBEsol
Cs1Cu0.5Ag0.5Sr1Ge1S2Te2,stannite,-0.7527,,0.955,PBEsol
Cs1Cu0.5Ag0.5Sr1Sn1Se4,stannite,-0.8692,0.172,0.788,PBEsol
Cs1Cu0.5Ag0.5Zn1Ge1S4,stannite,-0.5503,-0.0867,0.505,PBEsol
Cs1Cu0.5Ag0.5Zn1Ge1Se4,stannite,-0.4242,0.5311,0.064,PBEsol
Cs1Cu0.5Ag0.5Zn1Sn1Se4,stannite,-0.5187,0.1511,0.452,PBEsol
Cs1Cu0.5Ag0.5Zn1Zr1Te4,kesterite,-0.3683,1.9436,0.388,PBEsol
Cs1Cu0.5Ag0.5Zn1Zr1Te4,stannite,-0.4518,1.2753,0.42,PBEsol
Cs1Cu1Ba0.5Cd0.5Ge1Se4,stannite,-0.6232,0.1669,0.159,PBEsol
Cs1Cu1Ba1Ge1Se4,stannite,-0.8387,-0.064,0.879,PBEsol
Cs1Cu1Ba1Ge1Te4,stannite,-0.5456,,0.401,PBEsol
Cs1Cu1Ba1Sn1Se4,stannite,-0.8642,0.109,0.721,PBEsol
Cs1Cu1Ba1Zr1Se4,stannite,-1.1514,0.7675,1.371,PBEsol
Cs1Cu1Ca1Ge1Se4,kesterite,-0.641,1.5359,0.253,PBEsol
Cs1Cu1Cd1Ge1S4,stannite,-0.5434,-0.3285,0.666,PBEsol
Cs1Cu1Cd1Ge1Se4,stannite,-0.4882,-0.2112,0.183,PBEsol
Cs1Cu1Cd1Sn1S4,stannite,-0.5316,0.0422,0.475,PBEsol
Cs1Cu1Cd1Sn1Te4,kesterite,-0.1703,,0.068,PBEsol
Cs1Cu1Cd1Sn1Te4,stannite,-0.309,,0.123,PBEsol
Cs1Cu1Cd1Zr1Se4,stannite,-0.7171,1.2904,0.497,PBEsol
Cs1Cu1Cd1Zr1Te4,kesterite,-0.361,1.8223,0.328,PBEsol
Cs1Cu1Cd1Zr1Te4,stannite,-0.232,2.8546,0.376,PBEsol
Cs1Cu1Mg1Ge1S4,kesterite,-0.5888,1.0532,0.39,PBEsol
Cs1Cu1Mg1Ge1S4,stannite,-0.7377,-0.1379,0.919,PBEsol
Cs1Cu1Mg1Ge1Se4,kesterite,-0.4958,1.0585,0.055,PBEsol
Cs1Cu1Mg1Ge1Se4,stannite,-0.6411,-0.1042,0.369,PBEsol
Cs1Cu1Mg1Ge1Te4,kesterite,-0.289,,0.057,PBEsol
Cs1Cu1Mg1Ge1Te4,stannite,-0.3269,,0.386,PBEsol
Cs1Cu1Mg1Sn1S4,kesterite,-0.6094,1.1649,0.508,PBEsol
Cs1Cu1Mg1Sn1S4,stannite,-0.7362,0.1501,0.715,PBEsol
Cs1Cu1Mg1Sn1Se4,stannite,-0.6265,0.3889,0.468,PBEsol
Cs1Cu1Mg1Sn1Te4,stannite,-0.243,,0.507,PBEsol
Cs1Cu1Mg1Zr1S4,stannite,-1.1081,0.5947,1.282,PBEsol
Cs1Cu1Mg1Zr1Se4,stannite,-0.9511,0.7482,1.119,PBEsol
Cs1Cu1Mg1Zr1Te4,kesterite,-0.4729,1.8211,0.344,PBEsol
Cs1Cu1Sr1Sn0.5Ge0.5S1Te3,stannite,-0.6227,,0.306,PBEsol
Cs1Cu1Sr1Sn1Se4,stannite,-0.8564,0.265,0.523,PBEsol
Cs1Cu1Sr1Zr1S4,stannite,-1.2884,0.5643,1.735,PBEsol
Cs1Cu1Sr1Zr1Te4,stannite,-0.5408,3.1186,0.889,PBEsol
Cs1Cu1Zn1Ge1S4,stannite,-0.5846,-0.2628,0.42,PBEsol
Cs1Cu1Zn1Ge1Se4,kesterite,-0.4143,0.6007,0.725,PBEsol
Cs1Cu1Zn1Ge1Se4,stannite,-0.4829,0.0522,0.114,PBEsol
Cs1Cu1Zn1Sn1Se4,stannite,-0.4798,0.4536,0.094,PBEsol
Cs1Cu1Zn1Sn1Te4,stannite,-0.265,,0.238,PBEsol
Cs1Cu1Zn1Zr1S4,stannite,-0.9423,0.5704,0.75,PBEsol
Cs1Ga0.5In0.5S2,kesterite,-0.9073,-0.5187,2.084,PBEsol
Cs1Ga0.5In0.5S2,stannite,-0.6634,0.457,0.242,PBEsol
Cs1Ga0.5In0.5Se2,kesterite,-0.8692,-0.4469,2.069,PBEsol
Cs1Ga0.5In0.5Se2,stannite,-0.6536,0.4159,0.392,PBEsol
Cs1Ga0.5In0.5Te2,stannite,-0.5033,0.1313,0.201,PBEsol
Cs1Ga1S1Se1,kesterite,-0.9639,-0.6936,2.189,PBEsol
Cs1Ga1S1Se1,stannite,-0.6807,0.4392,0.797,PBEsol
Cs1Ga1S1Te1,kesterite,-0.7314,-0.2386,1.644,PBEsol
Cs1Ga1S1Te1,stannite,-0.6021,0.2785,0.139,PBEsol
Cs1Ga1S2,kesterite,-0.9918,-0.7072,2.875,PBEsol
Cs1Ga1S2,stannite,-0.5927,0.8894,0.158,PBEsol
Cs1Ga1Se1Te1,kesterite,-0.7025,-0.1858,1.791,PBEsol
Cs1Ga1Se1Te1,stannite,-0.5987,0.2294,0.071,PBEsol
Cs1Ga1Se2,kesterite,-0.9024,-0.4748,2.279,PBEsol
Cs1Ga1Se2,stannite,-0.7502,0.134,0.491,PBEsol
Cs1Ga1Te2,kesterite,-0.6608,-0.4582,1.339,PBEsol
Cs1Ga1Te2,stannite,-0.482,0.2571,0.073,PBEsol
Cs1In1S1Se1,kesterite,-0.8527,-0.4676,2.087,PBEsol
Cs1In1S1Se1,stannite,-0.6421,0.3747,0.512,PBEsol
Cs1In1S1Te1,kesterite,-0.7563,-0.4929,1.671,PBEsol
Cs1In1S1Te1,stannite,-0.6188,0.0571,0.306,PBEsol
Cs1In1S2,kesterite,-0.8874,-0.5528,2.427,PBEsol
Cs1In1S2,stannite,-0.7914,-0.1686,1.295,PBEsol
Cs1In1Se1Te1,kesterite,-0.7613,-0.5304,1.292,PBEsol
Cs1In1Se1Te1,stannite,-0.6252,0.0138,0.154,PBEsol
Cs1In1Se2,kesterite,-0.7829,-0.1707,2.01,PBEsol
Cs1In1Se2,stannite,-0.7583,-0.0722,0.744,PBEsol
Cs1In1Te2,kesterite,-0.6528,-0.4716,1.182,PBEsol
Cs1In1Te2,stannite,-0.5188,0.0644,0.422,PBEsol
Cs2Ba0.5Cd0.5Ge1S4,stannite,-0.6999,1.2357,0.677,PBEsol
Cs2Ba0.5Cd0.5Ge1Se4,stannite,-0.5685,2.1922,0.349,PBEsol
Cs2Ba0.5Cd0.5Ge1Te4,stannite,-0.3656,,0.08,PBEsol
Cs2Ba0.5Cd0.5Sn1S4,stannite,-0.8664,0.179,1.317,PBEsol
Cs2Ba0.5Cd0.5Zr1S4,stannite,-1.0756,1.925,0.919,PBEsol
Cs2Ba0.5Cd0.5Zr1Se4,stannite,-0.9042,2.8391,0.541,PBEsol
Cs2Ba0.5Cd0.5Zr1Te4,stannite,-0.3302,5.1962,0.117,PBEsol
Cs2Ba0.5Zn0.5Ge1S4,kesterite,-0.9916,-0.9012,2.431,PBEsol
Cs2Ba0.5Zn0.5Ge1S4,stannite,-0.695,1.4722,0.373,PBEsol
Cs2Ba0.5Zn0.5Sn1S4,stannite,-0.7072,1.6504,0.569,PBEsol
Cs2Ba0.5Zn0.5Sn1Te4,kesterite,-0.6935,,1.554,PBEsol
Cs2Ba0.5Zn0.5Zr1S4,kesterite,-1.3587,-0.1424,2.63,PBEsol
Cs2Ba0.5Zn0.5Zr1Se4,kesterite,-1.2469,0.2079,2.214,PBEsol
Cs2Ba0.5Zn0.5Zr1Se4,stannite,-0.9736,2.3949,0.431,PBEsol
Cs2Ba1Ge0.5Zr0.5S4,kesterite,-1.1963,0.5939,2.119,PBEsol
Cs2Ba1Ge0.5Zr0.5Se4,kesterite,-1.2011,0.2739,1.8,PBEsol
Cs2Ba1Ge0.5Zr0.5Te4,stannite,-0.4897,,0.653,PBEsol
Cs2Ba1Ge1S2Te2,stannite,-0.8539,,0.996,PBEsol
Cs2Ba1Ge1S3Se1,stannite,-1.0349,-0.0133,1.566,PBEsol
Cs2Ba1Ge1S4,kesterite,-1.0971,-0.4423,2.214,PBEsol
Cs2Ba1Ge1S4,stannite,-0.9719,0.5592,1.408,PBEsol
Cs2Ba1Ge1Se3Te1,kesterite,-1.0641,,1.614,PBEsol
Cs2Ba1Ge1Se4,kesterite,-1.066,-0.2939,1.721,PBEsol
Cs2Ba1Ge1Se4,stannite,-0.983,0.3695,1.329,PBEsol
Cs2Ba1Ge1Te4,kesterite,-0.7727,,0.931,PBEsol
Cs2Ba1Ge1Te4,stannite,-0.6891,,0.926,PBEsol
Cs2Ba1Sn0.5Ge0.5S4,kesterite,-1.013,0.3505,1.999,PBEsol
Cs2Ba1Sn0.5Ge0.5S4,stannite,-0.9641,0.7422,1.61,PBEsol
Cs2Ba1Sn0.5Ge0.5Te4,stannite,-0.7207,,0.936,PBEsol
Cs2Ba1Sn0.5Zr0.5S4,kesterite,-1.1319,1.2472,2.206,PBEsol
Cs2Ba1Sn0.5Zr0.5S4,stannite,-1.11,1.4223,1.735,PBEsol
Cs2Ba1Sn0.5Zr0.5Se4,kesterite,-0.8866,2.9776,1.677,PBEsol
Cs2Ba1Sn0.5Zr0.5Se4,stannite,-0.7944,3.7151,1.171,PBEsol
Cs2Ba1Sn0.5Zr0.5Te4,kesterite,-0.8648,,1.271,PBEsol
Cs2Ba1Sn0.5Zr0.5Te4,stannite,-0.8697,,1.161,PBEsol
Cs2Ba1Sn1S1Se3,stannite,-0.7998,2.1685,1.3,PBEsol
Cs2Ba1Sn1S2Se2,stannite,-0.8215,1.9849,1.415,PBEsol
Cs2Ba1Sn1S2Te2,stannite,-0.9009,,1.104,PBEsol
Cs2Ba1Sn1S3Se1,kesterite,-1.1138,-0.343,2.159,PBEsol
Cs2Ba1Sn1S3Se1,stannite,-1.0017,0.5534,1.591,PBEsol
Cs2Ba1Sn1S3Te1,stannite,-0.9799,,1.078,PBEsol
Cs2Ba1Sn1S4,kesterite,-1.1456,-0.5544,2.472,PBEsol
Cs2Ba1Sn1S4,stannite,-0.9739,0.8196,1.54,PBEsol
Cs2Ba1Sn1Se3Te1,stannite,-0.9574,,0.999,PBEsol
Cs2Ba1Sn1Se4,kesterite,-1.0999,-0.1889,1.91,PBEsol
Cs2Ba1Sn1Se4,stannite,-1.0329,0.3468,1.452,PBEsol
Cs2Ba1Sn1Te4,kesterite,-0.8268,,1.198,PBEsol
Cs2Ba1Sn1Te4,stannite,-0.7554,,1.082,PBEsol
Cs2Ba1Zr1S1Se1Te2,stannite,-0.9514,2.8274,1.709,PBEsol
Cs2Ba1Zr1S1Se2Te1,stannite,-1.0892,2.3068,1.978,PBEsol
Cs2Ba1Zr1S1Se3,stannite,-1.2205,1.8753,2.28,PBEsol
Cs2Ba1Zr1S2Se1Te1,stannite,-1.3097,0.6583,2.017,PBEsol
Cs2Ba1Zr1S2Se2,kesterite,-1.4443,0.1901,2.736,PBEsol
Cs2Ba1Zr1S2Se2,stannite,-1.2584,1.6775,2.409,PBEsol
Cs2Ba1Zr1S2Te2,stannite,-1.2091,0.9085,2.214,PBEsol
Cs2Ba1Zr1S3Se1,stannite,-1.2873,1.5724,2.444,PBEsol
Cs2Ba1Zr1S3Te1,stannite,-1.3361,0.6001,1.922,PBEsol
Cs2Ba1Zr1S4,kesterite,-1.4961,0.0609,2.948,PBEsol
Cs2Ba1Zr1S4,stannite,-1.3201,1.4687,2.564,PBEsol
Cs2Ba1Zr1Se1Te3,stannite,-1.075,1.1774,1.857,PBEsol
Cs2Ba1Zr1Se2Te2,kesterite,-0.7072,4.6921,1.048,PBEsol
Cs2Ba1Zr1Se2Te2,stannite,-1.1425,1.2091,2.157,PBEsol
Cs2Ba1Zr1Se3Te1,stannite,-1.2414,1.0098,2.06,PBEsol
Cs2Ba1Zr1Se4,kesterite,-1.0428,3.2243,2.344,PBEsol
Cs2Ba1Zr1Se4,stannite,-1.0279,3.3432,2.02,PBEsol
Cs2Ca0.5Ba0.5Ge1S4,stannite,-0.9158,1.0924,1.371,PBEsol
Cs2Ca0.5Ba0.5Ge1Se4,stannite,-0.7856,1.9401,0.999,PBEsol
Cs2Ca0.5Ba0.5Sn1S4,stannite,-0.913,1.391,1.554,PBEsol
Cs2Ca0.5Ba0.5Sn1Se4,stannite,-0.8429,1.8584,1.279,PBEsol
Cs2Ca0.5Ba0.5Sn1Te4,stannite,-0.3044,,0.427,PBEsol
Cs2Ca0.5Ba0.5Zr1S4,stannite,-1.3322,1.4564,2.071,PBEsol
Cs2Ca0.5Ba0.5Zr1Se4,stannite,-1.1964,1.9868,1.723,PBEsol
Cs2Ca0.5Ba0.5Zr1Te4,stannite,-0.6803,3.6707,1.168,PBEsol
Cs2Ca0.5Cd0.5Ge1S4,stannite,-0.7254,1.1335,0.952,PBEsol
Cs2Ca0.5Cd0.5Sn1S4,kesterite,-0.7904,0.8895,2.282,PBEsol
Cs2Ca0.5Cd0.5Sn1S4,stannite,-0.6856,1.7279,0.953,PBEsol
Cs2Ca0.5Cd0.5Sn1Se4,stannite,-0.6254,2.1231,0.078,PBEsol
Cs2Ca0.5Cd0.5Zr1S4,kesterite,-1.1815,1.1801,2.504,PBEsol
Cs2Ca0.5Cd0.5Zr1S4,stannite,-1.0916,1.899,0.935,PBEsol
Cs2Ca0.5Cd0.5Zr1Se4,kesterite,-1.0017,2.0688,2.033,PBEsol
Cs2Ca0.5Cd0.5Zr1Se4,stannite,-0.9228,2.6999,0.577,PBEsol
Cs2Ca0.5Cd0.5Zr1Te4,kesterite,-0.4121,4.4325,1.339,PBEsol
Cs2Ca0.5Cd0.5Zr1Te4,stannite,-0.7755,1.5253,0.708,PBEsol
Cs2Ca0.5Sr0.5Ge1S4,kesterite,-1.0177,0.3734,2.171,PBEsol
Cs2Ca0.5Sr0.5Ge1S4,stannite,-0.9033,1.2884,1.321,PBEsol
Cs2Ca0.5Sr0.5Ge1Te4,stannite,-0.2741,,0.238,PBEsol
Cs2Ca0.5Sr0.5Sn1S4,kesterite,-0.9915,0.8594,2.375,PBEsol
Cs2Ca0.5Sr0.5Sn1S4,stannite,-0.9228,1.4085,1.523,PBEsol
Cs2Ca0.5Sr0.5Sn1Se4,stannite,-0.8699,1.6891,0.967,PBEsol
Cs2Ca0.5Sr0.5Zr1S4,kesterite,-1.3986,1.0214,2.934,PBEsol
Cs2Ca0.5Sr0.5Zr1S4,stannite,-1.3411,1.4815,2.19,PBEsol
Cs2Ca0.5Sr0.5Zr1Se4,kesterite,-1.2514,1.5932,2.521,PBEsol
Cs2Ca0.5Sr0.5Zr1Se4,stannite,-1.2001,2.0034,1.76,PBEsol
Cs2Ca0.5Sr0.5Zr1Te4,stannite,-0.6894,3.5809,1.159,PBEsol
Cs2Ca0.5Zn0.5Ge1S4,stannite,-0.7272,1.3165,0.776,PBEsol
Cs2Ca0.5Zn0.5Ge1Se4,stannite,-0.7732,0.674,0.568,PBEsol
Cs2Ca0.5Zn0.5Ge1Te4,stannite,-0.493,,0.128,PBEsol
Cs2Ca0.5Zn0.5Sn1S4,stannite,-0.8815,0.3576,1.248,PBEsol
Cs2Ca0.5Zn0.5Sn1Se4,stannite,-0.8299,0.5973,0.712,PBEsol
Cs2Ca0.5Zn0.5Zr1S4,kesterite,-1.3572,-0.0286,2.653,PBEsol
Cs2Ca0.5Zn0.5Zr1S4,stannite,-1.2018,1.2151,0.954,PBEsol
Cs2Ca0.5Zn0.5Zr1Se4,kesterite,-1.2561,0.1438,2.207,PBEsol
Cs2Ca0.5Zn0.5Zr1Se4,stannite,-0.9874,2.293,0.531,PBEsol
Cs2Ca1Ge0.5Zr0.5S4,kesterite,-1.2429,0.4254,2.393,PBEsol
Cs2Ca1Ge0.5Zr0.5S4,stannite,-1.1568,1.1138,1.526,PBEsol
Cs2Ca1Ge0.5Zr0.5Te4,kesterite,-0.9399,,1.558,PBEsol
Cs2Ca1Ge1S1Te3,stannite,-0.7302,,0.436,PBEsol
Cs2Ca1Ge1S2Se1Te1,stannite,-0.8978,,0.377,PBEsol
Cs2Ca1Ge1S2Te2,stannite,-0.8109,,0.642,PBEsol
Cs2Ca1Ge1S3Te1,stannite,-0.7502,,0.705,PBEsol
Cs2Ca1Ge1S4,kesterite,-0.6626,3.238,2.192,PBEsol
Cs2Ca1Ge1S4,stannite,-1.038,0.2345,1.666,PBEsol
Cs2Ca1Ge1Se1Te3,stannite,-0.7171,,0.533,PBEsol
Cs2Ca1Ge1Se4,kesterite,-1.0809,-0.3955,1.92,PBEsol
Cs2Ca1Ge1Se4,stannite,-0.9513,0.6412,1.118,PBEsol
Cs2Ca1Ge1Te4,kesterite,-0.7778,,1.034,PBEsol
Cs2Ca1Ge1Te4,stannite,-0.6479,,0.656,PBEsol
Cs2Ca1Sn0.5Ge0.5S4,kesterite,-1.0497,0.2616,2.363,PBEsol
Cs2Ca1Sn0.5Ge0.5S4,stannite,-0.9658,0.9325,1.522,PBEsol
Cs2Ca1Sn0.5Ge0.5Se2Te2,stannite,-0.8188,,0.582,PBEsol
Cs2Ca1Sn0.5Zr0.5S4,kesterite,-1.3322,-0.1507,2.643,PBEsol
Cs2Ca1Sn0.5Zr0.5S4,stannite,-1.1238,1.5162,1.5,PBEsol
Cs2Ca1Sn0.5Zr0.5Se4,stannite,-0.9972,2.1109,1.035,PBEsol
Cs2Ca1Sn0.5Zr0.5Te4,stannite,-0.8166,,1.025,PBEsol
Cs2Ca1Sn1S1Se1Te2,stannite,-0.8536,,0.535,PBEsol
Cs2Ca1Sn1S1Se2Te1,stannite,-0.9337,,0.505,PBEsol
Cs2Ca1Sn1S1Se3,stannite,-0.8435,1.8833,1.154,PBEsol
Cs2Ca1Sn1S2Se1Te1,stannite,-0.7481,,1.03,PBEsol
Cs2Ca1Sn1S2Se2,stannite,-1.0248,0.4696,1.383,PBEsol
Cs2Ca1Sn1S2Te2,stannite,-0.8564,,0.841,PBEsol
Cs2Ca1Sn1S3Se1,stannite,-0.8882,1.6189,1.333,PBEsol
Cs2Ca1Sn1S3Te1,stannite,-0.9552,,0.491,PBEsol
Cs2Ca1Sn1S4,kesterite,-1.1388,-0.296,2.744,PBEsol
Cs2Ca1Sn1S4,stannite,-0.9377,1.3134,1.002,PBEsol
Cs2Ca1Sn1Se3Te1,stannite,-0.688,,0.872,PBEsol
Cs2Ca1Sn1Se4,kesterite,-1.116,-0.2995,2.143,PBEsol
Cs2Ca1Sn1Se4,stannite,-1.0027,0.6066,1.237,PBEsol
Cs2Ca1Sn1Te4,kesterite,-0.8305,,1.252,PBEsol
Cs2Ca1Sn1Te4,stannite,-0.7148,,0.874,PBEsol
Cs2Ca1Zr1S1Se1Te2,stannite,-1.1471,1.2085,1.462,PBEsol
Cs2Ca1Zr1S1Se2Te1,kesterite,-1.3618,0.1315,1.843,PBEsol
Cs2Ca1Zr1S1Se2Te1,stannite,-1.0621,2.5293,1.003,PBEsol
Cs2Ca1Zr1S1Se3,stannite,-1.2218,1.9288,1.809,PBEsol
Cs2Ca1Zr1S1Te3,kesterite,-1.174,0.3897,1.806,PBEsol
Cs2Ca1Zr1S1Te3,stannite,-1.0597,1.304,1.552,PBEsol
Cs2Ca1Zr1S2Se1Te1,kesterite,-1.3454,0.4257,2.381,PBEsol
Cs2Ca1Zr1S2Se1Te1,stannite,-1.2218,1.414,1.762,PBEsol
Cs2Ca1Zr1S2Se2,stannite,-1.257,1.7999,1.918,PBEsol
Cs2Ca1Zr1S2Te2,kesterite,-1.2778,0.3521,2.26,PBEsol
Cs2Ca1Zr1S2Te2,stannite,-0.9896,2.658,1.545,PBEsol
Cs2Ca1Zr1S3Se1,stannite,-1.295,1.668,2.061,PBEsol
Cs2Ca1Zr1S4,kesterite,-1.1007,3.4283,2.402,PBEsol
Cs2Ca1Zr1S4,stannite,-1.334,1.5618,2.159,PBEsol
Cs2Ca1Zr1Se1Te3,stannite,-1.0349,1.3404,1.638,PBEsol
Cs2Ca1Zr1Se2Te2,stannite,-0.9365,2.7575,1.443,PBEsol
Cs2Ca1Zr1Se3Te1,stannite,-1.0666,2.3677,1.571,PBEsol
Cs2Ca1Zr1Se4,kesterite,-1.2481,1.5998,2.515,PBEsol
Cs2Ca1Zr1Se4,stannite,-1.1987,1.9949,1.908,PBEsol
Cs2Ca1Zr1Te4,kesterite,-0.7159,3.2947,1.792,PBEsol
Cs2Ca1Zr1Te4,stannite,-0.6736,3.6329,1.072,PBEsol
Cs2Cd1Ge0.5Zr0.5S4,stannite,-0.7663,1.0695,1.003,PBEsol
Cs2Cd1Ge1S1Se3,stannite,-0.6333,0.1948,0.514,PBEsol
Cs2Cd1Ge1S1Te3,kesterite,-0.6104,,1.297,PBEsol
Cs2Cd1Ge1S2Se1Te1,stannite,-0.3896,,0.025,PBEsol
Cs2Cd1Ge1S2Se2,stannite,-0.4703,1.5109,0.692,PBEsol
Cs2Cd1Ge1S2Te2,stannite,-0.5131,,0.251,PBEsol
Cs2Cd1Ge1S3Se1,stannite,-0.6765,-0.1067,0.708,PBEsol
Cs2Cd1Ge1S4,kesterite,-0.8585,-1.498,2.266,PBEsol
Cs2Cd1Ge1S4,stannite,-0.7001,-0.2303,1.149,PBEsol
Cs2Cd1Ge1Se1Te3,kesterite,-0.6111,,1.302,PBEsol
Cs2Cd1Ge1Se1Te3,stannite,-0.4492,,0.281,PBEsol
Cs2Cd1Ge1Se2Te2,stannite,-0.5052,,0.069,PBEsol
Cs2Cd1Ge1Se3Te1,stannite,-0.572,,0.266,PBEsol
Cs2Cd1Ge1Se4,kesterite,-0.7408,-0.6437,1.932,PBEsol
Cs2Cd1Ge1Se4,stannite,-0.6424,0.144,0.569,PBEsol
Cs2Cd1Ge1Te4,kesterite,-0.5611,,1.093,PBEsol
Cs2Cd1Ge1Te4,stannite,-0.3937,,0.132,PBEsol
Cs2Cd1Sn0.5Ge0.5S4,kesterite,-0.8498,-1.3076,2.259,PBEsol
Cs2Cd1Sn0.5Ge0.5S4,stannite,-0.5601,1.0099,0.94,PBEsol
Cs2Cd1Sn0.5Ge0.5Se4,stannite,-0.6254,0.4502,0.784,PBEsol
Cs2Cd1Sn0.5Zr0.5S4,stannite,-0.6697,1.9809,0.799,PBEsol
Cs2Cd1Sn0.5Zr0.5Se4,stannite,-0.6301,2.079,0.797,PBEsol
Cs2Cd1Sn1S1Se2Te1,stannite,-0.5981,,0.03,PBEsol
Cs2Cd1Sn1S1Se3,stannite,-0.47,1.8527,0.251,PBEsol
Cs2Cd1Sn1S2Se2,kesterite,-0.8421,-1.1372,1.677,PBEsol
Cs2Cd1Sn1S2Se2,stannite,-0.5363,1.309,1.076,PBEsol
Cs2Cd1Sn1S2Te2,kesterite,-0.6951,,1.635,PBEsol
Cs2Cd1Sn1S3Se1,stannite,-0.4299,2.1672,0.709,PBEsol
Cs2Cd1Sn1S3Te1,stannite,-0.6391,,0.002,PBEsol
Cs2Cd1Sn1S4,stannite,-0.5021,1.6295,0.17,PBEsol
Cs2Cd1Sn1Se4,kesterite,-0.8368,-1.035,1.386,PBEsol
Cs2Cd1Sn1Se4,stannite,-0.6897,0.1418,0.694,PBEsol
Cs2Cd1Sn1Te4,kesterite,-0.6051,,1.115,PBEsol
Cs2Cd1Sn1Te4,stannite,-0.0885,,0.025,PBEsol
Cs2Cd1Zr1S1Se1Te2,stannite,-0.794,1.2236,0.213,PBEsol
Cs2Cd1Zr1S1Se2Te1,stannite,-0.8965,0.9401,0.329,PBEsol
Cs2Cd1Zr1S1Se3,stannite,-0.7225,2.9043,0.512,PBEsol
Cs2Cd1Zr1S2Se1Te1,stannite,-0.6259,3.2169,0.484,PBEsol
Cs2Cd1Zr1S2Te2,kesterite,-0.9653,-0.007,1.49,PBEsol
Cs2Cd1Zr1S2Te2,stannite,-0.8156,1.1907,0.738,PBEsol
Cs2Cd1Zr1S3Se1,stannite,-0.8164,2.3784,0.712,PBEsol
Cs2Cd1Zr1S3Te1,stannite,-0.938,0.8695,0.285,PBEsol
Cs2Cd1Zr1S4,kesterite,-0.9678,1.3235,2.245,PBEsol
Cs2Cd1Zr1S4,stannite,-0.8691,2.1126,0.827,PBEsol
Cs2Cd1Zr1Se1Te3,stannite,-0.5431,2.6196,0.151,PBEsol
Cs2Cd1Zr1Se2Te2,stannite,-0.7826,1.2288,0.747,PBEsol
Cs2Cd1Zr1Se3Te1,stannite,-0.8726,1.0551,0.478,PBEsol
Cs2Cd1Zr1Se4,kesterite,-1.1022,-0.2019,1.772,PBEsol
Cs2Cd1Zr1Se4,stannite,-0.8384,1.9079,0.36,PBEsol
Cs2Mg0.5Ba0.5Ge1S4,stannite,-0.8146,1.1906,0.996,PBEsol
Cs2Mg0.5Ba0.5Sn1S4,stannite,-0.804,1.5514,1.032,PBEsol
Cs2Mg0.5Ba0.5Sn1Se4,stannite,-0.6626,2.4811,1.006,PBEsol
Cs2Mg0.5Ba0.5Sn1Te4,stannite,-0.6053,,0.713,PBEsol
Cs2Mg0.5Ba0.5Zr1S4,kesterite,-1.4525,-0.218,2.957,PBEsol
Cs2Mg0.5Ba0.5Zr1S4,stannite,-1.225,1.6024,1.158,PBEsol
Cs2Mg0.5Ba0.5Zr1Se4,stannite,-0.9693,2.9832,0.757,PBEsol
Cs2Mg0.5Ba0.5Zr1Te4,stannite,-0.4063,5.0343,0.416,PBEsol
Cs2Mg0.5Ca0.5Ge1S4,kesterite,-0.9913,-0.1214,2.591,PBEsol
Cs2Mg0.5Ca0.5Ge1S4,stannite,-0.84,1.0892,1.246,PBEsol
Cs2Mg0.5Ca0.5Ge1Se4,stannite,-0.6964,1.8434,0.692,PBEsol
Cs2Mg0.5Ca0.5Sn1S1Se3,kesterite,-1.0121,-0.2757,2.013,PBEsol
Cs2Mg0.5Ca0.5Sn1S1Se3,stannite,-0.8457,1.0552,0.618,PBEsol
Cs2Mg0.5Ca0.5Sn1S4,kesterite,-0.9519,0.4696,2.467,PBEsol
Cs2Mg0.5Ca0.5Sn1S4,stannite,-0.8434,1.3382,1.175,PBEsol
Cs2Mg0.5Ca0.5Sn1Se4,stannite,-0.7404,1.868,0.649,PBEsol
Cs2Mg0.5Ca0.5Sn1Te4,stannite,-0.6344,,0.58,PBEsol
Cs2Mg0.5Ca0.5Zr1S4,kesterite,-1.3548,0.6663,2.788,PBEsol
Cs2Mg0.5Ca0.5Zr1S4,stannite,-1.2542,1.4708,1.449,PBEsol
Cs2Mg0.5Ca0.5Zr1Se4,stannite,-1.1173,1.8085,1.05,PBEsol
Cs2Mg0.5Ca0.5Zr1Te4,stannite,-0.6282,3.1506,0.592,PBEsol
Cs2Mg0.5Cd0.5Ge1S4,stannite,-0.6533,0.9989,1.09,PBEsol
Cs2Mg0.5Cd0.5Ge1Se4,stannite,-0.7105,0.2461,0.644,PBEsol
Cs2Mg0.5Cd0.5Ge1Te4,stannite,-0.4449,,0.123,PBEsol
Cs2Mg0.5Cd0.5Sn1S4,kesterite,-0.9335,-0.9675,2.459,PBEsol
Cs2Mg0.5Cd0.5Sn1S4,stannite,-0.6227,1.5192,0.961,PBEsol
Cs2Mg0.5Cd0.5Sn1Se4,kesterite,-0.8875,-0.7937,1.936,PBEsol
Cs2Mg0.5Cd0.5Sn1Te4,stannite,-0.4816,,0.452,PBEsol
Cs2Mg0.5Cd0.5Zr1S4,kesterite,-1.139,0.8083,2.385,PBEsol
Cs2Mg0.5Cd0.5Zr1S4,stannite,-1.029,1.6884,0.986,PBEsol
Cs2Mg0.5Cd0.5Zr1Se4,kesterite,-0.9629,1.559,1.912,PBEsol
Cs2Mg0.5Cd0.5Zr1Se4,stannite,-0.8715,2.2903,0.64,PBEsol
Cs2Mg0.5Cd0.5Zr1Te4,kesterite,-0.8178,0.3584,1.247,PBEsol
Cs2Mg0.5Cd0.5Zr1Te4,stannite,-0.7185,1.1525,0.569,PBEsol
Cs2Mg0.5Sr0.5Ge1S4,stannite,-0.8336,1.1345,1.147,PBEsol
Cs2Mg0.5Sr0.5Ge1Se4,stannite,-0.8625,0.5522,0.816,PBEsol
Cs2Mg0.5Sr0.5Sn1S4,stannite,-0.8224,1.5003,1.165,PBEsol
Cs2Mg0.5Sr0.5Sn1Se4,stannite,-0.6148,2.9101,0.692,PBEsol
Cs2Mg0.5Sr0.5Sn1Te4,kesterite,-0.5855,,1.437,PBEsol
Cs2Mg0.5Sr0.5Zr1S4,kesterite,-1.4363,0.0082,2.943,PBEsol
Cs2Mg0.5Sr0.5Zr1S4,stannite,-1.3071,1.042,1.369,PBEsol
Cs2Mg0.5Sr0.5Zr1Se4,kesterite,-1.3019,0.3694,2.429,PBEsol
Cs2Mg0.5Sr0.5Zr1Se4,stannite,-0.9801,2.9437,0.792,PBEsol
Cs2Mg0.5Sr0.5Zr1Te4,stannite,-0.8392,1.5547,1.074,PBEsol
Cs2Mg0.5Zn0.5Ge1S4,kesterite,-0.8419,-0.3129,2.622,PBEsol
Cs2Mg0.5Zn0.5Ge1S4,stannite,-0.7834,0.1551,1.155,PBEsol
Cs2Mg0.5Zn0.5Ge1Se4,stannite,-0.5407,1.7143,0.919,PBEsol
Cs2Mg0.5Zn0.5Sn1S4,kesterite,-0.8175,0.1581,2.323,PBEsol
Cs2Mg0.5Zn0.5Sn1S4,stannite,-0.6762,1.2884,1.0,PBEsol
Cs2Mg0.5Zn0.5Sn1Se4,kesterite,-0.7085,0.7486,1.784,PBEsol
Cs2Mg0.5Zn0.5Sn1Se4,stannite,-0.5739,1.8251,0.474,PBEsol
Cs2Mg0.5Zn0.5Sn1Te4,kesterite,-0.658,,1.26,PBEsol
Cs2Mg0.5Zn0.5Zr1S4,kesterite,-1.2086,0.4491,2.392,PBEsol
Cs2Mg0.5Zn0.5Zr1S4,stannite,-0.8526,3.2971,0.226,PBEsol
Cs2Mg0.5Zn0.5Zr1Se4,kesterite,-1.0458,1.006,1.895,PBEsol
Cs2Mg0.5Zn0.5Zr1Se4,stannite,-0.9327,1.9108,0.667,PBEsol
Cs2Mg1Ge0.5Zr0.5S4,kesterite,-1.1373,-0.1533,2.541,PBEsol
Cs2Mg1Ge0.5Zr0.5S4,stannite,-0.9993,0.9505,1.347,PBEsol
Cs2Mg1Ge0.5Zr0.5Se4,stannite,-0.9693,0.5067,0.893,PBEsol
Cs2Mg1Ge0.5Zr0.5Te4,stannite,-0.5992,,0.297,PBEsol
Cs2Mg1Ge1S1Se3,stannite,-0.8054,0.2519,0.744,PBEsol
Cs2Mg1Ge1S2Se2,stannite,-0.7033,1.1841,0.885,PBEsol
Cs2Mg1Ge1S3Se1,stannite,-0.5897,2.2284,0.207,PBEsol
Cs2Mg1Ge1S3Te1,kesterite,-0.9237,,2.148,PBEsol
Cs2Mg1Ge1S3Te1,stannite,-0.6225,,0.112,PBEsol
Cs2Mg1Ge1S4,kesterite,-1.0388,-1.195,3.038,PBEsol
Cs2Mg1Ge1S4,stannite,-0.7705,0.9511,1.013,PBEsol
Cs2Mg1Ge1Se1Te3,kesterite,-0.7333,,1.48,PBEsol
Cs2Mg1Ge1Se1Te3,stannite,-0.5613,,0.085,PBEsol
Cs2Mg1Ge1Se2Te2,stannite,-0.6287,,0.101,PBEsol
Cs2Mg1Ge1Se4,kesterite,-0.9366,-0.8804,2.414,PBEsol
Cs2Mg1Ge1Se4,stannite,-0.7891,0.2998,0.73,PBEsol
Cs2Mg1Ge1Te4,kesterite,-0.6708,,1.175,PBEsol
Cs2Mg1Ge1Te4,stannite,-0.4973,,0.258,PBEsol
Cs2Mg1Sn0.5Ge0.5S4,kesterite,-0.9662,-0.4945,2.734,PBEsol
Cs2Mg1Sn0.5Ge0.5S4,stannite,-0.8054,0.7919,1.349,PBEsol
Cs2Mg1Sn0.5Ge0.5Se4,kesterite,-0.8233,0.1969,1.948,PBEsol
Cs2Mg1Sn0.5Ge0.5Te4,kesterite,-0.3802,,1.311,PBEsol
Cs2Mg1Sn0.5Zr0.5S4,kesterite,-1.0968,0.3086,2.444,PBEsol
Cs2Mg1Sn0.5Zr0.5S4,stannite,-0.9729,1.2996,1.252,PBEsol
Cs2Mg1Sn0.5Zr0.5Se4,kesterite,-1.1354,-0.6342,2.259,PBEsol
Cs2Mg1Sn0.5Zr0.5Se4,stannite,-0.7818,2.1949,0.73,PBEsol
Cs2Mg1Sn0.5Zr0.5Te4,stannite,-0.2487,,0.137,PBEsol
Cs2Mg1Sn1S1Se2Te1,stannite,-0.5853,,0.304,PBEsol
Cs2Mg1Sn1S1Se3,kesterite,-1.0084,-1.0206,2.132,PBEsol
Cs2Mg1Sn1S1Se3,stannite,-0.689,1.5344,0.842,PBEsol
Cs2Mg1Sn1S2Se1Te1,stannite,-0.565,,0.182,PBEsol
Cs2Mg1Sn1S2Se2,kesterite,-1.0202,-1.0252,2.288,PBEsol
Cs2Mg1Sn1S2Te2,stannite,-0.5076,,0.045,PBEsol
Cs2Mg1Sn1S3Se1,stannite,-0.7409,1.3198,1.091,PBEsol
Cs2Mg1Sn1S3Te1,kesterite,-0.9501,,2.066,PBEsol
Cs2Mg1Sn1S3Te1,stannite,-0.6164,,0.119,PBEsol
Cs2Mg1Sn1S4,kesterite,-1.0323,-0.8673,2.818,PBEsol
Cs2Mg1Sn1S4,stannite,-0.7577,1.3293,0.589,PBEsol
Cs2Mg1Sn1Se1Te3,kesterite,-0.7787,,1.619,PBEsol
Cs2Mg1Sn1Se3Te1,stannite,-0.4308,,0.243,PBEsol
Cs2Mg1Sn1Se4,kesterite,-1.0001,-1.0117,1.864,PBEsol
Cs2Mg1Sn1Se4,stannite,-0.8432,0.2432,0.844,PBEsol
Cs2Mg1Sn1Te4,kesterite,-0.7191,,1.324,PBEsol
Cs2Mg1Sn1Te4,stannite,-0.5652,,0.439,PBEsol
Cs2Mg1Zr1S1Se1Te2,stannite,-0.8265,2.1792,0.806,PBEsol
Cs2Mg1Zr1S1Se2Te1,kesterite,-1.1907,-0.089,2.012,PBEsol
Cs2Mg1Zr1S1Se3,stannite,-1.0704,1.5548,1.181,PBEsol
Cs2Mg1Zr1S1Te3,stannite,-0.7094,2.5081,0.839,PBEsol
Cs2Mg1Zr1S2Se1Te1,stannite,-0.9733,1.8666,1.006,PBEsol
Cs2Mg1Zr1S2Se2,kesterite,-1.3297,-0.3133,2.507,PBEsol
Cs2Mg1Zr1S2Se2,stannite,-1.1059,1.4774,1.274,PBEsol
Cs2Mg1Zr1S2Te2,stannite,-0.8525,2.2147,1.057,PBEsol
Cs2Mg1Zr1S3Se1,kesterite,-1.2521,0.534,2.385,PBEsol
Cs2Mg1Zr1S3Se1,stannite,-1.1362,1.4611,1.326,PBEsol
Cs2Mg1Zr1S3Te1,stannite,-1.0098,1.8273,0.907,PBEsol
Cs2Mg1Zr1S4,kesterite,-1.2897,0.4926,2.698,PBEsol
Cs2Mg1Zr1S4,stannite,-1.1793,1.3758,1.42,PBEsol
Cs2Mg1Zr1Se1Te3,stannite,-0.8444,1.2119,0.974,PBEsol
Cs2Mg1Zr1Se2Te2,kesterite,-1.0402,0.2801,1.776,PBEsol
Cs2Mg1Zr1Se2Te2,stannite,-0.6524,3.3828,0.553,PBEsol
Cs2Mg1Zr1Se3Te1,stannite,-0.7908,2.9301,0.675,PBEsol
Cs2Mg1Zr1Se4,kesterite,-1.035,1.6652,2.189,PBEsol
Cs2Mg1Zr1Se4,stannite,-0.9286,2.5167,0.826,PBEsol
Cs2Mg1Zr1Te4,kesterite,-0.4641,3.6525,1.431,PBEsol
Cs2Mg1Zr1Te4,stannite,-0.3853,4.2829,0.314,PBEsol
Cs2Sr0.5Ba0.5Ge1S4,stannite,-0.9436,0.864,1.447,PBEsol
Cs2Sr0.5Ba0.5Ge1Se4,stannite,-0.7713,2.0928,0.979,PBEsol
Cs2Sr0.5Ba0.5Ge1Te4,stannite,-0.6618,,0.898,PBEsol
Cs2Sr0.5Ba0.5Sn1S4,kesterite,-0.9325,1.2288,2.158,PBEsol
Cs2Sr0.5Ba0.5Sn1S4,stannite,-0.895,1.5288,1.619,PBEsol
Cs2Sr0.5Ba0.5Zr1S4,kesterite,-1.3595,1.2322,2.849,PBEsol
Cs2Sr0.5Ba0.5Zr1S4,stannite,-1.323,1.5243,2.387,PBEsol
Cs2Sr0.5Ba0.5Zr1Se4,kesterite,-1.0573,3.1366,2.341,PBEsol
Cs2Sr0.5Ba0.5Zr1Se4,stannite,-1.0293,3.3612,1.822,PBEsol
Cs2Sr0.5Cd0.5Ge1S4,kesterite,-0.8468,0.1564,2.368,PBEsol
Cs2Sr0.5Cd0.5Ge1S4,stannite,-0.8596,0.0545,1.276,PBEsol
Cs2Sr0.5Cd0.5Ge1Se4,stannite,-0.7942,0.4339,0.67,PBEsol
Cs2Sr0.5Cd0.5Sn1S4,stannite,-0.6804,1.7635,0.945,PBEsol
Cs2Sr0.5Cd0.5Sn1Se4,stannite,-0.6856,1.6792,0.811,PBEsol
Cs2Sr0.5Cd0.5Zr1S4,stannite,-1.0883,1.9202,0.925,PBEsol
Cs2Sr0.5Cd0.5Zr1Te4,stannite,-0.3467,5.0476,0.186,PBEsol
Cs2Sr0.5Zn0.5Ge1S4,stannite,-0.8322,0.4706,1.158,PBEsol
Cs2Sr0.5Zn0.5Ge1Se4,stannite,-0.771,0.7293,0.553,PBEsol
Cs2Sr0.5Zn0.5Sn1S4,stannite,-0.7255,1.6005,0.732,PBEsol
Cs2Sr0.5Zn0.5Sn1Se4,kesterite,-0.9667,-0.4596,1.821,PBEsol
Cs2Sr0.5Zn0.5Zr1S4,stannite,-1.1334,1.756,0.8,PBEsol
Cs2Sr0.5Zn0.5Zr1Se4,stannite,-0.9867,2.3369,0.501,PBEsol
Cs2Sr1Ge0.5Zr0.5S4,kesterite,-1.2266,0.5442,2.271,PBEsol
Cs2Sr1Ge0.5Zr0.5S4,stannite,-1.1697,0.9991,1.644,PBEsol
Cs2Sr1Ge0.5Zr0.5Se4,kesterite,-1.078,1.3518,1.756,PBEsol
Cs2Sr1Ge0.5Zr0.5Se4,stannite,-1.0247,1.7787,1.153,PBEsol
Cs2Sr1Ge0.5Zr0.5Te4,stannite,-0.8192,,0.875,PBEsol
Cs2Sr1Ge1S4,kesterite,-1.1237,-0.4626,2.431,PBEsol
Cs2Sr1Ge1S4,stannite,-0.9543,0.8931,1.267,PBEsol
Cs2Sr1Ge1Se2Te2,stannite,-0.7632,,0.867,PBEsol
Cs2Sr1Ge1Se3Te1,stannite,-0.8921,,0.568,PBEsol
Cs2Sr1Ge1Se4,kesterite,-1.0769,-0.2876,1.89,PBEsol
Cs2Sr1Ge1Se4,stannite,-0.973,0.5433,1.239,PBEsol
Cs2Sr1Ge1Te4,kesterite,-0.7784,,1.02,PBEsol
Cs2Sr1Ge1Te4,stannite,-0.6317,,0.732,PBEsol
Cs2Sr1Sn0.5Ge0.5S4,kesterite,-1.0325,0.3875,2.248,PBEsol
Cs2Sr1Sn0.5Ge0.5S4,stannite,-0.9696,0.8908,1.605,PBEsol
Cs2Sr1Sn0.5Ge0.5Se4,kesterite,-0.9115,1.2063,1.693,PBEsol
Cs2Sr1Sn0.5Ge0.5Se4,stannite,-0.9971,0.5211,1.153,PBEsol
Cs2Sr1Sn0.5Zr0.5S4,kesterite,-1.1664,1.1641,2.315,PBEsol
Cs2Sr1Sn0.5Zr0.5S4,stannite,-1.1195,1.5391,1.63,PBEsol
Cs2Sr1Sn0.5Zr0.5Se4,kesterite,-1.2134,0.457,1.835,PBEsol
Cs2Sr1Sn0.5Zr0.5Se4,stannite,-0.8951,3.0035,1.194,PBEsol
Cs2Sr1Sn1S1Se2Te1,stannite,-0.6777,,1.021,PBEsol
Cs2Sr1Sn1S2Se2,stannite,-0.8386,1.991,1.333,PBEsol
Cs2Sr1Sn1S3Se1,stannite,-0.8815,1.6832,1.494,PBEsol
Cs2Sr1Sn1S3Te1,stannite,-0.7459,,1.159,PBEsol
Cs2Sr1Sn1S4,kesterite,-1.1178,-0.139,2.678,PBEsol
Cs2Sr1Sn1S4,stannite,-0.9553,1.1603,1.184,PBEsol
Cs2Sr1Sn1Se3Te1,stannite,-0.5926,,0.103,PBEsol
Cs2Sr1Sn1Se4,kesterite,-1.1121,-0.1928,2.112,PBEsol
Cs2Sr1Sn1Se4,stannite,-1.0233,0.5178,1.353,PBEsol
Cs2Sr1Sn1Te4,kesterite,-0.8238,,1.265,PBEsol
Cs2Sr1Sn1Te4,stannite,-0.7398,,0.982,PBEsol
Cs2Sr1Zr1S1Se1Te2,stannite,-1.1766,1.081,1.536,PBEsol
Cs2Sr1Zr1S1Se2Te1,stannite,-1.0963,2.3363,1.85,PBEsol
Cs2Sr1Zr1S1Se3,stannite,-1.2243,1.9633,2.069,PBEsol
Cs2Sr1Zr1S1Te3,stannite,-0.8354,3.234,1.668,PBEsol
Cs2Sr1Zr1S2Se2,kesterite,-1.3044,1.4528,2.643,PBEsol
Cs2Sr1Zr1S2Se2,stannite,-1.2632,1.7826,2.225,PBEsol
Cs2Sr1Zr1S2Te2,stannite,-1.2018,1.0469,1.92,PBEsol
Cs2Sr1Zr1S3Se1,stannite,-1.2932,1.6932,2.253,PBEsol
Cs2Sr1Zr1S3Te1,stannite,-1.1658,2.099,1.961,PBEsol
Cs2Sr1Zr1S4,kesterite,-1.4918,0.2881,3.072,PBEsol
Cs2Sr1Zr1S4,stannite,-1.3728,1.24,1.95,PBEsol
Cs2Sr1Zr1Se2Te2,kesterite,-0.7415,4.448,1.168,PBEsol
Cs2Sr1Zr1Se3Te1,stannite,-0.8859,3.9157,1.599,PBEsol
Cs2Sr1Zr1Se4,kesterite,-1.3202,1.0988,2.623,PBEsol
Cs2Sr1Zr1Se4,stannite,-1.2417,1.7268,1.782,PBEsol
Cs2Sr1Zr1Te4,kesterite,-0.4375,5.7063,1.639,PBEsol
Cs2Zn0.5Cd0.5Ge1S4,stannite,-0.6934,0.0025,1.024,PBEsol
Cs2Zn0.5Cd0.5Ge1Se4,stannite,-0.6311,0.3266,0.411,PBEsol
Cs2Zn0.5Cd0.5Sn1S4,stannite,-0.7221,0.0492,1.123,PBEsol
Cs2Zn0.5Cd0.5Sn1Se4,stannite,-0.6828,0.2893,0.531,PBEsol
Cs2Zn0.5Cd0.5Zr1S4,kesterite,-1.2102,-0.4364,2.302,PBEsol
Cs2Zn0.5Cd0.5Zr1S4,stannite,-0.9187,1.8958,0.792,PBEsol
Cs2Zn0.5Cd0.5Zr1Se4,kesterite,-1.0773,0.089,1.807,PBEsol
Cs2Zn0.5Cd0.5Zr1Se4,stannite,-0.7483,2.7214,0.401,PBEsol
Cs2Zn1Ge0.5Zr0.5S4,stannite,-0.8764,0.5839,1.063,PBEsol
Cs2Zn1Ge0.5Zr0.5Se4,stannite,-0.6973,1.5736,0.707,PBEsol
Cs2Zn1Ge0.5Zr0.5Te4,stannite,-0.4985,,0.097,PBEsol
Cs2Zn1Ge1S1Se2Te1,stannite,-0.5444,,0.033,PBEsol
Cs2Zn1Ge1S2Se1Te1,stannite,-0.4085,,0.021,PBEsol
Cs2Zn1Ge1S2Se2,kesterite,-0.7225,-0.1992,2.135,PBEsol
Cs2Zn1Ge1S2Te2,kesterite,-0.49,,0.316,PBEsol
Cs2Zn1Ge1S3Se1,stannite,-0.5377,1.3548,0.732,PBEsol
Cs2Zn1Ge1S3Te1,stannite,-0.4383,,0.088,PBEsol
Cs2Zn1Ge1S4,kesterite,-0.8829,-1.2982,2.622,PBEsol
Cs2Zn1Ge1S4,stannite,-0.5222,1.5871,0.104,PBEsol
Cs2Zn1Ge1Se1Te3,stannite,-0.4268,,0.049,PBEsol
Cs2Zn1Ge1Se4,kesterite,-0.8026,-0.9172,2.012,PBEsol
Cs2Zn1Ge1Se4,stannite,-0.6279,0.4801,0.376,PBEsol
Cs2Zn1Ge1Te4,kesterite,-0.5708,,1.049,PBEsol
Cs2Zn1Ge1Te4,stannite,-0.3713,,0.175,PBEsol
Cs2Zn1Sn0.5Ge0.5S4,kesterite,-0.8082,-0.5805,2.564,PBEsol
Cs2Zn1Sn0.5Ge0.5S4,stannite,-0.711,0.1973,0.987,PBEsol
Cs2Zn1Sn0.5Ge0.5Se4,stannite,-0.6525,0.4539,0.433,PBEsol
Cs2Zn1Sn0.5Zr0.5S4,stannite,-0.7731,1.5482,0.886,PBEsol
Cs2Zn1Sn0.5Zr0.5Se4,stannite,-0.8279,0.717,0.712,PBEsol
Cs2Zn1Sn1S1Se1Te2,kesterite,-0.7031,,1.647,PBEsol
Cs2Zn1Sn1S1Se1Te2,stannite,-0.4628,,0.113,PBEsol
Cs2Zn1Sn1S1Se3,kesterite,-0.8091,-0.5961,2.011,PBEsol
Cs2Zn1Sn1S1Se3,stannite,-0.48,2.0364,0.516,PBEsol
Cs2Zn1Sn1S2Se1Te1,stannite,-0.3923,,0.183,PBEsol
Cs2Zn1Sn1S2Se2,stannite,-0.5158,1.7809,0.723,PBEsol
Cs2Zn1Sn1S2Te2,stannite,-0.5314,,0.221,PBEsol
Cs2Zn1Sn1S3Se1,stannite,-0.5353,1.6749,0.723,PBEsol
Cs2Zn1Sn1S4,kesterite,-0.8767,-0.973,2.36,PBEsol
Cs2Zn1Sn1S4,stannite,-0.542,1.7048,0.059,PBEsol
Cs2Zn1Sn1Se1Te3,kesterite,-0.6415,,1.502,PBEsol
Cs2Zn1Sn1Se2Te2,stannite,-0.5466,,0.157,PBEsol
Cs2Zn1Sn1Se4,kesterite,-0.8152,-0.6414,1.887,PBEsol
Cs2Zn1Sn1Se4,stannite,-0.6823,0.4211,0.528,PBEsol
Cs2Zn1Sn1Te4,kesterite,-0.6134,,1.173,PBEsol
Cs2Zn1Sn1Te4,stannite,-0.4383,,0.107,PBEsol
Cs2Zn1Zr1S1Se1Te2,kesterite,-0.9451,0.1944,1.334,PBEsol
Cs2Zn1Zr1S1Se1Te2,stannite,-0.8176,1.2144,0.016,PBEsol
Cs2Zn1Zr1S1Se2Te1,stannite,-0.9045,1.0972,0.123,PBEsol
Cs2Zn1Zr1S1Se3,kesterite,-1.1342,-0.125,1.889,PBEsol
Cs2Zn1Zr1S1Se3,stannite,-0.8452,2.1867,0.576,PBEsol
Cs2Zn1Zr1S2Se1Te1,stannite,-0.9255,1.0857,0.23,PBEsol
Cs2Zn1Zr1S2Se2,stannite,-0.8726,2.1138,0.616,PBEsol
Cs2Zn1Zr1S2Te2,stannite,-0.8282,1.3118,0.532,PBEsol
Cs2Zn1Zr1S3Se1,stannite,-0.9165,1.9289,0.708,PBEsol
Cs2Zn1Zr1S3Te1,stannite,-0.784,2.41,0.341,PBEsol
Cs2Zn1Zr1S4,kesterite,-1.1062,0.6104,2.145,PBEsol
Cs2Zn1Zr1S4,stannite,-0.9733,1.6735,0.875,PBEsol
Cs2Zn1Zr1Se2Te2,stannite,-0.79,1.3057,0.584,PBEsol
Cs2Zn1Zr1Se3Te1,stannite,-0.676,2.8059,0.333,PBEsol
Cs2Zn1Zr1Se4,kesterite,-0.9314,1.3844,1.633,PBEsol
Cs2Zn1Zr1Se4,stannite,-0.8145,2.3201,0.49,PBEsol
Cs2Zn1Zr1Te4,kesterite,-0.3818,3.4675,0.985,PBEsol
Cs2Zn1Zr1Te4,stannite,-0.6367,1.4287,0.428,PBEsol
Cu0.5Ag0.5Al0.5In0.5S1Se1,kesterite,-0.5375,-0.2272,0.554,PBEsol
Cu0.5Ag0.5Al0.5In0.5S1Se1,stannite,-0.5551,-0.2975,0.324,PBEsol
Cu0.5Ag0.5Al0.5In0.5S1Te1,kesterite,-0.3645,-0.0862,0.489,PBEsol
Cu0.5Ag0.5Al0.5In0.5S1Te1,stannite,-0.3843,-0.1654,0.336,PBEsol
Cu0.5Ag0.5Al0.5In0.5S2,kesterite,-0.6137,-0.315,0.703,PBEsol
Cu0.5Ag0.5Al0.5In0.5S2,stannite,-0.6137,-0.315,0.594,PBEsol
Cu0.5Ag0.5Al0.5In0.5Se2,kesterite,-0.4983,-0.2158,0.31,PBEsol
Cu0.5Ag0.5Al0.5In0.5Se2,stannite,-0.4998,-0.2219,0.113,PBEsol
Cu0.5Ag0.5Al1S1Te1,kesterite,-0.483,-0.1531,1.029,PBEsol
Cu0.5Ag0.5Al1S1Te1,stannite,-0.4644,-0.0787,0.142,PBEsol
Cu0.5Ag0.5Al1S2,kesterite,-0.7789,-0.3563,1.729,PBEsol
Cu0.5Ag0.5Al1S2,stannite,-0.7722,-0.3297,1.369,PBEsol
Cu0.5Ag0.5Al1Se1Te1,kesterite,-0.4353,-0.2428,1.036,PBEsol
Cu0.5Ag0.5Al1Se1Te1,stannite,-0.4145,-0.1594,0.439,PBEsol
Cu0.5Ag0.5Al1Se2,kesterite,-0.6051,-0.2217,1.026,PBEsol
Cu0.5Ag0.5Al1Se2,stannite,-0.5952,-0.182,0.683,PBEsol
Cu0.5Ag0.5Al1Te2,kesterite,-0.2873,-0.2797,1.147,PBEsol
Cu0.5Ag0.5Al1Te2,stannite,-0.2768,-0.2374,0.709,PBEsol
Cu0.5Ag0.5Ga0.5In0.5S2,kesterite,-0.4927,-0.3005,0.478,PBEsol
Cu0.5Ag0.5Ga0.5In0.5S2,stannite,-0.4987,-0.3248,0.262,PBEsol
Cu0.5Ag0.5Ga0.5In0.5Se2,kesterite,-0.4197,-0.2187,0.017,PBEsol
Cu0.5Ag0.5Ga0.5In0.5Se2,stannite,-0.423,-0.2316,0.0,PBEsol
Cu0.5Ag0.5Ga0.5In0.5Te2,kesterite,-0.2085,-0.313,0.217,PBEsol
Cu0.5Ag0.5Ga0.5In0.5Te2,stannite,-0.2112,-0.3238,0.064,PBEsol
Cu0.5Ag0.5Ga1S1Te1,kesterite,-0.3321,-0.1732,0.475,PBEsol
Cu0.5Ag0.5Ga1S1Te1,stannite,-0.3193,-0.1224,0.045,PBEsol
Cu0.5Ag0.5Ga1S2,kesterite,-0.5437,-0.3551,0.912,PBEsol
Cu0.5Ag0.5Ga1S2,stannite,-0.5397,-0.3392,0.575,PBEsol
Cu0.5Ag0.5Ga1Se2,kesterite,-0.4459,-0.2185,0.239,PBEsol
Cu0.5Ag0.5Ga1Se2,stannite,-0.4376,-0.1855,0.435,PBEsol
Cu0.5Ag0.5Ga1Te2,kesterite,-0.2195,-0.3162,0.375,PBEsol
Cu0.5Ag0.5Ga1Te2,stannite,-0.2112,-0.2833,0.1,PBEsol
Cu0.5Ag0.5In1S2,kesterite,-0.4484,-0.2375,0.17,PBEsol
Cu0.5Ag0.5In1S2,stannite,-0.4533,-0.2568,1.06,PBEsol
Cu0.5Ag0.5In1Se1Te1,kesterite,-0.2955,-0.264,0.011,PBEsol
Cu0.5Ag0.5In1Se1Te1,stannite,-0.2927,-0.2527,0.0,PBEsol
Cu0.5Ag0.5In1Se2,kesterite,-0.4025,-0.2188,0.036,PBEsol
Cu0.5Ag0.5In1Se2,stannite,-0.3977,-0.1995,0.51,PBEsol
Cu0.5Ag0.5In1Te2,kesterite,-0.2073,-0.313,0.142,PBEsol
Cu0.5Ag0.5In1Te2,stannite,-0.2062,-0.3085,0.203,PBEsol
Cu0.5Ag1.5Ba1Ge1Se4,kesterite,-0.542,0.7974,0.438,PBEsol
Cu0.5Ag1.5Ba1Sn1Se4,kesterite,-0.572,0.9338,0.414,PBEsol
Cu0.5Ag1.5Ba1Zr1S4,kesterite,-1.0075,1.0209,1.354,PBEsol
Cu0.5Ag1.5Ba1Zr1Se4,kesterite,-0.8664,1.5351,1.1,PBEsol
Cu0.5Ag1.5Ba1Zr1Te4,kesterite,-0.4643,2.437,0.712,PBEsol
Cu0.5Ag1.5Ca1Ge1S4,kesterite,-0.6718,0.2157,1.31,PBEsol
Cu0.5Ag1.5Ca1Ge1Se4,stannite,-0.595,0.3913,0.802,PBEsol
Cu0.5Ag1.5Ca1Ge1Te4,stannite,-0.3499,,0.701,PBEsol
Cu0.5Ag1.5Ca1Sn1S4,stannite,-0.6941,0.3127,0.886,PBEsol
Cu0.5Ag1.5Ca1Sn1Se4,kesterite,-0.5961,0.7594,0.569,PBEsol
Cu0.5Ag1.5Ca1Sn1Se4,stannite,-0.6086,0.6593,0.538,PBEsol
Cu0.5Ag1.5Ca1Sn1Te4,kesterite,-0.3074,,0.617,PBEsol
Cu0.5Ag1.5Ca1Sn1Te4,stannite,-0.3712,,0.627,PBEsol
Cu0.5Ag1.5Ca1Zr1S4,stannite,-1.0327,1.0239,1.504,PBEsol
Cu0.5Ag1.5Ca1Zr1Se4,kesterite,-0.8751,1.4837,1.347,PBEsol
Cu0.5Ag1.5Ca1Zr1Se4,stannite,-0.8756,1.4797,1.203,PBEsol
Cu0.5Ag1.5Ca1Zr1Te4,stannite,-0.4749,2.1353,0.592,PBEsol
Cu0.5Ag1.5Cd1Ge1S4,kesterite,-0.3563,-0.4292,0.742,PBEsol
Cu0.5Ag1.5Cd1Ge1S4,stannite,-0.3511,-0.3873,0.488,PBEsol
Cu0.5Ag1.5Cd1Ge1Se4,kesterite,-0.2921,-0.1541,0.137,PBEsol
Cu0.5Ag1.5Cd1Ge1Se4,stannite,-0.2859,-0.1047,0.64,PBEsol
Cu0.5Ag1.5Cd1Ge1Te4,kesterite,-0.0726,,0.229,PBEsol
Cu0.5Ag1.5Cd1Ge1Te4,stannite,-0.071,,0.045,PBEsol
Cu0.5Ag1.5Cd1Sn1S4,kesterite,-0.3579,-0.1662,0.3,PBEsol
Cu0.5Ag1.5Cd1Sn1S4,stannite,-0.3561,-0.1514,0.162,PBEsol
Cu0.5Ag1.5Cd1Sn1Se4,kesterite,-0.3168,0.0246,0.061,PBEsol
Cu0.5Ag1.5Cd1Sn1Se4,stannite,-0.3133,0.0523,0.0,PBEsol
Cu0.5Ag1.5Cd1Sn1Te4,kesterite,-0.0859,,0.225,PBEsol
Cu0.5Ag1.5Cd1Zr1S4,stannite,-0.6883,0.6104,1.173,PBEsol
Cu0.5Ag1.5Cd1Zr1Se4,kesterite,-0.5633,1.0084,1.089,PBEsol
Cu0.5Ag1.5Cd1Zr1Se4,stannite,-0.5628,1.0126,0.919,PBEsol
Cu0.5Ag1.5Cd1Zr1Te4,kesterite,-0.2175,1.6436,0.558,PBEsol
Cu0.5Ag1.5Mg1Ge1S4,kesterite,-0.5563,-0.2839,1.207,PBEsol
Cu0.5Ag1.5Mg1Ge1S4,stannite,-0.5446,-0.1907,0.851,PBEsol
Cu0.5Ag1.5Mg1Ge1Se4,kesterite,-0.4529,-0.1106,0.561,PBEsol
Cu0.5Ag1.5Mg1Ge1Se4,stannite,-0.4414,-0.0191,0.229,PBEsol
Cu0.5Ag1.5Mg1Ge1Te4,kesterite,-0.1896,,0.446,PBEsol
Cu0.5Ag1.5Mg1Ge1Te4,stannite,-0.1772,,0.251,PBEsol
Cu0.5Ag1.5Mg1Sn1S4,kesterite,-0.5556,-0.0029,0.703,PBEsol
Cu0.5Ag1.5Mg1Sn1S4,stannite,-0.5501,0.0412,0.479,PBEsol
Cu0.5Ag1.5Mg1Sn1Se4,kesterite,-0.482,0.033,0.304,PBEsol
Cu0.5Ag1.5Mg1Sn1Se4,stannite,-0.4747,0.0911,0.053,PBEsol
Cu0.5Ag1.5Mg1Sn1Te4,kesterite,-0.2274,,0.464,PBEsol
Cu0.5Ag1.5Mg1Sn1Te4,stannite,-0.22,,0.252,PBEsol
Cu0.5Ag1.5Mg1Zr1S4,stannite,-0.8903,0.7392,1.484,PBEsol
Cu0.5Ag1.5Mg1Zr1Se4,kesterite,-0.7335,0.9769,1.352,PBEsol
Cu0.5Ag1.5Mg1Zr1Se4,stannite,-0.7336,0.976,1.247,PBEsol
Cu0.5Ag1.5Mg1Zr1Te4,kesterite,-0.361,1.3898,0.869,PBEsol
Cu0.5Ag1.5Mg1Zr1Te4,stannite,-0.3575,1.4173,0.842,PBEsol
Cu0.5Ag1.5Sr1Ge1S4,kesterite,-0.6661,0.2499,1.091,PBEsol
Cu0.5Ag1.5Sr1Sn1Se4,kesterite,-0.5933,0.8571,0.52,PBEsol
Cu0.5Ag1.5Sr1Sn1Te4,stannite,-0.3098,,0.824,PBEsol
Cu0.5Ag1.5Zn0.5Cd0.5Ge1S3Te1,kesterite,-0.2898,,0.249,PBEsol
Cu0.5Ag1.5Zn1Ge1S4,stannite,-0.3814,-0.2351,0.545,PBEsol
Cu0.5Ag1.5Zn1Ge1Se4,kesterite,-0.3225,-0.1769,0.201,PBEsol
Cu0.5Ag1.5Zn1Ge1Se4,stannite,-0.2975,0.0227,0.0,PBEsol
Cu0.5Ag1.5Zn1Ge1Te4,kesterite,-0.1006,,0.323,PBEsol
Cu0.5Ag1.5Zn1Ge1Te4,stannite,-0.0791,,0.204,PBEsol
Cu0.5Ag1.5Zn1Sn1S4,kesterite,-0.4041,-0.141,0.46,PBEsol
Cu0.5Ag1.5Zn1Sn1S4,stannite,-0.3929,-0.0514,0.186,PBEsol
Cu0.5Ag1.5Zn1Sn1Se4,kesterite,-0.3482,-0.0064,0.023,PBEsol
Cu0.5Ag1.5Zn1Sn1Se4,stannite,-0.3353,0.0971,0.0,PBEsol
Cu0.5Ag1.5Zn1Sn1Te4,kesterite,-0.1322,,0.273,PBEsol
Cu0.5Ag1.5Zn1Sn1Te4,stannite,-0.1172,,0.151,PBEsol
Cu0.5Ag1.5Zn1Zr1S4,kesterite,-0.7324,0.6521,1.236,PBEsol
Cu0.5Ag1.5Zn1Zr1S4,stannite,-0.7268,0.6969,1.189,PBEsol
Cu0.5Ag1.5Zn1Zr1Se4,kesterite,-0.5911,1.0063,0.986,PBEsol
Cu0.5Ag1.5Zn1Zr1Se4,stannite,-0.5847,1.0581,0.868,PBEsol
Cu0.5Ag1.5Zn1Zr1Te4,kesterite,-0.2496,1.4379,0.477,PBEsol
Cu0.5Ag1.5Zn1Zr1Te4,stannite,-0.2464,1.4635,0.482,PBEsol
Cu1.5Ag0.5Ba1Ge1S4,kesterite,-0.6361,0.4749,0.697,PBEsol
Cu1.5Ag0.5Ba1Ge1S4,stannite,-0.7782,-0.6615,0.792,PBEsol
Cu1.5Ag0.5Ba1Ge1Se4,kesterite,-0.5252,0.8955,0.194,PBEsol
Cu1.5Ag0.5Ba1Ge1Te4,kesterite,-0.2967,,0.057,PBEsol
Cu1.5Ag0.5Ba1Sn1S4,kesterite,-0.6565,0.5881,0.179,PBEsol
Cu1.5Ag0.5Ba1Sn1S4,stannite,-0.7547,-0.1982,0.274,PBEsol
Cu1.5Ag0.5Ba1Sn1Se4,kesterite,-0.5516,1.0611,0.173,PBEsol
Cu1.5Ag0.5Ba1Sn1Se4,stannite,-0.6835,0.0057,0.245,PBEsol
Cu1.5Ag0.5Ba1Sn1Te4,kesterite,-0.1962,,0.147,PBEsol
Cu1.5Ag0.5Ba1Sn1Te4,stannite,-0.3135,,0.457,PBEsol
Cu1.5Ag0.5Ba1Zr1S4,kesterite,-1.0089,1.1882,0.984,PBEsol
Cu1.5Ag0.5Ba1Zr1S4,stannite,-1.0871,0.5626,0.823,PBEsol
Cu1.5Ag0.5Ba1Zr1Se4,kesterite,-0.8472,1.6521,0.77,PBEsol
Cu1.5Ag0.5Ba1Zr1Te4,stannite,-0.4037,2.647,0.391,PBEsol
Cu1.5Ag0.5Ca0.5Zn0.5Ge1S1Se2Te1,kesterite,-0.4042,,0.335,PBEsol
Cu1.5Ag0.5Ca0.5Zn0.5Ge1S1Se2Te1,stannite,-0.4344,,0.199,PBEsol
Cu1.5Ag0.5Ca1Ge1Se4,kesterite,-0.5747,0.5176,0.565,PBEsol
Cu1.5Ag0.5Ca1Ge1Se4,stannite,-0.6085,0.2472,0.743,PBEsol
Cu1.5Ag0.5Ca1Ge1Te4,kesterite,-0.2539,,0.37,PBEsol
Cu1.5Ag0.5Ca1Ge1Te4,stannite,-0.2892,,0.649,PBEsol
Cu1.5Ag0.5Ca1Sn1S4,kesterite,-0.6968,0.4698,0.738,PBEsol
Cu1.5Ag0.5Ca1Sn1S4,stannite,-0.7145,0.3283,0.893,PBEsol
Cu1.5Ag0.5Ca1Sn1Se4,kesterite,-0.6081,0.6266,0.331,PBEsol
Cu1.5Ag0.5Ca1Sn1Se4,stannite,-0.6285,0.4635,0.44,PBEsol
Cu1.5Ag0.5Ca1Sn1Te4,kesterite,-0.267,,0.455,PBEsol
Cu1.5Ag0.5Ca1Sn1Te4,stannite,-0.2841,,0.778,PBEsol
Cu1.5Ag0.5Ca1Zr1S4,kesterite,-1.0389,1.1523,1.223,PBEsol
Cu1.5Ag0.5Ca1Zr1S4,stannite,-1.0498,1.0652,1.253,PBEsol
Cu1.5Ag0.5Ca1Zr1Se4,kesterite,-0.8642,1.5345,1.042,PBEsol
Cu1.5Ag0.5Ca1Zr1Se4,stannite,-0.8797,1.41,1.102,PBEsol
Cu1.5Ag0.5Ca1Zr1Te4,stannite,-0.4265,2.247,0.45,PBEsol
Cu1.5Ag0.5Cd1Ge1S4,kesterite,-0.3911,-0.5294,0.677,PBEsol
Cu1.5Ag0.5Cd1Ge1S4,stannite,-0.3985,-0.5886,0.496,PBEsol
Cu1.5Ag0.5Cd1Ge1Se4,kesterite,-0.3098,-0.3322,0.051,PBEsol
Cu1.5Ag0.5Cd1Ge1Se4,stannite,-0.3145,-0.3698,0.551,PBEsol
Cu1.5Ag0.5Cd1Ge1Te4,kesterite,-0.1122,,0.041,PBEsol
Cu1.5Ag0.5Cd1Ge1Te4,stannite,-0.1192,,0.041,PBEsol
Cu1.5Ag0.5Cd1Sn1S4,kesterite,-0.3953,-0.2868,0.187,PBEsol
Cu1.5Ag0.5Cd1Sn1S4,stannite,-0.3975,-0.3046,0.131,PBEsol
Cu1.5Ag0.5Cd1Sn1Se4,kesterite,-0.3333,-0.1434,0.505,PBEsol
Cu1.5Ag0.5Cd1Sn1Se4,stannite,-0.3351,-0.1581,0.461,PBEsol
Cu1.5Ag0.5Cd1Sn1Te4,kesterite,-0.0819,,0.083,PBEsol
Cu1.5Ag0.5Cd1Sn1Te4,stannite,-0.0825,,0.099,PBEsol
Cu1.5Ag0.5Cd1Zr1S4,stannite,-0.7222,0.517,1.069,PBEsol
Cu1.5Ag0.5Cd1Zr1Se4,stannite,-0.5736,0.8899,0.873,PBEsol
Cu1.5Ag0.5Cd1Zr1Te4,kesterite,-0.2719,0.933,0.582,PBEsol
Cu1.5Ag0.5Cd1Zr1Te4,stannite,-0.2658,0.9821,0.363,PBEsol
Cu1.5Ag0.5Mg0.5Ca0.5Sn0.5Ge0.5S1Se2Te1,kesterite,-0.4946,,0.187,PBEsol
Cu1.5Ag0.5Mg1Ge1S4,kesterite,-0.5914,-0.3864,1.098,PBEsol
Cu1.5Ag0.5Mg1Ge1S4,stannite,-0.5938,-0.4061,0.89,PBEsol
Cu1.5Ag0.5Mg1Ge1Se4,kesterite,-0.4692,-0.2775,0.416,PBEsol
Cu1.5Ag0.5Mg1Ge1Se4,stannite,-0.4691,-0.277,0.262,PBEsol
Cu1.5Ag0.5Mg1Ge1Te4,kesterite,-0.1808,,0.223,PBEsol
Cu1.5Ag0.5Mg1Ge1Te4,stannite,-0.191,,0.291,PBEsol
Cu1.5Ag0.5Mg1Sn1S4,kesterite,-0.5913,-0.1097,0.594,PBEsol
Cu1.5Ag0.5Mg1Sn1S4,stannite,-0.5921,-0.1163,0.454,PBEsol
Cu1.5Ag0.5Mg1Sn1Se4,kesterite,-0.4952,-0.1092,0.177,PBEsol
Cu1.5Ag0.5Mg1Sn1Se4,stannite,-0.4932,-0.0931,0.063,PBEsol
Cu1.5Ag0.5Mg1Sn1Te4,kesterite,-0.2075,,0.281,PBEsol
Cu1.5Ag0.5Mg1Sn1Te4,stannite,-0.2067,,0.31,PBEsol
Cu1.5Ag0.5Mg1Zr1S4,kesterite,-0.9207,0.674,1.395,PBEsol
Cu1.5Ag0.5Mg1Zr1S4,stannite,-0.923,0.6561,1.262,PBEsol
Cu1.5Ag0.5Mg1Zr1Se4,kesterite,-0.7392,0.8949,1.2,PBEsol
Cu1.5Ag0.5Mg1Zr1Se4,stannite,-0.7416,0.8758,1.049,PBEsol
Cu1.5Ag0.5Mg1Zr1Te4,kesterite,-0.3329,1.3388,0.796,PBEsol
Cu1.5Ag0.5Mg1Zr1Te4,stannite,-0.331,1.3544,0.705,PBEsol
Cu1.5Ag0.5Sr0.5Ba0.5Sn0.5Ge0.5Se3Te1,stannite,-0.5961,,0.101,PBEsol
Cu1.5Ag0.5Sr0.5Zn0.5Ge1S1Se1Te2,kesterite,-0.3192,,0.158,PBEsol
Cu1.5Ag0.5Sr0.5Zn0.5Ge1S1Se1Te2,stannite,-0.3897,,0.052,PBEsol
Cu1.5Ag0.5Sr1Ge1Te4,kesterite,-0.2712,,0.16,PBEsol
Cu1.5Ag0.5Sr1Ge1Te4,stannite,-0.2666,,0.636,PBEsol
Cu1.5Ag0.5Sr1Sn1S4,kesterite,-0.6762,0.6227,0.538,PBEsol
Cu1.5Ag0.5Sr1Sn1S4,stannite,-0.7416,0.0998,0.423,PBEsol
Cu1.5Ag0.5Sr1Sn1Se4,stannite,-0.6106,0.6824,0.533,PBEsol
Cu1.5Ag0.5Sr1Zr1S4,kesterite,-1.0332,1.1861,1.145,PBEsol
Cu1.5Ag0.5Sr1Zr1Se4,kesterite,-0.861,1.6356,0.948,PBEsol
Cu1.5Ag0.5Sr1Zr1Se4,stannite,-0.8658,1.5972,0.973,PBEsol
Cu1.5Ag0.5Sr1Zr1Te4,kesterite,-0.5131,1.7381,0.509,PBEsol
Cu1.5Ag0.5Sr1Zr1Te4,stannite,-0.4661,2.1145,0.24,PBEsol
Cu1.5Ag0.5Zn1Ge1S4,kesterite,-0.4485,-0.5938,0.82,PBEsol
Cu1.5Ag0.5Zn1Ge1S4,stannite,-0.4381,-0.5106,0.542,PBEsol
Cu1.5Ag0.5Zn1Ge1Se4,kesterite,-0.3456,-0.3985,0.15,PBEsol
Cu1.5Ag0.5Zn1Ge1Se4,stannite,-0.3338,-0.304,0.0,PBEsol
Cu1.5Ag0.5Zn1Ge1Te4,kesterite,-0.1077,,0.11,PBEsol
Cu1.5Ag0.5Zn1Ge1Te4,stannite,-0.0976,,0.042,PBEsol
Cu1.5Ag0.5Zn1Sn1S4,kesterite,-0.4467,-0.3035,0.353,PBEsol
Cu1.5Ag0.5Zn1Sn1S4,stannite,-0.4432,-0.2757,0.156,PBEsol
Cu1.5Ag0.5Zn1Sn1Se4,kesterite,-0.3682,-0.2025,0.049,PBEsol
Cu1.5Ag0.5Zn1Sn1Se4,stannite,-0.3632,-0.1626,0.0,PBEsol
Cu1.5Ag0.5Zn1Sn1Te4,kesterite,-0.1331,,0.177,PBEsol
Cu1.5Ag0.5Zn1Sn1Te4,stannite,-0.1188,,0.032,PBEsol
Cu1.5Ag0.5Zn1Zr1S4,kesterite,-0.7687,0.5397,1.084,PBEsol
Cu1.5Ag0.5Zn1Zr1S4,stannite,-0.7683,0.5429,1.095,PBEsol
Cu1.5Ag0.5Zn1Zr1Se4,kesterite,-0.6061,0.8499,0.853,PBEsol
Cu1.5Ag0.5Zn1Zr1Se4,stannite,-0.5999,0.8995,0.827,PBEsol
Cu1.5Ag0.5Zn1Zr1Te4,kesterite,-0.2347,1.2813,0.434,PBEsol
Cu1.5Ag0.5Zn1Zr1Te4,stannite,-0.2337,1.2896,0.488,PBEsol
Cu1Ag1Ba1Ge1S4,stannite,-0.7351,-0.4097,1.253,PBEsol
Cu1Ag1Ba1Ge1Te4,kesterite,-0.2749,,0.031,PBEsol
Cu1Ag1Ba1Ge1Te4,stannite,-0.4115,,0.24,PBEsol
Cu1Ag1Ba1Sn1Se4,stannite,-0.6145,0.5727,0.54,PBEsol
Cu1Ag1Ba1Zr1S4,kesterite,-1.0019,1.1514,1.079,PBEsol
Cu1Ag1Ba1Zr1Se4,kesterite,-0.8488,1.6545,0.799,PBEsol
Cu1Ag1Ba1Zr1Te4,kesterite,-0.4315,2.5586,0.353,PBEsol
Cu1Ag1Ca1Ge1Se4,kesterite,-0.5599,0.6506,0.665,PBEsol
Cu1Ag1Ca1Ge1Te4,kesterite,-0.3004,,0.292,PBEsol
Cu1Ag1Ca1Ge1Te4,stannite,-0.2769,,0.798,PBEsol
Cu1Ag1Ca1Sn1Se4,kesterite,-0.5889,0.7956,0.463,PBEsol
Cu1Ag1Ca1Sn1Te4,stannite,-0.2942,,0.834,PBEsol
Cu1Ag1Ca1Zr1S4,stannite,-1.0385,1.063,1.505,PBEsol
Cu1Ag1Ca1Zr1Te4,kesterite,-0.5082,1.7277,0.785,PBEsol
Cu1Ag1Ca1Zr1Te4,stannite,-0.5066,1.7402,0.841,PBEsol
Cu1Ag1Cd1Ge1S4,kesterite,-0.3632,-0.3984,0.662,PBEsol
Cu1Ag1Cd1Ge1S4,stannite,-0.3767,-0.506,0.495,PBEsol
Cu1Ag1Cd1Ge1Se4,kesterite,-0.2916,-0.1715,0.057,PBEsol
Cu1Ag1Cd1Ge1Se4,stannite,-0.3015,-0.2507,0.614,PBEsol
Cu1Ag1Cd1Ge1Te4,kesterite,-0.0614,,0.035,PBEsol
Cu1Ag1Cd1Ge1Te4,stannite,-0.0702,,0.095,PBEsol
Cu1Ag1Cd1Sn1S4,kesterite,-0.3737,-0.2065,0.177,PBEsol
Cu1Ag1Cd1Sn1Se4,kesterite,-0.3188,-0.0126,0.556,PBEsol
Cu1Ag1Cd1Sn1Se4,stannite,-0.337,-0.1585,0.0,PBEsol
Cu1Ag1Cd1Sn1Te4,kesterite,-0.0972,,0.045,PBEsol
Cu1Ag1Cd1Sn1Te4,stannite,-0.0847,,0.123,PBEsol
Cu1Ag1Cd1Zr1S4,stannite,-0.7033,0.5762,1.081,PBEsol
Cu1Ag1Cd1Zr1Se4,kesterite,-0.5738,0.903,0.89,PBEsol
Cu1Ag1Cd1Zr1Se4,stannite,-0.5749,0.8945,0.857,PBEsol
Cu1Ag1Cd1Zr1Te4,kesterite,-0.2095,1.5665,0.559,PBEsol
Cu1Ag1Cd1Zr1Te4,stannite,-0.2484,1.2555,0.619,PBEsol
Cu1Ag1Mg1Ge1S4,kesterite,-0.5645,-0.2638,1.086,PBEsol
Cu1Ag1Mg1Ge1S4,stannite,-0.5718,-0.3226,0.872,PBEsol
Cu1Ag1Mg1Ge1Se4,kesterite,-0.4518,-0.1236,0.465,PBEsol
Cu1Ag1Mg1Ge1Se4,stannite,-0.4571,-0.1658,0.259,PBEsol
Cu1Ag1Mg1Ge1Te4,kesterite,-0.1787,,0.261,PBEsol
Cu1Ag1Mg1Ge1Te4,stannite,-0.1809,,0.305,PBEsol
Cu1Ag1Mg1Sn1S4,kesterite,-0.5676,-0.0125,0.616,PBEsol
Cu1Ag1Mg1Sn1S4,stannite,-0.5712,-0.0413,0.469,PBEsol
Cu1Ag1Mg1Sn1Se4,kesterite,-0.4818,0.0125,0.216,PBEsol
Cu1Ag1Mg1Sn1Se4,stannite,-0.4837,-0.0022,0.071,PBEsol
Cu1Ag1Mg1Sn1Te4,kesterite,-0.2075,,0.312,PBEsol
Cu1Ag1Mg1Sn1Te4,stannite,-0.2103,,0.314,PBEsol
Cu1Ag1Mg1Zr1Se4,stannite,-0.7353,0.9407,1.19,PBEsol
Cu1Ag1Mg1Zr1Te4,kesterite,-0.3818,1.0825,0.84,PBEsol
Cu1Ag1Mg1Zr1Te4,stannite,-0.3395,1.4209,0.804,PBEsol
Cu1Ag1Zn1Ge1S4,kesterite,-0.4171,-0.4353,0.856,PBEsol
Cu1Ag1Zn1Ge1S4,stannite,-0.4164,-0.4289,0.545,PBEsol
Cu1Ag1Zn1Ge1Se4,kesterite,-0.3255,-0.2223,0.182,PBEsol
Cu1Ag1Zn1Ge1Se4,stannite,-0.3204,-0.1822,0.0,PBEsol
Cu1Ag1Zn1Ge1Te4,kesterite,-0.0965,,0.136,PBEsol
Cu1Ag1Zn1Ge1Te4,stannite,-0.0886,,0.05,PBEsol
Cu1Ag1Zn1Sn1S4,kesterite,-0.421,-0.1904,0.375,PBEsol
Cu1Ag1Zn1Sn1S4,stannite,-0.4213,-0.1926,0.181,PBEsol
Cu1Ag1Zn1Sn1Se4,kesterite,-0.3538,-0.0726,0.041,PBEsol
Cu1Ag1Zn1Sn1Se4,stannite,-0.3504,-0.0453,0.0,PBEsol
Cu1Ag1Zn1Sn1Te4,kesterite,-0.1272,,0.176,PBEsol
Cu1Ag1Zn1Sn1Te4,stannite,-0.1209,,0.082,PBEsol
Cu1Ag1Zn1Zr1Se4,stannite,-0.5924,0.9748,0.846,PBEsol
Cu1Ag1Zn1Zr1Te4,kesterite,-0.2721,1.117,0.506,PBEsol
Cu1Ag1Zn1Zr1Te4,stannite,-0.2357,1.4075,0.504,PBEsol
Cu1Al0.5Ga0.5S2,kesterite,-0.7182,-0.494,1.215,PBEsol
Cu1Al0.5Ga0.5S2,stannite,-0.7064,-0.4471,1.0,PBEsol
Cu1Al0.5Ga0.5Te2,kesterite,-0.2598,-0.4611,0.716,PBEsol
Cu1Al0.5Ga0.5Te2,stannite,-0.2541,-0.4385,0.262,PBEsol
Cu1Al0.5In0.5S2,kesterite,-0.6533,-0.3662,0.834,PBEsol
Cu1Al0.5In0.5S2,stannite,-0.6586,-0.3875,0.616,PBEsol
Cu1Al0.5In0.5Se2,kesterite,-0.5209,-0.3069,0.316,PBEsol
Cu1Al0.5In0.5Se2,stannite,-0.5234,-0.3169,0.149,PBEsol
Cu1Al0.5In0.5Te2,kesterite,-0.2463,-0.4299,0.658,PBEsol
Cu1Al0.5In0.5Te2,stannite,-0.2486,-0.4392,0.358,PBEsol
Cu1Al1S1Te1,kesterite,-0.5015,-0.2337,1.255,PBEsol
Cu1Al1S1Te1,stannite,-0.486,-0.1718,0.405,PBEsol
Cu1Al1S2,kesterite,-0.8301,-0.4545,1.857,PBEsol
Cu1Al1S2,stannite,-0.8203,-0.415,1.527,PBEsol
Cu1Al1Se1Te1,kesterite,-0.4424,-0.3312,0.961,PBEsol
Cu1Al1Se1Te1,stannite,-0.4283,-0.2745,0.494,PBEsol
Cu1Al1Se2,kesterite,-0.6307,-0.3242,1.029,PBEsol
Cu1Al1Se2,stannite,-0.6199,-0.281,0.739,PBEsol
Cu1Al1Te2,kesterite,-0.2911,-0.4148,1.242,PBEsol
Cu1Al1Te2,stannite,-0.2772,-0.3588,0.723,PBEsol
Cu1Ga0.5In0.5S2,kesterite,-0.5415,-0.389,0.537,PBEsol
Cu1Ga0.5In0.5S2,stannite,-0.5474,-0.4124,0.318,PBEsol
Cu1Ga0.5In0.5Se2,kesterite,-0.4472,-0.3289,0.024,PBEsol
Cu1Ga0.5In0.5Se2,stannite,-0.4533,-0.3533,0.978,PBEsol
Cu1Ga0.5In0.5Te2,kesterite,-0.2144,-0.4564,0.307,PBEsol
Cu1Ga0.5In0.5Te2,stannite,-0.2178,-0.4701,0.035,PBEsol
Cu1Ga1S1Se1,kesterite,-0.5326,-0.4204,0.666,PBEsol
Cu1Ga1S1Se1,stannite,-0.5198,-0.3691,0.193,PBEsol
Cu1Ga1S1Te1,kesterite,-0.3614,-0.2972,0.552,PBEsol
Cu1Ga1S1Te1,stannite,-0.3402,-0.2123,0.051,PBEsol
Cu1Ga1S2,kesterite,-0.604,-0.4894,0.946,PBEsol
Cu1Ga1S2,stannite,-0.595,-0.4534,0.614,PBEsol
Cu1Ga1Se1Te1,kesterite,-0.3355,-0.3743,0.343,PBEsol
Cu1Ga1Se1Te1,stannite,-0.33,-0.3523,0.378,PBEsol
Cu1Ga1Se2,kesterite,-0.4794,-0.3531,0.232,PBEsol
Cu1Ga1Se2,stannite,-0.4701,-0.3158,0.003,PBEsol
Cu1Ga1Te2,kesterite,-0.2203,-0.4394,0.475,PBEsol
Cu1Ga1Te2,stannite,-0.2227,-0.4489,0.023,PBEsol
Cu1In1S1Se1,kesterite,-0.455,-0.3287,1.172,PBEsol
Cu1In1S1Se1,stannite,-0.4525,-0.3185,1.195,PBEsol
Cu1In1S1Te1,kesterite,-0.3099,-0.2453,0.135,PBEsol
Cu1In1S1Te1,stannite,-0.3129,-0.2572,0.256,PBEsol
Cu1In1S2,kesterite,-0.4956,-0.3191,0.112,PBEsol
Cu1In1S2,stannite,-0.4835,-0.2706,0.038,PBEsol
Cu1In1Se1Te1,kesterite,-0.3044,-0.3596,0.769,PBEsol
Cu1In1Se1Te1,stannite,-0.3049,-0.3615,0.192,PBEsol
Cu1In1Se2,kesterite,-0.4274,-0.3188,1.174,PBEsol
Cu1In1Se2,stannite,-0.4262,-0.3141,1.083,PBEsol
Cu1In1Te2,kesterite,-0.1966,-0.3899,0.126,PBEsol
Cu1In1Te2,stannite,-0.2025,-0.4136,0.012,PBEsol
Cu2Ba0.5Cd0.5Ge1S4,stannite,-0.5386,-0.1414,0.686,PBEsol
Cu2Ba0.5Cd0.5Ge1Se4,kesterite,-0.4051,0.359,0.095,PBEsol
Cu2Ba0.5Cd0.5Ge1Se4,stannite,-0.4335,0.1322,0.162,PBEsol
Cu2Ba0.5Cd0.5Sn1S4,kesterite,-0.5203,0.2811,0.28,PBEsol
Cu2Ba0.5Cd0.5Sn1S4,stannite,-0.5271,0.2264,0.358,PBEsol
Cu2Ba0.5Cd0.5Sn1Se4,kesterite,-0.4339,0.5053,0.578,PBEsol
Cu2Ba0.5Cd0.5Sn1Se4,stannite,-0.45,0.3765,0.696,PBEsol
Cu2Ba0.5Cd0.5Sn1Te4,kesterite,-0.1252,,0.03,PBEsol
Cu2Ba0.5Cd0.5Sn1Te4,stannite,-0.2392,,0.149,PBEsol
Cu2Ba0.5Cd0.5Zr1S4,kesterite,-0.8651,0.9419,1.065,PBEsol
Cu2Ba0.5Cd0.5Zr1S4,stannite,-0.8565,1.0105,0.849,PBEsol
Cu2Ba0.5Cd0.5Zr1Se4,kesterite,-0.7006,1.3278,0.856,PBEsol
Cu2Ba0.5Cd0.5Zr1Se4,stannite,-0.6885,1.4247,0.592,PBEsol
Cu2Ba0.5Cd0.5Zr1Te4,kesterite,-0.2903,2.029,0.484,PBEsol
Cu2Ba0.5Zn0.5Ge1S4,stannite,-0.5293,0.1305,0.575,PBEsol
Cu2Ba0.5Zn0.5Ge1Se4,kesterite,-0.4228,0.3282,0.092,PBEsol
Cu2Ba0.5Zn0.5Ge1Se4,stannite,-0.4235,0.3222,0.038,PBEsol
Cu2Ba0.5Zn0.5Ge1Te4,stannite,-0.1875,,0.036,PBEsol
Cu2Ba0.5Zn0.5Sn1S4,kesterite,-0.5395,0.3246,0.323,PBEsol
Cu2Ba0.5Zn0.5Sn1S4,stannite,-0.5308,0.3945,0.329,PBEsol
Cu2Ba0.5Zn0.5Sn1Se4,kesterite,-0.4462,0.5175,0.625,PBEsol
Cu2Ba0.5Zn0.5Sn1Se4,stannite,-0.4586,0.4179,0.439,PBEsol
Cu2Ba0.5Zn0.5Sn1Te4,kesterite,-0.2226,,0.0,PBEsol
Cu2Ba0.5Zn0.5Sn1Te4,stannite,-0.2269,,0.049,PBEsol
Cu2Ba0.5Zn0.5Zr1S4,kesterite,-0.8811,1.0115,1.014,PBEsol
Cu2Ba0.5Zn0.5Zr1S4,stannite,-0.8655,1.1359,0.772,PBEsol
Cu2Ba0.5Zn0.5Zr1Se4,kesterite,-0.7093,1.3684,0.772,PBEsol
Cu2Ba0.5Zn0.5Zr1Se4,stannite,-0.6938,1.4922,0.516,PBEsol
Cu2Ba0.5Zn0.5Zr1Te4,stannite,-0.2894,2.0618,0.146,PBEsol
Cu2Ba1Ge0.5Zr0.5S4,kesterite,-0.8161,0.9688,0.701,PBEsol
Cu2Ba1Ge0.5Zr0.5S4,stannite,-0.9256,0.0925,0.578,PBEsol
Cu2Ba1Ge0.5Zr0.5Se4,kesterite,-0.6796,1.3051,0.359,PBEsol
Cu2Ba1Ge0.5Zr0.5Te4,kesterite,-0.3726,,0.05,PBEsol
Cu2Ba1Ge0.5Zr0.5Te4,stannite,-0.3115,,0.043,PBEsol
Cu2Ba1Ge1S1Se1Te2,stannite,-0.4513,,0.257,PBEsol
Cu2Ba1Ge1S1Se2Te1,kesterite,-0.4891,,0.322,PBEsol
Cu2Ba1Ge1S1Se3,stannite,-0.639,0.0814,0.741,PBEsol
Cu2Ba1Ge1S1Te3,kesterite,-0.3686,,0.015,PBEsol
Cu2Ba1Ge1S1Te3,stannite,-0.4389,,0.023,PBEsol
Cu2Ba1Ge1S2Se1Te1,stannite,-0.6175,,0.625,PBEsol
Cu2Ba1Ge1S2Se2,kesterite,-0.5694,0.7714,0.246,PBEsol
Cu2Ba1Ge1S2Se2,stannite,-0.7096,-0.3498,0.585,PBEsol
Cu2Ba1Ge1S2Te2,kesterite,-0.3798,,0.432,PBEsol
Cu2Ba1Ge1S3Se1,stannite,-0.7225,-0.2995,0.952,PBEsol
Cu2Ba1Ge1S3Te1,stannite,-0.6264,,0.738,PBEsol
Cu2Ba1Ge1S4,kesterite,-0.6279,0.6445,0.629,PBEsol
Cu2Ba1Ge1S4,stannite,-0.7728,-0.5149,0.75,PBEsol
Cu2Ba1Ge1Se4,kesterite,-0.5266,0.8809,0.656,PBEsol
Cu2Ba1Ge1Se4,stannite,-0.6682,-0.2525,0.041,PBEsol
Cu2Ba1Ge1Te4,kesterite,-0.2627,,0.0,PBEsol
Cu2Ba1Ge1Te4,stannite,-0.3788,,0.387,PBEsol
Cu2Ba1Sn0.25Zr0.75S2Se2,kesterite,-0.8518,1.2155,0.736,PBEsol
Cu2Ba1Sn0.25Zr0.75S4,kesterite,-0.9124,1.1946,0.889,PBEsol
Cu2Ba1Sn0.25Zr0.75S4,stannite,-0.9987,0.5036,0.508,PBEsol
Cu2Ba1Sn0.25Zr0.75Se4,kesterite,-0.7847,1.395,0.618,PBEsol
Cu2Ba1Sn0.25Zr0.75Se4,stannite,-0.8269,1.0576,0.632,PBEsol
Cu2Ba1Sn0.5Ge0.5S4,stannite,-0.7588,-0.2832,0.557,PBEsol
Cu2Ba1Sn0.5Ge0.5Te4,kesterite,-0.2846,,0.057,PBEsol
Cu2Ba1Sn0.5Zr0.5S2Se2,stannite,-0.8187,0.6794,0.639,PBEsol
Cu2Ba1Sn0.5Zr0.5S4,kesterite,-0.8232,1.0496,0.623,PBEsol
Cu2Ba1Sn0.5Zr0.5S4,stannite,-0.9171,0.2984,0.321,PBEsol
Cu2Ba1Sn0.5Zr0.5Se4,kesterite,-0.7136,1.2215,0.289,PBEsol
Cu2Ba1Sn0.5Zr0.5Se4,stannite,-0.766,0.8023,0.416,PBEsol
Cu2Ba1Sn0.5Zr0.5Te4,stannite,-0.2999,,0.335,PBEsol
Cu2Ba1Sn0.75Zr0.25S2Se2,stannite,-0.7718,0.2613,0.36,PBEsol
Cu2Ba1Sn0.75Zr0.25S4,stannite,-0.8365,0.0919,0.215,PBEsol
Cu2Ba1Sn0.75Zr0.25Se4,kesterite,-0.6437,1.0446,0.162,PBEsol
Cu2Ba1Sn0.75Zr0.25Se4,stannite,-0.7066,0.5417,0.319,PBEsol
Cu2Ba1Sn1S1Se3,stannite,-0.6767,0.1311,0.285,PBEsol
Cu2Ba1Sn1S1Te3,stannite,-0.3647,,0.279,PBEsol
Cu2Ba1Sn1S2Se2,kesterite,-0.6049,0.8136,0.113,PBEsol
Cu2Ba1Sn1S2Se2,stannite,-0.6998,0.0549,0.124,PBEsol
Cu2Ba1Sn1S3Se1,stannite,-0.7199,0.0228,0.453,PBEsol
Cu2Ba1Sn1S3Te1,kesterite,-0.574,,0.229,PBEsol
Cu2Ba1Sn1S3Te1,stannite,-0.6397,,0.546,PBEsol
Cu2Ba1Sn1S4,kesterite,-0.6491,0.7505,0.748,PBEsol
Cu2Ba1Sn1S4,stannite,-0.7464,-0.0281,0.483,PBEsol
Cu2Ba1Sn1Se2Te2,kesterite,-0.43,,0.321,PBEsol
Cu2Ba1Sn1Se2Te2,stannite,-0.525,,0.468,PBEsol
Cu2Ba1Sn1Se4,kesterite,-0.5777,0.848,0.405,PBEsol
Cu2Ba1Sn1Se4,stannite,-0.6622,0.1721,0.226,PBEsol
Cu2Ba1Sn1Te4,kesterite,-0.3172,,0.395,PBEsol
Cu2Ba1Sn1Te4,stannite,-0.372,,0.411,PBEsol
Cu2Ba1Zr1S1Se2Te1,stannite,-0.7909,1.5848,0.483,PBEsol
Cu2Ba1Zr1S1Se3,kesterite,-0.8763,1.6061,0.71,PBEsol
Cu2Ba1Zr1S1Te3,kesterite,-0.5517,2.1984,0.348,PBEsol
Cu2Ba1Zr1S2Se1Te1,kesterite,-0.8319,1.491,0.445,PBEsol
Cu2Ba1Zr1S2Se2,kesterite,-0.9245,1.4446,0.704,PBEsol
Cu2Ba1Zr1S2Se2,stannite,-0.9959,0.8735,0.583,PBEsol
Cu2Ba1Zr1S2Te2,kesterite,-0.7209,1.7375,0.603,PBEsol
Cu2Ba1Zr1S2Te2,stannite,-0.7973,1.1259,0.994,PBEsol
Cu2Ba1Zr1S4,kesterite,-0.9999,1.3631,0.857,PBEsol
Cu2Ba1Zr1S4,stannite,-1.0824,0.7032,0.75,PBEsol
Cu2Ba1Zr1Se1Te3,stannite,-0.509,2.3063,0.322,PBEsol
Cu2Ba1Zr1Se2Te2,kesterite,-0.6625,1.7359,0.617,PBEsol
Cu2Ba1Zr1Se2Te2,stannite,-0.6465,1.8643,0.6,PBEsol
Cu2Ba1Zr1Se4,kesterite,-0.8539,1.5944,0.659,PBEsol
Cu2Ba1Zr1Se4,stannite,-0.9196,1.0695,0.331,PBEsol
Cu2Ba1Zr1Te4,kesterite,-0.5125,1.6531,0.348,PBEsol
Cu2Ba1Zr1Te4,stannite,-0.4162,2.4237,0.328,PBEsol
Cu2Ca0.5Ba0.5Ge1S4,kesterite,-0.6596,0.4747,0.84,PBEsol
Cu2Ca0.5Ba0.5Ge1S4,stannite,-0.7595,-0.3239,0.928,PBEsol
Cu2Ca0.5Ba0.5Ge1Se4,kesterite,-0.5366,0.7917,0.37,PBEsol
Cu2Ca0.5Ba0.5Ge1Se4,stannite,-0.5984,0.2971,0.721,PBEsol
Cu2Ca0.5Ba0.5Sn1S4,kesterite,-0.6742,0.6343,0.549,PBEsol
Cu2Ca0.5Ba0.5Sn1S4,stannite,-0.7056,0.3829,0.821,PBEsol
Cu2Ca0.5Ba0.5Sn1Se4,kesterite,-0.5647,0.9432,0.222,PBEsol
Cu2Ca0.5Ba0.5Sn1Se4,stannite,-0.5937,0.7119,0.506,PBEsol
Cu2Ca0.5Ba0.5Sn1Te4,kesterite,-0.256,,0.107,PBEsol
Cu2Ca0.5Ba0.5Sn1Te4,stannite,-0.2827,,0.626,PBEsol
Cu2Ca0.5Ba0.5Zr1S4,kesterite,-1.0227,1.2655,1.063,PBEsol
Cu2Ca0.5Ba0.5Zr1S4,stannite,-1.0339,1.1757,1.268,PBEsol
Cu2Ca0.5Ba0.5Zr1Se4,kesterite,-0.8468,1.6425,0.883,PBEsol
Cu2Ca0.5Ba0.5Zr1Se4,stannite,-0.8487,1.6274,0.917,PBEsol
Cu2Ca0.5Ba0.5Zr1Te4,kesterite,-0.49,1.707,0.658,PBEsol
Cu2Ca0.5Cd0.5Ge1S4,kesterite,-0.5565,-0.1824,0.822,PBEsol
Cu2Ca0.5Cd0.5Ge1S4,stannite,-0.5801,-0.3714,0.845,PBEsol
Cu2Ca0.5Cd0.5Ge1Se4,kesterite,-0.4432,0.0637,0.245,PBEsol
Cu2Ca0.5Cd0.5Ge1Se4,stannite,-0.4634,-0.0985,0.278,PBEsol
Cu2Ca0.5Cd0.5Ge1Te4,stannite,-0.1899,,0.278,PBEsol
Cu2Ca0.5Cd0.5Sn1S4,kesterite,-0.5622,0.0483,0.409,PBEsol
Cu2Ca0.5Cd0.5Sn1S4,stannite,-0.5691,-0.0071,0.44,PBEsol
Cu2Ca0.5Cd0.5Sn1Se4,kesterite,-0.4688,0.2352,0.052,PBEsol
Cu2Ca0.5Cd0.5Sn1Se4,stannite,-0.4789,0.1542,0.091,PBEsol
Cu2Ca0.5Cd0.5Sn1Te4,kesterite,-0.1667,,0.209,PBEsol
Cu2Ca0.5Cd0.5Sn1Te4,stannite,-0.1773,,0.28,PBEsol
Cu2Ca0.5Cd0.5Zr1S4,kesterite,-0.8946,0.8082,1.154,PBEsol
Cu2Ca0.5Cd0.5Zr1S4,stannite,-0.8949,0.8059,0.973,PBEsol
Cu2Ca0.5Cd0.5Zr1Se4,kesterite,-0.7289,1.1106,0.928,PBEsol
Cu2Ca0.5Cd0.5Zr1Se4,stannite,-0.7192,1.1883,0.738,PBEsol
Cu2Ca0.5Cd0.5Zr1Te4,kesterite,-0.3027,1.8209,0.643,PBEsol
Cu2Ca0.5Cd0.5Zr1Te4,stannite,-0.3508,1.4362,0.433,PBEsol
Cu2Ca0.5Sr0.5Ge1S4,kesterite,-0.6875,0.3481,0.922,PBEsol
Cu2Ca0.5Sr0.5Ge1S4,stannite,-0.7543,-0.1865,1.351,PBEsol
Cu2Ca0.5Sr0.5Ge1Se4,kesterite,-0.5572,0.6739,0.343,PBEsol
Cu2Ca0.5Sr0.5Ge1Se4,stannite,-0.6161,0.2028,0.754,PBEsol
Cu2Ca0.5Sr0.5Ge1Te4,kesterite,-0.219,,0.19,PBEsol
Cu2Ca0.5Sr0.5Ge1Te4,stannite,-0.2682,,0.648,PBEsol
Cu2Ca0.5Sr0.5Sn1S4,kesterite,-0.6977,0.5421,0.599,PBEsol
Cu2Ca0.5Sr0.5Sn1S4,stannite,-0.7211,0.3553,0.837,PBEsol
Cu2Ca0.5Sr0.5Sn1Se4,kesterite,-0.5853,0.8252,0.276,PBEsol
Cu2Ca0.5Sr0.5Sn1Se4,stannite,-0.6097,0.6302,0.509,PBEsol
Cu2Ca0.5Sr0.5Sn1Te4,kesterite,-0.2387,,0.226,PBEsol
Cu2Ca0.5Sr0.5Zr1S4,kesterite,-1.0431,1.1983,1.14,PBEsol
Cu2Ca0.5Sr0.5Zr1S4,stannite,-1.058,1.0797,1.347,PBEsol
Cu2Ca0.5Sr0.5Zr1Se4,kesterite,-0.8597,1.5865,0.951,PBEsol
Cu2Ca0.5Sr0.5Zr1Se4,stannite,-0.8599,1.5848,0.878,PBEsol
Cu2Ca0.5Sr0.5Zr1Te4,kesterite,-0.4182,2.2645,0.647,PBEsol
Cu2Ca0.5Sr0.5Zr1Te4,stannite,-0.4921,1.6731,0.618,PBEsol
Cu2Ca0.5Zn0.5Ge1S4,kesterite,-0.5827,-0.1946,0.886,PBEsol
Cu2Ca0.5Zn0.5Ge1S4,stannite,-0.5861,-0.222,0.751,PBEsol
Cu2Ca0.5Zn0.5Ge1Se4,kesterite,-0.4622,0.0216,0.262,PBEsol
Cu2Ca0.5Zn0.5Ge1Se4,stannite,-0.4649,-0.0001,0.161,PBEsol
Cu2Ca0.5Zn0.5Ge1Te4,kesterite,-0.1699,,0.214,PBEsol
Cu2Ca0.5Zn0.5Ge1Te4,stannite,-0.187,,0.151,PBEsol
Cu2Ca0.5Zn0.5Sn1S4,kesterite,-0.5859,0.0553,0.472,PBEsol
Cu2Ca0.5Zn0.5Sn1S4,stannite,-0.5827,0.0816,0.42,PBEsol
Cu2Ca0.5Zn0.5Sn1Se4,kesterite,-0.485,0.2157,0.11,PBEsol
Cu2Ca0.5Zn0.5Sn1Se4,stannite,-0.4843,0.2215,0.047,PBEsol
Cu2Ca0.5Zn0.5Sn1Te4,kesterite,-0.1931,,0.252,PBEsol
Cu2Ca0.5Zn0.5Sn1Te4,stannite,-0.1899,,0.167,PBEsol
Cu2Ca0.5Zn0.5Zr1S4,kesterite,-0.9168,0.8274,1.102,PBEsol
Cu2Ca0.5Zn0.5Zr1S4,stannite,-0.9134,0.8548,0.89,PBEsol
Cu2Ca0.5Zn0.5Zr1Se4,kesterite,-0.7325,1.1922,0.86,PBEsol
Cu2Ca0.5Zn0.5Zr1Se4,stannite,-0.7298,1.2133,0.662,PBEsol
Cu2Ca0.5Zn0.5Zr1Te4,kesterite,-0.3172,1.7306,0.5,PBEsol
Cu2Ca0.5Zn0.5Zr1Te4,stannite,-0.3158,1.7421,0.337,PBEsol
Cu2Ca1Ge0.5Zr0.5S4,kesterite,-0.8723,0.723,1.021,PBEsol
Cu2Ca1Ge0.5Zr0.5S4,stannite,-0.9016,0.4883,1.22,PBEsol
Cu2Ca1Ge0.5Zr0.5Se4,kesterite,-0.7194,1.0048,0.593,PBEsol
Cu2Ca1Ge0.5Zr0.5Te4,stannite,-0.3505,,0.524,PBEsol
Cu2Ca1Ge1S2Se1Te1,kesterite,-0.5426,,0.238,PBEsol
Cu2Ca1Ge1S2Se2,kesterite,-0.6245,0.4421,0.806,PBEsol
Cu2Ca1Ge1S2Se2,stannite,-0.7097,-0.2391,0.863,PBEsol
Cu2Ca1Ge1S2Te2,kesterite,-0.4496,,0.414,PBEsol
Cu2Ca1Ge1S2Te2,stannite,-0.59,,0.387,PBEsol
Cu2Ca1Ge1S3Te1,kesterite,-0.5814,,0.194,PBEsol
Cu2Ca1Ge1S3Te1,stannite,-0.6618,,0.708,PBEsol
Cu2Ca1Ge1S4,kesterite,-0.7034,0.2445,1.094,PBEsol
Cu2Ca1Ge1S4,stannite,-0.7558,-0.1744,1.35,PBEsol
Cu2Ca1Ge1Se1Te3,kesterite,-0.323,,0.208,PBEsol
Cu2Ca1Ge1Se2Te2,kesterite,-0.4164,,0.229,PBEsol
Cu2Ca1Ge1Se3Te1,kesterite,-0.497,,0.149,PBEsol
Cu2Ca1Ge1Se4,kesterite,-0.5742,0.5177,0.474,PBEsol
Cu2Ca1Ge1Se4,stannite,-0.6225,0.1317,0.713,PBEsol
Cu2Ca1Ge1Te4,kesterite,-0.2888,,0.135,PBEsol
Cu2Ca1Ge1Te4,stannite,-0.3362,,0.654,PBEsol
Cu2Ca1Sn0.5Ge0.5S4,kesterite,-0.7042,0.3584,0.875,PBEsol
Cu2Ca1Sn0.5Ge0.5S4,stannite,-0.7414,0.0603,1.044,PBEsol
Cu2Ca1Sn0.5Ge0.5Se4,kesterite,-0.5844,0.6064,0.412,PBEsol
Cu2Ca1Sn0.5Ge0.5Te4,kesterite,-0.2714,,0.197,PBEsol
Cu2Ca1Sn0.5Zr0.5S4,kesterite,-0.8789,0.8081,1.029,PBEsol
Cu2Ca1Sn0.5Zr0.5S4,stannite,-0.8916,0.7066,1.01,PBEsol
Cu2Ca1Sn0.5Zr0.5Se4,kesterite,-0.7403,1.0257,0.68,PBEsol
Cu2Ca1Sn0.5Zr0.5Se4,stannite,-0.7356,1.0636,0.637,PBEsol
Cu2Ca1Sn0.5Zr0.5Te4,kesterite,-0.3453,,0.496,PBEsol
Cu2Ca1Sn0.5Zr0.5Te4,stannite,-0.3386,,0.534,PBEsol
Cu2Ca1Sn1S1Se2Te1,kesterite,-0.5629,,0.356,PBEsol
Cu2Ca1Sn1S1Se2Te1,stannite,-0.5853,,0.593,PBEsol
Cu2Ca1Sn1S1Se3,kesterite,-0.6331,0.5449,0.289,PBEsol
Cu2Ca1Sn1S1Te3,kesterite,-0.4202,,0.046,PBEsol
Cu2Ca1Sn1S1Te3,stannite,-0.4549,,0.425,PBEsol
Cu2Ca1Sn1S2Se1Te1,kesterite,-0.5736,,0.127,PBEsol
Cu2Ca1Sn1S2Se1Te1,stannite,-0.6506,,0.573,PBEsol
Cu2Ca1Sn1S2Se2,kesterite,-0.6499,0.5652,0.493,PBEsol
Cu2Ca1Sn1S2Se2,stannite,-0.7046,0.1273,0.526,PBEsol
Cu2Ca1Sn1S2Te2,kesterite,-0.4894,,0.214,PBEsol
Cu2Ca1Sn1S2Te2,stannite,-0.6046,,0.37,PBEsol
Cu2Ca1Sn1S3Se1,kesterite,-0.6783,0.5131,0.527,PBEsol
Cu2Ca1Sn1S3Te1,kesterite,-0.594,,0.15,PBEsol
Cu2Ca1Sn1S4,kesterite,-0.7095,0.4715,0.638,PBEsol
Cu2Ca1Sn1S4,stannite,-0.732,0.2919,0.824,PBEsol
Cu2Ca1Sn1Se1Te3,kesterite,-0.404,,0.02,PBEsol
Cu2Ca1Sn1Se1Te3,stannite,-0.4291,,0.489,PBEsol
Cu2Ca1Sn1Se2Te2,kesterite,-0.4629,,0.123,PBEsol
Cu2Ca1Sn1Se3Te1,kesterite,-0.5376,,0.044,PBEsol
Cu2Ca1Sn1Se4,kesterite,-0.6001,0.6874,0.11,PBEsol
Cu2Ca1Sn1Se4,stannite,-0.6326,0.4272,0.424,PBEsol
Cu2Ca1Sn1Te4,kesterite,-0.3206,,0.119,PBEsol
Cu2Ca1Sn1Te4,stannite,-0.3636,,0.619,PBEsol
Cu2Ca1Zr1S1Se2Te1,kesterite,-0.7988,1.5268,0.532,PBEsol
Cu2Ca1Zr1S1Se2Te1,stannite,-0.8233,1.3308,0.929,PBEsol
Cu2Ca1Zr1S1Se3,kesterite,-0.9082,1.4158,0.969,PBEsol
Cu2Ca1Zr1S1Se3,stannite,-0.9247,1.2841,1.15,PBEsol
Cu2Ca1Zr1S1Te3,kesterite,-0.5947,1.7424,0.03,PBEsol
Cu2Ca1Zr1S1Te3,stannite,-0.6319,1.4452,0.735,PBEsol
Cu2Ca1Zr1S2Se1Te1,kesterite,-0.8398,1.4799,0.624,PBEsol
Cu2Ca1Zr1S2Se2,kesterite,-0.9503,1.3495,1.075,PBEsol
Cu2Ca1Zr1S2Te2,stannite,-0.8113,1.0078,0.888,PBEsol
Cu2Ca1Zr1S3Se1,stannite,-1.0123,1.1448,1.083,PBEsol
Cu2Ca1Zr1S4,kesterite,-1.0501,1.1658,1.188,PBEsol
Cu2Ca1Zr1S4,stannite,-1.0585,1.0987,1.199,PBEsol
Cu2Ca1Zr1Se1Te3,stannite,-0.585,1.5393,0.653,PBEsol
Cu2Ca1Zr1Se2Te2,kesterite,-0.6382,1.8307,0.784,PBEsol
Cu2Ca1Zr1Se3Te1,kesterite,-0.7689,1.5221,0.666,PBEsol
Cu2Ca1Zr1Se3Te1,stannite,-0.7586,1.6049,0.633,PBEsol
Cu2Ca1Zr1Se4,kesterite,-0.8629,1.5405,1.001,PBEsol
Cu2Ca1Zr1Se4,stannite,-0.8673,1.506,0.891,PBEsol
Cu2Ca1Zr1Te4,kesterite,-0.4151,2.2151,0.674,PBEsol
Cu2Ca1Zr1Te4,stannite,-0.4208,2.1692,0.369,PBEsol
Cu2Cd1Ge0.5Zr0.5S4,kesterite,-0.5722,-0.0446,1.005,PBEsol
Cu2Cd1Ge0.5Zr0.5S4,stannite,-0.5793,-0.1011,0.943,PBEsol
Cu2Cd1Ge0.5Zr0.5Se4,kesterite,-0.4484,0.2032,0.586,PBEsol
Cu2Cd1Ge0.5Zr0.5Se4,stannite,-0.4536,0.1622,0.528,PBEsol
Cu2Cd1Ge0.5Zr0.5Te4,kesterite,-0.1507,,0.173,PBEsol
Cu2Cd1Ge0.5Zr0.5Te4,stannite,-0.1578,,0.214,PBEsol
Cu2Cd1Ge1S1Se1Te2,kesterite,-0.2114,,0.018,PBEsol
Cu2Cd1Ge1S1Se1Te2,stannite,-0.2143,,0.289,PBEsol
Cu2Cd1Ge1S1Se2Te1,kesterite,-0.2687,,0.071,PBEsol
Cu2Cd1Ge1S1Se2Te1,stannite,-0.2779,,0.314,PBEsol
Cu2Cd1Ge1S1Se3,kesterite,-0.3369,-0.4559,0.13,PBEsol
Cu2Cd1Ge1S1Se3,stannite,-0.3503,-0.5636,0.115,PBEsol
Cu2Cd1Ge1S1Te3,kesterite,-0.1537,,0.031,PBEsol
Cu2Cd1Ge1S1Te3,stannite,-0.1533,,0.064,PBEsol
Cu2Cd1Ge1S2Se1Te1,kesterite,-0.2778,,0.046,PBEsol
Cu2Cd1Ge1S2Se2,kesterite,-0.3575,-0.4907,0.273,PBEsol
Cu2Cd1Ge1S2Se2,stannite,-0.3722,-0.6082,0.201,PBEsol
Cu2Cd1Ge1S2Te2,kesterite,-0.207,,0.218,PBEsol
Cu2Cd1Ge1S2Te2,stannite,-0.2359,,0.104,PBEsol
Cu2Cd1Ge1S3Se1,kesterite,-0.3835,-0.5481,0.415,PBEsol
Cu2Cd1Ge1S3Se1,stannite,-0.3977,-0.6624,0.359,PBEsol
Cu2Cd1Ge1S3Te1,kesterite,-0.2986,,0.05,PBEsol
Cu2Cd1Ge1S3Te1,stannite,-0.3155,,0.334,PBEsol
Cu2Cd1Ge1S4,kesterite,-0.4116,-0.5893,0.618,PBEsol
Cu2Cd1Ge1S4,stannite,-0.4268,-0.7109,0.508,PBEsol
Cu2Cd1Ge1Se1Te3,kesterite,-0.13,,0.062,PBEsol
Cu2Cd1Ge1Se1Te3,stannite,-0.144,,0.013,PBEsol
Cu2Cd1Ge1Se2Te2,kesterite,-0.2001,,0.003,PBEsol
Cu2Cd1Ge1Se2Te2,stannite,-0.2027,,0.208,PBEsol
Cu2Cd1Ge1Se3Te1,kesterite,-0.25,,0.082,PBEsol
Cu2Cd1Ge1Se3Te1,stannite,-0.2641,,0.093,PBEsol
Cu2Cd1Ge1Se4,kesterite,-0.3156,-0.3822,0.018,PBEsol
Cu2Cd1Ge1Se4,stannite,-0.3369,-0.5527,0.96,PBEsol
Cu2Cd1Ge1Te4,kesterite,-0.1004,,0.031,PBEsol
Cu2Cd1Ge1Te4,stannite,-0.1203,,0.031,PBEsol
Cu2Cd1Sn0.5Ge0.5S4,kesterite,-0.4125,-0.477,0.359,PBEsol
Cu2Cd1Sn0.5Ge0.5S4,stannite,-0.422,-0.5527,0.323,PBEsol
Cu2Cd1Sn0.5Ge0.5Se4,kesterite,-0.3384,-0.3947,0.246,PBEsol
Cu2Cd1Sn0.5Ge0.5Se4,stannite,-0.3416,-0.4198,0.398,PBEsol
Cu2Cd1Sn0.5Ge0.5Te4,kesterite,-0.0961,,0.086,PBEsol
Cu2Cd1Sn0.5Ge0.5Te4,stannite,-0.1071,,0.128,PBEsol
Cu2Cd1Sn0.5Zr0.5S4,kesterite,-0.5774,0.0517,0.802,PBEsol
Cu2Cd1Sn0.5Zr0.5S4,stannite,-0.5797,0.033,0.773,PBEsol
Cu2Cd1Sn0.5Zr0.5Se4,kesterite,-0.4668,0.2449,0.44,PBEsol
Cu2Cd1Sn0.5Zr0.5Te4,kesterite,-0.1535,,0.299,PBEsol
Cu2Cd1Sn0.5Zr0.5Te4,stannite,-0.1412,,0.263,PBEsol
Cu2Cd1Sn1S1Se1Te2,kesterite,-0.247,,0.034,PBEsol
Cu2Cd1Sn1S1Se1Te2,stannite,-0.2248,,0.02,PBEsol
Cu2Cd1Sn1S1Se2Te1,kesterite,-0.2884,,0.107,PBEsol
Cu2Cd1Sn1S1Se2Te1,stannite,-0.2914,,0.098,PBEsol
Cu2Cd1Sn1S1Se3,kesterite,-0.3604,-0.2923,0.032,PBEsol
Cu2Cd1Sn1S1Se3,stannite,-0.3636,-0.3179,0.509,PBEsol
Cu2Cd1Sn1S1Te3,kesterite,-0.1935,,0.104,PBEsol
Cu2Cd1Sn1S1Te3,stannite,-0.1975,,0.103,PBEsol
Cu2Cd1Sn1S2Se1Te1,kesterite,-0.3108,,0.087,PBEsol
Cu2Cd1Sn1S2Se1Te1,stannite,-0.3082,,0.065,PBEsol
Cu2Cd1Sn1S2Se2,kesterite,-0.3822,-0.362,0.53,PBEsol
Cu2Cd1Sn1S2Se2,stannite,-0.3846,-0.3814,0.027,PBEsol
Cu2Cd1Sn1S2Te2,kesterite,-0.2471,,0.0,PBEsol
Cu2Cd1Sn1S2Te2,stannite,-0.2558,,0.288,PBEsol
Cu2Cd1Sn1S3Se1,kesterite,-0.3963,-0.3499,0.024,PBEsol
Cu2Cd1Sn1S3Se1,stannite,-0.3998,-0.378,0.058,PBEsol
Cu2Cd1Sn1S3Te1,kesterite,-0.3173,,0.053,PBEsol
Cu2Cd1Sn1S3Te1,stannite,-0.3219,,0.315,PBEsol
Cu2Cd1Sn1S4,kesterite,-0.4178,-0.3635,0.111,PBEsol
Cu2Cd1Sn1S4,stannite,-0.4218,-0.3956,0.093,PBEsol
Cu2Cd1Sn1Se1Te3,kesterite,-0.1976,,0.022,PBEsol
Cu2Cd1Sn1Se1Te3,stannite,-0.2012,,0.028,PBEsol
Cu2Cd1Sn1Se2Te2,stannite,-0.2164,,0.2,PBEsol
Cu2Cd1Sn1Se3Te1,kesterite,-0.2958,,0.093,PBEsol
Cu2Cd1Sn1Se3Te1,stannite,-0.2818,,0.088,PBEsol
Cu2Cd1Sn1Se4,kesterite,-0.3632,-0.3864,0.498,PBEsol
Cu2Cd1Sn1Se4,stannite,-0.3627,-0.3825,0.845,PBEsol
Cu2Cd1Sn1Te4,kesterite,-0.1597,,0.011,PBEsol
Cu2Cd1Sn1Te4,stannite,-0.1626,,0.04,PBEsol
Cu2Cd1Zr1S1Se1Te2,kesterite,-0.4454,0.8179,0.438,PBEsol
Cu2Cd1Zr1S1Se1Te2,stannite,-0.4313,0.9308,0.39,PBEsol
Cu2Cd1Zr1S1Se2Te1,kesterite,-0.525,0.8034,0.662,PBEsol
Cu2Cd1Zr1S1Se2Te1,stannite,-0.5283,0.777,0.562,PBEsol
Cu2Cd1Zr1S1Se3,stannite,-0.6205,0.6984,0.86,PBEsol
Cu2Cd1Zr1S1Te3,kesterite,-0.3678,0.853,0.582,PBEsol
Cu2Cd1Zr1S1Te3,stannite,-0.3726,0.8148,0.445,PBEsol
Cu2Cd1Zr1S2Se1Te1,kesterite,-0.5603,0.7516,0.607,PBEsol
Cu2Cd1Zr1S2Se1Te1,stannite,-0.5712,0.6648,0.501,PBEsol
Cu2Cd1Zr1S2Se2,kesterite,-0.659,0.6112,0.991,PBEsol
Cu2Cd1Zr1S2Se2,stannite,-0.6588,0.6129,0.905,PBEsol
Cu2Cd1Zr1S2Te2,stannite,-0.4756,0.8334,0.534,PBEsol
Cu2Cd1Zr1S3Se1,stannite,-0.7003,0.5218,0.946,PBEsol
Cu2Cd1Zr1S3Te1,kesterite,-0.6025,0.6819,0.614,PBEsol
Cu2Cd1Zr1S3Te1,stannite,-0.6057,0.6562,0.483,PBEsol
Cu2Cd1Zr1S4,kesterite,-0.7388,0.4884,1.127,PBEsol
Cu2Cd1Zr1S4,stannite,-0.7402,0.4771,1.066,PBEsol
Cu2Cd1Zr1Se1Te3,kesterite,-0.3398,0.8462,0.581,PBEsol
Cu2Cd1Zr1Se1Te3,stannite,-0.3421,0.8278,0.521,PBEsol
Cu2Cd1Zr1Se2Te2,kesterite,-0.4187,0.8272,0.706,PBEsol
Cu2Cd1Zr1Se2Te2,stannite,-0.3966,1.0042,0.65,PBEsol
Cu2Cd1Zr1Se3Te1,kesterite,-0.4866,0.9163,0.672,PBEsol
Cu2Cd1Zr1Se3Te1,stannite,-0.5028,0.7867,0.553,PBEsol
Cu2Cd1Zr1Se4,kesterite,-0.5793,0.8407,0.942,PBEsol
Cu2Cd1Zr1Se4,stannite,-0.5805,0.8311,0.858,PBEsol
Cu2Cd1Zr1Te4,kesterite,-0.2062,1.3354,0.554,PBEsol
Cu2Cd1Zr1Te4,stannite,-0.1994,1.3899,0.574,PBEsol
Cu2Mg0.5Ba0.5Ge1S4,stannite,-0.6329,-0.0236,1.003,PBEsol
Cu2Mg0.5Ba0.5Ge1Se4,kesterite,-0.4809,0.418,0.286,PBEsol
Cu2Mg0.5Ba0.5Ge1Se4,stannite,-0.5074,0.2056,0.394,PBEsol
Cu2Mg0.5Ba0.5Ge1Te4,kesterite,-0.22,,0.18,PBEsol
Cu2Mg0.5Ba0.5Ge1Te4,stannite,-0.2522,,0.297,PBEsol
Cu2Mg0.5Ba0.5Sn1S4,kesterite,-0.6136,0.4069,0.477,PBEsol
Cu2Mg0.5Ba0.5Sn1S4,stannite,-0.6214,0.3449,0.596,PBEsol
Cu2Mg0.5Ba0.5Sn1Se4,kesterite,-0.5116,0.5487,0.136,PBEsol
Cu2Mg0.5Ba0.5Sn1Se4,stannite,-0.5213,0.4714,0.205,PBEsol
Cu2Mg0.5Ba0.5Sn1Te4,kesterite,-0.1925,,0.118,PBEsol
Cu2Mg0.5Ba0.5Sn1Te4,stannite,-0.2861,,0.211,PBEsol
Cu2Mg0.5Ba0.5Zr1S4,kesterite,-0.9595,1.0593,1.21,PBEsol
Cu2Mg0.5Ba0.5Zr1S4,stannite,-0.9541,1.1026,1.127,PBEsol
Cu2Mg0.5Ba0.5Zr1Se4,kesterite,-0.7807,1.352,0.996,PBEsol
Cu2Mg0.5Ba0.5Zr1Se4,stannite,-0.7715,1.4252,0.832,PBEsol
Cu2Mg0.5Ba0.5Zr1Te4,kesterite,-0.4238,1.4081,0.712,PBEsol
Cu2Mg0.5Ba0.5Zr1Te4,stannite,-0.3419,2.0635,0.462,PBEsol
Cu2Mg0.5Ca0.5Ge1S4,kesterite,-0.6554,-0.1012,1.055,PBEsol
Cu2Mg0.5Ca0.5Ge1S4,stannite,-0.6757,-0.2638,1.142,PBEsol
Cu2Mg0.5Ca0.5Ge1Se4,kesterite,-0.5213,0.1035,0.453,PBEsol
Cu2Mg0.5Ca0.5Ge1Se4,stannite,-0.5386,-0.0352,0.494,PBEsol
Cu2Mg0.5Ca0.5Ge1Te4,kesterite,-0.2064,,0.239,PBEsol
Cu2Mg0.5Ca0.5Ge1Te4,stannite,-0.2371,,0.485,PBEsol
Cu2Mg0.5Ca0.5Sn1S4,kesterite,-0.6602,0.136,0.567,PBEsol
Cu2Mg0.5Ca0.5Sn1S4,stannite,-0.6646,0.1012,0.565,PBEsol
Cu2Mg0.5Ca0.5Sn1Se4,kesterite,-0.5583,0.1843,0.148,PBEsol
Cu2Mg0.5Ca0.5Sn1Se4,stannite,-0.5661,0.1214,0.17,PBEsol
Cu2Mg0.5Ca0.5Sn1Te4,kesterite,-0.2348,,0.295,PBEsol
Cu2Mg0.5Ca0.5Sn1Te4,stannite,-0.2393,,0.406,PBEsol
Cu2Mg0.5Ca0.5Zr1S4,kesterite,-0.9923,0.899,1.296,PBEsol
Cu2Mg0.5Ca0.5Zr1S4,stannite,-0.9947,0.8799,1.183,PBEsol
Cu2Mg0.5Ca0.5Zr1Se4,kesterite,-0.8012,1.1969,1.111,PBEsol
Cu2Mg0.5Ca0.5Zr1Se4,stannite,-0.8018,1.1918,0.9,PBEsol
Cu2Mg0.5Ca0.5Zr1Te4,kesterite,-0.3657,1.764,0.779,PBEsol
Cu2Mg0.5Ca0.5Zr1Te4,stannite,-0.3681,1.7449,0.525,PBEsol
Cu2Mg0.5Cd0.5Ge1S4,kesterite,-0.5134,-0.5494,0.828,PBEsol
Cu2Mg0.5Cd0.5Ge1S4,stannite,-0.524,-0.6344,0.678,PBEsol
Cu2Mg0.5Cd0.5Ge1Se4,kesterite,-0.3997,-0.4083,0.147,PBEsol
Cu2Mg0.5Cd0.5Ge1Se4,stannite,-0.4083,-0.4768,0.058,PBEsol
Cu2Mg0.5Cd0.5Ge1Te4,kesterite,-0.128,,0.028,PBEsol
Cu2Mg0.5Cd0.5Ge1Te4,stannite,-0.1409,,0.088,PBEsol
Cu2Mg0.5Cd0.5Sn1S4,kesterite,-0.5149,-0.2854,0.331,PBEsol
Cu2Mg0.5Cd0.5Sn1S4,stannite,-0.5179,-0.3092,0.31,PBEsol
Cu2Mg0.5Cd0.5Sn1Se4,kesterite,-0.4262,-0.2433,0.041,PBEsol
Cu2Mg0.5Cd0.5Sn1Se4,stannite,-0.427,-0.2502,0.435,PBEsol
Cu2Mg0.5Cd0.5Sn1Te4,kesterite,-0.1493,,0.116,PBEsol
Cu2Mg0.5Cd0.5Sn1Te4,stannite,-0.1507,,0.084,PBEsol
Cu2Mg0.5Cd0.5Zr1S4,kesterite,-0.838,0.5493,1.241,PBEsol
Cu2Mg0.5Cd0.5Zr1S4,stannite,-0.8405,0.5292,1.098,PBEsol
Cu2Mg0.5Cd0.5Zr1Se4,kesterite,-0.6614,0.8306,0.988,PBEsol
Cu2Mg0.5Cd0.5Zr1Se4,stannite,-0.663,0.8178,0.87,PBEsol
Cu2Mg0.5Cd0.5Zr1Te4,kesterite,-0.2631,1.3093,0.59,PBEsol
Cu2Mg0.5Cd0.5Zr1Te4,stannite,-0.2665,1.2823,0.597,PBEsol
Cu2Mg0.5Sr0.5Ge1S4,kesterite,-0.6355,0.0519,0.952,PBEsol
Cu2Mg0.5Sr0.5Ge1S4,stannite,-0.6614,-0.1551,1.103,PBEsol
Cu2Mg0.5Sr0.5Ge1Se4,kesterite,-0.5064,0.2605,0.386,PBEsol
Cu2Mg0.5Sr0.5Ge1Se4,stannite,-0.5296,0.0753,0.456,PBEsol
Cu2Mg0.5Sr0.5Ge1Te4,stannite,-0.2181,,0.494,PBEsol
Cu2Mg0.5Sr0.5Sn1S4,kesterite,-0.6424,0.2726,0.535,PBEsol
Cu2Mg0.5Sr0.5Sn1S4,stannite,-0.6486,0.223,0.633,PBEsol
Cu2Mg0.5Sr0.5Sn1Se4,kesterite,-0.5368,0.3941,0.156,PBEsol
Cu2Mg0.5Sr0.5Sn1Se4,stannite,-0.5434,0.3412,0.24,PBEsol
Cu2Mg0.5Sr0.5Sn1Te4,kesterite,-0.286,,0.03,PBEsol
Cu2Mg0.5Sr0.5Sn1Te4,stannite,-0.3025,,0.309,PBEsol
Cu2Mg0.5Sr0.5Zr1S4,kesterite,-0.9824,0.9724,1.296,PBEsol
Cu2Mg0.5Sr0.5Zr1S4,stannite,-0.9815,0.9797,1.212,PBEsol
Cu2Mg0.5Sr0.5Zr1Se4,kesterite,-0.8041,1.2116,1.098,PBEsol
Cu2Mg0.5Sr0.5Zr1Se4,stannite,-0.8031,1.2193,0.989,PBEsol
Cu2Mg0.5Sr0.5Zr1Te4,kesterite,-0.429,1.35,0.757,PBEsol
Cu2Mg0.5Sr0.5Zr1Te4,stannite,-0.3548,1.9432,0.379,PBEsol
Cu2Mg0.5Zn0.5Ge1S4,kesterite,-0.5454,-0.6079,0.901,PBEsol
Cu2Mg0.5Zn0.5Ge1S4,stannite,-0.5449,-0.6041,0.728,PBEsol
Cu2Mg0.5Zn0.5Ge1Se4,kesterite,-0.4185,-0.4482,0.259,PBEsol
Cu2Mg0.5Zn0.5Ge1Se4,stannite,-0.4197,-0.4581,0.03,PBEsol
Cu2Mg0.5Zn0.5Ge1Te4,kesterite,-0.146,,0.091,PBEsol
Cu2Mg0.5Zn0.5Ge1Te4,stannite,-0.1492,,0.114,PBEsol
Cu2Mg0.5Zn0.5Sn1S4,kesterite,-0.5439,-0.3202,0.428,PBEsol
Cu2Mg0.5Zn0.5Sn1S4,stannite,-0.5422,-0.3065,0.319,PBEsol
Cu2Mg0.5Zn0.5Sn1Se4,kesterite,-0.4428,-0.2659,0.018,PBEsol
Cu2Mg0.5Zn0.5Sn1Se4,stannite,-0.4419,-0.259,0.31,PBEsol
Cu2Mg0.5Zn0.5Sn1Te4,kesterite,-0.1637,,0.151,PBEsol
Cu2Mg0.5Zn0.5Sn1Te4,stannite,-0.1636,,0.04,PBEsol
Cu2Mg0.5Zn0.5Zr1S4,kesterite,-0.8646,0.5333,1.173,PBEsol
Cu2Mg0.5Zn0.5Zr1S4,stannite,-0.865,0.5305,1.02,PBEsol
Cu2Mg0.5Zn0.5Zr1Se4,kesterite,-0.677,0.8162,0.922,PBEsol
Cu2Mg0.5Zn0.5Zr1Se4,stannite,-0.6769,0.8172,0.789,PBEsol
Cu2Mg0.5Zn0.5Zr1Te4,kesterite,-0.273,1.2554,0.521,PBEsol
Cu2Mg0.5Zn0.5Zr1Te4,stannite,-0.2739,1.2488,0.553,PBEsol
Cu2Mg1Ge0.5Zr0.5S4,kesterite,-0.7728,0.0957,1.187,PBEsol
Cu2Mg1Ge0.5Zr0.5S4,stannite,-0.7775,0.0578,1.158,PBEsol
Cu2Mg1Ge0.5Zr0.5Se4,kesterite,-0.6099,0.2414,0.659,PBEsol
Cu2Mg1Ge0.5Zr0.5Se4,stannite,-0.6126,0.2196,0.667,PBEsol
Cu2Mg1Ge0.5Zr0.5Te4,kesterite,-0.259,,0.298,PBEsol
Cu2Mg1Ge0.5Zr0.5Te4,stannite,-0.2623,,0.377,PBEsol
Cu2Mg1Ge1S1Se1Te2,kesterite,-0.3408,,0.236,PBEsol
Cu2Mg1Ge1S1Se1Te2,stannite,-0.3514,,0.257,PBEsol
Cu2Mg1Ge1S1Se2Te1,kesterite,-0.4194,,0.266,PBEsol
Cu2Mg1Ge1S1Se2Te1,stannite,-0.4304,,0.248,PBEsol
Cu2Mg1Ge1S1Se3,kesterite,-0.5067,-0.3806,0.554,PBEsol
Cu2Mg1Ge1S1Se3,stannite,-0.5164,-0.4588,0.438,PBEsol
Cu2Mg1Ge1S1Te3,kesterite,-0.2647,,0.142,PBEsol
Cu2Mg1Ge1S1Te3,stannite,-0.2823,,0.352,PBEsol
Cu2Mg1Ge1S2Se1Te1,kesterite,-0.4449,,0.316,PBEsol
Cu2Mg1Ge1S2Se1Te1,stannite,-0.4628,,0.248,PBEsol
Cu2Mg1Ge1S2Se2,kesterite,-0.5384,-0.4007,0.705,PBEsol
Cu2Mg1Ge1S2Se2,stannite,-0.5487,-0.4831,0.578,PBEsol
Cu2Mg1Ge1S2Te2,kesterite,-0.3564,,0.448,PBEsol
Cu2Mg1Ge1S2Te2,stannite,-0.4107,,0.406,PBEsol
Cu2Mg1Ge1S3Se1,kesterite,-0.5746,-0.4361,0.876,PBEsol
Cu2Mg1Ge1S3Se1,stannite,-0.5844,-0.5148,0.747,PBEsol
Cu2Mg1Ge1S3Te1,kesterite,-0.4744,,0.272,PBEsol
Cu2Mg1Ge1S3Te1,stannite,-0.4906,,0.229,PBEsol
Cu2Mg1Ge1S4,kesterite,-0.6142,-0.4653,1.041,PBEsol
Cu2Mg1Ge1S4,stannite,-0.6224,-0.5311,0.957,PBEsol
Cu2Mg1Ge1Se1Te3,kesterite,-0.248,,0.083,PBEsol
Cu2Mg1Ge1Se1Te3,stannite,-0.2608,,0.271,PBEsol
Cu2Mg1Ge1Se2Te2,kesterite,-0.3177,,0.317,PBEsol
Cu2Mg1Ge1Se2Te2,stannite,-0.3358,,0.328,PBEsol
Cu2Mg1Ge1Se3Te1,kesterite,-0.3951,,0.234,PBEsol
Cu2Mg1Ge1Se3Te1,stannite,-0.4064,,0.182,PBEsol
Cu2Mg1Ge1Se4,kesterite,-0.4808,-0.3743,0.345,PBEsol
Cu2Mg1Ge1Se4,stannite,-0.4904,-0.4509,0.181,PBEsol
Cu2Mg1Ge1Te4,kesterite,-0.2123,,0.083,PBEsol
Cu2Mg1Ge1Te4,stannite,-0.2253,,0.224,PBEsol
Cu2Mg1Sn0.5Ge0.5S4,kesterite,-0.612,-0.3278,0.724,PBEsol
Cu2Mg1Sn0.5Ge0.5S4,stannite,-0.6178,-0.3744,0.67,PBEsol
Cu2Mg1Sn0.5Ge0.5Se4,kesterite,-0.4909,-0.2845,0.246,PBEsol
Cu2Mg1Sn0.5Ge0.5Se4,stannite,-0.4966,-0.33,0.174,PBEsol
Cu2Mg1Sn0.5Ge0.5Te4,kesterite,-0.201,,0.235,PBEsol
Cu2Mg1Sn0.5Ge0.5Te4,stannite,-0.2095,,0.223,PBEsol
Cu2Mg1Sn0.5Zr0.5S4,kesterite,-0.7755,0.2117,1.178,PBEsol
Cu2Mg1Sn0.5Zr0.5S4,stannite,-0.7777,0.1939,0.914,PBEsol
Cu2Mg1Sn0.5Zr0.5Se4,kesterite,-0.6252,0.3073,0.742,PBEsol
Cu2Mg1Sn0.5Zr0.5Se4,stannite,-0.6241,0.3163,0.582,PBEsol
Cu2Mg1Sn0.5Zr0.5Te4,kesterite,-0.2624,,0.473,PBEsol
Cu2Mg1Sn0.5Zr0.5Te4,stannite,-0.2611,,0.555,PBEsol
Cu2Mg1Sn1S1Se1Te2,kesterite,-0.3646,,0.103,PBEsol
Cu2Mg1Sn1S1Se1Te2,stannite,-0.3682,,0.167,PBEsol
Cu2Mg1Sn1S1Se2Te1,kesterite,-0.4424,,0.078,PBEsol
Cu2Mg1Sn1S1Se2Te1,stannite,-0.4467,,0.091,PBEsol
Cu2Mg1Sn1S1Se3,kesterite,-0.5329,-0.239,0.183,PBEsol
Cu2Mg1Sn1S1Se3,stannite,-0.5362,-0.2651,0.128,PBEsol
Cu2Mg1Sn1S1Te3,kesterite,-0.3144,,0.042,PBEsol
Cu2Mg1Sn1S1Te3,stannite,-0.3216,,0.187,PBEsol
Cu2Mg1Sn1S2Se1Te1,kesterite,-0.4649,,0.169,PBEsol
Cu2Mg1Sn1S2Se1Te1,stannite,-0.4743,,0.086,PBEsol
Cu2Mg1Sn1S2Se2,kesterite,-0.5576,-0.228,0.3,PBEsol
Cu2Mg1Sn1S2Se2,stannite,-0.5601,-0.2476,0.202,PBEsol
Cu2Mg1Sn1S2Te2,kesterite,-0.3821,,0.233,PBEsol
Cu2Mg1Sn1S2Te2,stannite,-0.4026,,0.371,PBEsol
Cu2Mg1Sn1S3Se1,kesterite,-0.5848,-0.2164,0.419,PBEsol
Cu2Mg1Sn1S3Se1,stannite,-0.5887,-0.2476,0.3,PBEsol
Cu2Mg1Sn1S3Te1,kesterite,-0.4886,,0.151,PBEsol
Cu2Mg1Sn1S3Te1,stannite,-0.4963,,0.047,PBEsol
Cu2Mg1Sn1S4,kesterite,-0.6196,-0.2324,0.318,PBEsol
Cu2Mg1Sn1S4,stannite,-0.6213,-0.2466,0.286,PBEsol
Cu2Mg1Sn1Se1Te3,kesterite,-0.2725,,0.044,PBEsol
Cu2Mg1Sn1Se1Te3,stannite,-0.2802,,0.251,PBEsol
Cu2Mg1Sn1Se2Te2,kesterite,-0.3457,,0.176,PBEsol
Cu2Mg1Sn1Se2Te2,stannite,-0.3559,,0.235,PBEsol
Cu2Mg1Sn1Se3Te1,kesterite,-0.4222,,0.077,PBEsol
Cu2Mg1Sn1Se3Te1,stannite,-0.4268,,0.051,PBEsol
Cu2Mg1Sn1Se4,kesterite,-0.5088,-0.2218,0.082,PBEsol
Cu2Mg1Sn1Se4,stannite,-0.5144,-0.2663,0.926,PBEsol
Cu2Mg1Sn1Te4,kesterite,-0.24,,0.193,PBEsol
Cu2Mg1Sn1Te4,stannite,-0.247,,0.15,PBEsol
Cu2Mg1Zr1S1Se1Te2,kesterite,-0.5731,1.0116,0.601,PBEsol
Cu2Mg1Zr1S1Se1Te2,stannite,-0.5799,0.9572,0.56,PBEsol
Cu2Mg1Zr1S1Se2Te1,kesterite,-0.6819,0.8727,0.806,PBEsol
Cu2Mg1Zr1S1Se2Te1,stannite,-0.6885,0.82,0.762,PBEsol
Cu2Mg1Zr1S1Se3,stannite,-0.7937,0.7464,1.008,PBEsol
Cu2Mg1Zr1S1Te3,kesterite,-0.4937,0.9521,0.816,PBEsol
Cu2Mg1Zr1S1Te3,stannite,-0.4789,1.0708,0.648,PBEsol
Cu2Mg1Zr1S2Se1Te1,kesterite,-0.7263,0.8518,0.782,PBEsol
Cu2Mg1Zr1S2Se1Te1,stannite,-0.7331,0.7979,0.699,PBEsol
Cu2Mg1Zr1S2Se2,kesterite,-0.8393,0.7059,1.281,PBEsol
Cu2Mg1Zr1S2Se2,stannite,-0.8407,0.695,1.068,PBEsol
Cu2Mg1Zr1S2Te2,kesterite,-0.6193,1.0033,0.788,PBEsol
Cu2Mg1Zr1S2Te2,stannite,-0.6287,0.9279,0.654,PBEsol
Cu2Mg1Zr1S3Se1,stannite,-0.8917,0.632,1.116,PBEsol
Cu2Mg1Zr1S3Te1,kesterite,-0.7732,0.8486,0.706,PBEsol
Cu2Mg1Zr1S3Te1,stannite,-0.7826,0.7732,0.715,PBEsol
Cu2Mg1Zr1S4,kesterite,-0.9374,0.6441,1.44,PBEsol
Cu2Mg1Zr1S4,stannite,-0.9399,0.6246,1.181,PBEsol
Cu2Mg1Zr1Se1Te3,kesterite,-0.4271,1.1506,0.833,PBEsol
Cu2Mg1Zr1Se1Te3,stannite,-0.4298,1.1284,0.63,PBEsol
Cu2Mg1Zr1Se2Te2,kesterite,-0.549,0.8964,0.91,PBEsol
Cu2Mg1Zr1Se2Te2,stannite,-0.5367,0.9945,0.768,PBEsol
Cu2Mg1Zr1Se3Te1,kesterite,-0.6365,0.9376,0.859,PBEsol
Cu2Mg1Zr1Se3Te1,stannite,-0.6501,0.8289,0.833,PBEsol
Cu2Mg1Zr1Se4,kesterite,-0.7434,0.8575,1.234,PBEsol
Cu2Mg1Zr1Se4,stannite,-0.745,0.845,0.975,PBEsol
Cu2Mg1Zr1Te4,kesterite,-0.3672,0.9415,0.767,PBEsol
Cu2Mg1Zr1Te4,stannite,-0.3713,0.9088,0.645,PBEsol
Cu2Sr0.5Ba0.5Ge1S4,kesterite,-0.6497,0.5485,0.753,PBEsol
Cu2Sr0.5Ba0.5Ge1S4,stannite,-0.7608,-0.3405,1.228,PBEsol
Cu2Sr0.5Ba0.5Ge1Se4,kesterite,-0.5275,0.9021,0.275,PBEsol
Cu2Sr0.5Ba0.5Ge1Te4,kesterite,-0.2153,,0.213,PBEsol
Cu2Sr0.5Ba0.5Ge1Te4,stannite,-0.3682,,0.344,PBEsol
Cu2Sr0.5Ba0.5Sn1S4,kesterite,-0.6676,0.6807,0.482,PBEsol
Cu2Sr0.5Ba0.5Sn1S4,stannite,-0.7201,0.2611,0.803,PBEsol
Cu2Sr0.5Ba0.5Sn1Se4,kesterite,-0.5586,1.0299,0.118,PBEsol
Cu2Sr0.5Ba0.5Sn1Se4,stannite,-0.6051,0.6581,0.493,PBEsol
Cu2Sr0.5Ba0.5Sn1Te4,kesterite,-0.2082,,0.083,PBEsol
Cu2Sr0.5Ba0.5Sn1Te4,stannite,-0.3668,,0.611,PBEsol
Cu2Sr0.5Ba0.5Zr1S4,kesterite,-1.018,1.2974,0.995,PBEsol
Cu2Sr0.5Ba0.5Zr1S4,stannite,-1.0376,1.1407,1.297,PBEsol
Cu2Sr0.5Ba0.5Zr1Se4,kesterite,-0.8457,1.6893,0.821,PBEsol
Cu2Sr0.5Ba0.5Zr1Se4,stannite,-0.8523,1.6369,0.961,PBEsol
Cu2Sr0.5Ba0.5Zr1Te4,kesterite,-0.4979,1.7359,0.612,PBEsol
Cu2Sr0.5Ba0.5Zr1Te4,stannite,-0.4953,1.7565,0.72,PBEsol
Cu2Sr0.5Cd0.5Ge1S4,stannite,-0.5667,-0.2699,0.734,PBEsol
Cu2Sr0.5Cd0.5Ge1Se4,kesterite,-0.4294,0.2117,0.174,PBEsol
Cu2Sr0.5Cd0.5Ge1Se4,stannite,-0.4527,0.0253,0.24,PBEsol
Cu2Sr0.5Cd0.5Ge1Te4,kesterite,-0.1419,,0.042,PBEsol
Cu2Sr0.5Cd0.5Ge1Te4,stannite,-0.1623,,0.289,PBEsol
Cu2Sr0.5Cd0.5Sn1S4,kesterite,-0.5474,0.1606,0.34,PBEsol
Cu2Sr0.5Cd0.5Sn1S4,stannite,-0.5549,0.1007,0.38,PBEsol
Cu2Sr0.5Cd0.5Sn1Se4,kesterite,-0.4571,0.3669,0.553,PBEsol
Cu2Sr0.5Cd0.5Sn1Se4,stannite,-0.4816,0.1705,0.668,PBEsol
Cu2Sr0.5Cd0.5Sn1Te4,kesterite,-0.1475,,0.108,PBEsol
Cu2Sr0.5Cd0.5Sn1Te4,stannite,-0.1628,,0.28,PBEsol
Cu2Sr0.5Cd0.5Zr1S4,kesterite,-0.8864,0.8681,1.098,PBEsol
Cu2Sr0.5Cd0.5Zr1S4,stannite,-0.8822,0.9017,0.914,PBEsol
Cu2Sr0.5Cd0.5Zr1Se4,kesterite,-0.7259,1.1718,0.877,PBEsol
Cu2Sr0.5Cd0.5Zr1Se4,stannite,-0.7101,1.2989,0.674,PBEsol
Cu2Sr0.5Cd0.5Zr1Te4,stannite,-0.3727,1.3533,0.36,PBEsol
Cu2Sr0.5Zn0.5Ge1S4,kesterite,-0.5613,-0.0294,0.779,PBEsol
Cu2Sr0.5Zn0.5Ge1S4,stannite,-0.565,-0.0591,0.662,PBEsol
Cu2Sr0.5Zn0.5Ge1Se4,kesterite,-0.443,0.2131,0.202,PBEsol
Cu2Sr0.5Zn0.5Ge1Te4,stannite,-0.1696,,0.153,PBEsol
Cu2Sr0.5Zn0.5Sn1S4,kesterite,-0.5681,0.1924,0.403,PBEsol
Cu2Sr0.5Zn0.5Sn1S4,stannite,-0.5628,0.2349,0.381,PBEsol
Cu2Sr0.5Zn0.5Sn1Se4,kesterite,-0.4706,0.3686,0.057,PBEsol
Cu2Sr0.5Zn0.5Sn1Se4,stannite,-0.4694,0.3788,0.504,PBEsol
Cu2Sr0.5Zn0.5Sn1Te4,kesterite,-0.2401,,0.142,PBEsol
Cu2Sr0.5Zn0.5Sn1Te4,stannite,-0.1701,,0.149,PBEsol
Cu2Sr0.5Zn0.5Zr1S4,kesterite,-0.9041,0.9237,1.051,PBEsol
Cu2Sr0.5Zn0.5Zr1S4,stannite,-0.8965,0.9847,0.839,PBEsol
Cu2Sr0.5Zn0.5Zr1Se4,kesterite,-0.7328,1.2273,0.799,PBEsol
Cu2Sr0.5Zn0.5Zr1Se4,stannite,-0.7257,1.284,0.606,PBEsol
Cu2Sr0.5Zn0.5Zr1Te4,kesterite,-0.3729,1.3766,0.482,PBEsol
Cu2Sr0.5Zn0.5Zr1Te4,stannite,-0.3071,1.9036,0.241,PBEsol
Cu2Sr1Ge0.5Zr0.5S4,kesterite,-0.8529,0.8671,0.93,PBEsol
Cu2Sr1Ge0.5Zr0.5S4,stannite,-0.9044,0.4545,1.074,PBEsol
Cu2Sr1Ge0.5Zr0.5Se4,kesterite,-0.7117,1.1422,0.472,PBEsol
Cu2Sr1Ge0.5Zr0.5Te4,kesterite,-0.3576,,0.184,PBEsol
Cu2Sr1Ge1S1Se1Te2,stannite,-0.5011,,0.372,PBEsol
Cu2Sr1Ge1S1Se2Te1,kesterite,-0.5232,,0.172,PBEsol
Cu2Sr1Ge1S2Se2,kesterite,-0.6081,0.6055,0.594,PBEsol
Cu2Sr1Ge1S2Se2,stannite,-0.7071,-0.1865,1.019,PBEsol
Cu2Sr1Ge1S2Te2,kesterite,-0.4184,,0.334,PBEsol
Cu2Sr1Ge1S2Te2,stannite,-0.5566,,0.473,PBEsol
Cu2Sr1Ge1S3Se1,kesterite,-0.6439,0.4973,0.66,PBEsol
Cu2Sr1Ge1S3Se1,stannite,-0.7441,-0.3043,1.022,PBEsol
Cu2Sr1Ge1S3Te1,kesterite,-0.5741,,0.194,PBEsol
Cu2Sr1Ge1S4,kesterite,-0.6748,0.4617,0.922,PBEsol
Cu2Sr1Ge1S4,stannite,-0.7843,-0.4145,0.866,PBEsol
Cu2Sr1Ge1Se4,kesterite,-0.5568,0.7325,0.322,PBEsol
Cu2Sr1Ge1Se4,stannite,-0.6554,-0.0562,0.278,PBEsol
Cu2Sr1Ge1Te4,kesterite,-0.2773,,0.175,PBEsol
Cu2Sr1Ge1Te4,stannite,-0.3543,,0.257,PBEsol
Cu2Sr1Sn0.5Ge0.5S4,stannite,-0.7458,0.0139,1.033,PBEsol
Cu2Sr1Sn0.5Ge0.5Se4,kesterite,-0.5786,0.729,0.149,PBEsol
Cu2Sr1Sn0.5Ge0.5Se4,stannite,-0.6177,0.4162,0.592,PBEsol
Cu2Sr1Sn0.5Ge0.5Te4,stannite,-0.2957,,0.729,PBEsol
Cu2Sr1Sn0.5Zr0.5S4,kesterite,-0.8589,0.957,0.915,PBEsol
Cu2Sr1Sn0.5Zr0.5S4,stannite,-0.8855,0.7438,0.931,PBEsol
Cu2Sr1Sn0.5Zr0.5Se4,kesterite,-0.7338,1.1536,0.551,PBEsol
Cu2Sr1Sn0.5Zr0.5Se4,stannite,-0.73,1.1836,0.606,PBEsol
Cu2Sr1Sn1S1Se3,stannite,-0.6734,0.2762,0.503,PBEsol
Cu2Sr1Sn1S1Te3,kesterite,-0.3545,,0.063,PBEsol
Cu2Sr1Sn1S1Te3,stannite,-0.4576,,0.445,PBEsol
Cu2Sr1Sn1S2Se1Te1,kesterite,-0.5437,,0.062,PBEsol
Cu2Sr1Sn1S2Se1Te1,stannite,-0.6496,,0.689,PBEsol
Cu2Sr1Sn1S2Se2,stannite,-0.7095,0.1205,0.635,PBEsol
Cu2Sr1Sn1S2Te2,kesterite,-0.4439,,0.186,PBEsol
Cu2Sr1Sn1S2Te2,stannite,-0.5968,,0.606,PBEsol
Cu2Sr1Sn1S3Se1,kesterite,-0.6654,0.6267,0.323,PBEsol
Cu2Sr1Sn1S3Te1,kesterite,-0.5967,,0.294,PBEsol
Cu2Sr1Sn1S4,kesterite,-0.6734,0.7487,0.242,PBEsol
Cu2Sr1Sn1S4,stannite,-0.7438,0.1855,0.615,PBEsol
Cu2Sr1Sn1Se1Te3,kesterite,-0.3727,,0.075,PBEsol
Cu2Sr1Sn1Se2Te2,kesterite,-0.4526,,0.357,PBEsol
Cu2Sr1Sn1Se4,kesterite,-0.5916,0.8308,0.104,PBEsol
Cu2Sr1Sn1Se4,stannite,-0.6496,0.3665,0.02,PBEsol
Cu2Sr1Sn1Te4,kesterite,-0.3354,,0.227,PBEsol
Cu2Sr1Sn1Te4,stannite,-0.3611,,0.679,PBEsol
Cu2Sr1Zr1S1Te3,kesterite,-0.6178,1.6933,0.507,PBEsol
Cu2Sr1Zr1S2Se2,kesterite,-0.9498,1.3855,1.007,PBEsol
Cu2Sr1Zr1S2Te2,kesterite,-0.7389,1.6727,0.764,PBEsol
Cu2Sr1Zr1S2Te2,stannite,-0.816,1.0563,0.917,PBEsol
Cu2Sr1Zr1S3Se1,kesterite,-0.9846,1.3762,0.946,PBEsol
Cu2Sr1Zr1S4,kesterite,-1.0348,1.2773,1.077,PBEsol
Cu2Sr1Zr1S4,stannite,-1.0503,1.1534,1.273,PBEsol
Cu2Sr1Zr1Se2Te2,kesterite,-0.6728,1.684,0.739,PBEsol
Cu2Sr1Zr1Se4,kesterite,-0.8538,1.6893,0.894,PBEsol
Cu2Sr1Zr1Se4,stannite,-0.8633,1.6131,0.942,PBEsol
Cu2Sr1Zr1Te4,stannite,-0.4968,1.7458,0.729,PBEsol
Cu2Zn0.5Cd0.5Ge1S4,kesterite,-0.4415,-0.6494,0.746,PBEsol
Cu2Zn0.5Cd0.5Ge1S4,stannite,-0.4443,-0.672,0.558,PBEsol
Cu2Zn0.5Cd0.5Ge1Se4,kesterite,-0.3381,-0.4704,0.074,PBEsol
Cu2Zn0.5Cd0.5Ge1Se4,stannite,-0.3433,-0.5119,0.1,PBEsol
Cu2Zn0.5Cd0.5Ge1Te4,kesterite,-0.1037,,0.019,PBEsol
Cu2Zn0.5Cd0.5Ge1Te4,stannite,-0.0984,,0.028,PBEsol
Cu2Zn0.5Cd0.5Sn1S4,kesterite,-0.4438,-0.3919,0.233,PBEsol
Cu2Zn0.5Cd0.5Sn1S4,stannite,-0.4432,-0.3873,0.157,PBEsol
Cu2Zn0.5Cd0.5Sn1Se4,kesterite,-0.3624,-0.2878,0.024,PBEsol
Cu2Zn0.5Cd0.5Sn1Se4,stannite,-0.3622,-0.286,0.267,PBEsol
Cu2Zn0.5Cd0.5Sn1Te4,kesterite,-0.1083,,0.014,PBEsol
Cu2Zn0.5Cd0.5Sn1Te4,stannite,-0.1089,,0.017,PBEsol
Cu2Zn0.5Cd0.5Zr1S4,stannite,-0.7643,0.4638,1.026,PBEsol
Cu2Zn0.5Cd0.5Zr1Se4,kesterite,-0.5945,0.8113,0.809,PBEsol
Cu2Zn0.5Cd0.5Zr1Se4,stannite,-0.5948,0.809,0.759,PBEsol
Cu2Zn0.5Cd0.5Zr1Te4,kesterite,-0.2181,1.2478,0.384,PBEsol
Cu2Zn0.5Cd0.5Zr1Te4,stannite,-0.2195,1.2365,0.509,PBEsol
Cu2Zn1Ge0.5Zr0.5S4,kesterite,-0.6311,-0.1209,1.167,PBEsol
Cu2Zn1Ge0.5Zr0.5S4,stannite,-0.6274,-0.0913,0.792,PBEsol
Cu2Zn1Ge0.5Zr0.5Se4,stannite,-0.4803,0.1689,0.261,PBEsol
Cu2Zn1Ge0.5Zr0.5Te4,kesterite,-0.1795,,0.255,PBEsol
Cu2Zn1Ge0.5Zr0.5Te4,stannite,-0.1938,,0.165,PBEsol
Cu2Zn1Ge1S1Se1Te2,kesterite,-0.2377,,0.146,PBEsol
Cu2Zn1Ge1S1Se1Te2,stannite,-0.2339,,0.035,PBEsol
Cu2Zn1Ge1S1Se2Te1,kesterite,-0.3046,,0.15,PBEsol
Cu2Zn1Ge1S1Se2Te1,stannite,-0.3022,,0.01,PBEsol
Cu2Zn1Ge1S1Se3,kesterite,-0.3834,-0.5641,0.332,PBEsol
Cu2Zn1Ge1S1Se3,stannite,-0.3779,-0.5197,0.034,PBEsol
Cu2Zn1Ge1S1Te3,kesterite,-0.1742,,0.055,PBEsol
Cu2Zn1Ge1S1Te3,stannite,-0.1708,,0.099,PBEsol
Cu2Zn1Ge1S2Se1Te1,kesterite,-0.3252,,0.228,PBEsol
Cu2Zn1Ge1S2Se1Te1,stannite,-0.3205,,0.0,PBEsol
Cu2Zn1Ge1S2Se2,kesterite,-0.4101,-0.6037,0.487,PBEsol
Cu2Zn1Ge1S2Se2,stannite,-0.4046,-0.5601,0.18,PBEsol
Cu2Zn1Ge1S2Te2,kesterite,-0.2501,,0.296,PBEsol
Cu2Zn1Ge1S2Te2,stannite,-0.2432,,0.057,PBEsol
Cu2Zn1Ge1S3Se1,kesterite,-0.4412,-0.659,0.653,PBEsol
Cu2Zn1Ge1S3Se1,stannite,-0.4372,-0.6271,0.36,PBEsol
Cu2Zn1Ge1S3Te1,kesterite,-0.3485,,0.267,PBEsol
Cu2Zn1Ge1S3Te1,stannite,-0.3445,,0.141,PBEsol
Cu2Zn1Ge1S4,kesterite,-0.4764,-0.7136,0.855,PBEsol
Cu2Zn1Ge1S4,stannite,-0.4733,-0.6889,0.58,PBEsol
Cu2Zn1Ge1Se1Te3,kesterite,-0.1659,,0.008,PBEsol
Cu2Zn1Ge1Se1Te3,stannite,-0.1766,,0.024,PBEsol
Cu2Zn1Ge1Se2Te2,kesterite,-0.2239,,0.157,PBEsol
Cu2Zn1Ge1Se2Te2,stannite,-0.2197,,0.0,PBEsol
Cu2Zn1Ge1Se3Te1,kesterite,-0.2875,,0.084,PBEsol
Cu2Zn1Ge1Se3Te1,stannite,-0.284,,0.093,PBEsol
Cu2Zn1Ge1Se4,kesterite,-0.359,-0.5089,0.116,PBEsol
Cu2Zn1Ge1Se4,stannite,-0.357,-0.4932,0.237,PBEsol
Cu2Zn1Ge1Te4,kesterite,-0.1348,,0.073,PBEsol
Cu2Zn1Ge1Te4,stannite,-0.1346,,0.104,PBEsol
Cu2Zn1Sn0.25Zr0.75S2Se2,kesterite,-0.6312,0.3295,1.051,PBEsol
Cu2Zn1Sn0.25Zr0.75S2Se2,stannite,-0.6206,0.415,0.788,PBEsol
Cu2Zn1Sn0.25Zr0.75S4,kesterite,-0.7097,0.2464,1.164,PBEsol
Cu2Zn1Sn0.25Zr0.75S4,stannite,-0.712,0.228,0.96,PBEsol
Cu2Zn1Sn0.25Zr0.75Se4,kesterite,-0.5549,0.5028,0.88,PBEsol
Cu2Zn1Sn0.25Zr0.75Se4,stannite,-0.5561,0.4927,0.7,PBEsol
Cu2Zn1Sn0.5Ge0.5S4,kesterite,-0.4741,-0.5747,0.406,PBEsol
Cu2Zn1Sn0.5Ge0.5S4,stannite,-0.47,-0.5424,0.348,PBEsol
Cu2Zn1Sn0.5Ge0.5Se4,kesterite,-0.3712,-0.4366,0.021,PBEsol
Cu2Zn1Sn0.5Ge0.5Se4,stannite,-0.3675,-0.4065,0.0,PBEsol
Cu2Zn1Sn0.5Ge0.5Te4,kesterite,-0.1298,,0.149,PBEsol
Cu2Zn1Sn0.5Ge0.5Te4,stannite,-0.1271,,0.0,PBEsol
Cu2Zn1Sn0.5Zr0.5S2Se2,kesterite,-0.5615,0.0874,0.751,PBEsol
Cu2Zn1Sn0.5Zr0.5S2Se2,stannite,-0.5601,0.0985,0.464,PBEsol
Cu2Zn1Sn0.5Zr0.5S4,kesterite,-0.6338,-0.0051,1.002,PBEsol
Cu2Zn1Sn0.5Zr0.5S4,stannite,-0.6329,0.0023,0.773,PBEsol
Cu2Zn1Sn0.5Zr0.5Se4,kesterite,-0.5014,0.1886,0.577,PBEsol
Cu2Zn1Sn0.5Zr0.5Se4,stannite,-0.4987,0.2097,0.34,PBEsol
Cu2Zn1Sn0.5Zr0.5Te4,kesterite,-0.2208,,0.369,PBEsol
Cu2Zn1Sn0.5Zr0.5Te4,stannite,-0.2176,,0.154,PBEsol
Cu2Zn1Sn0.75Zr0.25S2Se2,kesterite,-0.4834,-0.0819,0.456,PBEsol
Cu2Zn1Sn0.75Zr0.25S2Se2,stannite,-0.4917,-0.148,0.289,PBEsol
Cu2Zn1Sn0.75Zr0.25S4,kesterite,-0.555,-0.2261,0.656,PBEsol
Cu2Zn1Sn0.75Zr0.25S4,stannite,-0.5532,-0.2112,0.557,PBEsol
Cu2Zn1Sn0.75Zr0.25Se4,kesterite,-0.4455,-0.0998,0.25,PBEsol
Cu2Zn1Sn0.75Zr0.25Se4,stannite,-0.4347,-0.0138,0.16,PBEsol
Cu2Zn1Sn1S1Se1Te2,kesterite,-0.2687,,0.035,PBEsol
Cu2Zn1Sn1S1Se1Te2,stannite,-0.2553,,0.1,PBEsol
Cu2Zn1Sn1S1Se2Te1,kesterite,-0.3248,,0.056,PBEsol
Cu2Zn1Sn1S1Se2Te1,stannite,-0.3224,,0.076,PBEsol
Cu2Zn1Sn1S1Se3,kesterite,-0.402,-0.3614,0.03,PBEsol
Cu2Zn1Sn1S1Se3,stannite,-0.399,-0.337,0.04,PBEsol
Cu2Zn1Sn1S1Te3,kesterite,-0.2113,,0.045,PBEsol
Cu2Zn1Sn1S1Te3,stannite,-0.1903,,0.069,PBEsol
Cu2Zn1Sn1S2Se1Te1,kesterite,-0.3431,,0.026,PBEsol
Cu2Zn1Sn1S2Se1Te1,stannite,-0.3385,,0.001,PBEsol
Cu2Zn1Sn1S2Se2,kesterite,-0.4242,-0.3907,0.097,PBEsol
Cu2Zn1Sn1S2Se2,stannite,-0.4208,-0.3636,0.366,PBEsol
Cu2Zn1Sn1S2Te2,kesterite,-0.2783,,0.212,PBEsol
Cu2Zn1Sn1S3Se1,kesterite,-0.4479,-0.4115,0.224,PBEsol
Cu2Zn1Sn1S3Se1,stannite,-0.4446,-0.3847,0.045,PBEsol
Cu2Zn1Sn1S3Te1,kesterite,-0.3605,,0.048,PBEsol
Cu2Zn1Sn1S3Te1,stannite,-0.3588,,0.074,PBEsol
Cu2Zn1Sn1S4,kesterite,-0.4765,-0.4383,0.272,PBEsol
Cu2Zn1Sn1S4,stannite,-0.4741,-0.419,0.139,PBEsol
Cu2Zn1Sn1Se1Te3,kesterite,-0.2139,,0.063,PBEsol
Cu2Zn1Sn1Se1Te3,stannite,-0.1834,,0.003,PBEsol
Cu2Zn1Sn1Se2Te2,kesterite,-0.2648,,0.114,PBEsol
Cu2Zn1Sn1Se2Te2,stannite,-0.2443,,0.059,PBEsol
Cu2Zn1Sn1Se3Te1,kesterite,-0.3115,,0.063,PBEsol
Cu2Zn1Sn1Se3Te1,stannite,-0.3091,,0.122,PBEsol
Cu2Zn1Sn1Se4,kesterite,-0.3882,-0.366,0.045,PBEsol
Cu2Zn1Sn1Se4,stannite,-0.385,-0.3405,0.155,PBEsol
Cu2Zn1Sn1Te4,kesterite,-0.1592,,0.123,PBEsol
Cu2Zn1Sn1Te4,stannite,-0.1581,,0.072,PBEsol
Cu2Zn1Zr1S1Se1Te2,kesterite,-0.4647,0.8424,0.409,PBEsol
Cu2Zn1Zr1S1Se1Te2,stannite,-0.4651,0.8393,0.285,PBEsol
Cu2Zn1Zr1S1Se2Te1,kesterite,-0.5569,0.7697,0.618,PBEsol
Cu2Zn1Zr1S1Se2Te1,stannite,-0.5601,0.7437,0.438,PBEsol
Cu2Zn1Zr1S1Se3,kesterite,-0.6549,0.6869,0.852,PBEsol
Cu2Zn1Zr1S1Se3,stannite,-0.6542,0.6925,0.813,PBEsol
Cu2Zn1Zr1S1Te3,kesterite,-0.383,0.8683,0.48,PBEsol
Cu2Zn1Zr1S1Te3,stannite,-0.3857,0.8467,0.327,PBEsol
Cu2Zn1Zr1S2Se1Te1,kesterite,-0.5973,0.721,0.544,PBEsol
Cu2Zn1Zr1S2Se1Te1,stannite,-0.5998,0.7008,0.362,PBEsol
Cu2Zn1Zr1S2Se2,kesterite,-0.6964,0.6195,1.005,PBEsol
Cu2Zn1Zr1S2Se2,stannite,-0.6979,0.608,0.846,PBEsol
Cu2Zn1Zr1S2Te2,kesterite,-0.5045,0.8255,0.612,PBEsol
Cu2Zn1Zr1S3Se1,stannite,-0.7453,0.5131,0.917,PBEsol
Cu2Zn1Zr1S3Te1,kesterite,-0.6418,0.6758,0.507,PBEsol
Cu2Zn1Zr1S3Te1,stannite,-0.6456,0.6457,0.372,PBEsol
Cu2Zn1Zr1S4,kesterite,-0.791,0.4651,1.085,PBEsol
Cu2Zn1Zr1S4,stannite,-0.7909,0.4656,1.066,PBEsol
Cu2Zn1Zr1Se1Te3,kesterite,-0.3497,0.8601,0.468,PBEsol
Cu2Zn1Zr1Se1Te3,stannite,-0.3496,0.8604,0.374,PBEsol
Cu2Zn1Zr1Se2Te2,kesterite,-0.4339,0.8414,0.571,PBEsol
Cu2Zn1Zr1Se2Te2,stannite,-0.4358,0.8255,0.512,PBEsol
Cu2Zn1Zr1Se3Te1,kesterite,-0.5217,0.8135,0.567,PBEsol
Cu2Zn1Zr1Se3Te1,stannite,-0.5151,0.8666,0.434,PBEsol
Cu2Zn1Zr1Se4,kesterite,-0.6147,0.7774,0.887,PBEsol
Cu2Zn1Zr1Se4,stannite,-0.6124,0.7962,0.779,PBEsol
Cu2Zn1Zr1Te4,kesterite,-0.2375,1.1357,0.45,PBEsol
Cu2Zn1Zr1Te4,stannite,-0.2294,1.2008,0.515,PBEsol
K0.5Ag0.5Al0.5Ga0.5S1Te1,kesterite,-0.5351,0.0745,1.328,PBEsol
K0.5Ag0.5Al0.5Ga0.5S1Te1,stannite,-0.5102,0.1741,0.225,PBEsol
K0.5Ag0.5Al0.5In0.5S2,kesterite,-0.7634,-0.2322,1.523,PBEsol
K0.5Ag0.5Al1S1Te1,kesterite,-0.6351,0.0043,1.701,PBEsol
K0.5Ag0.5Al1S1Te1,stannite,-0.5947,0.1656,0.13,PBEsol
K0.5Ag0.5Al1S2,kesterite,-0.9264,-0.2649,2.258,PBEsol
K0.5Ag0.5Al1Se1Te1,kesterite,-0.6232,-0.1806,1.56,PBEsol
K0.5Ag0.5Al1Se1Te1,stannite,-0.5887,-0.0424,0.408,PBEsol
K0.5Ag0.5Al1Se2,kesterite,-0.7696,-0.1021,1.631,PBEsol
K0.5Ag0.5Al1Se2,stannite,-0.7707,-0.1064,0.859,PBEsol
K0.5Ag0.5Al1Te2,kesterite,-0.4067,0.0927,1.4,PBEsol
K0.5Ag0.5Al1Te2,stannite,-0.4341,-0.0171,0.717,PBEsol
K0.5Ag0.5Ga0.5In0.5S1Se1,kesterite,-0.6014,-0.1464,1.21,PBEsol
K0.5Ag0.5Ga0.5In0.5S1Se1,stannite,-0.6025,-0.1508,0.451,PBEsol
K0.5Ag0.5Ga0.5In0.5Se1Te1,kesterite,-0.4917,-0.1982,0.811,PBEsol
K0.5Ag0.5Ga0.5In0.5Se1Te1,stannite,-0.4698,-0.1106,0.274,PBEsol
K0.5Ag0.5Ga0.5In0.5Se2,kesterite,-0.5748,-0.0615,0.848,PBEsol
K0.5Ag0.5Ga0.5In0.5Se2,stannite,-0.5728,-0.0534,0.144,PBEsol
K0.5Ag0.5Ga1S2,kesterite,-0.6766,-0.2051,1.705,PBEsol
K0.5Ag0.5Ga1S2,stannite,-0.6761,-0.2033,0.749,PBEsol
K0.5Ag0.5Ga1Se2,kesterite,-0.591,-0.0218,0.992,PBEsol
K0.5Ag0.5Ga1Se2,stannite,-0.5843,0.0051,0.174,PBEsol
K0.5Ag0.5Ga1Te2,kesterite,-0.3078,0.1804,0.874,PBEsol
K0.5Ag0.5Ga1Te2,stannite,-0.3069,0.1839,0.25,PBEsol
K0.5Ag0.5In1S1Te1,kesterite,-0.4229,0.0749,0.971,PBEsol
K0.5Ag0.5In1S1Te1,stannite,-0.4044,0.1487,0.175,PBEsol
K0.5Ag0.5In1S2,kesterite,-0.5905,-0.1241,1.035,PBEsol
K0.5Ag0.5In1S2,stannite,-0.6169,-0.2298,0.561,PBEsol
K0.5Ag0.5In1Se2,kesterite,-0.5524,-0.0409,0.622,PBEsol
K0.5Ag0.5In1Se2,stannite,-0.5619,-0.0791,0.173,PBEsol
K0.5Ag0.5In1Te2,kesterite,-0.3247,0.0676,0.651,PBEsol
K0.5Ag0.5In1Te2,stannite,-0.3668,-0.1008,0.203,PBEsol
K0.5Ag1.5Ba1Ge1S4,stannite,-0.8047,-0.3701,1.697,PBEsol
K0.5Ag1.5Ba1Sn1Te4,kesterite,-0.1582,,0.791,PBEsol
K0.5Ag1.5Ba1Zr1S4,kesterite,-1.0568,1.3084,1.362,PBEsol
K0.5Ag1.5Ba1Zr1Se4,kesterite,-0.8994,2.0483,1.124,PBEsol
K0.5Ag1.5Ba1Zr1Te4,kesterite,-0.4035,3.7735,0.741,PBEsol
K0.5Ag1.5Ca1Ge1Se4,stannite,-0.6514,0.7181,0.933,PBEsol
K0.5Ag1.5Ca1Sn1S4,kesterite,-0.7459,0.5799,1.308,PBEsol
K0.5Ag1.5Ca1Sn1Se4,stannite,-0.6959,0.7387,0.744,PBEsol
K0.5Ag1.5Ca1Sn1Te4,kesterite,-0.4309,,0.83,PBEsol
K0.5Ag1.5Ca1Sn1Te4,stannite,-0.4447,,0.725,PBEsol
K0.5Ag1.5Ca1Zr1S4,kesterite,-1.083,1.3027,1.59,PBEsol
K0.5Ag1.5Ca1Zr1S4,stannite,-1.1159,1.0395,1.788,PBEsol
K0.5Ag1.5Ca1Zr1Se4,kesterite,-0.967,1.5259,1.351,PBEsol
K0.5Ag1.5Ca1Zr1Te4,stannite,-0.6174,1.8452,1.109,PBEsol
K0.5Ag1.5Cd1Ge1S4,kesterite,-0.4202,-0.2587,1.147,PBEsol
K0.5Ag1.5Cd1Ge1S4,stannite,-0.4096,-0.1742,0.684,PBEsol
K0.5Ag1.5Cd1Ge1Se4,kesterite,-0.3532,0.1342,0.59,PBEsol
K0.5Ag1.5Cd1Ge1Se4,stannite,-0.336,0.2717,0.123,PBEsol
K0.5Ag1.5Cd1Ge1Te4,kesterite,-0.0771,,0.547,PBEsol
K0.5Ag1.5Cd1Ge1Te4,stannite,-0.0701,,0.049,PBEsol
K0.5Ag1.5Cd1Sn1S4,kesterite,-0.4012,0.1696,0.837,PBEsol
K0.5Ag1.5Cd1Sn1S4,stannite,-0.3988,0.1888,0.513,PBEsol
K0.5Ag1.5Cd1Sn1Se4,kesterite,-0.3977,0.1549,0.319,PBEsol
K0.5Ag1.5Cd1Sn1Se4,stannite,-0.3303,0.6938,0.108,PBEsol
K0.5Ag1.5Cd1Sn1Te4,kesterite,-0.2006,,0.336,PBEsol
K0.5Ag1.5Cd1Sn1Te4,stannite,-0.192,,0.356,PBEsol
K0.5Ag1.5Cd1Zr1S4,kesterite,-0.7419,0.863,1.477,PBEsol
K0.5Ag1.5Cd1Zr1S4,stannite,-0.7473,0.8198,1.354,PBEsol
K0.5Ag1.5Cd1Zr1Se4,kesterite,-0.6031,1.4679,1.18,PBEsol
K0.5Ag1.5Cd1Zr1Se4,stannite,-0.6578,1.0299,0.955,PBEsol
K0.5Ag1.5Cd1Zr1Te4,kesterite,-0.3498,1.4353,0.766,PBEsol
K0.5Ag1.5Cd1Zr1Te4,stannite,-0.3539,1.4027,0.584,PBEsol
K0.5Ag1.5Mg1Ge1S4,kesterite,-0.6172,-0.0894,1.604,PBEsol
K0.5Ag1.5Mg1Ge1S4,stannite,-0.5956,0.0831,1.029,PBEsol
K0.5Ag1.5Mg1Ge1Se4,kesterite,-0.5156,0.1651,1.006,PBEsol
K0.5Ag1.5Mg1Ge1Se4,stannite,-0.4948,0.3316,0.402,PBEsol
K0.5Ag1.5Mg1Ge1Te4,kesterite,-0.2111,,0.858,PBEsol
K0.5Ag1.5Mg1Ge1Te4,stannite,-0.1952,,0.289,PBEsol
K0.5Ag1.5Mg1Sn1S4,kesterite,-0.6042,0.2903,1.296,PBEsol
K0.5Ag1.5Mg1Sn1S4,stannite,-0.5947,0.3662,0.803,PBEsol
K0.5Ag1.5Mg1Sn1Se4,kesterite,-0.5173,0.5281,0.837,PBEsol
K0.5Ag1.5Mg1Sn1Se4,stannite,-0.5043,0.632,0.361,PBEsol
K0.5Ag1.5Mg1Sn1Te4,kesterite,-0.1853,,0.796,PBEsol
K0.5Ag1.5Mg1Sn1Te4,stannite,-0.1718,,0.326,PBEsol
K0.5Ag1.5Mg1Zr1S4,kesterite,-0.9472,0.9658,1.81,PBEsol
K0.5Ag1.5Mg1Zr1S4,stannite,-0.9492,0.9497,1.694,PBEsol
K0.5Ag1.5Mg1Zr1Se4,kesterite,-0.7893,1.3076,1.514,PBEsol
K0.5Ag1.5Mg1Zr1Se4,stannite,-0.7918,1.288,1.436,PBEsol
K0.5Ag1.5Mg1Zr1Te4,kesterite,-0.4592,1.4541,1.02,PBEsol
K0.5Ag1.5Mg1Zr1Te4,stannite,-0.4563,1.4767,0.84,PBEsol
K0.5Ag1.5Sr1Ge1S4,stannite,-0.8139,-0.2515,1.568,PBEsol
K0.5Ag1.5Sr1Sn1S4,kesterite,-0.7458,0.5691,1.18,PBEsol
K0.5Ag1.5Sr1Sn1Se4,kesterite,-0.6912,0.8513,0.759,PBEsol
K0.5Ag1.5Sr1Sn1Te4,kesterite,-0.2135,,0.704,PBEsol
K0.5Ag1.5Sr1Zr1S4,kesterite,-1.1072,1.0973,1.6,PBEsol
K0.5Ag1.5Sr1Zr1S4,stannite,-1.1471,0.7783,1.776,PBEsol
K0.5Ag1.5Sr1Zr1Se4,kesterite,-0.9133,2.0304,1.252,PBEsol
K0.5Ag1.5Sr1Zr1Te4,kesterite,-0.4187,3.6187,0.902,PBEsol
K0.5Ag1.5Zn1Ge1S4,kesterite,-0.4632,-0.2082,1.42,PBEsol
K0.5Ag1.5Zn1Ge1S4,stannite,-0.4324,0.0381,0.691,PBEsol
K0.5Ag1.5Zn1Ge1Se4,kesterite,-0.3794,0.1449,0.704,PBEsol
K0.5Ag1.5Zn1Ge1Se4,stannite,-0.3437,0.4308,0.622,PBEsol
K0.5Ag1.5Zn1Ge1Te4,kesterite,-0.1228,,0.585,PBEsol
K0.5Ag1.5Zn1Sn1S4,kesterite,-0.4568,0.119,0.958,PBEsol
K0.5Ag1.5Zn1Sn1S4,stannite,-0.4394,0.2585,0.449,PBEsol
K0.5Ag1.5Zn1Sn1Se4,kesterite,-0.3935,0.4091,0.48,PBEsol
K0.5Ag1.5Zn1Sn1Se4,stannite,-0.3726,0.5758,0.584,PBEsol
K0.5Ag1.5Zn1Sn1Te4,kesterite,-0.1191,,0.535,PBEsol
K0.5Ag1.5Zn1Sn1Te4,stannite,-0.1068,,0.099,PBEsol
K0.5Ag1.5Zn1Zr1S4,kesterite,-0.7913,0.8622,1.47,PBEsol
K0.5Ag1.5Zn1Zr1S4,stannite,-0.7912,0.8635,1.312,PBEsol
K0.5Ag1.5Zn1Zr1Se4,kesterite,-0.6534,1.2859,1.183,PBEsol
K0.5Ag1.5Zn1Zr1Se4,stannite,-0.6651,1.1924,0.939,PBEsol
K0.5Ag1.5Zn1Zr1Te4,kesterite,-0.2602,2.2029,0.632,PBEsol
K0.5Ag1.5Zn1Zr1Te4,stannite,-0.3446,1.5276,0.511,PBEsol
K0.5Cs0.5Ag1Ba1Ge1Se4,kesterite,-0.702,1.0494,0.723,PBEsol
K0.5Cs0.5Ag1Ba1Ge1Te4,kesterite,-0.4341,,0.317,PBEsol
K0.5Cs0.5Ag1Ba1Ge1Te4,stannite,-0.5579,,0.657,PBEsol
K0.5Cs0.5Ag1Ba1Zr1S4,stannite,-1.2914,0.1751,2.047,PBEsol
K0.5Cs0.5Ag1Ba1Zr1Te4,kesterite,-0.8124,1.2243,1.441,PBEsol
K0.5Cs0.5Ag1Ba1Zr1Te4,stannite,-0.8092,1.2496,1.375,PBEsol
K0.5Cs0.5Ag1Ca1Sn1S4,stannite,-0.8769,0.2757,1.265,PBEsol
K0.5Cs0.5Ag1Ca1Sn1Se4,stannite,-0.8127,0.5583,0.856,PBEsol
K0.5Cs0.5Ag1Ca1Sn1Te4,stannite,-0.5508,,0.802,PBEsol
K0.5Cs0.5Ag1Ca1Zr1S4,stannite,-1.2035,1.082,2.194,PBEsol
K0.5Cs0.5Ag1Ca1Zr1Te4,stannite,-0.7346,1.6291,1.469,PBEsol
K0.5Cs0.5Ag1Cd1Ge1S4,stannite,-0.4966,-0.1261,0.812,PBEsol
K0.5Cs0.5Ag1Cd1Ge1Te4,stannite,-0.2479,,0.076,PBEsol
K0.5Cs0.5Ag1Cd1Sn1S4,stannite,-0.4679,0.3791,0.68,PBEsol
K0.5Cs0.5Ag1Cd1Sn1Se4,stannite,-0.4944,0.1361,0.228,PBEsol
K0.5Cs0.5Ag1Cd1Zr1S4,kesterite,-0.8414,0.8106,1.525,PBEsol
K0.5Cs0.5Ag1Cd1Zr1S4,stannite,-0.8805,0.4983,1.211,PBEsol
K0.5Cs0.5Ag1Cd1Zr1Se4,stannite,-0.7763,0.8366,0.959,PBEsol
K0.5Cs0.5Ag1Cd1Zr1Te4,stannite,-0.3552,2.1136,0.55,PBEsol
K0.5Cs0.5Ag1Mg1Ge1S4,stannite,-0.7035,-0.0367,1.013,PBEsol
K0.5Cs0.5Ag1Mg1Ge1Se4,stannite,-0.5812,0.3951,0.578,PBEsol
K0.5Cs0.5Ag1Mg1Sn1S4,stannite,-0.6758,0.4607,0.902,PBEsol
K0.5Cs0.5Ag1Mg1Sn1Se4,stannite,-0.5779,0.7974,0.499,PBEsol
K0.5Cs0.5Ag1Mg1Sn1Te4,stannite,-0.1854,,0.303,PBEsol
K0.5Cs0.5Ag1Mg1Zr1S4,kesterite,-1.0399,0.9678,1.779,PBEsol
K0.5Cs0.5Ag1Mg1Zr1S4,stannite,-1.0451,0.9259,1.606,PBEsol
K0.5Cs0.5Ag1Mg1Zr1Se4,kesterite,-0.9048,1.1386,1.496,PBEsol
K0.5Cs0.5Ag1Mg1Zr1Se4,stannite,-0.8846,1.3,1.336,PBEsol
K0.5Cs0.5Ag1Mg1Zr1Te4,kesterite,-0.5398,1.5308,1.023,PBEsol
K0.5Cs0.5Ag1Mg1Zr1Te4,stannite,-0.4093,2.5748,0.835,PBEsol
K0.5Cs0.5Ag1Sr1Ge1S4,stannite,-0.9309,-0.4439,1.707,PBEsol
K0.5Cs0.5Ag1Sr1Ge1Se4,kesterite,-0.8037,0.3297,1.001,PBEsol
K0.5Cs0.5Ag1Sr1Ge1Se4,stannite,-0.8372,0.0614,1.098,PBEsol
K0.5Cs0.5Ag1Sr1Sn1Te4,stannite,-0.2312,,0.892,PBEsol
K0.5Cs0.5Ag1Zn1Ge1S4,stannite,-0.5327,-0.0201,0.706,PBEsol
K0.5Cs0.5Ag1Zn1Ge1Se4,stannite,-0.4195,0.5791,0.167,PBEsol
K0.5Cs0.5Ag1Zn1Ge1Te4,stannite,-0.2334,,0.173,PBEsol
K0.5Cs0.5Ag1Zn1Sn1S4,stannite,-0.5165,0.385,0.552,PBEsol
K0.5Cs0.5Ag1Zn1Sn1Se4,stannite,-0.4369,0.8163,0.127,PBEsol
K0.5Cs0.5Ag1Zn1Sn1Te4,kesterite,-0.2378,,0.34,PBEsol
K0.5Cs0.5Ag1Zn1Sn1Te4,stannite,-0.293,,0.284,PBEsol
K0.5Cs0.5Ag1Zn1Zr1S4,kesterite,-0.8747,0.9392,1.621,PBEsol
K0.5Cs0.5Ag1Zn1Zr1S4,stannite,-0.8808,0.8898,1.073,PBEsol
K0.5Cs0.5Ag1Zn1Zr1Se4,kesterite,-0.7546,1.2304,1.232,PBEsol
K0.5Cs0.5Ag1Zn1Zr1Te4,stannite,-0.4544,1.3709,0.47,PBEsol
K0.5Cs0.5Al0.5Ga0.5S1Se1,kesterite,-1.041,-0.6409,2.604,PBEsol
K0.5Cs0.5Al0.5Ga0.5S1Se1,stannite,-0.6922,0.7544,0.077,PBEsol
K0.5Cs0.5Al0.5Ga0.5S1Te1,kesterite,-0.8505,-0.4421,2.07,PBEsol
K0.5Cs0.5Al0.5Ga0.5S1Te1,stannite,-0.6351,0.4194,0.089,PBEsol
K0.5Cs0.5Al0.5Ga0.5S2,kesterite,-1.0968,-0.6781,2.778,PBEsol
K0.5Cs0.5Al0.5Ga0.5Se2,kesterite,-0.9841,-0.528,2.263,PBEsol
K0.5Cs0.5Al0.5Ga0.5Se2,stannite,-0.86,-0.0316,0.69,PBEsol
K0.5Cs0.5Al0.5In0.5S1Se1,kesterite,-0.9972,-0.5748,2.36,PBEsol
K0.5Cs0.5Al0.5In0.5S1Se1,stannite,-0.9065,-0.2122,0.862,PBEsol
K0.5Cs0.5Al0.5In0.5Se1Te1,kesterite,-0.7579,-0.2771,1.113,PBEsol
K0.5Cs0.5Al0.5In0.5Se1Te1,stannite,-0.6163,0.2895,0.418,PBEsol
K0.5Cs0.5Al0.5In0.5Te2,kesterite,-0.6692,-0.4178,1.673,PBEsol
K0.5Cs0.5Al0.5In0.5Te2,stannite,-0.5606,0.0165,0.368,PBEsol
K0.5Cs0.5Al1S2,kesterite,-1.2466,-0.7897,3.54,PBEsol
K0.5Cs0.5Al1Se2,kesterite,-1.1037,-0.6717,2.645,PBEsol
K0.5Cs0.5Al1Se2,stannite,-0.9412,-0.0217,1.218,PBEsol
K0.5Cs0.5Al1Te2,kesterite,-0.7281,-0.4589,2.035,PBEsol
K0.5Cs0.5Al1Te2,stannite,-0.5916,0.0872,0.66,PBEsol
K0.5Cs0.5Cu0.5Ag0.5Ba0.5Zn0.5Ge1S1Se1Te2,kesterite,-0.4945,,0.684,PBEsol
K0.5Cs0.5Cu0.5Ag0.5Ba0.5Zn0.5Ge1S1Se1Te2,stannite,-0.4907,,0.011,PBEsol
K0.5Cs0.5Cu0.5Ag0.5Ba1Ge1Se4,stannite,-0.7801,0.3977,1.045,PBEsol
K0.5Cs0.5Cu0.5Ag0.5Ba1Sn1Te4,stannite,-0.6062,,0.728,PBEsol
K0.5Cs0.5Cu0.5Ag0.5Ca1Ge1S4,kesterite,-0.857,0.2393,1.417,PBEsol
K0.5Cs0.5Cu0.5Ag0.5Ca1Ge1S4,stannite,-0.912,-0.2006,1.477,PBEsol
K0.5Cs0.5Cu0.5Ag0.5Cd1Ge1S4,stannite,-0.5197,-0.2309,0.663,PBEsol
K0.5Cs0.5Cu0.5Ag0.5Cd1Ge1Te4,stannite,-0.2523,,0.066,PBEsol
K0.5Cs0.5Cu0.5Ag0.5Cd1Sn1S4,stannite,-0.5499,-0.1964,0.422,PBEsol
K0.5Cs0.5Cu0.5Ag0.5Cd1Zr1S4,kesterite,-0.8314,0.9711,0.998,PBEsol
K0.5Cs0.5Cu0.5Ag0.5Cd1Zr1Se4,stannite,-0.7756,0.8154,0.753,PBEsol
K0.5Cs0.5Cu0.5Ag0.5Cd1Zr1Te4,stannite,-0.2816,2.5559,0.353,PBEsol
K0.5Cs0.5Cu0.5Ag0.5Mg0.5Zn0.5Ge1S1Se1Te2,kesterite,-0.4065,,0.588,PBEsol
K0.5Cs0.5Cu0.5Ag0.5Mg0.5Zn0.5Ge1S1Se1Te2,stannite,-0.4315,,0.087,PBEsol
K0.5Cs0.5Cu0.5Ag0.5Mg1Ge1Se4,stannite,-0.6234,0.0298,0.374,PBEsol
K0.5Cs0.5Cu0.5Ag0.5Mg1Sn1S4,stannite,-0.7403,0.0251,0.614,PBEsol
K0.5Cs0.5Cu0.5Ag0.5Mg1Sn1Se4,stannite,-0.6336,0.325,0.414,PBEsol
K0.5Cs0.5Cu0.5Ag0.5Mg1Zr1S4,stannite,-1.0944,0.612,1.461,PBEsol
K0.5Cs0.5Cu0.5Ag0.5Mg1Zr1Se4,stannite,-0.9475,0.7698,1.235,PBEsol
K0.5Cs0.5Cu0.5Ag0.5Sr0.5Zn0.5Sn0.5Ge0.5S4,stannite,-0.7029,0.1818,0.581,PBEsol
K0.5Cs0.5Cu0.5Ag0.5Sr1Ge1Se4,stannite,-0.7913,0.4018,1.085,PBEsol
K0.5Cs0.5Cu0.5Ag0.5Zn1Ge1Te4,stannite,-0.2409,,0.147,PBEsol
K0.5Cs0.5Cu0.5Ag0.5Zn1Sn1Se1Te3,kesterite,-0.3112,,0.39,PBEsol
K0.5Cs0.5Cu0.5Ag0.5Zn1Sn1Se1Te3,stannite,-0.304,,0.014,PBEsol
K0.5Cs0.5Cu0.5Ag0.5Zn1Sn1Se4,stannite,-0.5171,0.1473,0.489,PBEsol
K0.5Cs0.5Cu0.5Ag0.5Zn1Sn1Te4,stannite,-0.1734,,0.045,PBEsol
K0.5Cs0.5Cu0.5Ag0.5Zn1Zr1S4,stannite,-0.9227,0.6349,0.913,PBEsol
K0.5Cs0.5Cu1Ba1Sn1S4,stannite,-0.9284,-0.162,1.07,PBEsol
K0.5Cs0.5Cu1Ca1Sn1Te4,kesterite,-0.4405,,0.29,PBEsol
K0.5Cs0.5Cu1Cd1Ge1S4,stannite,-0.5665,-0.5073,0.542,PBEsol
K0.5Cs0.5Cu1Cd1Sn1S4,stannite,-0.5709,-0.2662,0.38,PBEsol
K0.5Cs0.5Cu1Mg1Ge1S4,stannite,-0.7436,-0.1789,0.877,PBEsol
K0.5Cs0.5Cu1Mg1Ge1Se4,stannite,-0.642,-0.1281,0.372,PBEsol
K0.5Cs0.5Cu1Mg1Ge1Te4,stannite,-0.239,,0.378,PBEsol
K0.5Cs0.5Cu1Mg1Sn1Se4,stannite,-0.6789,-0.0469,0.25,PBEsol
K0.5Cs0.5Cu1Mg1Zr1S4,stannite,-1.0972,0.6874,1.288,PBEsol
K0.5Cs0.5Cu1Mg1Zr1Se4,stannite,-0.9189,0.9896,1.03,PBEsol
K0.5Cs0.5Cu1Mg1Zr1Te4,kesterite,-0.49,1.654,0.695,PBEsol
K0.5Cs0.5Cu1Sr1Sn1Se4,kesterite,-0.6529,1.8758,0.365,PBEsol
K0.5Cs0.5Cu1Zn1Ge1S4,stannite,-0.5912,-0.31,0.476,PBEsol
K0.5Cs0.5Cu1Zn1Ge1Se4,stannite,-0.4961,-0.0699,0.046,PBEsol
K0.5Cs0.5Cu1Zn1Ge1Te4,stannite,-0.2509,,0.176,PBEsol
K0.5Cs0.5Cu1Zn1Sn1S4,stannite,-0.5854,0.0123,0.406,PBEsol
K0.5Cs0.5Cu1Zn1Zr1S4,kesterite,-0.8404,1.3912,1.034,PBEsol
K0.5Cs0.5Cu1Zn1Zr1S4,stannite,-0.9455,0.5511,0.842,PBEsol
K0.5Cs0.5Cu1Zn1Zr1Te4,stannite,-0.4493,1.1361,0.477,PBEsol
K0.5Cs0.5Ga0.5In0.5S1Se1,stannite,-0.7458,0.0374,0.817,PBEsol
K0.5Cs0.5Ga0.5In0.5S2,kesterite,-0.8938,-0.4678,2.021,PBEsol
K0.5Cs0.5Ga0.5In0.5S2,stannite,-0.7611,0.0631,1.19,PBEsol
K0.5Cs0.5Ga1S2,kesterite,-0.999,-0.7388,2.621,PBEsol
K0.5Cs0.5Ga1S2,stannite,-0.7938,0.0817,1.346,PBEsol
K0.5Cs0.5Ga1Se2,kesterite,-0.8734,-0.3843,2.105,PBEsol
K0.5Cs0.5Ga1Se2,stannite,-0.616,0.6452,0.04,PBEsol
K0.5Cs0.5Ga1Te2,kesterite,-0.6324,-0.3843,1.37,PBEsol
K0.5Cs0.5Ga1Te2,stannite,-0.4854,0.2037,0.097,PBEsol
K0.5Cs0.5In1S1Se1,stannite,-0.7096,0.0906,0.886,PBEsol
K0.5Cs0.5In1S2,kesterite,-0.8633,-0.4596,2.038,PBEsol
K0.5Cs0.5In1S2,stannite,-0.8076,-0.2368,1.335,PBEsol
K0.5Cs0.5In1Se2,kesterite,-0.8058,-0.2877,1.589,PBEsol
K0.5Cs0.5In1Se2,stannite,-0.6665,0.2694,0.655,PBEsol
K0.5Cs0.5In1Te2,kesterite,-0.6216,-0.3863,1.162,PBEsol
K0.5Cs0.5In1Te2,stannite,-0.154,1.4842,0.127,PBEsol
K0.5Cs1.5Ba1Ge1S4,kesterite,-0.9663,0.6043,1.833,PBEsol
K0.5Cs1.5Ba1Ge1S4,stannite,-1.0562,-0.1149,1.886,PBEsol
K0.5Cs1.5Ba1Sn1Se4,stannite,-0.7925,2.2478,1.498,PBEsol
K0.5Cs1.5Ba1Zr1S4,kesterite,-1.3483,1.2435,2.598,PBEsol
K0.5Cs1.5Ba1Zr1S4,stannite,-1.3386,1.3216,2.769,PBEsol
K0.5Cs1.5Ba1Zr1Se4,kesterite,-1.3747,0.5467,2.341,PBEsol
K0.5Cs1.5Ba1Zr1Se4,stannite,-1.2394,1.6292,2.07,PBEsol
K0.5Cs1.5Ca1Ge1S4,stannite,-0.9577,0.8777,1.688,PBEsol
K0.5Cs1.5Ca1Ge1Se4,stannite,-0.9474,0.6508,1.119,PBEsol
K0.5Cs1.5Ca1Sn1S4,kesterite,-1.0025,0.7949,2.363,PBEsol
K0.5Cs1.5Ca1Sn1S4,stannite,-0.9406,1.29,1.689,PBEsol
K0.5Cs1.5Ca1Sn1Se4,kesterite,-0.8857,1.5208,1.825,PBEsol
K0.5Cs1.5Ca1Zr1S4,kesterite,-1.4965,0.2626,2.813,PBEsol
K0.5Cs1.5Ca1Zr1S4,stannite,-1.3481,1.4495,2.37,PBEsol
K0.5Cs1.5Ca1Zr1Se4,kesterite,-1.2502,1.5609,2.357,PBEsol
K0.5Cs1.5Ca1Zr1Se4,stannite,-1.2019,1.9473,1.975,PBEsol
K0.5Cs1.5Ca1Zr1Te4,stannite,-0.6776,3.5651,1.408,PBEsol
K0.5Cs1.5Cd1Ge1S4,stannite,-0.5694,0.8158,1.16,PBEsol
K0.5Cs1.5Cd1Ge1Se4,kesterite,-0.7645,-0.8553,1.781,PBEsol
K0.5Cs1.5Cd1Ge1Te4,kesterite,-0.5402,,1.12,PBEsol
K0.5Cs1.5Cd1Sn1S4,stannite,-0.5004,1.6436,1.098,PBEsol
K0.5Cs1.5Cd1Sn1Se4,stannite,-0.5181,1.4922,0.807,PBEsol
K0.5Cs1.5Cd1Zr1S4,kesterite,-1.1473,-0.1122,2.198,PBEsol
K0.5Cs1.5Cd1Zr1S4,stannite,-0.8961,1.8973,1.117,PBEsol
K0.5Cs1.5Cd1Zr1Se4,kesterite,-1.0397,0.2759,1.727,PBEsol
K0.5Cs1.5Cd1Zr1Se4,stannite,-0.7146,2.8764,0.768,PBEsol
K0.5Cs1.5Cd1Zr1Te4,kesterite,-0.7357,0.5502,1.056,PBEsol
K0.5Cs1.5Cd1Zr1Te4,stannite,-0.6554,1.192,0.57,PBEsol
K0.5Cs1.5Mg1Ge1S4,kesterite,-0.9235,-0.2728,2.622,PBEsol
K0.5Cs1.5Mg1Ge1S4,stannite,-0.796,0.7473,1.537,PBEsol
K0.5Cs1.5Mg1Ge1Se4,kesterite,-0.8009,0.1833,0.882,PBEsol
K0.5Cs1.5Mg1Ge1Se4,stannite,-0.7379,0.6872,0.951,PBEsol
K0.5Cs1.5Mg1Sn1S4,kesterite,-0.8919,0.2562,2.348,PBEsol
K0.5Cs1.5Mg1Sn1S4,stannite,-0.7907,1.0654,1.401,PBEsol
K0.5Cs1.5Mg1Sn1Se4,kesterite,-0.7849,0.6877,1.844,PBEsol
K0.5Cs1.5Mg1Sn1Te4,stannite,-0.5554,,0.543,PBEsol
K0.5Cs1.5Mg1Zr1S4,kesterite,-1.2896,0.4939,2.66,PBEsol
K0.5Cs1.5Mg1Zr1S4,stannite,-1.1923,1.2725,1.691,PBEsol
K0.5Cs1.5Mg1Zr1Se4,kesterite,-1.1386,0.814,2.169,PBEsol
K0.5Cs1.5Mg1Zr1Se4,stannite,-1.0537,1.493,1.351,PBEsol
K0.5Cs1.5Mg1Zr1Te4,kesterite,-0.835,0.6491,1.573,PBEsol
K0.5Cs1.5Mg1Zr1Te4,stannite,-0.5737,2.7397,0.897,PBEsol
K0.5Cs1.5Sr1Ge1S4,stannite,-0.9662,0.7975,1.76,PBEsol
K0.5Cs1.5Sr1Ge1Te4,kesterite,-0.6889,,1.155,PBEsol
K0.5Cs1.5Sr1Sn1S4,kesterite,-0.9641,1.0902,2.255,PBEsol
K0.5Cs1.5Sr1Sn1S4,stannite,-0.9345,1.3274,1.855,PBEsol
K0.5Cs1.5Sr1Sn1Se4,kesterite,-0.8461,1.913,1.752,PBEsol
K0.5Cs1.5Sr1Sn1Se4,stannite,-0.8097,2.2046,1.284,PBEsol
K0.5Cs1.5Sr1Sn1Te4,kesterite,-0.3696,,1.146,PBEsol
K0.5Cs1.5Sr1Zr1S4,kesterite,-1.3781,1.1981,2.736,PBEsol
K0.5Cs1.5Sr1Zr1S4,stannite,-1.3485,1.4347,2.616,PBEsol
K0.5Cs1.5Sr1Zr1Se4,kesterite,-1.2303,1.7956,2.356,PBEsol
K0.5Cs1.5Sr1Zr1Se4,stannite,-1.2089,1.967,2.246,PBEsol
K0.5Cs1.5Sr1Zr1Te4,kesterite,-0.9801,1.3295,1.855,PBEsol
K0.5Cs1.5Sr1Zr1Te4,stannite,-0.6798,3.732,1.696,PBEsol
K0.5Cs1.5Zn1Ge1S4,kesterite,-0.7622,-0.3322,2.365,PBEsol
K0.5Cs1.5Zn1Ge1S4,stannite,-0.5981,0.9806,1.171,PBEsol
K0.5Cs1.5Zn1Ge1Se4,kesterite,-0.6224,0.5016,1.641,PBEsol
K0.5Cs1.5Zn1Ge1Se4,stannite,-0.6263,0.4711,0.459,PBEsol
K0.5Cs1.5Zn1Sn1S4,kesterite,-0.8558,-0.8056,2.33,PBEsol
K0.5Cs1.5Zn1Sn1S4,stannite,-0.7329,0.1776,1.136,PBEsol
K0.5Cs1.5Zn1Sn1Se4,kesterite,-0.608,0.9933,1.541,PBEsol
K0.5Cs1.5Zn1Sn1Se4,stannite,-0.6796,0.4208,0.553,PBEsol
K0.5Cs1.5Zn1Zr1S4,kesterite,-1.1095,0.5849,2.037,PBEsol
K0.5Cs1.5Zn1Zr1S4,stannite,-0.9774,1.6417,1.039,PBEsol
K0.5Cs1.5Zn1Zr1Se4,kesterite,-0.9393,1.2993,1.553,PBEsol
K0.5Cs1.5Zn1Zr1Se4,stannite,-0.8353,2.1309,0.798,PBEsol
K0.5Cs1Ag0.5Ba1Sn1S4,stannite,-0.9327,0.3811,1.581,PBEsol
K0.5Cs1Ag0.5Ba1Zr1S4,stannite,-1.3156,0.737,2.226,PBEsol
K0.5Cs1Ag0.5Ba1Zr1Se4,stannite,-1.2064,1.1136,1.912,PBEsol
K0.5Cs1Ag0.5Ca1Ge1Te4,stannite,-0.5058,,0.448,PBEsol
K0.5Cs1Ag0.5Ca1Sn1S4,stannite,-0.8325,1.387,1.339,PBEsol
K0.5Cs1Ag0.5Ca1Sn1Se4,stannite,-0.7289,1.996,0.965,PBEsol
K0.5Cs1Ag0.5Ca1Zr1S4,stannite,-1.293,1.1222,2.233,PBEsol
K0.5Cs1Ag0.5Ca1Zr1Se4,kesterite,-1.2429,0.8401,1.76,PBEsol
K0.5Cs1Ag0.5Ca1Zr1Se4,stannite,-1.1738,1.3931,1.843,PBEsol
K0.5Cs1Ag0.5Ca1Zr1Te4,kesterite,-0.8459,1.4727,1.478,PBEsol
K0.5Cs1Ag0.5Ca1Zr1Te4,stannite,-0.7941,1.8867,1.484,PBEsol
K0.5Cs1Ag0.5Cd1Ge1S4,stannite,-0.5486,0.2139,0.832,PBEsol
K0.5Cs1Ag0.5Cd1Sn1S4,stannite,-0.4435,1.3308,0.715,PBEsol
K0.5Cs1Ag0.5Cd1Zr1S4,stannite,-0.9289,0.8669,1.333,PBEsol
K0.5Cs1Ag0.5Cd1Zr1Se4,stannite,-0.8288,1.1837,0.967,PBEsol
K0.5Cs1Ag0.5Cd1Zr1Te4,kesterite,-0.5647,1.1714,0.955,PBEsol
K0.5Cs1Ag0.5Cd1Zr1Te4,stannite,-0.5157,1.5641,0.522,PBEsol
K0.5Cs1Ag0.5Mg1Ge1S4,kesterite,-0.8021,-0.0698,1.908,PBEsol
K0.5Cs1Ag0.5Mg1Ge1S4,stannite,-0.6829,0.8842,1.042,PBEsol
K0.5Cs1Ag0.5Mg1Ge1Se4,kesterite,-0.7651,-0.3099,1.526,PBEsol
K0.5Cs1Ag0.5Mg1Ge1Se4,stannite,-0.6147,0.8939,0.419,PBEsol
K0.5Cs1Ag0.5Mg1Sn1S4,stannite,-0.6718,1.2492,0.918,PBEsol
K0.5Cs1Ag0.5Mg1Sn1Se4,kesterite,-0.6552,0.9464,1.003,PBEsol
K0.5Cs1Ag0.5Mg1Sn1Se4,stannite,-0.5626,1.6872,0.322,PBEsol
K0.5Cs1Ag0.5Mg1Zr1S4,kesterite,-1.129,1.0109,1.617,PBEsol
K0.5Cs1Ag0.5Mg1Zr1S4,stannite,-1.1235,1.0546,1.983,PBEsol
K0.5Cs1Ag0.5Mg1Zr1Se4,stannite,-0.9117,1.8502,1.305,PBEsol
K0.5Cs1Ag0.5Mg1Zr1Te4,stannite,-0.4286,3.1545,0.852,PBEsol
K0.5Cs1Ag0.5Sr1Ge1Se4,stannite,-0.7296,1.6892,0.99,PBEsol
K0.5Cs1Ag0.5Sr1Ge1Te4,stannite,-0.5356,,0.584,PBEsol
K0.5Cs1Ag0.5Sr1Sn1Se4,stannite,-0.8701,0.9419,0.953,PBEsol
K0.5Cs1Ag0.5Sr1Zr1S4,stannite,-1.3086,0.9855,2.219,PBEsol
K0.5Cs1Ag0.5Sr1Zr1Se4,stannite,-1.1965,1.2863,1.861,PBEsol
K0.5Cs1Ag0.5Sr1Zr1Te4,stannite,-0.821,1.8562,1.551,PBEsol
K0.5Cs1Ag0.5Zn1Ge1S3Te1,stannite,-0.3376,,0.025,PBEsol
K0.5Cs1Ag0.5Zn1Ge1Se4,stannite,-0.3931,1.5569,0.46,PBEsol
K0.5Cs1Ag0.5Zn1Sn1Se4,stannite,-0.5276,0.858,0.107,PBEsol
K0.5Cs1Ag0.5Zn1Sn1Te4,stannite,-0.2847,,0.35,PBEsol
K0.5Cs1Ag0.5Zn1Zr1S4,stannite,-0.8773,1.6738,1.068,PBEsol
K0.5Cs1Ag0.5Zn1Zr1Se4,stannite,-0.731,2.1863,0.742,PBEsol
K0.5Cs1Ag0.5Zn1Zr1Te4,stannite,-0.4164,2.4088,0.406,PBEsol
K0.5Cs1Cu0.5Ca1Ge1Se4,kesterite,-0.8989,0.2409,1.183,PBEsol
K0.5Cs1Cu0.5Ca1Ge1Se4,stannite,-0.759,1.3607,0.624,PBEsol
K0.5Cs1Cu0.5Ca1Zr1S4,kesterite,-1.3313,0.905,1.453,PBEsol
K0.5Cs1Cu0.5Ca1Zr1Se4,kesterite,-1.2028,1.1423,1.302,PBEsol
K0.5Cs1Cu0.5Ca1Zr1Te4,stannite,-0.7749,1.9028,1.352,PBEsol
K0.5Cs1Cu0.5Cd1Ge1Te4,stannite,-0.1184,,0.654,PBEsol
K0.5Cs1Cu0.5Cd1Sn1S4,stannite,-0.4952,1.0056,0.412,PBEsol
K0.5Cs1Cu0.5Cd1Zr1S4,stannite,-0.8707,1.4215,0.891,PBEsol
K0.5Cs1Cu0.5Cd1Zr1Te4,stannite,-0.4314,2.1006,0.311,PBEsol
K0.5Cs1Cu0.5Mg1Ge1S4,stannite,-0.6953,0.8741,0.755,PBEsol
K0.5Cs1Cu0.5Mg1Ge1Se4,stannite,-0.522,1.6174,0.051,PBEsol
K0.5Cs1Cu0.5Mg1Ge1Te4,stannite,-0.2057,,0.392,PBEsol
K0.5Cs1Cu0.5Mg1Sn1S4,stannite,-0.6897,1.1948,0.634,PBEsol
K0.5Cs1Cu0.5Mg1Sn1Se4,stannite,-0.6621,0.8731,0.184,PBEsol
K0.5Cs1Cu0.5Mg1Sn1Te4,stannite,-0.2514,,0.043,PBEsol
K0.5Cs1Cu0.5Mg1Zr1S4,stannite,-1.081,1.4836,1.389,PBEsol
K0.5Cs1Cu0.5Mg1Zr1Se4,stannite,-0.9295,1.6897,1.123,PBEsol
K0.5Cs1Cu0.5Sr1Zr1Te4,kesterite,-0.8396,1.5697,1.178,PBEsol
K0.5Cs1Cu0.5Zn1Ge1Se4,kesterite,-0.4941,0.7305,0.655,PBEsol
K0.5Cs1Cu0.5Zn1Sn1S4,stannite,-0.5029,1.3386,0.285,PBEsol
K0.5Cs1Cu0.5Zn1Sn1Te4,stannite,-0.1221,,0.069,PBEsol
K0.5Cs1Cu0.5Zn1Zr1S4,stannite,-0.9179,1.4383,0.99,PBEsol
K0.5Cs1Cu0.5Zn1Zr1Se4,kesterite,-0.8033,1.5896,0.878,PBEsol
K0.5Cs1Cu0.5Zn1Zr1Se4,stannite,-0.7327,2.1547,0.516,PBEsol
K0.5Cu0.5Ag1Ba1Ge1Se4,kesterite,-0.7095,0.2042,0.979,PBEsol
K0.5Cu0.5Ag1Ba1Ge1Se4,stannite,-0.7418,-0.0536,0.979,PBEsol
K0.5Cu0.5Ag1Ca1Zr1S4,kesterite,-1.1585,0.7757,0.924,PBEsol
K0.5Cu0.5Ag1Ca1Zr1S4,stannite,-1.1356,0.9585,1.433,PBEsol
K0.5Cu0.5Ag1Cd1Ge1S4,kesterite,-0.4317,-0.2736,0.987,PBEsol
K0.5Cu0.5Ag1Cd1Ge1S4,stannite,-0.4404,-0.3431,0.534,PBEsol
K0.5Cu0.5Ag1Cd1Ge1Se4,kesterite,-0.3722,-0.0482,0.372,PBEsol
K0.5Cu0.5Ag1Cd1Ge1Se4,stannite,-0.3733,-0.0571,0.779,PBEsol
K0.5Cu0.5Ag1Cd1Sn1S4,kesterite,-0.4366,-0.0372,0.563,PBEsol
K0.5Cu0.5Ag1Cd1Sn1S4,stannite,-0.4492,-0.1381,0.273,PBEsol
K0.5Cu0.5Ag1Cd1Sn1Se4,kesterite,-0.4003,0.1031,0.169,PBEsol
K0.5Cu0.5Ag1Cd1Sn1Te4,stannite,-0.171,,0.292,PBEsol
K0.5Cu0.5Ag1Cd1Zr1S4,kesterite,-0.7622,0.7777,1.267,PBEsol
K0.5Cu0.5Ag1Cd1Zr1S4,stannite,-0.7891,0.562,1.133,PBEsol
K0.5Cu0.5Ag1Cd1Zr1Se4,stannite,-0.6706,0.8972,0.888,PBEsol
K0.5Cu0.5Ag1Cd1Zr1Te4,stannite,-0.3566,1.231,0.602,PBEsol
K0.5Cu0.5Ag1Mg0.5Zn0.5Ge1Se4,kesterite,-0.4568,0.0326,0.648,PBEsol
K0.5Cu0.5Ag1Mg0.5Zn0.5Ge1Se4,stannite,-0.4471,0.1103,0.064,PBEsol
K0.5Cu0.5Ag1Mg0.5Zn0.5Ge1Te4,kesterite,-0.2034,,0.482,PBEsol
K0.5Cu0.5Ag1Mg0.5Zn0.5Ge1Te4,stannite,-0.1956,,0.028,PBEsol
K0.5Cu0.5Ag1Mg1Ge1S4,stannite,-0.6273,-0.0937,0.892,PBEsol
K0.5Cu0.5Ag1Mg1Ge1Se4,kesterite,-0.5163,0.1285,0.889,PBEsol
K0.5Cu0.5Ag1Mg1Ge1Se4,stannite,-0.5157,0.1336,0.359,PBEsol
K0.5Cu0.5Ag1Mg1Ge1Te4,kesterite,-0.202,,0.801,PBEsol
K0.5Cu0.5Ag1Mg1Ge1Te4,stannite,-0.2523,,0.171,PBEsol
K0.5Cu0.5Ag1Mg1Sn1S4,stannite,-0.6368,0.1065,0.584,PBEsol
K0.5Cu0.5Ag1Mg1Sn1Se4,kesterite,-0.5475,0.2556,0.627,PBEsol
K0.5Cu0.5Ag1Mg1Sn1Se4,stannite,-0.5521,0.2186,0.208,PBEsol
K0.5Cu0.5Ag1Mg1Sn1Te4,kesterite,-0.2471,,0.723,PBEsol
K0.5Cu0.5Ag1Mg1Sn1Te4,stannite,-0.309,,0.166,PBEsol
K0.5Cu0.5Ag1Mg1Zr1S4,kesterite,-0.9602,0.9382,1.508,PBEsol
K0.5Cu0.5Ag1Mg1Zr1S4,stannite,-0.9845,0.7437,1.455,PBEsol
K0.5Cu0.5Ag1Mg1Zr1Se4,kesterite,-0.8145,1.0759,1.281,PBEsol
K0.5Cu0.5Ag1Mg1Zr1Se4,stannite,-0.8276,0.9712,1.244,PBEsol
K0.5Cu0.5Ag1Mg1Zr1Te4,kesterite,-0.4059,1.7303,0.865,PBEsol
K0.5Cu0.5Ag1Mg1Zr1Te4,stannite,-0.4162,1.6479,0.945,PBEsol
K0.5Cu0.5Ag1Sr1Zr1Se4,kesterite,-0.9611,1.6182,1.065,PBEsol
K0.5Cu0.5Ag1Zn0.5Cd0.5Sn1Te4,kesterite,-0.1942,,0.322,PBEsol
K0.5Cu0.5Ag1Zn0.5Cd0.5Sn1Te4,stannite,-0.1929,,0.019,PBEsol
K0.5Cu0.5Ag1Zn1Ge1S4,stannite,-0.4616,-0.1185,0.551,PBEsol
K0.5Cu0.5Ag1Zn1Ge1Se4,kesterite,-0.3764,0.1386,0.588,PBEsol
K0.5Cu0.5Ag1Zn1Ge1Se4,stannite,-0.3637,0.2404,0.527,PBEsol
K0.5Cu0.5Ag1Zn1Sn1S4,kesterite,-0.4655,0.1264,0.778,PBEsol
K0.5Cu0.5Ag1Zn1Sn1S4,stannite,-0.4761,0.0412,0.287,PBEsol
K0.5Cu0.5Ag1Zn1Sn1Se4,kesterite,-0.4127,0.2249,0.291,PBEsol
K0.5Cu0.5Ag1Zn1Sn1Se4,stannite,-0.4029,0.3033,0.475,PBEsol
K0.5Cu0.5Ag1Zn1Zr1Se4,kesterite,-0.6598,1.204,1.022,PBEsol
K0.5Cu0.5Ag1Zn1Zr1Se4,stannite,-0.6793,1.0481,0.826,PBEsol
K0.5Cu0.5Al0.5Ga0.5S1Se1,kesterite,-0.7097,-0.0418,1.659,PBEsol
K0.5Cu0.5Al0.5Ga0.5S1Se1,stannite,-0.7743,-0.3001,0.602,PBEsol
K0.5Cu0.5Al0.5Ga0.5S2,stannite,-0.8529,-0.3694,0.814,PBEsol
K0.5Cu0.5Al0.5Ga0.5Se1Te1,kesterite,-0.5212,-0.1036,0.718,PBEsol
K0.5Cu0.5Al0.5Ga0.5Se1Te1,stannite,-0.5499,-0.2186,0.235,PBEsol
K0.5Cu0.5Al0.5Ga0.5Se2,kesterite,-0.6275,0.1133,0.76,PBEsol
K0.5Cu0.5Al0.5Ga0.5Se2,stannite,-0.7117,-0.2236,0.335,PBEsol
K0.5Cu0.5Al0.5In0.5S2,kesterite,-0.73,-0.0093,0.939,PBEsol
K0.5Cu0.5Al0.5In0.5S2,stannite,-0.8221,-0.378,0.629,PBEsol
K0.5Cu0.5Al1S2,kesterite,-0.8777,0.0192,1.627,PBEsol
K0.5Cu0.5Al1S2,stannite,-0.9737,-0.3651,1.129,PBEsol
K0.5Cu0.5Al1Se2,kesterite,-0.7089,0.1223,0.93,PBEsol
K0.5Cu0.5Al1Se2,stannite,-0.7974,-0.2315,0.672,PBEsol
K0.5Cu0.5Al1Te2,kesterite,-0.3438,0.2066,1.027,PBEsol
K0.5Cu0.5Al1Te2,stannite,-0.4422,-0.1869,0.713,PBEsol
K0.5Cu0.5Ga0.5In0.5S1Se1,kesterite,-0.5869,-0.053,1.095,PBEsol
K0.5Cu0.5Ga0.5In0.5S1Se1,stannite,-0.6511,-0.31,0.244,PBEsol
K0.5Cu0.5Ga0.5In0.5Se1Te1,kesterite,-0.4431,-0.0814,0.38,PBEsol
K0.5Cu0.5Ga0.5In0.5Se1Te1,stannite,-0.4899,-0.2688,0.08,PBEsol
K0.5Cu0.5Ga1S2,kesterite,-0.6318,0.0632,0.984,PBEsol
K0.5Cu0.5Ga1S2,stannite,-0.735,-0.3498,0.544,PBEsol
K0.5Cu0.5Ga1Se2,kesterite,-0.5303,0.2031,0.335,PBEsol
K0.5Cu0.5Ga1Se2,stannite,-0.629,-0.1917,0.073,PBEsol
K0.5Cu0.5Ga1Te2,kesterite,-0.2562,0.2492,0.529,PBEsol
K0.5Cu0.5Ga1Te2,stannite,-0.3368,-0.0734,0.047,PBEsol
K0.5Cu0.5In1S2,kesterite,-0.5681,0.0546,0.446,PBEsol
K0.5Cu0.5In1S2,stannite,-0.6588,-0.3082,0.337,PBEsol
K0.5Cu0.5In1Se2,kesterite,-0.519,0.0745,0.205,PBEsol
K0.5Cu0.5In1Se2,stannite,-0.5993,-0.247,0.097,PBEsol
K0.5Cu0.5In1Te2,kesterite,-0.2722,0.1398,0.405,PBEsol
K0.5Cu0.5In1Te2,stannite,-0.3383,-0.1245,0.289,PBEsol
K0.5Cu1.5Ba1Ge1Se4,kesterite,-0.6705,0.4924,0.275,PBEsol
K0.5Cu1.5Ba1Sn1Te4,kesterite,-0.4442,,0.027,PBEsol
K0.5Cu1.5Ba1Zr1S4,kesterite,-1.1068,1.1757,0.758,PBEsol
K0.5Cu1.5Ca0.5Ba0.5Sn1S3Se1,kesterite,-0.7308,0.6871,0.28,PBEsol
K0.5Cu1.5Ca0.5Ba0.5Sn1S3Se1,stannite,-0.7927,0.1923,1.025,PBEsol
K0.5Cu1.5Ca0.5Sr0.5Ge1S4,kesterite,-0.798,0.1312,1.214,PBEsol
K0.5Cu1.5Ca1Sn1Te4,kesterite,-0.3992,,0.427,PBEsol
K0.5Cu1.5Ca1Zr1S4,kesterite,-1.1032,1.4082,1.043,PBEsol
K0.5Cu1.5Ca1Zr1Se4,kesterite,-0.9476,1.6265,0.865,PBEsol
K0.5Cu1.5Ca1Zr1Te4,stannite,-0.5705,1.8071,0.715,PBEsol
K0.5Cu1.5Cd1Ge1S4,kesterite,-0.4344,-0.1048,0.812,PBEsol
K0.5Cu1.5Cd1Ge1S4,stannite,-0.4479,-0.2128,0.489,PBEsol
K0.5Cu1.5Cd1Ge1Se4,kesterite,-0.3448,0.1467,0.271,PBEsol
K0.5Cu1.5Cd1Ge1Se4,stannite,-0.3546,0.0686,0.043,PBEsol
K0.5Cu1.5Cd1Sn1S4,kesterite,-0.441,0.1178,0.403,PBEsol
K0.5Cu1.5Cd1Sn1S4,stannite,-0.4521,0.0295,0.257,PBEsol
K0.5Cu1.5Cd1Sn1Se4,kesterite,-0.3694,0.3268,0.072,PBEsol
K0.5Cu1.5Cd1Sn1Se4,stannite,-0.379,0.2502,0.672,PBEsol
K0.5Cu1.5Cd1Sn1Te4,stannite,-0.1039,,0.063,PBEsol
K0.5Cu1.5Cd1Zr1S4,kesterite,-0.7791,0.8326,1.056,PBEsol
K0.5Cu1.5Cd1Zr1S4,stannite,-0.7937,0.7161,1.022,PBEsol
K0.5Cu1.5Cd1Zr1Se4,kesterite,-0.6445,1.0814,0.887,PBEsol
K0.5Cu1.5Cd1Zr1Se4,stannite,-0.6415,1.1059,0.809,PBEsol
K0.5Cu1.5Mg1Ge1S4,kesterite,-0.6261,0.1066,1.192,PBEsol
K0.5Cu1.5Mg1Ge1S4,stannite,-0.6349,0.0358,0.858,PBEsol
K0.5Cu1.5Mg1Ge1Se4,kesterite,-0.5018,0.2209,0.661,PBEsol
K0.5Cu1.5Mg1Ge1Se4,stannite,-0.5144,0.1202,0.218,PBEsol
K0.5Cu1.5Mg1Ge1Te4,kesterite,-0.1728,,0.517,PBEsol
K0.5Cu1.5Mg1Ge1Te4,stannite,-0.2322,,0.121,PBEsol
K0.5Cu1.5Mg1Sn1S4,kesterite,-0.6323,0.3329,0.747,PBEsol
K0.5Cu1.5Mg1Sn1S4,stannite,-0.6419,0.256,0.537,PBEsol
K0.5Cu1.5Mg1Sn1Se4,kesterite,-0.534,0.3397,0.4,PBEsol
K0.5Cu1.5Mg1Sn1Se4,stannite,-0.5376,0.311,0.182,PBEsol
K0.5Cu1.5Mg1Sn1Te4,kesterite,-0.2002,,0.512,PBEsol
K0.5Cu1.5Mg1Sn1Te4,stannite,-0.281,,0.14,PBEsol
K0.5Cu1.5Mg1Zr1S4,kesterite,-0.9663,1.0798,1.259,PBEsol
K0.5Cu1.5Mg1Zr1Se4,kesterite,-0.7913,1.237,1.079,PBEsol
K0.5Cu1.5Mg1Zr1Te4,kesterite,-0.3545,1.8782,0.733,PBEsol
K0.5Cu1.5Sr0.5Zn0.5Sn1S3Se1,kesterite,-0.5675,0.694,0.432,PBEsol
K0.5Cu1.5Sr1Sn1S4,kesterite,-0.7524,0.7835,0.647,PBEsol
K0.5Cu1.5Sr1Zr1Se4,kesterite,-0.9601,1.6016,0.805,PBEsol
K0.5Cu1.5Sr1Zr1Te4,kesterite,-0.5889,1.8444,0.645,PBEsol
K0.5Cu1.5Zn0.5Cd0.5Sn1S2Se1Te1,stannite,-0.3423,,0.03,PBEsol
K0.5Cu1.5Zn1Ge1S4,kesterite,-0.4737,-0.0246,0.98,PBEsol
K0.5Cu1.5Zn1Ge1S4,stannite,-0.4741,-0.0278,0.45,PBEsol
K0.5Cu1.5Zn1Ge1Se4,kesterite,-0.3745,0.1297,0.307,PBEsol
K0.5Cu1.5Zn1Ge1Se4,stannite,-0.3622,0.228,0.446,PBEsol
K0.5Cu1.5Zn1Ge1Te4,kesterite,-0.0873,,0.277,PBEsol
K0.5Cu1.5Zn1Ge1Te4,stannite,-0.0795,,0.151,PBEsol
K0.5Cu1.5Zn1Sn1S4,stannite,-0.4859,0.1533,0.224,PBEsol
K0.5Cu1.5Zn1Sn1Se4,kesterite,-0.3971,0.3258,0.158,PBEsol
K0.5Cu1.5Zn1Sn1Se4,stannite,-0.3978,0.3201,0.0,PBEsol
K0.5Cu1.5Zn1Sn1Te4,kesterite,-0.1707,,0.181,PBEsol
K0.5Cu1.5Zn1Sn1Te4,stannite,-0.1081,,0.119,PBEsol
K0.5Cu1.5Zn1Zr1S4,kesterite,-0.8063,1.0097,1.028,PBEsol
K0.5Cu1.5Zn1Zr1Se4,kesterite,-0.6516,1.2456,0.834,PBEsol
K0.5Cu1.5Zn1Zr1Se4,stannite,-0.6664,1.1273,0.732,PBEsol
K0.5Cu1.5Zn1Zr1Te4,kesterite,-0.2449,1.9123,0.435,PBEsol
K0.5Cu1.5Zn1Zr1Te4,stannite,-0.261,1.7836,0.403,PBEsol
K0.5Cu1Ag0.5Ba1Ge1Te4,stannite,-0.4424,,0.466,PBEsol
K0.5Cu1Ag0.5Ba1Zr1S4,kesterite,-1.0938,1.1777,0.891,PBEsol
K0.5Cu1Ag0.5Ba1Zr1Te4,stannite,-0.6388,1.6033,0.889,PBEsol
K0.5Cu1Ag0.5Ca1Ge1Te4,kesterite,-0.3235,,0.537,PBEsol
K0.5Cu1Ag0.5Ca1Zr1S4,kesterite,-1.0965,1.3606,1.053,PBEsol
K0.5Cu1Ag0.5Ca1Zr1Se4,kesterite,-0.9469,1.6377,0.878,PBEsol
K0.5Cu1Ag0.5Ca1Zr1Te4,kesterite,-0.5784,1.8694,0.594,PBEsol
K0.5Cu1Ag0.5Ca1Zr1Te4,stannite,-0.589,1.7843,0.836,PBEsol
K0.5Cu1Ag0.5Cd1Ge1S1Se2Te1,stannite,-0.3304,,0.421,PBEsol
K0.5Cu1Ag0.5Cd1Ge1S4,stannite,-0.457,-0.387,0.531,PBEsol
K0.5Cu1Ag0.5Cd1Ge1Se4,stannite,-0.3716,-0.0614,0.086,PBEsol
K0.5Cu1Ag0.5Cd1Ge1Te4,kesterite,-0.1281,,0.086,PBEsol
K0.5Cu1Ag0.5Cd1Sn0.5Ge0.5Se1Te3,kesterite,-0.2401,,0.185,PBEsol
K0.5Cu1Ag0.5Cd1Sn0.5Ge0.5Se1Te3,stannite,-0.2368,,0.099,PBEsol
K0.5Cu1Ag0.5Cd1Sn1S4,kesterite,-0.4289,0.114,0.413,PBEsol
K0.5Cu1Ag0.5Cd1Sn1S4,stannite,-0.4571,-0.1122,0.303,PBEsol
K0.5Cu1Ag0.5Cd1Sn1Se4,kesterite,-0.3855,0.2035,0.04,PBEsol
K0.5Cu1Ag0.5Cd1Sn1Se4,stannite,-0.4136,-0.0212,0.714,PBEsol
K0.5Cu1Ag0.5Cd1Zr1S4,kesterite,-0.768,0.8202,1.094,PBEsol
K0.5Cu1Ag0.5Cd1Zr1S4,stannite,-0.7982,0.5786,1.035,PBEsol
K0.5Cu1Ag0.5Cd1Zr1Te4,stannite,-0.344,1.1946,0.581,PBEsol
K0.5Cu1Ag0.5Mg0.5Ca0.5Sn1S4,stannite,-0.7128,0.2812,0.616,PBEsol
K0.5Cu1Ag0.5Mg1Ge1S4,stannite,-0.6479,-0.1692,0.846,PBEsol
K0.5Cu1Ag0.5Mg1Ge1Se4,stannite,-0.5252,0.0396,0.355,PBEsol
K0.5Cu1Ag0.5Mg1Ge1Te4,kesterite,-0.2312,,0.378,PBEsol
K0.5Cu1Ag0.5Mg1Ge1Te4,stannite,-0.2556,,0.154,PBEsol
K0.5Cu1Ag0.5Mg1Sn1S4,kesterite,-0.6196,0.333,0.759,PBEsol
K0.5Cu1Ag0.5Mg1Sn1S4,stannite,-0.6515,0.078,0.548,PBEsol
K0.5Cu1Ag0.5Mg1Sn1Se4,kesterite,-0.528,0.3932,0.465,PBEsol
K0.5Cu1Ag0.5Mg1Sn1Se4,stannite,-0.5542,0.1843,0.21,PBEsol
K0.5Cu1Ag0.5Mg1Sn1Te4,kesterite,-0.2179,,0.563,PBEsol
K0.5Cu1Ag0.5Mg1Sn1Te4,stannite,-0.303,,0.19,PBEsol
K0.5Cu1Ag0.5Mg1Zr1S4,kesterite,-0.9582,1.0438,1.217,PBEsol
K0.5Cu1Ag0.5Mg1Zr1Se4,kesterite,-0.794,1.2219,1.044,PBEsol
K0.5Cu1Ag0.5Mg1Zr1Se4,stannite,-0.8225,0.9938,1.089,PBEsol
K0.5Cu1Ag0.5Mg1Zr1Te4,kesterite,-0.4354,1.3568,0.714,PBEsol
K0.5Cu1Ag0.5Mg1Zr1Te4,stannite,-0.3923,1.7019,0.736,PBEsol
K0.5Cu1Ag0.5Sr0.5Zn0.5Ge1S3Se1,kesterite,-0.6145,-0.0578,1.411,PBEsol
K0.5Cu1Ag0.5Sr1Ge1Se4,stannite,-0.7219,0.1806,0.825,PBEsol
K0.5Cu1Ag0.5Sr1Sn1Se3Te1,stannite,-0.6535,,0.625,PBEsol
K0.5Cu1Ag0.5Zn1Ge1S4,stannite,-0.4902,-0.2584,0.503,PBEsol
K0.5Cu1Ag0.5Zn1Ge1Se4,kesterite,-0.3601,0.2509,0.439,PBEsol
K0.5Cu1Ag0.5Zn1Ge1Se4,stannite,-0.3852,0.0498,0.525,PBEsol
K0.5Cu1Ag0.5Zn1Sn0.5Ge0.5Se4,kesterite,-0.3842,0.2287,0.261,PBEsol
K0.5Cu1Ag0.5Zn1Sn0.5Ge0.5Se4,stannite,-0.4115,0.0103,0.034,PBEsol
K0.5Cu1Ag0.5Zn1Sn1S4,kesterite,-0.4651,0.2183,0.558,PBEsol
K0.5Cu1Ag0.5Zn1Sn1S4,stannite,-0.4983,-0.0468,0.256,PBEsol
K0.5Cu1Ag0.5Zn1Sn1Se4,kesterite,-0.4033,0.2821,0.131,PBEsol
K0.5Cu1Ag0.5Zn1Sn1Se4,stannite,-0.4094,0.2333,0.444,PBEsol
K0.5Cu1Ag0.5Zn1Sn1Te4,kesterite,-0.1125,,0.341,PBEsol
K0.5Cu1Ag0.5Zn1Sn1Te4,stannite,-0.1986,,0.0,PBEsol
K0.5Cu1Ag0.5Zn1Zr1S4,kesterite,-0.7982,0.9734,1.045,PBEsol
K0.5Cu1Ag0.5Zn1Zr1S4,stannite,-0.8341,0.6864,0.977,PBEsol
K0.5Rb0.5Ag1Ba1Ge1Se4,stannite,-0.7977,0.2451,1.217,PBEsol
K0.5Rb0.5Ag1Ba1Sn1S4,stannite,-0.935,-0.4192,1.542,PBEsol
K0.5Rb0.5Ag1Ba1Sn1Se4,kesterite,-0.624,2.0109,0.774,PBEsol
K0.5Rb0.5Ag1Ba1Zr1S4,stannite,-1.289,0.1684,2.084,PBEsol
K0.5Rb0.5Ag1Ba1Zr1Se4,stannite,-1.1693,0.6047,1.73,PBEsol
K0.5Rb0.5Ag1Ba1Zr1Te4,stannite,-0.7923,1.3441,1.443,PBEsol
K0.5Rb0.5Ag1Ca0.5Sr0.5Sn0.5Ge0.5S1Se3,stannite,-0.8559,0.0068,1.048,PBEsol
K0.5Rb0.5Ag1Ca0.5Sr0.5Sn0.5Ge0.5Se1Te3,stannite,-0.5902,,0.745,PBEsol
K0.5Rb0.5Ag1Ca1Ge1Se4,stannite,-0.7592,0.5707,1.076,PBEsol
K0.5Rb0.5Ag1Ca1Ge1Te4,kesterite,-0.5105,,0.309,PBEsol
K0.5Rb0.5Ag1Ca1Ge1Te4,stannite,-0.5058,,0.772,PBEsol
K0.5Rb0.5Ag1Ca1Sn1S4,stannite,-0.8784,0.2374,1.28,PBEsol
K0.5Rb0.5Ag1Ca1Sn1Se4,stannite,-0.8136,0.5122,0.884,PBEsol
K0.5Rb0.5Ag1Ca1Zr1S4,kesterite,-1.1883,1.1778,1.577,PBEsol
K0.5Rb0.5Ag1Ca1Zr1S4,stannite,-1.2405,0.7606,2.289,PBEsol
K0.5Rb0.5Ag1Ca1Zr1Te4,stannite,-0.73,1.6252,1.528,PBEsol
K0.5Rb0.5Ag1Cd1Ge1S4,stannite,-0.506,-0.2276,0.851,PBEsol
K0.5Rb0.5Ag1Cd1Sn1S4,kesterite,-0.4984,0.1091,0.957,PBEsol
K0.5Rb0.5Ag1Cd1Sn1S4,stannite,-0.4799,0.2571,0.703,PBEsol
K0.5Rb0.5Ag1Cd1Sn1Se4,kesterite,-0.4706,0.2867,0.549,PBEsol
K0.5Rb0.5Ag1Cd1Sn1Se4,stannite,-0.3954,0.8882,0.337,PBEsol
K0.5Rb0.5Ag1Cd1Sn1Te4,kesterite,-0.2406,,0.493,PBEsol
K0.5Rb0.5Ag1Cd1Zr1S4,stannite,-0.8395,0.7999,1.212,PBEsol
K0.5Rb0.5Ag1Cd1Zr1Se4,stannite,-0.7797,0.7701,0.943,PBEsol
K0.5Rb0.5Ag1Cd1Zr1Te4,kesterite,-0.3825,1.8551,0.777,PBEsol
K0.5Rb0.5Ag1Mg0.5Zn0.5Ge1S3Te1,kesterite,-0.5007,,1.36,PBEsol
K0.5Rb0.5Ag1Mg0.5Zn0.5Ge1Se3Te1,kesterite,-0.4915,,0.788,PBEsol
K0.5Rb0.5Ag1Mg1Ge1S4,kesterite,-0.6976,-0.0149,1.917,PBEsol
K0.5Rb0.5Ag1Mg1Ge1S4,stannite,-0.7096,-0.1115,1.055,PBEsol
K0.5Rb0.5Ag1Mg1Ge1Se4,stannite,-0.5893,0.2907,0.598,PBEsol
K0.5Rb0.5Ag1Mg1Ge1Te4,kesterite,-0.3,,0.669,PBEsol
K0.5Rb0.5Ag1Mg1Ge1Te4,stannite,-0.3324,,0.368,PBEsol
K0.5Rb0.5Ag1Mg1Sn1S4,kesterite,-0.6636,0.5328,1.374,PBEsol
K0.5Rb0.5Ag1Mg1Sn1S4,stannite,-0.6877,0.3398,0.918,PBEsol
K0.5Rb0.5Ag1Mg1Sn1Se4,stannite,-0.5907,0.656,0.513,PBEsol
K0.5Rb0.5Ag1Mg1Sn1Te4,stannite,-0.4083,,0.322,PBEsol
K0.5Rb0.5Ag1Mg1Zr1S4,kesterite,-1.0261,1.0523,1.756,PBEsol
K0.5Rb0.5Ag1Mg1Zr1S4,stannite,-1.0522,0.843,1.656,PBEsol
K0.5Rb0.5Ag1Mg1Zr1Se4,kesterite,-0.9155,1.014,1.509,PBEsol
K0.5Rb0.5Ag1Mg1Zr1Se4,stannite,-0.8922,1.2002,1.402,PBEsol
K0.5Rb0.5Ag1Mg1Zr1Te4,kesterite,-0.5319,1.5533,0.98,PBEsol
K0.5Rb0.5Ag1Mg1Zr1Te4,stannite,-0.5478,1.4266,0.841,PBEsol
K0.5Rb0.5Ag1Sr1Ge1Te4,kesterite,-0.4382,,0.416,PBEsol
K0.5Rb0.5Ag1Sr1Sn1Se4,stannite,-0.8592,0.2232,1.008,PBEsol
K0.5Rb0.5Ag1Sr1Zr1S4,kesterite,-1.1903,1.1502,1.473,PBEsol
K0.5Rb0.5Ag1Sr1Zr1Se4,kesterite,-0.9783,2.2264,1.129,PBEsol
K0.5Rb0.5Ag1Zn1Ge1S4,kesterite,-0.5325,-0.0449,1.531,PBEsol
K0.5Rb0.5Ag1Zn1Ge1S4,stannite,-0.5402,-0.106,0.756,PBEsol
K0.5Rb0.5Ag1Zn1Ge1Se4,stannite,-0.4306,0.4507,0.199,PBEsol
K0.5Rb0.5Ag1Zn1Sn1S4,kesterite,-0.514,0.3793,1.151,PBEsol
K0.5Rb0.5Ag1Zn1Sn1S4,stannite,-0.5292,0.2573,0.577,PBEsol
K0.5Rb0.5Ag1Zn1Sn1Se4,kesterite,-0.4427,0.731,0.701,PBEsol
K0.5Rb0.5Ag1Zn1Sn1Se4,stannite,-0.45,0.6722,0.141,PBEsol
K0.5Rb0.5Ag1Zn1Sn1Te4,kesterite,-0.2456,,0.548,PBEsol
K0.5Rb0.5Ag1Zn1Sn1Te4,stannite,-0.288,,0.277,PBEsol
K0.5Rb0.5Ag1Zn1Zr1S4,kesterite,-0.886,0.8222,1.645,PBEsol
K0.5Rb0.5Ag1Zn1Zr1S4,stannite,-0.9081,0.646,1.178,PBEsol
K0.5Rb0.5Ag1Zn1Zr1Se4,kesterite,-0.7634,1.1209,1.317,PBEsol
K0.5Rb0.5Ag1Zn1Zr1Se4,stannite,-0.7847,0.9507,0.9,PBEsol
K0.5Rb0.5Ag1Zn1Zr1Te4,stannite,-0.4529,1.3425,0.533,PBEsol
K0.5Rb0.5Al0.5Ga0.5Se2,stannite,-0.7991,0.1728,0.722,PBEsol
K0.5Rb0.5Al1S2,kesterite,-1.2529,-0.8408,3.704,PBEsol
K0.5Rb0.5Al1Se1Te1,kesterite,-0.8875,-0.5273,2.494,PBEsol
K0.5Rb0.5Al1Se1Te1,stannite,-0.7497,0.0239,0.365,PBEsol
K0.5Rb0.5Al1Se2,kesterite,-1.099,-0.6919,2.654,PBEsol
K0.5Rb0.5Al1Se2,stannite,-0.9474,-0.0855,1.271,PBEsol
K0.5Rb0.5Al1Te2,kesterite,-0.7073,-0.4163,2.364,PBEsol
K0.5Rb0.5Al1Te2,stannite,-0.5874,0.0634,0.748,PBEsol
K0.5Rb0.5Cs0.5Ag0.5Ba1Zr1S4,stannite,-1.3212,0.6579,2.343,PBEsol
K0.5Rb0.5Cs0.5Ag0.5Ba1Zr1Se4,stannite,-1.2094,1.0414,2.014,PBEsol
K0.5Rb0.5Cs0.5Ag0.5Ca1Sn1S4,stannite,-0.9206,0.6468,1.311,PBEsol
K0.5Rb0.5Cs0.5Ag0.5Ca1Sn1Se4,stannite,-0.7483,1.7926,0.92,PBEsol
K0.5Rb0.5Cs0.5Ag0.5Ca1Zr1S4,stannite,-1.2992,1.0375,2.273,PBEsol
K0.5Rb0.5Cs0.5Ag0.5Ca1Zr1Se4,stannite,-1.0899,2.0157,2.09,PBEsol
K0.5Rb0.5Cs0.5Ag0.5Ca1Zr1Te4,stannite,-0.7942,1.8372,1.538,PBEsol
K0.5Rb0.5Cs0.5Ag0.5Cd1Ge1S4,stannite,-0.5031,0.5427,0.779,PBEsol
K0.5Rb0.5Cs0.5Ag0.5Cd1Ge1Se4,kesterite,-0.4854,0.55,0.592,PBEsol
K0.5Rb0.5Cs0.5Ag0.5Cd1Ge1Se4,stannite,-0.465,0.7136,0.137,PBEsol
K0.5Rb0.5Cs0.5Ag0.5Cd1Ge1Te4,kesterite,-0.2962,,0.561,PBEsol
K0.5Rb0.5Cs0.5Ag0.5Cd1Sn1S4,stannite,-0.4667,1.1097,0.753,PBEsol
K0.5Rb0.5Cs0.5Ag0.5Cd1Sn1Se4,stannite,-0.5332,0.5444,0.261,PBEsol
K0.5Rb0.5Cs0.5Ag0.5Cd1Sn1Te4,stannite,-0.3128,,0.437,PBEsol
K0.5Rb0.5Cs0.5Ag0.5Cd1Zr1S4,stannite,-0.8455,1.4992,1.224,PBEsol
K0.5Rb0.5Cs0.5Ag0.5Cd1Zr1Se4,stannite,-0.6826,2.3054,0.897,PBEsol
K0.5Rb0.5Cs0.5Ag0.5Cd1Zr1Te4,stannite,-0.1459,4.4729,0.479,PBEsol
K0.5Rb0.5Cs0.5Ag0.5Mg1Ge1S4,stannite,-0.6999,0.7131,1.099,PBEsol
K0.5Rb0.5Cs0.5Ag0.5Mg1Ge1Se4,stannite,-0.5849,1.0838,0.411,PBEsol
K0.5Rb0.5Cs0.5Ag0.5Mg1Sn1S4,kesterite,-0.8584,-0.2784,1.963,PBEsol
K0.5Rb0.5Cs0.5Ag0.5Mg1Sn1S4,stannite,-0.6886,1.0795,0.933,PBEsol
K0.5Rb0.5Cs0.5Ag0.5Mg1Sn1Se4,kesterite,-0.7825,-0.1201,1.575,PBEsol
K0.5Rb0.5Cs0.5Ag0.5Mg1Sn1Se4,stannite,-0.6632,0.8341,0.367,PBEsol
K0.5Rb0.5Cs0.5Ag0.5Mg1Sn1Te4,stannite,-0.1464,,0.062,PBEsol
K0.5Rb0.5Cs0.5Ag0.5Mg1Zr1S4,kesterite,-1.2094,0.333,2.172,PBEsol
K0.5Rb0.5Cs0.5Ag0.5Mg1Zr1S4,stannite,-1.1168,1.0734,1.812,PBEsol
K0.5Rb0.5Cs0.5Ag0.5Mg1Zr1Se4,kesterite,-1.0549,0.6568,1.713,PBEsol
K0.5Rb0.5Cs0.5Ag0.5Mg1Zr1Se4,stannite,-1.0071,1.0391,1.677,PBEsol
K0.5Rb0.5Cs0.5Ag0.5Mg1Zr1Te4,stannite,-0.4455,2.9696,0.956,PBEsol
K0.5Rb0.5Cs0.5Ag0.5Sr1Ge1S4,stannite,-0.8763,0.7141,1.696,PBEsol
K0.5Rb0.5Cs0.5Ag0.5Sr1Sn1S4,stannite,-0.9318,0.5458,1.458,PBEsol
K0.5Rb0.5Cs0.5Ag0.5Sr1Zr1S4,stannite,-1.3145,0.9041,2.333,PBEsol
K0.5Rb0.5Cs0.5Ag0.5Sr1Zr1Se4,stannite,-1.1964,1.2396,1.978,PBEsol
K0.5Rb0.5Cs0.5Ag0.5Zn1Ge1S4,kesterite,-0.7107,-0.723,2.022,PBEsol
K0.5Rb0.5Cs0.5Ag0.5Zn1Ge1S4,stannite,-0.5469,0.5873,0.703,PBEsol
K0.5Rb0.5Cs0.5Ag0.5Zn1Ge1Se4,kesterite,-0.6293,-0.3802,1.27,PBEsol
K0.5Rb0.5Cs0.5Ag0.5Zn1Ge1Se4,stannite,-0.4189,1.3028,0.06,PBEsol
K0.5Rb0.5Cs0.5Ag0.5Zn1Sn1S4,stannite,-0.5206,1.0735,0.575,PBEsol
K0.5Rb0.5Cs0.5Ag0.5Zn1Sn1Se4,stannite,-0.5367,0.7367,0.171,PBEsol
K0.5Rb0.5Cs0.5Ag0.5Zn1Sn1Te4,stannite,-0.262,,0.305,PBEsol
K0.5Rb0.5Cs0.5Ag0.5Zn1Zr1S4,stannite,-0.8966,1.4845,1.163,PBEsol
K0.5Rb0.5Cs0.5Ag0.5Zn1Zr1Se4,stannite,-0.7483,1.9996,0.838,PBEsol
K0.5Rb0.5Cs0.5Ag0.5Zn1Zr1Te4,stannite,-0.2925,3.3503,0.301,PBEsol
K0.5Rb0.5Cs0.5Cu0.5Ba1Zr1Se4,kesterite,-1.258,0.6351,1.479,PBEsol
K0.5Rb0.5Cs0.5Cu0.5Ba1Zr1Se4,stannite,-1.1764,1.2874,1.772,PBEsol
K0.5Rb0.5Cs0.5Cu0.5Ca1Ge1S4,stannite,-0.8832,0.7595,1.172,PBEsol
K0.5Rb0.5Cs0.5Cu0.5Ca1Sn1S4,stannite,-0.8815,1.049,1.118,PBEsol
K0.5Rb0.5Cs0.5Cu0.5Ca1Zr1Te4,kesterite,-0.8538,1.2223,1.107,PBEsol
K0.5Rb0.5Cs0.5Cu0.5Ca1Zr1Te4,stannite,-0.7504,2.0492,1.325,PBEsol
K0.5Rb0.5Cs0.5Cu0.5Cd1Ge1S4,stannite,-0.5327,0.395,0.541,PBEsol
K0.5Rb0.5Cs0.5Cu0.5Cd1Ge1Se4,stannite,-0.4672,0.6773,0.553,PBEsol
K0.5Rb0.5Cs0.5Cu0.5Cd1Sn1Se4,stannite,-0.4195,1.4354,0.051,PBEsol
K0.5Rb0.5Cs0.5Cu0.5Cd1Zr1Se4,stannite,-0.8223,1.1692,0.81,PBEsol
K0.5Rb0.5Cs0.5Cu0.5Cd1Zr1Te4,stannite,-0.4883,1.5962,0.486,PBEsol
K0.5Rb0.5Cs0.5Cu0.5Mg0.5Sr0.5Sn1S4,stannite,-0.8045,0.9297,0.539,PBEsol
K0.5Rb0.5Cs0.5Cu0.5Mg1Ge1S4,stannite,-0.7064,0.7506,0.778,PBEsol
K0.5Rb0.5Cs0.5Cu0.5Mg1Ge1Se4,stannite,-0.6109,0.8577,0.207,PBEsol
K0.5Rb0.5Cs0.5Cu0.5Mg1Sn0.5Ge0.5S3Te1,stannite,-0.6202,,0.001,PBEsol
K0.5Rb0.5Cs0.5Cu0.5Mg1Sn1S4,stannite,-0.74,0.7572,0.633,PBEsol
K0.5Rb0.5Cs0.5Cu0.5Mg1Sn1Se4,kesterite,-0.7799,-0.1175,1.386,PBEsol
K0.5Rb0.5Cs0.5Cu0.5Mg1Sn1Se4,stannite,-0.6695,0.7651,0.17,PBEsol
K0.5Rb0.5Cs0.5Cu0.5Mg1Zr1S4,stannite,-1.1144,1.182,1.598,PBEsol
K0.5Rb0.5Cs0.5Cu0.5Mg1Zr1Te4,stannite,-0.6065,1.5443,0.892,PBEsol
K0.5Rb0.5Cs0.5Cu0.5Sr1Zr1Se4,kesterite,-1.2244,0.9974,1.335,PBEsol
K0.5Rb0.5Cs0.5Cu0.5Zn1Ge1Te4,kesterite,-0.3347,,0.766,PBEsol
K0.5Rb0.5Cs0.5Cu0.5Zn1Ge1Te4,stannite,-0.1872,,0.038,PBEsol
K0.5Rb0.5Cs0.5Cu0.5Zn1Sn1S4,stannite,-0.5611,0.8386,0.336,PBEsol
K0.5Rb0.5Cs0.5Cu0.5Zn1Zr1S4,kesterite,-1.0522,0.3288,1.514,PBEsol
K0.5Rb0.5Cs0.5Cu0.5Zn1Zr1S4,stannite,-0.9182,1.4007,0.893,PBEsol
K0.5Rb0.5Cs0.5Cu0.5Zn1Zr1Se4,stannite,-0.7521,1.9516,0.606,PBEsol
K0.5Rb0.5Cs1Ba0.5Cd0.5Sn1S4,stannite,-0.8193,0.5178,0.949,PBEsol
K0.5Rb0.5Cs1Ba1Ge1S4,kesterite,-1.049,-0.0954,1.97,PBEsol
K0.5Rb0.5Cs1Ba1Ge1S4,stannite,-0.9592,0.6227,1.843,PBEsol
K0.5Rb0.5Cs1Ba1Sn1S4,kesterite,-1.0932,-0.173,2.176,PBEsol
K0.5Rb0.5Cs1Ba1Sn1S4,stannite,-0.9224,1.1932,2.004,PBEsol
K0.5Rb0.5Cs1Ba1Sn1Se4,stannite,-0.813,2.0329,1.577,PBEsol
K0.5Rb0.5Cs1Ba1Sn1Te4,stannite,-0.7003,,1.123,PBEsol
K0.5Rb0.5Cs1Ba1Zr1S4,kesterite,-1.3527,1.1706,2.62,PBEsol
K0.5Rb0.5Cs1Ba1Zr1S4,stannite,-1.3469,1.2168,2.854,PBEsol
K0.5Rb0.5Cs1Ba1Zr1Se4,kesterite,-1.3477,0.7108,2.373,PBEsol
K0.5Rb0.5Cs1Ba1Zr1Se4,stannite,-1.3422,0.7553,2.58,PBEsol
K0.5Rb0.5Cs1Ba1Zr1Te4,stannite,-0.6672,3.813,1.62,PBEsol
K0.5Rb0.5Cs1Ca1Ge1S4,stannite,-0.9671,0.7637,1.78,PBEsol
K0.5Rb0.5Cs1Ca1Sn1S4,stannite,-0.9547,1.139,1.785,PBEsol
K0.5Rb0.5Cs1Ca1Zr1S4,kesterite,-1.4044,0.9611,2.751,PBEsol
K0.5Rb0.5Cs1Ca1Zr1S4,stannite,-1.4475,0.6162,2.856,PBEsol
K0.5Rb0.5Cs1Ca1Zr1Se4,kesterite,-1.2535,1.4831,2.359,PBEsol
K0.5Rb0.5Cs1Ca1Zr1Se4,stannite,-1.2112,1.8215,2.096,PBEsol
K0.5Rb0.5Cs1Ca1Zr1Te4,stannite,-0.6962,3.3635,1.52,PBEsol
K0.5Rb0.5Cs1Cd1Ge1S4,stannite,-0.5872,0.6344,1.296,PBEsol
K0.5Rb0.5Cs1Cd1Ge1Se4,stannite,-0.4593,1.5346,0.755,PBEsol
K0.5Rb0.5Cs1Cd1Sn1S4,stannite,-0.7103,-0.0739,1.408,PBEsol
K0.5Rb0.5Cs1Cd1Sn1Se4,stannite,-0.5025,1.5657,1.068,PBEsol
K0.5Rb0.5Cs1Cd1Sn1Te4,stannite,-0.1527,,0.665,PBEsol
K0.5Rb0.5Cs1Cd1Zr1S4,kesterite,-1.1432,-0.1177,2.198,PBEsol
K0.5Rb0.5Cs1Cd1Zr1S4,stannite,-0.9157,1.7024,1.235,PBEsol
K0.5Rb0.5Cs1Cd1Zr1Se4,kesterite,-1.0342,0.2682,1.715,PBEsol
K0.5Rb0.5Cs1Cd1Zr1Se4,stannite,-0.7345,2.6658,0.863,PBEsol
K0.5Rb0.5Cs1Cd1Zr1Te4,stannite,-0.4356,2.898,0.445,PBEsol
K0.5Rb0.5Cs1Mg1Ge1S4,kesterite,-0.9303,-0.3649,2.6,PBEsol
K0.5Rb0.5Cs1Mg1Ge1S4,stannite,-0.8105,0.5937,1.709,PBEsol
K0.5Rb0.5Cs1Mg1Ge1Te4,stannite,-0.4715,,0.298,PBEsol
K0.5Rb0.5Cs1Mg1Sn1S4,kesterite,-0.8983,0.1669,2.302,PBEsol
K0.5Rb0.5Cs1Mg1Sn1S4,stannite,-0.8029,0.9299,1.509,PBEsol
K0.5Rb0.5Cs1Mg1Sn1Se4,kesterite,-0.7902,0.5937,1.662,PBEsol
K0.5Rb0.5Cs1Mg1Sn1Se4,stannite,-0.7035,1.2872,1.041,PBEsol
K0.5Rb0.5Cs1Mg1Sn1Te4,stannite,-0.3112,,0.302,PBEsol
K0.5Rb0.5Cs1Mg1Zr1S4,kesterite,-1.2882,0.4666,2.589,PBEsol
K0.5Rb0.5Cs1Mg1Zr1S4,stannite,-1.2016,1.16,1.799,PBEsol
K0.5Rb0.5Cs1Mg1Zr1Se4,kesterite,-1.1371,0.7749,2.133,PBEsol
K0.5Rb0.5Cs1Mg1Zr1Se4,stannite,-1.0635,1.3632,1.461,PBEsol
K0.5Rb0.5Cs1Mg1Zr1Te4,kesterite,-0.8281,0.6519,1.557,PBEsol
K0.5Rb0.5Cs1Mg1Zr1Te4,stannite,-0.5807,2.6312,0.936,PBEsol
K0.5Rb0.5Cs1Sr1Ge1Se4,kesterite,-1.0652,-0.2679,1.65,PBEsol
K0.5Rb0.5Cs1Sr1Ge1Se4,stannite,-0.9265,0.8419,1.314,PBEsol
K0.5Rb0.5Cs1Sr1Sn1S4,kesterite,-0.9708,0.9984,2.22,PBEsol
K0.5Rb0.5Cs1Sr1Sn1S4,stannite,-1.0735,0.1768,1.982,PBEsol
K0.5Rb0.5Cs1Sr1Sn1Se4,stannite,-0.8254,2.0269,1.411,PBEsol
K0.5Rb0.5Cs1Sr1Zr1S4,kesterite,-1.38,1.1449,2.734,PBEsol
K0.5Rb0.5Cs1Sr1Zr1S4,stannite,-1.3597,1.3069,2.723,PBEsol
K0.5Rb0.5Cs1Sr1Zr1Se4,kesterite,-1.3678,0.6443,2.365,PBEsol
K0.5Rb0.5Cs1Sr1Zr1Se4,stannite,-1.2169,1.8508,2.336,PBEsol
K0.5Rb0.5Cs1Sr1Zr1Te4,stannite,-0.9547,1.4799,1.922,PBEsol
K0.5Rb0.5Cs1Zn1Ge1Se4,stannite,-0.6335,0.3617,0.399,PBEsol
K0.5Rb0.5Cs1Zn1Sn1S4,kesterite,-0.4631,2.2981,1.364,PBEsol
K0.5Rb0.5Cs1Zn1Sn1S4,stannite,-0.7332,0.1373,1.25,PBEsol
K0.5Rb0.5Cs1Zn1Sn1Se4,kesterite,-0.8288,-0.8246,1.566,PBEsol
K0.5Rb0.5Cs1Zn1Zr1S4,kesterite,-1.2152,-0.299,2.246,PBEsol
K0.5Rb0.5Cs1Zn1Zr1S4,stannite,-1.0541,0.9894,1.354,PBEsol
K0.5Rb0.5Cs1Zn1Zr1Se4,kesterite,-1.0787,0.1324,1.75,PBEsol
K0.5Rb0.5Cs1Zn1Zr1Se4,stannite,-0.851,1.9545,0.879,PBEsol
K0.5Rb0.5Cs1Zn1Zr1Te4,stannite,-0.4265,3.0215,0.188,PBEsol
K0.5Rb0.5Cu0.5Ag0.5Ba0.5Cd0.5Sn1Se2Te2,kesterite,-0.5244,,0.58,PBEsol
K0.5Rb0.5Cu0.5Ag0.5Ba0.5Cd0.5Sn1Se2Te2,stannite,-0.5308,,0.293,PBEsol
K0.5Rb0.5Cu0.5Ag0.5Ba1Sn1Se4,stannite,-0.8129,0.4727,0.953,PBEsol
K0.5Rb0.5Cu0.5Ag0.5Ba1Sn1Te4,stannite,-0.6032,,0.762,PBEsol
K0.5Rb0.5Cu0.5Ag0.5Ca1Zr1S4,kesterite,-1.1761,1.3562,1.273,PBEsol
K0.5Rb0.5Cu0.5Ag0.5Cd1Ge1Se4,stannite,-0.4414,0.1173,0.296,PBEsol
K0.5Rb0.5Cu0.5Ag0.5Cd1Ge1Te4,kesterite,-0.1799,,0.311,PBEsol
K0.5Rb0.5Cu0.5Ag0.5Cd1Zr1S4,stannite,-0.902,0.3803,1.027,PBEsol
K0.5Rb0.5Cu0.5Ag0.5Cd1Zr1Se4,kesterite,-0.7326,1.1198,0.833,PBEsol
K0.5Rb0.5Cu0.5Ag0.5Cd1Zr1Te4,stannite,-0.4316,1.316,0.354,PBEsol
K0.5Rb0.5Cu0.5Ag0.5Mg0.5Ba0.5Ge1S2Te2,kesterite,-0.5174,,0.397,PBEsol
K0.5Rb0.5Cu0.5Ag0.5Mg0.5Ba0.5Ge1S2Te2,stannite,-0.6174,,0.74,PBEsol
K0.5Rb0.5Cu0.5Ag0.5Mg0.5Cd0.5Ge1S1Se2Te1,stannite,-0.5095,,0.114,PBEsol
K0.5Rb0.5Cu0.5Ag0.5Mg1Ge1S4,stannite,-0.7307,-0.2002,0.914,PBEsol
K0.5Rb0.5Cu0.5Ag0.5Mg1Ge1Se4,stannite,-0.6277,-0.0436,0.409,PBEsol
K0.5Rb0.5Cu0.5Ag0.5Mg1Ge1Te4,stannite,-0.336,,0.396,PBEsol
K0.5Rb0.5Cu0.5Ag0.5Mg1Sn1S4,stannite,-0.7347,0.0437,0.726,PBEsol
K0.5Rb0.5Cu0.5Ag0.5Mg1Sn1Se4,kesterite,-0.6148,0.4365,0.6,PBEsol
K0.5Rb0.5Cu0.5Ag0.5Mg1Sn1Se4,stannite,-0.6708,-0.0118,0.273,PBEsol
K0.5Rb0.5Cu0.5Ag0.5Mg1Sn1Te4,kesterite,-0.3443,,0.623,PBEsol
K0.5Rb0.5Cu0.5Ag0.5Mg1Zr1S4,kesterite,-1.0331,1.0762,1.391,PBEsol
K0.5Rb0.5Cu0.5Ag0.5Mg1Zr1S4,stannite,-1.0984,0.5538,1.5,PBEsol
K0.5Rb0.5Cu0.5Ag0.5Mg1Zr1Te4,stannite,-0.5723,1.0834,0.952,PBEsol
K0.5Rb0.5Cu0.5Ag0.5Sr1Sn1Te4,kesterite,-0.5144,,0.471,PBEsol
K0.5Rb0.5Cu0.5Ag0.5Sr1Sn1Te4,stannite,-0.5139,,0.206,PBEsol
K0.5Rb0.5Cu0.5Ag0.5Zn0.5Cd0.5Ge1Se4,stannite,-0.4671,0.0042,0.112,PBEsol
K0.5Rb0.5Cu0.5Ag0.5Zn1Ge1S4,stannite,-0.5622,-0.2017,0.585,PBEsol
K0.5Rb0.5Cu0.5Ag0.5Zn1Ge1Te4,stannite,-0.1518,,0.009,PBEsol
K0.5Rb0.5Cu0.5Ag0.5Zn1Sn1Se4,stannite,-0.5213,0.0748,0.511,PBEsol
K0.5Rb0.5Cu0.5Ag0.5Zn1Zr1S4,stannite,-0.9278,0.5682,0.933,PBEsol
K0.5Rb0.5Cu0.5Ag0.5Zn1Zr1Te4,stannite,-0.4485,1.231,0.486,PBEsol
K0.5Rb0.5Cu1Ba0.5Cd0.5Ge1S3Te1,kesterite,-0.3001,,0.143,PBEsol
K0.5Rb0.5Cu1Ba0.5Cd0.5Ge1S3Te1,stannite,-0.5497,,0.03,PBEsol
K0.5Rb0.5Cu1Ba1Zr1S4,kesterite,-1.235,0.7784,1.651,PBEsol
K0.5Rb0.5Cu1Ba1Zr1S4,stannite,-1.2821,0.4015,1.621,PBEsol
K0.5Rb0.5Cu1Ba1Zr1Te4,stannite,-0.5468,3.0333,0.937,PBEsol
K0.5Rb0.5Cu1Ca1Zr1Se4,stannite,-1.0969,1.1653,1.496,PBEsol
K0.5Rb0.5Cu1Cd1Ge1S4,stannite,-0.5718,-0.5754,0.603,PBEsol
K0.5Rb0.5Cu1Cd1Sn1S4,kesterite,-0.479,0.443,0.372,PBEsol
K0.5Rb0.5Cu1Cd1Sn1S4,stannite,-0.5755,-0.3294,0.4,PBEsol
K0.5Rb0.5Cu1Cd1Sn1Te4,kesterite,-0.0974,,0.227,PBEsol
K0.5Rb0.5Cu1Cd1Sn1Te4,stannite,-0.3022,,0.129,PBEsol
K0.5Rb0.5Cu1Mg0.5Ca0.5Ge1S1Se2Te1,kesterite,-0.613,,0.072,PBEsol
K0.5Rb0.5Cu1Mg0.5Ca0.5Ge1S1Se2Te1,stannite,-0.6385,,0.565,PBEsol
K0.5Rb0.5Cu1Mg1Ge1S4,stannite,-0.7606,-0.3414,0.858,PBEsol
K0.5Rb0.5Cu1Mg1Ge1Se4,stannite,-0.6456,-0.1957,0.391,PBEsol
K0.5Rb0.5Cu1Mg1Sn1S4,stannite,-0.7698,-0.1389,0.575,PBEsol
K0.5Rb0.5Cu1Mg1Sn1Se4,stannite,-0.6529,0.1223,0.402,PBEsol
K0.5Rb0.5Cu1Mg1Sn1Te4,kesterite,-0.3141,,0.386,PBEsol
K0.5Rb0.5Cu1Mg1Sn1Te4,stannite,-0.2936,,0.54,PBEsol
K0.5Rb0.5Cu1Mg1Zr1S4,kesterite,-1.0242,1.2458,1.14,PBEsol
K0.5Rb0.5Cu1Mg1Zr1S4,stannite,-1.1048,0.6008,1.423,PBEsol
K0.5Rb0.5Cu1Mg1Zr1Se4,stannite,-0.9523,0.6826,1.192,PBEsol
K0.5Rb0.5Cu1Sr0.5Cd0.5Sn0.5Ge0.5S2Se2,stannite,-0.6948,-0.1148,0.536,PBEsol
K0.5Rb0.5Cu1Sr0.5Zn0.5Sn0.5Ge0.5Se3Te1,kesterite,-0.5153,,0.323,PBEsol
K0.5Rb0.5Cu1Sr0.5Zn0.5Sn0.5Ge0.5Se3Te1,stannite,-0.5537,,0.157,PBEsol
K0.5Rb0.5Cu1Sr1Ge1Te4,stannite,-0.509,,0.283,PBEsol
K0.5Rb0.5Cu1Zn1Ge1S4,stannite,-0.5859,-0.2939,0.543,PBEsol
K0.5Rb0.5Cu1Zn1Ge1Se4,stannite,-0.501,-0.1488,0.069,PBEsol
K0.5Rb0.5Cu1Zn1Ge1Te4,stannite,-0.175,,0.078,PBEsol
K0.5Rb0.5Cu1Zn1Sn1S4,stannite,-0.6105,-0.2144,0.332,PBEsol
K0.5Rb0.5Cu1Zn1Zr1S4,kesterite,-0.9221,0.7117,0.919,PBEsol
K0.5Rb0.5Cu1Zn1Zr1S4,stannite,-0.9502,0.4869,0.872,PBEsol
K0.5Rb0.5Ga0.5In0.5S1Se1,kesterite,-0.8699,-0.4917,1.935,PBEsol
K0.5Rb0.5Ga0.5In0.5S1Se1,stannite,-0.7294,0.0705,0.915,PBEsol
K0.5Rb0.5Ga0.5In0.5Se1Te1,kesterite,-0.6998,-0.3198,1.673,PBEsol
K0.5Rb0.5Ga0.5In0.5Se1Te1,stannite,-0.5411,0.3149,0.154,PBEsol
K0.5Rb0.5Ga0.5In0.5Se2,stannite,-0.7274,0.0556,0.713,PBEsol
K0.5Rb0.5Ga0.5In0.5Te2,stannite,-0.3942,0.4877,0.254,PBEsol
K0.5Rb0.5Ga1S1Se1,kesterite,-0.9205,-0.5669,2.369,PBEsol
K0.5Rb0.5Ga1S1Se1,stannite,-0.7583,0.0816,0.809,PBEsol
K0.5Rb0.5Ga1S2,kesterite,-0.9628,-0.6202,2.837,PBEsol
K0.5Rb0.5Ga1S2,stannite,-0.743,0.259,1.03,PBEsol
K0.5Rb0.5Ga1Se1Te1,kesterite,-0.6459,-0.0318,1.085,PBEsol
K0.5Rb0.5Ga1Se1Te1,stannite,-0.5226,0.4616,0.001,PBEsol
K0.5Rb0.5Ga1Se2,kesterite,-0.9165,-0.5961,1.797,PBEsol
K0.5Rb0.5Ga1Se2,stannite,-0.5918,0.7027,0.379,PBEsol
K0.5Rb0.5Ga1Te2,kesterite,-0.6209,-0.3786,1.364,PBEsol
K0.5Rb0.5Ga1Te2,stannite,-0.4824,0.1753,0.101,PBEsol
K0.5Rb0.5In1S2,kesterite,-0.8399,-0.3921,1.876,PBEsol
K0.5Rb0.5In1S2,stannite,-0.7724,-0.1217,1.406,PBEsol
K0.5Rb0.5In1Se2,kesterite,-0.8648,-0.5627,1.383,PBEsol
K0.5Rb0.5In1Se2,stannite,-0.6492,0.2994,0.483,PBEsol
K0.5Rb0.5In1Te2,kesterite,-0.6064,-0.3658,1.2,PBEsol
K0.5Rb0.5In1Te2,stannite,-0.231,1.1359,0.352,PBEsol
K0.5Rb1.5Ba0.5Zn0.5Ge1S1Se1Te2,kesterite,-0.7247,,1.226,PBEsol
K0.5Rb1.5Ba0.5Zn0.5Ge1S1Se1Te2,stannite,-0.6257,,0.297,PBEsol
K0.5Rb1.5Ba1Ge1S4,kesterite,-0.9868,0.3626,2.026,PBEsol
K0.5Rb1.5Ba1Ge1S4,stannite,-0.9746,0.4602,2.135,PBEsol
K0.5Rb1.5Ba1Ge1Se4,kesterite,-0.913,0.7904,1.605,PBEsol
K0.5Rb1.5Ba1Ge1Te4,stannite,-0.6684,,0.975,PBEsol
K0.5Rb1.5Ba1Sn1S4,kesterite,-0.9533,0.9064,2.272,PBEsol
K0.5Rb1.5Ba1Sn1S4,stannite,-0.9529,0.9094,2.293,PBEsol
K0.5Rb1.5Ba1Sn1Se4,stannite,-0.831,1.8226,1.788,PBEsol
K0.5Rb1.5Ba1Zr1S4,kesterite,-1.3619,1.0567,2.838,PBEsol
K0.5Rb1.5Ba1Zr1S4,stannite,-1.3572,1.095,3.015,PBEsol
K0.5Rb1.5Ba1Zr1Se4,kesterite,-1.3393,0.7123,2.496,PBEsol
K0.5Rb1.5Ba1Zr1Se4,stannite,-1.3151,0.9059,2.596,PBEsol
K0.5Rb1.5Ba1Zr1Te4,stannite,-0.9584,1.4149,2.133,PBEsol
K0.5Rb1.5Ca0.5Sr0.5Sn0.5Ge0.5S2Te2,kesterite,-0.9794,,1.203,PBEsol
K0.5Rb1.5Ca0.5Sr0.5Sn0.5Ge0.5S2Te2,stannite,-0.8096,,1.012,PBEsol
K0.5Rb1.5Ca1Ge1S4,stannite,-1.0237,0.2719,2.004,PBEsol
K0.5Rb1.5Ca1Ge1Se4,stannite,-0.836,1.4237,1.563,PBEsol
K0.5Rb1.5Ca1Ge1Te4,stannite,-0.6318,,0.686,PBEsol
K0.5Rb1.5Ca1Sn1S4,stannite,-1.0651,0.2161,1.84,PBEsol
K0.5Rb1.5Ca1Sn1Se4,kesterite,-0.9091,1.2156,2.082,PBEsol
K0.5Rb1.5Ca1Sn1Se4,stannite,-0.8666,1.5555,1.545,PBEsol
K0.5Rb1.5Ca1Sn1Te4,stannite,-0.6919,,0.99,PBEsol
K0.5Rb1.5Ca1Zr1S4,kesterite,-1.4092,0.8826,3.065,PBEsol
K0.5Rb1.5Ca1Zr1S4,stannite,-1.3701,1.1957,2.805,PBEsol
K0.5Rb1.5Ca1Zr1Se4,kesterite,-1.2565,1.3928,2.663,PBEsol
K0.5Rb1.5Ca1Zr1Se4,stannite,-1.2235,1.6567,2.369,PBEsol
K0.5Rb1.5Ca1Zr1Te4,kesterite,-0.7275,3.0448,2.027,PBEsol
K0.5Rb1.5Ca1Zr1Te4,stannite,-0.7078,3.2025,1.786,PBEsol
K0.5Rb1.5Cd1Ge1S4,stannite,-0.6233,0.3066,1.421,PBEsol
K0.5Rb1.5Cd1Ge1Se4,kesterite,-0.7555,-0.9009,1.755,PBEsol
K0.5Rb1.5Cd1Ge1Te4,kesterite,-0.5164,,1.077,PBEsol
K0.5Rb1.5Cd1Sn1S4,stannite,-0.5628,1.0666,1.542,PBEsol
K0.5Rb1.5Cd1Sn1Se4,stannite,-0.4326,2.0585,1.028,PBEsol
K0.5Rb1.5Cd1Sn1Te4,kesterite,-0.492,,1.552,PBEsol
K0.5Rb1.5Cd1Zr1S4,kesterite,-1.1374,-0.1113,2.378,PBEsol
K0.5Rb1.5Cd1Zr1S4,stannite,-0.9475,1.4079,1.581,PBEsol
K0.5Rb1.5Cd1Zr1Se4,stannite,-0.775,2.2752,1.212,PBEsol
K0.5Rb1.5Cd1Zr1Te4,kesterite,-0.7077,0.6529,1.087,PBEsol
K0.5Rb1.5Cd1Zr1Te4,stannite,-0.6062,1.4645,0.702,PBEsol
K0.5Rb1.5Mg0.5Sr0.5Sn0.5Ge0.5S1Se1Te2,stannite,-0.5496,,0.083,PBEsol
K0.5Rb1.5Mg1Ge1S4,stannite,-0.8285,0.4098,1.758,PBEsol
K0.5Rb1.5Mg1Ge1Se4,kesterite,-0.7917,0.1388,2.155,PBEsol
K0.5Rb1.5Mg1Ge1Se4,stannite,-0.695,0.913,1.127,PBEsol
K0.5Rb1.5Mg1Ge1Te4,kesterite,-0.353,,1.272,PBEsol
K0.5Rb1.5Mg1Sn1S4,stannite,-0.9116,0.021,1.536,PBEsol
K0.5Rb1.5Mg1Sn1Se4,kesterite,-0.8024,0.4299,2.002,PBEsol
K0.5Rb1.5Mg1Sn1Se4,stannite,-0.734,0.9773,1.17,PBEsol
K0.5Rb1.5Mg1Sn1Te4,stannite,-0.5482,,0.564,PBEsol
K0.5Rb1.5Mg1Zr1S4,kesterite,-1.2908,0.4063,2.837,PBEsol
K0.5Rb1.5Mg1Zr1S4,stannite,-1.2136,1.0238,2.053,PBEsol
K0.5Rb1.5Mg1Zr1Se4,kesterite,-1.1379,0.7023,2.35,PBEsol
K0.5Rb1.5Mg1Zr1Se4,stannite,-1.0703,1.2426,1.682,PBEsol
K0.5Rb1.5Mg1Zr1Te4,kesterite,-0.6402,2.0865,1.612,PBEsol
K0.5Rb1.5Mg1Zr1Te4,stannite,-0.7588,1.1374,1.064,PBEsol
K0.5Rb1.5Sr0.5Zn0.5Sn0.5Ge0.5S2Se2,kesterite,-0.9313,-0.4544,2.069,PBEsol
K0.5Rb1.5Sr1Ge1S4,stannite,-1.0549,0.0101,1.893,PBEsol
K0.5Rb1.5Sr1Ge1Se1Te3,stannite,-0.3828,,0.22,PBEsol
K0.5Rb1.5Sr1Ge1Se4,kesterite,-0.8711,1.2192,1.827,PBEsol
K0.5Rb1.5Sr1Ge1Se4,stannite,-0.9617,0.4937,1.366,PBEsol
K0.5Rb1.5Sr1Sn1S2Te2,kesterite,-0.914,,1.813,PBEsol
K0.5Rb1.5Sr1Sn1S4,kesterite,-0.9866,0.8326,2.537,PBEsol
K0.5Rb1.5Sr1Sn1S4,stannite,-0.9632,1.0202,2.182,PBEsol
K0.5Rb1.5Sr1Sn1Se4,stannite,-0.8557,1.7187,1.693,PBEsol
K0.5Rb1.5Sr1Zr1S4,kesterite,-1.3889,1.0336,3.072,PBEsol
K0.5Rb1.5Sr1Zr1S4,stannite,-1.3672,1.2074,3.003,PBEsol
K0.5Rb1.5Sr1Zr1Se4,stannite,-1.2269,1.7052,2.579,PBEsol
K0.5Rb1.5Sr1Zr1Te4,stannite,-0.9424,1.5101,1.953,PBEsol
K0.5Rb1.5Zn1Ge1S4,stannite,-0.6415,0.5554,1.338,PBEsol
K0.5Rb1.5Zn1Ge1Te4,kesterite,-0.4894,,0.758,PBEsol
K0.5Rb1.5Zn1Ge1Te4,stannite,-0.3642,,0.242,PBEsol
K0.5Rb1.5Zn1Sn1S4,kesterite,-0.8669,-0.9718,2.182,PBEsol
K0.5Rb1.5Zn1Sn1Se4,kesterite,-0.6524,0.5209,1.872,PBEsol
K0.5Rb1.5Zn1Sn1Te4,stannite,-0.4288,,0.145,PBEsol
K0.5Rb1.5Zn1Zr1S4,stannite,-1.0242,1.1887,1.496,PBEsol
K0.5Rb1.5Zn1Zr1Se4,stannite,-0.8629,1.793,1.117,PBEsol
K0.5Rb1.5Zn1Zr1Te4,kesterite,-0.6829,0.9017,1.224,PBEsol
K0.5Rb1.5Zn1Zr1Te4,stannite,-0.4118,3.0709,0.599,PBEsol
K0.5Rb1Ag0.5Ba1Zr1Se4,stannite,-1.2145,0.9708,2.041,PBEsol
K0.5Rb1Ag0.5Ca1Sn1Se4,stannite,-0.8661,0.8197,1.055,PBEsol
K0.5Rb1Ag0.5Ca1Zr1Se4,stannite,-1.1831,1.2396,2.045,PBEsol
K0.5Rb1Ag0.5Ca1Zr1Te4,kesterite,-0.8375,1.4592,1.466,PBEsol
K0.5Rb1Ag0.5Ca1Zr1Te4,stannite,-0.7984,1.7714,1.604,PBEsol
K0.5Rb1Ag0.5Cd1Ge1S4,kesterite,-0.6719,-0.825,1.724,PBEsol
K0.5Rb1Ag0.5Cd1Ge1S4,stannite,-0.5781,-0.0744,1.025,PBEsol
K0.5Rb1Ag0.5Cd1Ge1Se4,stannite,-0.5131,0.2983,0.379,PBEsol
K0.5Rb1Ag0.5Cd1Sn1Te4,kesterite,-0.3973,,0.875,PBEsol
K0.5Rb1Ag0.5Cd1Sn1Te4,stannite,-0.3265,,0.131,PBEsol
K0.5Rb1Ag0.5Cd1Zr1S4,kesterite,-0.994,0.2936,1.602,PBEsol
K0.5Rb1Ag0.5Cd1Zr1S4,stannite,-0.9518,0.6315,1.472,PBEsol
K0.5Rb1Ag0.5Cd1Zr1Se4,kesterite,-0.8769,0.7199,1.159,PBEsol
K0.5Rb1Ag0.5Cd1Zr1Se4,stannite,-0.8179,1.1922,1.038,PBEsol
K0.5Rb1Ag0.5Cd1Zr1Te4,stannite,-0.5171,1.4721,0.576,PBEsol
K0.5Rb1Ag0.5Mg0.5Ba0.5Sn1S1Se3,kesterite,-0.9009,-0.2833,1.472,PBEsol
K0.5Rb1Ag0.5Mg0.5Ba0.5Sn1S1Se3,stannite,-0.762,0.8279,0.693,PBEsol
K0.5Rb1Ag0.5Mg1Ge1S2Te2,kesterite,-0.6224,,1.226,PBEsol
K0.5Rb1Ag0.5Mg1Ge1S4,kesterite,-0.8669,-0.6398,2.296,PBEsol
K0.5Rb1Ag0.5Mg1Ge1Se4,stannite,-0.6066,0.8799,0.799,PBEsol
K0.5Rb1Ag0.5Mg1Sn1S4,kesterite,-0.7852,0.2898,1.954,PBEsol
K0.5Rb1Ag0.5Mg1Sn1S4,stannite,-0.7805,0.3273,1.267,PBEsol
K0.5Rb1Ag0.5Mg1Sn1Se4,stannite,-0.7118,0.4147,0.667,PBEsol
K0.5Rb1Ag0.5Mg1Sn1Te4,stannite,-0.4278,,0.388,PBEsol
K0.5Rb1Ag0.5Mg1Zr1S4,stannite,-1.0995,1.1944,1.955,PBEsol
K0.5Rb1Ag0.5Mg1Zr1Se4,stannite,-0.9456,1.5002,1.586,PBEsol
K0.5Rb1Ag0.5Mg1Zr1Te4,stannite,-0.4641,2.7898,1.089,PBEsol
K0.5Rb1Ag0.5Sr0.5Ba0.5Sn1Se1Te3,stannite,-0.7488,,0.365,PBEsol
K0.5Rb1Ag0.5Sr1Sn1Se4,stannite,-0.8657,0.8985,1.187,PBEsol
K0.5Rb1Ag0.5Sr1Zr1S4,kesterite,-1.3486,0.6142,2.187,PBEsol
K0.5Rb1Ag0.5Sr1Zr1Se4,stannite,-1.2002,1.1785,2.097,PBEsol
K0.5Rb1Ag0.5Zn1Ge1S4,kesterite,-0.7042,-0.6882,2.015,PBEsol
K0.5Rb1Ag0.5Zn1Sn1S4,kesterite,-0.6992,-0.3722,1.699,PBEsol
K0.5Rb1Ag0.5Zn1Sn1S4,stannite,-0.6114,0.3298,0.953,PBEsol
K0.5Rb1Ag0.5Zn1Sn1Se4,stannite,-0.4564,1.3491,0.404,PBEsol
K0.5Rb1Ag0.5Zn1Sn1Te4,kesterite,-0.4406,,1.033,PBEsol
K0.5Rb1Ag0.5Zn1Sn1Te4,stannite,-0.2438,,0.404,PBEsol
K0.5Rb1Ag0.5Zn1Zr1S4,stannite,-0.9665,0.9084,1.442,PBEsol
K0.5Rb1Ag0.5Zn1Zr1Se4,stannite,-0.847,1.1796,1.015,PBEsol
K0.5Rb1Cs0.5Ba1Ge1S4,kesterite,-0.9739,0.4797,1.874,PBEsol
K0.5Rb1Cs0.5Ba1Ge1S4,stannite,-1.0571,-0.1858,1.889,PBEsol
K0.5Rb1Cs0.5Ba1Ge1Te4,stannite,-0.6737,,1.014,PBEsol
K0.5Rb1Cs0.5Ba1Sn1S4,stannite,-0.9371,1.0494,2.239,PBEsol
K0.5Rb1Cs0.5Ba1Sn1Se4,stannite,-0.8275,1.8772,1.709,PBEsol
K0.5Rb1Cs0.5Ba1Zr1S4,kesterite,-1.3568,1.1116,2.708,PBEsol
K0.5Rb1Cs0.5Ba1Zr1S4,stannite,-1.3526,1.1448,2.981,PBEsol
K0.5Rb1Cs0.5Ba1Zr1Se4,kesterite,-1.3578,0.5911,2.469,PBEsol
K0.5Rb1Cs0.5Ba1Zr1Se4,stannite,-1.2148,1.7347,2.651,PBEsol
K0.5Rb1Cs0.5Ba1Zr1Te4,stannite,-0.9674,1.371,2.065,PBEsol
K0.5Rb1Cs0.5Ca1Ge1S4,stannite,-0.9776,0.6539,2.013,PBEsol
K0.5Rb1Cs0.5Ca1Sn1S4,stannite,-0.9638,1.0408,1.945,PBEsol
K0.5Rb1Cs0.5Ca1Sn1Se4,stannite,-0.858,1.6516,1.481,PBEsol
K0.5Rb1Cs0.5Ca1Zr1S4,stannite,-1.3647,1.2527,2.692,PBEsol
K0.5Rb1Cs0.5Ca1Zr1Se4,kesterite,-1.3568,0.6168,2.54,PBEsol
K0.5Rb1Cs0.5Ca1Zr1Se4,stannite,-1.217,1.7354,2.264,PBEsol
K0.5Rb1Cs0.5Ca1Zr1Te4,kesterite,-0.9501,1.2923,2.001,PBEsol
K0.5Rb1Cs0.5Ca1Zr1Te4,stannite,-0.6998,3.2945,1.698,PBEsol
K0.5Rb1Cs0.5Cd1Ge1S4,stannite,-0.6126,0.4055,1.397,PBEsol
K0.5Rb1Cs0.5Cd1Ge1Se4,stannite,-0.4805,1.3261,0.847,PBEsol
K0.5Rb1Cs0.5Cd1Sn1S4,stannite,-0.543,1.2387,1.401,PBEsol
K0.5Rb1Cs0.5Cd1Sn1Se4,stannite,-0.4171,2.2092,0.903,PBEsol
K0.5Rb1Cs0.5Cd1Sn1Te4,stannite,-0.1445,,0.639,PBEsol
K0.5Rb1Cs0.5Cd1Zr1S4,stannite,-0.9303,1.5592,1.449,PBEsol
K0.5Rb1Cs0.5Cd1Zr1Se4,stannite,-0.7544,2.4669,1.084,PBEsol
K0.5Rb1Cs0.5Cd1Zr1Te4,stannite,-0.6108,1.4563,0.695,PBEsol
K0.5Rb1Cs0.5Mg1Ge1S4,kesterite,-1.0258,-1.155,2.922,PBEsol
K0.5Rb1Cs0.5Mg1Ge1S4,stannite,-0.8644,0.1364,1.588,PBEsol
K0.5Rb1Cs0.5Mg1Ge1Se4,stannite,-0.7908,0.1733,0.736,PBEsol
K0.5Rb1Cs0.5Mg1Ge1Te4,stannite,-0.4897,,0.264,PBEsol
K0.5Rb1Cs0.5Mg1Sn1Se4,stannite,-0.7031,1.2515,1.008,PBEsol
K0.5Rb1Cs0.5Mg1Zr1S4,stannite,-1.2077,1.0847,1.968,PBEsol
K0.5Rb1Cs0.5Mg1Zr1Se4,kesterite,-1.1374,0.7333,2.237,PBEsol
K0.5Rb1Cs0.5Mg1Zr1Se4,stannite,-1.0664,1.3009,1.596,PBEsol
K0.5Rb1Cs0.5Mg1Zr1Te4,stannite,-0.5859,2.5491,1.112,PBEsol
K0.5Rb1Cs0.5Sr0.5Cd0.5Sn1S4,kesterite,-0.9711,-0.6262,2.271,PBEsol
K0.5Rb1Cs0.5Sr0.5Cd0.5Sn1S4,stannite,-0.837,0.4467,1.271,PBEsol
K0.5Rb1Cs0.5Sr1Ge1S4,stannite,-0.9763,0.6532,2.076,PBEsol
K0.5Rb1Cs0.5Sr1Sn1S4,stannite,-0.9528,1.1171,2.085,PBEsol
K0.5Rb1Cs0.5Sr1Sn1Se4,stannite,-0.8336,1.9221,1.542,PBEsol
K0.5Rb1Cs0.5Sr1Sn1Te4,stannite,-0.6215,,1.04,PBEsol
K0.5Rb1Cs0.5Sr1Zr1S4,stannite,-1.3632,1.2528,2.896,PBEsol
K0.5Rb1Cs0.5Sr1Zr1Se4,stannite,-1.2213,1.7765,2.488,PBEsol
K0.5Rb1Cs0.5Zn1Ge1Se4,stannite,-0.5112,1.3012,0.702,PBEsol
K0.5Rb1Cs0.5Zn1Sn1S4,kesterite,-0.8672,-0.961,2.143,PBEsol
K0.5Rb1Cs0.5Zn1Sn1Se4,kesterite,-0.8292,-0.8664,1.359,PBEsol
K0.5Rb1Cs0.5Zn1Sn1Te4,kesterite,-0.3298,,1.507,PBEsol
K0.5Rb1Cs0.5Zn1Zr1S4,stannite,-1.004,1.3646,1.356,PBEsol
K0.5Rb1Cs0.5Zn1Zr1Se4,stannite,-0.8538,1.8924,1.021,PBEsol
K0.5Rb1Cu0.5Ba1Ge1Se4,stannite,-0.9083,0.0694,1.453,PBEsol
K0.5Rb1Cu0.5Ca0.5Zn0.5Ge1S2Se1Te1,stannite,-0.681,,0.778,PBEsol
K0.5Rb1Cu0.5Ca0.5Zn0.5Sn0.5Ge0.5Se2Te2,stannite,-0.4963,,0.204,PBEsol
K0.5Rb1Cu0.5Ca1Ge1Te4,stannite,-0.4784,,0.62,PBEsol
K0.5Rb1Cu0.5Ca1Zr1Te4,stannite,-0.7827,1.7595,1.444,PBEsol
K0.5Rb1Cu0.5Cd1Ge1Te4,stannite,-0.2371,,0.382,PBEsol
K0.5Rb1Cu0.5Cd1Sn1Te4,stannite,-0.2962,,0.084,PBEsol
K0.5Rb1Cu0.5Cd1Zr1Te4,stannite,-0.4997,1.4732,0.481,PBEsol
K0.5Rb1Cu0.5Mg1Ge1S1Te3,kesterite,-0.54,,0.545,PBEsol
K0.5Rb1Cu0.5Mg1Ge1S1Te3,stannite,-0.4175,,0.209,PBEsol
K0.5Rb1Cu0.5Mg1Ge1Se4,stannite,-0.6373,0.6163,0.482,PBEsol
K0.5Rb1Cu0.5Mg1Ge1Te4,stannite,-0.2731,,0.187,PBEsol
K0.5Rb1Cu0.5Zn1Sn1Se4,stannite,-0.5176,0.8408,0.116,PBEsol
K0.5Rb1Cu0.5Zn1Zr1Se4,stannite,-0.8174,1.3989,0.822,PBEsol
K1.5Ag0.5Ba1Ge1Se4,kesterite,-0.814,0.9172,1.692,PBEsol
K1.5Ag0.5Ba1Sn1Se4,kesterite,-0.7701,1.6452,1.725,PBEsol
K1.5Ag0.5Ba1Zr1S4,kesterite,-1.3492,0.5103,2.408,PBEsol
K1.5Ag0.5Ca1Zr1S4,kesterite,-1.301,1.0999,2.361,PBEsol
K1.5Ag0.5Ca1Zr1S4,stannite,-1.332,0.8517,2.595,PBEsol
K1.5Ag0.5Ca1Zr1Se4,kesterite,-1.2229,0.9971,1.921,PBEsol
K1.5Ag0.5Ca1Zr1Se4,stannite,-1.2015,1.1683,2.176,PBEsol
K1.5Ag0.5Ca1Zr1Te4,stannite,-0.8103,1.7263,1.665,PBEsol
K1.5Ag0.5Cd1Ge1S4,stannite,-0.6116,-0.2488,1.151,PBEsol
K1.5Ag0.5Cd1Sn1S4,stannite,-0.6221,-0.0568,1.141,PBEsol
K1.5Ag0.5Cd1Sn1Te4,stannite,-0.3484,,0.238,PBEsol
K1.5Ag0.5Cd1Zr1S4,stannite,-0.9786,0.5107,1.5,PBEsol
K1.5Ag0.5Cd1Zr1Se4,stannite,-0.7522,1.7936,1.142,PBEsol
K1.5Ag0.5Cd1Zr1Te4,stannite,-0.521,1.4905,0.64,PBEsol
K1.5Ag0.5Mg1Ge1S4,kesterite,-0.8527,-0.4322,2.394,PBEsol
K1.5Ag0.5Mg1Ge1S4,stannite,-0.7932,0.0437,1.413,PBEsol
K1.5Ag0.5Mg1Ge1Se4,kesterite,-0.7334,-0.059,1.711,PBEsol
K1.5Ag0.5Mg1Ge1Se4,stannite,-0.6496,0.6115,0.946,PBEsol
K1.5Ag0.5Mg1Ge1Te4,stannite,-0.3901,,0.299,PBEsol
K1.5Ag0.5Mg1Sn1S4,kesterite,-0.8146,0.1481,2.014,PBEsol
K1.5Ag0.5Mg1Sn1S4,stannite,-0.813,0.1609,1.337,PBEsol
K1.5Ag0.5Mg1Sn1Se4,stannite,-0.7397,0.2666,0.739,PBEsol
K1.5Ag0.5Mg1Sn1Te4,kesterite,-0.2915,,1.371,PBEsol
K1.5Ag0.5Mg1Sn1Te4,stannite,-0.4513,,0.482,PBEsol
K1.5Ag0.5Mg1Zr1S4,kesterite,-1.2148,0.3658,2.084,PBEsol
K1.5Ag0.5Mg1Zr1S4,stannite,-1.1752,0.6828,2.135,PBEsol
K1.5Ag0.5Mg1Zr1Se4,kesterite,-1.0064,1.0894,1.695,PBEsol
K1.5Ag0.5Mg1Zr1Se4,stannite,-0.9794,1.3051,1.688,PBEsol
K1.5Ag0.5Mg1Zr1Te4,kesterite,-0.5097,2.4746,1.188,PBEsol
K1.5Ag0.5Mg1Zr1Te4,stannite,-0.4954,2.5892,1.184,PBEsol
K1.5Ag0.5Sr1Ge1Se4,stannite,-0.8616,0.6304,1.337,PBEsol
K1.5Ag0.5Sr1Sn1Se4,kesterite,-0.7975,1.5197,1.758,PBEsol
K1.5Ag0.5Sr1Zr1S4,kesterite,-1.3569,0.6409,2.296,PBEsol
K1.5Ag0.5Sr1Zr1Te4,stannite,-0.8363,1.7028,1.77,PBEsol
K1.5Ag0.5Zn1Ge1S4,kesterite,-0.7284,-0.7884,2.006,PBEsol
K1.5Ag0.5Zn1Ge1S4,stannite,-0.6251,0.0383,1.061,PBEsol
K1.5Ag0.5Zn1Ge1Se4,stannite,-0.4858,0.8121,0.545,PBEsol
K1.5Ag0.5Zn1Sn1S4,kesterite,-0.7142,-0.399,1.724,PBEsol
K1.5Ag0.5Zn1Sn1S4,stannite,-0.6444,0.1593,1.017,PBEsol
K1.5Ag0.5Zn1Sn1Te4,kesterite,-0.2267,,1.234,PBEsol
K1.5Ag0.5Zn1Zr1S4,kesterite,-1.0065,0.6825,1.705,PBEsol
K1.5Ag0.5Zn1Zr1S4,stannite,-0.9965,0.7623,1.463,PBEsol
K1.5Ag0.5Zn1Zr1Se4,stannite,-0.8719,1.0559,1.034,PBEsol
K1.5Cs0.5Ba1Ge1S4,kesterite,-0.9957,0.3985,1.944,PBEsol
K1.5Cs0.5Ba1Sn1S4,kesterite,-1.0982,-0.1457,2.209,PBEsol
K1.5Cs0.5Ba1Sn1S4,stannite,-0.9625,0.9403,2.308,PBEsol
K1.5Cs0.5Ba1Sn1Se4,kesterite,-0.8415,1.8412,1.669,PBEsol
K1.5Cs0.5Ba1Sn1Se4,stannite,-0.851,1.765,1.669,PBEsol
K1.5Cs0.5Ba1Zr1S4,kesterite,-1.3699,1.1002,2.749,PBEsol
K1.5Cs0.5Ba1Zr1S4,stannite,-1.3694,1.1043,2.974,PBEsol
K1.5Cs0.5Ba1Zr1Se4,kesterite,-1.2257,1.723,2.419,PBEsol
K1.5Cs0.5Ba1Zr1Se4,stannite,-1.2266,1.716,2.616,PBEsol
K1.5Cs0.5Ba1Zr1Te4,kesterite,-0.9099,1.8812,1.835,PBEsol
K1.5Cs0.5Ba1Zr1Te4,stannite,-0.8968,1.9858,2.066,PBEsol
K1.5Cs0.5Ca1Ge1S4,stannite,-0.9997,0.5709,2.094,PBEsol
K1.5Cs0.5Ca1Ge1Se4,stannite,-0.8649,1.2954,1.556,PBEsol
K1.5Cs0.5Ca1Sn1S4,kesterite,-1.0279,0.6211,2.566,PBEsol
K1.5Cs0.5Ca1Sn1S4,stannite,-0.9888,0.934,2.044,PBEsol
K1.5Cs0.5Ca1Sn1Se4,kesterite,-0.9169,1.2561,2.046,PBEsol
K1.5Cs0.5Ca1Sn1Se4,stannite,-0.8804,1.5479,1.542,PBEsol
K1.5Cs0.5Ca1Zr1S4,kesterite,-1.4185,0.9156,3.057,PBEsol
K1.5Cs0.5Ca1Zr1S4,stannite,-1.3841,1.1908,2.85,PBEsol
K1.5Cs0.5Ca1Zr1Se4,stannite,-1.2339,1.6759,2.429,PBEsol
K1.5Cs0.5Ca1Zr1Te4,kesterite,-0.9466,1.3696,1.997,PBEsol
K1.5Cs0.5Ca1Zr1Te4,stannite,-0.7083,3.2765,1.856,PBEsol
K1.5Cs0.5Cd1Ge1S4,kesterite,-0.7189,-0.3509,2.313,PBEsol
K1.5Cs0.5Cd1Ge1S4,stannite,-0.638,0.2964,1.417,PBEsol
K1.5Cs0.5Cd1Ge1Se4,stannite,-0.522,1.0691,0.881,PBEsol
K1.5Cs0.5Cd1Sn1S4,stannite,-0.5847,0.9981,1.414,PBEsol
K1.5Cs0.5Cd1Sn1Se4,kesterite,-0.5285,1.3938,1.716,PBEsol
K1.5Cs0.5Cd1Sn1Se4,stannite,-0.4583,1.9557,0.89,PBEsol
K1.5Cs0.5Cd1Sn1Te4,stannite,-0.4519,,0.348,PBEsol
K1.5Cs0.5Cd1Zr1S4,kesterite,-1.0281,0.8709,2.356,PBEsol
K1.5Cs0.5Cd1Zr1S4,stannite,-0.9642,1.3814,1.571,PBEsol
K1.5Cs0.5Cd1Zr1Se4,kesterite,-0.8445,1.8219,1.923,PBEsol
K1.5Cs0.5Cd1Zr1Se4,stannite,-0.7897,2.2599,1.202,PBEsol
K1.5Cs0.5Cd1Zr1Te4,kesterite,-0.269,4.2405,1.272,PBEsol
K1.5Cs0.5Cd1Zr1Te4,stannite,-0.6125,1.4923,0.703,PBEsol
K1.5Cs0.5Mg1Ge1S4,kesterite,-0.9455,-0.4189,2.797,PBEsol
K1.5Cs0.5Mg1Ge1S4,stannite,-0.8469,0.3699,1.631,PBEsol
K1.5Cs0.5Mg1Ge1Se4,kesterite,-0.8006,0.1704,2.029,PBEsol
K1.5Cs0.5Mg1Ge1Se4,stannite,-0.7141,0.8623,1.136,PBEsol
K1.5Cs0.5Mg1Sn1S4,kesterite,-0.9174,0.0814,2.44,PBEsol
K1.5Cs0.5Mg1Sn1S4,stannite,-0.8414,0.6898,1.636,PBEsol
K1.5Cs0.5Mg1Sn1Se4,kesterite,-0.8094,0.4763,1.86,PBEsol
K1.5Cs0.5Mg1Sn1Se4,stannite,-0.7395,1.0352,1.075,PBEsol
K1.5Cs0.5Mg1Zr1S4,kesterite,-1.3576,-0.0202,2.846,PBEsol
K1.5Cs0.5Mg1Zr1S4,stannite,-1.2683,0.6941,2.138,PBEsol
K1.5Cs0.5Mg1Zr1Se4,kesterite,-1.1429,0.7645,2.312,PBEsol
K1.5Cs0.5Mg1Zr1Se4,stannite,-1.0824,1.2483,1.694,PBEsol
K1.5Cs0.5Mg1Zr1Te4,kesterite,-0.6372,2.1886,1.615,PBEsol
K1.5Cs0.5Mg1Zr1Te4,stannite,-0.5927,2.544,1.194,PBEsol
K1.5Cs0.5Sr1Sn1S4,kesterite,-1.092,0.0969,2.384,PBEsol
K1.5Cs0.5Sr1Sn1S4,stannite,-1.0565,0.3809,2.033,PBEsol
K1.5Cs0.5Sr1Sn1Se4,kesterite,-0.8786,1.6373,1.939,PBEsol
K1.5Cs0.5Sr1Sn1Se4,stannite,-0.8611,1.7775,1.629,PBEsol
K1.5Cs0.5Sr1Zr1S4,stannite,-1.3816,1.1994,3.062,PBEsol
K1.5Cs0.5Sr1Zr1Se4,stannite,-1.2344,1.7473,2.654,PBEsol
K1.5Cs0.5Sr1Zr1Te4,kesterite,-0.9611,1.4379,2.068,PBEsol
K1.5Cs0.5Sr1Zr1Te4,stannite,-0.7018,3.5122,2.056,PBEsol
K1.5Cs0.5Zn1Ge1S4,stannite,-0.6592,0.5213,1.363,PBEsol
K1.5Cs0.5Zn1Ge1Se4,stannite,-0.5365,1.174,0.718,PBEsol
K1.5Cs0.5Zn1Ge1Te4,kesterite,-0.354,,0.001,PBEsol
K1.5Cs0.5Zn1Sn1S4,kesterite,-0.8604,-0.8123,2.238,PBEsol
K1.5Cs0.5Zn1Sn1S4,stannite,-0.6662,0.7407,1.312,PBEsol
K1.5Cs0.5Zn1Sn1Se2Te2,kesterite,-0.6813,,1.371,PBEsol
K1.5Cs0.5Zn1Sn1Se2Te2,stannite,-0.4662,,0.271,PBEsol
K1.5Cs0.5Zn1Sn1Se4,kesterite,-0.6496,0.6456,1.674,PBEsol
K1.5Cs0.5Zn1Sn1Se4,stannite,-0.5576,1.3814,0.73,PBEsol
K1.5Cs0.5Zn1Sn1Te4,stannite,-0.4226,,0.181,PBEsol
K1.5Cs0.5Zn1Zr1S4,kesterite,-1.1254,0.4867,2.151,PBEsol
K1.5Cs0.5Zn1Zr1S4,stannite,-1.0308,1.244,1.447,PBEsol
K1.5Cs0.5Zn1Zr1Se4,kesterite,-0.9606,1.1137,1.699,PBEsol
K1.5Cs0.5Zn1Zr1Se4,stannite,-0.9897,0.8805,1.0,PBEsol
K1.5Cs0.5Zn1Zr1Te4,kesterite,-0.441,2.9149,1.031,PBEsol
K1.5Cs0.5Zn1Zr1Te4,stannite,-0.616,1.5146,0.551,PBEsol
K1.5Cu0.5Ba0.5Zn0.5Sn1S4,kesterite,-0.8291,0.0379,0.943,PBEsol
K1.5Cu0.5Ba1Sn1Te4,kesterite,-0.4171,,1.17,PBEsol
K1.5Cu0.5Ca1Zr1S4,kesterite,-1.3555,0.753,1.573,PBEsol
K1.5Cu0.5Ca1Zr1Se4,kesterite,-1.1574,1.5022,1.555,PBEsol
K1.5Cu0.5Cd1Ge1Se4,kesterite,-0.5906,-0.2644,0.83,PBEsol
K1.5Cu0.5Cd1Ge1Se4,stannite,-0.4952,0.4988,0.113,PBEsol
K1.5Cu0.5Cd1Ge1Te4,kesterite,-0.1332,,1.129,PBEsol
K1.5Cu0.5Cd1Zr1Se4,stannite,-0.8638,0.8825,0.881,PBEsol
K1.5Cu0.5Mg1Sn0.5Ge0.5S3Se1,stannite,-0.7679,0.252,0.841,PBEsol
K1.5Cu0.5Sr1Zr1Se4,kesterite,-1.234,0.9656,1.381,PBEsol
K1.5Cu0.5Zn0.5Cd0.5Sn1Te4,stannite,-0.2766,,0.035,PBEsol
K1.5Cu0.5Zn1Ge1Te4,stannite,-0.2449,,0.308,PBEsol
K1.5Cu0.5Zn1Sn0.5Ge0.5S3Se1,stannite,-0.5987,0.3155,0.512,PBEsol
K1.5Cu0.5Zn1Sn1Te4,stannite,-0.1785,,0.143,PBEsol
K1.5Cu0.5Zn1Zr1Se4,kesterite,-0.8806,0.9683,1.095,PBEsol
K1.5Cu0.5Zn1Zr1Se4,stannite,-0.8545,1.1772,0.862,PBEsol
K1.5Cu0.5Zn1Zr1Te4,stannite,-0.4998,1.5731,0.456,PBEsol
K1.5Rb0.5Ba1Ge1S4,kesterite,-1.0068,0.2838,2.111,PBEsol
K1.5Rb0.5Ba1Ge1S4,stannite,-1.0001,0.3373,2.22,PBEsol
K1.5Rb0.5Ba1Ge1Se4,kesterite,-0.9925,0.2169,1.774,PBEsol
K1.5Rb0.5Ba1Sn1S4,kesterite,-0.9728,0.8322,2.366,PBEsol
K1.5Rb0.5Ba1Sn1S4,stannite,-0.9746,0.8177,2.389,PBEsol
K1.5Rb0.5Ba1Sn1Se4,kesterite,-0.8617,1.6397,1.875,PBEsol
K1.5Rb0.5Ba1Sn1Se4,stannite,-0.8661,1.6049,1.902,PBEsol
K1.5Rb0.5Ba1Zr1S4,kesterite,-1.3763,1.0233,2.908,PBEsol
K1.5Rb0.5Ba1Zr1S4,stannite,-1.3766,1.0206,3.043,PBEsol
K1.5Rb0.5Ba1Zr1Se4,kesterite,-1.2317,1.6357,2.568,PBEsol
K1.5Rb0.5Ba1Zr1Se4,stannite,-1.3482,0.7036,2.619,PBEsol
K1.5Rb0.5Ba1Zr1Te4,kesterite,-0.4604,5.4365,1.253,PBEsol
K1.5Rb0.5Ba1Zr1Te4,stannite,-0.8923,1.9815,1.979,PBEsol
K1.5Rb0.5Ca0.5Zn0.5Sn1Se3Te1,kesterite,-0.6796,,0.681,PBEsol
K1.5Rb0.5Ca0.5Zn0.5Sn1Se3Te1,stannite,-0.6742,,0.178,PBEsol
K1.5Rb0.5Ca1Ge1S4,stannite,-1.0016,0.5297,2.259,PBEsol
K1.5Rb0.5Ca1Zr1S4,kesterite,-1.4224,0.859,3.197,PBEsol
K1.5Rb0.5Ca1Zr1S4,stannite,-1.3923,1.0998,2.99,PBEsol
K1.5Rb0.5Ca1Zr1Se4,kesterite,-1.2662,1.3782,2.793,PBEsol
K1.5Rb0.5Ca1Zr1Se4,stannite,-1.241,1.5795,2.537,PBEsol
K1.5Rb0.5Ca1Zr1Te4,stannite,-0.7176,3.1612,1.958,PBEsol
K1.5Rb0.5Cd1Ge1S4,stannite,-0.6526,0.153,1.477,PBEsol
K1.5Rb0.5Cd1Ge1Se4,stannite,-0.5639,0.6948,0.939,PBEsol
K1.5Rb0.5Cd1Ge1Te4,kesterite,-0.5075,,1.103,PBEsol
K1.5Rb0.5Cd1Sn1S4,stannite,-0.6036,0.8213,1.652,PBEsol
K1.5Rb0.5Cd1Sn1Se4,stannite,-0.48,1.7427,1.123,PBEsol
K1.5Rb0.5Cd1Sn1Te4,stannite,-0.4229,,0.541,PBEsol
K1.5Rb0.5Cd1Zr1S4,kesterite,-1.1419,-0.0661,2.425,PBEsol
K1.5Rb0.5Cd1Zr1S4,stannite,-0.9804,1.2259,1.691,PBEsol
K1.5Rb0.5Cd1Zr1Se4,kesterite,-1.0295,0.3021,1.943,PBEsol
K1.5Rb0.5Cd1Zr1Se4,stannite,-0.8091,2.0658,1.296,PBEsol
K1.5Rb0.5Cd1Zr1Te4,kesterite,-0.7027,0.7304,1.04,PBEsol
K1.5Rb0.5Cd1Zr1Te4,stannite,-0.6475,1.1717,0.585,PBEsol
K1.5Rb0.5Mg1Ge1S4,stannite,-0.9041,-0.1135,1.557,PBEsol
K1.5Rb0.5Mg1Ge1Se4,stannite,-0.7374,0.637,1.145,PBEsol
K1.5Rb0.5Mg1Ge1Te4,stannite,-0.4937,,0.34,PBEsol
K1.5Rb0.5Mg1Sn1S4,stannite,-0.9275,-0.0247,1.587,PBEsol
K1.5Rb0.5Mg1Sn1Se4,kesterite,-0.8206,0.3478,2.041,PBEsol
K1.5Rb0.5Mg1Sn1Se4,stannite,-0.7568,0.8576,1.267,PBEsol
K1.5Rb0.5Mg1Sn1Te4,kesterite,-0.3716,,1.465,PBEsol
K1.5Rb0.5Mg1Zr1S4,kesterite,-1.3019,0.3995,2.91,PBEsol
K1.5Rb0.5Mg1Zr1S4,stannite,-1.2404,0.8913,2.237,PBEsol
K1.5Rb0.5Mg1Zr1Se4,kesterite,-1.1442,0.7146,2.422,PBEsol
K1.5Rb0.5Mg1Zr1Se4,stannite,-1.0925,1.1287,1.805,PBEsol
K1.5Rb0.5Mg1Zr1Te4,kesterite,-0.6395,2.1292,1.731,PBEsol
K1.5Rb0.5Mg1Zr1Te4,stannite,-0.6061,2.3965,1.256,PBEsol
K1.5Rb0.5Sr1Ge1Se4,stannite,-0.8723,1.2726,1.829,PBEsol
K1.5Rb0.5Sr1Sn1S4,stannite,-0.9916,0.8739,2.366,PBEsol
K1.5Rb0.5Sr1Sn1Se4,stannite,-0.8802,1.5857,1.89,PBEsol
K1.5Rb0.5Sr1Zr1S4,kesterite,-1.4028,1.0039,3.216,PBEsol
K1.5Rb0.5Sr1Zr1S4,stannite,-1.3893,1.1122,3.185,PBEsol
K1.5Rb0.5Sr1Zr1Se4,kesterite,-1.3581,0.7183,2.754,PBEsol
K1.5Rb0.5Sr1Zr1Se4,stannite,-1.2401,1.6624,2.747,PBEsol
K1.5Rb0.5Sr1Zr1Te4,kesterite,-0.7111,3.3979,2.187,PBEsol
K1.5Rb0.5Sr1Zr1Te4,stannite,-0.9445,1.5304,1.973,PBEsol
K1.5Rb0.5Zn1Ge1S4,stannite,-0.6754,0.3654,1.408,PBEsol
K1.5Rb0.5Zn1Ge1Se4,kesterite,-0.6671,0.0895,2.054,PBEsol
K1.5Rb0.5Zn1Ge1Se4,stannite,-0.5773,0.808,0.74,PBEsol
K1.5Rb0.5Zn1Sn1S1Se2Te1,kesterite,-0.7643,,1.545,PBEsol
K1.5Rb0.5Zn1Sn1Se4,kesterite,-0.8175,-0.7369,1.538,PBEsol
K1.5Rb0.5Zn1Sn1Se4,stannite,-0.6963,0.2328,0.642,PBEsol
K1.5Rb0.5Zn1Sn1Te4,kesterite,-0.563,,1.131,PBEsol
K1.5Rb0.5Zn1Sn1Te4,stannite,-0.439,,0.166,PBEsol
K1.5Rb0.5Zn1Zr1S4,stannite,-1.0517,1.0506,1.577,PBEsol
K1.5Rb0.5Zn1Zr1Se4,kesterite,-1.0679,0.2159,1.867,PBEsol
K1.5Rb0.5Zn1Zr1Se4,stannite,-0.8994,1.5635,1.187,PBEsol
K1.5Rb0.5Zn1Zr1Te4,kesterite,-0.4682,2.6571,1.164,PBEsol
K1.5Rb0.5Zn1Zr1Te4,stannite,-0.4504,2.7994,0.511,PBEsol
K1Ag1Ba1Ge1S4,kesterite,-0.8084,0.367,1.195,PBEsol
K1Ag1Ba1Ge1S4,stannite,-0.9482,-0.7515,1.801,PBEsol
K1Ag1Ba1Sn1Se4,stannite,-0.8852,-0.0385,1.097,PBEsol
K1Ag1Ba1Zr1S4,stannite,-1.2929,0.1866,2.105,PBEsol
K1Ag1Ba1Zr1Se4,stannite,-1.1713,0.6291,1.748,PBEsol
K1Ag1Ba1Zr1Te4,stannite,-0.793,1.3668,1.45,PBEsol
K1Ag1Ca1Ge1Se4,stannite,-0.7881,0.3798,1.066,PBEsol
K1Ag1Ca1Ge1Te4,kesterite,-0.5652,,0.211,PBEsol
K1Ag1Ca1Ge1Te4,stannite,-0.508,,0.827,PBEsol
K1Ag1Ca1Sn1Se4,stannite,-0.7545,1.0255,1.065,PBEsol
K1Ag1Ca1Zr1S4,kesterite,-1.2006,1.1291,1.597,PBEsol
K1Ag1Ca1Zr1S4,stannite,-1.2196,0.9776,2.319,PBEsol
K1Ag1Ca1Zr1Se4,kesterite,-1.0703,1.4546,1.327,PBEsol
K1Ag1Ca1Zr1Te4,stannite,-0.7321,1.6364,1.574,PBEsol
K1Ag1Cd1Ge1Se4,stannite,-0.4333,0.2493,0.395,PBEsol
K1Ag1Cd1Ge1Te4,stannite,-0.2488,,0.142,PBEsol
K1Ag1Cd1Sn1S4,kesterite,-0.4763,0.3361,1.086,PBEsol
K1Ag1Cd1Sn1S4,stannite,-0.4953,0.1839,0.731,PBEsol
K1Ag1Cd1Sn1Se4,kesterite,-0.48,0.252,0.604,PBEsol
K1Ag1Cd1Sn1Se4,stannite,-0.5052,0.0505,0.259,PBEsol
K1Ag1Cd1Sn1Te4,kesterite,-0.2545,,0.579,PBEsol
K1Ag1Cd1Zr1S4,kesterite,-0.8292,0.9323,1.465,PBEsol
K1Ag1Cd1Zr1S4,stannite,-0.8902,0.4442,1.256,PBEsol
K1Ag1Cd1Zr1Se4,kesterite,-0.7595,0.9724,1.241,PBEsol
K1Ag1Cd1Zr1Se4,stannite,-0.7737,0.8588,0.99,PBEsol
K1Ag1Cd1Zr1Te4,kesterite,-0.4299,1.5033,0.816,PBEsol
K1Ag1Cd1Zr1Te4,stannite,-0.2222,3.1648,0.691,PBEsol
K1Ag1Mg1Ge1S4,stannite,-0.7108,-0.0712,1.193,PBEsol
K1Ag1Mg1Ge1Se4,stannite,-0.623,0.0616,0.514,PBEsol
K1Ag1Mg1Ge1Te4,kesterite,-0.2878,,0.816,PBEsol
K1Ag1Mg1Ge1Te4,stannite,-0.1614,,0.028,PBEsol
K1Ag1Mg1Sn1S4,kesterite,-0.6848,0.4125,1.42,PBEsol
K1Ag1Mg1Sn1S4,stannite,-0.702,0.2749,0.95,PBEsol
K1Ag1Mg1Sn1Se4,kesterite,-0.5892,0.7087,1.022,PBEsol
K1Ag1Mg1Sn1Se4,stannite,-0.6044,0.587,0.545,PBEsol
K1Ag1Mg1Sn1Te4,kesterite,-0.3699,,0.803,PBEsol
K1Ag1Mg1Sn1Te4,stannite,-0.2369,,0.243,PBEsol
K1Ag1Mg1Zr1S4,kesterite,-1.0426,0.9698,1.76,PBEsol
K1Ag1Mg1Zr1S4,stannite,-1.0638,0.7997,1.682,PBEsol
K1Ag1Mg1Zr1Se4,kesterite,-0.8833,1.3114,1.476,PBEsol
K1Ag1Mg1Zr1Se4,stannite,-0.9023,1.1599,1.418,PBEsol
K1Ag1Mg1Zr1Te4,kesterite,-0.5506,1.4316,1.016,PBEsol
K1Ag1Mg1Zr1Te4,stannite,-0.4285,2.4085,1.071,PBEsol
K1Ag1Sr0.5Cd0.5Ge1S2Se2,kesterite,-0.6295,0.2359,1.136,PBEsol
K1Ag1Sr0.5Cd0.5Ge1S2Se2,stannite,-0.6611,-0.017,0.624,PBEsol
K1Ag1Sr1Ge1Se4,stannite,-0.8039,0.3295,1.266,PBEsol
K1Ag1Sr1Sn1S4,stannite,-0.9295,-0.1329,1.472,PBEsol
K1Ag1Sr1Zr1S4,kesterite,-1.203,1.0981,1.508,PBEsol
K1Ag1Sr1Zr1Se4,kesterite,-1.0802,1.4516,1.257,PBEsol
K1Ag1Zn0.5Cd0.5Ge1Se1Te3,kesterite,-0.3028,,0.643,PBEsol
K1Ag1Zn0.5Cd0.5Ge1Se1Te3,stannite,-0.2946,,0.015,PBEsol
K1Ag1Zn1Ge1S4,kesterite,-0.5499,-0.1341,1.513,PBEsol
K1Ag1Zn1Ge1S4,stannite,-0.4977,0.2834,0.516,PBEsol
K1Ag1Zn1Ge1Se4,stannite,-0.444,0.384,0.234,PBEsol
K1Ag1Zn1Ge1Te4,stannite,-0.1456,,0.129,PBEsol
K1Ag1Zn1Sn1S4,kesterite,-0.5388,0.2303,1.211,PBEsol
K1Ag1Zn1Sn1S4,stannite,-0.5434,0.1937,0.623,PBEsol
K1Ag1Zn1Sn1Se4,kesterite,-0.4646,0.5958,0.753,PBEsol
K1Ag1Zn1Sn1Se4,stannite,-0.465,0.593,0.167,PBEsol
K1Ag1Zn1Sn1Te4,kesterite,-0.1304,,0.789,PBEsol
K1Ag1Zn1Sn1Te4,stannite,-0.2983,,0.252,PBEsol
K1Ag1Zn1Zr1S4,kesterite,-0.8998,0.7619,1.618,PBEsol
K1Ag1Zn1Zr1S4,stannite,-0.8995,0.7642,1.126,PBEsol
K1Ag1Zn1Zr1Se4,stannite,-0.7444,1.3133,0.742,PBEsol
K1Ag1Zn1Zr1Te4,stannite,-0.4558,1.3472,0.516,PBEsol
K1Al0.5Ga0.5Se1Te1,kesterite,-0.8279,-0.4991,2.247,PBEsol
K1Al0.5Ga0.5Se1Te1,stannite,-0.5321,0.6842,0.209,PBEsol
K1Al0.5Ga0.5Se2,kesterite,-1.0026,-0.5921,2.42,PBEsol
K1Al0.5Ga0.5Se2,stannite,-0.726,0.5145,0.43,PBEsol
K1Al0.5In0.5S2,kesterite,-1.0742,-0.6869,2.857,PBEsol
K1Al0.5In0.5Se2,kesterite,-0.933,-0.4002,1.976,PBEsol
K1Al0.5In0.5Se2,stannite,-0.8734,-0.162,0.862,PBEsol
K1Al0.5In0.5Te2,kesterite,-0.6572,-0.3736,1.578,PBEsol
K1Al0.5In0.5Te2,stannite,-0.5635,0.001,0.458,PBEsol
K1Al1S1Se1,kesterite,-1.1747,-0.7431,3.295,PBEsol
K1Al1S1Te1,kesterite,-0.9513,-0.5014,2.794,PBEsol
K1Al1S1Te1,stannite,-0.7947,0.1251,0.044,PBEsol
K1Al1S2,kesterite,-1.26,-0.811,3.806,PBEsol
K1Al1S2,stannite,-1.0943,-0.1481,2.217,PBEsol
K1Al1Se1Te1,kesterite,-0.8945,-0.512,2.638,PBEsol
K1Al1Se1Te1,stannite,-0.7538,0.0505,0.147,PBEsol
K1Al1Se2,kesterite,-1.1015,-0.6526,2.775,PBEsol
K1Al1Se2,stannite,-0.9412,-0.0115,1.472,PBEsol
K1Al1Te2,kesterite,-0.7085,-0.3842,2.364,PBEsol
K1Al1Te2,stannite,-0.5967,0.063,0.816,PBEsol
K1Cs0.5Ag0.5Ba1Ge1Se4,kesterite,-0.801,1.0168,1.472,PBEsol
K1Cs0.5Ag0.5Ba1Sn1Se4,stannite,-0.8967,0.6274,1.197,PBEsol
K1Cs0.5Ag0.5Ba1Zr1Se4,stannite,-1.2168,1.0232,2.073,PBEsol
K1Cs0.5Ag0.5Ca1Ge1S4,stannite,-0.8803,0.7436,1.611,PBEsol
K1Cs0.5Ag0.5Ca1Ge1Se4,stannite,-0.7592,1.369,1.002,PBEsol
K1Cs0.5Ag0.5Ca1Sn1S4,stannite,-0.9291,0.6291,1.383,PBEsol
K1Cs0.5Ag0.5Ca1Sn1Se4,stannite,-0.769,1.6676,0.98,PBEsol
K1Cs0.5Ag0.5Ca1Sn1Te4,stannite,-0.5799,,0.493,PBEsol
K1Cs0.5Ag0.5Ca1Zr1S4,stannite,-1.3093,1.0067,2.404,PBEsol
K1Cs0.5Ag0.5Ca1Zr1Se4,stannite,-1.1834,1.3082,1.958,PBEsol
K1Cs0.5Ag0.5Ca1Zr1Te4,stannite,-0.7938,1.8677,1.602,PBEsol
K1Cs0.5Ag0.5Cd1Ge1S4,stannite,-0.5264,0.4063,0.83,PBEsol
K1Cs0.5Ag0.5Cd1Sn1S4,stannite,-0.4926,0.9521,0.783,PBEsol
K1Cs0.5Ag0.5Cd1Sn1Se4,stannite,-0.5431,0.5054,0.273,PBEsol
K1Cs0.5Ag0.5Cd1Sn1Te4,kesterite,-0.3615,,0.684,PBEsol
K1Cs0.5Ag0.5Cd1Zr1S4,kesterite,-1.0245,0.1165,1.918,PBEsol
K1Cs0.5Ag0.5Cd1Zr1S4,stannite,-0.9337,0.843,1.324,PBEsol
K1Cs0.5Ag0.5Cd1Zr1Se4,kesterite,-0.8615,0.9139,1.32,PBEsol
K1Cs0.5Ag0.5Cd1Zr1Se4,stannite,-0.8179,1.2633,0.961,PBEsol
K1Cs0.5Ag0.5Mg1Ge1S4,kesterite,-0.8833,-0.7045,2.263,PBEsol
K1Cs0.5Ag0.5Mg1Ge1S4,stannite,-0.7241,0.5696,1.111,PBEsol
K1Cs0.5Ag0.5Mg1Sn1S4,kesterite,-0.8789,-0.393,1.951,PBEsol
K1Cs0.5Ag0.5Mg1Sn1S4,stannite,-0.7563,0.5874,0.945,PBEsol
K1Cs0.5Ag0.5Mg1Sn1Se4,stannite,-0.6092,1.3066,0.416,PBEsol
K1Cs0.5Ag0.5Mg1Sn1Te4,stannite,-0.2181,,0.0,PBEsol
K1Cs0.5Ag0.5Mg1Zr1S4,kesterite,-1.2102,0.3756,2.138,PBEsol
K1Cs0.5Ag0.5Mg1Zr1S4,stannite,-1.1314,1.0059,1.863,PBEsol
K1Cs0.5Ag0.5Mg1Zr1Se4,stannite,-0.9437,1.5868,1.461,PBEsol
K1Cs0.5Ag0.5Mg1Zr1Te4,stannite,-0.4617,2.8679,0.999,PBEsol
K1Cs0.5Ag0.5Sr1Ge1S4,kesterite,-0.9956,-0.191,2.166,PBEsol
K1Cs0.5Ag0.5Sr1Ge1S4,stannite,-0.9163,0.4441,1.591,PBEsol
K1Cs0.5Ag0.5Sr1Ge1Se4,stannite,-0.7662,1.389,1.216,PBEsol
K1Cs0.5Ag0.5Sr1Sn1S4,stannite,-0.8619,1.1545,1.615,PBEsol
K1Cs0.5Ag0.5Sr1Sn1Se4,stannite,-0.8831,0.8304,1.007,PBEsol
K1Cs0.5Ag0.5Sr1Zr1Se4,stannite,-1.1847,1.3731,2.133,PBEsol
K1Cs0.5Ag0.5Sr1Zr1Te4,stannite,-0.555,3.9626,1.7,PBEsol
K1Cs0.5Ag0.5Zn1Ge1S4,kesterite,-0.6848,-0.4668,2.06,PBEsol
K1Cs0.5Ag0.5Zn1Ge1S4,stannite,-0.5367,0.7183,0.739,PBEsol
K1Cs0.5Ag0.5Zn1Ge1Se4,kesterite,-0.6289,-0.3367,1.383,PBEsol
K1Cs0.5Ag0.5Zn1Sn1S4,stannite,-0.5421,0.9506,0.633,PBEsol
K1Cs0.5Ag0.5Zn1Sn1Se4,stannite,-0.4569,1.4153,0.052,PBEsol
K1Cs0.5Ag0.5Zn1Sn1Te4,kesterite,-0.3895,,1.016,PBEsol
K1Cs0.5Ag0.5Zn1Zr1S4,kesterite,-1.042,0.3712,2.019,PBEsol
K1Cs0.5Ag0.5Zn1Zr1S4,stannite,-0.9158,1.3811,1.218,PBEsol
K1Cs0.5Ag0.5Zn1Zr1Se4,kesterite,-0.8221,1.4498,1.198,PBEsol
K1Cs0.5Ag0.5Zn1Zr1Se4,stannite,-0.845,1.2667,0.996,PBEsol
K1Cs0.5Ag0.5Zn1Zr1Te4,stannite,-0.315,3.1982,0.38,PBEsol
K1Cs0.5Cu0.5Ba1Ge1Se4,kesterite,-0.9559,-0.2403,1.437,PBEsol
K1Cs0.5Cu0.5Ca1Ge1Se4,stannite,-0.7862,1.135,0.87,PBEsol
K1Cs0.5Cu0.5Ca1Sn0.5Ge0.5Se3Te1,stannite,-0.3172,,0.003,PBEsol
K1Cs0.5Cu0.5Ca1Zr1Te4,stannite,-0.7808,1.8337,1.407,PBEsol
K1Cs0.5Cu0.5Cd1Ge1S4,stannite,-0.5458,0.3399,0.594,PBEsol
K1Cs0.5Cu0.5Cd1Zr1Te4,stannite,-0.4939,1.5791,0.458,PBEsol
K1Cs0.5Cu0.5Mg1Ge1S4,stannite,-0.7205,0.6868,0.826,PBEsol
K1Cs0.5Cu0.5Mg1Ge1Se4,stannite,-0.57,1.2251,0.171,PBEsol
K1Cs0.5Cu0.5Mg1Sn1S4,stannite,-0.7318,0.8723,0.663,PBEsol
K1Cs0.5Cu0.5Mg1Sn1Se4,stannite,-0.6799,0.7226,0.19,PBEsol
K1Cs0.5Cu0.5Mg1Zr1S4,stannite,-1.1254,1.1435,1.655,PBEsol
K1Cs0.5Cu0.5Mg1Zr1Se4,stannite,-0.9908,1.1912,1.361,PBEsol
K1Cs0.5Cu0.5Zn1Ge1S4,stannite,-0.5383,0.7949,0.544,PBEsol
K1Cs0.5Cu0.5Zn1Sn1S4,stannite,-0.5445,1.0208,0.331,PBEsol
K1Cs0.5Cu0.5Zn1Zr1S4,stannite,-0.9396,1.2798,1.063,PBEsol
K1Cs0.5Cu0.5Zn1Zr1Se4,stannite,-0.8179,1.4657,0.817,PBEsol
K1Cs1Ba0.5Zn0.5Sn1S3Te1,kesterite,-0.8753,,1.721,PBEsol
K1Cs1Ba1Sn1S4,kesterite,-1.0973,-0.1565,2.19,PBEsol
K1Cs1Ba1Sn1S4,stannite,-0.9417,1.0884,2.108,PBEsol
K1Cs1Ba1Sn1Se4,stannite,-0.8292,1.9438,1.652,PBEsol
K1Cs1Ba1Sn1Te4,stannite,-0.7301,,1.069,PBEsol
K1Cs1Ba1Zr1S4,kesterite,-1.3591,1.1688,2.601,PBEsol
K1Cs1Ba1Zr1S4,stannite,-1.3573,1.1834,2.923,PBEsol
K1Cs1Ba1Zr1Se4,kesterite,-1.3679,0.59,2.328,PBEsol
K1Cs1Ba1Zr1Se4,stannite,-1.3555,0.6896,2.536,PBEsol
K1Cs1Ca1Ge1S4,stannite,-0.9766,0.738,1.851,PBEsol
K1Cs1Ca1Ge1Se4,stannite,-0.9538,0.5884,1.265,PBEsol
K1Cs1Ca1Sn1S4,stannite,-0.97,1.0665,1.886,PBEsol
K1Cs1Ca1Sn1Se4,kesterite,-0.9047,1.3577,1.744,PBEsol
K1Cs1Ca1Sn1Se4,stannite,-0.8624,1.6959,1.365,PBEsol
K1Cs1Ca1Zr1S4,stannite,-1.4535,0.6173,2.89,PBEsol
K1Cs1Ca1Zr1Se4,stannite,-1.2209,1.7842,2.172,PBEsol
K1Cs1Ca1Zr1Te4,kesterite,-0.9584,1.2941,1.873,PBEsol
K1Cs1Ca1Zr1Te4,stannite,-0.6937,3.4112,1.581,PBEsol
K1Cs1Cd1Ge1S4,stannite,-0.61,0.5022,1.385,PBEsol
K1Cs1Cd1Ge1Se4,stannite,-0.4776,1.429,0.846,PBEsol
K1Cs1Cd1Ge1Te4,kesterite,-0.5321,,1.097,PBEsol
K1Cs1Cd1Sn1Se4,stannite,-0.4221,2.2496,0.915,PBEsol
K1Cs1Cd1Zr1S4,stannite,-0.9349,1.5983,1.345,PBEsol
K1Cs1Cd1Zr1Se4,kesterite,-1.0347,0.3041,1.695,PBEsol
K1Cs1Cd1Zr1Se4,stannite,-0.7573,2.5236,0.963,PBEsol
K1Cs1Cd1Zr1Te4,stannite,-0.4541,2.7778,0.506,PBEsol
K1Cs1Mg1Ge1S4,kesterite,-1.0198,-1.0318,2.884,PBEsol
K1Cs1Mg1Ge1S4,stannite,-0.8681,0.182,1.622,PBEsol
K1Cs1Mg1Ge1Se4,stannite,-0.701,0.9711,1.164,PBEsol
K1Cs1Mg1Sn1S4,kesterite,-0.9063,0.1521,2.244,PBEsol
K1Cs1Mg1Sn1S4,stannite,-0.8178,0.8607,1.583,PBEsol
K1Cs1Mg1Sn1Se3Te1,kesterite,-0.8623,,1.914,PBEsol
K1Cs1Mg1Sn1Se3Te1,stannite,-0.7056,,0.282,PBEsol
K1Cs1Mg1Sn1Se4,kesterite,-0.7968,0.5813,1.629,PBEsol
K1Cs1Mg1Sn1Se4,stannite,-0.7193,1.2017,1.099,PBEsol
K1Cs1Mg1Zr1S4,kesterite,-1.2903,0.4996,2.547,PBEsol
K1Cs1Mg1Zr1S4,stannite,-1.2153,1.1001,1.894,PBEsol
K1Cs1Mg1Zr1Se4,kesterite,-1.1363,0.8216,2.079,PBEsol
K1Cs1Mg1Zr1Se4,stannite,-1.0727,1.3301,1.523,PBEsol
K1Cs1Mg1Zr1Te4,stannite,-0.5888,2.5936,1.092,PBEsol
K1Cs1Sr1Ge1S4,stannite,-0.9853,0.6562,1.916,PBEsol
K1Cs1Sr1Ge1Se4,stannite,-0.8434,1.5474,1.463,PBEsol
K1Cs1Sr1Sn1S4,stannite,-0.9576,1.1542,2.015,PBEsol
K1Cs1Sr1Sn1Se4,stannite,-0.8453,1.9088,1.534,PBEsol
K1Cs1Sr1Zr1S4,stannite,-1.3693,1.2797,2.804,PBEsol
K1Cs1Sr1Zr1Se4,kesterite,-1.3694,0.6715,2.379,PBEsol
K1Cs1Sr1Zr1Se4,stannite,-1.2242,1.8331,2.404,PBEsol
K1Cs1Sr1Zr1Te4,stannite,-0.6882,3.6399,1.766,PBEsol
K1Cs1Zn1Ge1S4,stannite,-0.7193,0.0222,1.147,PBEsol
K1Cs1Zn1Ge1Se4,stannite,-0.5328,1.208,0.666,PBEsol
K1Cs1Zn1Sn1Se4,stannite,-0.6893,0.3323,0.64,PBEsol
K1Cs1Zn1Sn1Te4,kesterite,-0.5437,,1.426,PBEsol
K1Cs1Zn1Sn1Te4,stannite,-0.1141,,0.306,PBEsol
K1Cs1Zn1Zr1S4,stannite,-1.0105,1.3878,1.277,PBEsol
K1Cs1Zn1Zr1Se4,stannite,-0.8539,1.971,0.904,PBEsol
K1Cs1Zn1Zr1Te4,stannite,-0.62,1.5013,0.593,PBEsol
K1Cu0.5Ag0.5Ba1Sn1Te4,stannite,-0.6053,,0.748,PBEsol
K1Cu0.5Ag0.5Ca1Ge1Te4,stannite,-0.5162,,0.791,PBEsol
K1Cu0.5Ag0.5Ca1Sn1Te4,stannite,-0.5483,,0.793,PBEsol
K1Cu0.5Ag0.5Ca1Zr1S4,stannite,-1.2517,0.8002,1.972,PBEsol
K1Cu0.5Ag0.5Ca1Zr1Se4,kesterite,-1.1165,1.058,1.143,PBEsol
K1Cu0.5Ag0.5Ca1Zr1Se4,stannite,-1.1031,1.1652,1.484,PBEsol
K1Cu0.5Ag0.5Cd1Ge1Te4,stannite,-0.1778,,0.311,PBEsol
K1Cu0.5Ag0.5Cd1Zr1Se4,kesterite,-0.7107,1.3355,0.917,PBEsol
K1Cu0.5Ag0.5Cd1Zr1Te4,kesterite,-0.407,1.5403,0.615,PBEsol
K1Cu0.5Ag0.5Cd1Zr1Te4,stannite,-0.4255,1.3919,0.31,PBEsol
K1Cu0.5Ag0.5Mg1Ge1S4,stannite,-0.7428,-0.2467,0.963,PBEsol
K1Cu0.5Ag0.5Mg1Ge1Se4,stannite,-0.62,0.0583,0.543,PBEsol
K1Cu0.5Ag0.5Mg1Sn1S4,stannite,-0.7568,-0.0828,0.677,PBEsol
K1Cu0.5Ag0.5Mg1Sn1Se4,stannite,-0.678,-0.0292,0.306,PBEsol
K1Cu0.5Ag0.5Mg1Sn1Te4,kesterite,-0.2822,,0.855,PBEsol
K1Cu0.5Ag0.5Mg1Sn1Te4,stannite,-0.3292,,0.548,PBEsol
K1Cu0.5Ag0.5Mg1Zr1S4,kesterite,-1.0543,0.9558,1.399,PBEsol
K1Cu0.5Ag0.5Mg1Zr1S4,stannite,-1.1079,0.5278,1.514,PBEsol
K1Cu0.5Ag0.5Mg1Zr1Se4,kesterite,-0.9087,1.0816,1.181,PBEsol
K1Cu0.5Ag0.5Mg1Zr1Se4,stannite,-0.9559,0.7039,1.264,PBEsol
K1Cu0.5Ag0.5Mg1Zr1Te4,kesterite,-0.5304,1.4463,0.855,PBEsol
K1Cu0.5Ag0.5Sr1Ge1Te4,stannite,-0.5496,,0.748,PBEsol
K1Cu0.5Ag0.5Zn1Ge1S4,stannite,-0.5735,-0.243,0.658,PBEsol
K1Cu0.5Ag0.5Zn1Ge1Te4,kesterite,-0.1236,,0.592,PBEsol
K1Cu0.5Ag0.5Zn1Ge1Te4,stannite,-0.2456,,0.121,PBEsol
K1Cu0.5Ag0.5Zn1Sn1Te4,kesterite,-0.1579,,0.59,PBEsol
K1Cu0.5Ag0.5Zn1Zr1Se4,kesterite,-0.751,1.2334,0.953,PBEsol
K1Cu0.5Ag0.5Zn1Zr1Se4,stannite,-0.7991,0.8489,0.733,PBEsol
K1Cu1Ba1Ge1Se4,stannite,-0.7822,0.3726,0.936,PBEsol
K1Cu1Ba1Ge1Te4,stannite,-0.5394,,0.5,PBEsol
K1Cu1Ba1Sn1Te4,stannite,-0.367,,0.2,PBEsol
K1Cu1Ca0.5Sr0.5Sn0.5Ge0.5Te4,stannite,-0.5258,,0.368,PBEsol
K1Cu1Ca1Zr1S4,kesterite,-1.1804,1.4688,1.002,PBEsol
K1Cu1Cd1Ge1Se4,stannite,-0.4998,-0.3195,0.226,PBEsol
K1Cu1Cd1Ge1Te4,stannite,-0.2204,,0.335,PBEsol
K1Cu1Cd1Sn1S4,kesterite,-0.4853,0.4419,0.559,PBEsol
K1Cu1Cd1Sn1Se4,stannite,-0.4831,0.1913,0.272,PBEsol
K1Cu1Cd1Sn1Te4,kesterite,-0.1618,,0.223,PBEsol
K1Cu1Mg1Ge1S4,stannite,-0.7711,-0.3752,0.931,PBEsol
K1Cu1Mg1Ge1Se4,stannite,-0.6319,-0.0458,0.617,PBEsol
K1Cu1Mg1Ge1Te4,kesterite,-0.2685,,0.42,PBEsol
K1Cu1Mg1Sn1S4,stannite,-0.778,-0.155,0.63,PBEsol
K1Cu1Mg1Sn1Se4,kesterite,-0.6074,0.5268,0.403,PBEsol
K1Cu1Mg1Sn1Se4,stannite,-0.6594,0.1107,0.456,PBEsol
K1Cu1Mg1Sn1Te4,kesterite,-0.3311,,0.432,PBEsol
K1Cu1Mg1Sn1Te4,stannite,-0.3084,,0.606,PBEsol
K1Cu1Mg1Zr1S4,kesterite,-1.0419,1.1532,1.14,PBEsol
K1Cu1Mg1Zr1S4,stannite,-1.1215,0.5163,1.434,PBEsol
K1Cu1Mg1Zr1Se4,kesterite,-0.8898,1.2232,0.969,PBEsol
K1Cu1Mg1Zr1Se4,stannite,-0.9332,0.8763,1.204,PBEsol
K1Cu1Mg1Zr1Te4,kesterite,-0.5075,1.5013,0.685,PBEsol
K1Cu1Zn1Ge1S4,stannite,-0.6098,-0.4353,0.617,PBEsol
K1Cu1Zn1Ge1Se4,stannite,-0.5097,-0.1777,0.102,PBEsol
K1Cu1Zn1Ge1Te4,stannite,-0.2612,,0.132,PBEsol
K1Cu1Zn1Sn1S4,kesterite,-0.5257,0.5133,0.624,PBEsol
K1Cu1Zn1Sn1S4,stannite,-0.6101,-0.1619,0.411,PBEsol
K1Cu1Zn1Sn1Se4,kesterite,-0.4609,0.5893,0.303,PBEsol
K1Cu1Zn1Sn1Se4,stannite,-0.5155,0.1521,0.131,PBEsol
K1Cu1Zn1Sn1Te4,stannite,-0.2008,,0.184,PBEsol
K1Cu1Zn1Zr1S4,stannite,-0.9583,0.4722,0.89,PBEsol
K1Ga0.5In0.5S1Se1,stannite,-0.6828,0.3107,0.58,PBEsol
K1Ga0.5In0.5S2,kesterite,-0.9466,-0.6461,2.457,PBEsol
K1Ga0.5In0.5S2,stannite,-0.8533,-0.273,1.276,PBEsol
K1Ga0.5In0.5Se2,kesterite,-0.8237,-0.2801,1.661,PBEsol
K1Ga0.5In0.5Se2,stannite,-0.747,0.0268,0.794,PBEsol
K1Ga0.5In0.5Te2,stannite,-0.509,0.0651,0.282,PBEsol
K1Ga1S1Se1,kesterite,-0.9253,-0.5322,2.309,PBEsol
K1Ga1S1Se1,stannite,-0.7932,-0.004,0.729,PBEsol
K1Ga1S1Te1,kesterite,-0.7837,-0.4549,2.083,PBEsol
K1Ga1S1Te1,stannite,-0.481,0.7559,0.088,PBEsol
K1Ga1S2,kesterite,-1.0048,-0.7293,2.843,PBEsol
K1Ga1S2,stannite,-0.8134,0.0362,1.36,PBEsol
K1Ga1Se1Te1,kesterite,-0.7602,-0.4458,1.719,PBEsol
K1Ga1Se1Te1,stannite,-0.5424,0.4251,0.29,PBEsol
K1Ga1Se2,kesterite,-0.9067,-0.5075,2.116,PBEsol
K1Ga1Se2,stannite,-0.6316,0.5929,0.428,PBEsol
K1Ga1Te2,kesterite,-0.6188,-0.3335,1.332,PBEsol
K1Ga1Te2,stannite,-0.4921,0.1733,0.168,PBEsol
K1In1S1Se1,kesterite,-0.8704,-0.5312,1.996,PBEsol
K1In1S1Se1,stannite,-0.7453,-0.0308,1.066,PBEsol
K1In1S1Te1,kesterite,-0.7483,-0.4675,1.735,PBEsol
K1In1S1Te1,stannite,-0.4935,0.5518,0.319,PBEsol
K1In1S2,kesterite,-0.8958,-0.5568,2.245,PBEsol
K1In1S2,stannite,-0.7893,-0.1308,1.424,PBEsol
K1In1Se1Te1,kesterite,-0.6932,-0.2876,1.812,PBEsol
K1In1Se2,kesterite,-0.8388,-0.4094,1.792,PBEsol
K1In1Se2,stannite,-0.7797,-0.1733,0.804,PBEsol
K1In1Te2,kesterite,-0.6012,-0.3084,1.298,PBEsol
K1In1Te2,stannite,-0.5218,0.0091,0.514,PBEsol
K1Rb0.5Ag0.5Ba1Ge1S4,kesterite,-0.9751,-0.2453,2.096,PBEsol
K1Rb0.5Ag0.5Ba1Ge1S4,stannite,-0.9891,-0.3574,2.17,PBEsol
K1Rb0.5Ag0.5Ba1Zr1S4,stannite,-1.3374,0.5512,2.412,PBEsol
K1Rb0.5Ag0.5Ba1Zr1Se4,kesterite,-1.2264,0.9066,2.011,PBEsol
K1Rb0.5Ag0.5Ba1Zr1Se4,stannite,-1.1968,1.144,2.045,PBEsol
K1Rb0.5Ag0.5Ca0.5Zn0.5Ge1S2Te2,kesterite,-0.6546,,0.763,PBEsol
K1Rb0.5Ag0.5Ca0.5Zn0.5Ge1S2Te2,stannite,-0.4925,,0.035,PBEsol
K1Rb0.5Ag0.5Ca1Ge1Se4,stannite,-0.8284,0.7768,1.031,PBEsol
K1Rb0.5Ag0.5Ca1Zr1Se4,kesterite,-1.2199,0.977,1.888,PBEsol
K1Rb0.5Ag0.5Ca1Zr1Se4,stannite,-1.1777,1.3148,2.273,PBEsol
K1Rb0.5Ag0.5Cd1Ge1Se4,stannite,-0.4463,0.8639,0.456,PBEsol
K1Rb0.5Ag0.5Cd1Sn1Se4,stannite,-0.5595,0.3352,0.519,PBEsol
K1Rb0.5Ag0.5Cd1Zr1S4,stannite,-0.963,0.5823,1.485,PBEsol
K1Rb0.5Ag0.5Cd1Zr1Se4,stannite,-0.7273,1.9487,1.123,PBEsol
K1Rb0.5Ag0.5Cd1Zr1Te4,stannite,-0.2363,3.7367,0.718,PBEsol
K1Rb0.5Ag0.5Mg0.5Ca0.5Ge1S1Se2Te1,kesterite,-0.8351,,1.278,PBEsol
K1Rb0.5Ag0.5Mg0.5Ca0.5Ge1S1Se2Te1,stannite,-0.667,,0.029,PBEsol
K1Rb0.5Ag0.5Mg0.5Sr0.5Sn1Se1Te3,kesterite,-0.7304,,0.994,PBEsol
K1Rb0.5Ag0.5Mg1Ge1S4,stannite,-0.7452,0.3749,1.365,PBEsol
K1Rb0.5Ag0.5Mg1Ge1Se4,stannite,-0.6241,0.7717,0.82,PBEsol
K1Rb0.5Ag0.5Mg1Ge1Te4,kesterite,-0.4807,,1.054,PBEsol
K1Rb0.5Ag0.5Mg1Ge1Te4,stannite,-0.374,,0.174,PBEsol
K1Rb0.5Ag0.5Mg1Sn1S4,kesterite,-0.8737,-0.3772,1.955,PBEsol
K1Rb0.5Ag0.5Mg1Sn1S4,stannite,-0.7926,0.2715,1.268,PBEsol
K1Rb0.5Ag0.5Mg1Sn1Se4,kesterite,-0.7965,-0.2308,1.506,PBEsol
K1Rb0.5Ag0.5Mg1Sn1Se4,stannite,-0.6583,0.8742,0.366,PBEsol
K1Rb0.5Ag0.5Mg1Sn1Te4,kesterite,-0.527,,1.133,PBEsol
K1Rb0.5Ag0.5Mg1Sn1Te4,stannite,-0.3808,,0.35,PBEsol
K1Rb0.5Ag0.5Mg1Zr1S4,kesterite,-1.2112,0.3422,2.092,PBEsol
K1Rb0.5Ag0.5Mg1Zr1S4,stannite,-1.1154,1.1081,2.007,PBEsol
K1Rb0.5Ag0.5Mg1Zr1Se4,stannite,-0.962,1.4007,1.647,PBEsol
K1Rb0.5Ag0.5Mg1Zr1Te4,stannite,-0.4797,2.6835,1.163,PBEsol
K1Rb0.5Ag0.5Sr0.5Cd0.5Sn0.5Ge0.5S2Se1Te1,kesterite,-0.7029,,1.406,PBEsol
K1Rb0.5Ag0.5Sr0.5Cd0.5Sn0.5Ge0.5S2Se1Te1,stannite,-0.6523,,0.462,PBEsol
K1Rb0.5Ag0.5Sr0.5Zn0.5Ge1S1Se3,stannite,-0.6685,0.7332,0.447,PBEsol
K1Rb0.5Ag0.5Sr1Ge1Te4,kesterite,-0.6388,,0.922,PBEsol
K1Rb0.5Ag0.5Sr1Sn0.5Ge0.5S1Se1Te2,kesterite,-0.9181,,1.093,PBEsol
K1Rb0.5Ag0.5Sr1Sn0.5Ge0.5S1Se1Te2,stannite,-0.7932,,1.293,PBEsol
K1Rb0.5Ag0.5Sr1Sn1S4,stannite,-0.8815,0.9723,1.805,PBEsol
K1Rb0.5Ag0.5Sr1Zr1Se4,stannite,-1.2108,1.1257,2.139,PBEsol
K1Rb0.5Ag0.5Zn1Ge1S4,kesterite,-0.6957,-0.5799,2.114,PBEsol
K1Rb0.5Ag0.5Zn1Ge1S4,stannite,-0.5678,0.4433,1.111,PBEsol
K1Rb0.5Ag0.5Zn1Ge1Te4,stannite,-0.2514,,0.24,PBEsol
K1Rb0.5Ag0.5Zn1Sn1S4,kesterite,-0.7105,-0.4219,1.684,PBEsol
K1Rb0.5Ag0.5Zn1Zr1S4,stannite,-0.9777,0.8592,1.462,PBEsol
K1Rb0.5Ag0.5Zn1Zr1Se4,stannite,-0.8562,1.138,1.029,PBEsol
K1Rb0.5Cs0.5Ba1Ge1S4,stannite,-1.061,-0.1764,1.999,PBEsol
K1Rb0.5Cs0.5Ba1Sn1S2Se2,kesterite,-1.145,-0.6557,2.036,PBEsol
K1Rb0.5Cs0.5Ba1Sn1S2Se2,stannite,-1.0165,0.3731,1.891,PBEsol
K1Rb0.5Cs0.5Ba1Sn1Se4,stannite,-0.8386,1.82,1.721,PBEsol
K1Rb0.5Cs0.5Ba1Zr1S4,kesterite,-1.364,1.0946,2.787,PBEsol
K1Rb0.5Cs0.5Ba1Zr1S4,stannite,-1.362,1.1109,3.021,PBEsol
K1Rb0.5Cs0.5Ba1Zr1Se4,kesterite,-1.3599,0.6059,2.459,PBEsol
K1Rb0.5Cs0.5Ba1Zr1Se4,stannite,-1.2206,1.7201,2.663,PBEsol
K1Rb0.5Cs0.5Ba1Zr1Te4,stannite,-0.9645,1.4132,2.162,PBEsol
K1Rb0.5Cs0.5Ca1Ge1S4,stannite,-0.9826,0.6546,2.057,PBEsol
K1Rb0.5Cs0.5Ca1Sn1S4,stannite,-0.9806,0.9469,2.004,PBEsol
K1Rb0.5Cs0.5Ca1Sn1Se4,stannite,-0.8747,1.5498,1.517,PBEsol
K1Rb0.5Cs0.5Ca1Zr1S4,stannite,-1.3778,1.1883,2.76,PBEsol
K1Rb0.5Cs0.5Ca1Zr1Se4,stannite,-1.2268,1.6884,2.335,PBEsol
K1Rb0.5Cs0.5Ca1Zr1Te4,stannite,-0.7021,3.2946,1.733,PBEsol
K1Rb0.5Cs0.5Cd1Ge1S4,kesterite,-0.8104,-1.136,2.358,PBEsol
K1Rb0.5Cs0.5Cd1Ge1S4,stannite,-0.6176,0.4062,0.702,PBEsol
K1Rb0.5Cs0.5Cd1Ge1Se4,stannite,-0.4957,1.2354,0.893,PBEsol
K1Rb0.5Cs0.5Cd1Ge1Te4,stannite,-0.3705,,0.243,PBEsol
K1Rb0.5Cs0.5Cd1Sn1S4,kesterite,-0.7937,-0.7263,2.172,PBEsol
K1Rb0.5Cs0.5Cd1Sn1S4,stannite,-0.6649,0.3036,1.281,PBEsol
K1Rb0.5Cs0.5Cd1Sn1Se4,stannite,-0.6754,0.1744,0.859,PBEsol
K1Rb0.5Cs0.5Cd1Zr1S4,stannite,-1.084,0.3708,1.575,PBEsol
K1Rb0.5Cs0.5Cd1Zr1Se4,kesterite,-0.83,1.8943,1.792,PBEsol
K1Rb0.5Cs0.5Cd1Zr1Se4,stannite,-0.7713,2.3633,1.149,PBEsol
K1Rb0.5Cs0.5Cd1Zr1Te4,stannite,-0.6052,1.5192,0.686,PBEsol
K1Rb0.5Cs0.5Mg0.5Ba0.5Sn0.5Ge0.5S2Se2,kesterite,-1.0425,-0.744,2.121,PBEsol
K1Rb0.5Cs0.5Mg0.5Ba0.5Sn0.5Ge0.5S2Se2,stannite,-0.889,0.4839,1.056,PBEsol
K1Rb0.5Cs0.5Mg1Ge1S4,stannite,-0.8358,0.4059,1.774,PBEsol
K1Rb0.5Cs0.5Mg1Ge1Se4,stannite,-0.7089,0.8599,1.134,PBEsol
K1Rb0.5Cs0.5Mg1Sn1S4,kesterite,-0.9106,0.0832,2.369,PBEsol
K1Rb0.5Cs0.5Mg1Sn1S4,stannite,-0.8291,0.7355,1.691,PBEsol
K1Rb0.5Cs0.5Mg1Sn1Se4,kesterite,-0.802,0.4921,1.768,PBEsol
K1Rb0.5Cs0.5Mg1Sn1Se4,stannite,-0.7212,1.1384,1.085,PBEsol
K1Rb0.5Cs0.5Mg1Zr1S4,kesterite,-1.294,0.4351,2.66,PBEsol
K1Rb0.5Cs0.5Mg1Zr1S4,stannite,-1.2204,1.0242,2.042,PBEsol
K1Rb0.5Cs0.5Mg1Zr1Se4,kesterite,-1.1387,0.7541,2.221,PBEsol
K1Rb0.5Cs0.5Mg1Zr1Se4,stannite,-1.0758,1.2574,1.641,PBEsol
K1Rb0.5Cs0.5Mg1Zr1Te4,stannite,-0.5909,2.5278,1.189,PBEsol
K1Rb0.5Cs0.5Sr0.5Ba0.5Ge1S3Te1,kesterite,-1.0475,,2.0,PBEsol
K1Rb0.5Cs0.5Sr0.5Ba0.5Ge1S3Te1,stannite,-0.9234,,1.119,PBEsol
K1Rb0.5Cs0.5Sr1Sn1S4,stannite,-0.9649,1.0604,2.137,PBEsol
K1Rb0.5Cs0.5Sr1Sn1Se4,stannite,-0.8527,1.801,1.627,PBEsol
K1Rb0.5Cs0.5Sr1Zr1S4,stannite,-1.3737,1.2098,2.96,PBEsol
K1Rb0.5Cs0.5Sr1Zr1Se4,stannite,-1.2295,1.7427,2.558,PBEsol
K1Rb0.5Cs0.5Sr1Zr1Te4,stannite,-0.6996,3.4987,1.972,PBEsol
K1Rb0.5Cs0.5Zn1Ge1Se4,stannite,-0.524,1.2302,0.732,PBEsol
K1Rb0.5Cs0.5Zn1Ge1Te4,kesterite,-0.5334,,1.017,PBEsol
K1Rb0.5Cs0.5Zn1Sn1S4,kesterite,-0.8771,-0.9987,2.037,PBEsol
K1Rb0.5Cs0.5Zn1Sn1S4,stannite,-0.6406,0.893,1.353,PBEsol
K1Rb0.5Cs0.5Zn1Sn1Se4,kesterite,-0.8195,-0.7577,1.529,PBEsol
K1Rb0.5Cs0.5Zn1Zr1S4,kesterite,-1.2018,-0.1771,2.259,PBEsol
K1Rb0.5Cs0.5Zn1Zr1S4,stannite,-1.0178,1.295,1.423,PBEsol
K1Rb0.5Cs0.5Zn1Zr1Se4,stannite,-0.8628,1.8519,1.045,PBEsol
K1Rb0.5Cs0.5Zn1Zr1Te4,kesterite,-0.6927,0.8701,1.192,PBEsol
K1Rb0.5Cs0.5Zn1Zr1Te4,stannite,-0.3671,3.4752,0.564,PBEsol
K1Rb0.5Cu0.5Ca1Sn1Te4,kesterite,-0.4453,,0.962,PBEsol
K1Rb0.5Cu0.5Ca1Zr1Se4,kesterite,-1.1482,1.5326,1.523,PBEsol
K1Rb0.5Cu0.5Ca1Zr1Te4,stannite,-0.7874,1.7412,1.462,PBEsol
K1Rb0.5Cu0.5Cd1Sn1Te4,stannite,-0.0792,,0.322,PBEsol
K1Rb0.5Cu0.5Cd1Zr1Se4,stannite,-0.8115,1.2565,0.748,PBEsol
K1Rb0.5Cu0.5Cd1Zr1Te4,stannite,-0.5068,1.4353,0.527,PBEsol
K1Rb0.5Cu0.5Mg1Ge1S4,stannite,-0.7483,0.4392,1.027,PBEsol
K1Rb0.5Cu0.5Mg1Ge1Se4,stannite,-0.6481,0.5616,0.518,PBEsol
K1Rb0.5Cu0.5Mg1Sn1Te4,stannite,-0.4163,,0.164,PBEsol
K1Rb0.5Cu0.5Mg1Zr1Te4,stannite,-0.6238,1.3932,0.931,PBEsol
K1Rb0.5Cu0.5Sr1Ge1Se4,kesterite,-0.9022,0.2435,1.372,PBEsol
K1Rb0.5Cu0.5Sr1Zr1S4,kesterite,-1.3615,0.6402,1.53,PBEsol
K1Rb0.5Cu0.5Sr1Zr1Se4,kesterite,-1.2328,0.9313,1.324,PBEsol
K1Rb0.5Cu0.5Zn1Ge1Te4,stannite,-0.1631,,0.231,PBEsol
K1Rb0.5Cu0.5Zn1Zr1Se4,stannite,-0.8148,1.4512,0.742,PBEsol
K1Rb1Ba1Ge1S4,kesterite,-0.9993,0.3003,2.138,PBEsol
K1Rb1Ba1Ge1S4,stannite,-0.9962,0.3248,2.158,PBEsol
K1Rb1Ba1Ge1Te4,stannite,-0.4968,,0.268,PBEsol
K1Rb1Ba1Sn1S4,stannite,-1.0774,-0.0491,2.136,PBEsol
K1Rb1Ba1Sn1Se4,stannite,-0.85,1.6989,1.769,PBEsol
K1Rb1Ba1Zr1S4,kesterite,-1.3705,1.0256,2.929,PBEsol
K1Rb1Ba1Zr1S4,stannite,-1.4602,0.3082,2.977,PBEsol
K1Rb1Ba1Zr1Se4,kesterite,-1.2273,1.6363,2.577,PBEsol
K1Rb1Ba1Zr1Se4,stannite,-1.2261,1.646,2.691,PBEsol
K1Rb1Ba1Zr1Te4,stannite,-0.959,1.4254,2.164,PBEsol
K1Rb1Ca0.5Cd0.5Sn0.5Ge0.5Se1Te3,stannite,-0.5382,,0.578,PBEsol
K1Rb1Ca1Ge1S4,stannite,-0.9904,0.5757,2.182,PBEsol
K1Rb1Ca1Ge1Se4,stannite,-0.8546,1.3036,1.645,PBEsol
K1Rb1Ca1Ge1Te4,stannite,-0.5396,,0.955,PBEsol
K1Rb1Ca1Sn0.5Ge0.5S1Se2Te1,stannite,-0.8881,,0.765,PBEsol
K1Rb1Ca1Sn1Se4,stannite,-0.8803,1.4746,1.632,PBEsol
K1Rb1Ca1Zr1S4,stannite,-1.3822,1.1363,2.881,PBEsol
K1Rb1Ca1Zr1Se4,stannite,-1.2321,1.6158,2.443,PBEsol
K1Rb1Ca1Zr1Te4,stannite,-0.7108,3.1934,1.856,PBEsol
K1Rb1Cd1Ge1S4,stannite,-0.6341,0.2572,1.461,PBEsol
K1Rb1Cd1Ge1Se4,stannite,-0.5257,0.9656,0.944,PBEsol
K1Rb1Cd1Sn1S4,stannite,-0.6869,0.111,1.499,PBEsol
K1Rb1Cd1Sn1Se4,kesterite,-0.7103,-0.1349,1.67,PBEsol
K1Rb1Cd1Sn1Se4,stannite,-0.4593,1.8729,1.097,PBEsol
K1Rb1Cd1Sn1Te4,stannite,-0.4091,,0.557,PBEsol
K1Rb1Cd1Zr1S4,stannite,-0.9623,1.3267,1.649,PBEsol
K1Rb1Cd1Zr1Se4,stannite,-0.7879,2.2,1.262,PBEsol
K1Rb1Cd1Zr1Te4,stannite,-0.2419,4.3941,0.688,PBEsol
K1Rb1Mg1Ge1S4,stannite,-0.8967,-0.0984,1.513,PBEsol
K1Rb1Mg1Ge1Se4,stannite,-0.7156,0.7761,1.141,PBEsol
K1Rb1Mg1Sn1S4,stannite,-0.8416,0.6178,1.829,PBEsol
K1Rb1Mg1Sn1Te4,stannite,-0.5526,,0.585,PBEsol
K1Rb1Mg1Zr1S4,kesterite,-1.2946,0.4135,2.833,PBEsol
K1Rb1Mg1Zr1S4,stannite,-1.2273,0.9521,2.154,PBEsol
K1Rb1Mg1Zr1Se4,stannite,-1.0814,1.1826,1.76,PBEsol
K1Rb1Mg1Zr1Te4,stannite,-0.595,2.4631,1.242,PBEsol
K1Rb1Sr1Ge1S1Se1Te2,stannite,-0.7803,,1.036,PBEsol
K1Rb1Sr1Ge1S4,stannite,-0.9968,0.5125,2.259,PBEsol
K1Rb1Sr1Ge1Te4,stannite,-0.6579,,0.85,PBEsol
K1Rb1Sr1Sn1S4,stannite,-0.9771,0.9459,2.264,PBEsol
K1Rb1Sr1Sn1Se4,stannite,-0.863,1.6882,1.753,PBEsol
K1Rb1Sr1Sn1Te4,stannite,-0.7169,,1.148,PBEsol
K1Rb1Sr1Zr1S4,stannite,-1.3792,1.1486,3.087,PBEsol
K1Rb1Sr1Zr1Se4,stannite,-1.2344,1.6732,2.67,PBEsol
K1Rb1Sr1Zr1Te4,stannite,-0.9434,1.5172,1.966,PBEsol
K1Rb1Zn1Ge1S4,kesterite,-0.8837,-1.3445,2.526,PBEsol
K1Rb1Zn1Ge1Se4,stannite,-0.5471,1.0148,0.739,PBEsol
K1Rb1Zn1Sn1S4,kesterite,-0.7948,-0.358,1.667,PBEsol
K1Rb1Zn1Sn1S4,stannite,-0.7167,0.2674,1.333,PBEsol
K1Rb1Zn1Sn1Se4,stannite,-0.5574,1.3092,0.873,PBEsol
K1Rb1Zn1Zr1S4,stannite,-1.03,1.18,1.546,PBEsol
K1Rb1Zn1Zr1Se4,kesterite,-1.07,0.1644,1.854,PBEsol
K1Rb1Zn1Zr1Se4,stannite,-0.8766,1.711,1.177,PBEsol
K1Rb1Zn1Zr1Te4,stannite,-0.4003,3.1779,0.488,PBEsol
K2Ba0.5Cd0.5Ge1S4,stannite,-0.8168,0.3592,1.401,PBEsol
K2Ba0.5Cd0.5Ge1Se4,stannite,-0.6811,1.2611,0.984,PBEsol
K2Ba0.5Cd0.5Sn1Se4,stannite,-0.6785,1.6581,1.283,PBEsol
K2Ba0.5Cd0.5Zr1S4,stannite,-1.1748,1.1903,1.725,PBEsol
K2Ba0.5Cd0.5Zr1Se4,stannite,-1.1552,0.8009,1.135,PBEsol
K2Ba0.5Cd0.5Zr1Te4,stannite,-0.4582,4.0857,0.947,PBEsol
K2Ba0.5Zn0.5Ge1Te4,stannite,-0.2618,,0.384,PBEsol
K2Ba0.5Zn0.5Sn1Te4,stannite,-0.5537,,0.383,PBEsol
K2Ba0.5Zn0.5Zr1S4,stannite,-1.2007,1.1806,1.556,PBEsol
K2Ba0.5Zn0.5Zr1Se4,stannite,-1.1418,1.018,1.049,PBEsol
K2Ba0.5Zn0.5Zr1Te4,stannite,-0.5527,3.3547,0.792,PBEsol
K2Ba1Ge0.5Zr0.5S4,kesterite,-1.2356,0.3382,2.429,PBEsol
K2Ba1Ge0.5Zr0.5S4,stannite,-1.2274,0.4039,2.235,PBEsol
K2Ba1Ge0.5Zr0.5Se4,kesterite,-1.1007,1.0457,1.93,PBEsol
K2Ba1Ge0.5Zr0.5Se4,stannite,-1.1027,1.0297,1.762,PBEsol
K2Ba1Ge1S1Te3,stannite,-0.7391,,1.159,PBEsol
K2Ba1Ge1S2Se1Te1,stannite,-0.9359,,1.422,PBEsol
K2Ba1Ge1S2Te2,kesterite,-0.8908,,1.65,PBEsol
K2Ba1Ge1S2Te2,stannite,-0.8929,,1.434,PBEsol
K2Ba1Ge1S4,kesterite,-1.0909,-0.3338,2.473,PBEsol
K2Ba1Ge1S4,stannite,-1.0202,0.2319,1.935,PBEsol
K2Ba1Ge1Se4,kesterite,-0.9869,0.3077,1.935,PBEsol
K2Ba1Ge1Se4,stannite,-0.9404,0.6795,1.758,PBEsol
K2Ba1Ge1Te4,kesterite,-0.7432,,0.776,PBEsol
K2Ba1Ge1Te4,stannite,-0.677,,1.166,PBEsol
K2Ba1Sn0.5Ge0.5S4,kesterite,-1.0454,0.1503,2.368,PBEsol
K2Ba1Sn0.5Ge0.5S4,stannite,-1.0382,0.2084,2.199,PBEsol
K2Ba1Sn0.5Ge0.5Se4,kesterite,-0.9381,0.8689,1.885,PBEsol
K2Ba1Sn0.5Ge0.5Se4,stannite,-0.9412,0.8438,1.74,PBEsol
K2Ba1Sn0.5Zr0.5S4,kesterite,-1.1887,0.852,2.512,PBEsol
K2Ba1Sn0.5Zr0.5S4,stannite,-1.1864,0.8698,2.417,PBEsol
K2Ba1Sn0.5Zr0.5Se4,stannite,-1.0658,1.5133,1.93,PBEsol
K2Ba1Sn0.5Zr0.5Te4,stannite,-0.848,,1.347,PBEsol
K2Ba1Sn1S1Se2Te1,stannite,-0.9627,,1.185,PBEsol
K2Ba1Sn1S2Se1Te1,stannite,-0.9726,,1.358,PBEsol
K2Ba1Sn1S2Se2,stannite,-1.0565,0.1189,1.882,PBEsol
K2Ba1Sn1S3Te1,stannite,-0.9876,,1.248,PBEsol
K2Ba1Sn1S4,kesterite,-1.0931,-0.0756,2.412,PBEsol
K2Ba1Sn1S4,stannite,-1.0916,-0.0632,2.135,PBEsol
K2Ba1Sn1Se2Te2,stannite,-0.8779,,1.341,PBEsol
K2Ba1Sn1Se3Te1,stannite,-0.9516,,1.215,PBEsol
K2Ba1Sn1Se4,kesterite,-1.0695,0.0236,1.908,PBEsol
K2Ba1Sn1Se4,stannite,-0.9854,0.6966,1.772,PBEsol
K2Ba1Sn1Te4,kesterite,-0.7818,,1.146,PBEsol
K2Ba1Sn1Te4,stannite,-0.741,,1.287,PBEsol
K2Ba1Zr1S1Se1Te2,stannite,-1.0136,2.2934,1.957,PBEsol
K2Ba1Zr1S1Se2Te1,stannite,-1.1444,1.8431,2.259,PBEsol
K2Ba1Zr1S2Se1Te1,stannite,-1.1879,1.6332,2.28,PBEsol
K2Ba1Zr1S2Te2,stannite,-1.2061,0.9183,2.37,PBEsol
K2Ba1Zr1S3Te1,kesterite,-1.3456,0.5469,2.274,PBEsol
K2Ba1Zr1S3Te1,stannite,-1.333,0.6476,2.089,PBEsol
K2Ba1Zr1S4,kesterite,-1.3864,0.9973,3.029,PBEsol
K2Ba1Zr1S4,stannite,-1.3876,0.9883,3.08,PBEsol
K2Ba1Zr1Se1Te3,stannite,-1.0567,1.2512,2.095,PBEsol
K2Ba1Zr1Se2Te2,stannite,-1.1526,1.0701,2.275,PBEsol
K2Ba1Zr1Se3Te1,stannite,-1.2507,0.891,2.182,PBEsol
K2Ba1Zr1Se4,kesterite,-1.2374,1.6365,2.672,PBEsol
K2Ba1Zr1Se4,stannite,-1.2385,1.6276,2.72,PBEsol
K2Ba1Zr1Te4,stannite,-0.6988,3.5625,2.136,PBEsol
K2Ca0.5Ba0.5Ge1S4,stannite,-1.0073,0.4194,2.208,PBEsol
K2Ca0.5Ba0.5Ge1Se4,stannite,-0.8724,1.2149,1.674,PBEsol
K2Ca0.5Ba0.5Sn1S4,stannite,-1.0092,0.6805,2.237,PBEsol
K2Ca0.5Ba0.5Sn1Se4,stannite,-0.9006,1.3659,1.805,PBEsol
K2Ca0.5Ba0.5Sn1Te4,stannite,-0.7142,,1.101,PBEsol
K2Ca0.5Ba0.5Zr1S4,stannite,-1.3981,0.9881,2.874,PBEsol
K2Ca0.5Ba0.5Zr1Se4,stannite,-1.3338,0.8564,2.421,PBEsol
K2Ca0.5Ba0.5Zr1Te4,kesterite,-0.735,3.1463,2.181,PBEsol
K2Ca0.5Ba0.5Zr1Te4,stannite,-0.7343,3.1518,1.982,PBEsol
K2Ca0.5Cd0.5Ge1S4,stannite,-0.8353,0.3133,1.65,PBEsol
K2Ca0.5Cd0.5Ge1Se4,stannite,-0.7062,1.0693,1.103,PBEsol
K2Ca0.5Cd0.5Sn1S4,stannite,-0.8156,0.747,1.794,PBEsol
K2Ca0.5Cd0.5Sn1Se4,stannite,-0.8483,0.3089,0.974,PBEsol
K2Ca0.5Cd0.5Sn1Te4,stannite,-0.2698,,0.625,PBEsol
K2Ca0.5Cd0.5Zr1S4,kesterite,-1.2366,0.7978,2.768,PBEsol
K2Ca0.5Cd0.5Zr1S4,stannite,-1.1977,1.1092,1.768,PBEsol
K2Ca0.5Cd0.5Zr1Se4,stannite,-1.0347,1.7735,1.365,PBEsol
K2Ca0.5Cd0.5Zr1Te4,stannite,-0.4822,3.785,0.956,PBEsol
K2Ca0.5Sr0.5Ge1S4,stannite,-1.0168,0.4394,2.355,PBEsol
K2Ca0.5Sr0.5Ge1Se4,stannite,-0.8809,1.1939,1.783,PBEsol
K2Ca0.5Sr0.5Ge1Te4,stannite,-0.4299,,1.14,PBEsol
K2Ca0.5Sr0.5Sn1S1Se2Te1,kesterite,-1.0579,,1.944,PBEsol
K2Ca0.5Sr0.5Sn1S1Se2Te1,stannite,-0.9142,,0.985,PBEsol
K2Ca0.5Sr0.5Sn1Se4,stannite,-1.0151,0.4967,1.45,PBEsol
K2Ca0.5Sr0.5Sn1Te4,stannite,-0.7148,,0.98,PBEsol
K2Ca0.5Sr0.5Zr1S4,stannite,-1.4644,0.5543,3.053,PBEsol
K2Ca0.5Sr0.5Zr1Se4,stannite,-1.2572,1.5162,2.666,PBEsol
K2Ca0.5Sr0.5Zr1Te4,kesterite,-0.7441,3.0569,2.241,PBEsol
K2Ca0.5Sr0.5Zr1Te4,stannite,-0.7352,3.1282,2.071,PBEsol
K2Ca0.5Zn0.5Ge1S4,stannite,-0.8822,0.1352,1.356,PBEsol
K2Ca0.5Zn0.5Ge1Se4,kesterite,-0.9146,-0.488,2.074,PBEsol
K2Ca0.5Zn0.5Ge1Se4,stannite,-0.7096,1.1517,0.911,PBEsol
K2Ca0.5Zn0.5Sn1Se4,stannite,-0.8439,0.4544,0.813,PBEsol
K2Ca0.5Zn0.5Sn1Te4,stannite,-0.561,,0.437,PBEsol
K2Ca0.5Zn0.5Zr1S4,stannite,-1.2237,1.0988,1.68,PBEsol
K2Ca0.5Zn0.5Zr1Te4,stannite,-0.7666,1.535,0.691,PBEsol
K2Ca1Ge0.5Zr0.5S4,stannite,-1.2267,0.6137,2.221,PBEsol
K2Ca1Ge0.5Zr0.5Se4,kesterite,-1.123,0.8855,2.153,PBEsol
K2Ca1Ge0.5Zr0.5Se4,stannite,-1.0885,1.1612,1.675,PBEsol
K2Ca1Ge1S1Se3,stannite,-0.9128,0.9697,1.736,PBEsol
K2Ca1Ge1S2Se1Te1,stannite,-0.8319,,0.988,PBEsol
K2Ca1Ge1S2Se2,stannite,-0.9463,0.7852,1.85,PBEsol
K2Ca1Ge1S3Se1,stannite,-1.0347,0.183,1.394,PBEsol
K2Ca1Ge1S3Te1,stannite,-0.9361,,0.508,PBEsol
K2Ca1Ge1S4,kesterite,-1.1322,-0.4598,2.704,PBEsol
K2Ca1Ge1S4,stannite,-1.0179,0.4543,2.071,PBEsol
K2Ca1Ge1Se3Te1,stannite,-0.7668,,1.065,PBEsol
K2Ca1Ge1Se4,kesterite,-1.0005,0.217,1.998,PBEsol
K2Ca1Ge1Se4,stannite,-0.8558,1.375,1.119,PBEsol
K2Ca1Ge1Te4,kesterite,-0.74,,0.737,PBEsol
K2Ca1Ge1Te4,stannite,-0.6415,,0.762,PBEsol
K2Ca1Sn0.5Ge0.5S4,kesterite,-1.0805,0.0742,2.675,PBEsol
K2Ca1Sn0.5Ge0.5Te4,stannite,-0.6729,,0.796,PBEsol
K2Ca1Sn0.5Zr0.5S4,kesterite,-1.2388,0.655,2.757,PBEsol
K2Ca1Sn0.5Zr0.5S4,stannite,-1.208,0.9015,2.392,PBEsol
K2Ca1Sn0.5Zr0.5Se4,stannite,-1.0782,1.4321,1.887,PBEsol
K2Ca1Sn0.5Zr0.5Te4,stannite,-0.6023,,1.434,PBEsol
K2Ca1Sn1S1Se1Te2,stannite,-0.8577,,0.696,PBEsol
K2Ca1Sn1S1Se2Te1,stannite,-0.8228,,1.098,PBEsol
K2Ca1Sn1S1Se3,stannite,-1.0253,0.4207,1.389,PBEsol
K2Ca1Sn1S1Te3,stannite,-0.7828,,0.794,PBEsol
K2Ca1Sn1S2Se1Te1,stannite,-0.9533,,0.666,PBEsol
K2Ca1Sn1S2Se2,stannite,-1.042,0.346,1.484,PBEsol
K2Ca1Sn1S2Te2,stannite,-0.8669,,0.923,PBEsol
K2Ca1Sn1S3Se1,stannite,-0.9871,0.8643,1.859,PBEsol
K2Ca1Sn1S3Te1,stannite,-0.9713,,0.581,PBEsol
K2Ca1Sn1S4,kesterite,-1.1318,-0.1807,2.834,PBEsol
K2Ca1Sn1S4,stannite,-1.084,0.202,1.942,PBEsol
K2Ca1Sn1Se2Te2,stannite,-0.8462,,0.906,PBEsol
K2Ca1Sn1Se3Te1,stannite,-0.9265,,0.672,PBEsol
K2Ca1Sn1Se4,kesterite,-1.0556,0.1526,2.298,PBEsol
K2Ca1Sn1Se4,stannite,-0.9418,1.0631,1.362,PBEsol
K2Ca1Sn1Te4,kesterite,-0.7876,,1.05,PBEsol
K2Ca1Sn1Te4,stannite,-0.7066,,0.98,PBEsol
K2Ca1Zr1S1Se1Te2,stannite,-1.0297,2.1118,1.772,PBEsol
K2Ca1Zr1S1Se2Te1,stannite,-1.1596,1.7271,1.982,PBEsol
K2Ca1Zr1S1Se3,stannite,-1.36,0.815,2.514,PBEsol
K2Ca1Zr1S1Te3,stannite,-1.0466,1.3584,1.702,PBEsol
K2Ca1Zr1S2Se1Te1,stannite,-1.1969,1.6135,1.993,PBEsol
K2Ca1Zr1S2Se2,stannite,-1.3279,1.2463,2.806,PBEsol
K2Ca1Zr1S2Te2,stannite,-1.1725,1.1809,2.002,PBEsol
K2Ca1Zr1S3Se1,stannite,-1.3657,1.1394,2.803,PBEsol
K2Ca1Zr1S3Te1,stannite,-1.2347,1.5327,1.884,PBEsol
K2Ca1Zr1S4,kesterite,-1.4909,0.3657,3.256,PBEsol
K2Ca1Zr1S4,stannite,-1.4427,0.7512,2.942,PBEsol
K2Ca1Zr1Se1Te3,kesterite,-1.1016,0.7336,1.611,PBEsol
K2Ca1Zr1Se1Te3,stannite,-0.9423,2.0086,1.665,PBEsol
K2Ca1Zr1Se2Te2,stannite,-1.1183,1.2449,1.993,PBEsol
K2Ca1Zr1Se3Te1,stannite,-1.1227,1.8739,2.046,PBEsol
K2Ca1Zr1Se4,kesterite,-1.3143,1.0396,2.696,PBEsol
K2Ca1Zr1Se4,stannite,-1.3055,1.1095,2.443,PBEsol
K2Ca1Zr1Te4,kesterite,-0.7388,3.0253,2.242,PBEsol
K2Ca1Zr1Te4,stannite,-0.725,3.1358,2.046,PBEsol
K2Cd1Ge0.5Zr0.5S4,stannite,-0.919,-0.0925,1.406,PBEsol
K2Cd1Ge0.5Zr0.5Se4,stannite,-0.7398,0.982,0.929,PBEsol
K2Cd1Ge0.5Zr0.5Te4,stannite,-0.3641,,0.066,PBEsol
K2Cd1Ge1S1Se1Te2,stannite,-0.3642,,0.056,PBEsol
K2Cd1Ge1S1Se2Te1,stannite,-0.4693,,0.09,PBEsol
K2Cd1Ge1S1Se3,stannite,-0.5747,0.6549,0.943,PBEsol
K2Cd1Ge1S1Te3,stannite,-0.3788,,0.209,PBEsol
K2Cd1Ge1S2Se2,stannite,-0.6071,0.4302,1.153,PBEsol
K2Cd1Ge1S2Te2,stannite,-0.381,,0.501,PBEsol
K2Cd1Ge1S3Se1,stannite,-0.6437,0.1921,1.077,PBEsol
K2Cd1Ge1S3Te1,stannite,-0.5268,,0.044,PBEsol
K2Cd1Ge1S4,kesterite,-0.844,-1.323,2.306,PBEsol
K2Cd1Ge1S4,stannite,-0.735,-0.4503,1.335,PBEsol
K2Cd1Ge1Se3Te1,stannite,-0.4472,,0.179,PBEsol
K2Cd1Ge1Se4,kesterite,-0.7527,-0.77,1.882,PBEsol
K2Cd1Ge1Se4,stannite,-0.466,1.524,0.001,PBEsol
K2Cd1Ge1Te4,kesterite,-0.5141,,1.06,PBEsol
K2Cd1Ge1Te4,stannite,-0.396,,0.189,PBEsol
K2Cd1Sn0.5Ge0.5S4,stannite,-0.687,0.0538,1.436,PBEsol
K2Cd1Sn0.5Ge0.5Se4,stannite,-0.579,0.7902,0.912,PBEsol
K2Cd1Sn0.5Zr0.5S4,stannite,-0.8098,0.9188,1.637,PBEsol
K2Cd1Sn0.5Zr0.5Se4,stannite,-0.6657,1.7627,1.176,PBEsol
K2Cd1Sn0.5Zr0.5Te4,stannite,-0.4346,,0.65,PBEsol
K2Cd1Sn1S1Se1Te2,stannite,-0.55,,0.037,PBEsol
K2Cd1Sn1S1Se2Te1,stannite,-0.6258,,0.299,PBEsol
K2Cd1Sn1S1Te3,stannite,-0.4183,,0.237,PBEsol
K2Cd1Sn1S2Se1Te1,stannite,-0.6282,,0.085,PBEsol
K2Cd1Sn1S2Se2,stannite,-0.5618,1.1188,1.238,PBEsol
K2Cd1Sn1S2Te2,stannite,-0.327,,0.592,PBEsol
K2Cd1Sn1S3Se1,stannite,-0.5932,0.8973,1.206,PBEsol
K2Cd1Sn1S3Te1,stannite,-0.4807,,0.229,PBEsol
K2Cd1Sn1S4,kesterite,-0.8154,-0.8177,2.252,PBEsol
K2Cd1Sn1S4,stannite,-0.6429,0.5617,1.192,PBEsol
K2Cd1Sn1Se4,kesterite,-0.7545,-0.4079,1.812,PBEsol
K2Cd1Sn1Se4,stannite,-0.5608,1.1418,0.512,PBEsol
K2Cd1Sn1Te4,kesterite,-0.5514,,1.179,PBEsol
K2Cd1Sn1Te4,stannite,-0.4569,,0.378,PBEsol
K2Cd1Zr1S1Se1Te2,stannite,-0.5965,2.7679,0.465,PBEsol
K2Cd1Zr1S1Se2Te1,stannite,-0.7347,2.2115,0.637,PBEsol
K2Cd1Zr1S1Se3,stannite,-0.8683,1.73,1.276,PBEsol
K2Cd1Zr1S1Te3,stannite,-0.7539,0.9956,0.291,PBEsol
K2Cd1Zr1S3Se1,stannite,-0.9539,1.3149,1.391,PBEsol
K2Cd1Zr1S4,kesterite,-1.0448,0.7661,2.519,PBEsol
K2Cd1Zr1S4,stannite,-0.9974,1.1454,1.718,PBEsol
K2Cd1Zr1Se2Te2,stannite,-0.5489,3.0404,0.926,PBEsol
K2Cd1Zr1Se3Te1,stannite,-0.6905,2.4675,0.737,PBEsol
K2Cd1Zr1Se4,kesterite,-0.8663,1.6542,2.076,PBEsol
K2Cd1Zr1Se4,stannite,-0.8261,1.9753,1.317,PBEsol
K2Cd1Zr1Te4,stannite,-0.3029,3.962,0.755,PBEsol
K2Mg0.5Ba0.5Ge1Se4,stannite,-0.7784,1.1474,1.176,PBEsol
K2Mg0.5Ba0.5Ge1Te4,stannite,-0.2939,,0.065,PBEsol
K2Mg0.5Ba0.5Sn1Te4,stannite,-0.4022,,0.667,PBEsol
K2Mg0.5Ba0.5Zr1S4,stannite,-1.2941,1.1087,2.103,PBEsol
K2Mg0.5Ba0.5Zr1Se4,stannite,-1.1495,1.5113,1.764,PBEsol
K2Mg0.5Ba0.5Zr1Te4,stannite,-0.6405,3.0742,1.362,PBEsol
K2Mg0.5Ca0.5Ge1S4,stannite,-0.9348,0.3895,1.925,PBEsol
K2Mg0.5Ca0.5Ge1Se4,stannite,-0.8019,0.9683,1.338,PBEsol
K2Mg0.5Ca0.5Ge1Te4,stannite,-0.3527,,0.72,PBEsol
K2Mg0.5Ca0.5Sn1Te4,stannite,-0.4521,,0.702,PBEsol
K2Mg0.5Ca0.5Zr1S4,stannite,-1.3281,0.9385,2.304,PBEsol
K2Mg0.5Ca0.5Zr1Se4,stannite,-1.1765,1.3043,1.867,PBEsol
K2Mg0.5Ca0.5Zr1Te4,stannite,-0.6765,2.6773,1.402,PBEsol
K2Mg0.5Cd0.5Ge1S4,kesterite,-0.855,-0.5564,2.789,PBEsol
K2Mg0.5Cd0.5Ge1S4,stannite,-0.7687,0.1347,1.637,PBEsol
K2Mg0.5Cd0.5Ge1Se4,stannite,-0.6539,0.6676,0.997,PBEsol
K2Mg0.5Cd0.5Sn1Se4,stannite,-0.6461,1.1066,1.137,PBEsol
K2Mg0.5Cd0.5Sn1Te4,stannite,-0.2034,,0.815,PBEsol
K2Mg0.5Cd0.5Zr1S4,kesterite,-1.1842,0.5057,2.672,PBEsol
K2Mg0.5Cd0.5Zr1S4,stannite,-1.1307,0.9336,1.765,PBEsol
K2Mg0.5Cd0.5Zr1Se4,kesterite,-1.0167,1.0978,2.231,PBEsol
K2Mg0.5Cd0.5Zr1Se4,stannite,-0.9706,1.4671,1.342,PBEsol
K2Mg0.5Cd0.5Zr1Te4,kesterite,-0.4792,2.9805,1.603,PBEsol
K2Mg0.5Cd0.5Zr1Te4,stannite,-0.4423,3.2756,0.888,PBEsol
K2Mg0.5Sr0.5Ge1Se4,stannite,-0.7959,1.0545,1.322,PBEsol
K2Mg0.5Sr0.5Sn1Se4,stannite,-0.817,1.2616,1.436,PBEsol
K2Mg0.5Sr0.5Sn1Te4,kesterite,-0.4845,,0.642,PBEsol
K2Mg0.5Sr0.5Zr1S4,kesterite,-1.4367,0.0641,3.083,PBEsol
K2Mg0.5Sr0.5Zr1S4,stannite,-1.376,0.5494,2.199,PBEsol
K2Mg0.5Sr0.5Zr1Se4,stannite,-1.1626,1.4531,1.853,PBEsol
K2Mg0.5Sr0.5Zr1Te4,stannite,-0.6496,2.9849,1.397,PBEsol
K2Mg0.5Zn0.5Ge1S4,stannite,-0.7784,0.2541,1.52,PBEsol
K2Mg0.5Zn0.5Ge1Se4,kesterite,-0.8609,-0.8781,2.121,PBEsol
K2Mg0.5Zn0.5Ge1Se4,stannite,-0.6506,0.8042,0.902,PBEsol
K2Mg0.5Zn0.5Ge1Te4,stannite,-0.2292,,0.461,PBEsol
K2Mg0.5Zn0.5Sn1Te4,stannite,-0.3567,,0.272,PBEsol
K2Mg0.5Zn0.5Zr1S4,kesterite,-1.2299,0.3371,2.62,PBEsol
K2Mg0.5Zn0.5Zr1S4,stannite,-1.161,0.8883,1.687,PBEsol
K2Mg0.5Zn0.5Zr1Se4,kesterite,-1.1548,0.1035,1.976,PBEsol
K2Mg0.5Zn0.5Zr1Se4,stannite,-1.0815,0.6894,1.078,PBEsol
K2Mg0.5Zn0.5Zr1Te4,stannite,-0.5318,2.5852,0.888,PBEsol
K2Mg1Ge0.5Zr0.5S4,stannite,-1.0758,0.3973,1.879,PBEsol
K2Mg1Ge0.5Zr0.5Se4,stannite,-0.9372,0.7329,1.274,PBEsol
K2Mg1Ge0.5Zr0.5Te4,stannite,-0.4984,,0.644,PBEsol
K2Mg1Ge1S1Se1Te2,stannite,-0.5521,,0.363,PBEsol
K2Mg1Ge1S1Se2Te1,stannite,-0.6623,,0.226,PBEsol
K2Mg1Ge1S1Se3,stannite,-0.7695,0.5304,1.173,PBEsol
K2Mg1Ge1S2Se1Te1,stannite,-0.6857,,0.246,PBEsol
K2Mg1Ge1S2Se2,stannite,-0.8088,0.3542,1.32,PBEsol
K2Mg1Ge1S2Te2,stannite,-0.5706,,0.52,PBEsol
K2Mg1Ge1S3Se1,stannite,-0.8358,0.2966,1.261,PBEsol
K2Mg1Ge1S3Te1,stannite,-0.7267,,0.165,PBEsol
K2Mg1Ge1S4,kesterite,-1.0424,-1.1652,3.088,PBEsol
K2Mg1Ge1S4,stannite,-0.9149,-0.1452,1.568,PBEsol
K2Mg1Ge1Se3Te1,stannite,-0.6321,,0.345,PBEsol
K2Mg1Ge1Se4,kesterite,-0.9427,-0.9596,2.219,PBEsol
K2Mg1Ge1Se4,stannite,-0.812,0.0855,0.837,PBEsol
K2Mg1Ge1Te4,kesterite,-0.6295,,1.039,PBEsol
K2Mg1Ge1Te4,stannite,-0.5004,,0.32,PBEsol
K2Mg1Sn0.5Ge0.5S4,stannite,-0.8932,0.1487,1.669,PBEsol
K2Mg1Sn0.5Ge0.5Te4,kesterite,-0.4772,,1.23,PBEsol
K2Mg1Sn0.5Ge0.5Te4,stannite,-0.3879,,0.65,PBEsol
K2Mg1Sn0.5Zr0.5S4,stannite,-1.061,0.654,2.015,PBEsol
K2Mg1Sn0.5Zr0.5Se4,stannite,-0.9343,0.9441,1.462,PBEsol
K2Mg1Sn0.5Zr0.5Te4,stannite,-0.4913,,0.146,PBEsol
K2Mg1Sn1S1Se1Te2,stannite,-0.575,,0.47,PBEsol
K2Mg1Sn1S1Se2Te1,stannite,-0.6929,,0.331,PBEsol
K2Mg1Sn1S1Te3,stannite,-0.4594,,0.619,PBEsol
K2Mg1Sn1S2Se1Te1,stannite,-0.6967,,0.286,PBEsol
K2Mg1Sn1S2Se2,stannite,-0.8162,0.6215,1.354,PBEsol
K2Mg1Sn1S2Te2,stannite,-0.591,,0.657,PBEsol
K2Mg1Sn1S3Se1,stannite,-0.8424,0.5447,1.35,PBEsol
K2Mg1Sn1S3Te1,stannite,-0.7272,,0.233,PBEsol
K2Mg1Sn1S4,kesterite,-1.0404,-0.8734,2.602,PBEsol
K2Mg1Sn1S4,stannite,-0.9394,-0.065,1.588,PBEsol
K2Mg1Sn1Se1Te3,stannite,-0.4401,,0.587,PBEsol
K2Mg1Sn1Se2Te2,stannite,-0.55,,0.75,PBEsol
K2Mg1Sn1Se3Te1,stannite,-0.6586,,0.366,PBEsol
K2Mg1Sn1Se4,kesterite,-0.9697,-0.7995,1.908,PBEsol
K2Mg1Sn1Se4,stannite,-0.8636,0.0498,0.916,PBEsol
K2Mg1Sn1Te4,kesterite,-0.6712,,1.223,PBEsol
K2Mg1Sn1Te4,stannite,-0.5665,,0.505,PBEsol
K2Mg1Zr1S1Se1Te2,stannite,-0.8823,1.6965,0.97,PBEsol
K2Mg1Zr1S1Se2Te1,stannite,-1.01,1.3339,1.126,PBEsol
K2Mg1Zr1S1Se3,stannite,-1.134,1.0381,1.859,PBEsol
K2Mg1Zr1S1Te3,stannite,-0.7615,2.041,1.175,PBEsol
K2Mg1Zr1S2Se1Te1,kesterite,-1.1933,0.1062,2.153,PBEsol
K2Mg1Zr1S2Se1Te1,stannite,-1.1202,0.6912,0.926,PBEsol
K2Mg1Zr1S2Se2,stannite,-1.1754,0.9353,1.951,PBEsol
K2Mg1Zr1S2Te2,stannite,-0.9161,1.6922,1.331,PBEsol
K2Mg1Zr1S3Se1,stannite,-1.2098,0.9091,1.942,PBEsol
K2Mg1Zr1S3Te1,stannite,-1.081,1.2806,1.058,PBEsol
K2Mg1Zr1S4,kesterite,-1.3093,0.3954,2.978,PBEsol
K2Mg1Zr1S4,stannite,-1.253,0.8458,2.284,PBEsol
K2Mg1Zr1Se1Te3,stannite,-0.7297,2.0569,1.156,PBEsol
K2Mg1Zr1Se2Te2,stannite,-0.8534,1.7156,1.382,PBEsol
K2Mg1Zr1Se3Te1,stannite,-0.9746,1.4155,1.121,PBEsol
K2Mg1Zr1Se4,kesterite,-1.1497,0.717,2.503,PBEsol
K2Mg1Zr1Se4,stannite,-1.099,1.1219,1.834,PBEsol
K2Mg1Zr1Te4,kesterite,-0.6424,2.1396,1.819,PBEsol
K2Mg1Zr1Te4,stannite,-0.6055,2.4349,1.308,PBEsol
K2Sr0.5Ba0.5Ge1S4,kesterite,-1.0343,0.1979,2.392,PBEsol
K2Sr0.5Ba0.5Ge1S4,stannite,-1.0155,0.3482,2.311,PBEsol
K2Sr0.5Ba0.5Ge1Se4,stannite,-0.9795,0.3963,1.474,PBEsol
K2Sr0.5Ba0.5Sn1S4,stannite,-0.9945,0.7918,2.394,PBEsol
K2Sr0.5Ba0.5Zr1S4,kesterite,-1.3988,0.9766,3.124,PBEsol
K2Sr0.5Ba0.5Zr1S4,stannite,-1.3893,1.0532,3.115,PBEsol
K2Sr0.5Ba0.5Zr1Se4,kesterite,-1.2485,1.5769,2.774,PBEsol
K2Sr0.5Ba0.5Zr1Se4,stannite,-1.2477,1.5831,2.735,PBEsol
K2Sr0.5Ba0.5Zr1Te4,kesterite,-0.7046,3.4818,2.177,PBEsol
K2Sr0.5Cd0.5Ge1S4,stannite,-0.8363,0.2997,1.59,PBEsol
K2Sr0.5Cd0.5Ge1Se4,stannite,-0.7106,1.0714,1.064,PBEsol
K2Sr0.5Cd0.5Zr1Se4,stannite,-1.03,1.8493,1.363,PBEsol
K2Sr0.5Zn0.5Ge1S4,stannite,-0.8211,0.6187,1.403,PBEsol
K2Sr0.5Zn0.5Ge1Te4,kesterite,-0.3461,,0.164,PBEsol
K2Sr0.5Zn0.5Zr1S4,stannite,-1.2168,1.148,1.635,PBEsol
K2Sr0.5Zn0.5Zr1Se4,stannite,-1.0696,1.6424,1.242,PBEsol
K2Sr0.5Zn0.5Zr1Te4,stannite,-0.566,3.2319,0.823,PBEsol
K2Sr1Ge0.5Zr0.5S4,kesterite,-1.2561,0.3675,2.637,PBEsol
K2Sr1Ge0.5Zr0.5S4,stannite,-1.2371,0.5189,2.289,PBEsol
K2Sr1Ge0.5Zr0.5Se4,stannite,-1.0998,1.1469,1.796,PBEsol
K2Sr1Ge1S1Se2Te1,stannite,-0.8079,,1.218,PBEsol
K2Sr1Ge1S3Se1,kesterite,-1.023,0.2864,2.286,PBEsol
K2Sr1Ge1S3Se1,stannite,-0.9882,0.5645,1.993,PBEsol
K2Sr1Ge1S3Te1,stannite,-0.874,,1.154,PBEsol
K2Sr1Ge1S4,kesterite,-1.1379,-0.5173,2.54,PBEsol
K2Sr1Ge1S4,stannite,-1.0741,-0.007,2.034,PBEsol
K2Sr1Ge1Se4,kesterite,-1.0509,-0.1105,1.797,PBEsol
K2Sr1Ge1Se4,stannite,-0.9791,0.4635,1.396,PBEsol
K2Sr1Ge1Te4,kesterite,-0.742,,0.785,PBEsol
K2Sr1Ge1Te4,stannite,-0.6615,,1.007,PBEsol
K2Sr1Sn0.5Ge0.5Se4,kesterite,-1.0044,0.4318,1.173,PBEsol
K2Sr1Sn0.5Ge0.5Se4,stannite,-0.9573,0.8087,1.471,PBEsol
K2Sr1Sn0.5Zr0.5Se4,kesterite,-1.2943,-0.221,2.198,PBEsol
K2Sr1Sn0.5Zr0.5Se4,stannite,-1.1556,0.8886,1.783,PBEsol
K2Sr1Sn1S1Se2Te1,stannite,-0.8069,,1.354,PBEsol
K2Sr1Sn1S1Se3,kesterite,-1.1828,-0.7854,1.905,PBEsol
K2Sr1Sn1S1Se3,stannite,-1.0036,0.6483,1.706,PBEsol
K2Sr1Sn1S3Se1,stannite,-0.9757,0.9657,2.105,PBEsol
K2Sr1Sn1S4,kesterite,-1.1368,-0.232,2.526,PBEsol
K2Sr1Sn1S4,stannite,-1.0692,0.3081,2.227,PBEsol
K2Sr1Sn1Se4,kesterite,-1.0774,0.0541,1.996,PBEsol
K2Sr1Sn1Se4,stannite,-1.0261,0.4644,1.479,PBEsol
K2Sr1Sn1Te4,kesterite,-0.7925,,1.04,PBEsol
K2Sr1Sn1Te4,stannite,-0.7282,,1.13,PBEsol
K2Sr1Zr1S1Se1Te2,stannite,-1.0208,2.2911,2.014,PBEsol
K2Sr1Zr1S1Se2Te1,stannite,-1.1545,1.8488,2.197,PBEsol
K2Sr1Zr1S1Se3,stannite,-1.2847,1.4712,2.914,PBEsol
K2Sr1Zr1S2Se2,stannite,-1.3252,1.3,3.004,PBEsol
K2Sr1Zr1S3Te1,stannite,-1.2309,1.6006,2.126,PBEsol
K2Sr1Zr1S4,kesterite,-1.4107,0.9956,3.276,PBEsol
K2Sr1Zr1S4,stannite,-1.3981,1.0964,3.267,PBEsol
K2Sr1Zr1Se3Te1,stannite,-1.1192,2.0051,2.202,PBEsol
K2Sr1Zr1Se4,stannite,-1.2473,1.6507,2.816,PBEsol
K2Sr1Zr1Te4,kesterite,-0.7173,3.3817,2.245,PBEsol
K2Sr1Zr1Te4,stannite,-0.7076,3.4591,2.196,PBEsol
K2Zn0.5Cd0.5Ge1S4,stannite,-0.675,0.2092,1.389,PBEsol
K2Zn0.5Cd0.5Ge1Se4,stannite,-0.5529,0.9213,0.793,PBEsol
K2Zn0.5Cd0.5Sn1Te4,stannite,-0.3507,,0.511,PBEsol
K2Zn0.5Cd0.5Zr1S4,kesterite,-1.0958,0.5376,2.39,PBEsol
K2Zn0.5Cd0.5Zr1S4,stannite,-1.0314,1.0532,1.643,PBEsol
K2Zn0.5Cd0.5Zr1Se4,stannite,-0.876,1.6688,1.236,PBEsol
K2Zn0.5Cd0.5Zr1Te4,stannite,-0.3982,3.2068,0.626,PBEsol
K2Zn1Ge0.5Zr0.5Se4,stannite,-0.7547,1.0836,0.842,PBEsol
K2Zn1Ge1S1Se1Te2,stannite,-0.3909,,0.205,PBEsol
K2Zn1Ge1S1Se2Te1,stannite,-0.493,,0.001,PBEsol
K2Zn1Ge1S1Se3,stannite,-0.5994,0.7215,0.737,PBEsol
K2Zn1Ge1S2Se2,stannite,-0.6905,0.0709,0.676,PBEsol
K2Zn1Ge1S2Te2,stannite,-0.4018,,0.188,PBEsol
K2Zn1Ge1S3Se1,stannite,-0.7168,-0.0419,0.569,PBEsol
K2Zn1Ge1S3Te1,stannite,-0.5474,,0.219,PBEsol
K2Zn1Ge1S4,kesterite,-0.8911,-1.3051,2.567,PBEsol
K2Zn1Ge1S4,stannite,-0.745,-0.1357,1.208,PBEsol
K2Zn1Ge1Se2Te2,stannite,-0.3608,,0.199,PBEsol
K2Zn1Ge1Se4,kesterite,-0.8092,-1.001,1.736,PBEsol
K2Zn1Ge1Se4,stannite,-0.6578,0.2104,0.463,PBEsol
K2Zn1Ge1Te4,kesterite,-0.5286,,1.027,PBEsol
K2Zn1Ge1Te4,stannite,-0.3805,,0.206,PBEsol
K2Zn1Sn0.5Ge0.5S4,stannite,-0.7101,0.2631,1.387,PBEsol
K2Zn1Sn0.5Ge0.5Se4,kesterite,-0.8106,-0.8421,1.699,PBEsol
K2Zn1Sn0.5Ge0.5Se4,stannite,-0.6056,0.7981,0.724,PBEsol
K2Zn1Sn0.5Ge0.5Te4,stannite,-0.4104,,0.024,PBEsol
K2Zn1Sn0.5Zr0.5Te4,stannite,-0.3825,,0.123,PBEsol
K2Zn1Sn1S1Se1Te2,stannite,-0.4178,,0.033,PBEsol
K2Zn1Sn1S1Se2Te1,stannite,-0.6437,,0.191,PBEsol
K2Zn1Sn1S1Te3,stannite,-0.3071,,0.151,PBEsol
K2Zn1Sn1S3Se1,stannite,-0.6635,0.6861,0.898,PBEsol
K2Zn1Sn1S3Te1,stannite,-0.5531,,0.266,PBEsol
K2Zn1Sn1S4,kesterite,-0.886,-0.9885,2.048,PBEsol
K2Zn1Sn1S4,stannite,-0.7703,-0.0629,1.242,PBEsol
K2Zn1Sn1Se3Te1,stannite,-0.4838,,0.071,PBEsol
K2Zn1Sn1Se4,kesterite,-0.8297,-0.7889,1.457,PBEsol
K2Zn1Sn1Se4,stannite,-0.7086,0.18,0.587,PBEsol
K2Zn1Sn1Te4,kesterite,-0.564,,1.176,PBEsol
K2Zn1Sn1Te4,stannite,-0.445,,0.167,PBEsol
K2Zn1Zr1S1Se1Te2,stannite,-0.6904,2.1955,0.354,PBEsol
K2Zn1Zr1S1Se2Te1,stannite,-0.8178,1.7686,0.48,PBEsol
K2Zn1Zr1S2Se1Te1,stannite,-0.8516,1.6765,0.532,PBEsol
K2Zn1Zr1S2Se2,stannite,-0.9775,1.2884,1.337,PBEsol
K2Zn1Zr1S2Te2,stannite,-0.726,2.1159,0.799,PBEsol
K2Zn1Zr1S3Se1,stannite,-1.0218,1.123,1.248,PBEsol
K2Zn1Zr1S3Te1,stannite,-0.8926,1.5645,0.415,PBEsol
K2Zn1Zr1S4,kesterite,-1.1372,0.4213,2.381,PBEsol
K2Zn1Zr1S4,stannite,-1.0661,0.9906,1.596,PBEsol
K2Zn1Zr1Se1Te3,stannite,-0.5334,2.7178,0.637,PBEsol
K2Zn1Zr1Se2Te2,stannite,-0.6553,2.3241,0.827,PBEsol
K2Zn1Zr1Se3Te1,stannite,-0.7801,1.9283,0.611,PBEsol
K2Zn1Zr1Se4,kesterite,-0.9737,1.0153,1.932,PBEsol
K2Zn1Zr1Se4,stannite,-0.9141,1.4923,1.196,PBEsol
K2Zn1Zr1Te4,kesterite,-0.7022,0.8178,1.01,PBEsol
K2Zn1Zr1Te4,stannite,-0.5565,1.9836,0.746,PBEsol
Na0.5Ag0.5Al0.5Ga0.5Te2,kesterite,-0.3925,-0.0916,1.168,PBEsol
Na0.5Ag0.5Al0.5Ga0.5Te2,stannite,-0.3761,-0.0259,0.378,PBEsol
Na0.5Ag0.5Al0.5In0.5S1Se1,kesterite,-0.7165,-0.2276,1.375,PBEsol
Na0.5Ag0.5Al0.5In0.5S1Se1,stannite,-0.7146,-0.2201,0.831,PBEsol
Na0.5Ag0.5Al0.5In0.5S1Te1,kesterite,-0.522,0.0151,1.359,PBEsol
Na0.5Ag0.5Al0.5In0.5S1Te1,stannite,-0.5062,0.0784,0.095,PBEsol
Na0.5Ag0.5Al0.5In0.5Se1Te1,kesterite,-0.575,-0.3446,1.117,PBEsol
Na0.5Ag0.5Al0.5In0.5Se1Te1,stannite,-0.5399,-0.204,0.101,PBEsol
Na0.5Ag0.5Al1S1Te1,kesterite,-0.6514,-0.0956,1.877,PBEsol
Na0.5Ag0.5Al1S1Te1,stannite,-0.5869,0.1624,0.271,PBEsol
Na0.5Ag0.5Al1S2,kesterite,-0.9636,-0.4135,2.285,PBEsol
Na0.5Ag0.5Al1Se2,kesterite,-0.7979,-0.2439,1.636,PBEsol
Na0.5Ag0.5Al1Se2,stannite,-0.77,-0.132,0.988,PBEsol
Na0.5Ag0.5Al1Te2,kesterite,-0.4335,-0.0835,1.635,PBEsol
Na0.5Ag0.5Al1Te2,stannite,-0.4208,-0.0329,0.848,PBEsol
Na0.5Ag0.5Ga0.5In0.5S1Te1,kesterite,-0.4596,-0.0473,1.125,PBEsol
Na0.5Ag0.5Ga0.5In0.5S1Te1,stannite,-0.4203,0.1101,0.292,PBEsol
Na0.5Ag0.5Ga0.5In0.5Se2,kesterite,-0.5998,-0.1898,0.794,PBEsol
Na0.5Ag0.5Ga0.5In0.5Se2,stannite,-0.5689,-0.0665,0.088,PBEsol
Na0.5Ag0.5Ga1S2,kesterite,-0.7147,-0.3576,1.629,PBEsol
Na0.5Ag0.5Ga1Se1Te1,kesterite,-0.5031,-0.2199,1.034,PBEsol
Na0.5Ag0.5Ga1Se1Te1,stannite,-0.4599,-0.0469,0.243,PBEsol
Na0.5Ag0.5Ga1Se2,kesterite,-0.6211,-0.1704,1.036,PBEsol
Na0.5Ag0.5Ga1Se2,stannite,-0.5935,-0.0601,0.24,PBEsol
Na0.5Ag0.5Ga1Te2,kesterite,-0.3473,-0.0468,0.89,PBEsol
Na0.5Ag0.5Ga1Te2,stannite,-0.3323,0.013,0.036,PBEsol
Na0.5Ag0.5In1S1Se1,kesterite,-0.5892,-0.2032,0.843,PBEsol
Na0.5Ag0.5In1S1Se1,stannite,-0.5817,-0.1734,0.463,PBEsol
Na0.5Ag0.5In1S1Te1,kesterite,-0.4465,-0.0543,0.961,PBEsol
Na0.5Ag0.5In1S1Te1,stannite,-0.3994,0.1343,0.234,PBEsol
Na0.5Ag0.5In1S2,kesterite,-0.6205,-0.2441,1.077,PBEsol
Na0.5Ag0.5In1S2,stannite,-0.6163,-0.2273,0.646,PBEsol
Na0.5Ag0.5In1Se2,kesterite,-0.5778,-0.171,0.639,PBEsol
Na0.5Ag0.5In1Se2,stannite,-0.5736,-0.1542,0.184,PBEsol
Na0.5Ag0.5In1Te2,kesterite,-0.3476,-0.0934,0.689,PBEsol
Na0.5Ag0.5In1Te2,stannite,-0.3502,-0.1036,0.229,PBEsol
Na0.5Ag1.5Ba1Ge1S4,kesterite,-0.7389,0.1558,1.223,PBEsol
Na0.5Ag1.5Ba1Sn0.5Ge0.5S1Se1Te2,kesterite,-0.6075,,0.551,PBEsol
Na0.5Ag1.5Ba1Sn1S4,stannite,-0.7357,0.4573,1.246,PBEsol
Na0.5Ag1.5Ba1Zr1S4,stannite,-1.0798,1.1244,1.66,PBEsol
Na0.5Ag1.5Ba1Zr1Se4,kesterite,-0.905,1.9749,1.18,PBEsol
Na0.5Ag1.5Ba1Zr1Te4,stannite,-0.4259,3.5251,0.766,PBEsol
Na0.5Ag1.5Ca0.5Ba0.5Sn0.5Ge0.5Te4,kesterite,-0.4171,,0.639,PBEsol
Na0.5Ag1.5Ca0.5Ba0.5Sn0.5Ge0.5Te4,stannite,-0.5029,,0.188,PBEsol
Na0.5Ag1.5Ca1Ge1S4,kesterite,-0.7557,0.2259,1.586,PBEsol
Na0.5Ag1.5Ca1Ge1S4,stannite,-0.7723,0.0929,1.636,PBEsol
Na0.5Ag1.5Ca1Ge1Se4,kesterite,-0.6543,0.6658,1.054,PBEsol
Na0.5Ag1.5Ca1Ge1Se4,stannite,-0.6693,0.5459,1.048,PBEsol
Na0.5Ag1.5Ca1Ge1Te4,kesterite,-0.3222,,0.986,PBEsol
Na0.5Ag1.5Ca1Ge1Te4,stannite,-0.3395,,0.991,PBEsol
Na0.5Ag1.5Ca1Sn1S4,kesterite,-0.7442,0.5939,1.438,PBEsol
Na0.5Ag1.5Ca1Sn1S4,stannite,-0.7532,0.5221,1.287,PBEsol
Na0.5Ag1.5Ca1Sn1Se4,kesterite,-0.6547,1.0392,1.064,PBEsol
Na0.5Ag1.5Ca1Sn1Se4,stannite,-0.6597,0.9993,0.896,PBEsol
Na0.5Ag1.5Ca1Zr1S4,kesterite,-1.0971,1.1899,1.7,PBEsol
Na0.5Ag1.5Ca1Zr1S4,stannite,-1.1047,1.1293,1.798,PBEsol
Na0.5Ag1.5Ca1Zr1Se4,kesterite,-0.9367,1.7393,1.432,PBEsol
Na0.5Ag1.5Ca1Zr1Se4,stannite,-0.9417,1.6997,1.481,PBEsol
Na0.5Ag1.5Ca1Zr1Te4,kesterite,-0.4658,2.9886,1.025,PBEsol
Na0.5Ag1.5Cd1Ge1S4,kesterite,-0.4404,-0.4203,1.113,PBEsol
Na0.5Ag1.5Cd1Ge1S4,stannite,-0.4273,-0.3151,0.851,PBEsol
Na0.5Ag1.5Cd1Ge1Se4,kesterite,-0.3731,-0.053,0.541,PBEsol
Na0.5Ag1.5Cd1Ge1Se4,stannite,-0.3577,0.07,0.24,PBEsol
Na0.5Ag1.5Cd1Ge1Te4,kesterite,-0.1124,,0.602,PBEsol
Na0.5Ag1.5Cd1Ge1Te4,stannite,-0.1002,,0.208,PBEsol
Na0.5Ag1.5Cd1Sn1S4,kesterite,-0.4279,-0.0446,0.831,PBEsol
Na0.5Ag1.5Cd1Sn1S4,stannite,-0.4203,0.0163,0.6,PBEsol
Na0.5Ag1.5Cd1Sn1Se4,kesterite,-0.4108,0.0213,0.302,PBEsol
Na0.5Ag1.5Cd1Sn1Se4,stannite,-0.3972,0.1301,0.083,PBEsol
Na0.5Ag1.5Cd1Sn1Te4,kesterite,-0.0624,,0.63,PBEsol
Na0.5Ag1.5Cd1Sn1Te4,stannite,-0.0508,,0.368,PBEsol
Na0.5Ag1.5Cd1Zr1S4,kesterite,-0.7626,0.6975,1.489,PBEsol
Na0.5Ag1.5Cd1Zr1S4,stannite,-0.7599,0.7194,1.382,PBEsol
Na0.5Ag1.5Cd1Zr1Se4,kesterite,-0.6237,1.2741,1.2,PBEsol
Na0.5Ag1.5Cd1Zr1Se4,stannite,-0.6205,1.3001,1.048,PBEsol
Na0.5Ag1.5Cd1Zr1Te4,kesterite,-0.3085,1.6969,0.739,PBEsol
Na0.5Ag1.5Cd1Zr1Te4,stannite,-0.1961,2.596,0.633,PBEsol
Na0.5Ag1.5Mg1Ge1S4,kesterite,-0.6385,-0.2602,1.594,PBEsol
Na0.5Ag1.5Mg1Ge1S4,stannite,-0.6185,-0.1004,1.185,PBEsol
Na0.5Ag1.5Mg1Ge1Se4,kesterite,-0.5427,-0.08,0.923,PBEsol
Na0.5Ag1.5Mg1Ge1Se4,stannite,-0.515,0.1409,0.518,PBEsol
Na0.5Ag1.5Mg1Ge1Te4,kesterite,-0.2386,,0.829,PBEsol
Na0.5Ag1.5Mg1Ge1Te4,stannite,-0.2221,,0.405,PBEsol
Na0.5Ag1.5Mg1Sn1S4,kesterite,-0.6289,0.0926,1.266,PBEsol
Na0.5Ag1.5Mg1Sn1S4,stannite,-0.6159,0.1966,0.902,PBEsol
Na0.5Ag1.5Mg1Sn1Se4,kesterite,-0.5395,0.3215,0.793,PBEsol
Na0.5Ag1.5Mg1Sn1Se4,stannite,-0.5245,0.4418,0.437,PBEsol
Na0.5Ag1.5Mg1Sn1Te4,kesterite,-0.1948,,0.864,PBEsol
Na0.5Ag1.5Mg1Sn1Te4,stannite,-0.1821,,0.543,PBEsol
Na0.5Ag1.5Mg1Zr1S4,kesterite,-0.9678,0.8009,1.863,PBEsol
Na0.5Ag1.5Mg1Zr1S4,stannite,-0.9622,0.8457,1.805,PBEsol
Na0.5Ag1.5Mg1Zr1Se4,kesterite,-0.8048,1.1555,1.554,PBEsol
Na0.5Ag1.5Mg1Zr1Se4,stannite,-0.7986,1.2049,1.522,PBEsol
Na0.5Ag1.5Mg1Zr1Te4,stannite,-0.3483,2.2716,0.982,PBEsol
Na0.5Ag1.5Sr1Ge1S4,kesterite,-0.7513,0.2493,1.416,PBEsol
Na0.5Ag1.5Sr1Ge1Se4,kesterite,-0.6492,0.7828,0.922,PBEsol
Na0.5Ag1.5Sr1Sn1S4,kesterite,-0.7244,0.7404,1.318,PBEsol
Na0.5Ag1.5Sr1Sn1Se4,stannite,-0.6413,1.2222,0.995,PBEsol
Na0.5Ag1.5Sr1Zr1S4,kesterite,-1.0845,1.2791,1.592,PBEsol
Na0.5Ag1.5Sr1Zr1S4,stannite,-1.0951,1.1946,1.749,PBEsol
Na0.5Ag1.5Sr1Zr1Se4,kesterite,-0.9191,1.956,1.326,PBEsol
Na0.5Ag1.5Sr1Zr1Se4,stannite,-0.9246,1.9121,1.431,PBEsol
Na0.5Ag1.5Sr1Zr1Te4,stannite,-0.4221,3.5224,0.895,PBEsol
Na0.5Ag1.5Zn1Ge1S4,kesterite,-0.4888,-0.4129,1.394,PBEsol
Na0.5Ag1.5Zn1Ge1S4,stannite,-0.4566,-0.1553,0.892,PBEsol
Na0.5Ag1.5Zn1Ge1Se4,kesterite,-0.4033,-0.0746,0.68,PBEsol
Na0.5Ag1.5Zn1Ge1Se4,stannite,-0.371,0.1843,0.121,PBEsol
Na0.5Ag1.5Zn1Ge1Te4,kesterite,-0.1482,,0.612,PBEsol
Na0.5Ag1.5Zn1Ge1Te4,stannite,-0.1141,,0.08,PBEsol
Na0.5Ag1.5Zn1Sn1S4,kesterite,-0.4838,-0.0967,0.937,PBEsol
Na0.5Ag1.5Zn1Sn1S4,stannite,-0.4635,0.0657,0.566,PBEsol
Na0.5Ag1.5Zn1Sn1Se4,kesterite,-0.4226,0.1473,0.446,PBEsol
Na0.5Ag1.5Zn1Sn1Se4,stannite,-0.396,0.3603,0.037,PBEsol
Na0.5Ag1.5Zn1Sn1Te4,kesterite,-0.1405,,0.616,PBEsol
Na0.5Ag1.5Zn1Sn1Te4,stannite,-0.1167,,0.052,PBEsol
Na0.5Ag1.5Zn1Zr1S4,kesterite,-0.8155,0.6689,1.459,PBEsol
Na0.5Ag1.5Zn1Zr1S4,stannite,-0.8017,0.7796,1.343,PBEsol
Na0.5Ag1.5Zn1Zr1Se4,kesterite,-0.6744,1.0895,1.185,PBEsol
Na0.5Ag1.5Zn1Zr1Se4,stannite,-0.6591,1.2119,0.983,PBEsol
Na0.5Ag1.5Zn1Zr1Te4,kesterite,-0.2791,1.9822,0.665,PBEsol
Na0.5Ag1.5Zn1Zr1Te4,stannite,-0.2705,2.0508,0.536,PBEsol
Na0.5Cs0.5Ag1Ba1Sn1S4,kesterite,-0.708,1.4225,1.017,PBEsol
Na0.5Cs0.5Ag1Ba1Zr1Te4,kesterite,-0.6468,2.4794,0.59,PBEsol
Na0.5Cs0.5Ag1Ba1Zr1Te4,stannite,-0.7857,1.3683,1.313,PBEsol
Na0.5Cs0.5Ag1Ca1Ge1S4,stannite,-0.849,0.2229,1.505,PBEsol
Na0.5Cs0.5Ag1Ca1Ge1Se4,stannite,-0.7376,0.7544,0.979,PBEsol
Na0.5Cs0.5Ag1Ca1Zr1S4,kesterite,-1.144,1.5581,1.496,PBEsol
Na0.5Cs0.5Ag1Cd1Ge1Se4,stannite,-0.4011,0.4773,0.259,PBEsol
Na0.5Cs0.5Ag1Cd1Ge1Te4,kesterite,-0.1894,,0.224,PBEsol
Na0.5Cs0.5Ag1Cd1Ge1Te4,stannite,-0.1994,,0.359,PBEsol
Na0.5Cs0.5Ag1Cd1Sn1S4,stannite,-0.4621,0.4256,0.635,PBEsol
Na0.5Cs0.5Ag1Cd1Sn1Se4,stannite,-0.3734,1.0754,0.246,PBEsol
Na0.5Cs0.5Ag1Cd1Sn1Te4,kesterite,-0.2452,,0.277,PBEsol
Na0.5Cs0.5Ag1Cd1Sn1Te4,stannite,-0.2801,,0.07,PBEsol
Na0.5Cs0.5Ag1Cd1Zr1Se4,kesterite,-0.74,1.0987,1.185,PBEsol
Na0.5Cs0.5Ag1Cd1Zr1Te4,stannite,-0.3461,2.1174,0.609,PBEsol
Na0.5Cs0.5Ag1Mg1Ge1S4,stannite,-0.6746,0.1945,1.076,PBEsol
Na0.5Cs0.5Ag1Mg1Ge1Se4,stannite,-0.5662,0.4866,0.522,PBEsol
Na0.5Cs0.5Ag1Mg1Ge1Te4,stannite,-0.3276,,0.189,PBEsol
Na0.5Cs0.5Ag1Mg1Sn1S4,stannite,-0.6625,0.5675,0.89,PBEsol
Na0.5Cs0.5Ag1Mg1Sn1Se4,kesterite,-0.5514,0.9813,0.792,PBEsol
Na0.5Cs0.5Ag1Mg1Sn1Se4,stannite,-0.5626,0.8916,0.478,PBEsol
Na0.5Cs0.5Ag1Mg1Zr1S4,stannite,-1.0289,1.0553,1.671,PBEsol
Na0.5Cs0.5Ag1Sr1Zr1S4,kesterite,-1.1186,1.7501,1.349,PBEsol
Na0.5Cs0.5Ag1Sr1Zr1Se4,kesterite,-0.9563,2.4129,1.088,PBEsol
Na0.5Cs0.5Ag1Zn1Ge1Te4,stannite,-0.1129,,0.102,PBEsol
Na0.5Cs0.5Ag1Zn1Sn1S4,kesterite,-0.5067,0.4635,1.042,PBEsol
Na0.5Cs0.5Ag1Zn1Sn1S4,stannite,-0.4955,0.5531,0.51,PBEsol
Na0.5Cs0.5Ag1Zn1Sn1Se4,stannite,-0.4222,0.9056,0.038,PBEsol
Na0.5Cs0.5Ag1Zn1Sn1Te4,stannite,-0.1241,,0.076,PBEsol
Na0.5Cs0.5Ag1Zn1Zr1S4,stannite,-0.8583,1.07,1.041,PBEsol
Na0.5Cs0.5Ag1Zn1Zr1Se4,kesterite,-0.7231,1.4542,1.186,PBEsol
Na0.5Cs0.5Ag1Zn1Zr1Se4,stannite,-0.7175,1.4992,0.776,PBEsol
Na0.5Cs0.5Al0.5In0.5S1Te1,kesterite,-0.7851,-0.2926,1.987,PBEsol
Na0.5Cs0.5Al0.5In0.5S1Te1,stannite,-0.7037,0.033,0.063,PBEsol
Na0.5Cs0.5Al0.5In0.5Se1Te1,kesterite,-0.7288,-0.2094,1.135,PBEsol
Na0.5Cs0.5Al0.5In0.5Se1Te1,stannite,-0.6909,-0.0577,0.097,PBEsol
Na0.5Cs0.5Al0.5In0.5Te2,stannite,-0.5454,0.0081,0.447,PBEsol
Na0.5Cs0.5Al1S1Se1,kesterite,-1.1154,-0.5415,2.675,PBEsol
Na0.5Cs0.5Al1S2,kesterite,-1.1841,-0.5397,2.999,PBEsol
Na0.5Cs0.5Cu0.5Ag0.5Ba1Ge1S4,stannite,-0.8606,0.0062,1.589,PBEsol
Na0.5Cs0.5Cu0.5Ag0.5Ba1Ge1Se4,stannite,-0.7669,0.4746,1.017,PBEsol
Na0.5Cs0.5Cu0.5Ag0.5Ca1Sn1Se4,kesterite,-0.7088,1.3341,0.732,PBEsol
Na0.5Cs0.5Cu0.5Ag0.5Cd1Ge1Se4,stannite,-0.4181,0.314,0.203,PBEsol
Na0.5Cs0.5Cu0.5Ag0.5Cd1Ge1Te4,stannite,-0.0822,,0.239,PBEsol
Na0.5Cs0.5Cu0.5Ag0.5Cd1Sn1S4,stannite,-0.5089,0.1319,0.452,PBEsol
Na0.5Cs0.5Cu0.5Ag0.5Cd1Sn1Se4,kesterite,-0.4077,0.7737,0.333,PBEsol
Na0.5Cs0.5Cu0.5Ag0.5Cd1Sn1Se4,stannite,-0.4387,0.5262,0.152,PBEsol
Na0.5Cs0.5Cu0.5Ag0.5Cd1Sn1Te4,kesterite,-0.0747,,0.399,PBEsol
Na0.5Cs0.5Cu0.5Ag0.5Cd1Zr1S4,stannite,-0.8602,0.7407,1.038,PBEsol
Na0.5Cs0.5Cu0.5Ag0.5Cd1Zr1Se4,stannite,-0.7212,1.2218,0.77,PBEsol
Na0.5Cs0.5Cu0.5Ag0.5Cd1Zr1Te4,kesterite,-0.2602,2.6582,0.643,PBEsol
Na0.5Cs0.5Cu0.5Ag0.5Cd1Zr1Te4,stannite,-0.2841,2.4665,0.421,PBEsol
Na0.5Cs0.5Cu0.5Ag0.5Mg0.5Cd0.5Ge1S1Se2Te1,kesterite,-0.4556,,0.279,PBEsol
Na0.5Cs0.5Cu0.5Ag0.5Mg0.5Cd0.5Ge1S1Se2Te1,stannite,-0.4802,,0.067,PBEsol
Na0.5Cs0.5Cu0.5Ag0.5Mg1Ge1S4,stannite,-0.695,0.1114,0.885,PBEsol
Na0.5Cs0.5Cu0.5Ag0.5Mg1Ge1Se4,kesterite,-0.5442,0.6353,0.726,PBEsol
Na0.5Cs0.5Cu0.5Ag0.5Mg1Ge1Se4,stannite,-0.5813,0.3387,0.434,PBEsol
Na0.5Cs0.5Cu0.5Ag0.5Mg1Ge1Te4,kesterite,-0.1976,,0.511,PBEsol
Na0.5Cs0.5Cu0.5Ag0.5Mg1Sn1S4,stannite,-0.7087,0.2784,0.65,PBEsol
Na0.5Cs0.5Cu0.5Ag0.5Mg1Sn1Se4,kesterite,-0.5836,0.6963,0.594,PBEsol
Na0.5Cs0.5Cu0.5Ag0.5Mg1Sn1Se4,stannite,-0.6205,0.4009,0.329,PBEsol
Na0.5Cs0.5Cu0.5Ag0.5Mg1Sn1Te4,kesterite,-0.2508,,0.508,PBEsol
Na0.5Cs0.5Cu0.5Ag0.5Mg1Sn1Te4,stannite,-0.2884,,0.454,PBEsol
Na0.5Cs0.5Cu0.5Ag0.5Mg1Zr1S4,kesterite,-1.0243,1.1723,1.377,PBEsol
Na0.5Cs0.5Cu0.5Ag0.5Mg1Zr1S4,stannite,-1.0655,0.8431,1.491,PBEsol
Na0.5Cs0.5Cu0.5Ag0.5Mg1Zr1Se4,kesterite,-0.8726,1.3408,1.176,PBEsol
Na0.5Cs0.5Cu0.5Ag0.5Mg1Zr1Se4,stannite,-0.9066,1.0683,1.256,PBEsol
Na0.5Cs0.5Cu0.5Ag0.5Mg1Zr1Te4,stannite,-0.4688,1.8829,0.814,PBEsol
Na0.5Cs0.5Cu0.5Ag0.5Sr1Ge1Se4,stannite,-0.7737,0.5144,1.058,PBEsol
Na0.5Cs0.5Cu0.5Ag0.5Sr1Sn1S1Te3,kesterite,-0.501,,0.036,PBEsol
Na0.5Cs0.5Cu0.5Ag0.5Sr1Sn1S1Te3,stannite,-0.6233,,0.028,PBEsol
Na0.5Cs0.5Cu0.5Ag0.5Zn1Ge1Se4,stannite,-0.4046,0.643,0.602,PBEsol
Na0.5Cs0.5Cu0.5Ag0.5Zn1Ge1Te4,stannite,-0.1068,,0.079,PBEsol
Na0.5Cs0.5Cu0.5Ag0.5Zn1Sn1Te4,stannite,-0.1689,,0.276,PBEsol
Na0.5Cs0.5Cu0.5Ag0.5Zn1Zr1Te4,kesterite,-0.3125,2.2906,0.637,PBEsol
Na0.5Cs0.5Cu1Ba1Zr1Se4,kesterite,-0.9489,2.3424,0.62,PBEsol
Na0.5Cs0.5Cu1Ca1Sn1Se4,kesterite,-0.6776,1.5743,0.459,PBEsol
Na0.5Cs0.5Cu1Ca1Zr1S4,kesterite,-1.1413,1.758,0.989,PBEsol
Na0.5Cs0.5Cu1Ca1Zr1Se4,kesterite,-0.9773,2.1329,0.819,PBEsol
Na0.5Cs0.5Cu1Cd1Ge1S4,stannite,-0.5379,-0.2781,0.597,PBEsol
Na0.5Cs0.5Cu1Cd1Ge1Se4,kesterite,-0.3611,0.761,0.236,PBEsol
Na0.5Cs0.5Cu1Cd1Ge1Se4,stannite,-0.4411,0.1211,0.218,PBEsol
Na0.5Cs0.5Cu1Cd1Ge1Te4,kesterite,-0.0409,,0.132,PBEsol
Na0.5Cs0.5Cu1Cd1Sn1S4,kesterite,-0.4627,0.5992,0.454,PBEsol
Na0.5Cs0.5Cu1Cd1Sn1S4,stannite,-0.5309,0.0534,0.415,PBEsol
Na0.5Cs0.5Cu1Cd1Sn1Se4,kesterite,-0.3883,0.9196,0.202,PBEsol
Na0.5Cs0.5Cu1Cd1Sn1Se4,stannite,-0.4522,0.4083,0.163,PBEsol
Na0.5Cs0.5Cu1Cd1Sn1Te4,kesterite,-0.101,,0.061,PBEsol
Na0.5Cs0.5Cu1Cd1Sn1Te4,stannite,-0.1024,,0.36,PBEsol
Na0.5Cs0.5Cu1Cd1Zr1S4,kesterite,-0.8193,1.1658,0.925,PBEsol
Na0.5Cs0.5Cu1Cd1Zr1S4,stannite,-0.8803,0.6778,0.876,PBEsol
Na0.5Cs0.5Cu1Cd1Zr1Se4,kesterite,-0.6767,1.5682,0.695,PBEsol
Na0.5Cs0.5Cu1Cd1Zr1Se4,stannite,-0.7276,1.1616,0.638,PBEsol
Na0.5Cs0.5Cu1Mg0.5Zn0.5Sn1S2Te2,stannite,-0.4408,,0.088,PBEsol
Na0.5Cs0.5Cu1Mg1Ge1S4,stannite,-0.7295,-0.0665,0.858,PBEsol
Na0.5Cs0.5Cu1Mg1Ge1Se4,stannite,-0.6034,0.152,0.438,PBEsol
Na0.5Cs0.5Cu1Mg1Ge1Te4,kesterite,-0.1693,,0.228,PBEsol
Na0.5Cs0.5Cu1Mg1Ge1Te4,stannite,-0.2461,,0.464,PBEsol
Na0.5Cs0.5Cu1Mg1Sn1S4,kesterite,-0.6531,0.8206,0.738,PBEsol
Na0.5Cs0.5Cu1Mg1Sn1S4,stannite,-0.7341,0.173,0.63,PBEsol
Na0.5Cs0.5Cu1Mg1Sn1Se4,stannite,-0.6316,0.3034,0.347,PBEsol
Na0.5Cs0.5Cu1Mg1Sn1Te4,stannite,-0.2754,,0.039,PBEsol
Na0.5Cs0.5Cu1Mg1Zr1S4,kesterite,-1.0134,1.3577,1.146,PBEsol
Na0.5Cs0.5Cu1Mg1Zr1S4,stannite,-1.0847,0.787,1.364,PBEsol
Na0.5Cs0.5Cu1Mg1Zr1Se4,kesterite,-0.8515,1.4997,0.952,PBEsol
Na0.5Cs0.5Cu1Mg1Zr1Se4,stannite,-0.9084,1.0451,1.12,PBEsol
Na0.5Cs0.5Cu1Mg1Zr1Te4,stannite,-0.4414,1.9738,0.74,PBEsol
Na0.5Cs0.5Cu1Sr1Zr1S4,kesterite,-1.1321,1.82,0.909,PBEsol
Na0.5Cs0.5Cu1Zn1Ge1S4,stannite,-0.5639,-0.0916,0.478,PBEsol
Na0.5Cs0.5Cu1Zn1Ge1Te4,stannite,-0.1146,,0.164,PBEsol
Na0.5Cs0.5Cu1Zn1Sn1Te4,kesterite,-0.101,,0.122,PBEsol
Na0.5Cs0.5Cu1Zn1Sn1Te4,stannite,-0.1731,,0.225,PBEsol
Na0.5Cs0.5Cu1Zn1Zr1S4,kesterite,-0.8514,1.3039,0.971,PBEsol
Na0.5Cs0.5Cu1Zn1Zr1S4,stannite,-0.921,0.7465,0.852,PBEsol
Na0.5Cs0.5Cu1Zn1Zr1Se4,kesterite,-0.7021,1.5857,0.766,PBEsol
Na0.5Cs0.5Cu1Zn1Zr1Se4,stannite,-0.7603,1.12,0.608,PBEsol
Na0.5Cs0.5Cu1Zn1Zr1Te4,kesterite,-0.2798,2.4228,0.576,PBEsol
Na0.5Cs0.5Cu1Zn1Zr1Te4,stannite,-0.3312,2.0122,0.259,PBEsol
Na0.5Cs0.5Ga0.5In0.5S1Se1,kesterite,-0.8574,-0.4232,1.872,PBEsol
Na0.5Cs0.5Ga0.5In0.5S1Se1,stannite,-0.7568,-0.0207,0.979,PBEsol
Na0.5Cs0.5Ga0.5In0.5Te2,stannite,-0.3855,0.4937,0.379,PBEsol
Na0.5Cs0.5Ga1S1Te1,kesterite,-0.7433,-0.342,1.808,PBEsol
Na0.5Cs0.5Ga1S1Te1,stannite,-0.6035,0.2172,0.101,PBEsol
Na0.5Cs0.5Ga1Te2,stannite,-0.3023,0.8671,0.053,PBEsol
Na0.5Cs0.5In1S1Te1,kesterite,-0.7033,-0.3366,1.568,PBEsol
Na0.5Cs0.5In1S1Te1,stannite,-0.6117,0.0297,0.119,PBEsol
Na0.5Cs0.5In1S2,kesterite,-0.8509,-0.41,1.912,PBEsol
Na0.5Cs0.5In1S2,stannite,-0.7691,-0.0826,1.471,PBEsol
Na0.5Cs1.5Ba1Ge1S4,kesterite,-0.9422,0.7975,1.618,PBEsol
Na0.5Cs1.5Ca1Ge1S4,stannite,-0.9469,0.9639,1.636,PBEsol
Na0.5Cs1.5Cd1Ge1S4,stannite,-0.5738,0.7804,0.961,PBEsol
Na0.5Cs1.5Cd1Zr1Se4,stannite,-0.7266,2.7519,0.963,PBEsol
Na0.5Cs1.5Mg0.5Zn0.5Ge1S1Se1Te2,kesterite,-0.6045,,0.002,PBEsol
Na0.5Cs1.5Mg0.5Zn0.5Ge1S1Se1Te2,stannite,-0.491,,0.269,PBEsol
Na0.5Cs1.5Mg1Ge1S4,stannite,-0.7941,0.7624,1.349,PBEsol
Na0.5Cs1.5Mg1Ge1Se4,stannite,-0.6652,1.2404,0.776,PBEsol
Na0.5Cs1.5Mg1Sn1S4,kesterite,-0.8572,0.5336,1.966,PBEsol
Na0.5Cs1.5Mg1Zr1S4,kesterite,-1.3362,0.1213,2.419,PBEsol
Na0.5Cs1.5Mg1Zr1Se4,kesterite,-1.0939,1.1434,1.886,PBEsol
Na0.5Cs1.5Sr1Sn1S4,kesterite,-0.9264,1.3925,1.944,PBEsol
Na0.5Cs1.5Sr1Zr1S4,kesterite,-1.3288,1.5927,2.191,PBEsol
Na0.5Cs1.5Sr1Zr1Se4,kesterite,-1.1766,2.1965,1.788,PBEsol
Na0.5Cs1.5Zn1Ge1S4,kesterite,-0.753,-0.2589,2.166,PBEsol
Na0.5Cs1.5Zn1Ge1Se4,kesterite,-0.6231,0.4678,1.459,PBEsol
Na0.5Cs1.5Zn1Ge1Se4,stannite,-0.4985,1.465,0.406,PBEsol
Na0.5Cs1.5Zn1Sn1S4,stannite,-0.5931,1.2963,0.892,PBEsol
Na0.5Cs1.5Zn1Sn1Se4,stannite,-0.4906,1.9043,0.357,PBEsol
Na0.5Cs1.5Zn1Zr1S4,stannite,-0.9781,1.6357,1.164,PBEsol
Na0.5Cs1.5Zn1Zr1Se4,kesterite,-0.9209,1.4184,1.523,PBEsol
Na0.5Cs1.5Zn1Zr1Se4,stannite,-0.824,2.1932,0.836,PBEsol
Na0.5Cs1Ag0.5Ba1Ge1Se4,stannite,-0.7151,1.6833,1.073,PBEsol
Na0.5Cs1Ag0.5Ca1Ge1S4,stannite,-0.8217,1.1971,1.376,PBEsol
Na0.5Cs1Ag0.5Ca1Ge1Se4,stannite,-0.7017,1.8085,0.818,PBEsol
Na0.5Cs1Ag0.5Cd1Ge1S4,stannite,-0.4673,0.8638,0.664,PBEsol
Na0.5Cs1Ag0.5Cd1Ge1Se4,stannite,-0.3663,1.5224,0.625,PBEsol
Na0.5Cs1Ag0.5Cd1Sn1S4,stannite,-0.4325,1.4184,0.626,PBEsol
Na0.5Cs1Ag0.5Cd1Sn1Se4,stannite,-0.3238,2.2393,0.103,PBEsol
Na0.5Cs1Ag0.5Cd1Zr1S4,stannite,-0.8095,1.8221,1.117,PBEsol
Na0.5Cs1Ag0.5Cd1Zr1Se4,stannite,-0.6477,2.6037,0.74,PBEsol
Na0.5Cs1Ag0.5Mg0.5Cd0.5Sn0.5Ge0.5S1Se2Te1,kesterite,-0.5836,,0.857,PBEsol
Na0.5Cs1Ag0.5Mg1Ge1S4,kesterite,-0.7902,0.026,1.701,PBEsol
Na0.5Cs1Ag0.5Mg1Ge1S4,stannite,-0.6635,1.0394,0.978,PBEsol
Na0.5Cs1Ag0.5Mg1Ge1Se4,stannite,-0.5485,1.395,0.305,PBEsol
Na0.5Cs1Ag0.5Mg1Sn1S4,kesterite,-0.7388,0.7125,1.11,PBEsol
Na0.5Cs1Ag0.5Mg1Sn1S4,stannite,-0.6424,1.4842,0.836,PBEsol
Na0.5Cs1Ag0.5Mg1Zr1S4,kesterite,-1.1061,1.1943,1.484,PBEsol
Na0.5Cs1Ag0.5Mg1Zr1S4,stannite,-1.0254,1.8392,1.656,PBEsol
Na0.5Cs1Ag0.5Sr1Ge1S4,stannite,-0.8329,1.0965,1.484,PBEsol
Na0.5Cs1Ag0.5Sr1Ge1Se4,stannite,-0.7143,1.7836,0.945,PBEsol
Na0.5Cs1Ag0.5Zn1Ge1S4,kesterite,-0.6306,-0.0474,1.528,PBEsol
Na0.5Cs1Ag0.5Zn1Ge1S4,stannite,-0.4893,1.0831,0.657,PBEsol
Na0.5Cs1Ag0.5Zn1Ge1Se4,stannite,-0.3856,1.5886,0.508,PBEsol
Na0.5Cs1Ag0.5Zn1Sn1S4,kesterite,-0.5935,0.5254,1.03,PBEsol
Na0.5Cs1Ag0.5Zn1Sn1S4,stannite,-0.4849,1.394,0.502,PBEsol
Na0.5Cs1Ag0.5Zn1Sn1Se4,kesterite,-0.4968,1.0752,0.642,PBEsol
Na0.5Cs1Ag0.5Zn1Sn1Se4,stannite,-0.3935,1.9018,0.519,PBEsol
Na0.5Cs1Ag0.5Zn1Zr1S4,stannite,-0.8601,1.8116,1.083,PBEsol
Na0.5Cs1Ag0.5Zn1Zr1Se4,stannite,-0.7141,2.2933,0.706,PBEsol
Na0.5Cs1Cu0.5Ca0.5Zn0.5Sn1S2Se2,kesterite,-0.7188,0.7563,0.736,PBEsol
Na0.5Cs1Cu0.5Ca1Ge1Se4,stannite,-0.671,2.036,0.635,PBEsol
Na0.5Cs1Cu0.5Ca1Sn1S4,stannite,-0.6998,2.5376,0.587,PBEsol
Na0.5Cs1Cu0.5Ca1Sn1Se4,stannite,-0.7353,1.8977,0.656,PBEsol
Na0.5Cs1Cu0.5Ca1Zr1S4,stannite,-1.2191,1.8029,1.668,PBEsol
Na0.5Cs1Cu0.5Ca1Zr1Se4,stannite,-1.0654,2.2137,1.415,PBEsol
Na0.5Cs1Cu0.5Cd1Ge1S4,stannite,-0.4438,1.1414,0.377,PBEsol
Na0.5Cs1Cu0.5Cd1Sn1S4,stannite,-0.4712,1.1982,0.334,PBEsol
Na0.5Cs1Cu0.5Cd1Sn1Se4,stannite,-0.3819,1.756,0.612,PBEsol
Na0.5Cs1Cu0.5Cd1Zr1S4,stannite,-0.8459,1.6195,0.911,PBEsol
Na0.5Cs1Cu0.5Cd1Zr1Se4,stannite,-0.6913,2.2371,0.608,PBEsol
Na0.5Cs1Cu0.5Mg0.5Ca0.5Sn1S2Se2,kesterite,-0.8211,0.5526,0.789,PBEsol
Na0.5Cs1Cu0.5Mg1Ge1S4,kesterite,-0.7669,0.301,1.303,PBEsol
Na0.5Cs1Cu0.5Mg1Ge1S4,stannite,-0.6253,1.4337,0.675,PBEsol
Na0.5Cs1Cu0.5Mg1Ge1Se4,stannite,-0.5077,1.7029,0.053,PBEsol
Na0.5Cs1Cu0.5Mg1Sn1S4,stannite,-0.6722,1.3347,0.541,PBEsol
Na0.5Cs1Cu0.5Mg1Sn1Se4,stannite,-0.5792,1.5078,0.078,PBEsol
Na0.5Cs1Cu0.5Mg1Sn1Te4,stannite,-0.199,,0.271,PBEsol
Na0.5Cs1Cu0.5Mg1Zr1S4,stannite,-1.0448,1.7734,1.502,PBEsol
Na0.5Cs1Cu0.5Mg1Zr1Se4,stannite,-0.9044,1.8619,1.149,PBEsol
Na0.5Cs1Cu0.5Mg1Zr1Te4,stannite,-0.4439,2.8247,0.705,PBEsol
Na0.5Cs1Cu0.5Sr1Ge1Te4,stannite,-0.2368,,0.413,PBEsol
Na0.5Cs1Cu0.5Zn1Ge1S4,stannite,-0.4404,1.5628,0.344,PBEsol
Na0.5Cs1Cu0.5Zn1Ge1Se4,stannite,-0.338,1.9517,0.0,PBEsol
Na0.5Cs1Cu0.5Zn1Sn1S4,stannite,-0.483,1.4982,0.221,PBEsol
Na0.5Cs1Cu0.5Zn1Zr1S4,stannite,-0.8545,1.9459,0.843,PBEsol
Na0.5Cs1Cu0.5Zn1Zr1Se4,stannite,-0.7144,2.2723,0.538,PBEsol
Na0.5Cs1Cu0.5Zn1Zr1Te4,stannite,-0.2744,3.338,0.058,PBEsol
Na0.5Cu0.5Ag1Ba0.5Cd0.5Sn1S2Se2,kesterite,-0.5707,0.2087,0.457,PBEsol
Na0.5Cu0.5Ag1Ba1Ge1S4,stannite,-0.8389,-0.5672,1.693,PBEsol
Na0.5Cu0.5Ag1Ba1Sn0.5Ge0.5S2Te2,stannite,-0.6585,,1.18,PBEsol
Na0.5Cu0.5Ag1Ba1Zr1Se4,kesterite,-0.9619,1.4893,1.078,PBEsol
Na0.5Cu0.5Ag1Ca0.5Cd0.5Sn0.5Ge0.5S3Te1,kesterite,-0.4997,,0.505,PBEsol
Na0.5Cu0.5Ag1Ca0.5Cd0.5Sn0.5Ge0.5S3Te1,stannite,-0.5142,,0.057,PBEsol
Na0.5Cu0.5Ag1Ca0.5Cd0.5Sn1Se1Te3,kesterite,-0.4056,,0.488,PBEsol
Na0.5Cu0.5Ag1Ca0.5Cd0.5Sn1Se1Te3,stannite,-0.3997,,0.318,PBEsol
Na0.5Cu0.5Ag1Ca1Ge1Se4,stannite,-0.6835,0.4023,0.994,PBEsol
Na0.5Cu0.5Ag1Ca1Sn1Se4,kesterite,-0.6868,0.7521,0.831,PBEsol
Na0.5Cu0.5Ag1Ca1Sn1Se4,stannite,-0.7007,0.6412,0.735,PBEsol
Na0.5Cu0.5Ag1Ca1Zr1S4,stannite,-1.1332,0.978,1.666,PBEsol
Na0.5Cu0.5Ag1Ca1Zr1Se4,kesterite,-0.9618,1.5081,1.278,PBEsol
Na0.5Cu0.5Ag1Ca1Zr1Se4,stannite,-0.9716,1.4297,1.386,PBEsol
Na0.5Cu0.5Ag1Ca1Zr1Te4,kesterite,-0.5323,2.3064,0.944,PBEsol
Na0.5Cu0.5Ag1Cd1Ge1S4,kesterite,-0.4581,-0.4848,1.005,PBEsol
Na0.5Cu0.5Ag1Cd1Ge1S4,stannite,-0.4537,-0.4499,0.686,PBEsol
Na0.5Cu0.5Ag1Cd1Ge1Se4,kesterite,-0.3829,-0.1624,0.469,PBEsol
Na0.5Cu0.5Ag1Cd1Ge1Se4,stannite,-0.3762,-0.1084,0.16,PBEsol
Na0.5Cu0.5Ag1Cd1Sn1S4,kesterite,-0.4555,-0.1883,0.602,PBEsol
Na0.5Cu0.5Ag1Cd1Sn1S4,stannite,-0.4574,-0.2037,0.401,PBEsol
Na0.5Cu0.5Ag1Cd1Sn1Se4,kesterite,-0.4026,0.0568,0.234,PBEsol
Na0.5Cu0.5Ag1Cd1Sn1Se4,stannite,-0.4012,0.0675,0.047,PBEsol
Na0.5Cu0.5Ag1Cd1Sn1Te4,kesterite,-0.1328,,0.521,PBEsol
Na0.5Cu0.5Ag1Cd1Sn1Te4,stannite,-0.132,,0.086,PBEsol
Na0.5Cu0.5Ag1Cd1Zr1S4,kesterite,-0.7846,0.5985,1.278,PBEsol
Na0.5Cu0.5Ag1Cd1Zr1Se4,kesterite,-0.6533,1.007,1.044,PBEsol
Na0.5Cu0.5Ag1Cd1Zr1Se4,stannite,-0.6584,0.9666,0.973,PBEsol
Na0.5Cu0.5Ag1Cd1Zr1Te4,kesterite,-0.2696,1.8577,0.622,PBEsol
Na0.5Cu0.5Ag1Cd1Zr1Te4,stannite,-0.2741,1.822,0.661,PBEsol
Na0.5Cu0.5Ag1Mg0.5Ba0.5Sn1S1Se2Te1,kesterite,-0.572,,0.518,PBEsol
Na0.5Cu0.5Ag1Mg0.5Ba0.5Sn1S1Se2Te1,stannite,-0.5602,,0.346,PBEsol
Na0.5Cu0.5Ag1Mg1Ge1S1Se2Te1,kesterite,-0.5103,,0.882,PBEsol
Na0.5Cu0.5Ag1Mg1Ge1S1Se2Te1,stannite,-0.4843,,0.059,PBEsol
Na0.5Cu0.5Ag1Mg1Ge1S4,kesterite,-0.6542,-0.3085,1.466,PBEsol
Na0.5Cu0.5Ag1Mg1Ge1S4,stannite,-0.6453,-0.2379,1.021,PBEsol
Na0.5Cu0.5Ag1Mg1Ge1Se4,kesterite,-0.5436,-0.1177,0.861,PBEsol
Na0.5Cu0.5Ag1Mg1Ge1Se4,stannite,-0.5324,-0.0285,0.423,PBEsol
Na0.5Cu0.5Ag1Mg1Ge1Te4,kesterite,-0.2748,,0.679,PBEsol
Na0.5Cu0.5Ag1Mg1Ge1Te4,stannite,-0.2293,,0.408,PBEsol
Na0.5Cu0.5Ag1Mg1Sn1S4,stannite,-0.6521,-0.0165,0.666,PBEsol
Na0.5Cu0.5Ag1Mg1Sn1Se4,kesterite,-0.5704,0.044,0.595,PBEsol
Na0.5Cu0.5Ag1Mg1Sn1Se4,stannite,-0.5671,0.0706,0.271,PBEsol
Na0.5Cu0.5Ag1Mg1Sn1Te4,kesterite,-0.2792,,0.746,PBEsol
Na0.5Cu0.5Ag1Mg1Sn1Te4,stannite,-0.2763,,0.442,PBEsol
Na0.5Cu0.5Ag1Mg1Zr1S4,kesterite,-0.9836,0.7512,1.558,PBEsol
Na0.5Cu0.5Ag1Mg1Zr1S4,stannite,-0.9919,0.6852,1.595,PBEsol
Na0.5Cu0.5Ag1Mg1Zr1Se4,kesterite,-0.8258,0.9573,1.322,PBEsol
Na0.5Cu0.5Ag1Mg1Zr1Te4,kesterite,-0.4206,1.5433,0.922,PBEsol
Na0.5Cu0.5Ag1Mg1Zr1Te4,stannite,-0.424,1.5161,0.971,PBEsol
Na0.5Cu0.5Ag1Sr1Ge1Te4,kesterite,-0.304,,0.689,PBEsol
Na0.5Cu0.5Ag1Sr1Sn1Se4,kesterite,-0.683,0.8581,0.719,PBEsol
Na0.5Cu0.5Ag1Sr1Sn1Te4,kesterite,-0.3482,,0.804,PBEsol
Na0.5Cu0.5Ag1Sr1Zr1Se4,kesterite,-0.9683,1.532,1.217,PBEsol
Na0.5Cu0.5Ag1Sr1Zr1Te4,kesterite,-0.5362,2.4597,0.874,PBEsol
Na0.5Cu0.5Ag1Zn1Ge1S4,kesterite,-0.5009,-0.4324,1.239,PBEsol
Na0.5Cu0.5Ag1Zn1Ge1S4,stannite,-0.4805,-0.2698,0.705,PBEsol
Na0.5Cu0.5Ag1Zn1Ge1Se4,kesterite,-0.4104,-0.1619,0.559,PBEsol
Na0.5Cu0.5Ag1Zn1Ge1Se4,stannite,-0.3839,0.0506,0.041,PBEsol
Na0.5Cu0.5Ag1Zn1Ge1Te4,kesterite,-0.1544,,0.573,PBEsol
Na0.5Cu0.5Ag1Zn1Ge1Te4,stannite,-0.1268,,0.055,PBEsol
Na0.5Cu0.5Ag1Zn1Sn1S3Te1,kesterite,-0.4007,,0.547,PBEsol
Na0.5Cu0.5Ag1Zn1Sn1S3Te1,stannite,-0.3817,,0.026,PBEsol
Na0.5Cu0.5Ag1Zn1Sn1S4,kesterite,-0.4981,-0.1341,0.751,PBEsol
Na0.5Cu0.5Ag1Zn1Sn1S4,stannite,-0.4932,-0.0951,0.381,PBEsol
Na0.5Cu0.5Ag1Zn1Sn1Se4,kesterite,-0.4339,0.027,0.32,PBEsol
Na0.5Cu0.5Ag1Zn1Sn1Se4,stannite,-0.4239,0.1072,0.464,PBEsol
Na0.5Cu0.5Ag1Zn1Sn1Te4,kesterite,-0.1802,,0.538,PBEsol
Na0.5Cu0.5Ag1Zn1Sn1Te4,stannite,-0.1681,,0.031,PBEsol
Na0.5Cu0.5Ag1Zn1Zr1S4,kesterite,-0.8227,0.6879,1.252,PBEsol
Na0.5Cu0.5Ag1Zn1Zr1Se4,kesterite,-0.6779,1.0309,1.03,PBEsol
Na0.5Cu0.5Ag1Zn1Zr1Te4,stannite,-0.3095,1.5897,0.514,PBEsol
Na0.5Cu0.5Al0.5Ga0.5S1Te1,kesterite,-0.5194,0.0784,1.249,PBEsol
Na0.5Cu0.5Al0.5Ga0.5S1Te1,stannite,-0.5409,-0.0074,0.237,PBEsol
Na0.5Cu0.5Al0.5Ga0.5Te2,kesterite,-0.3618,-0.1063,0.987,PBEsol
Na0.5Cu0.5Al0.5Ga0.5Te2,stannite,-0.3892,-0.2159,0.423,PBEsol
Na0.5Cu0.5Al0.5In0.5S1Se1,kesterite,-0.7078,-0.1574,0.962,PBEsol
Na0.5Cu0.5Al0.5In0.5S1Se1,stannite,-0.755,-0.3462,0.584,PBEsol
Na0.5Cu0.5Al0.5In0.5S2,kesterite,-0.7945,-0.2676,1.154,PBEsol
Na0.5Cu0.5Al0.5In0.5S2,stannite,-0.8252,-0.3904,0.777,PBEsol
Na0.5Cu0.5Al0.5In0.5Se2,kesterite,-0.6751,-0.1924,0.736,PBEsol
Na0.5Cu0.5Al0.5In0.5Se2,stannite,-0.7011,-0.2963,0.313,PBEsol
Na0.5Cu0.5Al0.5In0.5Te2,kesterite,-0.3648,-0.1411,0.879,PBEsol
Na0.5Cu0.5Al0.5In0.5Te2,stannite,-0.3939,-0.2574,0.48,PBEsol
Na0.5Cu0.5Al1S1Te1,kesterite,-0.6154,0.0239,1.558,PBEsol
Na0.5Cu0.5Al1S1Te1,stannite,-0.6214,-0.0001,0.28,PBEsol
Na0.5Cu0.5Al1S2,kesterite,-0.9549,-0.2899,1.916,PBEsol
Na0.5Cu0.5Al1Se1Te1,kesterite,-0.6052,-0.2352,1.435,PBEsol
Na0.5Cu0.5Al1Se1Te1,stannite,-0.6126,-0.2647,0.581,PBEsol
Na0.5Cu0.5Ga0.5In0.5S1Se1,kesterite,-0.6103,-0.1608,0.684,PBEsol
Na0.5Cu0.5Ga0.5In0.5S1Se1,stannite,-0.6507,-0.3223,0.344,PBEsol
Na0.5Cu0.5Ga1S1Se1,kesterite,-0.642,-0.1607,1.01,PBEsol
Na0.5Cu0.5Ga1S1Se1,stannite,-0.6784,-0.3063,0.418,PBEsol
Na0.5Cu0.5Ga1S1Te1,kesterite,-0.4591,0.0254,0.987,PBEsol
Na0.5Cu0.5Ga1S1Te1,stannite,-0.4628,0.0106,0.019,PBEsol
Na0.5Cu0.5Ga1Se2,kesterite,-0.6029,-0.1161,0.739,PBEsol
Na0.5Cu0.5Ga1Se2,stannite,-0.6288,-0.2196,0.144,PBEsol
Na0.5Cu0.5Ga1Te2,stannite,-0.35,-0.1953,0.092,PBEsol
Na0.5Cu0.5In1Se1Te1,kesterite,-0.4633,-0.2483,0.395,PBEsol
Na0.5Cu0.5In1Se1Te1,stannite,-0.4851,-0.3355,0.047,PBEsol
Na0.5Cu1.5Ba1Ge1S4,stannite,-0.8501,-0.466,1.329,PBEsol
Na0.5Cu1.5Ba1Ge1Se4,stannite,-0.7069,0.1728,1.038,PBEsol
Na0.5Cu1.5Ba1Sn1S4,stannite,-0.808,0.1463,1.056,PBEsol
Na0.5Cu1.5Ba1Sn1Se4,kesterite,-0.637,1.1083,0.327,PBEsol
Na0.5Cu1.5Ba1Zr1S4,kesterite,-1.1026,1.2092,0.855,PBEsol
Na0.5Cu1.5Ba1Zr1Se4,kesterite,-0.9366,1.6678,0.637,PBEsol
Na0.5Cu1.5Ca1Ge1Se4,kesterite,-0.6507,0.6402,0.747,PBEsol
Na0.5Cu1.5Ca1Ge1Te4,kesterite,-0.2987,,0.647,PBEsol
Na0.5Cu1.5Ca1Sn1Se4,kesterite,-0.6761,0.814,0.636,PBEsol
Na0.5Cu1.5Ca1Sn1Se4,stannite,-0.6952,0.6605,0.733,PBEsol
Na0.5Cu1.5Ca1Sn1Te4,kesterite,-0.3187,,0.65,PBEsol
Na0.5Cu1.5Ca1Zr1S4,stannite,-1.1402,1.1126,1.327,PBEsol
Na0.5Cu1.5Ca1Zr1Se4,kesterite,-0.9494,1.5832,0.968,PBEsol
Na0.5Cu1.5Ca1Zr1Se4,stannite,-0.9556,1.534,1.052,PBEsol
Na0.5Cu1.5Cd1Ge1S4,kesterite,-0.479,-0.4616,0.856,PBEsol
Na0.5Cu1.5Cd1Ge1S4,stannite,-0.4862,-0.519,0.649,PBEsol
Na0.5Cu1.5Cd1Ge1Se4,kesterite,-0.3878,-0.2253,0.331,PBEsol
Na0.5Cu1.5Cd1Ge1Se4,stannite,-0.392,-0.2591,0.127,PBEsol
Na0.5Cu1.5Cd1Ge1Te4,kesterite,-0.1165,,0.34,PBEsol
Na0.5Cu1.5Cd1Ge1Te4,stannite,-0.12,,0.225,PBEsol
Na0.5Cu1.5Cd1Sn1S4,kesterite,-0.4822,-0.211,0.432,PBEsol
Na0.5Cu1.5Cd1Sn1S4,stannite,-0.4871,-0.2508,0.331,PBEsol
Na0.5Cu1.5Cd1Sn1Se4,kesterite,-0.4104,-0.0299,0.102,PBEsol
Na0.5Cu1.5Cd1Sn1Se4,stannite,-0.4126,-0.0477,0.614,PBEsol
Na0.5Cu1.5Cd1Sn1Te4,kesterite,-0.121,,0.421,PBEsol
Na0.5Cu1.5Cd1Sn1Te4,stannite,-0.1236,,0.309,PBEsol
Na0.5Cu1.5Cd1Zr1S4,kesterite,-0.8083,0.5994,1.052,PBEsol
Na0.5Cu1.5Cd1Zr1Se4,kesterite,-0.6562,0.9601,0.851,PBEsol
Na0.5Cu1.5Cd1Zr1Se4,stannite,-0.6597,0.9317,0.909,PBEsol
Na0.5Cu1.5Cd1Zr1Te4,stannite,-0.2538,1.7212,0.623,PBEsol
Na0.5Cu1.5Mg0.5Ca0.5Sn0.5Ge0.5Se2Te2,stannite,-0.4983,,0.351,PBEsol
Na0.5Cu1.5Mg1Ge1S4,kesterite,-0.6737,-0.2743,1.279,PBEsol
Na0.5Cu1.5Mg1Ge1S4,stannite,-0.6776,-0.3058,1.017,PBEsol
Na0.5Cu1.5Mg1Ge1Se4,kesterite,-0.5457,-0.1588,0.667,PBEsol
Na0.5Cu1.5Mg1Ge1Se4,stannite,-0.5463,-0.1637,0.416,PBEsol
Na0.5Cu1.5Mg1Ge1Te4,kesterite,-0.2277,,0.566,PBEsol
Na0.5Cu1.5Mg1Ge1Te4,stannite,-0.2298,,0.413,PBEsol
Na0.5Cu1.5Mg1Sn1S4,kesterite,-0.6756,-0.0134,0.787,PBEsol
Na0.5Cu1.5Mg1Sn1S4,stannite,-0.6792,-0.0428,0.622,PBEsol
Na0.5Cu1.5Mg1Sn1Se4,kesterite,-0.5724,0.004,0.412,PBEsol
Na0.5Cu1.5Mg1Sn1Se4,stannite,-0.5731,-0.0015,0.243,PBEsol
Na0.5Cu1.5Mg1Sn1Te4,kesterite,-0.2513,,0.559,PBEsol
Na0.5Cu1.5Mg1Sn1Te4,stannite,-0.2527,,0.49,PBEsol
Na0.5Cu1.5Mg1Zr1S4,kesterite,-1.0033,0.7841,1.342,PBEsol
Na0.5Cu1.5Mg1Zr1S4,stannite,-1.0105,0.7268,1.267,PBEsol
Na0.5Cu1.5Mg1Zr1Se4,kesterite,-0.8215,0.9673,1.128,PBEsol
Na0.5Cu1.5Mg1Zr1Se4,stannite,-0.826,0.9313,1.071,PBEsol
Na0.5Cu1.5Mg1Zr1Te4,kesterite,-0.3874,1.5463,0.762,PBEsol
Na0.5Cu1.5Mg1Zr1Te4,stannite,-0.3878,1.5426,0.789,PBEsol
Na0.5Cu1.5Sr0.5Cd0.5Sn1Se3Te1,kesterite,-0.4877,,0.146,PBEsol
Na0.5Cu1.5Sr1Ge1Se4,stannite,-0.7092,0.2479,1.06,PBEsol
Na0.5Cu1.5Sr1Sn1Te4,kesterite,-0.2928,,0.526,PBEsol
Na0.5Cu1.5Sr1Zr1S4,kesterite,-1.1231,1.2375,1.036,PBEsol
Na0.5Cu1.5Sr1Zr1Se4,kesterite,-0.9493,1.6598,0.852,PBEsol
Na0.5Cu1.5Zn1Ge1S4,kesterite,-0.5284,-0.4624,1.076,PBEsol
Na0.5Cu1.5Zn1Ge1S4,stannite,-0.5206,-0.3995,0.663,PBEsol
Na0.5Cu1.5Zn1Ge1Se4,kesterite,-0.4186,-0.2515,0.407,PBEsol
Na0.5Cu1.5Zn1Ge1Se4,stannite,-0.4062,-0.1521,0.028,PBEsol
Na0.5Cu1.5Zn1Ge1Te4,kesterite,-0.1478,,0.43,PBEsol
Na0.5Cu1.5Zn1Ge1Te4,stannite,-0.1343,,0.017,PBEsol
Na0.5Cu1.5Zn1Sn1S4,kesterite,-0.5285,-0.1868,0.565,PBEsol
Na0.5Cu1.5Zn1Sn1S4,stannite,-0.5279,-0.1827,0.324,PBEsol
Na0.5Cu1.5Zn1Sn1Se4,kesterite,-0.4419,-0.0617,0.183,PBEsol
Na0.5Cu1.5Zn1Sn1Se4,stannite,-0.4387,-0.0356,0.0,PBEsol
Na0.5Cu1.5Zn1Sn1Te4,kesterite,-0.2149,,0.238,PBEsol
Na0.5Cu1.5Zn1Sn1Te4,stannite,-0.159,,0.052,PBEsol
Na0.5Cu1.5Zn1Zr1S4,kesterite,-0.8477,0.6788,1.041,PBEsol
Na0.5Cu1.5Zn1Zr1S4,stannite,-0.8536,0.6314,0.985,PBEsol
Na0.5Cu1.5Zn1Zr1Se4,kesterite,-0.6786,1.0008,0.852,PBEsol
Na0.5Cu1.5Zn1Zr1Te4,kesterite,-0.2833,1.5359,0.487,PBEsol
Na0.5Cu1.5Zn1Zr1Te4,stannite,-0.2865,1.5106,0.503,PBEsol
Na0.5Cu1Ag0.5Ba1Ge1S4,stannite,-0.8259,-0.3739,1.498,PBEsol
Na0.5Cu1Ag0.5Ba1Ge1Se4,kesterite,-0.6103,0.9517,0.38,PBEsol
Na0.5Cu1Ag0.5Ba1Ge1Se4,stannite,-0.6985,0.2461,1.038,PBEsol
Na0.5Cu1Ag0.5Ba1Zr1S4,kesterite,-1.0938,1.1783,0.929,PBEsol
Na0.5Cu1Ag0.5Ba1Zr1Se4,kesterite,-0.9389,1.6556,0.735,PBEsol
Na0.5Cu1Ag0.5Ca1Ge1S4,kesterite,-0.7582,0.3718,1.165,PBEsol
Na0.5Cu1Ag0.5Ca1Sn1Se4,kesterite,-0.6711,0.8593,0.664,PBEsol
Na0.5Cu1Ag0.5Ca1Sn1Te4,kesterite,-0.3288,,0.688,PBEsol
Na0.5Cu1Ag0.5Ca1Zr1S4,kesterite,-1.1158,1.2064,1.166,PBEsol
Na0.5Cu1Ag0.5Ca1Zr1Se4,kesterite,-0.9487,1.5949,0.99,PBEsol
Na0.5Cu1Ag0.5Ca1Zr1Te4,kesterite,-0.5023,2.4093,0.726,PBEsol
Na0.5Cu1Ag0.5Cd1Ge1S4,kesterite,-0.4535,-0.3589,0.82,PBEsol
Na0.5Cu1Ag0.5Cd1Ge1Se4,kesterite,-0.3719,-0.0926,0.351,PBEsol
Na0.5Cu1Ag0.5Cd1Ge1Se4,stannite,-0.3915,-0.2489,0.184,PBEsol
Na0.5Cu1Ag0.5Cd1Sn1S4,kesterite,-0.4592,-0.1291,0.489,PBEsol
Na0.5Cu1Ag0.5Cd1Sn1S4,stannite,-0.4768,-0.2691,0.364,PBEsol
Na0.5Cu1Ag0.5Cd1Sn1Te4,kesterite,-0.1361,,0.111,PBEsol
Na0.5Cu1Ag0.5Cd1Sn1Te4,stannite,-0.1264,,0.356,PBEsol
Na0.5Cu1Ag0.5Cd1Zr1S4,kesterite,-0.7912,0.6346,1.066,PBEsol
Na0.5Cu1Ag0.5Cd1Zr1S4,stannite,-0.8044,0.5287,1.12,PBEsol
Na0.5Cu1Ag0.5Cd1Zr1Se4,kesterite,-0.6504,1.012,0.875,PBEsol
Na0.5Cu1Ag0.5Cd1Zr1Te4,kesterite,-0.2579,1.8139,0.536,PBEsol
Na0.5Cu1Ag0.5Cd1Zr1Te4,stannite,-0.2617,1.7838,0.645,PBEsol
Na0.5Cu1Ag0.5Mg0.5Cd0.5Sn0.5Ge0.5Se2Te2,kesterite,-0.3667,,0.322,PBEsol
Na0.5Cu1Ag0.5Mg0.5Cd0.5Sn0.5Ge0.5Se2Te2,stannite,-0.3681,,0.052,PBEsol
Na0.5Cu1Ag0.5Mg0.5Sr0.5Sn1Se2Te2,kesterite,-0.4726,,0.233,PBEsol
Na0.5Cu1Ag0.5Mg0.5Sr0.5Sn1Se2Te2,stannite,-0.5159,,0.238,PBEsol
Na0.5Cu1Ag0.5Mg1Ge1S4,kesterite,-0.65,-0.1865,1.241,PBEsol
Na0.5Cu1Ag0.5Mg1Ge1S4,stannite,-0.6707,-0.3515,1.003,PBEsol
Na0.5Cu1Ag0.5Mg1Ge1Se4,kesterite,-0.5321,-0.0442,0.704,PBEsol
Na0.5Cu1Ag0.5Mg1Ge1Se4,stannite,-0.5472,-0.1652,0.464,PBEsol
Na0.5Cu1Ag0.5Mg1Ge1Te4,kesterite,-0.2229,,0.543,PBEsol
Na0.5Cu1Ag0.5Mg1Sn1S4,kesterite,-0.656,0.0417,0.824,PBEsol
Na0.5Cu1Ag0.5Mg1Sn1S4,stannite,-0.672,-0.0864,0.629,PBEsol
Na0.5Cu1Ag0.5Mg1Sn1Se4,kesterite,-0.5627,0.0873,0.46,PBEsol
Na0.5Cu1Ag0.5Mg1Sn1Se4,stannite,-0.575,-0.0107,0.267,PBEsol
Na0.5Cu1Ag0.5Mg1Sn1Te4,kesterite,-0.2563,,0.582,PBEsol
Na0.5Cu1Ag0.5Mg1Sn1Te4,stannite,-0.2647,,0.51,PBEsol
Na0.5Cu1Ag0.5Mg1Zr1S4,kesterite,-0.9892,0.7954,1.317,PBEsol
Na0.5Cu1Ag0.5Mg1Zr1S4,stannite,-1.005,0.6688,1.378,PBEsol
Na0.5Cu1Ag0.5Mg1Zr1Se4,kesterite,-0.8197,0.9874,1.11,PBEsol
Na0.5Cu1Ag0.5Mg1Zr1Se4,stannite,-0.8307,0.8997,1.177,PBEsol
Na0.5Cu1Ag0.5Mg1Zr1Te4,kesterite,-0.3995,1.5749,0.776,PBEsol
Na0.5Cu1Ag0.5Mg1Zr1Te4,stannite,-0.4046,1.5336,0.896,PBEsol
Na0.5Cu1Ag0.5Sr0.5Zn0.5Ge1S1Se3,stannite,-0.5637,0.0766,0.401,PBEsol
Na0.5Cu1Ag0.5Sr0.5Zn0.5Sn1S4,kesterite,-0.6361,0.2139,0.619,PBEsol
Na0.5Cu1Ag0.5Sr0.5Zn0.5Sn1S4,stannite,-0.6258,0.2967,0.406,PBEsol
Na0.5Cu1Ag0.5Sr1Ge1S3Te1,kesterite,-0.6525,,0.256,PBEsol
Na0.5Cu1Ag0.5Sr1Ge1S3Te1,stannite,-0.7358,,1.089,PBEsol
Na0.5Cu1Ag0.5Sr1Ge1Te4,kesterite,-0.2772,,0.504,PBEsol
Na0.5Cu1Ag0.5Sr1Zr1S4,kesterite,-1.1121,1.2246,1.107,PBEsol
Na0.5Cu1Ag0.5Sr1Zr1Se4,kesterite,-0.9503,1.6578,0.92,PBEsol
Na0.5Cu1Ag0.5Zn1Ge1S4,kesterite,-0.5028,-0.3588,1.075,PBEsol
Na0.5Cu1Ag0.5Zn1Ge1Se4,kesterite,-0.4037,-0.1261,0.447,PBEsol
Na0.5Cu1Ag0.5Zn1Ge1Se4,stannite,-0.405,-0.1367,0.068,PBEsol
Na0.5Cu1Ag0.5Zn1Ge1Te4,kesterite,-0.169,,0.271,PBEsol
Na0.5Cu1Ag0.5Zn1Ge1Te4,stannite,-0.1735,,0.115,PBEsol
Na0.5Cu1Ag0.5Zn1Sn1S4,kesterite,-0.5068,-0.1152,0.607,PBEsol
Na0.5Cu1Ag0.5Zn1Sn1S4,stannite,-0.5195,-0.2166,0.346,PBEsol
Na0.5Cu1Ag0.5Zn1Sn1Se4,stannite,-0.4356,-0.0054,0.422,PBEsol
Na0.5Cu1Ag0.5Zn1Sn1Te4,kesterite,-0.1654,,0.428,PBEsol
Na0.5Cu1Ag0.5Zn1Sn1Te4,stannite,-0.1638,,0.073,PBEsol
Na0.5Cu1Ag0.5Zn1Zr1S4,kesterite,-0.8329,0.6957,1.063,PBEsol
Na0.5Cu1Ag0.5Zn1Zr1Se4,kesterite,-0.6765,1.0238,0.877,PBEsol
Na0.5Cu1Ag0.5Zn1Zr1Se4,stannite,-0.6835,0.968,0.706,PBEsol
Na0.5Cu1Ag0.5Zn1Zr1Te4,kesterite,-0.2935,1.58,0.531,PBEsol
Na0.5Cu1Ag0.5Zn1Zr1Te4,stannite,-0.2955,1.5634,0.455,PBEsol
Na0.5K0.5Ag1Ba1Ge1S4,kesterite,-0.7913,0.4955,1.302,PBEsol
Na0.5K0.5Ag1Ba1Ge1Se4,kesterite,-0.6863,1.139,0.799,PBEsol
Na0.5K0.5Ag1Ba1Ge1Se4,stannite,-0.7977,0.2476,1.262,PBEsol
Na0.5K0.5Ag1Ca1Ge1S4,kesterite,-0.8232,0.4445,1.548,PBEsol
Na0.5K0.5Ag1Ca1Ge1S4,stannite,-0.8693,0.0755,1.708,PBEsol
Na0.5K0.5Ag1Ca1Ge1Se4,kesterite,-0.7115,0.9556,1.046,PBEsol
Na0.5K0.5Ag1Ca1Sn1S4,kesterite,-0.8157,0.7804,1.434,PBEsol
Na0.5K0.5Ag1Ca1Sn1Se4,kesterite,-0.7155,1.3004,1.069,PBEsol
Na0.5K0.5Ag1Ca1Zr1S4,kesterite,-1.1796,1.2887,1.601,PBEsol
Na0.5K0.5Ag1Ca1Zr1Se4,kesterite,-1.0191,1.827,1.341,PBEsol
Na0.5K0.5Ag1Ca1Zr1Te4,kesterite,-0.5235,3.227,0.909,PBEsol
Na0.5K0.5Ag1Cd1Ge1S4,kesterite,-0.5117,-0.2319,1.198,PBEsol
Na0.5K0.5Ag1Cd1Ge1Se4,kesterite,-0.433,0.2145,0.723,PBEsol
Na0.5K0.5Ag1Cd1Ge1Se4,stannite,-0.4332,0.213,0.371,PBEsol
Na0.5K0.5Ag1Cd1Ge1Te4,kesterite,-0.1227,,0.683,PBEsol
Na0.5K0.5Ag1Cd1Ge1Te4,stannite,-0.1284,,0.243,PBEsol
Na0.5K0.5Ag1Cd1Sn1S4,stannite,-0.5001,0.1363,0.728,PBEsol
Na0.5K0.5Ag1Cd1Sn1Se4,kesterite,-0.4163,0.7241,0.731,PBEsol
Na0.5K0.5Ag1Cd1Sn1Se4,stannite,-0.4181,0.7104,0.337,PBEsol
Na0.5K0.5Ag1Cd1Sn1Te4,kesterite,-0.051,,0.735,PBEsol
Na0.5K0.5Ag1Cd1Zr1S4,kesterite,-0.8443,0.8021,1.469,PBEsol
Na0.5K0.5Ag1Cd1Zr1S4,stannite,-0.8512,0.7475,1.267,PBEsol
Na0.5K0.5Ag1Cd1Zr1Se4,kesterite,-0.6962,1.441,1.174,PBEsol
Na0.5K0.5Ag1Cd1Zr1Se4,stannite,-0.7017,1.3971,1.014,PBEsol
Na0.5K0.5Ag1Mg0.5Sr0.5Ge1S2Se1Te1,kesterite,-0.7007,,1.738,PBEsol
Na0.5K0.5Ag1Mg0.5Sr0.5Ge1S2Se1Te1,stannite,-0.6669,,0.873,PBEsol
Na0.5K0.5Ag1Mg1Ge1Se4,stannite,-0.5924,0.2691,0.549,PBEsol
Na0.5K0.5Ag1Mg1Ge1Te4,kesterite,-0.2609,,0.875,PBEsol
Na0.5K0.5Ag1Mg1Sn1S4,kesterite,-0.6992,0.2883,1.438,PBEsol
Na0.5K0.5Ag1Mg1Sn1S4,stannite,-0.699,0.2899,0.968,PBEsol
Na0.5K0.5Ag1Mg1Sn1Se4,kesterite,-0.6016,0.5718,1.032,PBEsol
Na0.5K0.5Ag1Mg1Sn1Se4,stannite,-0.598,0.6006,0.547,PBEsol
Na0.5K0.5Ag1Mg1Zr1S4,kesterite,-1.0525,0.8817,1.81,PBEsol
Na0.5K0.5Ag1Mg1Zr1S4,stannite,-1.056,0.8532,1.725,PBEsol
Na0.5K0.5Ag1Mg1Zr1Se4,kesterite,-0.8896,1.2242,1.518,PBEsol
Na0.5K0.5Ag1Sr1Ge1S4,kesterite,-0.8143,0.5041,1.404,PBEsol
Na0.5K0.5Ag1Sr1Ge1Se4,kesterite,-0.7047,1.0858,0.914,PBEsol
Na0.5K0.5Ag1Sr1Sn1S4,kesterite,-0.7879,0.9913,1.341,PBEsol
Na0.5K0.5Ag1Sr1Zr1S4,kesterite,-1.1588,1.4432,1.502,PBEsol
Na0.5K0.5Ag1Sr1Zr1Se4,kesterite,-0.9958,2.0895,1.235,PBEsol
Na0.5K0.5Ag1Zn1Ge1Se4,kesterite,-0.4664,0.1679,0.874,PBEsol
Na0.5K0.5Ag1Zn1Ge1Se4,stannite,-0.4311,0.4499,0.145,PBEsol
Na0.5K0.5Ag1Zn1Ge1Te4,kesterite,-0.1686,,0.729,PBEsol
Na0.5K0.5Ag1Zn1Sn0.5Ge0.5S2Se1Te1,kesterite,-0.4609,,0.884,PBEsol
Na0.5K0.5Ag1Zn1Sn0.5Ge0.5S2Se1Te1,stannite,-0.4136,,0.069,PBEsol
Na0.5K0.5Ag1Zn1Sn1S4,kesterite,-0.5552,0.09,1.206,PBEsol
Na0.5K0.5Ag1Zn1Sn1S4,stannite,-0.5415,0.2,0.625,PBEsol
Na0.5K0.5Ag1Zn1Sn1Se4,kesterite,-0.4805,0.4315,0.786,PBEsol
Na0.5K0.5Ag1Zn1Sn1Se4,stannite,-0.4655,0.551,0.15,PBEsol
Na0.5K0.5Ag1Zn1Sn1Te4,kesterite,-0.157,,0.76,PBEsol
Na0.5K0.5Ag1Zn1Sn1Te4,stannite,-0.1523,,0.062,PBEsol
Na0.5K0.5Ag1Zn1Zr1S4,stannite,-0.8914,0.8202,1.123,PBEsol
Na0.5K0.5Ag1Zn1Zr1Se4,kesterite,-0.7558,1.1849,1.212,PBEsol
Na0.5K0.5Ag1Zn1Zr1Te4,kesterite,-0.3294,2.2803,0.745,PBEsol
Na0.5K0.5Al0.5Ga0.5S1Se1,kesterite,-1.0208,-0.5706,2.59,PBEsol
Na0.5K0.5Al0.5Ga0.5S1Se1,stannite,-0.9312,-0.2124,0.942,PBEsol
Na0.5K0.5Al0.5Ga0.5S2,kesterite,-1.0928,-0.6473,3.049,PBEsol
Na0.5K0.5Al0.5Ga0.5Se2,kesterite,-0.9627,-0.4783,2.134,PBEsol
Na0.5K0.5Al0.5Ga0.5Se2,stannite,-0.8764,-0.1331,0.885,PBEsol
Na0.5K0.5Al0.5In0.5S1Se1,kesterite,-0.9724,-0.4863,2.301,PBEsol
Na0.5K0.5Al0.5In0.5S1Se1,stannite,-0.9235,-0.291,0.958,PBEsol
Na0.5K0.5Al1S1Te1,kesterite,-0.9308,-0.4719,2.861,PBEsol
Na0.5K0.5Al1S1Te1,stannite,-0.7926,0.0809,0.211,PBEsol
Na0.5K0.5Al1Se1Te1,kesterite,-0.8491,-0.3972,2.396,PBEsol
Na0.5K0.5Al1Se1Te1,stannite,-0.756,-0.0249,0.392,PBEsol
Na0.5K0.5Cs0.5Ag0.5Ca0.5Zn0.5Sn0.5Ge0.5S3Se1,stannite,-0.6974,0.7925,0.484,PBEsol
Na0.5K0.5Cs0.5Ag0.5Ca0.5Zn0.5Sn1S3Te1,kesterite,-0.7234,,1.485,PBEsol
Na0.5K0.5Cs0.5Ag0.5Ca0.5Zn0.5Sn1S3Te1,stannite,-0.6134,,0.191,PBEsol
Na0.5K0.5Cs0.5Ag0.5Ca1Ge1S4,stannite,-0.8683,0.8302,1.579,PBEsol
Na0.5K0.5Cs0.5Ag0.5Ca1Ge1Se4,stannite,-0.7481,1.4204,1.02,PBEsol
Na0.5K0.5Cs0.5Ag0.5Ca1Sn1S4,stannite,-0.8535,1.225,1.481,PBEsol
Na0.5K0.5Cs0.5Ag0.5Ca1Sn1Se4,stannite,-0.7448,1.8235,1.013,PBEsol
Na0.5K0.5Cs0.5Ag0.5Cd1Ge1S4,stannite,-0.5244,0.413,0.865,PBEsol
Na0.5K0.5Cs0.5Ag0.5Cd1Ge1Se4,stannite,-0.4245,1.0402,0.218,PBEsol
Na0.5K0.5Cs0.5Ag0.5Cd1Sn1S4,stannite,-0.4921,0.9477,0.783,PBEsol
Na0.5K0.5Cs0.5Ag0.5Cd1Sn1Se4,stannite,-0.3892,1.6995,0.257,PBEsol
Na0.5K0.5Cs0.5Ag0.5Cd1Zr1S4,stannite,-0.8606,1.419,1.339,PBEsol
Na0.5K0.5Cs0.5Ag0.5Cd1Zr1Se4,stannite,-0.7015,2.1567,0.983,PBEsol
Na0.5K0.5Cs0.5Ag0.5Mg0.5Ca0.5Sn0.5Ge0.5S2Se1Te1,kesterite,-0.7775,,0.818,PBEsol
Na0.5K0.5Cs0.5Ag0.5Mg1Ge1S4,stannite,-0.7147,0.6358,1.153,PBEsol
Na0.5K0.5Cs0.5Ag0.5Mg1Ge1Se4,stannite,-0.5977,0.985,0.485,PBEsol
Na0.5K0.5Cs0.5Ag0.5Mg1Sn1S4,stannite,-0.6996,1.032,1.0,PBEsol
Na0.5K0.5Cs0.5Ag0.5Mg1Sn1Se4,stannite,-0.5919,1.4079,0.451,PBEsol
Na0.5K0.5Cs0.5Ag0.5Mg1Zr1S4,kesterite,-1.1264,1.0374,1.835,PBEsol
Na0.5K0.5Cs0.5Ag0.5Mg1Zr1S4,stannite,-1.073,1.4643,1.872,PBEsol
Na0.5K0.5Cs0.5Ag0.5Mg1Zr1Se4,stannite,-0.9135,1.7904,1.471,PBEsol
Na0.5K0.5Cs0.5Ag0.5Sr1Ge1S4,stannite,-0.8802,0.7238,1.691,PBEsol
Na0.5K0.5Cs0.5Ag0.5Zn1Ge1S4,stannite,-0.5451,0.6425,0.808,PBEsol
Na0.5K0.5Cs0.5Ag0.5Zn1Ge1Se4,stannite,-0.4412,1.1272,0.102,PBEsol
Na0.5K0.5Cs0.5Ag0.5Zn1Sn1S4,stannite,-0.544,0.9273,0.645,PBEsol
Na0.5K0.5Cs0.5Ag0.5Zn1Sn1Se4,stannite,-0.4524,1.4144,0.06,PBEsol
Na0.5K0.5Cs0.5Ag0.5Zn1Zr1S4,stannite,-0.9084,1.4309,1.291,PBEsol
Na0.5K0.5Cs0.5Ag0.5Zn1Zr1Se4,kesterite,-0.8143,1.4751,1.165,PBEsol
Na0.5K0.5Cs0.5Ag0.5Zn1Zr1Se4,stannite,-0.7611,1.9006,0.924,PBEsol
Na0.5K0.5Cs0.5Cu0.5Ba1Sn0.5Ge0.5Se4,kesterite,-0.883,0.476,0.872,PBEsol
Na0.5K0.5Cs0.5Cu0.5Ca1Ge1S4,stannite,-0.85,1.0662,1.323,PBEsol
Na0.5K0.5Cs0.5Cu0.5Ca1Ge1Se4,stannite,-0.7227,1.6055,0.825,PBEsol
Na0.5K0.5Cs0.5Cu0.5Ca1Sn1S4,stannite,-0.6488,2.9515,0.049,PBEsol
Na0.5K0.5Cs0.5Cu0.5Ca1Sn1Se4,stannite,-0.7755,1.56,0.737,PBEsol
Na0.5K0.5Cs0.5Cu0.5Ca1Sn1Te4,stannite,-0.388,,0.02,PBEsol
Na0.5K0.5Cs0.5Cu0.5Cd1Ge1S4,stannite,-0.4998,0.6988,0.543,PBEsol
Na0.5K0.5Cs0.5Cu0.5Cd1Ge1Se4,stannite,-0.3993,1.2237,0.709,PBEsol
Na0.5K0.5Cs0.5Cu0.5Cd1Ge1Te4,stannite,0.009,,0.092,PBEsol
Na0.5K0.5Cs0.5Cu0.5Cd1Sn1S4,stannite,-0.5502,0.5714,0.306,PBEsol
Na0.5K0.5Cs0.5Cu0.5Cd1Sn1Te4,stannite,-0.0398,,0.333,PBEsol
Na0.5K0.5Cs0.5Cu0.5Cd1Zr1Se4,stannite,-0.7422,1.8132,0.79,PBEsol
Na0.5K0.5Cs0.5Cu0.5Cd1Zr1Te4,stannite,-0.2663,3.3217,0.432,PBEsol
Na0.5K0.5Cs0.5Cu0.5Mg1Ge1S4,stannite,-0.4548,2.8042,0.005,PBEsol
Na0.5K0.5Cs0.5Cu0.5Mg1Ge1Se4,stannite,-0.5632,1.2428,0.214,PBEsol
Na0.5K0.5Cs0.5Cu0.5Mg1Sn1Te4,stannite,-0.2503,,0.063,PBEsol
Na0.5K0.5Cs0.5Cu0.5Mg1Zr1S4,stannite,-1.09,1.4174,1.59,PBEsol
Na0.5K0.5Cs0.5Cu0.5Mg1Zr1Se4,stannite,-0.9387,1.5712,1.297,PBEsol
Na0.5K0.5Cs0.5Cu0.5Mg1Zr1Te4,stannite,-0.4803,2.5031,0.894,PBEsol
Na0.5K0.5Cs0.5Cu0.5Zn1Ge1Se4,stannite,-0.402,1.423,0.441,PBEsol
Na0.5K0.5Cs0.5Cu0.5Zn1Sn1S4,stannite,-0.535,1.088,0.338,PBEsol
Na0.5K0.5Cs0.5Cu0.5Zn1Sn1Se4,stannite,-0.4544,1.3799,0.483,PBEsol
Na0.5K0.5Cs0.5Cu0.5Zn1Zr1S4,stannite,-0.9012,1.5779,1.005,PBEsol
Na0.5K0.5Cs0.5Cu0.5Zn1Zr1Se4,kesterite,-0.8075,1.5114,0.914,PBEsol
Na0.5K0.5Cs0.5Cu0.5Zn1Zr1Te4,stannite,-0.3215,2.9304,0.359,PBEsol
Na0.5K0.5Cs1Ba1Ge1S4,kesterite,-0.9647,0.6194,1.696,PBEsol
Na0.5K0.5Cs1Cd1Zr1S4,stannite,-0.9508,1.4621,1.584,PBEsol
Na0.5K0.5Cs1Cd1Zr1Se4,stannite,-0.7769,2.3299,1.198,PBEsol
Na0.5K0.5Cs1Mg1Ge1S4,stannite,-0.8284,0.4906,1.658,PBEsol
Na0.5K0.5Cs1Mg1Ge1Se4,stannite,-0.6961,0.9735,0.976,PBEsol
Na0.5K0.5Cs1Mg1Sn1S4,kesterite,-0.8739,0.4026,1.968,PBEsol
Na0.5K0.5Cs1Sr1Zr1S4,kesterite,-1.3443,1.4706,2.173,PBEsol
Na0.5K0.5Cs1Zn1Ge1S4,kesterite,-0.776,-0.4402,2.246,PBEsol
Na0.5K0.5Cs1Zn1Ge1S4,stannite,-0.6419,0.6323,1.162,PBEsol
Na0.5K0.5Cs1Zn1Ge1Se4,kesterite,-0.6463,0.2624,1.494,PBEsol
Na0.5K0.5Cs1Zn1Zr1S4,stannite,-1.0119,1.3677,1.396,PBEsol
Na0.5K0.5Cs1Zn1Zr1Se4,stannite,-0.8563,1.9152,1.066,PBEsol
Na0.5K0.5Cu0.5Ag0.5Ba1Ge1Se4,stannite,-0.7904,0.2795,1.143,PBEsol
Na0.5K0.5Cu0.5Ag0.5Ba1Zr1Se4,kesterite,-1.0291,1.702,1.02,PBEsol
Na0.5K0.5Cu0.5Ag0.5Ca1Sn1Se4,stannite,-0.7899,0.6774,0.874,PBEsol
Na0.5K0.5Cu0.5Ag0.5Ca1Sn1Te4,kesterite,-0.489,,0.647,PBEsol
Na0.5K0.5Cu0.5Ag0.5Ca1Sn1Te4,stannite,-0.5319,,0.778,PBEsol
Na0.5K0.5Cu0.5Ag0.5Ca1Zr1S4,stannite,-1.2365,0.9137,1.853,PBEsol
Na0.5K0.5Cu0.5Ag0.5Ca1Zr1Se4,kesterite,-1.0394,1.6376,1.171,PBEsol
Na0.5K0.5Cu0.5Ag0.5Cd1Ge1S4,stannite,-0.5401,-0.379,0.753,PBEsol
Na0.5K0.5Cu0.5Ag0.5Cd1Ge1Se4,kesterite,-0.4322,0.1936,0.609,PBEsol
Na0.5K0.5Cu0.5Ag0.5Cd1Ge1Se4,stannite,-0.453,0.0271,0.315,PBEsol
Na0.5K0.5Cu0.5Ag0.5Cd1Ge1Te4,kesterite,-0.1178,,0.606,PBEsol
Na0.5K0.5Cu0.5Ag0.5Cd1Sn1S4,stannite,-0.5435,-0.1305,0.524,PBEsol
Na0.5K0.5Cu0.5Ag0.5Cd1Sn1Te4,stannite,-0.1522,,0.42,PBEsol
Na0.5K0.5Cu0.5Ag0.5Cd1Zr1Te4,kesterite,-0.2984,2.3305,0.672,PBEsol
Na0.5K0.5Cu0.5Ag0.5Mg0.5Sr0.5Sn0.5Ge0.5Se4,kesterite,-0.6867,0.4975,0.927,PBEsol
Na0.5K0.5Cu0.5Ag0.5Mg0.5Sr0.5Sn0.5Ge0.5Se4,stannite,-0.7061,0.342,0.441,PBEsol
Na0.5K0.5Cu0.5Ag0.5Mg1Ge1S4,stannite,-0.7299,-0.1528,1.045,PBEsol
Na0.5K0.5Cu0.5Ag0.5Mg1Ge1Se1Te3,kesterite,-0.4072,,0.746,PBEsol
Na0.5K0.5Cu0.5Ag0.5Mg1Ge1Se1Te3,stannite,-0.4184,,0.136,PBEsol
Na0.5K0.5Cu0.5Ag0.5Mg1Ge1Se4,kesterite,-0.5934,0.234,0.903,PBEsol
Na0.5K0.5Cu0.5Ag0.5Mg1Ge1Se4,stannite,-0.6124,0.0817,0.546,PBEsol
Na0.5K0.5Cu0.5Ag0.5Mg1Sn1S4,stannite,-0.7409,0.0354,0.736,PBEsol
Na0.5K0.5Cu0.5Ag0.5Mg1Sn1Se4,kesterite,-0.6287,0.328,0.75,PBEsol
Na0.5K0.5Cu0.5Ag0.5Mg1Sn1Te4,stannite,-0.3245,,0.565,PBEsol
Na0.5K0.5Cu0.5Ag0.5Mg1Zr1S4,kesterite,-1.0624,0.8829,1.467,PBEsol
Na0.5K0.5Cu0.5Ag0.5Mg1Zr1S4,stannite,-1.0909,0.6543,1.54,PBEsol
Na0.5K0.5Cu0.5Ag0.5Mg1Zr1Se4,kesterite,-0.9048,1.0754,1.245,PBEsol
Na0.5K0.5Cu0.5Ag0.5Mg1Zr1Se4,stannite,-0.9275,0.8937,1.295,PBEsol
Na0.5K0.5Cu0.5Ag0.5Mg1Zr1Te4,stannite,-0.4915,1.6796,0.967,PBEsol
Na0.5K0.5Cu0.5Ag0.5Sr0.5Zn0.5Ge1S2Se1Te1,kesterite,-0.5699,,0.703,PBEsol
Na0.5K0.5Cu0.5Ag0.5Sr1Sn1Te4,kesterite,-0.3738,,0.74,PBEsol
Na0.5K0.5Cu0.5Ag0.5Zn1Ge1S1Se2Te1,kesterite,-0.4334,,0.67,PBEsol
Na0.5K0.5Cu0.5Ag0.5Zn1Ge1S1Se2Te1,stannite,-0.4277,,0.04,PBEsol
Na0.5K0.5Cu0.5Ag0.5Zn1Ge1S4,stannite,-0.5515,-0.0761,0.679,PBEsol
Na0.5K0.5Cu0.5Ag0.5Zn1Ge1Se4,kesterite,-0.4568,0.2172,0.737,PBEsol
Na0.5K0.5Cu0.5Ag0.5Zn1Ge1Se4,stannite,-0.4517,0.2584,0.116,PBEsol
Na0.5K0.5Cu0.5Ag0.5Zn1Ge1Te4,kesterite,-0.1541,,0.605,PBEsol
Na0.5K0.5Cu0.5Ag0.5Zn1Sn1S4,stannite,-0.5664,0.0812,0.421,PBEsol
Na0.5K0.5Cu0.5Ag0.5Zn1Sn1Se4,kesterite,-0.4853,0.3661,0.579,PBEsol
Na0.5K0.5Cu0.5Ag0.5Zn1Sn1Se4,stannite,-0.4895,0.3319,0.042,PBEsol
Na0.5K0.5Cu0.5Ag0.5Zn1Sn1Te4,stannite,-0.1969,,0.066,PBEsol
Na0.5K0.5Cu0.5Ag0.5Zn1Zr1S4,kesterite,-0.8979,0.8482,1.21,PBEsol
Na0.5K0.5Cu0.5Ag0.5Zn1Zr1Se4,kesterite,-0.7528,1.1818,1.001,PBEsol
Na0.5K0.5Cu0.5Ag0.5Zn1Zr1Se4,stannite,-0.7621,1.1075,0.631,PBEsol
Na0.5K0.5Cu0.5Ag0.5Zn1Zr1Te4,stannite,-0.3593,1.8941,0.37,PBEsol
Na0.5K0.5Cu1Ba1Zr1S4,kesterite,-1.1534,1.4715,0.85,PBEsol
Na0.5K0.5Cu1Ba1Zr1Se4,kesterite,-0.9933,1.9795,0.735,PBEsol
Na0.5K0.5Cu1Ca1Ge1S1Te3,kesterite,-0.5755,,0.352,PBEsol
Na0.5K0.5Cu1Ca1Ge1S1Te3,stannite,-0.5983,,0.662,PBEsol
Na0.5K0.5Cu1Ca1Ge1S4,kesterite,-0.8086,0.7392,1.065,PBEsol
Na0.5K0.5Cu1Ca1Zr1S4,kesterite,-1.1831,1.4382,1.076,PBEsol
Na0.5K0.5Cu1Ca1Zr1S4,stannite,-1.2457,0.938,1.766,PBEsol
Na0.5K0.5Cu1Cd1Ge1S4,kesterite,-0.5041,0.0072,0.763,PBEsol
Na0.5K0.5Cu1Cd1Ge1S4,stannite,-0.5712,-0.5297,0.734,PBEsol
Na0.5K0.5Cu1Cd1Sn1S4,kesterite,-0.515,0.1958,0.583,PBEsol
Na0.5K0.5Cu1Cd1Sn1Se4,kesterite,-0.4411,0.4895,0.34,PBEsol
Na0.5K0.5Cu1Cd1Sn1Se4,stannite,-0.4881,0.1137,0.229,PBEsol
Na0.5K0.5Cu1Cd1Sn1Te4,stannite,-0.1505,,0.497,PBEsol
Na0.5K0.5Cu1Cd1Zr1S4,kesterite,-0.8623,0.8366,0.969,PBEsol
Na0.5K0.5Cu1Cd1Zr1S4,stannite,-0.905,0.4952,1.011,PBEsol
Na0.5K0.5Cu1Cd1Zr1Se4,stannite,-0.7533,0.9482,0.761,PBEsol
Na0.5K0.5Cu1Cd1Zr1Te4,stannite,-0.3037,2.1598,0.494,PBEsol
Na0.5K0.5Cu1Mg0.5Ba0.5Sn1S3Te1,kesterite,-0.6922,,0.7,PBEsol
Na0.5K0.5Cu1Mg0.5Ba0.5Sn1S3Te1,stannite,-0.7389,,0.525,PBEsol
Na0.5K0.5Cu1Mg1Ge1S4,kesterite,-0.6939,0.2333,1.107,PBEsol
Na0.5K0.5Cu1Mg1Ge1Se4,stannite,-0.6337,-0.0975,0.552,PBEsol
Na0.5K0.5Cu1Mg1Ge1Te4,stannite,-0.282,,0.551,PBEsol
Na0.5K0.5Cu1Mg1Sn1S4,kesterite,-0.7086,0.3918,0.866,PBEsol
Na0.5K0.5Cu1Mg1Sn1S4,stannite,-0.766,-0.0673,0.706,PBEsol
Na0.5K0.5Cu1Mg1Sn1Se4,kesterite,-0.6105,0.4643,0.562,PBEsol
Na0.5K0.5Cu1Mg1Sn1Se4,stannite,-0.6611,0.0594,0.4,PBEsol
Na0.5K0.5Cu1Mg1Sn1Te4,kesterite,-0.2634,,0.555,PBEsol
Na0.5K0.5Cu1Mg1Sn1Te4,stannite,-0.3094,,0.629,PBEsol
Na0.5K0.5Cu1Mg1Zr1S4,kesterite,-1.058,1.0158,1.193,PBEsol
Na0.5K0.5Cu1Mg1Zr1Se4,kesterite,-0.8893,1.1899,0.997,PBEsol
Na0.5K0.5Cu1Mg1Zr1Se4,stannite,-0.9303,0.862,1.239,PBEsol
Na0.5K0.5Cu1Mg1Zr1Te4,stannite,-0.4674,1.7438,0.87,PBEsol
Na0.5K0.5Cu1Sr1Zr1S4,kesterite,-1.1751,1.4907,1.009,PBEsol
Na0.5K0.5Cu1Zn1Ge1Se2Te2,kesterite,-0.3416,,0.364,PBEsol
Na0.5K0.5Cu1Zn1Ge1Se2Te2,stannite,-0.3824,,0.224,PBEsol
Na0.5K0.5Cu1Zn1Ge1Se4,stannite,-0.4761,0.0538,0.111,PBEsol
Na0.5K0.5Cu1Zn1Ge1Te4,stannite,-0.1661,,0.077,PBEsol
Na0.5K0.5Cu1Zn1Sn1S4,kesterite,-0.5544,0.2749,0.71,PBEsol
Na0.5K0.5Cu1Zn1Sn1S4,stannite,-0.611,-0.1775,0.421,PBEsol
Na0.5K0.5Cu1Zn1Sn1Se4,kesterite,-0.4723,0.4603,0.41,PBEsol
Na0.5K0.5Cu1Zn1Sn1Se4,stannite,-0.5035,0.2106,0.058,PBEsol
Na0.5K0.5Cu1Zn1Sn1Te4,kesterite,-0.1583,,0.412,PBEsol
Na0.5K0.5Cu1Zn1Zr1S4,kesterite,-0.8984,0.9422,1.009,PBEsol
Na0.5K0.5Cu1Zn1Zr1Se4,kesterite,-0.7421,1.2586,0.813,PBEsol
Na0.5K0.5Ga0.5In0.5S1Te1,kesterite,-0.7304,-0.3888,1.792,PBEsol
Na0.5K0.5Ga0.5In0.5S1Te1,stannite,-0.5914,0.1671,0.222,PBEsol
Na0.5K0.5Ga0.5In0.5Se2,kesterite,-0.8439,-0.4073,1.627,PBEsol
Na0.5K0.5Ga0.5In0.5Se2,stannite,-0.781,-0.1554,0.689,PBEsol
Na0.5K0.5Ga1S2,kesterite,-0.9684,-0.6016,2.604,PBEsol
Na0.5K0.5In1S1Se1,kesterite,-0.8442,-0.4585,1.632,PBEsol
Na0.5K0.5In1S1Se1,stannite,-0.7918,-0.2487,0.892,PBEsol
Na0.5K0.5In1Te2,kesterite,-0.5528,-0.2017,1.165,PBEsol
Na0.5K0.5In1Te2,stannite,-0.5059,-0.0144,0.54,PBEsol
Na0.5K0.5Rb0.5Ag0.5Ba1Sn1S4,kesterite,-0.85,1.0228,1.754,PBEsol
Na0.5K0.5Rb0.5Ag0.5Ba1Zr1Se4,kesterite,-1.072,2.1047,1.941,PBEsol
Na0.5K0.5Rb0.5Ag0.5Cd1Ge1S4,kesterite,-0.6215,-0.3892,1.613,PBEsol
Na0.5K0.5Rb0.5Ag0.5Cd1Sn1S4,kesterite,-0.5668,0.324,1.476,PBEsol
Na0.5K0.5Rb0.5Ag0.5Cd1Sn1Se4,kesterite,-0.4657,1.0479,1.039,PBEsol
Na0.5K0.5Rb0.5Ag0.5Cd1Zr1S4,kesterite,-0.9182,0.9323,1.581,PBEsol
Na0.5K0.5Rb0.5Ag0.5Cd1Zr1S4,stannite,-0.8848,1.1993,1.514,PBEsol
Na0.5K0.5Rb0.5Ag0.5Cd1Zr1Se4,kesterite,-0.7542,1.6961,1.237,PBEsol
Na0.5K0.5Rb0.5Ag0.5Cd1Zr1Se4,stannite,-0.7242,1.9357,1.139,PBEsol
Na0.5K0.5Rb0.5Ag0.5Cd1Zr1Te4,stannite,-0.21,3.8691,0.613,PBEsol
Na0.5K0.5Rb0.5Ag0.5Mg1Ge1S4,stannite,-0.7408,0.4006,1.466,PBEsol
Na0.5K0.5Rb0.5Ag0.5Mg1Sn1S4,kesterite,-0.7881,0.2985,1.877,PBEsol
Na0.5K0.5Rb0.5Ag0.5Mg1Sn1Se4,kesterite,-0.6828,0.6408,1.356,PBEsol
Na0.5K0.5Rb0.5Ag0.5Mg1Zr1S4,kesterite,-1.1423,0.8844,2.057,PBEsol
Na0.5K0.5Rb0.5Ag0.5Mg1Zr1Se4,kesterite,-0.9778,1.2368,1.686,PBEsol
Na0.5K0.5Rb0.5Ag0.5Sr0.5Cd0.5Sn0.5Ge0.5S4,kesterite,-0.8267,-0.3505,1.597,PBEsol
Na0.5K0.5Rb0.5Ag0.5Sr0.5Cd0.5Sn0.5Ge0.5S4,stannite,-0.7471,0.2863,1.098,PBEsol
Na0.5K0.5Rb0.5Ag0.5Sr1Sn1S2Se1Te1,kesterite,-0.983,,1.446,PBEsol
Na0.5K0.5Rb0.5Ag0.5Sr1Sn1S2Se1Te1,stannite,-0.8976,,1.269,PBEsol
Na0.5K0.5Rb0.5Ag0.5Sr1Zr1S4,kesterite,-1.2533,1.4084,2.358,PBEsol
Na0.5K0.5Rb0.5Ag0.5Zn1Ge1Te4,stannite,-0.0725,,0.129,PBEsol
Na0.5K0.5Rb0.5Ag0.5Zn1Sn1Se4,kesterite,-0.5522,0.5763,1.136,PBEsol
Na0.5K0.5Rb0.5Ag0.5Zn1Sn1Se4,stannite,-0.4819,1.1391,0.404,PBEsol
Na0.5K0.5Rb0.5Ag0.5Zn1Zr1S4,kesterite,-0.9857,0.787,1.68,PBEsol
Na0.5K0.5Rb0.5Ag0.5Zn1Zr1S4,stannite,-0.9317,1.2186,1.474,PBEsol
Na0.5K0.5Rb0.5Ag0.5Zn1Zr1Se4,kesterite,-0.8302,1.3083,1.301,PBEsol
Na0.5K0.5Rb0.5Ag0.5Zn1Zr1Se4,stannite,-0.7824,1.6909,1.086,PBEsol
Na0.5K0.5Rb0.5Ag0.5Zn1Zr1Te4,stannite,-0.3218,3.0256,0.609,PBEsol
Na0.5K0.5Rb0.5Cs0.5Ba1Ge1S4,kesterite,-0.9711,0.5335,1.875,PBEsol
Na0.5K0.5Rb0.5Cs0.5Ba1Sn1S4,kesterite,-0.9196,1.2218,1.928,PBEsol
Na0.5K0.5Rb0.5Cs0.5Ba1Zr1S4,kesterite,-1.3244,1.4028,2.239,PBEsol
Na0.5K0.5Rb0.5Cs0.5Cd1Sn1S4,stannite,-0.5851,0.9337,1.504,PBEsol
Na0.5K0.5Rb0.5Cs0.5Cd1Zr1S4,stannite,-0.9653,1.3112,1.655,PBEsol
Na0.5K0.5Rb0.5Cs0.5Cd1Zr1Se4,stannite,-0.7906,2.1717,1.288,PBEsol
Na0.5K0.5Rb0.5Cs0.5Mg0.5Zn0.5Sn1S2Te2,stannite,-0.5571,,0.233,PBEsol
Na0.5K0.5Rb0.5Cs0.5Mg1Ge1S4,kesterite,-0.9201,-0.278,2.361,PBEsol
Na0.5K0.5Rb0.5Cs0.5Mg1Ge1S4,stannite,-0.8401,0.3626,1.659,PBEsol
Na0.5K0.5Rb0.5Cs0.5Mg1Zr1S4,kesterite,-1.2626,0.6779,2.425,PBEsol
Na0.5K0.5Rb0.5Cs0.5Sr0.5Ba0.5Ge1S4,stannite,-1.1087,-0.4888,2.345,PBEsol
Na0.5K0.5Rb0.5Cs0.5Zn1Ge1S4,stannite,-0.6601,0.4525,1.21,PBEsol
Na0.5K0.5Rb0.5Cs0.5Zn1Ge1Se4,kesterite,-0.6528,0.1618,1.584,PBEsol
Na0.5K0.5Rb0.5Cs0.5Zn1Ge1Se4,stannite,-0.5425,1.0444,0.554,PBEsol
Na0.5K0.5Rb0.5Cs0.5Zn1Ge1Te4,stannite,-0.1437,,0.06,PBEsol
Na0.5K0.5Rb0.5Cs0.5Zn1Zr1S4,kesterite,-1.1029,0.6051,2.003,PBEsol
Na0.5K0.5Rb0.5Cs0.5Zn1Zr1S4,stannite,-1.0254,1.2252,1.516,PBEsol
Na0.5K0.5Rb0.5Cs0.5Zn1Zr1Se4,stannite,-0.871,1.7493,1.156,PBEsol
Na0.5K0.5Rb0.5Cs0.5Zn1Zr1Te4,stannite,-0.3765,3.3216,0.691,PBEsol
Na0.5K0.5Rb0.5Cu0.5Ba1Zr1S4,stannite,-1.2766,1.118,1.726,PBEsol
Na0.5K0.5Rb0.5Cu0.5Ca0.5Sr0.5Sn0.5Ge0.5S3Se1,stannite,-0.9398,0.2753,1.481,PBEsol
Na0.5K0.5Rb0.5Cu0.5Cd1Zr1Se4,kesterite,-0.79,1.3913,0.864,PBEsol
Na0.5K0.5Rb0.5Cu0.5Cd1Zr1Se4,stannite,-0.766,1.5835,0.935,PBEsol
Na0.5K0.5Rb0.5Cu0.5Cd1Zr1Te4,stannite,-0.2929,3.068,0.535,PBEsol
Na0.5K0.5Rb0.5Cu0.5Mg0.5Ba0.5Ge1S3Te1,kesterite,-0.8201,,1.418,PBEsol
Na0.5K0.5Rb0.5Cu0.5Mg0.5Ba0.5Ge1S3Te1,stannite,-0.8179,,1.285,PBEsol
Na0.5K0.5Rb0.5Cu0.5Mg0.5Cd0.5Sn0.5Ge0.5S3Te1,stannite,-0.5457,,0.009,PBEsol
Na0.5K0.5Rb0.5Cu0.5Mg0.5Zn0.5Sn1S2Se2,stannite,-0.6406,0.578,0.533,PBEsol
Na0.5K0.5Rb0.5Cu0.5Mg1Ge1Te4,stannite,-0.2038,,0.234,PBEsol
Na0.5K0.5Rb0.5Cu0.5Sr0.5Cd0.5Sn1S4,kesterite,-0.8077,0.0462,1.008,PBEsol
Na0.5K0.5Rb0.5Cu0.5Sr0.5Cd0.5Sn1S4,stannite,-0.7376,0.6071,0.547,PBEsol
Na0.5K0.5Rb0.5Cu0.5Sr1Ge1Te4,stannite,-0.358,,0.551,PBEsol
Na0.5K0.5Rb0.5Cu0.5Zn1Ge1Se4,kesterite,-0.5399,0.2804,1.035,PBEsol
Na0.5K0.5Rb0.5Cu0.5Zn1Sn0.5Ge0.5S4,stannite,-0.5685,0.6383,0.614,PBEsol
Na0.5K0.5Rb0.5Cu0.5Zn1Sn1Se4,stannite,-0.4855,1.0921,0.13,PBEsol
Na0.5K0.5Rb0.5Cu0.5Zn1Zr1Se4,kesterite,-0.8237,1.3426,0.951,PBEsol
Na0.5K0.5Rb0.5Cu0.5Zn1Zr1Te4,stannite,-0.3463,2.692,0.501,PBEsol
Na0.5K0.5Rb1Ba0.5Cd0.5Ge1S2Se2,stannite,-0.8077,0.1737,0.871,PBEsol
Na0.5K0.5Rb1Ba1Ge1S4,kesterite,-0.9843,0.4107,2.063,PBEsol
Na0.5K0.5Rb1Ba1Ge1Se4,stannite,-0.8672,1.1469,1.756,PBEsol
Na0.5K0.5Rb1Ba1Sn1S4,kesterite,-0.936,1.0735,2.119,PBEsol
Na0.5K0.5Rb1Ba1Zr1Se4,kesterite,-1.1828,1.9546,2.022,PBEsol
Na0.5K0.5Rb1Ca1Ge1Te4,stannite,-0.3432,,0.394,PBEsol
Na0.5K0.5Rb1Ca1Zr1S4,kesterite,-1.3858,1.0985,2.595,PBEsol
Na0.5K0.5Rb1Cd1Ge1S4,stannite,-0.6448,0.1632,1.415,PBEsol
Na0.5K0.5Rb1Cd1Ge1Se4,stannite,-0.5233,0.9475,0.808,PBEsol
Na0.5K0.5Rb1Cd1Sn0.5Ge0.5Te4,stannite,-0.3626,,0.006,PBEsol
Na0.5K0.5Rb1Cd1Zr1S4,stannite,-0.9743,1.2221,1.694,PBEsol
Na0.5K0.5Rb1Cd1Zr1Se4,stannite,-0.8015,2.0544,1.3,PBEsol
Na0.5K0.5Rb1Mg0.5Cd0.5Sn0.5Ge0.5S1Se1Te2,stannite,-0.6038,,0.251,PBEsol
Na0.5K0.5Rb1Mg0.5Cd0.5Sn1S2Te2,kesterite,-0.7147,,1.655,PBEsol
Na0.5K0.5Rb1Mg0.5Cd0.5Sn1S2Te2,stannite,-0.6205,,0.123,PBEsol
Na0.5K0.5Rb1Mg0.5Cd0.5Sn1S4,kesterite,-0.8993,-0.7425,2.058,PBEsol
Na0.5K0.5Rb1Mg0.5Cd0.5Sn1S4,stannite,-0.8226,-0.1292,1.284,PBEsol
Na0.5K0.5Rb1Mg1Ge1S4,stannite,-0.8515,0.2537,1.71,PBEsol
Na0.5K0.5Rb1Mg1Ge1Se4,stannite,-0.7239,0.6726,1.04,PBEsol
Na0.5K0.5Rb1Mg1Ge1Te4,stannite,-0.2361,,0.069,PBEsol
Na0.5K0.5Rb1Mg1Zr1S4,kesterite,-1.2678,0.6193,2.66,PBEsol
Na0.5K0.5Rb1Mg1Zr1Se4,kesterite,-1.1073,0.9378,2.257,PBEsol
Na0.5K0.5Rb1Sr1Ge1Te4,stannite,-0.409,,1.171,PBEsol
Na0.5K0.5Rb1Zn1Ge1S4,stannite,-0.6764,0.3044,1.274,PBEsol
Na0.5K0.5Rb1Zn1Ge1Se4,stannite,-0.559,0.8819,0.603,PBEsol
Na0.5K0.5Rb1Zn1Zr1S4,stannite,-1.0362,1.1215,1.569,PBEsol
Na0.5K0.5Rb1Zn1Zr1Se4,stannite,-0.8811,1.638,1.187,PBEsol
Na0.5K0.5Rb1Zn1Zr1Te4,stannite,-0.4048,3.064,0.543,PBEsol
Na0.5K1.5Ba1Ge1S4,kesterite,-1.0118,0.2843,2.163,PBEsol
Na0.5K1.5Ba1Ge1Se4,kesterite,-0.8772,1.1429,1.678,PBEsol
Na0.5K1.5Ba1Sn1S4,kesterite,-0.9654,0.932,2.261,PBEsol
Na0.5K1.5Ba1Zr1S4,kesterite,-1.3583,1.208,2.514,PBEsol
Na0.5K1.5Cd1Zr1S4,kesterite,-1.0422,0.7724,2.485,PBEsol
Na0.5K1.5Cd1Zr1S4,stannite,-1.0074,1.0509,1.727,PBEsol
Na0.5K1.5Cd1Zr1Se4,kesterite,-0.8668,1.6071,2.042,PBEsol
Na0.5K1.5Cd1Zr1Te4,kesterite,-0.3195,3.7457,1.353,PBEsol
Na0.5K1.5Cd1Zr1Te4,stannite,-0.2973,3.9228,0.814,PBEsol
Na0.5K1.5Mg1Ge1S4,stannite,-0.8817,0.1058,1.816,PBEsol
Na0.5K1.5Mg1Ge1Se4,stannite,-0.7526,0.5183,1.123,PBEsol
Na0.5K1.5Mg1Ge1Te4,kesterite,-0.3877,,1.44,PBEsol
Na0.5K1.5Mg1Ge1Te4,stannite,-0.3367,,0.32,PBEsol
Na0.5K1.5Mg1Zr1S4,kesterite,-1.2864,0.5643,2.917,PBEsol
Na0.5K1.5Sr1Ge1Se4,kesterite,-0.9009,1.0467,1.981,PBEsol
Na0.5K1.5Sr1Zr1S4,kesterite,-1.3851,1.1863,2.846,PBEsol
Na0.5K1.5Zn1Ge1S4,stannite,-0.7129,0.1062,1.397,PBEsol
Na0.5K1.5Zn1Ge1Se4,stannite,-0.5975,0.6493,0.69,PBEsol
Na0.5K1.5Zn1Ge1Te4,stannite,-0.2393,,0.095,PBEsol
Na0.5K1.5Zn1Sn1Te4,stannite,-0.2327,,0.143,PBEsol
Na0.5K1.5Zn1Zr1S4,kesterite,-1.1284,0.4776,2.316,PBEsol
Na0.5K1.5Zn1Zr1S4,stannite,-1.0661,0.9764,1.599,PBEsol
Na0.5K1.5Zn1Zr1Se4,kesterite,-0.9663,1.0316,1.863,PBEsol
Na0.5K1.5Zn1Zr1Se4,stannite,-0.9099,1.4826,1.207,PBEsol
Na0.5K1Ag0.5Ba1Sn1S4,kesterite,-0.866,0.9443,1.773,PBEsol
Na0.5K1Ag0.5Ca0.5Ba0.5Ge1S2Te2,stannite,-0.7958,,1.118,PBEsol
Na0.5K1Ag0.5Ca1Ge1Se4,stannite,-0.7908,1.0802,1.348,PBEsol
Na0.5K1Ag0.5Ca1Zr1Se4,kesterite,-1.1259,1.7321,2.151,PBEsol
Na0.5K1Ag0.5Cd1Ge1S2Se2,kesterite,-0.6299,-0.5581,1.509,PBEsol
Na0.5K1Ag0.5Cd1Ge1S2Se2,stannite,-0.5553,0.0391,0.639,PBEsol
Na0.5K1Ag0.5Cd1Ge1S4,stannite,-0.5753,0.0298,1.208,PBEsol
Na0.5K1Ag0.5Cd1Ge1Se4,kesterite,-0.5339,0.1664,1.168,PBEsol
Na0.5K1Ag0.5Cd1Ge1Se4,stannite,-0.4764,0.6267,0.599,PBEsol
Na0.5K1Ag0.5Cd1Sn1Se1Te3,stannite,-0.331,,0.237,PBEsol
Na0.5K1Ag0.5Cd1Zr1S4,kesterite,-0.9379,0.8243,1.665,PBEsol
Na0.5K1Ag0.5Cd1Zr1S4,stannite,-0.9093,1.0532,1.543,PBEsol
Na0.5K1Ag0.5Cd1Zr1Se4,kesterite,-0.7741,1.5776,1.361,PBEsol
Na0.5K1Ag0.5Cd1Zr1Se4,stannite,-0.7481,1.7857,1.16,PBEsol
Na0.5K1Ag0.5Mg0.5Ca0.5Sn0.5Ge0.5S3Te1,stannite,-0.7437,,0.265,PBEsol
Na0.5K1Ag0.5Mg0.5Ca0.5Sn1S2Se1Te1,kesterite,-0.8363,,1.677,PBEsol
Na0.5K1Ag0.5Mg0.5Ca0.5Sn1S2Se1Te1,stannite,-0.7319,,0.108,PBEsol
Na0.5K1Ag0.5Mg1Ge1Se4,stannite,-0.6465,0.5958,0.848,PBEsol
Na0.5K1Ag0.5Mg1Sn0.5Ge0.5S1Se3,kesterite,-0.792,-0.3016,1.613,PBEsol
Na0.5K1Ag0.5Mg1Sn0.5Ge0.5S1Se3,stannite,-0.7034,0.4074,0.598,PBEsol
Na0.5K1Ag0.5Mg1Sn1Se4,kesterite,-0.6999,0.5444,1.481,PBEsol
Na0.5K1Ag0.5Mg1Zr1S4,kesterite,-1.1584,0.805,2.126,PBEsol
Na0.5K1Ag0.5Mg1Zr1Se4,kesterite,-0.9932,1.1545,1.786,PBEsol
Na0.5K1Ag0.5Sr1Zr1Se4,kesterite,-1.1062,1.9649,2.137,PBEsol
Na0.5K1Ag0.5Zn0.5Cd0.5Ge1S4,kesterite,-0.6661,-0.517,1.582,PBEsol
Na0.5K1Ag0.5Zn0.5Cd0.5Ge1S4,stannite,-0.5973,0.0335,1.073,PBEsol
Na0.5K1Ag0.5Zn1Ge1S4,stannite,-0.5999,0.2272,1.145,PBEsol
Na0.5K1Ag0.5Zn1Ge1Se4,stannite,-0.4944,0.7026,0.448,PBEsol
Na0.5K1Ag0.5Zn1Ge1Te4,stannite,-0.1459,,0.342,PBEsol
Na0.5K1Ag0.5Zn1Sn1Se1Te3,kesterite,-0.4607,,1.197,PBEsol
Na0.5K1Ag0.5Zn1Sn1Se1Te3,stannite,-0.3782,,0.223,PBEsol
Na0.5K1Ag0.5Zn1Sn1Se4,kesterite,-0.5705,0.4706,1.252,PBEsol
Na0.5K1Ag0.5Zn1Sn1Te4,stannite,-0.161,,0.306,PBEsol
Na0.5K1Ag0.5Zn1Zr1S4,stannite,-0.9557,1.076,1.499,PBEsol
Na0.5K1Ag0.5Zn1Zr1Se4,kesterite,-0.8476,1.2098,1.367,PBEsol
Na0.5K1Ag0.5Zn1Zr1Se4,stannite,-0.8053,1.5482,1.107,PBEsol
Na0.5K1Ag0.5Zn1Zr1Te4,stannite,-0.3457,2.8617,0.627,PBEsol
Na0.5K1Cs0.5Ba1Ge1S4,kesterite,-0.9807,0.5065,1.861,PBEsol
Na0.5K1Cs0.5Ba1Ge1Se4,stannite,-0.8763,1.1452,1.707,PBEsol
Na0.5K1Cs0.5Ba1Sn0.5Ge0.5S1Se3,stannite,-1.0722,-0.2585,1.768,PBEsol
Na0.5K1Cs0.5Ba1Zr1S4,kesterite,-1.3337,1.3781,2.213,PBEsol
Na0.5K1Cs0.5Ba1Zr1Se4,kesterite,-1.1819,2.033,1.883,PBEsol
Na0.5K1Cs0.5Ca1Ge1Se4,stannite,-0.8686,1.2252,1.568,PBEsol
Na0.5K1Cs0.5Cd1Ge1S4,stannite,-0.6492,0.1945,1.387,PBEsol
Na0.5K1Cs0.5Cd1Ge1Se4,stannite,-0.5293,0.9704,0.785,PBEsol
Na0.5K1Cs0.5Cd1Sn1S4,stannite,-0.6068,0.8097,1.419,PBEsol
Na0.5K1Cs0.5Cd1Zr1S4,stannite,-0.982,1.227,1.665,PBEsol
Na0.5K1Cs0.5Cd1Zr1Se4,stannite,-0.8086,2.0684,1.282,PBEsol
Na0.5K1Cs0.5Mg0.5Cd0.5Sn1S1Se2Te1,stannite,-0.7111,,0.26,PBEsol
Na0.5K1Cs0.5Mg1Zr1S4,kesterite,-1.2705,0.6644,2.576,PBEsol
Na0.5K1Cs0.5Mg1Zr1S4,stannite,-1.2182,1.0822,2.148,PBEsol
Na0.5K1Cs0.5Mg1Zr1Se4,kesterite,-1.11,0.9871,2.191,PBEsol
Na0.5K1Cs0.5Zn1Ge1S4,stannite,-0.6783,0.3565,1.241,PBEsol
Na0.5K1Cs0.5Zn1Ge1Se4,stannite,-0.5603,0.9428,0.59,PBEsol
Na0.5K1Cs0.5Zn1Zr1S4,stannite,-1.041,1.1501,1.522,PBEsol
Na0.5K1Cs0.5Zn1Zr1Te4,stannite,-0.4,3.1616,0.598,PBEsol
Na0.5K1Cu0.5Ba1Zr1S4,stannite,-1.2898,1.0625,1.708,PBEsol
Na0.5K1Cu0.5Ca0.5Sr0.5Sn0.5Ge0.5S3Te1,stannite,-0.9101,,1.102,PBEsol
Na0.5K1Cu0.5Cd1Ge1Te4,stannite,-0.0931,,0.263,PBEsol
Na0.5K1Cu0.5Cd1Zr1Se4,kesterite,-0.8088,1.2812,0.932,PBEsol
Na0.5K1Cu0.5Mg0.5Ca0.5Sn0.5Ge0.5S1Se1Te2,stannite,-0.669,,0.671,PBEsol
Na0.5K1Cu0.5Mg0.5Ca0.5Sn0.5Ge0.5Te4,stannite,-0.4286,,0.493,PBEsol
Na0.5K1Cu0.5Mg1Ge1Te4,kesterite,-0.3042,,1.002,PBEsol
Na0.5K1Cu0.5Mg1Sn1Te4,kesterite,-0.3559,,1.134,PBEsol
Na0.5K1Cu0.5Mg1Zr1Te4,kesterite,-0.5359,2.0459,0.996,PBEsol
Na0.5K1Cu0.5Mg1Zr1Te4,stannite,-0.5237,2.1432,1.058,PBEsol
Na0.5K1Cu0.5Zn0.5Cd0.5Ge1S1Se3,stannite,-0.528,0.3419,0.293,PBEsol
Na0.5K1Cu0.5Zn1Ge1Se4,stannite,-0.4639,0.929,0.254,PBEsol
Na0.5K1Cu0.5Zn1Sn1S2Se1Te1,kesterite,-0.5603,,1.264,PBEsol
Na0.5K1Cu0.5Zn1Sn1S2Se1Te1,stannite,-0.4999,,0.006,PBEsol
Na0.5K1Cu0.5Zn1Zr1Se4,kesterite,-0.8406,1.2475,0.972,PBEsol
Na0.5K1Cu0.5Zn1Zr1Te4,kesterite,-0.3943,2.3358,0.65,PBEsol
Na0.5K1Cu0.5Zn1Zr1Te4,stannite,-0.3712,2.5205,0.53,PBEsol
Na0.5K1Rb0.5Ba1Ge1S4,kesterite,-0.9939,0.3746,2.05,PBEsol
Na0.5K1Rb0.5Ba1Ge1S4,stannite,-1.0142,0.2129,2.267,PBEsol
Na0.5K1Rb0.5Ba1Ge1Se4,kesterite,-0.8596,1.2396,1.526,PBEsol
Na0.5K1Rb0.5Ba1Sn1S4,kesterite,-0.9482,1.0162,2.116,PBEsol
Na0.5K1Rb0.5Ba1Zr1S4,kesterite,-1.3449,1.2624,2.391,PBEsol
Na0.5K1Rb0.5Ba1Zr1Se4,kesterite,-1.1908,1.9226,2.032,PBEsol
Na0.5K1Rb0.5Ca0.5Cd0.5Ge1S1Te3,kesterite,-0.595,,1.293,PBEsol
Na0.5K1Rb0.5Ca0.5Cd0.5Ge1S1Te3,stannite,-0.5391,,0.45,PBEsol
Na0.5K1Rb0.5Ca1Ge1S2Te2,stannite,-0.7589,,1.1,PBEsol
Na0.5K1Rb0.5Cd1Ge1S4,stannite,-0.6656,0.0374,1.454,PBEsol
Na0.5K1Rb0.5Cd1Ge1Se4,stannite,-0.5463,0.7947,0.842,PBEsol
Na0.5K1Rb0.5Cd1Sn0.5Ge0.5S3Te1,stannite,-0.6267,,0.001,PBEsol
Na0.5K1Rb0.5Cd1Zr1S4,stannite,-0.993,1.1131,1.708,PBEsol
Na0.5K1Rb0.5Cd1Zr1Se4,stannite,-0.8205,1.9339,1.31,PBEsol
Na0.5K1Rb0.5Mg1Ge1S4,stannite,-0.8673,0.1684,1.762,PBEsol
Na0.5K1Rb0.5Mg1Ge1Se4,stannite,-0.7389,0.5836,1.08,PBEsol
Na0.5K1Rb0.5Mg1Ge1Te4,stannite,-0.2441,,0.027,PBEsol
Na0.5K1Rb0.5Mg1Zr1S4,kesterite,-1.278,0.5779,2.758,PBEsol
Na0.5K1Rb0.5Mg1Zr1Te4,stannite,-0.5723,2.5859,1.133,PBEsol
Na0.5K1Rb0.5Sr0.5Ba0.5Sn0.5Ge0.5Te4,stannite,-0.6743,,0.144,PBEsol
Na0.5K1Rb0.5Sr0.5Cd0.5Sn0.5Ge0.5Se1Te3,stannite,-0.6161,,0.494,PBEsol
Na0.5K1Rb0.5Sr1Ge1S4,kesterite,-1.0214,0.3476,2.465,PBEsol
Na0.5K1Rb0.5Sr1Ge1Se4,kesterite,-0.8852,1.1283,1.913,PBEsol
Na0.5K1Rb0.5Sr1Zr1Se4,kesterite,-1.2161,1.8137,2.349,PBEsol
Na0.5K1Rb0.5Zn0.5Cd0.5Ge1S1Se2Te1,stannite,-0.5868,,0.005,PBEsol
Na0.5K1Rb0.5Zn1Ge1S4,stannite,-0.6952,0.1947,1.337,PBEsol
Na0.5K1Rb0.5Zn1Ge1Se4,stannite,-0.5783,0.7592,0.649,PBEsol
Na0.5K1Rb0.5Zn1Ge1Te4,stannite,-0.1282,,0.117,PBEsol
Na0.5K1Rb0.5Zn1Zr1S4,stannite,-1.0527,1.0307,1.583,PBEsol
Na0.5K1Rb0.5Zn1Zr1Se4,kesterite,-0.9569,1.0634,1.783,PBEsol
Na0.5K1Rb0.5Zn1Zr1Se4,stannite,-0.8973,1.5399,1.198,PBEsol
Na0.5K1Rb0.5Zn1Zr1Te4,stannite,-0.4042,3.0874,0.749,PBEsol
Na0.5Rb0.5Ag1Ba1Ge1S4,stannite,-0.9011,-0.4237,1.836,PBEsol
Na0.5Rb0.5Ag1Ba1Ge1Se4,stannite,-0.7865,0.3063,1.21,PBEsol
Na0.5Rb0.5Ag1Ca0.5Ba0.5Sn1S1Se2Te1,stannite,-0.7578,,0.954,PBEsol
Na0.5Rb0.5Ag1Ca0.5Sr0.5Ge1S2Se1Te1,kesterite,-0.7013,,1.126,PBEsol
Na0.5Rb0.5Ag1Ca1Ge1S4,kesterite,-0.8014,0.5778,1.484,PBEsol
Na0.5Rb0.5Ag1Ca1Ge1S4,stannite,-0.8573,0.1308,1.611,PBEsol
Na0.5Rb0.5Ag1Ca1Ge1Se4,stannite,-0.7451,0.6553,1.08,PBEsol
Na0.5Rb0.5Ag1Ca1Sn1S4,kesterite,-0.7936,0.9166,1.382,PBEsol
Na0.5Rb0.5Ag1Ca1Sn1S4,stannite,-0.8313,0.6144,1.344,PBEsol
Na0.5Rb0.5Ag1Ca1Zr1Se4,kesterite,-1.0012,1.9389,1.306,PBEsol
Na0.5Rb0.5Ag1Cd1Ge1S4,stannite,-0.5015,-0.1917,0.843,PBEsol
Na0.5Rb0.5Ag1Cd1Ge1Se4,kesterite,-0.4108,0.3606,0.656,PBEsol
Na0.5Rb0.5Ag1Cd1Ge1Te4,kesterite,-0.0957,,0.549,PBEsol
Na0.5Rb0.5Ag1Cd1Ge1Te4,stannite,-0.103,,0.157,PBEsol
Na0.5Rb0.5Ag1Cd1Sn1S4,kesterite,-0.4711,0.3282,1.052,PBEsol
Na0.5Rb0.5Ag1Cd1Sn1Se4,kesterite,-0.3911,0.8948,0.66,PBEsol
Na0.5Rb0.5Ag1Cd1Sn1Se4,stannite,-0.3981,0.8385,0.296,PBEsol
Na0.5Rb0.5Ag1Cd1Zr1S4,kesterite,-0.8254,0.9127,1.441,PBEsol
Na0.5Rb0.5Ag1Cd1Zr1S4,stannite,-0.8345,0.8397,1.24,PBEsol
Na0.5Rb0.5Ag1Cd1Zr1Se4,kesterite,-0.6775,1.5597,1.139,PBEsol
Na0.5Rb0.5Ag1Mg0.5Sr0.5Sn0.5Ge0.5S2Te2,kesterite,-0.5925,,1.292,PBEsol
Na0.5Rb0.5Ag1Mg0.5Sr0.5Sn0.5Ge0.5S2Te2,stannite,-0.6172,,0.537,PBEsol
Na0.5Rb0.5Ag1Mg1Ge1S4,stannite,-0.6915,0.0339,1.151,PBEsol
Na0.5Rb0.5Ag1Mg1Ge1Se4,kesterite,-0.5747,0.3788,0.977,PBEsol
Na0.5Rb0.5Ag1Mg1Ge1Se4,stannite,-0.5736,0.3876,0.523,PBEsol
Na0.5Rb0.5Ag1Mg1Sn1S4,kesterite,-0.6743,0.4474,1.393,PBEsol
Na0.5Rb0.5Ag1Mg1Sn1S4,stannite,-0.6798,0.4031,0.931,PBEsol
Na0.5Rb0.5Ag1Mg1Zr1S4,kesterite,-1.034,0.9891,1.783,PBEsol
Na0.5Rb0.5Ag1Mg1Zr1Se4,kesterite,-0.8725,1.3291,1.488,PBEsol
Na0.5Rb0.5Ag1Sr0.5Ba0.5Ge1S1Se2Te1,kesterite,-0.6898,,0.355,PBEsol
Na0.5Rb0.5Ag1Sr0.5Ba0.5Ge1S3Se1,kesterite,-0.8528,-0.0616,1.31,PBEsol
Na0.5Rb0.5Ag1Sr0.5Ba0.5Ge1S3Se1,stannite,-0.9055,-0.4834,1.601,PBEsol
Na0.5Rb0.5Ag1Sr1Zr1S4,kesterite,-1.1379,1.57,1.441,PBEsol
Na0.5Rb0.5Ag1Sr1Zr1Se4,kesterite,-0.9755,2.2199,1.183,PBEsol
Na0.5Rb0.5Ag1Zn1Sn1S4,stannite,-0.5184,0.3438,0.57,PBEsol
Na0.5Rb0.5Ag1Zn1Sn1Se4,kesterite,-0.4564,0.593,0.694,PBEsol
Na0.5Rb0.5Ag1Zn1Sn1Se4,stannite,-0.4441,0.6907,0.095,PBEsol
Na0.5Rb0.5Ag1Zn1Sn1Te4,kesterite,-0.1337,,0.59,PBEsol
Na0.5Rb0.5Ag1Zn1Sn1Te4,stannite,-0.1339,,0.183,PBEsol
Na0.5Rb0.5Ag1Zn1Zr1Se4,kesterite,-0.7383,1.2935,1.198,PBEsol
Na0.5Rb0.5Al0.5In0.5S1Te1,kesterite,-0.7846,-0.3238,2.054,PBEsol
Na0.5Rb0.5Al0.5In0.5S1Te1,stannite,-0.7038,-0.0003,0.077,PBEsol
Na0.5Rb0.5Al0.5In0.5S2,kesterite,-1.0245,-0.5466,2.553,PBEsol
Na0.5Rb0.5Al0.5In0.5Se1Te1,kesterite,-0.7676,-0.4046,1.725,PBEsol
Na0.5Rb0.5Al0.5In0.5Se1Te1,stannite,-0.6869,-0.0814,0.101,PBEsol
Na0.5Rb0.5Al0.5In0.5Se2,kesterite,-0.9255,-0.448,1.944,PBEsol
Na0.5Rb0.5Al0.5In0.5Se2,stannite,-0.8633,-0.1992,0.772,PBEsol
Na0.5Rb0.5Al0.5In0.5Te2,kesterite,-0.5998,-0.2499,1.65,PBEsol
Na0.5Rb0.5Al0.5In0.5Te2,stannite,-0.5404,-0.0121,0.463,PBEsol
Na0.5Rb0.5Cs0.5Ag0.5Ca1Ge1S4,stannite,-0.8448,0.9775,1.501,PBEsol
Na0.5Rb0.5Cs0.5Ag0.5Ca1Sn0.5Ge0.5S2Se2,stannite,-0.8222,1.0689,1.153,PBEsol
Na0.5Rb0.5Cs0.5Ag0.5Cd1Ge1S4,stannite,-0.4967,0.5937,0.79,PBEsol
Na0.5Rb0.5Cs0.5Ag0.5Cd1Sn1S4,stannite,-0.4622,1.1458,0.727,PBEsol
Na0.5Rb0.5Cs0.5Ag0.5Cd1Sn1Se4,stannite,-0.3561,1.9328,0.206,PBEsol
Na0.5Rb0.5Cs0.5Ag0.5Cd1Zr1S4,stannite,-0.8356,1.5779,1.254,PBEsol
Na0.5Rb0.5Cs0.5Ag0.5Cd1Zr1Se4,stannite,-0.6731,2.3528,0.889,PBEsol
Na0.5Rb0.5Cs0.5Ag0.5Mg0.5Ba0.5Sn1S2Se1Te1,kesterite,-0.8039,,1.26,PBEsol
Na0.5Rb0.5Cs0.5Ag0.5Mg1Ge1S4,stannite,-0.6896,0.796,1.092,PBEsol
Na0.5Rb0.5Cs0.5Ag0.5Mg1Ge1Se4,stannite,-0.5736,1.1458,0.423,PBEsol
Na0.5Rb0.5Cs0.5Ag0.5Mg1Sn1S4,kesterite,-0.7535,0.5604,1.483,PBEsol
Na0.5Rb0.5Cs0.5Ag0.5Mg1Sn1S4,stannite,-0.6718,1.2143,0.94,PBEsol
Na0.5Rb0.5Cs0.5Ag0.5Mg1Sn1Se4,stannite,-0.5638,1.6006,0.392,PBEsol
Na0.5Rb0.5Cs0.5Ag0.5Mg1Zr1Se4,stannite,-0.8917,1.9334,1.397,PBEsol
Na0.5Rb0.5Cs0.5Ag0.5Sr1Ge1S4,stannite,-0.8563,0.8744,1.613,PBEsol
Na0.5Rb0.5Cs0.5Ag0.5Zn1Ge1S4,stannite,-0.518,0.8182,0.756,PBEsol
Na0.5Rb0.5Cs0.5Ag0.5Zn1Ge1Se4,stannite,-0.4143,1.3112,0.051,PBEsol
Na0.5Rb0.5Cs0.5Ag0.5Zn1Sn1S4,kesterite,-0.6103,0.3558,1.349,PBEsol
Na0.5Rb0.5Cs0.5Ag0.5Zn1Sn1S4,stannite,-0.5155,1.1141,0.593,PBEsol
Na0.5Rb0.5Cs0.5Ag0.5Zn1Sn1Se4,stannite,-0.4244,1.607,0.626,PBEsol
Na0.5Rb0.5Cs0.5Ag0.5Zn1Sn1Te4,stannite,-0.0407,,0.0,PBEsol
Na0.5Rb0.5Cs0.5Ag0.5Zn1Zr1S4,kesterite,-0.959,0.9852,1.464,PBEsol
Na0.5Rb0.5Cs0.5Ag0.5Zn1Zr1S4,stannite,-0.8841,1.585,1.215,PBEsol
Na0.5Rb0.5Cs0.5Ag0.5Zn1Zr1Se4,kesterite,-0.8023,1.5398,1.076,PBEsol
Na0.5Rb0.5Cs0.5Ag0.5Zn1Zr1Te4,stannite,-0.2722,3.4443,0.382,PBEsol
Na0.5Rb0.5Cs0.5Cu0.5Ba1Sn1S3Se1,stannite,-0.9558,0.1614,1.333,PBEsol
Na0.5Rb0.5Cs0.5Cu0.5Ca1Ge1S1Se3,kesterite,-0.8838,0.3592,0.843,PBEsol
Na0.5Rb0.5Cs0.5Cu0.5Ca1Ge1S4,stannite,-0.8239,1.234,1.242,PBEsol
Na0.5Rb0.5Cs0.5Cu0.5Ca1Sn1S4,stannite,-0.8686,1.1524,0.968,PBEsol
Na0.5Rb0.5Cs0.5Cu0.5Ca1Sn1Te4,stannite,-0.3423,,0.65,PBEsol
Na0.5Rb0.5Cs0.5Cu0.5Cd1Ge1S4,stannite,-0.4707,0.8915,0.463,PBEsol
Na0.5Rb0.5Cs0.5Cu0.5Cd1Sn1S4,stannite,-0.4947,0.9753,0.38,PBEsol
Na0.5Rb0.5Cs0.5Cu0.5Cd1Sn1Se4,stannite,-0.4056,1.518,0.692,PBEsol
Na0.5Rb0.5Cs0.5Cu0.5Cd1Zr1S4,stannite,-0.8659,1.4251,0.988,PBEsol
Na0.5Rb0.5Cs0.5Cu0.5Cd1Zr1Se4,stannite,-0.7188,1.9684,0.715,PBEsol
Na0.5Rb0.5Cs0.5Cu0.5Cd1Zr1Te4,stannite,-0.2379,3.5297,0.332,PBEsol
Na0.5Rb0.5Cs0.5Cu0.5Mg0.5Ca0.5Sn1S1Se1Te2,kesterite,-0.7009,,0.321,PBEsol
Na0.5Rb0.5Cs0.5Cu0.5Mg0.5Zn0.5Sn0.5Ge0.5Se1Te3,kesterite,-0.4161,,0.118,PBEsol
Na0.5Rb0.5Cs0.5Cu0.5Mg1Ge1S4,stannite,-0.6537,1.1723,0.779,PBEsol
Na0.5Rb0.5Cs0.5Cu0.5Mg1Ge1Se4,stannite,-0.5334,1.4497,0.167,PBEsol
Na0.5Rb0.5Cs0.5Cu0.5Mg1Sn1S4,stannite,-0.6935,1.1299,0.608,PBEsol
Na0.5Rb0.5Cs0.5Cu0.5Mg1Sn1Se4,stannite,-0.6009,1.2856,0.131,PBEsol
Na0.5Rb0.5Cs0.5Cu0.5Mg1Zr1S4,stannite,-1.0698,1.5387,1.548,PBEsol
Na0.5Rb0.5Cs0.5Cu0.5Mg1Zr1Se4,stannite,-0.9209,1.6821,1.246,PBEsol
Na0.5Rb0.5Cs0.5Cu0.5Mg1Zr1Te4,stannite,-0.4622,2.6293,0.824,PBEsol
Na0.5Rb0.5Cs0.5Cu0.5Zn1Ge1Se4,stannite,-0.3712,1.6372,0.359,PBEsol
Na0.5Rb0.5Cs0.5Cu0.5Zn1Sn1S4,stannite,-0.5083,1.2611,0.279,PBEsol
Na0.5Rb0.5Cs0.5Cu0.5Zn1Sn1Se4,stannite,-0.4267,1.5698,0.429,PBEsol
Na0.5Rb0.5Cs0.5Cu0.5Zn1Sn1Te4,stannite,-0.0692,,0.104,PBEsol
Na0.5Rb0.5Cs0.5Cu0.5Zn1Zr1S4,stannite,-0.8778,1.7245,0.942,PBEsol
Na0.5Rb0.5Cs0.5Cu0.5Zn1Zr1Se4,stannite,-0.7369,2.0448,0.646,PBEsol
Na0.5Rb0.5Cs0.5Cu0.5Zn1Zr1Te4,stannite,-0.3114,2.9928,0.31,PBEsol
Na0.5Rb0.5Cs1Ca1Ge1S3Te1,stannite,-0.9069,,0.333,PBEsol
Na0.5Rb0.5Cs1Ca1Ge1S4,stannite,-0.9593,0.8265,1.757,PBEsol
Na0.5Rb0.5Cs1Ca1Ge1Se4,stannite,-0.8319,1.495,1.514,PBEsol
Na0.5Rb0.5Cs1Cd1Zr1S4,stannite,-0.9286,1.5992,1.466,PBEsol
Na0.5Rb0.5Cs1Cd1Zr1Se4,stannite,-0.7502,2.5114,1.12,PBEsol
Na0.5Rb0.5Cs1Mg0.5Ca0.5Ge1S1Se2Te1,kesterite,-0.8949,,1.647,PBEsol
Na0.5Rb0.5Cs1Mg1Ge1S4,stannite,-0.8108,0.5909,1.562,PBEsol
Na0.5Rb0.5Cs1Mg1Zr1S4,kesterite,-1.2529,0.7492,2.325,PBEsol
Na0.5Rb0.5Cs1Zn1Ge1S4,kesterite,-0.7613,-0.363,2.216,PBEsol
Na0.5Rb0.5Cs1Zn1Zr1S4,stannite,-0.9937,1.4728,1.313,PBEsol
Na0.5Rb0.5Cs1Zn1Zr1Se4,kesterite,-0.9239,1.3426,1.495,PBEsol
Na0.5Rb0.5Cs1Zn1Zr1Se4,stannite,-0.8404,2.0109,0.981,PBEsol
Na0.5Rb0.5Cu0.5Ag0.5Ba1Ge1Se4,stannite,-0.7763,0.3601,1.072,PBEsol
Na0.5Rb0.5Cu0.5Ag0.5Ba1Sn1Se4,stannite,-0.7974,0.568,0.901,PBEsol
Na0.5Rb0.5Cu0.5Ag0.5Ba1Zr1Se4,kesterite,-1.0075,1.8431,1.019,PBEsol
Na0.5Rb0.5Cu0.5Ag0.5Ca0.5Cd0.5Ge1Se4,kesterite,-0.5846,0.41,0.68,PBEsol
Na0.5Rb0.5Cu0.5Ag0.5Ca0.5Cd0.5Ge1Se4,stannite,-0.6075,0.2267,0.394,PBEsol
Na0.5Rb0.5Cu0.5Ag0.5Ca1Sn0.5Ge0.5Te4,kesterite,-0.5255,,0.712,PBEsol
Na0.5Rb0.5Cu0.5Ag0.5Ca1Sn1Se4,kesterite,-0.7273,1.1471,0.765,PBEsol
Na0.5Rb0.5Cu0.5Ag0.5Ca1Sn1Te4,kesterite,-0.3665,,0.818,PBEsol
Na0.5Rb0.5Cu0.5Ag0.5Ca1Zr1S4,stannite,-1.2259,0.9571,1.793,PBEsol
Na0.5Rb0.5Cu0.5Ag0.5Cd1Ge1Se4,kesterite,-0.4076,0.3593,0.503,PBEsol
Na0.5Rb0.5Cu0.5Ag0.5Cd1Ge1Se4,stannite,-0.435,0.14,0.261,PBEsol
Na0.5Rb0.5Cu0.5Ag0.5Cd1Ge1Te4,stannite,-0.1211,,0.313,PBEsol
Na0.5Rb0.5Cu0.5Ag0.5Cd1Sn1Se4,kesterite,-0.4307,0.551,0.429,PBEsol
Na0.5Rb0.5Cu0.5Ag0.5Cd1Sn1Se4,stannite,-0.4561,0.3472,0.188,PBEsol
Na0.5Rb0.5Cu0.5Ag0.5Cd1Sn1Te4,kesterite,-0.1036,,0.501,PBEsol
Na0.5Rb0.5Cu0.5Ag0.5Cd1Sn1Te4,stannite,-0.1297,,0.369,PBEsol
Na0.5Rb0.5Cu0.5Ag0.5Cd1Zr1S4,stannite,-0.873,0.6118,1.065,PBEsol
Na0.5Rb0.5Cu0.5Ag0.5Cd1Zr1Se4,stannite,-0.7291,1.1192,0.863,PBEsol
Na0.5Rb0.5Cu0.5Ag0.5Mg0.5Ba0.5Ge1S2Te2,stannite,-0.5991,,0.636,PBEsol
Na0.5Rb0.5Cu0.5Ag0.5Mg1Ge1S4,stannite,-0.7118,-0.0488,0.964,PBEsol
Na0.5Rb0.5Cu0.5Ag0.5Mg1Ge1Se4,kesterite,-0.5681,0.4049,0.837,PBEsol
Na0.5Rb0.5Cu0.5Ag0.5Mg1Sn1S4,stannite,-0.7237,0.1322,0.692,PBEsol
Na0.5Rb0.5Cu0.5Ag0.5Mg1Sn1Se4,kesterite,-0.6059,0.4788,0.693,PBEsol
Na0.5Rb0.5Cu0.5Ag0.5Mg1Sn1Se4,stannite,-0.6341,0.253,0.359,PBEsol
Na0.5Rb0.5Cu0.5Ag0.5Mg1Sn1Te4,kesterite,-0.2743,,0.716,PBEsol
Na0.5Rb0.5Cu0.5Ag0.5Mg1Zr1S4,kesterite,-1.0428,0.9988,1.434,PBEsol
Na0.5Rb0.5Cu0.5Ag0.5Mg1Zr1Se4,kesterite,-0.888,1.1783,1.206,PBEsol
Na0.5Rb0.5Cu0.5Ag0.5Mg1Zr1Se4,stannite,-0.9158,0.9559,1.281,PBEsol
Na0.5Rb0.5Cu0.5Ag0.5Mg1Zr1Te4,kesterite,-0.4541,1.9601,0.835,PBEsol
Na0.5Rb0.5Cu0.5Ag0.5Mg1Zr1Te4,stannite,-0.4794,1.7578,0.871,PBEsol
Na0.5Rb0.5Cu0.5Ag0.5Sr0.5Ba0.5Sn0.5Ge0.5S1Te3,kesterite,-0.5505,,0.518,PBEsol
Na0.5Rb0.5Cu0.5Ag0.5Sr0.5Ba0.5Sn0.5Ge0.5S1Te3,stannite,-0.6326,,0.845,PBEsol
Na0.5Rb0.5Cu0.5Ag0.5Sr1Ge1S4,stannite,-0.9092,-0.2157,1.675,PBEsol
Na0.5Rb0.5Cu0.5Ag0.5Sr1Ge1Se4,stannite,-0.7847,0.3866,1.124,PBEsol
Na0.5Rb0.5Cu0.5Ag0.5Zn1Ge1S4,stannite,-0.5282,0.0701,0.581,PBEsol
Na0.5Rb0.5Cu0.5Ag0.5Zn1Ge1Se4,kesterite,-0.43,0.4002,0.645,PBEsol
Na0.5Rb0.5Cu0.5Ag0.5Zn1Ge1Se4,stannite,-0.428,0.4165,0.05,PBEsol
Na0.5Rb0.5Cu0.5Ag0.5Zn1Ge1Te4,kesterite,-0.1252,,0.492,PBEsol
Na0.5Rb0.5Cu0.5Ag0.5Zn1Sn1S3Te1,kesterite,-0.4222,,0.422,PBEsol
Na0.5Rb0.5Cu0.5Ag0.5Zn1Sn1S4,stannite,-0.5435,0.2233,0.365,PBEsol
Na0.5Rb0.5Cu0.5Ag0.5Zn1Sn1Se4,kesterite,-0.4604,0.5333,0.504,PBEsol
Na0.5Rb0.5Cu0.5Ag0.5Zn1Sn1Se4,stannite,-0.4678,0.474,0.561,PBEsol
Na0.5Rb0.5Cu0.5Ag0.5Zn1Sn1Te4,kesterite,-0.1571,,0.478,PBEsol
Na0.5Rb0.5Cu0.5Ag0.5Zn1Zr1Se4,kesterite,-0.7347,1.295,0.977,PBEsol
Na0.5Rb0.5Cu0.5Ag0.5Zn1Zr1Te4,kesterite,-0.3277,2.128,0.653,PBEsol
Na0.5Rb0.5Cu1Ca1Ge1S4,kesterite,-0.7816,0.9142,0.997,PBEsol
Na0.5Rb0.5Cu1Ca1Ge1Te4,kesterite,-0.2784,,0.365,PBEsol
Na0.5Rb0.5Cu1Ca1Sn1Se4,kesterite,-0.6992,1.3624,0.549,PBEsol
Na0.5Rb0.5Cu1Ca1Zr1Se4,kesterite,-0.9952,1.9504,0.873,PBEsol
Na0.5Rb0.5Cu1Cd1Ge1S4,kesterite,-0.4751,0.1984,0.667,PBEsol
Na0.5Rb0.5Cu1Cd1Ge1Se4,kesterite,-0.3879,0.5071,0.317,PBEsol
Na0.5Rb0.5Cu1Cd1Ge1Se4,stannite,-0.4568,-0.0444,0.27,PBEsol
Na0.5Rb0.5Cu1Cd1Sn1Se4,kesterite,-0.4145,0.6713,0.267,PBEsol
Na0.5Rb0.5Cu1Cd1Sn1Te4,stannite,-0.1268,,0.446,PBEsol
Na0.5Rb0.5Cu1Cd1Zr1S4,kesterite,-0.8402,0.9726,0.954,PBEsol
Na0.5Rb0.5Cu1Cd1Zr1S4,stannite,-0.8922,0.5566,0.931,PBEsol
Na0.5Rb0.5Cu1Cd1Zr1Se4,kesterite,-0.695,1.3828,0.74,PBEsol
Na0.5Rb0.5Cu1Cd1Zr1Se4,stannite,-0.7369,1.0481,0.722,PBEsol
Na0.5Rb0.5Cu1Mg0.5Ba0.5Sn0.5Ge0.5Se4,kesterite,-0.7039,0.2726,0.869,PBEsol
Na0.5Rb0.5Cu1Mg0.5Ba0.5Sn0.5Ge0.5Se4,stannite,-0.6987,0.3138,0.555,PBEsol
Na0.5Rb0.5Cu1Mg0.5Zn0.5Sn1S4,kesterite,-0.6154,0.4033,0.701,PBEsol
Na0.5Rb0.5Cu1Mg0.5Zn0.5Sn1S4,stannite,-0.6761,-0.0817,0.423,PBEsol
Na0.5Rb0.5Cu1Mg1Ge1S4,stannite,-0.7454,-0.2195,0.941,PBEsol
Na0.5Rb0.5Cu1Mg1Ge1Se4,stannite,-0.6173,0.0019,0.495,PBEsol
Na0.5Rb0.5Cu1Mg1Ge1Te4,kesterite,-0.1965,,0.384,PBEsol
Na0.5Rb0.5Cu1Mg1Ge1Te4,stannite,-0.2636,,0.545,PBEsol
Na0.5Rb0.5Cu1Mg1Sn1S4,kesterite,-0.6801,0.5788,0.813,PBEsol
Na0.5Rb0.5Cu1Mg1Sn1S4,stannite,-0.7488,0.0295,0.669,PBEsol
Na0.5Rb0.5Cu1Mg1Sn1Se4,kesterite,-0.5851,0.6363,0.497,PBEsol
Na0.5Rb0.5Cu1Mg1Sn1Se4,stannite,-0.6456,0.1524,0.369,PBEsol
Na0.5Rb0.5Cu1Mg1Sn1Te4,stannite,-0.2913,,0.587,PBEsol
Na0.5Rb0.5Cu1Mg1Zr1S4,kesterite,-1.0356,1.1541,1.171,PBEsol
Na0.5Rb0.5Cu1Mg1Zr1S4,stannite,-1.0942,0.6851,1.456,PBEsol
Na0.5Rb0.5Cu1Mg1Zr1Se4,kesterite,-0.8699,1.3134,0.979,PBEsol
Na0.5Rb0.5Cu1Mg1Zr1Se4,stannite,-0.9175,0.9332,1.208,PBEsol
Na0.5Rb0.5Cu1Mg1Zr1Te4,stannite,-0.4523,1.846,0.816,PBEsol
Na0.5Rb0.5Cu1Sr0.5Ba0.5Sn1S3Se1,stannite,-0.908,-0.0774,1.348,PBEsol
Na0.5Rb0.5Cu1Sr1Ge1Se4,kesterite,-0.651,1.4468,0.465,PBEsol
Na0.5Rb0.5Cu1Sr1Sn0.5Ge0.5S2Te2,stannite,-0.7209,,0.656,PBEsol
Na0.5Rb0.5Cu1Sr1Zr1S4,kesterite,-1.1518,1.6369,0.978,PBEsol
Na0.5Rb0.5Cu1Zn1Ge1S4,stannite,-0.5838,-0.2767,0.577,PBEsol
Na0.5Rb0.5Cu1Zn1Ge1Se4,stannite,-0.4555,0.1867,0.067,PBEsol
Na0.5Rb0.5Cu1Zn1Ge1Te4,stannite,-0.1403,,0.13,PBEsol
Na0.5Rb0.5Cu1Zn1Sn1S4,stannite,-0.5925,-0.0704,0.362,PBEsol
Na0.5Rb0.5Cu1Zn1Sn1Se4,kesterite,-0.4443,0.6532,0.332,PBEsol
Na0.5Rb0.5Cu1Zn1Sn1Se4,stannite,-0.4867,0.3139,0.518,PBEsol
Na0.5Rb0.5Cu1Zn1Zr1S4,kesterite,-0.8745,1.0927,0.999,PBEsol
Na0.5Rb0.5Cu1Zn1Zr1S4,stannite,-0.9329,0.6255,0.893,PBEsol
Na0.5Rb0.5Cu1Zn1Zr1Se4,kesterite,-0.7214,1.3923,0.786,PBEsol
Na0.5Rb0.5Cu1Zn1Zr1Se4,stannite,-0.7561,1.1146,0.57,PBEsol
Na0.5Rb0.5Ga0.5In0.5S1Te1,kesterite,-0.7175,-0.367,1.769,PBEsol
Na0.5Rb0.5Ga0.5In0.5S1Te1,stannite,-0.613,0.0511,0.334,PBEsol
Na0.5Rb0.5Ga0.5In0.5Te2,stannite,-0.4865,0.0494,0.279,PBEsol
Na0.5Rb0.5Ga1S1Se1,kesterite,-0.9071,-0.5278,2.109,PBEsol
Na0.5Rb0.5Ga1S1Se1,stannite,-0.8035,-0.1132,0.612,PBEsol
Na0.5Rb0.5Ga1S1Te1,kesterite,-0.7457,-0.3848,1.963,PBEsol
Na0.5Rb0.5Ga1S1Te1,stannite,-0.6059,0.1742,0.073,PBEsol
Na0.5Rb0.5Ga1S2,kesterite,-0.9497,-0.5675,2.568,PBEsol
Na0.5Rb0.5Ga1Se1Te1,kesterite,-0.6998,-0.296,1.584,PBEsol
Na0.5Rb0.5Ga1Se1Te1,stannite,-0.6027,0.0923,0.246,PBEsol
Na0.5Rb0.5Ga1Se2,kesterite,-0.8601,-0.3987,1.721,PBEsol
Na0.5Rb0.5Ga1Se2,stannite,-0.7675,-0.0283,0.525,PBEsol
Na0.5Rb0.5In1S2,kesterite,-0.8539,-0.448,1.874,PBEsol
Na0.5Rb0.5In1S2,stannite,-0.808,-0.2644,1.349,PBEsol
Na0.5Rb0.5In1Se1Te1,kesterite,-0.681,-0.3304,1.332,PBEsol
Na0.5Rb0.5In1Se1Te1,stannite,-0.6164,-0.0721,0.124,PBEsol
Na0.5Rb0.5In1Se2,kesterite,-0.8128,-0.3833,1.362,PBEsol
Na0.5Rb0.5In1Se2,stannite,-0.7592,-0.169,0.748,PBEsol
Na0.5Rb1.5Ba1Ge1S4,kesterite,-0.9706,0.4919,1.947,PBEsol
Na0.5Rb1.5Ba1Ge1Se4,kesterite,-0.8327,1.4037,1.412,PBEsol
Na0.5Rb1.5Ba1Sn1Se4,kesterite,-0.8069,1.9865,1.534,PBEsol
Na0.5Rb1.5Ba1Zr1S4,kesterite,-1.3238,1.3621,2.26,PBEsol
Na0.5Rb1.5Ba1Zr1Se4,kesterite,-1.1738,2.0079,1.909,PBEsol
Na0.5Rb1.5Ca1Ge1S4,kesterite,-1.0181,0.3167,2.39,PBEsol
Na0.5Rb1.5Ca1Ge1Se4,kesterite,-0.8772,1.0663,1.843,PBEsol
Na0.5Rb1.5Ca1Zr1Se4,kesterite,-1.2191,1.6634,2.21,PBEsol
Na0.5Rb1.5Cd1Ge1Se4,stannite,-0.5048,1.0759,0.736,PBEsol
Na0.5Rb1.5Cd1Zr1S4,stannite,-0.9529,1.3652,1.632,PBEsol
Na0.5Rb1.5Mg1Ge1S4,stannite,-0.834,0.3654,1.661,PBEsol
Na0.5Rb1.5Mg1Sn1S4,kesterite,-0.8839,0.2423,2.324,PBEsol
Na0.5Rb1.5Mg1Zr1S4,kesterite,-1.261,0.6451,2.598,PBEsol
Na0.5Rb1.5Mg1Zr1Te4,kesterite,-0.5929,2.3957,1.603,PBEsol
Na0.5Rb1.5Zn1Ge1S4,stannite,-0.6592,0.4138,1.243,PBEsol
Na0.5Rb1.5Zn1Zr1S4,kesterite,-1.1008,0.5763,2.168,PBEsol
Na0.5Rb1.5Zn1Zr1S4,stannite,-1.0179,1.2394,1.532,PBEsol
Na0.5Rb1.5Zn1Zr1Se4,kesterite,-0.9367,1.1741,1.725,PBEsol
Na0.5Rb1.5Zn1Zr1Se4,stannite,-0.8643,1.7533,1.153,PBEsol
Na0.5Rb1.5Zn1Zr1Te4,stannite,-0.3767,3.2822,0.442,PBEsol
Na0.5Rb1Ag0.5Ca0.5Ba0.5Sn1S2Se1Te1,kesterite,-0.9612,,1.51,PBEsol
Na0.5Rb1Ag0.5Ca0.5Ba0.5Sn1S2Se1Te1,stannite,-0.8698,,1.214,PBEsol
Na0.5Rb1Ag0.5Ca1Ge1Se4,stannite,-0.7463,1.3734,1.163,PBEsol
Na0.5Rb1Ag0.5Ca1Sn1S3Se1,kesterite,-0.9974,-0.0964,1.682,PBEsol
Na0.5Rb1Ag0.5Ca1Sn1S3Se1,stannite,-0.8926,0.7421,1.181,PBEsol
Na0.5Rb1Ag0.5Ca1Sn1S4,stannite,-0.8523,1.1767,1.63,PBEsol
Na0.5Rb1Ag0.5Cd1Ge1S4,stannite,-0.5233,0.3646,1.059,PBEsol
Na0.5Rb1Ag0.5Cd1Ge1Se4,stannite,-0.4237,0.985,0.438,PBEsol
Na0.5Rb1Ag0.5Cd1Sn1Se4,kesterite,-0.4424,1.2116,1.021,PBEsol
Na0.5Rb1Ag0.5Cd1Sn1Se4,stannite,-0.3881,1.646,0.543,PBEsol
Na0.5Rb1Ag0.5Cd1Zr1S4,kesterite,-0.9011,1.0372,1.572,PBEsol
Na0.5Rb1Ag0.5Cd1Zr1S4,stannite,-0.8608,1.3598,1.434,PBEsol
Na0.5Rb1Ag0.5Cd1Zr1Se4,stannite,-0.6996,2.1101,1.067,PBEsol
Na0.5Rb1Ag0.5Mg1Ge1Te4,kesterite,-0.2892,,0.72,PBEsol
Na0.5Rb1Ag0.5Mg1Zr1S4,kesterite,-1.1278,0.9685,1.941,PBEsol
Na0.5Rb1Ag0.5Sr1Ge1S4,stannite,-0.8774,0.6887,1.774,PBEsol
Na0.5Rb1Ag0.5Zn0.5Cd0.5Ge1S2Se2,kesterite,-0.6254,-0.4579,1.482,PBEsol
Na0.5Rb1Ag0.5Zn0.5Cd0.5Ge1S2Se2,stannite,-0.5155,0.4209,0.31,PBEsol
Na0.5Rb1Ag0.5Zn1Ge1S4,stannite,-0.5463,0.5749,1.005,PBEsol
Na0.5Rb1Ag0.5Zn1Ge1Se4,stannite,-0.4417,1.0616,0.321,PBEsol
Na0.5Rb1Ag0.5Zn1Ge1Te4,stannite,-0.0518,,0.197,PBEsol
Na0.5Rb1Ag0.5Zn1Zr1S4,kesterite,-0.9727,0.8589,1.671,PBEsol
Na0.5Rb1Ag0.5Zn1Zr1Se4,stannite,-0.7605,1.8437,1.007,PBEsol
Na0.5Rb1Ag0.5Zn1Zr1Te4,stannite,-0.298,3.2057,0.486,PBEsol
Na0.5Rb1Cs0.5Ba1Ge1S4,kesterite,-0.9603,0.5883,1.817,PBEsol
Na0.5Rb1Cs0.5Ba1Ge1S4,stannite,-0.9835,0.4027,2.155,PBEsol
Na0.5Rb1Cs0.5Ba1Zr1S4,kesterite,-1.3134,1.4587,2.106,PBEsol
Na0.5Rb1Cs0.5Ca0.5Zn0.5Sn0.5Ge0.5S4,stannite,-0.869,0.2385,1.134,PBEsol
Na0.5Rb1Cs0.5Cd1Ge1Se4,stannite,-0.4947,1.1837,0.716,PBEsol
Na0.5Rb1Cs0.5Mg0.5Sr0.5Sn0.5Ge0.5S2Se1Te1,stannite,-0.8034,,0.141,PBEsol
Na0.5Rb1Cs0.5Mg1Zr1S4,stannite,-1.1894,1.2317,2.016,PBEsol
Na0.5Rb1Cs0.5Mg1Zr1Se4,kesterite,-1.0986,1.0147,2.032,PBEsol
Na0.5Rb1Cs0.5Zn1Ge1Se4,stannite,-0.5275,1.1417,0.531,PBEsol
Na0.5Rb1Cs0.5Zn1Zr1S4,stannite,-1.009,1.3241,1.431,PBEsol
Na0.5Rb1Cs0.5Zn1Zr1Te4,stannite,-0.3577,3.462,0.606,PBEsol
Na0.5Rb1Cu0.5Cd1Sn1S1Te3,stannite,-0.3329,,0.028,PBEsol
Na0.5Rb1Cu0.5Cd1Sn1Te4,kesterite,-0.1017,,0.888,PBEsol
Na0.5Rb1Cu0.5Mg1Ge1Se4,stannite,-0.5677,1.1449,0.434,PBEsol
Na0.5Rb1Cu0.5Mg1Sn1Te4,kesterite,-0.3165,,0.938,PBEsol
Na0.5Rb1Cu0.5Sr0.5Zn0.5Sn0.5Ge0.5S4,stannite,-0.7092,0.8446,0.52,PBEsol
Na0.5Rb1Cu0.5Zn1Ge1Te4,stannite,-0.0432,,0.283,PBEsol
Na0.5Rb1Cu0.5Zn1Sn1Te4,stannite,-0.0922,,0.167,PBEsol
Na0.5Rb1Cu0.5Zn1Zr1Te4,kesterite,-0.3573,2.5939,0.563,PBEsol
Na0.5Rb1Cu0.5Zn1Zr1Te4,stannite,-0.3324,2.793,0.436,PBEsol
Na1.5Ag0.5Ba1Ge1S4,kesterite,-0.9363,0.1182,1.984,PBEsol
Na1.5Ag0.5Ba1Ge1S4,stannite,-1.0081,-0.4564,2.002,PBEsol
Na1.5Ag0.5Ca1Ge1S4,stannite,-0.9551,0.1717,2.135,PBEsol
Na1.5Ag0.5Ca1Ge1Te4,kesterite,-0.4473,,1.245,PBEsol
Na1.5Ag0.5Cd1Ge1S4,stannite,-0.6257,-0.3611,1.355,PBEsol
Na1.5Ag0.5Cd1Ge1Se4,kesterite,-0.5623,-0.1051,1.274,PBEsol
Na1.5Ag0.5Cd1Ge1Te4,stannite,-0.1942,,0.64,PBEsol
Na1.5Ag0.5Cd1Sn1S4,kesterite,-0.6223,-0.0585,1.61,PBEsol
Na1.5Ag0.5Cd1Sn1S4,stannite,-0.6067,0.0663,1.307,PBEsol
Na1.5Ag0.5Cd1Sn1Se4,kesterite,-0.5317,0.516,1.185,PBEsol
Na1.5Ag0.5Cd1Sn1Se4,stannite,-0.514,0.6574,0.861,PBEsol
Na1.5Ag0.5Cd1Sn1Te4,kesterite,-0.1579,,1.228,PBEsol
Na1.5Ag0.5Cd1Sn1Te4,stannite,-0.136,,0.778,PBEsol
Na1.5Ag0.5Cd1Zr1Se4,kesterite,-0.8003,1.3232,1.54,PBEsol
Na1.5Ag0.5Cd1Zr1Se4,stannite,-0.7912,1.3956,1.253,PBEsol
Na1.5Ag0.5Cd1Zr1Te4,stannite,-0.2882,3.145,0.727,PBEsol
Na1.5Ag0.5Mg0.5Cd0.5Ge1Se3Te1,kesterite,-0.6168,,1.279,PBEsol
Na1.5Ag0.5Mg0.5Cd0.5Ge1Se3Te1,stannite,-0.5495,,0.29,PBEsol
Na1.5Ag0.5Mg0.5Cd0.5Ge1Se4,kesterite,-0.6717,-0.3335,1.294,PBEsol
Na1.5Ag0.5Mg0.5Cd0.5Ge1Se4,stannite,-0.6305,-0.0035,0.684,PBEsol
Na1.5Ag0.5Mg1Ge1S4,kesterite,-0.8554,-0.4542,2.287,PBEsol
Na1.5Ag0.5Mg1Ge1S4,stannite,-0.8144,-0.126,1.666,PBEsol
Na1.5Ag0.5Mg1Ge1Se4,stannite,-0.6926,0.1822,0.99,PBEsol
Na1.5Ag0.5Mg1Ge1Te4,kesterite,-0.3658,,1.295,PBEsol
Na1.5Ag0.5Mg1Ge1Te4,stannite,-0.3306,,0.751,PBEsol
Na1.5Ag0.5Mg1Zr1Se4,kesterite,-0.9878,1.1526,1.96,PBEsol
Na1.5Ag0.5Sr0.5Zn0.5Ge1S1Se3,kesterite,-0.7569,0.0076,1.341,PBEsol
Na1.5Ag0.5Sr0.5Zn0.5Ge1S1Se3,stannite,-0.7097,0.3856,0.77,PBEsol
Na1.5Ag0.5Sr1Ge1S4,stannite,-0.9758,-0.0053,2.135,PBEsol
Na1.5Ag0.5Sr1Ge1Se4,stannite,-0.8533,0.6115,1.556,PBEsol
Na1.5Ag0.5Zn1Ge1S4,kesterite,-0.7077,-0.6227,2.059,PBEsol
Na1.5Ag0.5Zn1Ge1Se4,kesterite,-0.602,-0.2024,1.406,PBEsol
Na1.5Ag0.5Zn1Ge1Se4,stannite,-0.5471,0.2364,0.575,PBEsol
Na1.5Ag0.5Zn1Ge1Te4,kesterite,-0.2723,,1.268,PBEsol
Na1.5Ag0.5Zn1Ge1Te4,stannite,-0.2178,,0.295,PBEsol
Na1.5Ag0.5Zn1Sn1S4,stannite,-0.6566,0.0621,1.184,PBEsol
Na1.5Ag0.5Zn1Sn1Se4,kesterite,-0.6006,0.1854,1.283,PBEsol
Na1.5Ag0.5Zn1Sn1Se4,stannite,-0.5652,0.4681,0.646,PBEsol
Na1.5Ag0.5Zn1Zr1S4,kesterite,-1.0162,0.6047,1.82,PBEsol
Na1.5Ag0.5Zn1Zr1Se4,kesterite,-0.86,1.0657,1.451,PBEsol
Na1.5Ag0.5Zn1Zr1Se4,stannite,-0.8389,1.2345,1.134,PBEsol
Na1.5Ag0.5Zn1Zr1Te4,kesterite,-0.3974,2.3226,0.863,PBEsol
Na1.5Ag0.5Zn1Zr1Te4,stannite,-0.3824,2.4423,0.643,PBEsol
Na1.5Cs0.5Ba1Ge1S4,kesterite,-0.9662,0.6345,1.905,PBEsol
Na1.5Cs0.5Ba1Ge1Se4,kesterite,-0.8346,1.4342,1.434,PBEsol
Na1.5Cs0.5Ca1Ge1S4,stannite,-1.0042,0.5351,2.082,PBEsol
Na1.5Cs0.5Ca1Ge1Se4,stannite,-0.8732,1.1433,1.471,PBEsol
Na1.5Cs0.5Cd1Ge1S4,kesterite,-0.7025,-0.2199,1.88,PBEsol
Na1.5Cs0.5Cd1Ge1Se4,kesterite,-0.5939,0.4089,1.285,PBEsol
Na1.5Cs0.5Cd1Sn1S4,kesterite,-0.6551,0.4356,1.718,PBEsol
Na1.5Cs0.5Cd1Sn1S4,stannite,-0.6313,0.626,1.245,PBEsol
Na1.5Cs0.5Cd1Sn1Se4,stannite,-0.5175,1.3966,0.676,PBEsol
Na1.5Cs0.5Cd1Zr1S4,stannite,-0.9948,1.1375,1.658,PBEsol
Na1.5Cs0.5Cd1Zr1Se4,kesterite,-0.8418,1.7578,1.784,PBEsol
Na1.5Cs0.5Cd1Zr1Se4,stannite,-0.8261,1.8838,1.258,PBEsol
Na1.5Cs0.5Mg1Ge1S4,stannite,-0.8554,0.3018,1.631,PBEsol
Na1.5Cs0.5Mg1Ge1Se4,stannite,-0.7272,0.6718,0.96,PBEsol
Na1.5Cs0.5Sr0.5Zn0.5Sn0.5Ge0.5S2Se1Te1,stannite,-0.752,,0.038,PBEsol
Na1.5Cs0.5Sr1Ge1Se4,stannite,-0.8871,1.1082,1.643,PBEsol
Na1.5Cs0.5Zn1Ge1S4,kesterite,-0.7679,-0.3484,2.23,PBEsol
Na1.5Cs0.5Zn1Ge1S4,stannite,-0.6816,0.3421,1.288,PBEsol
Na1.5Cs0.5Zn1Ge1Se4,stannite,-0.5664,0.8495,0.546,PBEsol
Na1.5Cs0.5Zn1Sn1S4,stannite,-0.6824,0.6113,1.059,PBEsol
Na1.5Cs0.5Zn1Sn1Se4,stannite,-0.58,1.1166,0.433,PBEsol
Na1.5Cs0.5Zn1Zr1S4,stannite,-1.0411,1.1612,1.516,PBEsol
Na1.5Cs0.5Zn1Zr1Se4,stannite,-0.8832,1.6476,1.136,PBEsol
Na1.5Cs0.5Zn1Zr1Te4,stannite,-0.392,3.0989,0.651,PBEsol
Na1.5Cu0.5Ba0.5Zn0.5Sn1S2Se1Te1,stannite,-0.707,,0.169,PBEsol
Na1.5Cu0.5Ba1Ge1Se4,kesterite,-0.8144,0.8105,1.251,PBEsol
Na1.5Cu0.5Ba1Zr1Te4,kesterite,-0.6441,2.9282,1.348,PBEsol
Na1.5Cu0.5Ca1Zr1Se4,stannite,-1.1531,1.4517,1.871,PBEsol
Na1.5Cu0.5Cd1Ge1Te4,kesterite,-0.2159,,1.202,PBEsol
Na1.5Cu0.5Cd1Sn1Se4,kesterite,-0.5734,0.1638,0.899,PBEsol
Na1.5Cu0.5Cd1Sn1Se4,stannite,-0.5618,0.2565,0.559,PBEsol
Na1.5Cu0.5Cd1Sn1Te4,kesterite,-0.2248,,0.968,PBEsol
Na1.5Cu0.5Cd1Zr1S4,kesterite,-0.9832,0.5634,1.321,PBEsol
Na1.5Cu0.5Cd1Zr1Se4,kesterite,-0.8346,1.0302,1.111,PBEsol
Na1.5Cu0.5Cd1Zr1Te4,kesterite,-0.3743,2.3187,0.818,PBEsol
Na1.5Cu0.5Cd1Zr1Te4,stannite,-0.3752,2.3114,0.71,PBEsol
Na1.5Cu0.5Mg1Ge1Se4,kesterite,-0.7274,-0.1148,1.357,PBEsol
Na1.5Cu0.5Mg1Ge1Te4,kesterite,-0.3508,,1.107,PBEsol
Na1.5Cu0.5Mg1Ge1Te4,stannite,-0.3215,,0.651,PBEsol
Na1.5Cu0.5Mg1Sn1Te4,kesterite,-0.3901,,1.259,PBEsol
Na1.5Cu0.5Mg1Sn1Te4,stannite,-0.3753,,0.763,PBEsol
Na1.5Cu0.5Mg1Zr1Se4,kesterite,-1.0144,0.9222,1.434,PBEsol
Na1.5Cu0.5Mg1Zr1Te4,kesterite,-0.5469,1.8315,1.092,PBEsol
Na1.5Cu0.5Mg1Zr1Te4,stannite,-0.5486,1.8179,1.159,PBEsol
Na1.5Cu0.5Sr1Zr1Se4,stannite,-1.1656,1.4273,1.774,PBEsol
Na1.5Cu0.5Sr1Zr1Te4,kesterite,-0.656,2.8,1.555,PBEsol
Na1.5Cu0.5Zn1Ge1Se4,kesterite,-0.5916,-0.1375,1.147,PBEsol
Na1.5Cu0.5Zn1Ge1Se4,stannite,-0.5397,0.278,0.463,PBEsol
Na1.5Cu0.5Zn1Sn1Te4,kesterite,-0.2779,,1.171,PBEsol
Na1.5Cu0.5Zn1Zr1S4,kesterite,-1.0168,0.6894,1.302,PBEsol
Na1.5Cu0.5Zn1Zr1Se4,kesterite,-0.8604,1.045,1.076,PBEsol
Na1.5Cu0.5Zn1Zr1Te4,kesterite,-0.4231,1.9788,0.731,PBEsol
Na1.5K0.5Ba1Ge1S3Te1,kesterite,-1.0807,,1.627,PBEsol
Na1.5K0.5Ba1Ge1S4,kesterite,-1.0074,0.3199,2.327,PBEsol
Na1.5K0.5Ba1Ge1Se4,kesterite,-0.8781,1.0783,1.738,PBEsol
Na1.5K0.5Ca0.5Ba0.5Ge1S1Se3,kesterite,-1.0964,-0.6281,1.631,PBEsol
Na1.5K0.5Ca0.5Ba0.5Ge1S1Se3,stannite,-0.9612,0.4535,1.631,PBEsol
Na1.5K0.5Ca1Ge1Se4,stannite,-0.907,0.8657,1.777,PBEsol
Na1.5K0.5Ca1Ge1Te4,stannite,-0.4675,,1.165,PBEsol
Na1.5K0.5Cd1Ge1S4,stannite,-0.7078,-0.2471,1.601,PBEsol
Na1.5K0.5Cd1Ge1Se4,stannite,-0.598,0.3682,0.945,PBEsol
Na1.5K0.5Cd1Ge1Te4,stannite,-0.2006,,0.636,PBEsol
Na1.5K0.5Cd1Sn1Se4,stannite,-0.5658,1.0025,1.176,PBEsol
Na1.5K0.5Cd1Sn1Te4,stannite,-0.1419,,0.928,PBEsol
Na1.5K0.5Cd1Zr1S4,kesterite,-1.0472,0.7324,2.481,PBEsol
Na1.5K0.5Cd1Zr1S4,stannite,-1.0298,0.8716,1.818,PBEsol
Na1.5K0.5Cd1Zr1Se4,kesterite,-0.88,1.445,2.019,PBEsol
Na1.5K0.5Cd1Zr1Se4,stannite,-0.8609,1.5975,1.392,PBEsol
Na1.5K0.5Cd1Zr1Te4,kesterite,-0.323,3.579,1.292,PBEsol
Na1.5K0.5Cd1Zr1Te4,stannite,-0.3117,3.6696,0.802,PBEsol
Na1.5K0.5Mg1Ge1S4,stannite,-0.8981,-0.0247,1.907,PBEsol
Na1.5K0.5Mg1Ge1Se4,stannite,-0.7686,0.3336,1.181,PBEsol
Na1.5K0.5Mg1Ge1Te4,stannite,-0.3643,,0.74,PBEsol
Na1.5K0.5Sr0.5Cd0.5Sn1S1Se3,stannite,-0.8534,0.2176,1.015,PBEsol
Na1.5K0.5Sr1Ge1S4,kesterite,-1.0315,0.3199,2.54,PBEsol
Na1.5K0.5Sr1Ge1Se4,kesterite,-0.9018,0.9824,1.936,PBEsol
Na1.5K0.5Zn0.5Cd0.5Ge1S1Se1Te2,kesterite,-0.5863,,1.535,PBEsol
Na1.5K0.5Zn0.5Cd0.5Ge1S1Se1Te2,stannite,-0.513,,0.007,PBEsol
Na1.5K0.5Zn1Ge1S4,stannite,-0.7343,-0.0644,1.473,PBEsol
Na1.5K0.5Zn1Ge1Te4,kesterite,-0.3065,,1.421,PBEsol
Na1.5K0.5Zn1Ge1Te4,stannite,-0.2447,,0.342,PBEsol
Na1.5K0.5Zn1Sn1Te4,kesterite,-0.2722,,1.464,PBEsol
Na1.5K0.5Zn1Sn1Te4,stannite,-0.2283,,0.622,PBEsol
Na1.5K0.5Zn1Zr1S4,stannite,-1.079,0.8727,1.665,PBEsol
Na1.5K0.5Zn1Zr1Se4,kesterite,-0.9549,1.0662,1.921,PBEsol
Na1.5K0.5Zn1Zr1Se4,stannite,-0.9183,1.3589,1.248,PBEsol
Na1.5K0.5Zn1Zr1Te4,stannite,-0.4268,2.7994,0.728,PBEsol
Na1.5Rb0.5Ba1Ge1S4,kesterite,-0.9854,0.4551,2.181,PBEsol
Na1.5Rb0.5Ca0.5Sr0.5Sn0.5Ge0.5S3Te1,kesterite,-1.0259,,1.453,PBEsol
Na1.5Rb0.5Ca0.5Sr0.5Sn0.5Ge0.5S3Te1,stannite,-0.9288,,0.7,PBEsol
Na1.5Rb0.5Cd1Ge1S4,kesterite,-0.7202,-0.3873,2.175,PBEsol
Na1.5Rb0.5Cd1Ge1S4,stannite,-0.6856,-0.1104,1.511,PBEsol
Na1.5Rb0.5Cd1Ge1Te4,kesterite,-0.209,,1.173,PBEsol
Na1.5Rb0.5Cd1Sn1Te4,kesterite,-0.0992,,1.442,PBEsol
Na1.5Rb0.5Cd1Zr1S4,kesterite,-1.0289,0.8383,2.408,PBEsol
Na1.5Rb0.5Cd1Zr1S4,stannite,-1.0116,0.977,1.767,PBEsol
Na1.5Rb0.5Cd1Zr1Se4,kesterite,-0.857,1.597,1.966,PBEsol
Na1.5Rb0.5Cd1Zr1Se4,stannite,-0.8422,1.7156,1.343,PBEsol
Na1.5Rb0.5Mg0.5Zn0.5Ge1S1Te3,stannite,-0.4945,,0.275,PBEsol
Na1.5Rb0.5Mg1Ge1S4,stannite,-0.877,0.1032,1.827,PBEsol
Na1.5Rb0.5Mg1Ge1Se4,stannite,-0.748,0.4663,1.117,PBEsol
Na1.5Rb0.5Mg1Ge1Te4,stannite,-0.3363,,0.599,PBEsol
Na1.5Rb0.5Sr0.5Ba0.5Sn0.5Ge0.5S2Se2,kesterite,-1.0002,0.3489,1.824,PBEsol
Na1.5Rb0.5Sr1Ge1Se4,kesterite,-0.8789,1.1346,1.842,PBEsol
Na1.5Rb0.5Zn1Ge1S4,stannite,-0.7084,0.1015,1.391,PBEsol
Na1.5Rb0.5Zn1Ge1Te4,stannite,-0.2163,,0.28,PBEsol
Na1.5Rb0.5Zn1Zr1S4,kesterite,-1.1031,0.6391,2.181,PBEsol
Na1.5Rb0.5Zn1Zr1Se4,stannite,-0.9005,1.4701,1.222,PBEsol
Na1.5Rb0.5Zn1Zr1Te4,kesterite,-0.4396,2.678,1.136,PBEsol
Na1.5Rb0.5Zn1Zr1Te4,stannite,-0.4083,2.9289,0.723,PBEsol
Na1Ag1Ba1Ge1S3Se1,kesterite,-0.8634,-0.1718,1.342,PBEsol
Na1Ag1Ba1Ge1S3Se1,stannite,-0.9256,-0.6694,1.654,PBEsol
Na1Ag1Ba1Ge1S4,stannite,-0.9191,-0.5184,2.009,PBEsol
Na1Ag1Ba1Ge1Se4,kesterite,-0.7148,0.8919,0.917,PBEsol
Na1Ag1Ba1Ge1Se4,stannite,-0.7999,0.2111,1.292,PBEsol
Na1Ag1Ca1Ge1S3Te1,kesterite,-0.7772,,0.901,PBEsol
Na1Ag1Ca1Ge1S3Te1,stannite,-0.7995,,1.037,PBEsol
Na1Ag1Ca1Ge1S4,kesterite,-0.8471,0.2616,1.664,PBEsol
Na1Ag1Ca1Ge1S4,stannite,-0.8748,0.0404,1.745,PBEsol
Na1Ag1Ca1Ge1Se4,kesterite,-0.7357,0.7427,1.159,PBEsol
Na1Ag1Ca1Ge1Se4,stannite,-0.7618,0.5339,1.136,PBEsol
Na1Ag1Ca1Ge1Te4,kesterite,-0.3778,,0.974,PBEsol
Na1Ag1Ca1Zr1S4,stannite,-1.2047,1.0965,2.303,PBEsol
Na1Ag1Cd1Ge1S4,kesterite,-0.5368,-0.4238,1.308,PBEsol
Na1Ag1Cd1Ge1Se4,kesterite,-0.4585,-0.0091,0.825,PBEsol
Na1Ag1Cd1Ge1Se4,stannite,-0.4466,0.0861,0.38,PBEsol
Na1Ag1Cd1Ge1Te4,stannite,-0.1528,,0.319,PBEsol
Na1Ag1Cd1Sn0.5Ge0.5S1Se2Te1,kesterite,-0.4637,,0.652,PBEsol
Na1Ag1Cd1Sn0.5Ge0.5S1Se2Te1,stannite,-0.4356,,0.001,PBEsol
Na1Ag1Cd1Sn1S4,kesterite,-0.5207,-0.019,1.163,PBEsol
Na1Ag1Cd1Sn1S4,stannite,-0.5154,0.0232,0.759,PBEsol
Na1Ag1Cd1Sn1Se4,kesterite,-0.4448,0.4769,0.747,PBEsol
Na1Ag1Cd1Sn1Se4,stannite,-0.4377,0.5336,0.34,PBEsol
Na1Ag1Cd1Sn1Te4,stannite,-0.0831,,0.492,PBEsol
Na1Ag1Cd1Zr1S4,kesterite,-0.8586,0.6967,1.552,PBEsol
Na1Ag1Cd1Zr1S4,stannite,-0.8589,0.6945,1.319,PBEsol
Na1Ag1Cd1Zr1Se4,kesterite,-0.7112,1.3018,1.254,PBEsol
Na1Ag1Cd1Zr1Se4,stannite,-0.7106,1.3064,1.071,PBEsol
Na1Ag1Cd1Zr1Te4,stannite,-0.2477,2.8231,0.668,PBEsol
Na1Ag1Mg1Ge1S4,kesterite,-0.7344,-0.2601,1.701,PBEsol
Na1Ag1Mg1Ge1S4,stannite,-0.7177,-0.1264,1.262,PBEsol
Na1Ag1Mg1Ge1Se4,stannite,-0.6069,0.1338,0.619,PBEsol
Na1Ag1Mg1Ge1Te4,kesterite,-0.2944,,0.954,PBEsol
Na1Ag1Mg1Ge1Te4,stannite,-0.2857,,0.443,PBEsol
Na1Ag1Mg1Sn1S4,kesterite,-0.7233,0.1046,1.521,PBEsol
Na1Ag1Mg1Sn1S4,stannite,-0.7105,0.2068,1.017,PBEsol
Na1Ag1Mg1Sn1Se4,stannite,-0.6078,0.5025,0.563,PBEsol
Na1Ag1Mg1Zr1S4,stannite,-1.0608,0.8238,1.787,PBEsol
Na1Ag1Mg1Zr1Se4,kesterite,-0.8955,1.157,1.584,PBEsol
Na1Ag1Mg1Zr1Te4,stannite,-0.4036,2.4694,1.108,PBEsol
Na1Ag1Sr1Ge1S4,kesterite,-0.8402,0.3053,1.534,PBEsol
Na1Ag1Sr1Ge1Se4,kesterite,-0.7319,0.8482,1.029,PBEsol
Na1Ag1Sr1Ge1Se4,stannite,-0.7951,0.3425,1.255,PBEsol
Na1Ag1Sr1Ge1Te4,stannite,-0.4236,,0.733,PBEsol
Na1Ag1Sr1Zr1S4,kesterite,-1.1733,1.3357,1.57,PBEsol
Na1Ag1Zn1Ge1S4,stannite,-0.5522,-0.1528,0.923,PBEsol
Na1Ag1Zn1Ge1Se4,kesterite,-0.4937,-0.0704,0.961,PBEsol
Na1Ag1Zn1Ge1Se4,stannite,-0.4559,0.232,0.211,PBEsol
Na1Ag1Zn1Ge1Te4,stannite,-0.1697,,0.054,PBEsol
Na1Ag1Zn1Sn1S4,stannite,-0.5611,0.0519,0.694,PBEsol
Na1Ag1Zn1Sn1Se4,kesterite,-0.5066,0.2035,0.786,PBEsol
Na1Ag1Zn1Sn1Se4,stannite,-0.4838,0.3852,0.179,PBEsol
Na1Ag1Zn1Sn1Te4,stannite,-0.1719,,0.163,PBEsol
Na1Ag1Zn1Zr1S4,kesterite,-0.9138,0.6499,1.505,PBEsol
Na1Ag1Zn1Zr1Se4,kesterite,-0.7651,1.0911,1.221,PBEsol
Na1Ag1Zn1Zr1Se4,stannite,-0.7546,1.175,0.899,PBEsol
Na1Ag1Zn1Zr1Te4,stannite,-0.336,2.1668,0.511,PBEsol
Na1Al0.5In0.5S1Te1,kesterite,-0.7722,-0.2612,2.045,PBEsol
Na1Al0.5In0.5S1Te1,stannite,-0.7125,-0.0222,0.133,PBEsol
Na1Al0.5In0.5Se1Te1,kesterite,-0.7528,-0.351,1.947,PBEsol
Na1Al0.5In0.5Se1Te1,stannite,-0.6499,0.0606,0.535,PBEsol
Na1Al1S2,kesterite,-1.2069,-0.5984,3.684,PBEsol
Na1Al1S2,stannite,-1.1398,-0.33,2.479,PBEsol
Na1Al1Se1Te1,kesterite,-0.8226,-0.322,2.615,PBEsol
Na1Al1Se1Te1,stannite,-0.7455,-0.0136,0.542,PBEsol
Na1Al1Se2,kesterite,-1.0327,-0.4345,2.67,PBEsol
Na1Al1Se2,stannite,-0.9698,-0.1826,1.538,PBEsol
Na1Al1Te2,kesterite,-0.6252,-0.1894,2.284,PBEsol
Na1Al1Te2,stannite,-0.5698,0.0322,1.086,PBEsol
Na1Cs0.5Ag0.5Ba0.5Zn0.5Sn0.5Ge0.5S2Se2,kesterite,-0.7639,0.1126,1.284,PBEsol
Na1Cs0.5Ag0.5Ba0.5Zn0.5Sn0.5Ge0.5S2Se2,stannite,-0.6861,0.7353,0.031,PBEsol
Na1Cs0.5Ag0.5Ba1Ge1S4,stannite,-0.916,0.2532,2.065,PBEsol
Na1Cs0.5Ag0.5Ca0.5Sr0.5Sn1S2Se1Te1,kesterite,-0.917,,1.203,PBEsol
Na1Cs0.5Ag0.5Ca0.5Sr0.5Sn1S2Se1Te1,stannite,-0.7942,,1.015,PBEsol
Na1Cs0.5Ag0.5Ca1Ge1S4,stannite,-0.895,0.6256,1.7,PBEsol
Na1Cs0.5Ag0.5Ca1Ge1Se4,stannite,-0.7761,1.1772,1.126,PBEsol
Na1Cs0.5Ag0.5Ca1Sn1S4,stannite,-0.8759,1.0545,1.583,PBEsol
Na1Cs0.5Ag0.5Cd1Ge1S4,kesterite,-0.6222,-0.36,1.534,PBEsol
Na1Cs0.5Ag0.5Cd1Ge1S4,stannite,-0.5537,0.1879,0.955,PBEsol
Na1Cs0.5Ag0.5Cd1Sn1S4,kesterite,-0.5622,0.3953,1.255,PBEsol
Na1Cs0.5Ag0.5Cd1Sn1Se4,kesterite,-0.4635,1.0856,0.795,PBEsol
Na1Cs0.5Ag0.5Cd1Sn1Se4,stannite,-0.429,1.3613,0.317,PBEsol
Na1Cs0.5Ag0.5Cd1Zr1S4,kesterite,-0.903,1.0888,1.484,PBEsol
Na1Cs0.5Ag0.5Cd1Zr1S4,stannite,-0.8915,1.181,1.477,PBEsol
Na1Cs0.5Ag0.5Cd1Zr1Te4,stannite,-0.2099,3.8502,0.619,PBEsol
Na1Cs0.5Ag0.5Mg1Ge1S3Te1,kesterite,-0.7473,,1.907,PBEsol
Na1Cs0.5Ag0.5Mg1Ge1S3Te1,stannite,-0.6113,,0.0,PBEsol
Na1Cs0.5Ag0.5Mg1Ge1Se4,kesterite,-0.7064,0.0954,1.376,PBEsol
Na1Cs0.5Ag0.5Mg1Ge1Te4,kesterite,-0.3184,,0.536,PBEsol
Na1Cs0.5Ag0.5Mg1Ge1Te4,stannite,-0.2264,,0.047,PBEsol
Na1Cs0.5Ag0.5Mg1Sn1S4,kesterite,-0.7768,0.4238,1.688,PBEsol
Na1Cs0.5Ag0.5Mg1Sn1Se4,kesterite,-0.6684,0.7763,1.129,PBEsol
Na1Cs0.5Ag0.5Mg1Zr1S4,kesterite,-1.1201,1.0964,1.952,PBEsol
Na1Cs0.5Ag0.5Mg1Zr1S4,stannite,-1.0933,1.3111,1.958,PBEsol
Na1Cs0.5Ag0.5Sr1Ge1S4,stannite,-0.9098,0.4956,1.834,PBEsol
Na1Cs0.5Ag0.5Zn1Ge1S4,kesterite,-0.6746,-0.3849,1.901,PBEsol
Na1Cs0.5Ag0.5Zn1Ge1S4,stannite,-0.5691,0.4588,0.873,PBEsol
Na1Cs0.5Ag0.5Zn1Ge1Se4,kesterite,-0.5667,0.1036,1.103,PBEsol
Na1Cs0.5Ag0.5Zn1Ge1Se4,stannite,-0.4655,0.9135,0.139,PBEsol
Na1Cs0.5Ag0.5Zn1Ge1Te4,stannite,-0.1138,,0.189,PBEsol
Na1Cs0.5Ag0.5Zn1Sn1Se4,stannite,-0.4825,1.1541,0.087,PBEsol
Na1Cs0.5Ag0.5Zn1Sn1Te4,stannite,-0.1117,,0.414,PBEsol
Na1Cs0.5Ag0.5Zn1Zr1S4,kesterite,-0.9675,0.9673,1.597,PBEsol
Na1Cs0.5Ag0.5Zn1Zr1S4,stannite,-0.9317,1.2535,1.398,PBEsol
Na1Cs0.5Ag0.5Zn1Zr1Se4,kesterite,-0.8104,1.4871,1.157,PBEsol
Na1Cs0.5Ag0.5Zn1Zr1Se4,stannite,-0.7839,1.6991,1.033,PBEsol
Na1Cs0.5Cu0.5Ca1Ge1S4,stannite,-0.8812,0.8254,1.475,PBEsol
Na1Cs0.5Cu0.5Ca1Ge1Se4,stannite,-0.7561,1.3193,0.969,PBEsol
Na1Cs0.5Cu0.5Ca1Sn1Se4,stannite,-0.7982,1.359,0.815,PBEsol
Na1Cs0.5Cu0.5Ca1Zr1Te4,stannite,-0.6153,3.0198,1.252,PBEsol
Na1Cs0.5Cu0.5Cd1Ge1S4,stannite,-0.5369,0.4113,0.449,PBEsol
Na1Cs0.5Cu0.5Cd1Ge1Se4,stannite,-0.4384,0.8913,0.048,PBEsol
Na1Cs0.5Cu0.5Cd1Sn1S4,stannite,-0.5488,0.5923,0.491,PBEsol
Na1Cs0.5Cu0.5Cd1Zr1Se4,kesterite,-0.7798,1.4927,0.822,PBEsol
Na1Cs0.5Cu0.5Cd1Zr1Se4,stannite,-0.7677,1.5895,0.918,PBEsol
Na1Cs0.5Cu0.5Cd1Zr1Te4,stannite,-0.3028,2.969,0.552,PBEsol
Na1Cs0.5Cu0.5Mg0.5Sr0.5Ge1Se4,kesterite,-0.8602,-0.3138,1.133,PBEsol
Na1Cs0.5Cu0.5Mg1Ge1Se4,stannite,-0.594,0.9766,0.309,PBEsol
Na1Cs0.5Cu0.5Mg1Ge1Te4,stannite,-0.1862,,0.115,PBEsol
Na1Cs0.5Cu0.5Mg1Sn1S4,stannite,-0.7399,0.8083,0.729,PBEsol
Na1Cs0.5Cu0.5Mg1Sn1Se4,stannite,-0.6456,0.9402,0.238,PBEsol
Na1Cs0.5Cu0.5Mg1Sn1Te4,stannite,-0.2866,,0.237,PBEsol
Na1Cs0.5Cu0.5Mg1Zr1Se4,kesterite,-0.9762,1.2514,1.233,PBEsol
Na1Cs0.5Cu0.5Mg1Zr1Se4,stannite,-0.9529,1.4379,1.38,PBEsol
Na1Cs0.5Cu0.5Mg1Zr1Te4,kesterite,-0.5018,2.2708,0.808,PBEsol
Na1Cs0.5Cu0.5Mg1Zr1Te4,stannite,-0.4945,2.3297,0.986,PBEsol
Na1Cs0.5Cu0.5Sr1Ge1S4,stannite,-0.901,0.6552,1.631,PBEsol
Na1Cs0.5Cu0.5Sr1Ge1Se4,stannite,-0.7738,1.2528,1.128,PBEsol
Na1Cs0.5Cu0.5Sr1Sn1S4,stannite,-0.9092,0.866,1.31,PBEsol
Na1Cs0.5Cu0.5Sr1Zr1S4,kesterite,-1.2864,1.267,1.764,PBEsol
Na1Cs0.5Cu0.5Sr1Zr1Te4,stannite,-0.6186,3.1776,1.292,PBEsol
Na1Cs0.5Cu0.5Zn1Ge1S4,stannite,-0.5394,0.7862,0.555,PBEsol
Na1Cs0.5Cu0.5Zn1Ge1Se4,stannite,-0.4367,1.1253,0.582,PBEsol
Na1Cs0.5Cu0.5Zn1Ge1Te4,kesterite,-0.184,,0.424,PBEsol
Na1Cs0.5Cu0.5Zn1Ge1Te4,stannite,-0.0345,,0.0,PBEsol
Na1Cs0.5Cu0.5Zn1Sn0.5Ge0.5S4,stannite,-0.5579,0.7583,0.488,PBEsol
Na1Cs0.5Cu0.5Zn1Sn1S4,stannite,-0.5657,0.8513,0.37,PBEsol
Na1Cs0.5Cu0.5Zn1Sn1Se4,kesterite,-0.5525,0.5758,0.707,PBEsol
Na1Cs0.5Cu0.5Zn1Sn1Se4,stannite,-0.4846,1.1189,0.587,PBEsol
Na1Cs0.5Cu0.5Zn1Zr1Se4,kesterite,-0.8091,1.4787,0.948,PBEsol
Na1Cs0.5Cu0.5Zn1Zr1Se4,stannite,-0.7825,1.6914,0.837,PBEsol
Na1Cs1Cd1Ge1Se4,stannite,-0.5466,0.8196,0.978,PBEsol
Na1Cs1Cd1Ge1Te4,stannite,-0.106,,0.506,PBEsol
Na1Cs1Cd1Zr1Se4,stannite,-0.7989,2.1338,1.37,PBEsol
Na1Cs1Mg0.5Ca0.5Ge1S1Se2Te1,stannite,-0.7818,,0.059,PBEsol
Na1Cs1Mg1Ge1S4,stannite,-0.8545,0.2912,1.821,PBEsol
Na1Cs1Mg1Ge1Te4,stannite,-0.2784,,0.539,PBEsol
Na1Cs1Mg1Zr1S4,kesterite,-1.2253,1.0199,2.071,PBEsol
Na1Cs1Sr1Ge1Se4,kesterite,-0.8506,1.4325,1.247,PBEsol
Na1Cs1Zn1Ge1S4,stannite,-0.6782,0.3511,1.341,PBEsol
Na1Cs1Zn1Ge1Te4,stannite,-0.1958,,0.365,PBEsol
Na1Cs1Zn1Sn1Se4,stannite,-0.5591,1.3173,0.876,PBEsol
Na1Cs1Zn1Zr1S4,kesterite,-1.0763,0.8613,1.706,PBEsol
Na1Cs1Zn1Zr1Se4,stannite,-0.8596,1.8688,1.161,PBEsol
Na1Cu0.5Ag0.5Ba0.5Cd0.5Ge1S4,kesterite,-0.7015,-0.1968,1.069,PBEsol
Na1Cu0.5Ag0.5Ba0.5Cd0.5Ge1S4,stannite,-0.6929,-0.1284,0.603,PBEsol
Na1Cu0.5Ag0.5Ba1Ge1Se4,stannite,-0.7978,0.2008,1.195,PBEsol
Na1Cu0.5Ag0.5Ba1Zr1Se4,kesterite,-1.0458,1.5492,1.073,PBEsol
Na1Cu0.5Ag0.5Ca0.5Sr0.5Ge1S1Se1Te2,kesterite,-0.6714,,0.703,PBEsol
Na1Cu0.5Ag0.5Ca1Zr1Se4,kesterite,-1.0518,1.5192,1.258,PBEsol
Na1Cu0.5Ag0.5Cd1Ge1Se4,stannite,-0.466,-0.0964,0.342,PBEsol
Na1Cu0.5Ag0.5Cd1Sn1S4,kesterite,-0.5471,-0.1501,0.856,PBEsol
Na1Cu0.5Ag0.5Cd1Sn1S4,stannite,-0.5569,-0.2284,0.539,PBEsol
Na1Cu0.5Ag0.5Cd1Sn1Se4,kesterite,-0.4833,0.1415,0.532,PBEsol
Na1Cu0.5Ag0.5Cd1Sn1Se4,stannite,-0.4879,0.1049,0.212,PBEsol
Na1Cu0.5Ag0.5Cd1Sn1Te4,kesterite,-0.1726,,0.589,PBEsol
Na1Cu0.5Ag0.5Cd1Sn1Te4,stannite,-0.1786,,0.45,PBEsol
Na1Cu0.5Ag0.5Cd1Zr1S4,kesterite,-0.8798,0.6072,1.276,PBEsol
Na1Cu0.5Ag0.5Cd1Zr1S4,stannite,-0.8945,0.4896,1.112,PBEsol
Na1Cu0.5Ag0.5Cd1Zr1Se4,kesterite,-0.7417,1.0304,1.041,PBEsol
Na1Cu0.5Ag0.5Cd1Zr1Te4,kesterite,-0.3214,2.0864,0.723,PBEsol
Na1Cu0.5Ag0.5Cd1Zr1Te4,stannite,-0.3309,2.0102,0.713,PBEsol
Na1Cu0.5Ag0.5Mg1Ge1Te4,kesterite,-0.285,,0.923,PBEsol
Na1Cu0.5Ag0.5Mg1Sn1Se4,stannite,-0.6588,0.0675,0.406,PBEsol
Na1Cu0.5Ag0.5Mg1Sn1Te4,kesterite,-0.3281,,0.918,PBEsol
Na1Cu0.5Ag0.5Mg1Zr1Se4,kesterite,-0.9175,0.9543,1.319,PBEsol
Na1Cu0.5Ag0.5Mg1Zr1Te4,kesterite,-0.481,1.7033,0.944,PBEsol
Na1Cu0.5Ag0.5Mg1Zr1Te4,stannite,-0.4931,1.6067,1.046,PBEsol
Na1Cu0.5Ag0.5Sr0.5Cd0.5Sn1S2Se2,stannite,-0.6897,0.0791,0.562,PBEsol
Na1Cu0.5Ag0.5Sr1Ge1Te4,kesterite,-0.3482,,0.772,PBEsol
Na1Cu0.5Ag0.5Sr1Zr1Se4,kesterite,-1.0545,1.573,1.206,PBEsol
Na1Cu0.5Ag0.5Zn1Ge1Se4,kesterite,-0.4909,-0.075,0.855,PBEsol
Na1Cu0.5Ag0.5Zn1Ge1Te4,kesterite,-0.1961,,0.812,PBEsol
Na1Cu0.5Ag0.5Zn1Sn1S4,kesterite,-0.59,-0.0992,0.989,PBEsol
Na1Cu0.5Ag0.5Zn1Sn1S4,stannite,-0.5883,-0.0855,0.477,PBEsol
Na1Cu0.5Ag0.5Zn1Sn1Se4,kesterite,-0.516,0.101,0.624,PBEsol
Na1Cu0.5Ag0.5Zn1Sn1Se4,stannite,-0.5099,0.1494,0.074,PBEsol
Na1Cu0.5Ag0.5Zn1Sn1Te4,kesterite,-0.2238,,0.751,PBEsol
Na1Cu0.5Ag0.5Zn1Sn1Te4,stannite,-0.2225,,0.12,PBEsol
Na1Cu0.5Ag0.5Zn1Zr1S4,stannite,-0.9262,0.6305,0.956,PBEsol
Na1Cu0.5Ag0.5Zn1Zr1Se4,kesterite,-0.7675,1.0448,1.029,PBEsol
Na1Cu0.5Ag0.5Zn1Zr1Se4,stannite,-0.773,1.0005,0.702,PBEsol
Na1Cu0.5Ag0.5Zn1Zr1Te4,kesterite,-0.364,1.7965,0.656,PBEsol
Na1Cu0.5Ag0.5Zn1Zr1Te4,stannite,-0.3717,1.735,0.432,PBEsol
Na1Cu1Ba0.5Zn0.5Sn0.5Ge0.5S1Se3,kesterite,-0.6481,0.2499,0.547,PBEsol
Na1Cu1Ba0.5Zn0.5Sn0.5Ge0.5S1Se3,stannite,-0.6552,0.1936,0.324,PBEsol
Na1Cu1Ba1Ge1Se4,stannite,-0.7858,0.2874,1.046,PBEsol
Na1Cu1Ba1Zr1S4,kesterite,-1.178,1.2843,0.861,PBEsol
Na1Cu1Ba1Zr1Se4,kesterite,-1.0194,1.7511,0.603,PBEsol
Na1Cu1Ba1Zr1Te4,stannite,-0.5543,2.8622,0.785,PBEsol
Na1Cu1Ca0.5Zn0.5Sn1Se2Te2,stannite,-0.5446,,0.128,PBEsol
Na1Cu1Ca1Ge1S4,kesterite,-0.8389,0.5056,1.172,PBEsol
Na1Cu1Ca1Sn1Te4,kesterite,-0.3736,,0.685,PBEsol
Na1Cu1Ca1Zr1S4,kesterite,-1.2046,1.2752,1.131,PBEsol
Na1Cu1Ca1Zr1S4,stannite,-1.2439,0.9612,1.905,PBEsol
Na1Cu1Cd1Ge1S4,stannite,-0.5819,-0.6065,0.791,PBEsol
Na1Cu1Cd1Ge1Te4,kesterite,-0.1428,,0.456,PBEsol
Na1Cu1Cd1Ge1Te4,stannite,-0.1783,,0.454,PBEsol
Na1Cu1Cd1Sn0.5Ge0.5S3Se1,stannite,-0.5533,-0.3952,0.514,PBEsol
Na1Cu1Cd1Sn1S4,kesterite,-0.548,-0.0593,0.694,PBEsol
Na1Cu1Cd1Sn1S4,stannite,-0.5792,-0.3094,0.513,PBEsol
Na1Cu1Cd1Sn1Se4,kesterite,-0.4753,0.1962,0.385,PBEsol
Na1Cu1Cd1Sn1Se4,stannite,-0.5004,-0.004,0.224,PBEsol
Na1Cu1Cd1Sn1Te4,kesterite,-0.1617,,0.37,PBEsol
Na1Cu1Cd1Sn1Te4,stannite,-0.1759,,0.523,PBEsol
Na1Cu1Cd1Zr1S4,kesterite,-0.8833,0.6774,1.042,PBEsol
Na1Cu1Cd1Zr1S4,stannite,-0.9108,0.4574,1.07,PBEsol
Na1Cu1Mg0.5Sr0.5Sn1Se3Te1,stannite,-0.6758,,0.305,PBEsol
Na1Cu1Mg1Ge1S4,kesterite,-0.734,-0.0783,1.282,PBEsol
Na1Cu1Mg1Ge1Se4,stannite,-0.642,-0.184,0.597,PBEsol
Na1Cu1Mg1Ge1Te4,stannite,-0.2984,,0.561,PBEsol
Na1Cu1Mg1Sn1S4,stannite,-0.7756,-0.1352,0.735,PBEsol
Na1Cu1Mg1Sn1Se4,stannite,-0.6694,-0.026,0.415,PBEsol
Na1Cu1Mg1Sn1Te4,kesterite,-0.2999,,0.688,PBEsol
Na1Cu1Mg1Sn1Te4,stannite,-0.3248,,0.666,PBEsol
Na1Cu1Mg1Zr1S4,kesterite,-1.08,0.8486,1.269,PBEsol
Na1Cu1Mg1Zr1S4,stannite,-1.1114,0.5972,1.505,PBEsol
Na1Cu1Mg1Zr1Se4,kesterite,-0.9069,1.0294,1.073,PBEsol
Na1Cu1Mg1Zr1Te4,stannite,-0.4725,1.6428,1.014,PBEsol
Na1Cu1Sr1Zr1S4,kesterite,-1.1986,1.3119,1.079,PBEsol
Na1Cu1Zn1Ge1Se4,kesterite,-0.4789,0.012,0.677,PBEsol
Na1Cu1Zn1Ge1Se4,stannite,-0.4943,-0.1116,0.18,PBEsol
Na1Cu1Zn1Ge1Te4,kesterite,-0.1786,,0.569,PBEsol
Na1Cu1Zn1Sn1S4,kesterite,-0.5935,-0.0293,0.812,PBEsol
Na1Cu1Zn1Sn1Se4,kesterite,-0.5087,0.1501,0.469,PBEsol
Na1Cu1Zn1Sn1Se4,stannite,-0.5237,0.0298,0.073,PBEsol
Na1Cu1Zn1Sn1Te4,kesterite,-0.2039,,0.614,PBEsol
Na1Cu1Zn1Sn1Te4,stannite,-0.2183,,0.167,PBEsol
Na1Cu1Zn1Zr1S4,kesterite,-0.9219,0.7632,1.047,PBEsol
Na1Cu1Zn1Zr1S4,stannite,-0.9529,0.515,0.974,PBEsol
Na1Cu1Zn1Zr1Te4,kesterite,-0.3431,1.835,0.584,PBEsol
Na1Cu1Zn1Zr1Te4,stannite,-0.357,1.7238,0.391,PBEsol
Na1Ga1S1Se1,kesterite,-0.9028,-0.4708,2.256,PBEsol
Na1Ga1S1Se1,stannite,-0.8185,-0.1333,0.893,PBEsol
Na1Ga1S2,kesterite,-0.9546,-0.5286,2.705,PBEsol
Na1Ga1S2,stannite,-0.8912,-0.275,1.619,PBEsol
Na1Ga1Se2,kesterite,-0.8485,-0.3315,1.805,PBEsol
Na1Ga1Se2,stannite,-0.7833,-0.0708,0.776,PBEsol
Na1Ga1Te2,kesterite,-0.5308,-0.1201,1.505,PBEsol
Na1Ga1Te2,stannite,-0.4683,0.13,0.314,PBEsol
Na1In1S2,kesterite,-0.8463,-0.3587,2.089,PBEsol
Na1In1S2,stannite,-0.8232,-0.2664,1.6,PBEsol
Na1In1Se2,kesterite,-0.7922,-0.2798,1.481,PBEsol
Na1In1Se2,stannite,-0.7646,-0.1695,0.923,PBEsol
Na1In1Te2,kesterite,-0.5179,-0.1135,1.365,PBEsol
Na1In1Te2,stannite,-0.4892,0.001,0.658,PBEsol
Na1K0.5Ag0.5Ba0.5Zn0.5Sn1S3Te1,kesterite,-0.7365,,1.267,PBEsol
Na1K0.5Ag0.5Ba0.5Zn0.5Sn1S3Te1,stannite,-0.6658,,0.21,PBEsol
Na1K0.5Ag0.5Ba1Ge1S1Se1Te2,stannite,-0.8328,,0.937,PBEsol
Na1K0.5Ag0.5Ba1Ge1Se4,kesterite,-0.8215,0.7885,1.561,PBEsol
Na1K0.5Ag0.5Ba1Ge1Se4,stannite,-0.8335,0.6926,1.796,PBEsol
Na1K0.5Ag0.5Ca0.5Cd0.5Sn0.5Ge0.5S1Se1Te2,kesterite,-0.6115,,0.985,PBEsol
Na1K0.5Ag0.5Ca1Ge1S4,stannite,-0.9326,0.3395,2.009,PBEsol
Na1K0.5Ag0.5Ca1Ge1Se4,stannite,-0.8127,0.8765,1.464,PBEsol
Na1K0.5Ag0.5Cd1Ge1S4,kesterite,-0.6537,-0.5972,1.736,PBEsol
Na1K0.5Ag0.5Cd1Ge1S4,stannite,-0.6022,-0.1857,1.304,PBEsol
Na1K0.5Ag0.5Cd1Ge1Se4,kesterite,-0.5543,-0.0254,1.183,PBEsol
Na1K0.5Ag0.5Cd1Ge1Se4,stannite,-0.506,0.3612,0.686,PBEsol
Na1K0.5Ag0.5Cd1Ge1Te4,kesterite,-0.2031,,1.152,PBEsol
Na1K0.5Ag0.5Cd1Ge1Te4,stannite,-0.1306,,0.328,PBEsol
Na1K0.5Ag0.5Cd1Zr1S4,kesterite,-0.9467,0.7537,1.747,PBEsol
Na1K0.5Ag0.5Cd1Zr1Se4,stannite,-0.7717,1.5682,1.228,PBEsol
Na1K0.5Ag0.5Mg0.5Ba0.5Sn0.5Ge0.5S3Te1,kesterite,-0.8333,,1.575,PBEsol
Na1K0.5Ag0.5Mg0.5Ba0.5Sn0.5Ge0.5S3Te1,stannite,-0.7568,,0.36,PBEsol
Na1K0.5Ag0.5Mg1Ge1S4,kesterite,-0.8596,-0.4998,2.315,PBEsol
Na1K0.5Ag0.5Sr0.5Ba0.5Sn1S4,kesterite,-1.0095,-0.1252,1.694,PBEsol
Na1K0.5Ag0.5Sr0.5Ba0.5Sn1S4,stannite,-1.0373,-0.3477,1.753,PBEsol
Na1K0.5Cs0.5Ba0.5Cd0.5Ge1Se3Te1,stannite,-0.7102,,0.614,PBEsol
Na1K0.5Cs0.5Sr1Ge1S1Se3,stannite,-1.0266,0.0455,1.525,PBEsol
Na1K0.5Cu0.5Ba0.5Zn0.5Sn0.5Ge0.5S3Te1,stannite,-0.7005,,1.181,PBEsol
Na1K0.5Cu0.5Ba0.5Zn0.5Sn1S1Te3,kesterite,-0.5134,,0.647,PBEsol
Na1K0.5Cu0.5Ba0.5Zn0.5Sn1S1Te3,stannite,-0.5393,,0.173,PBEsol
Na1K0.5Cu0.5Zn1Sn0.5Ge0.5S2Se1Te1,kesterite,-0.5599,,1.325,PBEsol
Na1K0.5Cu0.5Zn1Sn0.5Ge0.5S2Se1Te1,stannite,-0.4905,,0.024,PBEsol
Na1K0.5Rb0.5Ba0.5Zn0.5Ge1Se4,stannite,-0.7518,0.6907,0.602,PBEsol
Na1K0.5Rb0.5Ca0.5Ba0.5Sn0.5Ge0.5S1Se1Te2,stannite,-0.7846,,0.812,PBEsol
Na1K0.5Rb0.5Ca0.5Sr0.5Sn0.5Ge0.5Se3Te1,stannite,-0.8988,,0.809,PBEsol
Na1K0.5Rb0.5Cd1Ge1S1Se3,kesterite,-0.705,-0.4903,1.743,PBEsol
Na1K0.5Rb0.5Cd1Ge1S1Se3,stannite,-0.6649,-0.1697,0.655,PBEsol
Na1K0.5Rb0.5Mg0.5Ca0.5Sn1S3Se1,kesterite,-1.0424,-0.4138,1.973,PBEsol
Na1K0.5Rb0.5Mg0.5Ca0.5Sn1S3Se1,stannite,-0.9543,0.2913,1.402,PBEsol
Na1K0.5Rb0.5Mg0.5Cd0.5Sn1Te4,stannite,-0.4915,,0.398,PBEsol
Na1K0.5Rb0.5Sr1Ge1S3Te1,kesterite,-1.0305,,1.865,PBEsol
Na1K0.5Rb0.5Sr1Ge1S3Te1,stannite,-0.9282,,1.215,PBEsol
Na1K1Zn0.5Cd0.5Sn1S1Se2Te1,stannite,-0.5992,,0.379,PBEsol
Na1Rb0.5Ag0.5Ca1Ge1S1Te3,stannite,-0.6343,,0.934,PBEsol
Na1Rb0.5Ag0.5Cd1Sn0.5Ge0.5S1Se1Te2,kesterite,-0.4691,,0.735,PBEsol
Na1Rb0.5Ag0.5Mg0.5Ca0.5Sn0.5Ge0.5S1Te3,stannite,-0.5239,,0.148,PBEsol
Na1Rb0.5Ag0.5Mg0.5Zn0.5Sn1S2Se2,kesterite,-0.7281,-0.1631,1.545,PBEsol
Na1Rb0.5Ag0.5Mg0.5Zn0.5Sn1S2Se2,stannite,-0.667,0.326,0.661,PBEsol
Na1Rb0.5Ag0.5Sr0.5Zn0.5Ge1S1Se3,kesterite,-0.7527,0.0168,1.286,PBEsol
Na1Rb0.5Ag0.5Sr0.5Zn0.5Ge1S1Se3,stannite,-0.6684,0.6911,0.578,PBEsol
Na1Rb0.5Cs0.5Ba1Sn1Se4,kesterite,-1.0761,-0.1368,1.56,PBEsol
Na1Rb0.5Cs0.5Ba1Sn1Se4,stannite,-1.0153,0.3498,1.531,PBEsol
Na1Rb0.5Cu0.5Ca0.5Cd0.5Sn1S3Te1,kesterite,-0.7159,,1.013,PBEsol
Na1Rb0.5Cu0.5Ca0.5Cd0.5Sn1S3Te1,stannite,-0.6431,,0.052,PBEsol
Na1Rb0.5Cu0.5Ca0.5Cd0.5Sn1Se4,kesterite,-0.7535,0.1747,0.752,PBEsol
Na1Rb0.5Cu0.5Ca0.5Cd0.5Sn1Se4,stannite,-0.6847,0.725,0.361,PBEsol
Na1Rb0.5Cu0.5Ca0.5Zn0.5Ge1S2Se1Te1,kesterite,-0.7186,,1.614,PBEsol
Na1Rb0.5Cu0.5Ca1Sn1S3Se1,kesterite,-1.0085,-0.0913,1.438,PBEsol
Na1Rb0.5Cu0.5Mg0.5Cd0.5Sn1S1Se2Te1,kesterite,-0.6301,,0.971,PBEsol
Na1Rb0.5Cu0.5Mg0.5Cd0.5Sn1S1Se2Te1,stannite,-0.5595,,0.554,PBEsol
Na1Rb0.5Cu0.5Mg1Sn0.5Ge0.5Te4,stannite,-0.3917,,0.591,PBEsol
Na1Rb1Mg0.5Zn0.5Ge1S1Se2Te1,stannite,-0.6394,,0.114,PBEsol
Na2Ba1Ge1S4,kesterite,-1.0497,-0.0036,2.344,PBEsol
Na2Ba1Ge1S4,stannite,-1.189,-1.118,2.424,PBEsol
Na2Ba1Ge1Se4,kesterite,-0.9522,0.4716,1.71,PBEsol
Na2Ba1Ge1Se4,stannite,-1.1003,-0.7128,1.654,PBEsol
Na2Ba1Ge1Te4,kesterite,-0.6327,,1.31,PBEsol
Na2Ba1Ge1Te4,stannite,-0.791,,0.521,PBEsol
Na2Ba1Sn1S2Se2,kesterite,-0.893,1.3706,1.843,PBEsol
Na2Ba1Sn1S4,kesterite,-1.0584,0.2021,2.252,PBEsol
Na2Ba1Sn1S4,stannite,-1.1805,-0.7747,2.586,PBEsol
Na2Ba1Sn1Se4,kesterite,-0.9905,0.5422,1.703,PBEsol
Na2Ba1Sn1Se4,stannite,-1.1224,-0.5133,1.892,PBEsol
Na2Ba1Sn1Te4,kesterite,-0.6895,,1.44,PBEsol
Na2Ba1Sn1Te4,stannite,-0.833,,0.885,PBEsol
Na2Ba1Zr1S4,stannite,-1.3399,1.3697,3.159,PBEsol
Na2Ca1Ge1S4,kesterite,-1.0741,0.0054,2.711,PBEsol
Na2Ca1Ge1S4,stannite,-1.0575,0.1382,2.327,PBEsol
Na2Ca1Ge1Se4,kesterite,-0.9604,0.4244,2.074,PBEsol
Na2Ca1Ge1Se4,stannite,-0.9434,0.5601,1.571,PBEsol
Na2Ca1Ge1Te4,kesterite,-0.653,,0.342,PBEsol
Na2Ca1Ge1Te4,stannite,-0.6086,,1.226,PBEsol
Na2Ca1Sn1S4,kesterite,-1.0783,0.2474,2.598,PBEsol
Na2Ca1Sn1S4,stannite,-1.0695,0.3178,2.224,PBEsol
Na2Ca1Sn1Se4,kesterite,-0.9955,0.5199,1.976,PBEsol
Na2Ca1Sn1Se4,stannite,-0.9843,0.6093,1.561,PBEsol
Na2Ca1Sn1Te4,kesterite,-0.6786,,1.629,PBEsol
Na2Ca1Sn1Te4,stannite,-0.6675,,1.283,PBEsol
Na2Cd1Ge1S4,kesterite,-0.774,-0.7626,2.376,PBEsol
Na2Cd1Ge1S4,stannite,-0.7369,-0.4654,1.561,PBEsol
Na2Cd1Ge1Se4,kesterite,-0.6922,-0.3993,1.59,PBEsol
Na2Cd1Ge1Se4,stannite,-0.6509,-0.0689,0.801,PBEsol
Na2Cd1Ge1Te4,kesterite,-0.4129,,1.201,PBEsol
Na2Cd1Ge1Te4,stannite,-0.3681,,0.306,PBEsol
Na2Cd1Sn1S4,kesterite,-0.7727,-0.4763,2.02,PBEsol
Na2Cd1Sn1S4,stannite,-0.747,-0.2705,1.571,PBEsol
Na2Cd1Sn1Se4,kesterite,-0.7181,-0.2298,1.404,PBEsol
Na2Cd1Sn1Se4,stannite,-0.6909,-0.0127,0.862,PBEsol
Na2Cd1Sn1Te4,kesterite,-0.456,,1.192,PBEsol
Na2Cd1Sn1Te4,stannite,-0.425,,0.511,PBEsol
Na2Mg0.5Sr0.5Sn1S2Te2,kesterite,-0.8345,,1.73,PBEsol
Na2Mg0.5Sr0.5Sn1S2Te2,stannite,-0.7669,,0.874,PBEsol
Na2Mg1Ge1S3Se1,kesterite,-0.9489,-0.6365,2.584,PBEsol
Na2Mg1Ge1S3Se1,stannite,-0.8843,-0.1203,1.299,PBEsol
Na2Mg1Ge1S4,kesterite,-0.9754,-0.629,2.897,PBEsol
Na2Mg1Ge1S4,stannite,-0.9214,-0.1969,1.864,PBEsol
Na2Mg1Ge1Se4,kesterite,-0.8595,-0.408,2.014,PBEsol
Na2Mg1Ge1Se4,stannite,-0.8028,0.0456,1.024,PBEsol
Na2Mg1Ge1Te4,kesterite,-0.5271,,0.992,PBEsol
Na2Mg1Ge1Te4,stannite,-0.4717,,0.492,PBEsol
Na2Mg1Sn1S4,kesterite,-0.9715,-0.3219,2.452,PBEsol
Na2Mg1Sn1S4,stannite,-0.9377,-0.0511,1.805,PBEsol
Na2Mg1Sn1Se4,kesterite,-0.8858,-0.2418,1.761,PBEsol
Na2Mg1Sn1Se4,stannite,-0.8481,0.06,1.082,PBEsol
Na2Mg1Sn1Te4,kesterite,-0.5707,,1.288,PBEsol
Na2Mg1Sn1Te4,stannite,-0.5335,,0.67,PBEsol
Na2Sr1Ge1S4,kesterite,-1.0659,0.0595,2.557,PBEsol
Na2Sr1Ge1S4,stannite,-1.0712,0.017,2.617,PBEsol
Na2Sr1Ge1Se4,kesterite,-0.9603,0.5007,1.876,PBEsol
Na2Sr1Ge1Se4,stannite,-0.9647,0.4654,1.91,PBEsol
Na2Sr1Ge1Te4,kesterite,-0.5997,,1.321,PBEsol
Na2Sr1Ge1Te4,stannite,-0.6384,,1.458,PBEsol
Na2Sr1Sn1S4,kesterite,-1.0729,0.2791,2.448,PBEsol
Na2Sr1Sn1S4,stannite,-1.0775,0.2424,2.495,PBEsol
Na2Sr1Sn1Se4,kesterite,-0.9975,0.5796,1.856,PBEsol
Na2Sr1Sn1Se4,stannite,-1.0016,0.5464,1.855,PBEsol
Na2Sr1Sn1Te4,kesterite,-0.6875,,1.588,PBEsol
Na2Sr1Sn1Te4,stannite,-0.692,,1.473,PBEsol
Na2Zn1Ge1S4,kesterite,-0.8277,-0.7974,2.544,PBEsol
Na2Zn1Ge1S4,stannite,-0.7608,-0.2627,1.473,PBEsol
Na2Zn1Ge1Se2Te2,kesterite,-0.5808,,1.423,PBEsol
Na2Zn1Ge1Se2Te2,stannite,-0.4891,,0.136,PBEsol
Na2Zn1Ge1Se4,kesterite,-0.7274,-0.4608,1.665,PBEsol
Na2Zn1Ge1Se4,stannite,-0.6568,0.1042,0.605,PBEsol
Na2Zn1Ge1Te4,kesterite,-0.4299,,1.014,PBEsol
Na2Zn1Ge1Te4,stannite,-0.3576,,0.064,PBEsol
Na2Zn1Sn1S4,kesterite,-0.8217,-0.474,2.098,PBEsol
Na2Zn1Sn1S4,stannite,-0.7776,-0.1211,1.448,PBEsol
Na2Zn1Sn1Se4,kesterite,-0.7491,-0.2579,1.433,PBEsol
Na2Zn1Sn1Se4,stannite,-0.7012,0.126,0.705,PBEsol
Na2Zn1Sn1Te4,kesterite,-0.4682,,1.204,PBEsol
Na2Zn1Sn1Te4,stannite,-0.4183,,0.302,PBEsol
Rb0.5Ag0.5Al0.5Ga0.5S1Se1,kesterite,-0.7026,-0.0848,1.539,PBEsol
Rb0.5Ag0.5Al0.5Ga0.5S1Se1,stannite,-0.7042,-0.0912,0.725,PBEsol
Rb0.5Ag0.5Al0.5Ga0.5S1Te1,kesterite,-0.5341,0.0487,1.429,PBEsol
Rb0.5Ag0.5Al0.5Ga0.5S1Te1,stannite,-0.4978,0.1938,0.168,PBEsol
Rb0.5Ag0.5Al0.5Ga0.5Se2,kesterite,-0.6518,0.0029,1.159,PBEsol
Rb0.5Ag0.5Al0.5Ga0.5Se2,stannite,-0.6555,-0.0121,0.421,PBEsol
Rb0.5Ag0.5Al0.5Ga0.5Te2,kesterite,-0.3256,0.2267,0.83,PBEsol
Rb0.5Ag0.5Al0.5Ga0.5Te2,stannite,-0.3798,0.0098,0.224,PBEsol
Rb0.5Ag0.5Al0.5In0.5S1Se1,kesterite,-0.6804,-0.1051,1.445,PBEsol
Rb0.5Ag0.5Al0.5In0.5S1Se1,stannite,-0.6884,-0.1374,0.631,PBEsol
Rb0.5Ag0.5Al0.5In0.5Te2,kesterite,-0.3101,0.266,0.848,PBEsol
Rb0.5Ag0.5Al0.5In0.5Te2,stannite,-0.3309,0.1825,0.322,PBEsol
Rb0.5Ag0.5Al1S1Te1,kesterite,-0.6336,-0.0194,1.611,PBEsol
Rb0.5Ag0.5Al1S1Te1,stannite,-0.5146,0.4565,0.562,PBEsol
Rb0.5Ag0.5Al1S2,kesterite,-0.8862,-0.1447,2.141,PBEsol
Rb0.5Ag0.5Al1Te2,kesterite,-0.3646,0.2425,1.226,PBEsol
Rb0.5Ag0.5Ga0.5In0.5S2,kesterite,-0.5825,-0.0192,1.107,PBEsol
Rb0.5Ag0.5Ga0.5In0.5S2,stannite,-0.6274,-0.1987,0.591,PBEsol
Rb0.5Ag0.5Ga0.5In0.5Te2,kesterite,-0.2777,0.2414,0.442,PBEsol
Rb0.5Ag0.5Ga0.5In0.5Te2,stannite,-0.309,0.1163,0.053,PBEsol
Rb0.5Ag0.5Ga1S2,kesterite,-0.6479,-0.1309,1.579,PBEsol
Rb0.5Ag0.5Ga1Se1Te1,kesterite,-0.4638,-0.0389,0.841,PBEsol
Rb0.5Ag0.5Ga1Se1Te1,stannite,-0.4602,-0.0245,0.23,PBEsol
Rb0.5Ag0.5Ga1Te2,stannite,-0.2919,0.225,0.158,PBEsol
Rb0.5Ag1.5Sr0.5Cd0.5Ge1S1Se3,kesterite,-0.5196,0.2802,0.823,PBEsol
Rb0.5Ag1.5Sr0.5Cd0.5Ge1S1Se3,stannite,-0.5225,0.2572,0.402,PBEsol
Rb0.5Ag1.5Zn1Sn1S1Se3,kesterite,-0.4194,0.1785,0.588,PBEsol
Rb0.5Ag1.5Zn1Sn1S1Se3,stannite,-0.3861,0.4447,0.681,PBEsol
Rb0.5Cs0.5Ag1Ca0.5Zn0.5Sn0.5Ge0.5S2Se2,stannite,-0.6514,0.2958,0.598,PBEsol
Rb0.5Cs0.5Ag1Ca0.5Zn0.5Sn0.5Ge0.5Se1Te3,stannite,-0.4468,,0.206,PBEsol
Rb0.5Cs0.5Al0.5In0.5S2,kesterite,-1.0542,-0.6803,2.668,PBEsol
Rb0.5Cs0.5Al0.5In0.5Se1Te1,kesterite,-0.7597,-0.3094,1.66,PBEsol
Rb0.5Cs0.5Al0.5In0.5Se1Te1,stannite,-0.689,-0.0264,0.054,PBEsol
Rb0.5Cs0.5Cu0.5Ag0.5Ba1Sn1S3Se1,kesterite,-0.7895,0.7309,0.424,PBEsol
Rb0.5Cs0.5Cu0.5Ag0.5Ba1Sn1S3Se1,stannite,-0.9235,-0.3405,1.016,PBEsol
Rb0.5Cs0.5Cu0.5Ag0.5Ca1Ge1S2Se2,stannite,-0.8787,-0.2433,1.24,PBEsol
Rb0.5Cs0.5Cu0.5Ag0.5Mg0.5Cd0.5Ge1S2Se1Te1,kesterite,-0.4454,,0.831,PBEsol
Rb0.5Cs0.5Cu0.5Ag0.5Mg0.5Cd0.5Ge1S2Se1Te1,stannite,-0.5002,,0.0,PBEsol
Rb0.5Cs0.5Ga0.5In0.5S2,kesterite,-0.9342,-0.6698,2.52,PBEsol
Rb0.5Cs0.5Ga0.5In0.5S2,stannite,-0.7656,0.0045,1.267,PBEsol
Rb0.5Cs0.5In1S1Se1,kesterite,-0.8098,-0.3463,1.724,PBEsol
Rb0.5Cs0.5In1S1Se1,stannite,-0.6662,0.228,0.835,PBEsol
Rb0.5Cs0.5In1Se2,kesterite,-0.7553,-0.1173,1.696,PBEsol
Rb0.5Cs0.5In1Se2,stannite,-0.5816,0.5777,0.317,PBEsol
Rb0.5Cs1Ag0.5Zn1Ge1S1Se3,kesterite,-0.575,0.0989,0.383,PBEsol
Rb0.5Cs1Ag0.5Zn1Ge1S1Se3,stannite,-0.4439,1.1474,0.169,PBEsol
Rb0.5Cu0.5Ag1Ba0.5Cd0.5Sn0.5Ge0.5Se1Te3,kesterite,-0.3603,,0.567,PBEsol
Rb0.5Cu0.5Ag1Ba0.5Cd0.5Sn0.5Ge0.5Se1Te3,stannite,-0.3589,,0.237,PBEsol
Rb0.5Cu0.5Ag1Ca0.5Cd0.5Sn0.5Ge0.5Se1Te3,kesterite,-0.3656,,0.626,PBEsol
Rb0.5Cu0.5Ag1Ca0.5Cd0.5Sn0.5Ge0.5Se1Te3,stannite,-0.3542,,0.152,PBEsol
Rb0.5Cu0.5Ag1Ca1Sn1S2Te2,stannite,-0.6573,,0.675,PBEsol
Rb0.5Cu0.5Ag1Mg0.5Sr0.5Ge1Se3Te1,stannite,-0.5241,,0.248,PBEsol
Rb0.5Cu0.5Al0.5Ga0.5S1Se1,kesterite,-0.6772,0.0522,1.503,PBEsol
Rb0.5Cu0.5Al0.5Ga0.5S1Se1,stannite,-0.7545,-0.257,0.479,PBEsol
Rb0.5Cu0.5Al0.5Ga0.5S1Te1,kesterite,-0.4642,0.304,1.001,PBEsol
Rb0.5Cu0.5Al0.5Ga0.5S1Te1,stannite,-0.5298,0.0417,0.22,PBEsol
Rb0.5Cu0.5Al0.5Ga0.5S2,stannite,-0.832,-0.3263,0.661,PBEsol
Rb0.5Cu0.5Al0.5Ga0.5Se1Te1,kesterite,-0.4845,0.018,0.591,PBEsol
Rb0.5Cu0.5Al0.5Ga0.5Se1Te1,stannite,-0.5363,-0.1894,0.211,PBEsol
Rb0.5Cu0.5Al0.5Ga0.5Se2,kesterite,-0.5797,0.273,0.652,PBEsol
Rb0.5Cu0.5Al0.5Ga0.5Se2,stannite,-0.6906,-0.1706,0.298,PBEsol
Rb0.5Cu0.5Al0.5Ga0.5Te2,kesterite,-0.2616,0.3448,0.526,PBEsol
Rb0.5Cu0.5Al0.5Ga0.5Te2,stannite,-0.3672,-0.0774,0.3,PBEsol
Rb0.5Cu0.5Al0.5In0.5S1Te1,kesterite,-0.4849,0.144,0.968,PBEsol
Rb0.5Cu0.5Al0.5In0.5S1Te1,stannite,-0.5236,-0.0108,0.392,PBEsol
Rb0.5Cu0.5Al0.5In0.5S2,kesterite,-0.6788,0.1547,0.853,PBEsol
Rb0.5Cu0.5Al0.5In0.5S2,stannite,-0.8031,-0.3427,0.518,PBEsol
Rb0.5Cu0.5Al1S1Se1,kesterite,-0.788,0.02,1.945,PBEsol
Rb0.5Cu0.5Al1S1Se1,stannite,-0.8612,-0.2726,0.786,PBEsol
Rb0.5Cu0.5Al1S1Te1,kesterite,-0.5708,0.2071,1.435,PBEsol
Rb0.5Cu0.5Al1S1Te1,stannite,-0.6085,0.0565,0.179,PBEsol
Rb0.5Cu0.5Al1Se1Te1,kesterite,-0.5292,0.0924,1.033,PBEsol
Rb0.5Cu0.5Al1Se1Te1,stannite,-0.5984,-0.1843,0.458,PBEsol
Rb0.5Cu0.5Ga0.5In0.5S1Te1,kesterite,-0.3923,0.2025,0.639,PBEsol
Rb0.5Cu0.5Ga0.5In0.5S1Te1,stannite,-0.4398,0.0128,0.308,PBEsol
Rb0.5Cu0.5Ga0.5In0.5Se1Te1,kesterite,-0.4153,0.0044,0.372,PBEsol
Rb0.5Cu0.5Ga0.5In0.5Se2,kesterite,-0.4864,0.2424,0.274,PBEsol
Rb0.5Cu0.5Ga0.5In0.5Se2,stannite,-0.5951,-0.1926,0.059,PBEsol
Rb0.5Cu0.5Ga1Te2,kesterite,-0.3024,0.0457,1.048,PBEsol
Rb0.5Cu0.5Ga1Te2,stannite,-0.3069,0.0273,0.347,PBEsol
Rb0.5Cu0.5In1S1Te1,stannite,-0.4199,0.0326,0.469,PBEsol
Rb0.5Cu1.5Mg0.5Cd0.5Sn1S2Se2,kesterite,-0.4708,0.3593,0.309,PBEsol
Rb0.5Cu1.5Mg0.5Cd0.5Sn1S2Se2,stannite,-0.4635,0.4177,0.045,PBEsol
Rb0.5Cu1.5Sr0.5Cd0.5Ge1S3Te1,stannite,-0.4584,,0.086,PBEsol
Rb0.5Cu1Ag0.5Ba1Ge1Se1Te3,kesterite,-0.5161,,0.278,PBEsol
Rb0.5Cu1Ag0.5Ca0.5Ba0.5Sn0.5Ge0.5S3Se1,kesterite,-0.7145,0.5363,0.466,PBEsol
Rb0.5Cu1Ag0.5Ca0.5Ba0.5Sn0.5Ge0.5S3Se1,stannite,-0.7735,0.064,0.905,PBEsol
Rb0.5Cu1Ag0.5Mg0.5Ba0.5Sn1S4,kesterite,-0.6424,0.7019,1.061,PBEsol
Rb0.5Cu1Ag0.5Mg0.5Ba0.5Sn1S4,stannite,-0.6739,0.4493,0.593,PBEsol
Rb0.5Cu1Ag0.5Sr0.5Zn0.5Ge1S2Se1Te1,kesterite,-0.4449,,0.44,PBEsol
Rb0.5Cu1Ag0.5Sr0.5Zn0.5Ge1S2Se1Te1,stannite,-0.4863,,0.3,PBEsol
Rb1.5Ag0.5Ca0.5Sr0.5Sn1Se3Te1,kesterite,-0.9138,,1.356,PBEsol
Rb1.5Ag0.5Ca0.5Sr0.5Sn1Se3Te1,stannite,-0.7222,,0.559,PBEsol
Rb1.5Ag0.5Ca1Sn0.5Ge0.5S2Te2,stannite,-0.7613,,0.674,PBEsol
Rb1.5Ag0.5Ca1Sn1Se2Te2,kesterite,-0.767,,1.53,PBEsol
Rb1.5Ag0.5Ca1Sn1Se2Te2,stannite,-0.6856,,0.767,PBEsol
Rb1.5Ag0.5Mg0.5Ba0.5Sn1S1Se3,kesterite,-0.8992,-0.2913,1.486,PBEsol
Rb1.5Ag0.5Mg0.5Ba0.5Sn1S1Se3,stannite,-0.7594,0.8275,0.64,PBEsol
Rb1.5Ag0.5Mg1Sn0.5Ge0.5S1Se1Te2,kesterite,-0.6618,,1.222,PBEsol
Rb1.5Ag0.5Mg1Sn0.5Ge0.5S1Se1Te2,stannite,-0.5422,,0.338,PBEsol
Rb1.5Cs0.5Ca0.5Zn0.5Ge1S2Te2,kesterite,-0.7417,,1.741,PBEsol
Rb1.5Cu0.5Cd1Sn1S2Se1Te1,stannite,-0.4769,,0.048,PBEsol
Rb1Ag1Mg0.5Sr0.5Ge1Se2Te2,kesterite,-0.5782,,0.83,PBEsol
Rb1Ag1Mg0.5Sr0.5Ge1Se2Te2,stannite,-0.5481,,0.368,PBEsol
Rb1Ag1Sr0.5Cd0.5Ge1S1Se1Te2,kesterite,-0.4944,,0.703,PBEsol
Rb1Ag1Sr0.5Cd0.5Ge1S1Se1Te2,stannite,-0.5414,,0.528,PBEsol
Rb1Ag1Zn0.5Cd0.5Sn0.5Ge0.5S3Se1,kesterite,-0.4992,0.0087,1.237,PBEsol
Rb1Ag1Zn0.5Cd0.5Sn0.5Ge0.5S3Se1,stannite,-0.5025,-0.0177,0.43,PBEsol
Rb1Al0.5In0.5S1Te1,kesterite,-0.7957,-0.3454,2.034,PBEsol
Rb1Al1S1Se1,kesterite,-1.1608,-0.7597,3.185,PBEsol
Rb1Al1S2,kesterite,-1.2483,-0.8454,3.696,PBEsol
Rb1Al1S2,stannite,-1.0851,-0.1925,1.663,PBEsol
Rb1Al1Se1Te1,kesterite,-0.8871,-0.5328,2.556,PBEsol
Rb1Al1Se1Te1,stannite,-0.6181,0.5432,0.512,PBEsol
Rb1Al1Se2,kesterite,-1.0983,-0.7028,2.683,PBEsol
Rb1Al1Se2,stannite,-0.9414,-0.0753,1.024,PBEsol
Rb1Al1Te2,kesterite,-0.7198,-0.4669,2.13,PBEsol
Rb1Al1Te2,stannite,-0.5779,0.1005,0.666,PBEsol
Rb1Cs0.5Ag0.5Ca0.5Ba0.5Ge1Se4,kesterite,-0.9869,-0.5426,1.554,PBEsol
Rb1Cs0.5Ag0.5Ca0.5Ba0.5Ge1Se4,stannite,-0.8529,0.5301,1.265,PBEsol
Rb1Cs1Ca0.5Sr0.5Ge1Te4,stannite,-0.6491,,0.693,PBEsol
Rb1Cs1Mg0.5Ba0.5Ge1Te4,stannite,-0.4253,,0.043,PBEsol
Rb1Cs1Sr0.5Zn0.5Sn0.5Ge0.5S1Se1Te2,stannite,-0.6528,,0.433,PBEsol
Rb1Cu0.5Ag0.5Cd1Sn0.5Ge0.5S3Te1,stannite,-0.4377,,0.0,PBEsol
Rb1Cu0.5Ag0.5Cd1Sn1S3Te1,stannite,-0.4501,,0.0,PBEsol
Rb1Cu0.5Ag0.5Mg0.5Cd0.5Sn0.5Ge0.5S4,stannite,-0.6364,-0.2478,0.562,PBEsol
Rb1Cu0.5Ag0.5Mg0.5Sr0.5Ge1S3Se1,stannite,-0.7909,-0.1953,1.071,PBEsol
Rb1Cu0.5Ag0.5Mg0.5Zn0.5Sn1S3Se1,stannite,-0.6325,-0.0159,0.325,PBEsol
Rb1Cu0.5Ag0.5Sr0.5Cd0.5Sn0.5Ge0.5S3Te1,kesterite,-0.557,,0.566,PBEsol
Rb1Cu0.5Ag0.5Sr0.5Cd0.5Sn0.5Ge0.5S3Te1,stannite,-0.5974,,0.156,PBEsol
Rb1Cu0.5Ag0.5Sr1Sn1S1Se3,kesterite,-0.805,0.6269,1.123,PBEsol
Rb1Cu1Ba1Sn1S1Se3,stannite,-0.8674,0.0274,0.638,PBEsol
Rb1Cu1Ca0.5Zn0.5Sn0.5Ge0.5S1Se1Te2,kesterite,-0.484,,0.444,PBEsol
Rb1Cu1Ca0.5Zn0.5Sn0.5Ge0.5S1Se1Te2,stannite,-0.5661,,0.237,PBEsol
Rb1Ga1S1Se1,kesterite,-0.9486,-0.6977,2.213,PBEsol
Rb1Ga1S1Se1,stannite,-0.7287,0.1818,0.584,PBEsol
Rb1Ga1S1Te1,kesterite,-0.7424,-0.3491,2.0,PBEsol
Rb1Ga1S1Te1,stannite,-0.6009,0.217,0.131,PBEsol
Rb1Ga1S2,kesterite,-0.9968,-0.7788,2.606,PBEsol
Rb1Ga1S2,stannite,-0.8325,-0.1219,1.122,PBEsol
Rb1Ga1Se2,kesterite,-0.9168,-0.6109,1.784,PBEsol
Rb1Ga1Se2,stannite,-0.7525,0.0461,0.457,PBEsol
Rb1Ga1Te2,kesterite,-0.6257,-0.3987,1.307,PBEsol
Rb1Ga1Te2,stannite,-0.4726,0.2136,0.073,PBEsol
Rb1In1S2,kesterite,-0.9031,-0.6674,1.952,PBEsol
Rb1In1S2,stannite,-0.7937,-0.2298,1.288,PBEsol
Rb1In1Se2,kesterite,-0.8662,-0.5823,1.325,PBEsol
Rb1In1Se2,stannite,-0.7545,-0.1356,0.723,PBEsol
Rb1In1Te2,kesterite,-0.6115,-0.3874,1.13,PBEsol
Rb1In1Te2,stannite,-0.5065,0.033,0.429,PBEsol
Rb2Ba1Ge1S4,kesterite,-1.1137,-0.6786,2.436,PBEsol
Rb2Ba1Ge1S4,stannite,-1.0509,-0.1766,1.917,PBEsol
Rb2Ba1Ge1Se4,kesterite,-1.0373,-0.2216,1.792,PBEsol
Rb2Ba1Ge1Se4,stannite,-0.9681,0.3318,1.434,PBEsol
Rb2Ba1Ge1Te4,kesterite,-0.742,,0.862,PBEsol
Rb2Ba1Ge1Te4,stannite,-0.6681,,1.004,PBEsol
Rb2Ba1Sn1S4,kesterite,-1.1126,-0.3939,2.353,PBEsol
Rb2Ba1Sn1S4,stannite,-1.073,-0.0771,1.991,PBEsol
Rb2Ba1Sn1Se4,kesterite,-1.0687,-0.0964,1.944,PBEsol
Rb2Ba1Sn1Se4,stannite,-1.0175,0.3134,1.518,PBEsol
Rb2Ba1Sn1Te4,kesterite,-0.7936,,1.13,PBEsol
Rb2Ba1Sn1Te4,stannite,-0.7209,,1.079,PBEsol
Rb2Ca1Ge1S4,kesterite,-1.1433,-0.7113,2.614,PBEsol
Rb2Ca1Ge1S4,stannite,-1.0357,0.149,1.76,PBEsol
Rb2Ca1Ge1Se4,kesterite,-1.053,-0.3288,1.864,PBEsol
Rb2Ca1Ge1Se4,stannite,-0.9417,0.561,1.15,PBEsol
Rb2Ca1Ge1Te4,kesterite,-0.7437,,0.899,PBEsol
Rb2Ca1Ge1Te4,stannite,-0.6301,,0.681,PBEsol
Rb2Ca1Sn1S4,kesterite,-1.1464,-0.46,2.734,PBEsol
Rb2Ca1Sn1S4,stannite,-1.0598,0.2321,1.819,PBEsol
Rb2Ca1Sn1Se4,kesterite,-1.0849,-0.2079,2.112,PBEsol
Rb2Ca1Sn1Se4,stannite,-0.9925,0.5318,1.239,PBEsol
Rb2Ca1Sn1Te4,kesterite,-0.7943,,1.141,PBEsol
Rb2Ca1Sn1Te4,stannite,-0.6948,,0.89,PBEsol
Rb2Cd1Ge1S4,kesterite,-0.8204,-1.2967,2.512,PBEsol
Rb2Cd1Ge1S4,stannite,-0.6275,0.2469,0.739,PBEsol
Rb2Cd1Ge1Se4,kesterite,-0.7795,-1.1104,1.554,PBEsol
Rb2Cd1Ge1Se4,stannite,-0.6378,0.0237,0.538,PBEsol
Rb2Cd1Ge1Te4,kesterite,-0.5232,,1.166,PBEsol
Rb2Cd1Ge1Te4,stannite,-0.3808,,0.11,PBEsol
Rb2Cd1Sn1S4,kesterite,-0.8361,-1.1465,1.926,PBEsol
Rb2Cd1Sn1S4,stannite,-0.7208,-0.2242,1.264,PBEsol
Rb2Cd1Sn1Se4,kesterite,-0.804,-0.9298,1.357,PBEsol
Rb2Cd1Sn1Se4,stannite,-0.6836,0.0334,0.674,PBEsol
Rb2Cd1Sn1Te4,kesterite,-0.5645,,1.12,PBEsol
Rb2Cd1Sn1Te4,stannite,-0.4424,,0.313,PBEsol
Rb2Mg1Ge1S4,kesterite,-1.0341,-1.261,3.053,PBEsol
Rb2Mg1Ge1S4,stannite,-0.8807,-0.0343,1.388,PBEsol
Rb2Mg1Ge1Se4,kesterite,-0.9408,-1.0711,2.196,PBEsol
Rb2Mg1Ge1Se4,stannite,-0.7859,0.1688,0.718,PBEsol
Rb2Mg1Ge1Te4,kesterite,-0.6359,,1.112,PBEsol
Rb2Mg1Ge1Te4,stannite,-0.4843,,0.248,PBEsol
Rb2Mg1Sn1S4,kesterite,-1.0348,-0.9912,2.593,PBEsol
Rb2Mg1Sn1S4,stannite,-0.9081,0.0224,1.457,PBEsol
Rb2Mg1Sn1Se4,kesterite,-0.9698,-0.926,1.91,PBEsol
Rb2Mg1Sn1Se4,stannite,-0.8389,0.1212,0.83,PBEsol
Rb2Mg1Sn1Te4,kesterite,-0.6811,,1.288,PBEsol
Rb2Mg1Sn1Te4,stannite,-0.5518,,0.434,PBEsol
Rb2Sr1Ge1S4,kesterite,-1.1328,-0.6387,2.567,PBEsol
Rb2Sr1Ge1S4,stannite,-1.0497,0.0257,1.851,PBEsol
Rb2Sr1Ge1Se4,kesterite,-1.0478,-0.2119,1.871,PBEsol
Rb2Sr1Ge1Se4,stannite,-0.9602,0.4888,1.274,PBEsol
Rb2Sr1Ge1Te4,kesterite,-0.7463,,0.887,PBEsol
Rb2Sr1Ge1Te4,stannite,-0.6535,,0.881,PBEsol
Rb2Sr1Sn1S4,kesterite,-1.1359,-0.3882,2.542,PBEsol
Rb2Sr1Sn1S4,stannite,-1.0719,0.1239,1.878,PBEsol
Rb2Sr1Sn1Se4,kesterite,-1.08,-0.093,1.994,PBEsol
Rb2Sr1Sn1Se4,stannite,-1.0105,0.4629,1.36,PBEsol
Rb2Sr1Sn1Te4,kesterite,-0.7972,,1.15,PBEsol
Rb2Sr1Sn1Te4,stannite,-0.7128,,0.998,PBEsol
Rb2Zn1Ge1S4,kesterite,-0.8808,-1.3852,2.49,PBEsol
Rb2Zn1Ge1S4,stannite,-0.7068,0.0068,1.021,PBEsol
Rb2Zn1Ge1Se4,kesterite,-0.8069,-1.1087,1.692,PBEsol
Rb2Zn1Ge1Se4,stannite,-0.6283,0.3198,0.339,PBEsol
Rb2Zn1Ge1Te4,kesterite,-0.5358,,1.078,PBEsol
Rb2Zn1Ge1Te4,stannite,-0.3616,,0.212,PBEsol
Rb2Zn1Sn1S4,kesterite,-0.8798,-1.1016,2.039,PBEsol
Rb2Zn1Sn1S4,stannite,-0.7348,0.0587,1.105,PBEsol
Rb2Zn1Sn1Se4,kesterite,-0.8311,-0.9262,1.437,PBEsol
Rb2Zn1Sn1Se4,stannite,-0.6809,0.2756,0.493,PBEsol
Rb2Zn1Sn1Te4,kesterite,-0.5749,,1.167,PBEsol
Rb2Zn1Sn1Te4,stannite,-0.4277,,0.094,PBEsol
