compound,defect,cdir,nelect,F,conv,lat_match
Ag1Al0.5Ga0.5S2_kesterite,V_Al,Charged+1,2228,-.13143998E+04,1,0
Ag1Al0.5Ga0.5S2_kesterite,V_Al,Charged+2,2227,-.13186871E+04,1,0
Ag1Al0.5Ga0.5S2_kesterite,V_Al,Charged-1,2230,-.13055886E+04,1,0
Ag1Al0.5Ga0.5S2_kesterite,V_Al,Charged-2,2231,-.13010013E+04,1,0
Ag1Al0.5Ga0.5S2_kesterite,V_Al,Neutral,2229.0000,-.13100440E+04,1,0
Ag1Al0.5Ga0.5S2_kesterite,V_S,Charged+1,2225,-.13164721E+04,1,0
Ag1Al0.5Ga0.5S2_kesterite,V_S,Charged+2,2224,-.13218494E+04,1,0
Ag1Al0.5Ga0.5S2_kesterite,V_S,Charged-1,2227,-.13072248E+04,1,0
Ag1Al0.5Ga0.5S2_kesterite,V_S,Charged-2,2228,-.13015295E+04,1,0
Ag1Al0.5Ga0.5S2_kesterite,V_S,Neutral,2226.0000,-.13129088E+04,1,0
Ag1Al0.5Ga0.5Se2_kesterite,Ag_Se,Charged+1,2236,-.12024214E+04,1,0
Ag1Al0.5Ga0.5Se2_kesterite,Ag_Se,Charged+2,2235,-.12059039E+04,1,0
Ag1Al0.5Ga0.5Se2_kesterite,Ag_Se,Charged-1,2238,-.11940804E+04,1,0
Ag1Al0.5Ga0.5Se2_kesterite,Ag_Se,Charged-2,2239,-.11897916E+04,1,0
Ag1Al0.5Ga0.5Se2_kesterite,Ag_Se,Neutral,2237.0000,-.11982817E+04,1,0
Ag1Al0.5Ga0.5Se2_kesterite,Se_Al,Charged+1,2228,-.11972545E+04,1,0
Ag1Al0.5Ga0.5Se2_kesterite,Se_Al,Charged+2,2227,-.12006415E+04,1,0
Ag1Al0.5Ga0.5Se2_kesterite,Se_Al,Charged-1,2230,-.11902979E+04,1,0
Ag1Al0.5Ga0.5Se2_kesterite,Se_Al,Charged-2,2231,-.11867220E+04,1,0
Ag1Al0.5Ga0.5Se2_kesterite,Se_Al,Neutral,2229.0000,-.11938124E+04,1,0
Ag1Al0.5Ga0.5Se2_kesterite,V_Al,Charged+1,2228,-.11972614E+04,1,0
Ag1Al0.5Ga0.5Se2_kesterite,V_Al,Charged+2,2227,-.12006396E+04,1,0
Ag1Al0.5Ga0.5Se2_kesterite,V_Al,Charged-1,2230,-.11903044E+04,1,0
Ag1Al0.5Ga0.5Se2_kesterite,V_Al,Charged-2,2231,-.11867155E+04,1,0
Ag1Al0.5Ga0.5Se2_kesterite,V_Al,Neutral,2229.0000,-.11938112E+04,1,0
Ag1Al0.5Ga0.5Se2_stannite,Ag_Ga,Charged+1,2218,-.11898453E+04,1,0
Ag1Al0.5Ga0.5Se2_stannite,Ag_Ga,Charged+2,2217,-.11935587E+04,1,0
Ag1Al0.5Ga0.5Se2_stannite,Ag_Ga,Charged-1,2220,-.11822888E+04,1,0
Ag1Al0.5Ga0.5Se2_stannite,Ag_Ga,Charged-2,2221,-.11783746E+04,1,0
Ag1Al0.5Ga0.5Se2_stannite,Ag_Ga,Neutral,2219.0000,-.11861318E+04,1,0
Ag1Al0.5Ga0.5Se2_stannite,Ga_Ag,Charged+1,2233,-.11958737E+04,1,0
Ag1Al0.5Ga0.5Se2_stannite,Ga_Ag,Charged+2,2232,-.11997234E+04,1,0
Ag1Al0.5Ga0.5Se2_stannite,Ga_Ag,Charged-1,2235,-.11874452E+04,1,0
Ag1Al0.5Ga0.5Se2_stannite,Ga_Ag,Charged-2,2236,-.11830619E+04,1,0
Ag1Al0.5Ga0.5Se2_stannite,Ga_Ag,Neutral,2234.0000,-.11919611E+04,1,0
Ag1Al0.5Ga0.5Se2_stannite,Ga_i,Charged+1,2244,-.11979517E+04,1,0
Ag1Al0.5Ga0.5Se2_stannite,Ga_i,Charged+2,2243,-.12017600E+04,1,0
Ag1Al0.5Ga0.5Se2_stannite,Ga_i,Charged-1,2246,-.11898782E+04,1,0
Ag1Al0.5Ga0.5Se2_stannite,Ga_i,Charged-2,2247,-.11852374E+04,1,0
Ag1Al0.5Ga0.5Se2_stannite,Ga_i,Neutral,2245.0000,-.11939416E+04,1,0
Ag1Al0.5Ga0.5Se2_stannite,V_Ag,Charged+1,2220,-.11920888E+04,1,0
Ag1Al0.5Ga0.5Se2_stannite,V_Ag,Charged+2,2219,-.11957552E+04,1,0
Ag1Al0.5Ga0.5Se2_stannite,V_Ag,Charged-1,2222,-.11846908E+04,1,0
Ag1Al0.5Ga0.5Se2_stannite,V_Ag,Charged-2,2223,-.11807880E+04,1,0
Ag1Al0.5Ga0.5Se2_stannite,V_Ag,Neutral,2221.0000,-.11884165E+04,1,0
Ag1Al0.5Ga0.5Te2_stannite,Ag_Ga,Charged+1,2218,-.10793985E+04,1,0
Ag1Al0.5Ga0.5Te2_stannite,Ag_Ga,Charged+2,2217,-.10841342E+04,1,0
Ag1Al0.5Ga0.5Te2_stannite,Ag_Ga,Charged-1,2220,-.10697109E+04,1,0
Ag1Al0.5Ga0.5Te2_stannite,Ag_Ga,Charged-2,2221,-.10648248E+04,1,0
Ag1Al0.5Ga0.5Te2_stannite,Ag_Ga,Neutral,2219.0000,-.10745699E+04,1,0
Ag1Al0.5Ga0.5Te2_stannite,Al_Ga,Charged+1,2221,-.10853040E+04,1,0
Ag1Al0.5Ga0.5Te2_stannite,Al_Ga,Charged+2,2220,-.10901311E+04,1,0
Ag1Al0.5Ga0.5Te2_stannite,Al_Ga,Charged-1,2223,-.10755284E+04,1,0
Ag1Al0.5Ga0.5Te2_stannite,Al_Ga,Charged-2,2224,-.10705601E+04,1,0
Ag1Al0.5Ga0.5Te2_stannite,Al_Ga,Neutral,2222.0000,-.10804270E+04,1,0
Ag1Al0.5Ga0.5Te2_stannite,Ga_Al,Charged+1,2228,-.10784363E+04,1,0
Ag1Al0.5Ga0.5Te2_stannite,Ga_Al,Charged+2,2227,-.10831565E+04,1,0
Ag1Al0.5Ga0.5Te2_stannite,Ga_Al,Charged-1,2230,-.10687469E+04,1,0
Ag1Al0.5Ga0.5Te2_stannite,Ga_Al,Charged-2,2231,-.10638682E+04,1,0
Ag1Al0.5Ga0.5Te2_stannite,Ga_Al,Neutral,2229.0000,-.10735970E+04,1,0
Ag1Al0.5Ga0.5Te2_stannite,V_Te,Charged+1,2225,-.10783859E+04,1,0
Ag1Al0.5Ga0.5Te2_stannite,V_Te,Charged+2,2224,-.10831459E+04,1,0
Ag1Al0.5Ga0.5Te2_stannite,V_Te,Charged-1,2227,-.10686994E+04,1,0
Ag1Al0.5Ga0.5Te2_stannite,V_Te,Charged-2,2228,-.10647318E+04,1,0
Ag1Al0.5Ga0.5Te2_stannite,V_Te,Neutral,2226.0000,-.10735791E+04,1,0
Ag1Al0.5In0.5S1Se1_kesterite,Ag_Al,Charged+1,2228,-.12272981E+04,1,0
Ag1Al0.5In0.5S1Se1_kesterite,Ag_Al,Charged+2,2227,-.12312684E+04,1,0
Ag1Al0.5In0.5S1Se1_kesterite,Ag_Al,Charged-1,2230,-.12192011E+04,1,0
Ag1Al0.5In0.5S1Se1_kesterite,Ag_Al,Charged-2,2231,-.12149915E+04,1,0
Ag1Al0.5In0.5S1Se1_kesterite,Ag_Al,Neutral,2229.0000,-.12232910E+04,1,0
Ag1Al0.5In0.5S1Se1_kesterite,Al_In,Charged+1,2221,-.12383664E+04,1,0
Ag1Al0.5In0.5S1Se1_kesterite,Al_In,Charged+2,2220,-.12423226E+04,1,0
Ag1Al0.5In0.5S1Se1_kesterite,Al_In,Charged-1,2223,-.12297160E+04,1,0
Ag1Al0.5In0.5S1Se1_kesterite,Al_In,Charged-2,2224,-.12250254E+04,1,0
Ag1Al0.5In0.5S1Se1_kesterite,Al_In,Neutral,2222.0000,-.12343516E+04,1,0
Ag1Al0.5In0.5S1Se1_kesterite,In_Al,Charged+1,2228,-.12273042E+04,1,0
Ag1Al0.5In0.5S1Se1_kesterite,In_Al,Charged+2,2227,-.12312566E+04,1,0
Ag1Al0.5In0.5S1Se1_kesterite,In_Al,Charged-1,2230,-.12192018E+04,1,0
Ag1Al0.5In0.5S1Se1_kesterite,In_Al,Charged-2,2231,-.12149989E+04,1,0
Ag1Al0.5In0.5S1Se1_kesterite,In_Al,Neutral,2229.0000,-.12232738E+04,1,0
Ag1Al0.5In0.5S1Se1_kesterite,In_S,Charged+1,2238,-.12323550E+04,1,0
Ag1Al0.5In0.5S1Se1_kesterite,In_S,Charged+2,2237,-.12365089E+04,1,0
Ag1Al0.5In0.5S1Se1_kesterite,In_S,Charged-1,2240,-.12229122E+04,1,0
Ag1Al0.5In0.5S1Se1_kesterite,In_S,Charged-2,2241,-.12179494E+04,1,0
Ag1Al0.5In0.5S1Se1_kesterite,In_S,Neutral,2239.0000,-.12276608E+04,1,0
Ag1Al0.5In0.5S1Se1_kesterite,S_Ag,Charged+1,2226,-.12352825E+04,1,0
Ag1Al0.5In0.5S1Se1_kesterite,S_Ag,Charged+2,2225,-.12392432E+04,1,0
Ag1Al0.5In0.5S1Se1_kesterite,S_Ag,Charged-1,2228,-.12248907E+04,1,0
Ag1Al0.5In0.5S1Se1_kesterite,S_Ag,Charged-2,2229,-.12201723E+04,1,0
Ag1Al0.5In0.5S1Se1_kesterite,S_Ag,Neutral,2227.0000,-.12295507E+04,1,0
Ag1Al0.5In0.5S1Se1_kesterite,Se_S,Charged+1,2231,-.12351589E+04,1,0
Ag1Al0.5In0.5S1Se1_kesterite,Se_S,Charged+2,2230,-.12391682E+04,1,0
Ag1Al0.5In0.5S1Se1_kesterite,Se_S,Charged-1,2233,-.12264922E+04,1,0
Ag1Al0.5In0.5S1Se1_kesterite,Se_S,Charged-2,2234,-.12217841E+04,1,0
Ag1Al0.5In0.5S1Se1_kesterite,Se_S,Neutral,2232.0000,-.12311180E+04,1,0
Ag1Al0.5In0.5S1Se1_kesterite,V_Al,Charged+1,2228,-.12273039E+04,1,0
Ag1Al0.5In0.5S1Se1_kesterite,V_Al,Charged+2,2227,-.12312699E+04,1,0
Ag1Al0.5In0.5S1Se1_kesterite,V_Al,Charged-1,2230,-.12191908E+04,1,0
Ag1Al0.5In0.5S1Se1_kesterite,V_Al,Charged-2,2231,-.12150063E+04,1,0
Ag1Al0.5In0.5S1Se1_kesterite,V_Al,Neutral,2229.0000,-.12232793E+04,1,0
Ag1Al0.5In0.5S1Se1_stannite,Al_S,Charged+1,2228,-.12317327E+04,1,0
Ag1Al0.5In0.5S1Se1_stannite,Al_S,Charged+2,2227,-.12360445E+04,1,0
Ag1Al0.5In0.5S1Se1_stannite,Al_S,Charged-1,2230,-.12225418E+04,1,0
Ag1Al0.5In0.5S1Se1_stannite,Al_S,Charged-2,2231,-.12177409E+04,1,0
Ag1Al0.5In0.5S1Se1_stannite,Al_S,Neutral,2229.0000,-.12271703E+04,1,0
Ag1Al0.5In0.5S1Se1_stannite,S_i,Charged+1,2237,-.12374710E+04,1,0
Ag1Al0.5In0.5S1Se1_stannite,S_i,Charged+2,2236,-.12417581E+04,1,0
Ag1Al0.5In0.5S1Se1_stannite,S_i,Charged-1,2239,-.12285507E+04,1,0
Ag1Al0.5In0.5S1Se1_stannite,S_i,Charged-2,2240,-.12239223E+04,1,0
Ag1Al0.5In0.5S1Se1_stannite,S_i,Neutral,2238.0000,-.12331294E+04,1,0
Ag1Al0.5In0.5S1Se1_stannite,Se_S,Charged+1,2231,-.12338120E+04,1,0
Ag1Al0.5In0.5S1Se1_stannite,Se_S,Charged+2,2230,-.12380632E+04,1,0
Ag1Al0.5In0.5S1Se1_stannite,Se_S,Charged-1,2233,-.12249772E+04,1,0
Ag1Al0.5In0.5S1Se1_stannite,Se_S,Charged-2,2234,-.12203830E+04,1,0
Ag1Al0.5In0.5S1Se1_stannite,Se_S,Neutral,2232.0000,-.12295228E+04,1,0
Ag1Al0.5In0.5S2_kesterite,In_Al,Charged+1,2228,-.12870226E+04,1,0
Ag1Al0.5In0.5S2_kesterite,In_Al,Charged+2,2227,-.12914711E+04,1,0
Ag1Al0.5In0.5S2_kesterite,In_Al,Charged-1,2230,-.12778939E+04,1,0
Ag1Al0.5In0.5S2_kesterite,In_Al,Charged-2,2231,-.12731484E+04,1,0
Ag1Al0.5In0.5S2_kesterite,In_Al,Neutral,2229.0000,-.12825091E+04,1,0
Ag1Al0.5In0.5S2_kesterite,V_Al,Charged+1,2228,-.12870278E+04,1,0
Ag1Al0.5In0.5S2_kesterite,V_Al,Charged+2,2227,-.12914760E+04,1,0
Ag1Al0.5In0.5S2_kesterite,V_Al,Charged-1,2230,-.12779008E+04,1,0
Ag1Al0.5In0.5S2_kesterite,V_Al,Charged-2,2231,-.12731498E+04,1,0
Ag1Al0.5In0.5S2_kesterite,V_Al,Neutral,2229.0000,-.12825111E+04,1,0
Ag1Al0.5In0.5Se2_kesterite,Al_Se,Charged+1,2228,-.11831620E+04,1,0
Ag1Al0.5In0.5Se2_kesterite,Al_Se,Charged+2,2227,-.11868217E+04,1,0
Ag1Al0.5In0.5Se2_kesterite,Al_Se,Charged-1,2230,-.11750580E+04,1,0
Ag1Al0.5In0.5Se2_kesterite,Al_Se,Charged-2,2231,-.11708531E+04,1,0
Ag1Al0.5In0.5Se2_kesterite,Al_Se,Neutral,2229.0000,-.11791397E+04,1,0
Ag1Al0.5In0.5Se2_kesterite,In_Al,Charged+1,2228,-.11774838E+04,1,0
Ag1Al0.5In0.5Se2_kesterite,In_Al,Charged+2,2227,-.11810117E+04,1,0
Ag1Al0.5In0.5Se2_kesterite,In_Al,Charged-1,2230,-.11702516E+04,1,0
Ag1Al0.5In0.5Se2_kesterite,In_Al,Charged-2,2231,-.11665254E+04,1,0
Ag1Al0.5In0.5Se2_kesterite,In_Al,Neutral,2229.0000,-.11738867E+04,1,0
Ag1Al0.5In0.5Se2_kesterite,V_Ag,Charged+1,2220,-.11815968E+04,1,0
Ag1Al0.5In0.5Se2_kesterite,V_Ag,Charged+2,2219,-.11850655E+04,1,0
Ag1Al0.5In0.5Se2_kesterite,V_Ag,Charged-1,2222,-.11744987E+04,1,0
Ag1Al0.5In0.5Se2_kesterite,V_Ag,Charged-2,2223,-.11705019E+04,1,0
Ag1Al0.5In0.5Se2_kesterite,V_Ag,Neutral,2221.0000,-.11780470E+04,1,0
Ag1Al0.5In0.5Se2_kesterite,V_Al,Charged+1,2228,-.11774839E+04,1,0
Ag1Al0.5In0.5Se2_kesterite,V_Al,Charged+2,2227,-.11810141E+04,1,0
Ag1Al0.5In0.5Se2_kesterite,V_Al,Charged-1,2230,-.11702505E+04,1,0
Ag1Al0.5In0.5Se2_kesterite,V_Al,Charged-2,2231,-.11665261E+04,1,0
Ag1Al0.5In0.5Se2_kesterite,V_Al,Neutral,2229.0000,-.11738980E+04,1,0
Ag1Al0.5In0.5Se2_kesterite,V_Se,Charged+1,2225,-.11793172E+04,1,0
Ag1Al0.5In0.5Se2_kesterite,V_Se,Charged+2,2224,-.11832207E+04,1,0
Ag1Al0.5In0.5Se2_kesterite,V_Se,Charged-1,2227,-.11722404E+04,1,0
Ag1Al0.5In0.5Se2_kesterite,V_Se,Charged-2,2228,-.11681797E+04,1,0
Ag1Al0.5In0.5Se2_kesterite,V_Se,Neutral,2226.0000,-.11762734E+04,1,0
Ag1Al0.5In0.5Se2_stannite,Ag_i,Charged+1,2242,-.11833727E+04,1,0
Ag1Al0.5In0.5Se2_stannite,Ag_i,Charged+2,2241,-.11872323E+04,1,0
Ag1Al0.5In0.5Se2_stannite,Ag_i,Charged-1,2244,-.11755744E+04,1,0
Ag1Al0.5In0.5Se2_stannite,Ag_i,Charged-2,2245,-.11706714E+04,1,0
Ag1Al0.5In0.5Se2_stannite,Ag_i,Neutral,2243.0000,-.11795171E+04,1,0
Ag1Al0.5In0.5Se2_stannite,Al_i,Charged+1,2234,-.11841247E+04,1,0
Ag1Al0.5In0.5Se2_stannite,Al_i,Charged+2,2233,-.11880084E+04,1,0
Ag1Al0.5In0.5Se2_stannite,Al_i,Charged-1,2236,-.11732630E+04,1,0
Ag1Al0.5In0.5Se2_stannite,Al_i,Charged-2,2237,-.11715266E+04,1,0
Ag1Al0.5In0.5Se2_stannite,Al_i,Neutral,2235.0000,-.11802196E+04,1,0
Ag1Al0.5In0.5Se2_stannite,V_Se,Charged+1,2225,-.11754527E+04,1,0
Ag1Al0.5In0.5Se2_stannite,V_Se,Charged+2,2224,-.11792153E+04,1,0
Ag1Al0.5In0.5Se2_stannite,V_Se,Charged-1,2227,-.11677519E+04,1,0
Ag1Al0.5In0.5Se2_stannite,V_Se,Charged-2,2228,-.11637762E+04,1,0
Ag1Al0.5In0.5Se2_stannite,V_Se,Neutral,2226.0000,-.11716816E+04,1,0
Ag1Al0.5In0.5Te2_stannite,V_Al,Charged+1,2228,-.10684130E+04,1,0
Ag1Al0.5In0.5Te2_stannite,V_Al,Charged+2,2227,-.10731417E+04,1,0
Ag1Al0.5In0.5Te2_stannite,V_Al,Charged-1,2230,-.10587188E+04,1,0
Ag1Al0.5In0.5Te2_stannite,V_Al,Charged-2,2231,-.10538029E+04,1,0
Ag1Al0.5In0.5Te2_stannite,V_Al,Neutral,2229.0000,-.10635863E+04,1,0
Ag1Al1S1Se1_kesterite,Ag_S,Charged+1,1876,-.13149958E+04,1,0
Ag1Al1S1Se1_kesterite,Ag_S,Charged+2,1875,-.13189534E+04,1,0
Ag1Al1S1Se1_kesterite,Ag_S,Charged-1,1878,-.13041903E+04,1,0
Ag1Al1S1Se1_kesterite,Ag_S,Charged-2,1879,-.12987261E+04,1,0
Ag1Al1S1Se1_kesterite,Ag_S,Neutral,1877.0000,-.13096151E+04,1,0
Ag1Al1S1Se1_kesterite,Se_Ag,Charged+1,1866,-.13173438E+04,1,0
Ag1Al1S1Se1_kesterite,Se_Ag,Charged+2,1865,-.13217967E+04,1,0
Ag1Al1S1Se1_kesterite,Se_Ag,Charged-1,1868,-.13091932E+04,1,0
Ag1Al1S1Se1_kesterite,Se_Ag,Charged-2,1869,-.13038142E+04,1,0
Ag1Al1S1Se1_kesterite,Se_Ag,Neutral,1867.0000,-.13119598E+04,1,0
Ag1Al1S1Se1_kesterite,Se_S,Charged+1,1871,-.13176735E+04,1,0
Ag1Al1S1Se1_kesterite,Se_S,Charged+2,1870,-.13215575E+04,1,0
Ag1Al1S1Se1_kesterite,Se_S,Charged-1,1873,-.13083559E+04,1,0
Ag1Al1S1Se1_kesterite,Se_S,Charged-2,1874,-.13029228E+04,1,0
Ag1Al1S1Se1_kesterite,Se_S,Neutral,1872.0000,-.13137371E+04,1,0
Ag1Al1S1Se1_kesterite,V_Se,Charged+1,1865,-.13115676E+04,1,0
Ag1Al1S1Se1_kesterite,V_Se,Charged+2,1864,-.13168501E+04,1,0
Ag1Al1S1Se1_kesterite,V_Se,Charged-1,1867,-.13034177E+04,1,0
Ag1Al1S1Se1_kesterite,V_Se,Charged-2,1868,-.12980437E+04,1,0
Ag1Al1S1Se1_kesterite,V_Se,Neutral,1866.0000,-.13087511E+04,1,0
Ag1Al1S2_kesterite,Al_S,Charged+1,1868,-.13812087E+04,1,0
Ag1Al1S2_kesterite,Al_S,Charged+2,1867,-.13860303E+04,1,0
Ag1Al1S2_kesterite,Al_S,Charged-1,1870,-.13694488E+04,1,0
Ag1Al1S2_kesterite,Al_S,Charged-2,1871,-.13635311E+04,1,0
Ag1Al1S2_kesterite,Al_S,Neutral,1869.0000,-.13755751E+04,1,0
Ag1Al1S2_kesterite,V_S,Charged+1,1865,-.13771026E+04,1,0
Ag1Al1S2_kesterite,V_S,Charged+2,1864,-.13829307E+04,1,0
Ag1Al1S2_kesterite,V_S,Charged-1,1867,-.13673662E+04,1,0
Ag1Al1S2_kesterite,V_S,Charged-2,1868,-.13611866E+04,1,0
Ag1Al1S2_kesterite,V_S,Neutral,1866.0000,-.13736526E+04,1,0
Ag1Al1S2_stannite,Al_S,Charged+1,1868,-.13718300E+04,1,0
Ag1Al1S2_stannite,Al_S,Charged+2,1867,-.13767048E+04,1,0
Ag1Al1S2_stannite,Al_S,Charged-1,1870,-.13609193E+04,1,0
Ag1Al1S2_stannite,Al_S,Charged-2,1871,-.13546755E+04,1,0
Ag1Al1S2_stannite,Al_S,Neutral,1869.0000,-.13663951E+04,1,0
Ag1Al1S2_stannite,V_S,Charged+1,1865,-.13687558E+04,1,0
Ag1Al1S2_stannite,V_S,Charged+2,1864,-.13732616E+04,1,0
Ag1Al1S2_stannite,V_S,Charged-1,1867,-.13580233E+04,1,0
Ag1Al1S2_stannite,V_S,Charged-2,1868,-.13518359E+04,1,0
Ag1Al1S2_stannite,V_S,Neutral,1866.0000,-.13639999E+04,1,0
Ag1Al1Se1Te1_kesterite,HSE,.,1872.0000,-.13595528E+04,1,1
Ag1Al1Se1Te1_stannite,HSE,.,1872.0000,-.13460036E+04,1,1
Ag1Al1Se2_kesterite,Al_i,Charged+1,1874,-.12499283E+04,1,0
Ag1Al1Se2_kesterite,Al_i,Charged+2,1873,-.12527894E+04,1,0
Ag1Al1Se2_kesterite,Al_i,Charged-1,1876,-.12391752E+04,1,0
Ag1Al1Se2_kesterite,Al_i,Charged-2,1877,-.12402346E+04,1,0
Ag1Al1Se2_kesterite,Al_i,Neutral,1875.0000,-.12490811E+04,1,0
Ag1Al1Se2_kesterite,V_Se,Charged+1,1865,-.12482122E+04,1,0
Ag1Al1Se2_kesterite,V_Se,Charged+2,1864,-.12530360E+04,1,0
Ag1Al1Se2_kesterite,V_Se,Charged-1,1867,-.12412315E+04,1,0
Ag1Al1Se2_kesterite,V_Se,Charged-2,1868,-.12365473E+04,1,0
Ag1Al1Se2_kesterite,V_Se,Neutral,1866.0000,-.12458697E+04,1,0
Ag1Al1Se2_stannite,Ag_Se,Charged+1,1876,-.12427794E+04,1,0
Ag1Al1Se2_stannite,Ag_Se,Charged+2,1875,-.12466497E+04,1,0
Ag1Al1Se2_stannite,Ag_Se,Charged-1,1878,-.12336206E+04,1,0
Ag1Al1Se2_stannite,Ag_Se,Charged-2,1879,-.12290014E+04,1,0
Ag1Al1Se2_stannite,Ag_Se,Neutral,1877.0000,-.12381984E+04,1,0
Ag1Al1Se2_stannite,Al_Ag,Charged+1,1863,-.12470808E+04,1,0
Ag1Al1Se2_stannite,Al_Ag,Charged+2,1862,-.12515365E+04,1,0
Ag1Al1Se2_stannite,Al_Ag,Charged-1,1865,-.12372597E+04,1,0
Ag1Al1Se2_stannite,Al_Ag,Charged-2,1866,-.12328861E+04,1,0
Ag1Al1Se2_stannite,Al_Ag,Neutral,1864.0000,-.12425653E+04,1,0
Ag1Al1Se2_stannite,Al_Se,Charged+1,1868,-.12433093E+04,1,0
Ag1Al1Se2_stannite,Al_Se,Charged+2,1867,-.12472103E+04,1,0
Ag1Al1Se2_stannite,Al_Se,Charged-1,1870,-.12351116E+04,1,0
Ag1Al1Se2_stannite,Al_Se,Charged-2,1871,-.12305261E+04,1,0
Ag1Al1Se2_stannite,Al_Se,Neutral,1869.0000,-.12392791E+04,1,0
Ag1Al1Te2_kesterite,Ag_Al,Charged+1,1868,-.11223768E+04,1,0
Ag1Al1Te2_kesterite,Ag_Al,Charged+2,1867,-.11269765E+04,1,0
Ag1Al1Te2_kesterite,Ag_Al,Charged-1,1870,-.11130140E+04,1,0
Ag1Al1Te2_kesterite,Ag_Al,Charged-2,1871,-.11082289E+04,1,0
Ag1Al1Te2_kesterite,Ag_Al,Neutral,1869.0000,-.11177242E+04,1,0
Ag1Al1Te2_kesterite,Al_i,Charged+1,1874,-.11321485E+04,1,0
Ag1Al1Te2_kesterite,Al_i,Charged+2,1873,-.11369632E+04,1,0
Ag1Al1Te2_kesterite,Al_i,Charged-1,1876,-.11204627E+04,1,0
Ag1Al1Te2_kesterite,Al_i,Charged-2,1877,-.11144814E+04,1,0
Ag1Al1Te2_kesterite,Al_i,Neutral,1875.0000,-.11263405E+04,1,0
Ag1Al1Te2_kesterite,Te_Ag,Charged+1,1860,-.11252851E+04,1,0
Ag1Al1Te2_kesterite,Te_Ag,Charged+2,1859,-.11297935E+04,1,0
Ag1Al1Te2_kesterite,Te_Ag,Charged-1,1862,-.11160653E+04,1,0
Ag1Al1Te2_kesterite,Te_Ag,Charged-2,1863,-.11103274E+04,1,0
Ag1Al1Te2_kesterite,Te_Ag,Neutral,1861.0000,-.11207047E+04,1,0
Ag1Al1Te2_stannite,V_Ag,Charged+1,1860,-.11181092E+04,1,0
Ag1Al1Te2_stannite,V_Ag,Charged+2,1859,-.11229291E+04,1,0
Ag1Al1Te2_stannite,V_Ag,Charged-1,1862,-.11083613E+04,1,0
Ag1Al1Te2_stannite,V_Ag,Charged-2,1863,-.11029455E+04,1,0
Ag1Al1Te2_stannite,V_Ag,Neutral,1861.0000,-.11132601E+04,1,0
Ag1Ga0.5In0.5S2_kesterite,Ag_In,Charged+1,2578,-.12288852E+04,1,0
Ag1Ga0.5In0.5S2_kesterite,Ag_In,Charged+2,2577,-.12331646E+04,1,0
Ag1Ga0.5In0.5S2_kesterite,Ag_In,Charged-1,2580,-.12201331E+04,1,0
Ag1Ga0.5In0.5S2_kesterite,Ag_In,Charged-2,2581,-.12156396E+04,1,0
Ag1Ga0.5In0.5S2_kesterite,Ag_In,Neutral,2579.0000,-.12245391E+04,1,0
Ag1Ga0.5In0.5S2_kesterite,Ag_i,Charged+1,2602,-.12384508E+04,1,0
Ag1Ga0.5In0.5S2_kesterite,Ag_i,Charged+2,2601,-.12427782E+04,1,0
Ag1Ga0.5In0.5S2_kesterite,Ag_i,Charged-1,2604,-.12284070E+04,1,0
Ag1Ga0.5In0.5S2_kesterite,Ag_i,Charged-2,2605,-.12223003E+04,1,0
Ag1Ga0.5In0.5S2_kesterite,Ag_i,Neutral,2603.0000,-.12334552E+04,1,0
Ag1Ga0.5In0.5S2_kesterite,S_In,Charged+1,2578,-.12288731E+04,1,0
Ag1Ga0.5In0.5S2_kesterite,S_In,Charged+2,2577,-.12331712E+04,1,0
Ag1Ga0.5In0.5S2_kesterite,S_In,Charged-1,2580,-.12201366E+04,1,0
Ag1Ga0.5In0.5S2_kesterite,S_In,Charged-2,2581,-.12156410E+04,1,0
Ag1Ga0.5In0.5S2_kesterite,S_In,Neutral,2579.0000,-.12245315E+04,1,0
Ag1Ga0.5In0.5S2_stannite,In_Ga,Charged+1,2591,-.12311671E+04,1,0
Ag1Ga0.5In0.5S2_stannite,In_Ga,Charged+2,2590,-.12358086E+04,1,0
Ag1Ga0.5In0.5S2_stannite,In_Ga,Charged-1,2593,-.12214933E+04,1,0
Ag1Ga0.5In0.5S2_stannite,In_Ga,Charged-2,2594,-.12164713E+04,1,0
Ag1Ga0.5In0.5S2_stannite,In_Ga,Neutral,2592.0000,-.12264621E+04,1,0
Ag1Ga0.5In0.5Se2_kesterite,Ag_i,Charged+1,2602,-.11383821E+04,1,0
Ag1Ga0.5In0.5Se2_kesterite,Ag_i,Charged+2,2601,-.11419628E+04,1,0
Ag1Ga0.5In0.5Se2_kesterite,Ag_i,Charged-1,2604,-.11311309E+04,1,0
Ag1Ga0.5In0.5Se2_kesterite,Ag_i,Charged-2,2605,-.11262787E+04,1,0
Ag1Ga0.5In0.5Se2_kesterite,Ag_i,Neutral,2603.0000,-.11347745E+04,1,0
Ag1Ga0.5In0.5Se2_kesterite,V_Ag,Charged+1,2580,-.11318808E+04,1,0
Ag1Ga0.5In0.5Se2_kesterite,V_Ag,Charged+2,2579,-.11352486E+04,1,0
Ag1Ga0.5In0.5Se2_kesterite,V_Ag,Charged-1,2582,-.11248917E+04,1,0
Ag1Ga0.5In0.5Se2_kesterite,V_Ag,Charged-2,2583,-.11213245E+04,1,0
Ag1Ga0.5In0.5Se2_kesterite,V_Ag,Neutral,2581.0000,-.11284145E+04,1,0
Ag1Ga0.5In0.5Se2_stannite,V_Ga,Charged+1,2578,-.11255079E+04,1,0
Ag1Ga0.5In0.5Se2_stannite,V_Ga,Charged+2,2577,-.11290458E+04,1,0
Ag1Ga0.5In0.5Se2_stannite,V_Ga,Charged-1,2580,-.11182263E+04,1,0
Ag1Ga0.5In0.5Se2_stannite,V_Ga,Charged-2,2581,-.11145091E+04,1,0
Ag1Ga0.5In0.5Se2_stannite,V_Ga,Neutral,2579.0000,-.11218866E+04,1,0
Ag1Ga1S1Te1_kesterite,Ag_Te,Charged+1,2596,-.11485154E+04,1,0
Ag1Ga1S1Te1_kesterite,Ag_Te,Charged+2,2595,-.11531198E+04,1,0
Ag1Ga1S1Te1_kesterite,Ag_Te,Charged-1,2598,-.11391780E+04,1,0
Ag1Ga1S1Te1_kesterite,Ag_Te,Charged-2,2599,-.11338739E+04,1,0
Ag1Ga1S1Te1_kesterite,Ag_Te,Neutral,2597.0000,-.11435899E+04,1,0
Ag1Ga1S1Te1_kesterite,Te_Ga,Charged+1,2578,-.11448840E+04,1,0
Ag1Ga1S1Te1_kesterite,Te_Ga,Charged+2,2577,-.11494300E+04,1,0
Ag1Ga1S1Te1_kesterite,Te_Ga,Charged-1,2580,-.11356990E+04,1,0
Ag1Ga1S1Te1_kesterite,Te_Ga,Charged-2,2581,-.11307691E+04,1,0
Ag1Ga1S1Te1_kesterite,Te_Ga,Neutral,2579.0000,-.11403314E+04,1,0
Ag1Ga1S1Te1_stannite,Ag_i,Charged+1,2602,-.11354600E+04,1,0
Ag1Ga1S1Te1_stannite,Ag_i,Charged+2,2601,,0,0
Ag1Ga1S1Te1_stannite,Ag_i,Charged-1,2604,-.11254695E+04,1,0
Ag1Ga1S1Te1_stannite,Ag_i,Charged-2,2605,-.11204651E+04,1,0
Ag1Ga1S1Te1_stannite,Ag_i,Neutral,2603.0000,-.11304760E+04,1,0
Ag1Ga1S1Te1_stannite,Ga_i,Charged+1,2604,-.11363603E+04,1,0
Ag1Ga1S1Te1_stannite,Ga_i,Charged+2,2603,-.11413425E+04,1,0
Ag1Ga1S1Te1_stannite,Ga_i,Charged-1,2606,-.11263583E+04,1,0
Ag1Ga1S1Te1_stannite,Ga_i,Charged-2,2607,-.11212605E+04,1,0
Ag1Ga1S1Te1_stannite,Ga_i,Neutral,2605.0000,-.11313953E+04,1,0
Ag1Ga1S1Te1_stannite,Te_Ga,Charged+1,2578,-.11299689E+04,1,0
Ag1Ga1S1Te1_stannite,Te_Ga,Charged+2,2577,-.11348183E+04,1,0
Ag1Ga1S1Te1_stannite,Te_Ga,Charged-1,2580,-.11201816E+04,1,0
Ag1Ga1S1Te1_stannite,Te_Ga,Charged-2,2581,-.11152595E+04,1,0
Ag1Ga1S1Te1_stannite,Te_Ga,Neutral,2579.0000,-.11250863E+04,1,0
Ag1Ga1S1Te1_stannite,V_Ag,Charged+1,2580,-.11311605E+04,1,0
Ag1Ga1S1Te1_stannite,V_Ag,Charged+2,2579,-.11360371E+04,1,0
Ag1Ga1S1Te1_stannite,V_Ag,Charged-1,2582,-.11213311E+04,1,0
Ag1Ga1S1Te1_stannite,V_Ag,Charged-2,2583,-.11163833E+04,1,0
Ag1Ga1S1Te1_stannite,V_Ag,Neutral,2581.0000,-.11262388E+04,1,0
Ag1Ga1S2_kesterite,Ag_Ga,Charged+1,2578,-.12555766E+04,1,0
Ag1Ga1S2_kesterite,Ag_Ga,Charged+2,2577,-.12598016E+04,1,0
Ag1Ga1S2_kesterite,Ag_Ga,Charged-1,2580,-.12469195E+04,1,0
Ag1Ga1S2_kesterite,Ag_Ga,Charged-2,2581,-.12424581E+04,1,0
Ag1Ga1S2_kesterite,Ag_Ga,Neutral,2579.0000,-.12512958E+04,1,0
Ag1Ga1S2_kesterite,Ga_i,Charged+1,2604,-.12652281E+04,1,0
Ag1Ga1S2_kesterite,Ga_i,Charged+2,2603,-.12698779E+04,1,0
Ag1Ga1S2_kesterite,Ga_i,Charged-1,2606,-.12544830E+04,1,0
Ag1Ga1S2_kesterite,Ga_i,Charged-2,2607,-.12483522E+04,1,0
Ag1Ga1S2_kesterite,Ga_i,Neutral,2605.0000,-.12598820E+04,1,0
Ag1Ga1S2_kesterite,V_S,Charged+1,2585,-.12558514E+04,1,0
Ag1Ga1S2_kesterite,V_S,Charged+2,2584,-.12611028E+04,1,0
Ag1Ga1S2_kesterite,V_S,Charged-1,2587,-.12472065E+04,1,0
Ag1Ga1S2_kesterite,V_S,Charged-2,2588,-.12418705E+04,1,0
Ag1Ga1S2_kesterite,V_S,Neutral,2586.0000,-.12524939E+04,1,0
Ag1Ga1S2_stannite,Ag_S,Charged+1,2596,-.12511028E+04,1,0
Ag1Ga1S2_stannite,Ag_S,Charged+2,2595,-.12557389E+04,1,0
Ag1Ga1S2_stannite,Ag_S,Charged-1,2598,-.12406158E+04,1,0
Ag1Ga1S2_stannite,Ag_S,Charged-2,2599,-.12353344E+04,1,0
Ag1Ga1S2_stannite,Ag_S,Neutral,2597.0000,-.12458713E+04,1,0
Ag1Ga1S2_stannite,Ga_Ag,Charged+1,2593,-.12547312E+04,1,0
Ag1Ga1S2_stannite,Ga_Ag,Charged+2,2592,-.12598281E+04,1,0
Ag1Ga1S2_stannite,Ga_Ag,Charged-1,2595,-.12439661E+04,1,0
Ag1Ga1S2_stannite,Ga_Ag,Charged-2,2596,-.12385531E+04,1,0
Ag1Ga1S2_stannite,Ga_Ag,Neutral,2594.0000,-.12495959E+04,1,0
Ag1Ga1Se1Te1_stannite,Ag_Ga,Charged+1,2578,-.10867360E+04,1,0
Ag1Ga1Se1Te1_stannite,Ag_Ga,Charged+2,2577,-.10910496E+04,1,0
Ag1Ga1Se1Te1_stannite,Ag_Ga,Charged-1,2580,-.10781150E+04,1,0
Ag1Ga1Se1Te1_stannite,Ag_Ga,Charged-2,2581,-.10737440E+04,1,0
Ag1Ga1Se1Te1_stannite,Ag_Ga,Neutral,2579.0000,-.10824428E+04,1,0
Ag1Ga1Se1Te1_stannite,Ga_Te,Charged+1,2598,-.10905343E+04,1,0
Ag1Ga1Se1Te1_stannite,Ga_Te,Charged+2,2597,-.10947974E+04,1,0
Ag1Ga1Se1Te1_stannite,Ga_Te,Charged-1,2600,-.10818898E+04,1,0
Ag1Ga1Se1Te1_stannite,Ga_Te,Charged-2,2601,-.10775035E+04,1,0
Ag1Ga1Se1Te1_stannite,Ga_Te,Neutral,2599.0000,-.10862377E+04,1,0
Ag1Ga1Se1Te1_stannite,Te_Ga,Charged+1,2578,-.10867819E+04,1,0
Ag1Ga1Se1Te1_stannite,Te_Ga,Charged+2,2577,-.10909642E+04,1,0
Ag1Ga1Se1Te1_stannite,Te_Ga,Charged-1,2580,-.10781065E+04,1,0
Ag1Ga1Se1Te1_stannite,Te_Ga,Charged-2,2581,-.10737385E+04,1,0
Ag1Ga1Se1Te1_stannite,Te_Ga,Neutral,2579.0000,-.10824548E+04,1,0
Ag1Ga1Se2_kesterite,Ag_Se,Charged+1,2596,-.11528334E+04,1,0
Ag1Ga1Se2_kesterite,Ag_Se,Charged+2,2595,-.11562873E+04,1,0
Ag1Ga1Se2_kesterite,Ag_Se,Charged-1,2598,-.11452735E+04,1,0
Ag1Ga1Se2_kesterite,Ag_Se,Charged-2,2599,-.11412448E+04,1,0
Ag1Ga1Se2_kesterite,Ag_Se,Neutral,2597.0000,-.11490788E+04,1,0
Ag1Ga1Se2_stannite,Ag_Se,Charged+1,2596,-.11434390E+04,1,0
Ag1Ga1Se2_stannite,Ag_Se,Charged+2,2595,-.11470951E+04,1,0
Ag1Ga1Se2_stannite,Ag_Se,Charged-1,2598,-.11360467E+04,1,0
Ag1Ga1Se2_stannite,Ag_Se,Charged-2,2599,-.11320548E+04,1,0
Ag1Ga1Se2_stannite,Ag_Se,Neutral,2597.0000,-.11397664E+04,1,0
Ag1Ga1Se2_stannite,Ga_Se,Charged+1,2598,-.11440215E+04,1,0
Ag1Ga1Se2_stannite,Ga_Se,Charged+2,2597,-.11476925E+04,1,0
Ag1Ga1Se2_stannite,Ga_Se,Charged-1,2600,-.11365943E+04,1,0
Ag1Ga1Se2_stannite,Ga_Se,Charged-2,2601,-.11330412E+04,1,0
Ag1Ga1Se2_stannite,Ga_Se,Neutral,2599.0000,-.11403288E+04,1,0
Ag1Ga1Se2_stannite,V_Ga,Charged+1,2578,-.11406788E+04,1,0
Ag1Ga1Se2_stannite,V_Ga,Charged+2,2577,-.11442530E+04,1,0
Ag1Ga1Se2_stannite,V_Ga,Charged-1,2580,-.11333785E+04,1,0
Ag1Ga1Se2_stannite,V_Ga,Charged-2,2581,-.11296923E+04,1,0
Ag1Ga1Se2_stannite,V_Ga,Neutral,2579.0000,-.11370517E+04,1,0
Ag1In1S1Se1_kesterite,Ag_Se,Charged+1,2596,-.11606973E+04,1,0
Ag1In1S1Se1_kesterite,Ag_Se,Charged+2,2595,-.11647650E+04,1,0
Ag1In1S1Se1_kesterite,Ag_Se,Charged-1,2598,-.11522348E+04,1,0
Ag1In1S1Se1_kesterite,Ag_Se,Charged-2,2599,-.11475791E+04,1,0
Ag1In1S1Se1_kesterite,Ag_Se,Neutral,2597.0000,-.11564916E+04,1,0
Ag1In1S1Se1_kesterite,Ag_i,Charged+1,2602,-.11658905E+04,1,0
Ag1In1S1Se1_kesterite,Ag_i,Charged+2,2601,-.11700002E+04,1,0
Ag1In1S1Se1_kesterite,Ag_i,Charged-1,2604,-.11575213E+04,1,0
Ag1In1S1Se1_kesterite,Ag_i,Charged-2,2605,-.11521279E+04,1,0
Ag1In1S1Se1_kesterite,Ag_i,Neutral,2603.0000,-.11617294E+04,1,0
Ag1In1S1Se1_kesterite,In_Ag,Charged+1,2593,-.11636748E+04,1,0
Ag1In1S1Se1_kesterite,In_Ag,Charged+2,2592,-.11678085E+04,1,0
Ag1In1S1Se1_kesterite,In_Ag,Charged-1,2595,-.11543491E+04,1,0
Ag1In1S1Se1_kesterite,In_Ag,Charged-2,2596,-.11492581E+04,1,0
Ag1In1S1Se1_kesterite,In_Ag,Neutral,2594.0000,-.11594982E+04,1,0
Ag1In1S1Se1_kesterite,S_In,Charged+1,2578,-.11566816E+04,1,0
Ag1In1S1Se1_kesterite,S_In,Charged+2,2577,-.11606534E+04,1,0
Ag1In1S1Se1_kesterite,S_In,Charged-1,2580,-.11486108E+04,1,0
Ag1In1S1Se1_kesterite,S_In,Charged-2,2581,-.11445220E+04,1,0
Ag1In1S1Se1_kesterite,S_In,Neutral,2579.0000,-.11526639E+04,1,0
Ag1In1S1Se1_stannite,V_Ag,Charged+1,2580,-.11560598E+04,1,0
Ag1In1S1Se1_stannite,V_Ag,Charged+2,2579,-.11601669E+04,1,0
Ag1In1S1Se1_stannite,V_Ag,Charged-1,2582,-.11477321E+04,1,0
Ag1In1S1Se1_stannite,V_Ag,Charged-2,2583,-.11435371E+04,1,0
Ag1In1S1Se1_stannite,V_Ag,Neutral,2581.0000,-.11519112E+04,1,0
Ag1In1Se2_kesterite,Se_Ag,Charged+1,2580,-.11137958E+04,1,0
Ag1In1Se2_kesterite,Se_Ag,Charged+2,2579,-.11173040E+04,1,0
Ag1In1Se2_kesterite,Se_Ag,Charged-1,2582,-.11067053E+04,1,0
Ag1In1Se2_kesterite,Se_Ag,Charged-2,2583,-.11030965E+04,1,0
Ag1In1Se2_kesterite,Se_Ag,Neutral,2581.0000,-.11102757E+04,1,0
Ag1In1Se2_stannite,V_Ag,Charged+1,2580,-.11114254E+04,1,0
Ag1In1Se2_stannite,V_Ag,Charged+2,2579,-.11149708E+04,1,0
Ag1In1Se2_stannite,V_Ag,Charged-1,2582,-.11039964E+04,1,0
Ag1In1Se2_stannite,V_Ag,Charged-2,2583,-.11002363E+04,1,0
Ag1In1Se2_stannite,V_Ag,Neutral,2581.0000,-.11077213E+04,1,0
Ag2Ba1Ge1S4_kesterite,HSE,.,2520.0000,-.15023414E+04,1,1
Ag2Ba1Ge1Se4_stannite,Ag_Ge,Charged+1,2516,-.12444379E+04,1,0
Ag2Ba1Ge1Se4_stannite,Ag_Ge,Charged+2,2515,-.12480738E+04,1,0
Ag2Ba1Ge1Se4_stannite,Ag_Ge,Charged-1,2518,-.12366836E+04,1,0
Ag2Ba1Ge1Se4_stannite,Ag_Ge,Charged-2,2519,-.12327532E+04,1,0
Ag2Ba1Ge1Se4_stannite,Ag_Ge,Neutral,2517.0000,-.12405984E+04,1,0
Ag2Ba1Ge1Se4_stannite,V_Ba,Charged+1,2509,-.12409938E+04,1,0
Ag2Ba1Ge1Se4_stannite,V_Ba,Charged+2,2508,-.12445465E+04,1,0
Ag2Ba1Ge1Se4_stannite,V_Ba,Charged-1,2511,-.12335136E+04,1,0
Ag2Ba1Ge1Se4_stannite,V_Ba,Charged-2,2512,-.12295787E+04,1,0
Ag2Ba1Ge1Se4_stannite,V_Ba,Neutral,2510.0000,-.12373934E+04,1,0
Ag2Ba1Ge1Se4_stannite,V_Ge,Charged+1,2505,-.12401294E+04,1,0
Ag2Ba1Ge1Se4_stannite,V_Ge,Charged+2,2504,-.12443253E+04,1,0
Ag2Ba1Ge1Se4_stannite,V_Ge,Charged-1,2507,-.12333745E+04,1,0
Ag2Ba1Ge1Se4_stannite,V_Ge,Charged-2,2508,-.12294288E+04,1,0
Ag2Ba1Ge1Se4_stannite,V_Ge,Neutral,2506.0000,-.12372534E+04,1,0
Ag2Ba1Sn1S4_kesterite,Ag_Sn,Charged+1,2516,-.12830788E+04,1,0
Ag2Ba1Sn1S4_kesterite,Ag_Sn,Charged+2,2515,-.12861723E+04,1,0
Ag2Ba1Sn1S4_kesterite,Ag_Sn,Charged-1,2518,-.12764740E+04,1,0
Ag2Ba1Sn1S4_kesterite,Ag_Sn,Charged-2,2519,-.12727701E+04,1,0
Ag2Ba1Sn1S4_kesterite,Ag_Sn,Neutral,2517.0000,-.12798165E+04,1,0
Ag2Ba1Sn1S4_stannite,Sn_Ba,Charged+1,2509,-.13159234E+04,1,0
Ag2Ba1Sn1S4_stannite,Sn_Ba,Charged+2,2508,-.13204714E+04,1,0
Ag2Ba1Sn1S4_stannite,Sn_Ba,Charged-1,2511,-.13062797E+04,1,0
Ag2Ba1Sn1S4_stannite,Sn_Ba,Charged-2,2512,-.13012208E+04,1,0
Ag2Ba1Sn1S4_stannite,Sn_Ba,Neutral,2510.0000,-.13113157E+04,1,0
Ag2Ba1Sn1S4_stannite,V_S,Charged+1,2513,-.13180716E+04,1,0
Ag2Ba1Sn1S4_stannite,V_S,Charged+2,2512,-.13230527E+04,1,0
Ag2Ba1Sn1S4_stannite,V_S,Charged-1,2515,-.13078235E+04,1,0
Ag2Ba1Sn1S4_stannite,V_S,Charged-2,2516,-.13026273E+04,1,0
Ag2Ba1Sn1S4_stannite,V_S,Neutral,2514.0000,-.13129468E+04,1,0
Ag2Ba1Sn1S4_stannite,V_Sn,Charged+1,2505,-.13168950E+04,1,0
Ag2Ba1Sn1S4_stannite,V_Sn,Charged+2,2504,-.13206807E+04,1,0
Ag2Ba1Sn1S4_stannite,V_Sn,Charged-1,2507,-.13075604E+04,1,0
Ag2Ba1Sn1S4_stannite,V_Sn,Charged-2,2508,-.13028633E+04,1,0
Ag2Ba1Sn1S4_stannite,V_Sn,Neutral,2506.0000,-.13122266E+04,1,0
Ag2Ca0.5Cd0.5Zr1Se4_kesterite,Cd_Ag,Charged+1,2484,-.13811187E+04,1,0
Ag2Ca0.5Cd0.5Zr1Se4_kesterite,Cd_Ag,Charged+2,2483,-.13835893E+04,1,0
Ag2Ca0.5Cd0.5Zr1Se4_kesterite,Cd_Ag,Charged-1,2486,-.13737703E+04,1,0
Ag2Ca0.5Cd0.5Zr1Se4_kesterite,Cd_Ag,Charged-2,2487,-.13699758E+04,1,0
Ag2Ca0.5Cd0.5Zr1Se4_kesterite,Cd_Ag,Neutral,2485.0000,-.13774743E+04,1,0
Ag2Ca0.5Cd0.5Zr1Se4_kesterite,Cd_i,Charged+1,2495,-.13829562E+04,1,0
Ag2Ca0.5Cd0.5Zr1Se4_kesterite,Cd_i,Charged+2,2494,-.13864736E+04,1,0
Ag2Ca0.5Cd0.5Zr1Se4_kesterite,Cd_i,Charged-1,2497,-.13763754E+04,1,0
Ag2Ca0.5Cd0.5Zr1Se4_kesterite,Cd_i,Charged-2,2498,-.13726411E+04,1,0
Ag2Ca0.5Cd0.5Zr1Se4_kesterite,Cd_i,Neutral,2496.0000,-.13796943E+04,1,0
Ag2Ca0.5Cd0.5Zr1Se4_kesterite,V_Cd,Charged+1,2471,-.13780157E+04,1,0
Ag2Ca0.5Cd0.5Zr1Se4_kesterite,V_Cd,Charged+2,2470,-.13804461E+04,1,0
Ag2Ca0.5Cd0.5Zr1Se4_kesterite,V_Cd,Charged-1,2473,-.13730187E+04,1,0
Ag2Ca0.5Cd0.5Zr1Se4_kesterite,V_Cd,Charged-2,2474,-.13703637E+04,1,0
Ag2Ca0.5Cd0.5Zr1Se4_kesterite,V_Cd,Neutral,2472.0000,-.13755406E+04,1,0
Ag2Ca0.5Cd0.5Zr1Se4_kesterite,Zr_Ca,Charged+1,2473,-.13746437E+04,1,0
Ag2Ca0.5Cd0.5Zr1Se4_kesterite,Zr_Ca,Charged+2,2472,-.13770845E+04,1,0
Ag2Ca0.5Cd0.5Zr1Se4_kesterite,Zr_Ca,Charged-1,2475,-.13697220E+04,1,0
Ag2Ca0.5Cd0.5Zr1Se4_kesterite,Zr_Ca,Charged-2,2476,-.13671487E+04,1,0
Ag2Ca0.5Cd0.5Zr1Se4_kesterite,Zr_Ca,Neutral,2474.0000,-.13722176E+04,1,0
Ag2Ca0.5Cd0.5Zr1Se4_kesterite,Zr_Cd,Charged+1,2483,-.13911317E+04,1,0
Ag2Ca0.5Cd0.5Zr1Se4_kesterite,Zr_Cd,Charged+2,2482,-.13946734E+04,1,0
Ag2Ca0.5Cd0.5Zr1Se4_kesterite,Zr_Cd,Charged-1,2485,-.13836600E+04,1,0
Ag2Ca0.5Cd0.5Zr1Se4_kesterite,Zr_Cd,Charged-2,2486,-.13798422E+04,1,0
Ag2Ca0.5Cd0.5Zr1Se4_kesterite,Zr_Cd,Neutral,2484.0000,-.13874259E+04,1,0
Ag2Ca0.5Cd0.5Zr1Se4_kesterite,Zr_i,Charged+1,2495,-.13920231E+04,1,0
Ag2Ca0.5Cd0.5Zr1Se4_kesterite,Zr_i,Charged+2,2494,-.13955656E+04,1,0
Ag2Ca0.5Cd0.5Zr1Se4_kesterite,Zr_i,Charged-1,2497,-.13845206E+04,1,0
Ag2Ca0.5Cd0.5Zr1Se4_kesterite,Zr_i,Charged-2,2498,-.13806501E+04,1,0
Ag2Ca0.5Cd0.5Zr1Se4_kesterite,Zr_i,Neutral,2496.0000,-.13883165E+04,1,0
Ag2Ca0.5Cd0.5Zr1Se4_stannite,Se_Ca,Charged+1,2473,-.13751335E+04,1,0
Ag2Ca0.5Cd0.5Zr1Se4_stannite,Se_Ca,Charged+2,2472,-.13776620E+04,1,0
Ag2Ca0.5Cd0.5Zr1Se4_stannite,Se_Ca,Charged-1,2475,-.13700075E+04,1,0
Ag2Ca0.5Cd0.5Zr1Se4_stannite,Se_Ca,Charged-2,2476,-.13673582E+04,1,0
Ag2Ca0.5Cd0.5Zr1Se4_stannite,Se_Ca,Neutral,2474.0000,-.13726096E+04,1,0
Ag2Ca0.5Cd0.5Zr1Se4_stannite,Se_Zr,Charged+1,2471,-.13683442E+04,1,0
Ag2Ca0.5Cd0.5Zr1Se4_stannite,Se_Zr,Charged+2,2470,-.13708894E+04,1,0
Ag2Ca0.5Cd0.5Zr1Se4_stannite,Se_Zr,Charged-1,2473,-.13636856E+04,1,0
Ag2Ca0.5Cd0.5Zr1Se4_stannite,Se_Zr,Charged-2,2474,-.13590761E+04,1,0
Ag2Ca0.5Cd0.5Zr1Se4_stannite,Se_Zr,Neutral,2472.0000,-.13657636E+04,1,0
Ag2Ca0.5Cd0.5Zr1Se4_stannite,V_Cd,Charged+1,2471,-.13786770E+04,1,0
Ag2Ca0.5Cd0.5Zr1Se4_stannite,V_Cd,Charged+2,2470,-.13812024E+04,1,0
Ag2Ca0.5Cd0.5Zr1Se4_stannite,V_Cd,Charged-1,2473,-.13735398E+04,1,0
Ag2Ca0.5Cd0.5Zr1Se4_stannite,V_Cd,Charged-2,2474,-.13709101E+04,1,0
Ag2Ca0.5Cd0.5Zr1Se4_stannite,V_Cd,Neutral,2472.0000,-.13761404E+04,1,0
Ag2Ca0.5Cd0.5Zr1Se4_stannite,V_Se,Charged+1,2477,-.13759376E+04,1,0
Ag2Ca0.5Cd0.5Zr1Se4_stannite,V_Se,Charged+2,2476,-.13795921E+04,1,0
Ag2Ca0.5Cd0.5Zr1Se4_stannite,V_Se,Charged-1,2479,-.13703248E+04,1,0
Ag2Ca0.5Cd0.5Zr1Se4_stannite,V_Se,Charged-2,2480,-.13668316E+04,1,0
Ag2Ca0.5Cd0.5Zr1Se4_stannite,V_Se,Neutral,2478.0000,-.13737597E+04,1,0
Ag2Ca0.5Cd0.5Zr1Se4_stannite,Zr_Se,Charged+1,2489,-.13858218E+04,1,0
Ag2Ca0.5Cd0.5Zr1Se4_stannite,Zr_Se,Charged+2,2488,-.13890878E+04,1,0
Ag2Ca0.5Cd0.5Zr1Se4_stannite,Zr_Se,Charged-1,2491,-.13791646E+04,1,0
Ag2Ca0.5Cd0.5Zr1Se4_stannite,Zr_Se,Charged-2,2492,-.13756503E+04,1,0
Ag2Ca0.5Cd0.5Zr1Se4_stannite,Zr_Se,Neutral,2490.0000,-.13826342E+04,1,0
Ag2Ca0.5Cd0.5Zr1Se4_stannite,Zr_i,Charged+1,2495,-.13925196E+04,1,0
Ag2Ca0.5Cd0.5Zr1Se4_stannite,Zr_i,Charged+2,2494,-.13961653E+04,1,0
Ag2Ca0.5Cd0.5Zr1Se4_stannite,Zr_i,Charged-1,2497,-.13855379E+04,1,0
Ag2Ca0.5Cd0.5Zr1Se4_stannite,Zr_i,Charged-2,2498,-.13820539E+04,1,0
Ag2Ca0.5Cd0.5Zr1Se4_stannite,Zr_i,Neutral,2496.0000,-.13891779E+04,1,0
Ag2Ca1Ge1S1Se1Te2_kesterite,Ag_Se,Charged+1,2524,-.11823114E+04,1,0
Ag2Ca1Ge1S1Se1Te2_kesterite,Ag_Se,Charged+2,2523,,0,0
Ag2Ca1Ge1S1Se1Te2_kesterite,Ag_Se,Charged-1,2526,-.11743453E+04,1,0
Ag2Ca1Ge1S1Se1Te2_kesterite,Ag_Se,Charged-2,2527,-.11699784E+04,1,0
Ag2Ca1Ge1S1Se1Te2_kesterite,Ag_Se,Neutral,2525.0000,-.11784160E+04,1,0
Ag2Ca1Ge1S1Se1Te2_kesterite,S_Ca,Charged+1,2509,-.11781735E+04,1,0
Ag2Ca1Ge1S1Se1Te2_kesterite,S_Ca,Charged+2,2508,-.11821428E+04,1,0
Ag2Ca1Ge1S1Se1Te2_kesterite,S_Ca,Charged-1,2511,-.11701660E+04,1,0
Ag2Ca1Ge1S1Se1Te2_kesterite,S_Ca,Charged-2,2512,-.11661174E+04,1,0
Ag2Ca1Ge1S1Se1Te2_kesterite,S_Ca,Neutral,2510.0000,-.11741653E+04,1,0
Ag2Ca1Ge1S1Se1Te2_kesterite,S_Te,Charged+1,2519,-.11845067E+04,1,0
Ag2Ca1Ge1S1Se1Te2_kesterite,S_Te,Charged+2,2518,-.11885096E+04,1,0
Ag2Ca1Ge1S1Se1Te2_kesterite,S_Te,Charged-1,2521,-.11762058E+04,1,0
Ag2Ca1Ge1S1Se1Te2_kesterite,S_Te,Charged-2,2522,-.11718958E+04,1,0
Ag2Ca1Ge1S1Se1Te2_kesterite,S_Te,Neutral,2520.0000,-.11804737E+04,1,0
Ag2Ca1Ge1S1Se3_kesterite,Ag_Ca,Charged+1,2509,-.12256363E+04,1,0
Ag2Ca1Ge1S1Se3_kesterite,Ag_Ca,Charged+2,2508,-.12283334E+04,1,0
Ag2Ca1Ge1S1Se3_kesterite,Ag_Ca,Charged-1,2511,-.12201677E+04,1,0
Ag2Ca1Ge1S1Se3_kesterite,Ag_Ca,Charged-2,2512,-.12172011E+04,1,0
Ag2Ca1Ge1S1Se3_kesterite,Ag_Ca,Neutral,2510.0000,-.12229086E+04,1,0
Ag2Ca1Ge1S1Se3_kesterite,Ca_S,Charged+1,2523,-.12318406E+04,1,0
Ag2Ca1Ge1S1Se3_kesterite,Ca_S,Charged+2,2522,-.12353346E+04,1,0
Ag2Ca1Ge1S1Se3_kesterite,Ca_S,Charged-1,2525,-.12244539E+04,1,0
Ag2Ca1Ge1S1Se3_kesterite,Ca_S,Charged-2,2526,-.12206740E+04,1,0
Ag2Ca1Ge1S1Se3_kesterite,Ca_S,Neutral,2524.0000,-.12284032E+04,1,0
Ag2Ca1Ge1S1Se3_kesterite,Ge_Se,Charged+1,2527,-.12323623E+04,1,0
Ag2Ca1Ge1S1Se3_kesterite,Ge_Se,Charged+2,2526,-.12351848E+04,1,0
Ag2Ca1Ge1S1Se3_kesterite,Ge_Se,Charged-1,2529,-.12259897E+04,1,0
Ag2Ca1Ge1S1Se3_kesterite,Ge_Se,Charged-2,2530,-.12225052E+04,1,0
Ag2Ca1Ge1S1Se3_kesterite,Ge_Se,Neutral,2528.0000,-.12285466E+04,1,0
Ag2Ca1Ge1S1Se3_kesterite,V_Ag,Charged+1,2508,-.12285550E+04,1,0
Ag2Ca1Ge1S1Se3_kesterite,V_Ag,Charged+2,2507,-.12312296E+04,1,0
Ag2Ca1Ge1S1Se3_kesterite,V_Ag,Charged-1,2510,-.12230976E+04,1,0
Ag2Ca1Ge1S1Se3_kesterite,V_Ag,Charged-2,2511,-.12196786E+04,1,0
Ag2Ca1Ge1S1Se3_kesterite,V_Ag,Neutral,2509.0000,-.12258494E+04,1,0
Ag2Ca1Ge1S1Se3_stannite,Ge_i,Charged+1,2533,-.12492660E+04,1,0
Ag2Ca1Ge1S1Se3_stannite,Ge_i,Charged+2,2532,-.12532947E+04,1,0
Ag2Ca1Ge1S1Se3_stannite,Ge_i,Charged-1,2535,-.12428139E+04,1,0
Ag2Ca1Ge1S1Se3_stannite,Ge_i,Charged-2,2536,-.12392660E+04,1,0
Ag2Ca1Ge1S1Se3_stannite,Ge_i,Neutral,2534.0000,-.12456980E+04,1,0
Ag2Ca1Ge1S1Se3_stannite,Se_Ge,Charged+1,2511,-.12425496E+04,1,0
Ag2Ca1Ge1S1Se3_stannite,Se_Ge,Charged+2,2510,-.12458669E+04,1,0
Ag2Ca1Ge1S1Se3_stannite,Se_Ge,Charged-1,2513,-.12350604E+04,1,0
Ag2Ca1Ge1S1Se3_stannite,Se_Ge,Charged-2,2514,-.12309122E+04,1,0
Ag2Ca1Ge1S1Se3_stannite,Se_Ge,Neutral,2512.0000,-.12391991E+04,1,0
Ag2Ca1Ge1S2Se1Te1_kesterite,Ca_Se,Charged+1,2523,-.12290176E+04,1,0
Ag2Ca1Ge1S2Se1Te1_kesterite,Ca_Se,Charged+2,2522,,0,0
Ag2Ca1Ge1S2Se1Te1_kesterite,Ca_Se,Charged-1,2525,-.12210285E+04,1,0
Ag2Ca1Ge1S2Se1Te1_kesterite,Ca_Se,Charged-2,2526,,0,0
Ag2Ca1Ge1S2Se1Te1_kesterite,Ca_Se,Neutral,2524.0000,-.12250630E+04,1,0
Ag2Ca1Ge1S2Se1Te1_kesterite,Ge_Ag,Charged+1,2522,-.12300066E+04,1,0
Ag2Ca1Ge1S2Se1Te1_kesterite,Ge_Ag,Charged+2,2521,-.12337528E+04,1,0
Ag2Ca1Ge1S2Se1Te1_kesterite,Ge_Ag,Charged-1,2524,-.12218779E+04,1,0
Ag2Ca1Ge1S2Se1Te1_kesterite,Ge_Ag,Charged-2,2525,-.12175398E+04,1,0
Ag2Ca1Ge1S2Se1Te1_kesterite,Ge_Ag,Neutral,2523.0000,-.12259523E+04,1,0
Ag2Ca1Ge1S2Se1Te1_kesterite,Se_Ag,Charged+1,2514,-.12290714E+04,1,0
Ag2Ca1Ge1S2Se1Te1_kesterite,Se_Ag,Charged+2,2513,-.12327760E+04,1,0
Ag2Ca1Ge1S2Se1Te1_kesterite,Se_Ag,Charged-1,2516,-.12210127E+04,1,0
Ag2Ca1Ge1S2Se1Te1_kesterite,Se_Ag,Charged-2,2517,,0,0
Ag2Ca1Ge1S2Se1Te1_kesterite,Se_Ag,Neutral,2515.0000,-.12250641E+04,1,0
Ag2Ca1Ge1S2Se1Te1_kesterite,Te_i,Charged+1,2525,-.12310773E+04,1,0
Ag2Ca1Ge1S2Se1Te1_kesterite,Te_i,Charged+2,2524,,0,0
Ag2Ca1Ge1S2Se1Te1_kesterite,Te_i,Charged-1,2527,-.12257610E+04,0,0
Ag2Ca1Ge1S2Se1Te1_kesterite,Te_i,Charged-2,2528,-.12203208E+04,1,0
Ag2Ca1Ge1S2Se1Te1_kesterite,Te_i,Neutral,2526.0000,-.12270174E+04,1,0
Ag2Ca1Ge1S2Se1Te1_stannite,Se_Ag,Charged+1,2514,-.12536053E+04,1,0
Ag2Ca1Ge1S2Se1Te1_stannite,Se_Ag,Charged+2,2513,-.12583763E+04,1,0
Ag2Ca1Ge1S2Se1Te1_stannite,Se_Ag,Charged-1,2516,-.12455692E+04,1,0
Ag2Ca1Ge1S2Se1Te1_stannite,Se_Ag,Charged-2,2517,-.12407222E+04,1,0
Ag2Ca1Ge1S2Se1Te1_stannite,Se_Ag,Neutral,2515.0000,-.12498594E+04,1,0
Ag2Ca1Ge1S2Se1Te1_stannite,V_S,Charged+1,2513,-.12488077E+04,1,0
Ag2Ca1Ge1S2Se1Te1_stannite,V_S,Charged+2,2512,-.12528216E+04,1,0
Ag2Ca1Ge1S2Se1Te1_stannite,V_S,Charged-1,2515,-.12399713E+04,1,0
Ag2Ca1Ge1S2Se1Te1_stannite,V_S,Charged-2,2516,-.12351780E+04,1,0
Ag2Ca1Ge1S2Se1Te1_stannite,V_S,Neutral,2514.0000,-.12447476E+04,1,0
Ag2Ca1Ge1S4_stannite,Ag_i,Charged+1,2530,-.13324604E+04,1,0
Ag2Ca1Ge1S4_stannite,Ag_i,Charged+2,2529,,0,0
Ag2Ca1Ge1S4_stannite,Ag_i,Charged-1,2532,-.13225111E+04,1,0
Ag2Ca1Ge1S4_stannite,Ag_i,Charged-2,2533,-.13178376E+04,1,0
Ag2Ca1Ge1S4_stannite,Ag_i,Neutral,2531.0000,-.13275472E+04,1,0
Ag2Ca1Ge1S4_stannite,Ge_i,Charged+1,2533,-.13329907E+04,1,0
Ag2Ca1Ge1S4_stannite,Ge_i,Charged+2,2532,-.13380261E+04,1,0
Ag2Ca1Ge1S4_stannite,Ge_i,Charged-1,2535,-.13239918E+04,1,0
Ag2Ca1Ge1S4_stannite,Ge_i,Charged-2,2536,-.13190272E+04,1,0
Ag2Ca1Ge1S4_stannite,Ge_i,Neutral,2534.0000,-.13289297E+04,1,0
Ag2Ca1Ge1Se4_stannite,Ca_Se,Charged+1,2523,-.12188443E+04,1,0
Ag2Ca1Ge1Se4_stannite,Ca_Se,Charged+2,2522,-.12221493E+04,1,0
Ag2Ca1Ge1Se4_stannite,Ca_Se,Charged-1,2525,-.12119979E+04,1,0
Ag2Ca1Ge1Se4_stannite,Ca_Se,Charged-2,2526,,0,0
Ag2Ca1Ge1Se4_stannite,Ca_Se,Neutral,2524.0000,-.12156215E+04,1,0
Ag2Ca1Ge1Se4_stannite,Se_i,Charged+1,2525,,0,0
Ag2Ca1Ge1Se4_stannite,Se_i,Charged+2,2524,-.12243891E+04,0,0
Ag2Ca1Ge1Se4_stannite,Se_i,Charged-1,2527,-.12156091E+04,1,0
Ag2Ca1Ge1Se4_stannite,Se_i,Charged-2,2528,-.12123298E+04,1,0
Ag2Ca1Ge1Se4_stannite,Se_i,Neutral,2526.0000,-.12192685E+04,1,0
Ag2Ca1Sn1S4_kesterite,Ag_Ca,Charged+1,2509,-.12843093E+04,1,0
Ag2Ca1Sn1S4_kesterite,Ag_Ca,Charged+2,2508,-.12876964E+04,1,0
Ag2Ca1Sn1S4_kesterite,Ag_Ca,Charged-1,2511,-.12773946E+04,1,0
Ag2Ca1Sn1S4_kesterite,Ag_Ca,Charged-2,2512,-.12737531E+04,1,0
Ag2Ca1Sn1S4_kesterite,Ag_Ca,Neutral,2510.0000,-.12809056E+04,1,0
Ag2Ca1Sn1S4_kesterite,Sn_Ca,Charged+1,2509,-.12843178E+04,1,0
Ag2Ca1Sn1S4_kesterite,Sn_Ca,Charged+2,2508,-.12877058E+04,1,0
Ag2Ca1Sn1S4_kesterite,Sn_Ca,Charged-1,2511,-.12773798E+04,1,0
Ag2Ca1Sn1S4_kesterite,Sn_Ca,Charged-2,2512,-.12737498E+04,1,0
Ag2Ca1Sn1S4_kesterite,Sn_Ca,Neutral,2510.0000,-.12808854E+04,1,0
Ag2Ca1Sn1S4_stannite,Ca_Ag,Charged+1,2518,-.12999915E+04,1,0
Ag2Ca1Sn1S4_stannite,Ca_Ag,Charged+2,2517,-.13037630E+04,1,0
Ag2Ca1Sn1S4_stannite,Ca_Ag,Charged-1,2520,-.12908252E+04,1,0
Ag2Ca1Sn1S4_stannite,Ca_Ag,Charged-2,2521,-.12854733E+04,1,0
Ag2Ca1Sn1S4_stannite,Ca_Ag,Neutral,2519.0000,-.12979978E+04,1,0
Ag2Ca1Sn1S4_stannite,Ca_S,Charged+1,2523,-.12987995E+04,1,0
Ag2Ca1Sn1S4_stannite,Ca_S,Charged+2,2522,-.13035572E+04,1,0
Ag2Ca1Sn1S4_stannite,Ca_S,Charged-1,2525,-.12897404E+04,1,0
Ag2Ca1Sn1S4_stannite,Ca_S,Charged-2,2526,-.12850715E+04,1,0
Ag2Ca1Sn1S4_stannite,Ca_S,Neutral,2524.0000,-.12943915E+04,1,0
Ag2Ca1Sn1S4_stannite,Ca_Sn,Charged+1,2515,-.12957135E+04,1,0
Ag2Ca1Sn1S4_stannite,Ca_Sn,Charged+2,2514,-.12993817E+04,1,0
Ag2Ca1Sn1S4_stannite,Ca_Sn,Charged-1,2517,-.12883762E+04,1,0
Ag2Ca1Sn1S4_stannite,Ca_Sn,Charged-2,2518,-.12846456E+04,1,0
Ag2Ca1Sn1S4_stannite,Ca_Sn,Neutral,2516.0000,-.12920653E+04,1,0
Ag2Ca1Sn1S4_stannite,S_Sn,Charged+1,2505,-.12900673E+04,1,0
Ag2Ca1Sn1S4_stannite,S_Sn,Charged+2,2504,-.12937587E+04,1,0
Ag2Ca1Sn1S4_stannite,S_Sn,Charged-1,2507,,0,0
Ag2Ca1Sn1S4_stannite,S_Sn,Charged-2,2508,-.12774777E+04,1,0
Ag2Ca1Sn1S4_stannite,S_Sn,Neutral,2506.0000,-.12862772E+04,1,0
Ag2Ca1Sn1S4_stannite,Sn_Ca,Charged+1,2509,-.12895738E+04,1,0
Ag2Ca1Sn1S4_stannite,Sn_Ca,Charged+2,2508,-.12931709E+04,1,0
Ag2Ca1Sn1S4_stannite,Sn_Ca,Charged-1,2511,-.12822205E+04,1,0
Ag2Ca1Sn1S4_stannite,Sn_Ca,Charged-2,2512,-.12784460E+04,1,0
Ag2Ca1Sn1S4_stannite,Sn_Ca,Neutral,2510.0000,-.12859043E+04,1,0
Ag2Ca1Sn1S4_stannite,V_Sn,Charged+1,2505,-.12900938E+04,1,0
Ag2Ca1Sn1S4_stannite,V_Sn,Charged+2,2504,-.12937636E+04,1,0
Ag2Ca1Sn1S4_stannite,V_Sn,Charged-1,2507,-.12815740E+04,1,0
Ag2Ca1Sn1S4_stannite,V_Sn,Charged-2,2508,-.12774289E+04,1,0
Ag2Ca1Sn1S4_stannite,V_Sn,Neutral,2506.0000,-.12863151E+04,1,0
Ag2Cd1Ge1S4_stannite,Ag_Cd,Charged+1,2579,-.11856720E+04,1,0
Ag2Cd1Ge1S4_stannite,Ag_Cd,Charged+2,2578,-.11893852E+04,1,0
Ag2Cd1Ge1S4_stannite,Ag_Cd,Charged-1,2581,-.11781297E+04,1,0
Ag2Cd1Ge1S4_stannite,Ag_Cd,Charged-2,2582,-.11742659E+04,1,0
Ag2Cd1Ge1S4_stannite,Ag_Cd,Neutral,2580.0000,-.11819275E+04,1,0
Ag2Cd1Ge1S4_stannite,Cd_S,Charged+1,2597,-.11842408E+04,1,0
Ag2Cd1Ge1S4_stannite,Cd_S,Charged+2,2596,-.11882321E+04,1,0
Ag2Cd1Ge1S4_stannite,Cd_S,Charged-1,2599,-.11758862E+04,1,0
Ag2Cd1Ge1S4_stannite,Cd_S,Charged-2,2600,-.11716127E+04,1,0
Ag2Cd1Ge1S4_stannite,Cd_S,Neutral,2598.0000,-.11801202E+04,1,0
Ag2Cd1Ge1S4_stannite,Ge_Ag,Charged+1,2594,-.11903647E+04,1,0
Ag2Cd1Ge1S4_stannite,Ge_Ag,Charged+2,2593,-.11941808E+04,1,0
Ag2Cd1Ge1S4_stannite,Ge_Ag,Charged-1,2596,-.11817825E+04,1,0
Ag2Cd1Ge1S4_stannite,Ge_Ag,Charged-2,2597,-.11768463E+04,1,0
Ag2Cd1Ge1S4_stannite,Ge_Ag,Neutral,2595.0000,-.11860816E+04,1,0
Ag2Cd1Ge1S4_stannite,S_Ag,Charged+1,2580,-.11852731E+04,1,0
Ag2Cd1Ge1S4_stannite,S_Ag,Charged+2,2579,-.11889552E+04,1,0
Ag2Cd1Ge1S4_stannite,S_Ag,Charged-1,2582,-.11777813E+04,1,0
Ag2Cd1Ge1S4_stannite,S_Ag,Charged-2,2583,-.11736208E+04,1,0
Ag2Cd1Ge1S4_stannite,S_Ag,Neutral,2581.0000,-.11815503E+04,1,0
Ag2Cd1Ge1S4_stannite,S_i,Charged+1,2597,-.11922828E+04,1,0
Ag2Cd1Ge1S4_stannite,S_i,Charged+2,2596,-.11961032E+04,1,0
Ag2Cd1Ge1S4_stannite,S_i,Charged-1,2599,-.11841653E+04,1,0
Ag2Cd1Ge1S4_stannite,S_i,Charged-2,2600,-.11787840E+04,1,0
Ag2Cd1Ge1S4_stannite,S_i,Neutral,2598.0000,-.11871939E+04,1,0
Ag2Cd1Ge1S4_stannite,V_Cd,Charged+1,2579,-.11856797E+04,1,0
Ag2Cd1Ge1S4_stannite,V_Cd,Charged+2,2578,-.11893948E+04,1,0
Ag2Cd1Ge1S4_stannite,V_Cd,Charged-1,2581,-.11781331E+04,1,0
Ag2Cd1Ge1S4_stannite,V_Cd,Charged-2,2582,-.11742480E+04,1,0
Ag2Cd1Ge1S4_stannite,V_Cd,Neutral,2580.0000,-.11819166E+04,1,0
Ag2Cd1Ge1Se4_kesterite,Cd_Ag,Charged+1,2592,-.10904607E+04,1,0
Ag2Cd1Ge1Se4_kesterite,Cd_Ag,Charged+2,2591,-.10932993E+04,1,0
Ag2Cd1Ge1Se4_kesterite,Cd_Ag,Charged-1,2594,-.10846973E+04,1,0
Ag2Cd1Ge1Se4_kesterite,Cd_Ag,Charged-2,2595,-.10808453E+04,1,0
Ag2Cd1Ge1Se4_kesterite,Cd_Ag,Neutral,2593.0000,-.10875964E+04,1,0
Ag2Cd1Ge1Se4_kesterite,Se_Ag,Charged+1,2580,-.10879413E+04,1,0
Ag2Cd1Ge1Se4_kesterite,Se_Ag,Charged+2,2579,-.10906894E+04,1,0
Ag2Cd1Ge1Se4_kesterite,Se_Ag,Charged-1,2582,-.10823291E+04,1,0
Ag2Cd1Ge1Se4_kesterite,Se_Ag,Charged-2,2583,-.10794765E+04,1,0
Ag2Cd1Ge1Se4_kesterite,Se_Ag,Neutral,2581.0000,-.10851430E+04,1,0
Ag2Cd1Ge1Se4_kesterite,Se_Ge,Charged+1,2577,-.10835140E+04,1,0
Ag2Cd1Ge1Se4_kesterite,Se_Ge,Charged+2,2576,-.10863441E+04,1,0
Ag2Cd1Ge1Se4_kesterite,Se_Ge,Charged-1,2579,-.10779612E+04,1,0
Ag2Cd1Ge1Se4_kesterite,Se_Ge,Charged-2,2580,-.10750540E+04,1,0
Ag2Cd1Ge1Se4_kesterite,Se_Ge,Neutral,2578.0000,-.10808251E+04,1,0
Ag2Cd1Ge1Se4_kesterite,V_Ag,Charged+1,2580,-.10879269E+04,1,0
Ag2Cd1Ge1Se4_kesterite,V_Ag,Charged+2,2579,-.10906906E+04,1,0
Ag2Cd1Ge1Se4_kesterite,V_Ag,Charged-1,2582,-.10823174E+04,1,0
Ag2Cd1Ge1Se4_kesterite,V_Ag,Charged-2,2583,-.10794837E+04,1,0
Ag2Cd1Ge1Se4_kesterite,V_Ag,Neutral,2581.0000,-.10851422E+04,1,0
Ag2Cd1Ge1Se4_stannite,Ag_Se,Charged+1,2596,-.10872884E+04,1,0
Ag2Cd1Ge1Se4_stannite,Ag_Se,Charged+2,2595,-.10903091E+04,1,0
Ag2Cd1Ge1Se4_stannite,Ag_Se,Charged-1,2598,-.10811948E+04,1,0
Ag2Cd1Ge1Se4_stannite,Ag_Se,Charged-2,2599,-.10777649E+04,1,0
Ag2Cd1Ge1Se4_stannite,Ag_Se,Neutral,2597.0000,-.10842626E+04,1,0
Ag2Cd1Ge1Se4_stannite,Cd_Ge,Charged+1,2589,-.10852927E+04,1,0
Ag2Cd1Ge1Se4_stannite,Cd_Ge,Charged+2,2588,-.10881655E+04,1,0
Ag2Cd1Ge1Se4_stannite,Cd_Ge,Charged-1,2591,-.10793719E+04,1,0
Ag2Cd1Ge1Se4_stannite,Cd_Ge,Charged-2,2592,-.10763087E+04,1,0
Ag2Cd1Ge1Se4_stannite,Cd_Ge,Neutral,2590.0000,-.10823900E+04,1,0
Ag2Cd1Ge1Se4_stannite,Cd_Se,Charged+1,2597,-.10856464E+04,1,0
Ag2Cd1Ge1Se4_stannite,Cd_Se,Charged+2,2596,-.10886441E+04,1,0
Ag2Cd1Ge1Se4_stannite,Cd_Se,Charged-1,2599,-.10794877E+04,1,0
Ag2Cd1Ge1Se4_stannite,Cd_Se,Charged-2,2600,-.10762689E+04,1,0
Ag2Cd1Ge1Se4_stannite,Cd_Se,Neutral,2598.0000,-.10825987E+04,1,0
Ag2Cd1Ge1Se4_stannite,Cd_i,Charged+1,2603,-.10906552E+04,1,0
Ag2Cd1Ge1Se4_stannite,Cd_i,Charged+2,2602,-.10937189E+04,1,0
Ag2Cd1Ge1Se4_stannite,Cd_i,Charged-1,2605,-.10839398E+04,1,0
Ag2Cd1Ge1Se4_stannite,Cd_i,Charged-2,2606,-.10803803E+04,1,0
Ag2Cd1Ge1Se4_stannite,Cd_i,Neutral,2604.0000,-.10875390E+04,1,0
Ag2Cd1Ge1Se4_stannite,Ge_Se,Charged+1,2599,-.10891090E+04,1,0
Ag2Cd1Ge1Se4_stannite,Ge_Se,Charged+2,2598,-.10920795E+04,1,0
Ag2Cd1Ge1Se4_stannite,Ge_Se,Charged-1,2601,-.10830856E+04,1,0
Ag2Cd1Ge1Se4_stannite,Ge_Se,Charged-2,2602,-.10801459E+04,1,0
Ag2Cd1Ge1Se4_stannite,Ge_Se,Neutral,2600.0000,-.10861361E+04,1,0
Ag2Cd1Sn1S4_kesterite,Cd_Ag,Charged+1,2592,-.11661990E+04,1,0
Ag2Cd1Sn1S4_kesterite,Cd_Ag,Charged+2,2591,-.11700385E+04,1,0
Ag2Cd1Sn1S4_kesterite,Cd_Ag,Charged-1,2594,-.11580626E+04,1,0
Ag2Cd1Sn1S4_kesterite,Cd_Ag,Charged-2,2595,-.11530239E+04,1,0
Ag2Cd1Sn1S4_kesterite,Cd_Ag,Neutral,2593.0000,-.11621568E+04,1,0
Ag2Cd1Sn1S4_kesterite,Cd_i,Charged+1,2603,-.11680032E+04,1,0
Ag2Cd1Sn1S4_kesterite,Cd_i,Charged+2,2602,-.11720674E+04,1,0
Ag2Cd1Sn1S4_kesterite,Cd_i,Charged-1,2605,-.11591353E+04,1,0
Ag2Cd1Sn1S4_kesterite,Cd_i,Charged-2,2606,-.11547815E+04,1,0
Ag2Cd1Sn1S4_kesterite,Cd_i,Neutral,2604.0000,-.11638932E+04,1,0
Ag2Cd1Sn1S4_kesterite,S_Ag,Charged+1,2580,-.11630891E+04,1,0
Ag2Cd1Sn1S4_kesterite,S_Ag,Charged+2,2579,-.11668018E+04,1,0
Ag2Cd1Sn1S4_kesterite,S_Ag,Charged-1,2582,-.11555289E+04,1,0
Ag2Cd1Sn1S4_kesterite,S_Ag,Charged-2,2583,-.11514893E+04,1,0
Ag2Cd1Sn1S4_kesterite,S_Ag,Neutral,2581.0000,-.11593393E+04,1,0
Ag2Cd1Sn1S4_kesterite,Sn_S,Charged+1,2599,-.11653206E+04,1,0
Ag2Cd1Sn1S4_kesterite,Sn_S,Charged+2,2598,-.11693041E+04,1,0
Ag2Cd1Sn1S4_kesterite,Sn_S,Charged-1,2601,-.11570806E+04,1,0
Ag2Cd1Sn1S4_kesterite,Sn_S,Charged-2,2602,-.11528507E+04,1,0
Ag2Cd1Sn1S4_kesterite,Sn_S,Neutral,2600.0000,-.11612172E+04,1,0
Ag2Cd1Sn1S4_kesterite,V_Cd,Charged+1,2579,-.11634348E+04,1,0
Ag2Cd1Sn1S4_kesterite,V_Cd,Charged+2,2578,-.11671427E+04,1,0
Ag2Cd1Sn1S4_kesterite,V_Cd,Charged-1,2581,-.11558617E+04,1,0
Ag2Cd1Sn1S4_kesterite,V_Cd,Charged-2,2582,-.11519820E+04,1,0
Ag2Cd1Sn1S4_kesterite,V_Cd,Neutral,2580.0000,-.11596586E+04,1,0
Ag2Cd1Sn1S4_stannite,HSE,.,2592.0000,-.13558310E+04,1,1
Ag2Cd1Sn1Se4_kesterite,Sn_Cd,Charged+1,2579,-.10728318E+04,1,0
Ag2Cd1Sn1Se4_kesterite,Sn_Cd,Charged+2,2578,-.10757494E+04,1,0
Ag2Cd1Sn1Se4_kesterite,Sn_Cd,Charged-1,2581,-.10668916E+04,1,0
Ag2Cd1Sn1Se4_kesterite,Sn_Cd,Charged-2,2582,-.10639019E+04,1,0
Ag2Cd1Sn1Se4_kesterite,Sn_Cd,Neutral,2580.0000,-.10698825E+04,1,0
Ag2Cd1Sn1Se4_kesterite,V_Cd,Charged+1,2579,-.10728330E+04,1,0
Ag2Cd1Sn1Se4_kesterite,V_Cd,Charged+2,2578,-.10757468E+04,1,0
Ag2Cd1Sn1Se4_kesterite,V_Cd,Charged-1,2581,-.10668898E+04,1,0
Ag2Cd1Sn1Se4_kesterite,V_Cd,Charged-2,2582,-.10639079E+04,1,0
Ag2Cd1Sn1Se4_kesterite,V_Cd,Neutral,2580.0000,-.10698809E+04,1,0
Ag2Cd1Sn1Se4_stannite,Sn_Ag,Charged+1,2594,-.10753769E+04,1,0
Ag2Cd1Sn1Se4_stannite,Sn_Ag,Charged+2,2593,-.10786490E+04,1,0
Ag2Cd1Sn1Se4_stannite,Sn_Ag,Charged-1,2596,-.10689522E+04,1,0
Ag2Cd1Sn1Se4_stannite,Sn_Ag,Charged-2,2597,-.10650284E+04,1,0
Ag2Cd1Sn1Se4_stannite,Sn_Ag,Neutral,2595.0000,-.10721698E+04,1,0
Ag2Cd1Sn1Se4_stannite,Sn_i,Charged+1,2605,,0,0
Ag2Cd1Sn1Se4_stannite,Sn_i,Charged+2,2604,,0,0
Ag2Cd1Sn1Se4_stannite,Sn_i,Charged-1,2607,,0,0
Ag2Cd1Sn1Se4_stannite,Sn_i,Charged-2,2608,,0,0
Ag2Cd1Sn1Se4_stannite,Sn_i,Neutral,,,0,0
Ag2Mg0.5Ba0.5Zr1S4_kesterite,Mg_S,Charged+1,2299,-.15353783E+04,1,0
Ag2Mg0.5Ba0.5Zr1S4_kesterite,Mg_S,Charged+2,2298,-.15372385E+04,1,0
Ag2Mg0.5Ba0.5Zr1S4_kesterite,Mg_S,Charged-1,2301,-.15233595E+04,1,0
Ag2Mg0.5Ba0.5Zr1S4_kesterite,Mg_S,Charged-2,2302,-.15184123E+04,1,0
Ag2Mg0.5Ba0.5Zr1S4_kesterite,Mg_S,Neutral,2300.0000,-.15323799E+04,1,0
Ag2Mg0.5Ba0.5Zr1S4_kesterite,V_Mg,Charged+1,2301,-.15301329E+04,1,0
Ag2Mg0.5Ba0.5Zr1S4_kesterite,V_Mg,Charged+2,2300,-.15333917E+04,1,0
Ag2Mg0.5Ba0.5Zr1S4_kesterite,V_Mg,Charged-1,2303,-.15234714E+04,1,0
Ag2Mg0.5Ba0.5Zr1S4_kesterite,V_Mg,Charged-2,2304,-.15199961E+04,1,0
Ag2Mg0.5Ba0.5Zr1S4_kesterite,V_Mg,Neutral,2302.0000,-.15268342E+04,1,0
Ag2Mg0.5Ba0.5Zr1S4_kesterite,Zr_Ba,Charged+1,2293,-.15287826E+04,1,0
Ag2Mg0.5Ba0.5Zr1S4_kesterite,Zr_Ba,Charged+2,2292,-.15319901E+04,1,0
Ag2Mg0.5Ba0.5Zr1S4_kesterite,Zr_Ba,Charged-1,2295,-.15222814E+04,1,0
Ag2Mg0.5Ba0.5Zr1S4_kesterite,Zr_Ba,Charged-2,2296,-.15189172E+04,1,0
Ag2Mg0.5Ba0.5Zr1S4_kesterite,Zr_Ba,Neutral,2294.0000,-.15255388E+04,1,0
Ag2Mg0.5Ba0.5Zr1S4_stannite,Ag_Ba,Charged+1,2293,-.15291501E+04,1,0
Ag2Mg0.5Ba0.5Zr1S4_stannite,Ag_Ba,Charged+2,2292,-.15327791E+04,1,0
Ag2Mg0.5Ba0.5Zr1S4_stannite,Ag_Ba,Charged-1,2295,-.15221882E+04,1,0
Ag2Mg0.5Ba0.5Zr1S4_stannite,Ag_Ba,Charged-2,2296,-.15186470E+04,1,0
Ag2Mg0.5Ba0.5Zr1S4_stannite,Ag_Ba,Neutral,2294.0000,-.15256867E+04,1,0
Ag2Mg0.5Ba0.5Zr1S4_stannite,Ag_S,Charged+1,2308,-.15350616E+04,1,0
Ag2Mg0.5Ba0.5Zr1S4_stannite,Ag_S,Charged+2,2307,-.15388606E+04,1,0
Ag2Mg0.5Ba0.5Zr1S4_stannite,Ag_S,Charged-1,2310,-.15241709E+04,1,0
Ag2Mg0.5Ba0.5Zr1S4_stannite,Ag_S,Charged-2,2311,,0,0
Ag2Mg0.5Ba0.5Zr1S4_stannite,Ag_S,Neutral,2309.0000,-.15303290E+04,1,0
Ag2Mg0.5Ba0.5Zr1S4_stannite,Mg_S,Charged+1,2299,-.15341095E+04,1,0
Ag2Mg0.5Ba0.5Zr1S4_stannite,Mg_S,Charged+2,2298,-.15390558E+04,1,0
Ag2Mg0.5Ba0.5Zr1S4_stannite,Mg_S,Charged-1,2301,-.15244706E+04,1,0
Ag2Mg0.5Ba0.5Zr1S4_stannite,Mg_S,Charged-2,2302,-.15191686E+04,1,0
Ag2Mg0.5Ba0.5Zr1S4_stannite,Mg_S,Neutral,2300.0000,-.15266363E+04,1,0
Ag2Mg0.5Ba0.5Zr1S4_stannite,S_Zr,Charged+1,2291,-.15197347E+04,1,0
Ag2Mg0.5Ba0.5Zr1S4_stannite,S_Zr,Charged+2,2290,-.15231597E+04,1,0
Ag2Mg0.5Ba0.5Zr1S4_stannite,S_Zr,Charged-1,2293,-.15136088E+04,1,0
Ag2Mg0.5Ba0.5Zr1S4_stannite,S_Zr,Charged-2,2294,-.15100764E+04,1,0
Ag2Mg0.5Ba0.5Zr1S4_stannite,S_Zr,Neutral,2292.0000,-.15162350E+04,1,0
Ag2Mg0.5Ba0.5Zr1S4_stannite,S_i,Charged+1,2309,-.15428349E+04,1,0
Ag2Mg0.5Ba0.5Zr1S4_stannite,S_i,Charged+2,2308,-.15448847E+04,1,0
Ag2Mg0.5Ba0.5Zr1S4_stannite,S_i,Charged-1,2311,-.15342443E+04,1,0
Ag2Mg0.5Ba0.5Zr1S4_stannite,S_i,Charged-2,2312,-.15318654E+04,1,0
Ag2Mg0.5Ba0.5Zr1S4_stannite,S_i,Neutral,2310.0000,-.15394058E+04,1,0
Ag2Mg0.5Ba0.5Zr1S4_stannite,V_S,Charged+1,2297,-.15325874E+04,1,0
Ag2Mg0.5Ba0.5Zr1S4_stannite,V_S,Charged+2,2296,-.15355544E+04,1,0
Ag2Mg0.5Ba0.5Zr1S4_stannite,V_S,Charged-1,2299,-.15212159E+04,1,0
Ag2Mg0.5Ba0.5Zr1S4_stannite,V_S,Charged-2,2300,-.15161936E+04,1,0
Ag2Mg0.5Ba0.5Zr1S4_stannite,V_S,Neutral,2298.0000,-.15262894E+04,1,0
Ag2Mg1Ge1S4_kesterite,Mg_S,Charged+1,2227,-.12635668E+04,1,0
Ag2Mg1Ge1S4_kesterite,Mg_S,Charged+2,2226,-.12683903E+04,1,0
Ag2Mg1Ge1S4_kesterite,Mg_S,Charged-1,2229,-.12546763E+04,1,0
Ag2Mg1Ge1S4_kesterite,Mg_S,Charged-2,2230,-.12497318E+04,1,0
Ag2Mg1Ge1S4_kesterite,Mg_S,Neutral,2228.0000,-.12595527E+04,1,0
Ag2Mg1Ge1S4_stannite,S_Ag,Charged+1,2220,-.12594240E+04,1,0
Ag2Mg1Ge1S4_stannite,S_Ag,Charged+2,2219,-.12633138E+04,1,0
Ag2Mg1Ge1S4_stannite,S_Ag,Charged-1,2222,-.12515321E+04,1,0
Ag2Mg1Ge1S4_stannite,S_Ag,Charged-2,2223,-.12468384E+04,1,0
Ag2Mg1Ge1S4_stannite,S_Ag,Neutral,2221.0000,-.12555034E+04,1,0
Ag2Mg1Ge1S4_stannite,S_i,Charged+1,2237,-.12657299E+04,1,0
Ag2Mg1Ge1S4_stannite,S_i,Charged+2,2236,-.12697427E+04,1,0
Ag2Mg1Ge1S4_stannite,S_i,Charged-1,2239,-.12577125E+04,1,0
Ag2Mg1Ge1S4_stannite,S_i,Charged-2,2240,-.12529144E+04,1,0
Ag2Mg1Ge1S4_stannite,S_i,Neutral,2238.0000,-.12624945E+04,1,0
Ag2Mg1Ge1Se4_kesterite,Mg_Ge,Charged+1,2219,-.11531094E+04,1,0
Ag2Mg1Ge1Se4_kesterite,Mg_Ge,Charged+2,2218,-.11559688E+04,1,0
Ag2Mg1Ge1Se4_kesterite,Mg_Ge,Charged-1,2221,-.11472807E+04,1,0
Ag2Mg1Ge1Se4_kesterite,Mg_Ge,Charged-2,2222,-.11442043E+04,1,0
Ag2Mg1Ge1Se4_kesterite,Mg_Ge,Neutral,2220.0000,-.11502348E+04,1,0
Ag2Mg1Ge1Se4_kesterite,Mg_Se,Charged+1,2227,-.11534091E+04,1,0
Ag2Mg1Ge1Se4_kesterite,Mg_Se,Charged+2,2226,-.11568891E+04,1,0
Ag2Mg1Ge1Se4_kesterite,Mg_Se,Charged-1,2229,-.11459074E+04,1,0
Ag2Mg1Ge1Se4_kesterite,Mg_Se,Charged-2,2230,-.11427334E+04,1,0
Ag2Mg1Ge1Se4_kesterite,Mg_Se,Neutral,2228.0000,-.11499944E+04,1,0
Ag2Mg1Ge1Se4_kesterite,Se_Ge,Charged+1,2217,-.11480922E+04,1,0
Ag2Mg1Ge1Se4_kesterite,Se_Ge,Charged+2,2216,-.11509489E+04,1,0
Ag2Mg1Ge1Se4_kesterite,Se_Ge,Charged-1,2219,-.11416182E+04,1,0
Ag2Mg1Ge1Se4_kesterite,Se_Ge,Charged-2,2220,-.11385305E+04,1,0
Ag2Mg1Ge1Se4_kesterite,Se_Ge,Neutral,2218.0000,-.11446744E+04,1,0
Ag2Mg1Ge1Se4_stannite,Ge_Se,Charged+1,2239,-.11516748E+04,1,0
Ag2Mg1Ge1Se4_stannite,Ge_Se,Charged+2,2238,-.11548125E+04,1,0
Ag2Mg1Ge1Se4_stannite,Ge_Se,Charged-1,2241,-.11451955E+04,1,0
Ag2Mg1Ge1Se4_stannite,Ge_Se,Charged-2,2242,-.11418756E+04,1,0
Ag2Mg1Ge1Se4_stannite,Ge_Se,Neutral,2240.0000,-.11484748E+04,1,0
Ag2Mg1Ge1Se4_stannite,Mg_Se,Charged+1,2227,-.11492285E+04,1,0
Ag2Mg1Ge1Se4_stannite,Mg_Se,Charged+2,2226,-.11524559E+04,1,0
Ag2Mg1Ge1Se4_stannite,Mg_Se,Charged-1,2229,-.11424216E+04,1,0
Ag2Mg1Ge1Se4_stannite,Mg_Se,Charged-2,2230,-.11383584E+04,1,0
Ag2Mg1Ge1Se4_stannite,Mg_Se,Neutral,2228.0000,-.11459569E+04,1,0
Ag2Mg1Ge1Se4_stannite,V_Ge,Charged+1,2217,-.11447632E+04,1,0
Ag2Mg1Ge1Se4_stannite,V_Ge,Charged+2,2216,-.11479218E+04,1,0
Ag2Mg1Ge1Se4_stannite,V_Ge,Charged-1,2219,-.11382570E+04,1,0
Ag2Mg1Ge1Se4_stannite,V_Ge,Charged-2,2220,-.11349679E+04,1,0
Ag2Mg1Ge1Se4_stannite,V_Ge,Neutral,2218.0000,-.11414892E+04,1,0
Ag2Mg1Ge1Te4_kesterite,Ge_Te,Charged+1,2239,-.10502511E+04,1,0
Ag2Mg1Ge1Te4_kesterite,Ge_Te,Charged+2,2238,-.10543829E+04,1,0
Ag2Mg1Ge1Te4_kesterite,Ge_Te,Charged-1,2241,-.10417587E+04,1,0
Ag2Mg1Ge1Te4_kesterite,Ge_Te,Charged-2,2242,-.10374096E+04,1,0
Ag2Mg1Ge1Te4_kesterite,Ge_Te,Neutral,2240.0000,-.10460738E+04,1,0
Ag2Mg1Ge1Te4_kesterite,Ge_i,Charged+1,2245,-.10546091E+04,1,0
Ag2Mg1Ge1Te4_kesterite,Ge_i,Charged+2,2244,-.10589243E+04,1,0
Ag2Mg1Ge1Te4_kesterite,Ge_i,Charged-1,2247,-.10458171E+04,1,0
Ag2Mg1Ge1Te4_kesterite,Ge_i,Charged-2,2248,-.10413273E+04,1,0
Ag2Mg1Ge1Te4_kesterite,Ge_i,Neutral,2246.0000,-.10502343E+04,1,0
Ag2Mg1Ge1Te4_stannite,Ge_i,Charged+1,2245,-.10531370E+04,1,0
Ag2Mg1Ge1Te4_stannite,Ge_i,Charged+2,2244,-.10574545E+04,1,0
Ag2Mg1Ge1Te4_stannite,Ge_i,Charged-1,2247,-.10442090E+04,1,0
Ag2Mg1Ge1Te4_stannite,Ge_i,Charged-2,2248,-.10396241E+04,1,0
Ag2Mg1Ge1Te4_stannite,Ge_i,Neutral,2246.0000,-.10487980E+04,1,0
Ag2Mg1Ge1Te4_stannite,Mg_i,Charged+1,2233,-.10513735E+04,1,0
Ag2Mg1Ge1Te4_stannite,Mg_i,Charged+2,2232,-.10556826E+04,1,0
Ag2Mg1Ge1Te4_stannite,Mg_i,Charged-1,2235,-.10425309E+04,1,0
Ag2Mg1Ge1Te4_stannite,Mg_i,Charged-2,2236,-.10379454E+04,1,0
Ag2Mg1Ge1Te4_stannite,Mg_i,Neutral,2234.0000,-.10470327E+04,1,0
Ag2Mg1Ge1Te4_stannite,Te_Ag,Charged+1,2220,-.10456049E+04,1,0
Ag2Mg1Ge1Te4_stannite,Te_Ag,Charged+2,2219,-.10498315E+04,1,0
Ag2Mg1Ge1Te4_stannite,Te_Ag,Charged-1,2222,-.10371200E+04,1,0
Ag2Mg1Ge1Te4_stannite,Te_Ag,Charged-2,2223,-.10328501E+04,1,0
Ag2Mg1Ge1Te4_stannite,Te_Ag,Neutral,2221.0000,-.10413679E+04,1,0
Ag2Mg1Ge1Te4_stannite,Te_Ge,Charged+1,2217,-.10422483E+04,1,0
Ag2Mg1Ge1Te4_stannite,Te_Ge,Charged+2,2216,-.10464456E+04,1,0
Ag2Mg1Ge1Te4_stannite,Te_Ge,Charged-1,2219,-.10337473E+04,1,0
Ag2Mg1Ge1Te4_stannite,Te_Ge,Charged-2,2220,-.10294669E+04,1,0
Ag2Mg1Ge1Te4_stannite,Te_Ge,Neutral,2218.0000,-.10380269E+04,1,0
Ag2Mg1Sn1S4_kesterite,Ag_i,Charged+1,2242,-.12459312E+04,1,0
Ag2Mg1Sn1S4_kesterite,Ag_i,Charged+2,2241,-.12499674E+04,1,0
Ag2Mg1Sn1S4_kesterite,Ag_i,Charged-1,2244,-.12364841E+04,1,0
Ag2Mg1Sn1S4_kesterite,Ag_i,Charged-2,2245,-.12311311E+04,1,0
Ag2Mg1Sn1S4_kesterite,Ag_i,Neutral,2243.0000,-.12412388E+04,1,0
Ag2Mg1Sn1S4_kesterite,Mg_i,Charged+1,2233,-.12455204E+04,1,0
Ag2Mg1Sn1S4_kesterite,Mg_i,Charged+2,2232,-.12502863E+04,1,0
Ag2Mg1Sn1S4_kesterite,Mg_i,Charged-1,2235,-.12363696E+04,1,0
Ag2Mg1Sn1S4_kesterite,Mg_i,Charged-2,2236,-.12315832E+04,1,0
Ag2Mg1Sn1S4_kesterite,Mg_i,Neutral,2234.0000,-.12411406E+04,1,0
Ag2Mg1Sn1S4_kesterite,S_i,Charged+1,2237,-.12457179E+04,1,0
Ag2Mg1Sn1S4_kesterite,S_i,Charged+2,2236,-.12497477E+04,1,0
Ag2Mg1Sn1S4_kesterite,S_i,Charged-1,2239,-.12368095E+04,1,0
Ag2Mg1Sn1S4_kesterite,S_i,Charged-2,2240,-.12320972E+04,1,0
Ag2Mg1Sn1S4_kesterite,S_i,Neutral,2238.0000,-.12418235E+04,1,0
Ag2Mg1Sn1S4_kesterite,V_Ag,Charged+1,2220,-.12387454E+04,1,0
Ag2Mg1Sn1S4_kesterite,V_Ag,Charged+2,2219,-.12425567E+04,1,0
Ag2Mg1Sn1S4_kesterite,V_Ag,Charged-1,2222,-.12308964E+04,1,0
Ag2Mg1Sn1S4_kesterite,V_Ag,Charged-2,2223,-.12262655E+04,1,0
Ag2Mg1Sn1S4_kesterite,V_Ag,Neutral,2221.0000,-.12348504E+04,1,0
Ag2Mg1Sn1S4_stannite,HSE,.,2232.0000,-.14292635E+04,1,1
Ag2Mg1Sn1Se4_kesterite,Ag_Sn,Charged+1,2228,-.11365238E+04,1,0
Ag2Mg1Sn1Se4_kesterite,Ag_Sn,Charged+2,2227,-.11396764E+04,1,0
Ag2Mg1Sn1Se4_kesterite,Ag_Sn,Charged-1,2230,-.11300295E+04,1,0
Ag2Mg1Sn1Se4_kesterite,Ag_Sn,Charged-2,2231,-.11266974E+04,1,0
Ag2Mg1Sn1Se4_kesterite,Ag_Sn,Neutral,2229.0000,-.11333061E+04,1,0
Ag2Mg1Sn1Se4_kesterite,Mg_Ag,Charged+1,2222,-.11407649E+04,1,0
Ag2Mg1Sn1Se4_kesterite,Mg_Ag,Charged+2,2221,-.11439316E+04,1,0
Ag2Mg1Sn1Se4_kesterite,Mg_Ag,Charged-1,2224,-.11340769E+04,1,0
Ag2Mg1Sn1Se4_kesterite,Mg_Ag,Charged-2,2225,-.11299134E+04,1,0
Ag2Mg1Sn1Se4_kesterite,Mg_Ag,Neutral,2223.0000,-.11374471E+04,1,0
Ag2Mg1Sn1Se4_kesterite,Sn_Se,Charged+1,2239,-.11385120E+04,1,0
Ag2Mg1Sn1Se4_kesterite,Sn_Se,Charged+2,2238,-.11423168E+04,1,0
Ag2Mg1Sn1Se4_kesterite,Sn_Se,Charged-1,2241,-.11317312E+04,1,0
Ag2Mg1Sn1Se4_kesterite,Sn_Se,Charged-2,2242,-.11281392E+04,1,0
Ag2Mg1Sn1Se4_kesterite,Sn_Se,Neutral,2240.0000,-.11351494E+04,1,0
Ag2Mg1Sn1Se4_stannite,Se_Mg,Charged+1,2229,-.11324104E+04,1,0
Ag2Mg1Sn1Se4_stannite,Se_Mg,Charged+2,2228,-.11356243E+04,1,0
Ag2Mg1Sn1Se4_stannite,Se_Mg,Charged-1,2231,-.11259481E+04,1,0
Ag2Mg1Sn1Se4_stannite,Se_Mg,Charged-2,2232,-.11226801E+04,1,0
Ag2Mg1Sn1Se4_stannite,Se_Mg,Neutral,2230.0000,-.11291974E+04,1,0
Ag2Mg1Sn1Se4_stannite,Sn_Ag,Charged+1,2234,-.11381298E+04,1,0
Ag2Mg1Sn1Se4_stannite,Sn_Ag,Charged+2,2233,-.11414864E+04,1,0
Ag2Mg1Sn1Se4_stannite,Sn_Ag,Charged-1,2236,-.11312744E+04,1,0
Ag2Mg1Sn1Se4_stannite,Sn_Ag,Charged-2,2237,-.11271895E+04,1,0
Ag2Mg1Sn1Se4_stannite,Sn_Ag,Neutral,2235.0000,-.11347014E+04,1,0
Ag2Mg1Zr1S2Se2_kesterite,Ag_Zr,Charged+1,2147,-.14352472E+04,1,0
Ag2Mg1Zr1S2Se2_kesterite,Ag_Zr,Charged+2,2146,-.14383129E+04,1,0
Ag2Mg1Zr1S2Se2_kesterite,Ag_Zr,Charged-1,2149,-.14285586E+04,1,0
Ag2Mg1Zr1S2Se2_kesterite,Ag_Zr,Charged-2,2150,-.14255548E+04,1,0
Ag2Mg1Zr1S2Se2_kesterite,Ag_Zr,Neutral,2148.0000,-.14319337E+04,1,0
Ag2Mg1Zr1S2Se2_kesterite,Mg_S,Charged+1,2155,-.14474735E+04,1,0
Ag2Mg1Zr1S2Se2_kesterite,Mg_S,Charged+2,2154,-.14501539E+04,1,0
Ag2Mg1Zr1S2Se2_kesterite,Mg_S,Charged-1,2157,-.14374930E+04,1,0
Ag2Mg1Zr1S2Se2_kesterite,Mg_S,Charged-2,2158,-.14327321E+04,1,0
Ag2Mg1Zr1S2Se2_kesterite,Mg_S,Neutral,2156.0000,-.14422228E+04,1,0
Ag2Mg1Zr1S2Se2_kesterite,S_Ag,Charged+1,2154,-.14510524E+04,1,0
Ag2Mg1Zr1S2Se2_kesterite,S_Ag,Charged+2,2153,-.14541454E+04,1,0
Ag2Mg1Zr1S2Se2_kesterite,S_Ag,Charged-1,2156,-.14444012E+04,1,0
Ag2Mg1Zr1S2Se2_kesterite,S_Ag,Charged-2,2157,-.14400374E+04,1,0
Ag2Mg1Zr1S2Se2_kesterite,S_Ag,Neutral,2155.0000,-.14458910E+04,1,0
Ag2Mg1Zr1S2Se2_kesterite,S_Zr,Charged+1,2147,-.14352442E+04,1,0
Ag2Mg1Zr1S2Se2_kesterite,S_Zr,Charged+2,2146,-.14383182E+04,1,0
Ag2Mg1Zr1S2Se2_kesterite,S_Zr,Charged-1,2149,-.14285476E+04,1,0
Ag2Mg1Zr1S2Se2_kesterite,S_Zr,Charged-2,2150,-.14249692E+04,1,0
Ag2Mg1Zr1S2Se2_kesterite,S_Zr,Neutral,2148.0000,-.14319269E+04,1,0
Ag2Mg1Zr1S2Se2_kesterite,S_i,Charged+1,2165,-.14550897E+04,1,0
Ag2Mg1Zr1S2Se2_kesterite,S_i,Charged+2,2164,-.14581842E+04,1,0
Ag2Mg1Zr1S2Se2_kesterite,S_i,Charged-1,2167,-.14472996E+04,1,0
Ag2Mg1Zr1S2Se2_kesterite,S_i,Charged-2,2168,-.14432791E+04,1,0
Ag2Mg1Zr1S2Se2_kesterite,S_i,Neutral,2166.0000,-.14519029E+04,1,0
Ag2Mg1Zr1S2Se2_kesterite,Se_Ag,Charged+1,2154,-.14507791E+04,1,0
Ag2Mg1Zr1S2Se2_kesterite,Se_Ag,Charged+2,2153,-.14538836E+04,1,0
Ag2Mg1Zr1S2Se2_kesterite,Se_Ag,Charged-1,2156,-.14440112E+04,1,0
Ag2Mg1Zr1S2Se2_kesterite,Se_Ag,Charged-2,2157,-.14392701E+04,1,0
Ag2Mg1Zr1S2Se2_kesterite,Se_Ag,Neutral,2155.0000,-.14456284E+04,1,0
Ag2Mg1Zr1S2Se2_kesterite,V_Ag,Charged+1,2148,-.14464308E+04,1,0
Ag2Mg1Zr1S2Se2_kesterite,V_Ag,Charged+2,2147,-.14494615E+04,1,0
Ag2Mg1Zr1S2Se2_kesterite,V_Ag,Charged-1,2150,-.14403349E+04,1,0
Ag2Mg1Zr1S2Se2_kesterite,V_Ag,Charged-2,2151,-.14356517E+04,1,0
Ag2Mg1Zr1S2Se2_kesterite,V_Ag,Neutral,2149.0000,-.14433880E+04,1,0
Ag2Mg1Zr1S2Se2_stannite,Se_S,Charged+1,2159,-.14489154E+04,1,0
Ag2Mg1Zr1S2Se2_stannite,Se_S,Charged+2,2158,-.14521877E+04,1,0
Ag2Mg1Zr1S2Se2_stannite,Se_S,Charged-1,2161,-.14408507E+04,1,0
Ag2Mg1Zr1S2Se2_stannite,Se_S,Charged-2,2162,-.14360505E+04,1,0
Ag2Mg1Zr1S2Se2_stannite,Se_S,Neutral,2160.0000,-.14455988E+04,1,0
Ag2Sr1Ge1S4_stannite,S_Ge,Charged+1,2505,-.13275781E+04,1,0
Ag2Sr1Ge1S4_stannite,S_Ge,Charged+2,2504,-.13324055E+04,1,0
Ag2Sr1Ge1S4_stannite,S_Ge,Charged-1,2507,-.13176248E+04,1,0
Ag2Sr1Ge1S4_stannite,S_Ge,Charged-2,2508,-.13125818E+04,1,0
Ag2Sr1Ge1S4_stannite,S_Ge,Neutral,2506.0000,-.13226202E+04,1,0
Ag2Sr1Ge1S4_stannite,Sr_i,Charged+1,2529,-.13385312E+04,1,0
Ag2Sr1Ge1S4_stannite,Sr_i,Charged+2,2528,-.13412143E+04,1,0
Ag2Sr1Ge1S4_stannite,Sr_i,Charged-1,2531,-.13271858E+04,1,0
Ag2Sr1Ge1S4_stannite,Sr_i,Charged-2,2532,,0,0
Ag2Sr1Ge1S4_stannite,Sr_i,Neutral,2530.0000,-.13328679E+04,1,0
Ag2Sr1Ge1S4_stannite,V_Ge,Charged+1,2505,-.13275208E+04,1,0
Ag2Sr1Ge1S4_stannite,V_Ge,Charged+2,2504,-.13324023E+04,1,0
Ag2Sr1Ge1S4_stannite,V_Ge,Charged-1,2507,-.13176270E+04,1,0
Ag2Sr1Ge1S4_stannite,V_Ge,Charged-2,2508,-.13126053E+04,1,0
Ag2Sr1Ge1S4_stannite,V_Ge,Neutral,2506.0000,-.13226085E+04,1,0
Ag2Sr1Sn1S4_kesterite,Sr_S,Charged+1,2523,-.12789112E+04,1,0
Ag2Sr1Sn1S4_kesterite,Sr_S,Charged+2,2522,-.12829690E+04,1,0
Ag2Sr1Sn1S4_kesterite,Sr_S,Charged-1,2525,-.12710206E+04,1,0
Ag2Sr1Sn1S4_kesterite,Sr_S,Charged-2,2526,-.12667860E+04,1,0
Ag2Sr1Sn1S4_kesterite,Sr_S,Neutral,2524.0000,-.12747791E+04,1,0
Ag2Sr1Sn1S4_kesterite,V_S,Charged+1,2513,-.12742444E+04,1,0
Ag2Sr1Sn1S4_kesterite,V_S,Charged+2,2512,-.12775389E+04,1,0
Ag2Sr1Sn1S4_kesterite,V_S,Charged-1,2515,-.12667491E+04,1,0
Ag2Sr1Sn1S4_kesterite,V_S,Charged-2,2516,-.12625890E+04,1,0
Ag2Sr1Sn1S4_kesterite,V_S,Neutral,2514.0000,-.12708456E+04,1,0
Ag2Sr1Sn1S4_kesterite,V_Sr,Charged+1,2509,-.12724387E+04,1,0
Ag2Sr1Sn1S4_kesterite,V_Sr,Charged+2,2508,-.12756642E+04,1,0
Ag2Sr1Sn1S4_kesterite,V_Sr,Charged-1,2511,-.12658158E+04,1,0
Ag2Sr1Sn1S4_kesterite,V_Sr,Charged-2,2512,-.12623282E+04,1,0
Ag2Sr1Sn1S4_kesterite,V_Sr,Neutral,2510.0000,-.12691845E+04,1,0
Ag2Sr1Sn1Se4_stannite,Ag_Se,Charged+1,2524,-.12033555E+04,1,0
Ag2Sr1Sn1Se4_stannite,Ag_Se,Charged+2,2523,-.12076747E+04,1,0
Ag2Sr1Sn1Se4_stannite,Ag_Se,Charged-1,2526,-.11938379E+04,1,0
Ag2Sr1Sn1Se4_stannite,Ag_Se,Charged-2,2527,-.11890020E+04,1,0
Ag2Sr1Sn1Se4_stannite,Ag_Se,Neutral,2525.0000,-.11984314E+04,1,0
Ag2Sr1Sn1Se4_stannite,Se_i,Charged+1,2525,-.12085947E+04,1,0
Ag2Sr1Sn1Se4_stannite,Se_i,Charged+2,2524,-.12123815E+04,1,0
Ag2Sr1Sn1Se4_stannite,Se_i,Charged-1,2527,-.11991264E+04,1,0
Ag2Sr1Sn1Se4_stannite,Se_i,Charged-2,2528,-.11945330E+04,1,0
Ag2Sr1Sn1Se4_stannite,Se_i,Neutral,2526.0000,-.12040019E+04,1,0
Ag2Sr1Zr1S2Se1Te1_stannite,Ag_Sr,Charged+1,2437,-.14727296E+04,1,0
Ag2Sr1Zr1S2Se1Te1_stannite,Ag_Sr,Charged+2,2436,-.14762716E+04,1,0
Ag2Sr1Zr1S2Se1Te1_stannite,Ag_Sr,Charged-1,2439,-.14664845E+04,1,0
Ag2Sr1Zr1S2Se1Te1_stannite,Ag_Sr,Charged-2,2440,-.14628376E+04,1,0
Ag2Sr1Zr1S2Se1Te1_stannite,Ag_Sr,Neutral,2438.0000,-.14691344E+04,1,0
Ag2Sr1Zr1S2Se1Te1_stannite,S_Se,Charged+1,2447,-.14804845E+04,1,0
Ag2Sr1Zr1S2Se1Te1_stannite,S_Se,Charged+2,2446,-.14841341E+04,1,0
Ag2Sr1Zr1S2Se1Te1_stannite,S_Se,Charged-1,2449,-.14719849E+04,1,0
Ag2Sr1Zr1S2Se1Te1_stannite,S_Se,Charged-2,2450,-.14671408E+04,1,0
Ag2Sr1Zr1S2Se1Te1_stannite,S_Se,Neutral,2448.0000,-.14767775E+04,1,0
Ag2Sr1Zr1S2Se1Te1_stannite,Sr_i,Charged+1,2457,-.14834692E+04,1,0
Ag2Sr1Zr1S2Se1Te1_stannite,Sr_i,Charged+2,2456,-.14885653E+04,1,0
Ag2Sr1Zr1S2Se1Te1_stannite,Sr_i,Charged-1,2459,-.14737363E+04,1,0
Ag2Sr1Zr1S2Se1Te1_stannite,Sr_i,Charged-2,2460,,0,0
Ag2Sr1Zr1S2Se1Te1_stannite,Sr_i,Neutral,2458.0000,,0,0
Ag2Sr1Zr1S2Se1Te1_stannite,Te_Ag,Charged+1,2442,-.14794568E+04,1,0
Ag2Sr1Zr1S2Se1Te1_stannite,Te_Ag,Charged+2,2441,-.14831930E+04,1,0
Ag2Sr1Zr1S2Se1Te1_stannite,Te_Ag,Charged-1,2444,-.14716449E+04,1,0
Ag2Sr1Zr1S2Se1Te1_stannite,Te_Ag,Charged-2,2445,-.14668278E+04,1,0
Ag2Sr1Zr1S2Se1Te1_stannite,Te_Ag,Neutral,2443.0000,-.14755634E+04,1,0
Ag2Sr1Zr1S2Se1Te1_stannite,Te_Se,Charged+1,2447,-.14788326E+04,1,0
Ag2Sr1Zr1S2Se1Te1_stannite,Te_Se,Charged+2,2446,-.14824958E+04,1,0
Ag2Sr1Zr1S2Se1Te1_stannite,Te_Se,Charged-1,2449,-.14702901E+04,1,0
Ag2Sr1Zr1S2Se1Te1_stannite,Te_Se,Charged-2,2450,-.14654262E+04,1,0
Ag2Sr1Zr1S2Se1Te1_stannite,Te_Se,Neutral,2448.0000,-.14751038E+04,1,0
Ag2Sr1Zr1S2Se1Te1_stannite,Te_Sr,Charged+1,2437,-.14727251E+04,1,0
Ag2Sr1Zr1S2Se1Te1_stannite,Te_Sr,Charged+2,2436,-.14762562E+04,1,0
Ag2Sr1Zr1S2Se1Te1_stannite,Te_Sr,Charged-1,2439,-.14664753E+04,1,0
Ag2Sr1Zr1S2Se1Te1_stannite,Te_Sr,Charged-2,2440,-.14628280E+04,1,0
Ag2Sr1Zr1S2Se1Te1_stannite,Te_Sr,Neutral,2438.0000,-.14691630E+04,1,0
Ag2Sr1Zr1S2Se1Te1_stannite,Te_Zr,Charged+1,2441,-.14701076E+04,1,0
Ag2Sr1Zr1S2Se1Te1_stannite,Te_Zr,Charged+2,2440,-.14737745E+04,1,0
Ag2Sr1Zr1S2Se1Te1_stannite,Te_Zr,Charged-1,2443,-.14617980E+04,1,0
Ag2Sr1Zr1S2Se1Te1_stannite,Te_Zr,Charged-2,2444,-.14572230E+04,1,0
Ag2Sr1Zr1S2Se1Te1_stannite,Te_Zr,Neutral,2442.0000,-.14663617E+04,1,0
Ag2Sr1Zr1S2Se1Te1_stannite,V_S,Charged+1,2441,-.14729153E+04,1,0
Ag2Sr1Zr1S2Se1Te1_stannite,V_S,Charged+2,2440,-.14765249E+04,1,0
Ag2Sr1Zr1S2Se1Te1_stannite,V_S,Charged-1,2443,-.14644277E+04,1,0
Ag2Sr1Zr1S2Se1Te1_stannite,V_S,Charged-2,2444,-.14596065E+04,1,0
Ag2Sr1Zr1S2Se1Te1_stannite,V_S,Neutral,2442.0000,-.14692267E+04,1,0
Ag2Sr1Zr1S2Se1Te1_stannite,V_Se,Charged+1,2441,-.14732953E+04,1,0
Ag2Sr1Zr1S2Se1Te1_stannite,V_Se,Charged+2,2440,-.14782013E+04,1,0
Ag2Sr1Zr1S2Se1Te1_stannite,V_Se,Charged-1,2443,-.14648385E+04,1,0
Ag2Sr1Zr1S2Se1Te1_stannite,V_Se,Charged-2,2444,-.14599736E+04,1,0
Ag2Sr1Zr1S2Se1Te1_stannite,V_Se,Neutral,2442.0000,-.14696203E+04,1,0
Ag2Sr1Zr1S2Se1Te1_stannite,Zr_Ag,Charged+1,2448,-.14861734E+04,1,0
Ag2Sr1Zr1S2Se1Te1_stannite,Zr_Ag,Charged+2,2447,-.14906910E+04,1,0
Ag2Sr1Zr1S2Se1Te1_stannite,Zr_Ag,Charged-1,2450,-.14772338E+04,1,0
Ag2Sr1Zr1S2Se1Te1_stannite,Zr_Ag,Charged-2,2451,-.14724146E+04,1,0
Ag2Sr1Zr1S2Se1Te1_stannite,Zr_Ag,Neutral,2449.0000,-.14815676E+04,1,0
Ag2Sr1Zr1S2Se1Te1_stannite,Zr_Se,Charged+1,2453,-.14836715E+04,1,0
Ag2Sr1Zr1S2Se1Te1_stannite,Zr_Se,Charged+2,2452,-.14878004E+04,1,0
Ag2Sr1Zr1S2Se1Te1_stannite,Zr_Se,Charged-1,2455,-.14744351E+04,1,0
Ag2Sr1Zr1S2Se1Te1_stannite,Zr_Se,Charged-2,2456,,0,0
Ag2Sr1Zr1S2Se1Te1_stannite,Zr_Se,Neutral,2454.0000,-.14792800E+04,1,0
Ag2Zn1Ge1S4_kesterite,Ag_Zn,Charged+1,2579,-.12148926E+04,1,0
Ag2Zn1Ge1S4_kesterite,Ag_Zn,Charged+2,2578,-.12188008E+04,1,0
Ag2Zn1Ge1S4_kesterite,Ag_Zn,Charged-1,2581,-.12068925E+04,1,0
Ag2Zn1Ge1S4_kesterite,Ag_Zn,Charged-2,2582,-.12028025E+04,1,0
Ag2Zn1Ge1S4_kesterite,Ag_Zn,Neutral,2580.0000,-.12108996E+04,1,0
Ag2Zn1Ge1S4_stannite,Ag_Zn,Charged+1,2579,-.12074817E+04,1,0
Ag2Zn1Ge1S4_stannite,Ag_Zn,Charged+2,2578,-.12116625E+04,1,0
Ag2Zn1Ge1S4_stannite,Ag_Zn,Charged-1,2581,-.11989820E+04,1,0
Ag2Zn1Ge1S4_stannite,Ag_Zn,Charged-2,2582,-.11946387E+04,1,0
Ag2Zn1Ge1S4_stannite,Ag_Zn,Neutral,2580.0000,-.12032547E+04,1,0
Ag2Zn1Ge1S4_stannite,V_S,Charged+1,2585,-.12052493E+04,1,0
Ag2Zn1Ge1S4_stannite,V_S,Charged+2,2584,-.12094699E+04,1,0
Ag2Zn1Ge1S4_stannite,V_S,Charged-1,2587,-.11967057E+04,1,0
Ag2Zn1Ge1S4_stannite,V_S,Charged-2,2588,-.11919550E+04,1,0
Ag2Zn1Ge1S4_stannite,V_S,Neutral,2586.0000,-.12014113E+04,1,0
Ag2Zn1Ge1Se4_kesterite,Ag_Zn,Charged+1,2579,-.11103912E+04,1,0
Ag2Zn1Ge1Se4_kesterite,Ag_Zn,Charged+2,2578,-.11134471E+04,1,0
Ag2Zn1Ge1Se4_kesterite,Ag_Zn,Charged-1,2581,-.11041100E+04,1,0
Ag2Zn1Ge1Se4_kesterite,Ag_Zn,Charged-2,2582,-.11008733E+04,1,0
Ag2Zn1Ge1Se4_kesterite,Ag_Zn,Neutral,2580.0000,-.11072819E+04,1,0
Ag2Zn1Ge1Se4_kesterite,Se_Zn,Charged+1,2579,-.11103925E+04,1,0
Ag2Zn1Ge1Se4_kesterite,Se_Zn,Charged+2,2578,-.11134434E+04,1,0
Ag2Zn1Ge1Se4_kesterite,Se_Zn,Charged-1,2581,-.11040956E+04,1,0
Ag2Zn1Ge1Se4_kesterite,Se_Zn,Charged-2,2582,-.11008799E+04,1,0
Ag2Zn1Ge1Se4_kesterite,Se_Zn,Neutral,2580.0000,-.11072814E+04,1,0
Ag2Zn1Sn1S4_kesterite,Ag_i,Charged+1,2602,-.11973106E+04,1,0
Ag2Zn1Sn1S4_kesterite,Ag_i,Charged+2,2601,-.12015990E+04,1,0
Ag2Zn1Sn1S4_kesterite,Ag_i,Charged-1,2604,-.11880590E+04,1,0
Ag2Zn1Sn1S4_kesterite,Ag_i,Charged-2,2605,-.11827650E+04,1,0
Ag2Zn1Sn1S4_kesterite,Ag_i,Neutral,2603.0000,-.11927112E+04,1,0
Ag2Zn1Sn1S4_kesterite,Zn_i,Charged+1,2603,-.11959838E+04,1,0
Ag2Zn1Sn1S4_kesterite,Zn_i,Charged+2,2602,-.12005301E+04,1,0
Ag2Zn1Sn1S4_kesterite,Zn_i,Charged-1,2605,-.11863036E+04,1,0
Ag2Zn1Sn1S4_kesterite,Zn_i,Charged-2,2606,-.11812111E+04,1,0
Ag2Zn1Sn1S4_kesterite,Zn_i,Neutral,2604.0000,-.11913777E+04,1,0
Ag2Zn1Sn1Se4_kesterite,Zn_Se,Charged+1,2597,-.10933134E+04,1,0
Ag2Zn1Sn1Se4_kesterite,Zn_Se,Charged+2,2596,-.10966251E+04,1,0
Ag2Zn1Sn1Se4_kesterite,Zn_Se,Charged-1,2599,-.10865597E+04,1,0
Ag2Zn1Sn1Se4_kesterite,Zn_Se,Charged-2,2600,-.10830726E+04,1,0
Ag2Zn1Sn1Se4_kesterite,Zn_Se,Neutral,2598.0000,-.10899838E+04,1,0
Ag2Zn1Sn1Se4_stannite,Se_i,Charged+1,2597,-.10946040E+04,1,0
Ag2Zn1Sn1Se4_stannite,Se_i,Charged+2,2596,-.10979345E+04,1,0
Ag2Zn1Sn1Se4_stannite,Se_i,Charged-1,2599,-.10877559E+04,1,0
Ag2Zn1Sn1Se4_stannite,Se_i,Charged-2,2600,-.10836663E+04,1,0
Ag2Zn1Sn1Se4_stannite,Se_i,Neutral,2598.0000,-.10912351E+04,1,0
Cs0.5Ag0.5Al0.5In0.5S1Se1_stannite,Al_Cs,Charged+1,2150,-.11998017E+04,0,0
Cs0.5Ag0.5Al0.5In0.5S1Se1_stannite,Al_Cs,Charged+2,2149,,0,0
Cs0.5Ag0.5Al0.5In0.5S1Se1_stannite,Al_Cs,Charged-1,2152,,0,0
Cs0.5Ag0.5Al0.5In0.5S1Se1_stannite,Al_Cs,Charged-2,2153,-.11902925E+04,1,0
Cs0.5Ag0.5Al0.5In0.5S1Se1_stannite,Al_Cs,Neutral,2151.0000,,0,0
Cs0.5Ag0.5Al0.5In0.5S1Se1_stannite,S_Cs,Charged+1,2150,,0,0
Cs0.5Ag0.5Al0.5In0.5S1Se1_stannite,S_Cs,Charged+2,2149,,0,0
Cs0.5Ag0.5Al0.5In0.5S1Se1_stannite,S_Cs,Charged-1,2152,-.11933982E+04,0,0
Cs0.5Ag0.5Al0.5In0.5S1Se1_stannite,S_Cs,Charged-2,2153,,0,0
Cs0.5Ag0.5Al0.5In0.5S1Se1_stannite,S_Cs,Neutral,2151.0000,-.11965472E+04,0,0
Cs0.5Ag0.5Al0.5In0.5S1Se1_stannite,V_Ag,Charged+1,2148,,0,0
Cs0.5Ag0.5Al0.5In0.5S1Se1_stannite,V_Ag,Charged+2,2147,-.12006475E+04,0,0
Cs0.5Ag0.5Al0.5In0.5S1Se1_stannite,V_Ag,Charged-1,2150,-.11910790E+04,1,0
Cs0.5Ag0.5Al0.5In0.5S1Se1_stannite,V_Ag,Charged-2,2151,-.11872933E+04,1,0
Cs0.5Ag0.5Al0.5In0.5S1Se1_stannite,V_Ag,Neutral,2149.0000,,0,0
Cs0.5Ag0.5Al0.5In0.5S1Se1_stannite,V_Cs,Charged+1,2150,-.12001156E+04,0,0
Cs0.5Ag0.5Al0.5In0.5S1Se1_stannite,V_Cs,Charged+2,2149,,0,0
Cs0.5Ag0.5Al0.5In0.5S1Se1_stannite,V_Cs,Charged-1,2152,,0,0
Cs0.5Ag0.5Al0.5In0.5S1Se1_stannite,V_Cs,Charged-2,2153,,0,0
Cs0.5Ag0.5Al0.5In0.5S1Se1_stannite,V_Cs,Neutral,2151.0000,,0,0
Cs0.5Ag0.5Al0.5In0.5S1Se1_stannite,V_In,Charged+1,2146,,0,0
Cs0.5Ag0.5Al0.5In0.5S1Se1_stannite,V_In,Charged+2,2145,,0,0
Cs0.5Ag0.5Al0.5In0.5S1Se1_stannite,V_In,Charged-1,2148,-.11881450E+04,0,0
Cs0.5Ag0.5Al0.5In0.5S1Se1_stannite,V_In,Charged-2,2149,-.11856485E+04,1,0
Cs0.5Ag0.5Al0.5In0.5S1Se1_stannite,V_In,Neutral,2147.0000,,0,0
Cs0.5Ag0.5Al0.5In0.5S1Se1_stannite,V_S,Charged+1,2153,-.11950632E+04,1,0
Cs0.5Ag0.5Al0.5In0.5S1Se1_stannite,V_S,Charged+2,2152,,0,0
Cs0.5Ag0.5Al0.5In0.5S1Se1_stannite,V_S,Charged-1,2155,-.11886301E+04,1,0
Cs0.5Ag0.5Al0.5In0.5S1Se1_stannite,V_S,Charged-2,2156,,0,0
Cs0.5Ag0.5Al0.5In0.5S1Se1_stannite,V_S,Neutral,2154.0000,,0,0
Cs0.5Ag0.5Al0.5In0.5S2_kesterite,Al_Ag,Charged+1,2151,-.12502657E+04,0,0
Cs0.5Ag0.5Al0.5In0.5S2_kesterite,Al_Ag,Charged+2,2150,,0,0
Cs0.5Ag0.5Al0.5In0.5S2_kesterite,Al_Ag,Charged-1,2153,,0,0
Cs0.5Ag0.5Al0.5In0.5S2_kesterite,Al_Ag,Charged-2,2154,,0,0
Cs0.5Ag0.5Al0.5In0.5S2_kesterite,Al_Ag,Neutral,2152.0000,,0,0
Cs0.5Ag0.5Al0.5In0.5S2_kesterite,Al_i,Charged+1,2162,,0,0
Cs0.5Ag0.5Al0.5In0.5S2_kesterite,Al_i,Charged+2,2161,-.12590326E+04,0,0
Cs0.5Ag0.5Al0.5In0.5S2_kesterite,Al_i,Charged-1,2164,,0,0
Cs0.5Ag0.5Al0.5In0.5S2_kesterite,Al_i,Charged-2,2165,-.12402012E+04,0,0
Cs0.5Ag0.5Al0.5In0.5S2_kesterite,Al_i,Neutral,2163.0000,,0,0
Cs0.5Ag0.5Al0.5In0.5S2_kesterite,Cs_Ag,Charged+1,2157,,0,0
Cs0.5Ag0.5Al0.5In0.5S2_kesterite,Cs_Ag,Charged+2,2156,,0,0
Cs0.5Ag0.5Al0.5In0.5S2_kesterite,Cs_Ag,Charged-1,2159,,0,0
Cs0.5Ag0.5Al0.5In0.5S2_kesterite,Cs_Ag,Charged-2,2160,,0,0
Cs0.5Ag0.5Al0.5In0.5S2_kesterite,Cs_Ag,Neutral,2158.0000,,0,0
Cs0.5Ag0.5Al0.5In0.5S2_kesterite,S_In,Charged+1,2146,,0,0
Cs0.5Ag0.5Al0.5In0.5S2_kesterite,S_In,Charged+2,2145,,0,0
Cs0.5Ag0.5Al0.5In0.5S2_kesterite,S_In,Charged-1,2148,-.12318254E+04,0,0
Cs0.5Ag0.5Al0.5In0.5S2_kesterite,S_In,Charged-2,2149,,0,0
Cs0.5Ag0.5Al0.5In0.5S2_kesterite,S_In,Neutral,2147.0000,-.12411449E+04,0,0
Cs0.5Ag0.5Al1S1Se1_kesterite,Ag_Cs,Charged+1,1790,-.12666915E+04,0,0
Cs0.5Ag0.5Al1S1Se1_kesterite,Ag_Cs,Charged+2,1789,,0,0
Cs0.5Ag0.5Al1S1Se1_kesterite,Ag_Cs,Charged-1,1792,,0,0
Cs0.5Ag0.5Al1S1Se1_kesterite,Ag_Cs,Charged-2,1793,,0,0
Cs0.5Ag0.5Al1S1Se1_kesterite,Ag_Cs,Neutral,1791.0000,,0,0
Cs0.5Ag0.5Al1S1Se1_kesterite,Se_Al,Charged+1,1796,-.12611577E+04,0,0
Cs0.5Ag0.5Al1S1Se1_kesterite,Se_Al,Charged+2,1795,-.12425504E+04,0,0
Cs0.5Ag0.5Al1S1Se1_kesterite,Se_Al,Charged-1,1798,,0,0
Cs0.5Ag0.5Al1S1Se1_kesterite,Se_Al,Charged-2,1799,-.12566749E+04,0,0
Cs0.5Ag0.5Al1S1Se1_kesterite,Se_Al,Neutral,1797.0000,-.12621091E+04,0,0
Cs0.5Ag0.5Al1S1Se1_kesterite,V_Al,Charged+1,1796,-.12617864E+04,0,0
Cs0.5Ag0.5Al1S1Se1_kesterite,V_Al,Charged+2,1795,,0,0
Cs0.5Ag0.5Al1S1Se1_kesterite,V_Al,Charged-1,1798,-.12554748E+04,0,0
Cs0.5Ag0.5Al1S1Se1_kesterite,V_Al,Charged-2,1799,-.12622538E+04,0,0
Cs0.5Ag0.5Al1S1Se1_kesterite,V_Al,Neutral,1797.0000,,0,0
Cs0.5Ag0.5Al1Se1Te1_kesterite,Al_Te,Charged+1,1796,-.11570544E+04,0,0
Cs0.5Ag0.5Al1Se1Te1_kesterite,Al_Te,Charged+2,1795,-.11432668E+04,0,0
Cs0.5Ag0.5Al1Se1Te1_kesterite,Al_Te,Charged-1,1798,,0,0
Cs0.5Ag0.5Al1Se1Te1_kesterite,Al_Te,Charged-2,1799,-.11369587E+04,0,0
Cs0.5Ag0.5Al1Se1Te1_kesterite,Al_Te,Neutral,1797.0000,,0,0
Cs0.5Ag0.5Al1Se1Te1_kesterite,Cs_Se,Charged+1,1802,,0,0
Cs0.5Ag0.5Al1Se1Te1_kesterite,Cs_Se,Charged+2,1801,-.11457618E+04,0,0
Cs0.5Ag0.5Al1Se1Te1_kesterite,Cs_Se,Charged-1,1804,-.11267732E+04,0,0
Cs0.5Ag0.5Al1Se1Te1_kesterite,Cs_Se,Charged-2,1805,-.11310882E+04,0,0
Cs0.5Ag0.5Al1Se1Te1_kesterite,Cs_Se,Neutral,1803.0000,-.11406418E+04,0,0
Cs0.5Ag0.5Al1Se1Te1_kesterite,Te_i,Charged+1,1805,,0,0
Cs0.5Ag0.5Al1Se1Te1_kesterite,Te_i,Charged+2,1804,,0,0
Cs0.5Ag0.5Al1Se1Te1_kesterite,Te_i,Charged-1,1807,-.11503969E+04,0,0
Cs0.5Ag0.5Al1Se1Te1_kesterite,Te_i,Charged-2,1808,,0,0
Cs0.5Ag0.5Al1Se1Te1_kesterite,Te_i,Neutral,1806.0000,,0,0
Cs0.5Ag0.5Al1Se1Te1_stannite,Al_Se,Charged+1,1796,-.11444014E+04,1,0
Cs0.5Ag0.5Al1Se1Te1_stannite,Al_Se,Charged+2,1795,,0,0
Cs0.5Ag0.5Al1Se1Te1_stannite,Al_Se,Charged-1,1798,-.11365016E+04,1,0
Cs0.5Ag0.5Al1Se1Te1_stannite,Al_Se,Charged-2,1799,,0,0
Cs0.5Ag0.5Al1Se1Te1_stannite,Al_Se,Neutral,1797.0000,-.11404710E+04,1,0
Cs0.5Ag0.5Al1Se1Te1_stannite,Se_Ag,Charged+1,1794,-.11461477E+04,1,0
Cs0.5Ag0.5Al1Se1Te1_stannite,Se_Ag,Charged+2,1793,,0,0
Cs0.5Ag0.5Al1Se1Te1_stannite,Se_Ag,Charged-1,1796,-.11379174E+04,0,0
Cs0.5Ag0.5Al1Se1Te1_stannite,Se_Ag,Charged-2,1797,,0,0
Cs0.5Ag0.5Al1Se1Te1_stannite,Se_Ag,Neutral,1795.0000,-.11422183E+04,1,0
Cs0.5Ag0.5Al1Se2_kesterite,Se_i,Charged+1,1805,-.12153033E+04,0,0
Cs0.5Ag0.5Al1Se2_kesterite,Se_i,Charged+2,1804,-.12159891E+04,0,0
Cs0.5Ag0.5Al1Se2_kesterite,Se_i,Charged-1,1807,0.14370882E+06,0,0
Cs0.5Ag0.5Al1Se2_kesterite,Se_i,Charged-2,1808,,0,0
Cs0.5Ag0.5Al1Se2_kesterite,Se_i,Neutral,1806.0000,,0,0
Cs0.5Ag0.5Al1Se2_kesterite,V_Ag,Charged+1,1788,-.12181228E+04,0,0
Cs0.5Ag0.5Al1Se2_kesterite,V_Ag,Charged+2,1787,,0,0
Cs0.5Ag0.5Al1Se2_kesterite,V_Ag,Charged-1,1790,,0,0
Cs0.5Ag0.5Al1Se2_kesterite,V_Ag,Charged-2,1791,-.12092693E+04,0,0
Cs0.5Ag0.5Al1Se2_kesterite,V_Ag,Neutral,1789.0000,-.12159363E+04,0,0
Cs0.5Ag0.5Al1Se2_kesterite,V_Al,Charged+1,1796,0.27237208E+05,0,0
Cs0.5Ag0.5Al1Se2_kesterite,V_Al,Charged+2,1795,,0,0
Cs0.5Ag0.5Al1Se2_kesterite,V_Al,Charged-1,1798,,0,0
Cs0.5Ag0.5Al1Se2_kesterite,V_Al,Charged-2,1799,-.12004304E+04,0,0
Cs0.5Ag0.5Al1Se2_kesterite,V_Al,Neutral,1797.0000,-.11985562E+04,0,0
Cs0.5Ag0.5Al1Te2_kesterite,Al_i,Charged+1,1802,,0,0
Cs0.5Ag0.5Al1Te2_kesterite,Al_i,Charged+2,1801,-.10903008E+04,0,0
Cs0.5Ag0.5Al1Te2_kesterite,Al_i,Charged-1,1804,-.10714199E+04,0,0
Cs0.5Ag0.5Al1Te2_kesterite,Al_i,Charged-2,1805,,0,0
Cs0.5Ag0.5Al1Te2_kesterite,Al_i,Neutral,1803.0000,-.10869147E+04,0,0
Cs0.5Ag0.5Al1Te2_kesterite,Cs_Ag,Charged+1,1797,-.10822367E+04,0,0
Cs0.5Ag0.5Al1Te2_kesterite,Cs_Ag,Charged+2,1796,,0,0
Cs0.5Ag0.5Al1Te2_kesterite,Cs_Ag,Charged-1,1799,,0,0
Cs0.5Ag0.5Al1Te2_kesterite,Cs_Ag,Charged-2,1800,,0,0
Cs0.5Ag0.5Al1Te2_kesterite,Cs_Ag,Neutral,1798.0000,-.10807622E+04,0,0
Cs0.5Ag0.5Al1Te2_kesterite,Te_Cs,Charged+1,1790,-.10697620E+04,0,0
Cs0.5Ag0.5Al1Te2_kesterite,Te_Cs,Charged+2,1789,-.10724586E+04,0,0
Cs0.5Ag0.5Al1Te2_kesterite,Te_Cs,Charged-1,1792,-.10616688E+04,0,0
Cs0.5Ag0.5Al1Te2_kesterite,Te_Cs,Charged-2,1793,-.10575859E+04,0,0
Cs0.5Ag0.5Al1Te2_kesterite,Te_Cs,Neutral,1791.0000,-.10644187E+04,0,0
Cs0.5Ag1.5Mg1Sn1Se4_kesterite,Mg_Cs,Charged+1,2186,-.11108128E+04,1,0
Cs0.5Ag1.5Mg1Sn1Se4_kesterite,Mg_Cs,Charged+2,2185,-.11111027E+04,0,0
Cs0.5Ag1.5Mg1Sn1Se4_kesterite,Mg_Cs,Charged-1,2188,-.11055000E+04,1,0
Cs0.5Ag1.5Mg1Sn1Se4_kesterite,Mg_Cs,Charged-2,2189,-.11013981E+04,0,0
Cs0.5Ag1.5Mg1Sn1Se4_kesterite,Mg_Cs,Neutral,2187.0000,-.11063242E+04,1,0
Cs0.5Ag1.5Mg1Sn1Se4_kesterite,V_Ag,Charged+1,2184,,0,0
Cs0.5Ag1.5Mg1Sn1Se4_kesterite,V_Ag,Charged+2,2183,,0,0
Cs0.5Ag1.5Mg1Sn1Se4_kesterite,V_Ag,Charged-1,2186,-.11042024E+04,1,0
Cs0.5Ag1.5Mg1Sn1Se4_kesterite,V_Ag,Charged-2,2187,-.11012205E+04,1,0
Cs0.5Ag1.5Mg1Sn1Se4_kesterite,V_Ag,Neutral,2185.0000,-.11059996E+04,0,0
Cs0.5Ag1.5Mg1Sn1Se4_stannite,Mg_Ag,Charged+1,2186,-.11069719E+04,1,0
Cs0.5Ag1.5Mg1Sn1Se4_stannite,Mg_Ag,Charged+2,2185,-.11095332E+04,1,0
Cs0.5Ag1.5Mg1Sn1Se4_stannite,Mg_Ag,Charged-1,2188,-.11017264E+04,1,0
Cs0.5Ag1.5Mg1Sn1Se4_stannite,Mg_Ag,Charged-2,2189,-.10985669E+04,1,0
Cs0.5Ag1.5Mg1Sn1Se4_stannite,Mg_Ag,Neutral,2187.0000,-.11043855E+04,1,0
Cs0.5Ag1.5Mg1Sn1Se4_stannite,Se_Cs,Charged+1,2186,,0,0
Cs0.5Ag1.5Mg1Sn1Se4_stannite,Se_Cs,Charged+2,2185,,0,0
Cs0.5Ag1.5Mg1Sn1Se4_stannite,Se_Cs,Charged-1,2188,,0,0
Cs0.5Ag1.5Mg1Sn1Se4_stannite,Se_Cs,Charged-2,2189,-.10967991E+04,1,0
Cs0.5Ag1.5Mg1Sn1Se4_stannite,Se_Cs,Neutral,2187.0000,,0,0
Cs0.5Ag1.5Mg1Sn1Se4_stannite,Sn_Cs,Charged+1,2186,-.11043685E+04,1,0
Cs0.5Ag1.5Mg1Sn1Se4_stannite,Sn_Cs,Charged+2,2185,-.11069750E+04,1,0
Cs0.5Ag1.5Mg1Sn1Se4_stannite,Sn_Cs,Charged-1,2188,-.10992916E+04,1,0
Cs0.5Ag1.5Mg1Sn1Se4_stannite,Sn_Cs,Charged-2,2189,-.10966920E+04,1,0
Cs0.5Ag1.5Mg1Sn1Se4_stannite,Sn_Cs,Neutral,2187.0000,-.11018548E+04,1,0
Cs0.5Ag1.5Mg1Sn1Se4_stannite,V_Se,Charged+1,2189,,0,0
Cs0.5Ag1.5Mg1Sn1Se4_stannite,V_Se,Charged+2,2188,-.11059370E+04,1,0
Cs0.5Ag1.5Mg1Sn1Se4_stannite,V_Se,Charged-1,2191,-.11001734E+04,0,0
Cs0.5Ag1.5Mg1Sn1Se4_stannite,V_Se,Charged-2,2192,-.11010155E+04,1,0
Cs0.5Ag1.5Mg1Sn1Se4_stannite,V_Se,Neutral,2190.0000,,0,0
Cs0.5Cu0.5Al0.5Ga0.5S1Se1_stannite,Cu_Al,Charged+1,2167,-.12549134E+04,0,0
Cs0.5Cu0.5Al0.5Ga0.5S1Se1_stannite,Cu_Al,Charged+2,2166,-.12687978E+04,1,0
Cs0.5Cu0.5Al0.5Ga0.5S1Se1_stannite,Cu_Al,Charged-1,2169,,0,0
Cs0.5Cu0.5Al0.5Ga0.5S1Se1_stannite,Cu_Al,Charged-2,2170,,0,0
Cs0.5Cu0.5Al0.5Ga0.5S1Se1_stannite,Cu_Al,Neutral,2168.0000,,0,0
Cs0.5Cu0.5Al0.5Ga0.5S1Se1_stannite,S_Al,Charged+1,2156,,0,0
Cs0.5Cu0.5Al0.5Ga0.5S1Se1_stannite,S_Al,Charged+2,2155,,0,0
Cs0.5Cu0.5Al0.5Ga0.5S1Se1_stannite,S_Al,Charged-1,2158,,0,0
Cs0.5Cu0.5Al0.5Ga0.5S1Se1_stannite,S_Al,Charged-2,2159,,0,0
Cs0.5Cu0.5Al0.5Ga0.5S1Se1_stannite,S_Al,Neutral,,,0,0
Cs0.5Cu0.5Al0.5Ga0.5S1Se1_stannite,V_Cu,Charged+1,2148,-.12620590E+04,1,0
Cs0.5Cu0.5Al0.5Ga0.5S1Se1_stannite,V_Cu,Charged+2,2147,,0,0
Cs0.5Cu0.5Al0.5Ga0.5S1Se1_stannite,V_Cu,Charged-1,2150,,0,0
Cs0.5Cu0.5Al0.5Ga0.5S1Se1_stannite,V_Cu,Charged-2,2151,,0,0
Cs0.5Cu0.5Al0.5Ga0.5S1Se1_stannite,V_Cu,Neutral,2149.0000,,0,0
Cs0.5Cu0.5Al0.5Ga0.5S1Se1_stannite,V_Se,Charged+1,2153,,0,0
Cs0.5Cu0.5Al0.5Ga0.5S1Se1_stannite,V_Se,Charged+2,2152,-.12649578E+04,0,0
Cs0.5Cu0.5Al0.5Ga0.5S1Se1_stannite,V_Se,Charged-1,2155,,0,0
Cs0.5Cu0.5Al0.5Ga0.5S1Se1_stannite,V_Se,Charged-2,2156,,0,0
Cs0.5Cu0.5Al0.5Ga0.5S1Se1_stannite,V_Se,Neutral,2154.0000,-.12575583E+04,0,0
Cs0.5Cu0.5Al0.5Ga0.5S2_stannite,V_Ga,Charged+1,2146,,0,0
Cs0.5Cu0.5Al0.5Ga0.5S2_stannite,V_Ga,Charged+2,2145,,0,0
Cs0.5Cu0.5Al0.5Ga0.5S2_stannite,V_Ga,Charged-1,2148,,0,0
Cs0.5Cu0.5Al0.5Ga0.5S2_stannite,V_Ga,Charged-2,2149,,0,0
Cs0.5Cu0.5Al0.5Ga0.5S2_stannite,V_Ga,Neutral,2147.0000,,0,0
Cs0.5Cu0.5Al1S1Se1_kesterite,Al_S,Charged+1,1796,,0,0
Cs0.5Cu0.5Al1S1Se1_kesterite,Al_S,Charged+2,1795,0.35819045E+04,0,0
Cs0.5Cu0.5Al1S1Se1_kesterite,Al_S,Charged-1,1798,,0,0
Cs0.5Cu0.5Al1S1Se1_kesterite,Al_S,Charged-2,1799,,0,0
Cs0.5Cu0.5Al1S1Se1_kesterite,Al_S,Neutral,1797.0000,-.12930375E+04,1,0
Cs0.5Cu0.5Al1S2_kesterite,Al_Cu,Charged+1,1791,0.22254880E+05,0,0
Cs0.5Cu0.5Al1S2_kesterite,Al_Cu,Charged+2,1790,-.13747296E+04,0,0
Cs0.5Cu0.5Al1S2_kesterite,Al_Cu,Charged-1,1793,,0,0
Cs0.5Cu0.5Al1S2_kesterite,Al_Cu,Charged-2,1794,,0,0
Cs0.5Cu0.5Al1S2_kesterite,Al_Cu,Neutral,1792.0000,-.13621469E+04,0,0
Cs0.5Cu0.5Al1S2_kesterite,Cs_S,Charged+1,1802,,0,0
Cs0.5Cu0.5Al1S2_kesterite,Cs_S,Charged+2,1801,-.13449249E+04,0,0
Cs0.5Cu0.5Al1S2_kesterite,Cs_S,Charged-1,1804,,0,0
Cs0.5Cu0.5Al1S2_kesterite,Cs_S,Charged-2,1805,,0,0
Cs0.5Cu0.5Al1S2_kesterite,Cs_S,Neutral,1803.0000,-.13345064E+04,0,0
Cs0.5Cu0.5Al1Te2_kesterite,Cs_Al,Charged+1,1805,,0,0
Cs0.5Cu0.5Al1Te2_kesterite,Cs_Al,Charged+2,1804,-.10623987E+04,0,0
Cs0.5Cu0.5Al1Te2_kesterite,Cs_Al,Charged-1,1807,,0,0
Cs0.5Cu0.5Al1Te2_kesterite,Cs_Al,Charged-2,1808,,0,0
Cs0.5Cu0.5Al1Te2_kesterite,Cs_Al,Neutral,1806.0000,,0,0
Cs0.5Cu0.5Al1Te2_kesterite,Cs_Te,Charged+1,1802,,0,0
Cs0.5Cu0.5Al1Te2_kesterite,Cs_Te,Charged+2,1801,-.10730061E+04,0,0
Cs0.5Cu0.5Al1Te2_kesterite,Cs_Te,Charged-1,1804,,0,0
Cs0.5Cu0.5Al1Te2_kesterite,Cs_Te,Charged-2,1805,,0,0
Cs0.5Cu0.5Al1Te2_kesterite,Cs_Te,Neutral,1803.0000,,0,0
Cs0.5Cu0.5Al1Te2_stannite,Al_i,Charged+1,1802,-.11221279E+04,1,0
Cs0.5Cu0.5Al1Te2_stannite,Al_i,Charged+2,1801,,0,0
Cs0.5Cu0.5Al1Te2_stannite,Al_i,Charged-1,1804,,0,0
Cs0.5Cu0.5Al1Te2_stannite,Al_i,Charged-2,1805,,0,0
Cs0.5Cu0.5Al1Te2_stannite,Al_i,Neutral,1803.0000,,0,0
Cs0.5Cu0.5Al1Te2_stannite,Cu_Te,Charged+1,1804,,0,0
Cs0.5Cu0.5Al1Te2_stannite,Cu_Te,Charged+2,1803,-.11219658E+04,1,0
Cs0.5Cu0.5Al1Te2_stannite,Cu_Te,Charged-1,1806,,0,0
Cs0.5Cu0.5Al1Te2_stannite,Cu_Te,Charged-2,1807,,0,0
Cs0.5Cu0.5Al1Te2_stannite,Cu_Te,Neutral,1805.0000,-.11137551E+04,1,0
Cs0.5Cu0.5Al1Te2_stannite,Te_Cu,Charged+1,1788,-.11151883E+04,1,0
Cs0.5Cu0.5Al1Te2_stannite,Te_Cu,Charged+2,1787,-.11190727E+04,0,0
Cs0.5Cu0.5Al1Te2_stannite,Te_Cu,Charged-1,1790,-.11070633E+04,1,0
Cs0.5Cu0.5Al1Te2_stannite,Te_Cu,Charged-2,1791,-.11026289E+04,1,0
Cs0.5Cu0.5Al1Te2_stannite,Te_Cu,Neutral,1789.0000,-.11111623E+04,1,0
Cs0.5Cu0.5Al1Te2_stannite,V_Al,Charged+1,1796,,0,0
Cs0.5Cu0.5Al1Te2_stannite,V_Al,Charged+2,1795,,0,0
Cs0.5Cu0.5Al1Te2_stannite,V_Al,Charged-1,1798,,0,0
Cs0.5Cu0.5Al1Te2_stannite,V_Al,Charged-2,1799,,0,0
Cs0.5Cu0.5Al1Te2_stannite,V_Al,Neutral,,,0,0
Cs0.5Cu0.5Al1Te2_stannite,V_Cu,Charged+1,1788,,0,0
Cs0.5Cu0.5Al1Te2_stannite,V_Cu,Charged+2,1787,,0,0
Cs0.5Cu0.5Al1Te2_stannite,V_Cu,Charged-1,1790,,0,0
Cs0.5Cu0.5Al1Te2_stannite,V_Cu,Charged-2,1791,,0,0
Cs0.5Cu0.5Al1Te2_stannite,V_Cu,Neutral,1789.0000,,0,0
Cs1.5Ag0.5Mg1Sn1S2Se2_kesterite,Ag_Mg,Charged+1,2132,-.11459072E+04,0,0
Cs1.5Ag0.5Mg1Sn1S2Se2_kesterite,Ag_Mg,Charged+2,2131,-.11470219E+04,0,0
Cs1.5Ag0.5Mg1Sn1S2Se2_kesterite,Ag_Mg,Charged-1,2134,-.11410507E+04,1,0
Cs1.5Ag0.5Mg1Sn1S2Se2_kesterite,Ag_Mg,Charged-2,2135,-.11425099E+04,0,0
Cs1.5Ag0.5Mg1Sn1S2Se2_kesterite,Ag_Mg,Neutral,2133.0000,-.11432596E+04,1,0
Cs1.5Ag0.5Mg1Sn1S2Se2_kesterite,Cs_Mg,Charged+1,2130,,0,0
Cs1.5Ag0.5Mg1Sn1S2Se2_kesterite,Cs_Mg,Charged+2,2129,-.11482598E+04,0,0
Cs1.5Ag0.5Mg1Sn1S2Se2_kesterite,Cs_Mg,Charged-1,2132,-.11436232E+04,0,0
Cs1.5Ag0.5Mg1Sn1S2Se2_kesterite,Cs_Mg,Charged-2,2133,,0,0
Cs1.5Ag0.5Mg1Sn1S2Se2_kesterite,Cs_Mg,Neutral,2131.0000,-.11448261E+04,0,0
Cs1.5Ag0.5Mg1Sn1S2Se2_kesterite,Cs_Sn,Charged+1,2118,-.11389744E+04,0,0
Cs1.5Ag0.5Mg1Sn1S2Se2_kesterite,Cs_Sn,Charged+2,2117,,0,0
Cs1.5Ag0.5Mg1Sn1S2Se2_kesterite,Cs_Sn,Charged-1,2120,,0,0
Cs1.5Ag0.5Mg1Sn1S2Se2_kesterite,Cs_Sn,Charged-2,2121,-.11327618E+04,0,0
Cs1.5Ag0.5Mg1Sn1S2Se2_kesterite,Cs_Sn,Neutral,2119.0000,,0,0
Cs1.5Ag0.5Mg1Sn1S2Se2_kesterite,S_i,Charged+1,2129,,0,0
Cs1.5Ag0.5Mg1Sn1S2Se2_kesterite,S_i,Charged+2,2128,,0,0
Cs1.5Ag0.5Mg1Sn1S2Se2_kesterite,S_i,Charged-1,2131,,0,0
Cs1.5Ag0.5Mg1Sn1S2Se2_kesterite,S_i,Charged-2,2132,,0,0
Cs1.5Ag0.5Mg1Sn1S2Se2_kesterite,S_i,Neutral,2130.0000,-.11434471E+04,0,0
Cs1.5Ag0.5Mg1Sn1S2Se2_kesterite,V_Sn,Charged+1,2109,,0,0
Cs1.5Ag0.5Mg1Sn1S2Se2_kesterite,V_Sn,Charged+2,2108,,0,0
Cs1.5Ag0.5Mg1Sn1S2Se2_kesterite,V_Sn,Charged-1,2111,,0,0
Cs1.5Ag0.5Mg1Sn1S2Se2_kesterite,V_Sn,Charged-2,2112,,0,0
Cs1.5Ag0.5Mg1Sn1S2Se2_kesterite,V_Sn,Neutral,2110.0000,-.11360249E+04,0,0
Cs1Al0.5Ga0.5Se2_kesterite,Cs_i,Charged+1,2096,,0,0
Cs1Al0.5Ga0.5Se2_kesterite,Cs_i,Charged+2,2095,,0,0
Cs1Al0.5Ga0.5Se2_kesterite,Cs_i,Charged-1,2098,,0,0
Cs1Al0.5Ga0.5Se2_kesterite,Cs_i,Charged-2,2099,,0,0
Cs1Al0.5Ga0.5Se2_kesterite,Cs_i,Neutral,2097.0000,,0,0
Cs1Al0.5Ga0.5Se2_kesterite,Ga_Al,Charged+1,2097,-.11786753E+04,1,0
Cs1Al0.5Ga0.5Se2_kesterite,Ga_Al,Charged+2,2096,-.11801991E+04,1,0
Cs1Al0.5Ga0.5Se2_kesterite,Ga_Al,Charged-1,2099,-.11733939E+04,1,0
Cs1Al0.5Ga0.5Se2_kesterite,Ga_Al,Charged-2,2100,,0,0
Cs1Al0.5Ga0.5Se2_kesterite,Ga_Al,Neutral,2098.0000,-.11771037E+04,1,0
Cs1Al0.5Ga0.5Se2_kesterite,Se_i,Charged+1,2093,-.11833180E+04,1,0
Cs1Al0.5Ga0.5Se2_kesterite,Se_i,Charged+2,2092,,0,0
Cs1Al0.5Ga0.5Se2_kesterite,Se_i,Charged-1,2095,,0,0
Cs1Al0.5Ga0.5Se2_kesterite,Se_i,Charged-2,2096,-.11747888E+04,1,0
Cs1Al0.5Ga0.5Se2_kesterite,Se_i,Neutral,2094.0000,-.11816292E+04,1,0
Cs1Al0.5Ga0.5Se2_kesterite,V_Se,Charged+1,2081,-.11744614E+04,1,0
Cs1Al0.5Ga0.5Se2_kesterite,V_Se,Charged+2,2080,-.11774185E+04,1,0
Cs1Al0.5Ga0.5Se2_kesterite,V_Se,Charged-1,2083,-.11687325E+04,0,0
Cs1Al0.5Ga0.5Se2_kesterite,V_Se,Charged-2,2084,-.11653420E+04,1,0
Cs1Al0.5Ga0.5Se2_kesterite,V_Se,Neutral,2082.0000,-.11721855E+04,1,0
Cs1Al1Se1Te1_stannite,Al_Te,Charged+1,1724,,0,0
Cs1Al1Se1Te1_stannite,Al_Te,Charged+2,1723,-.11055847E+04,0,0
Cs1Al1Se1Te1_stannite,Al_Te,Charged-1,1726,,0,0
Cs1Al1Se1Te1_stannite,Al_Te,Charged-2,1727,,0,0
Cs1Al1Se1Te1_stannite,Al_Te,Neutral,1725.0000,-.10998067E+04,0,0
Cs1Al1Se2_kesterite,Al_i,Charged+1,1730,,0,0
Cs1Al1Se2_kesterite,Al_i,Charged+2,1729,,0,0
Cs1Al1Se2_kesterite,Al_i,Charged-1,1732,,0,0
Cs1Al1Se2_kesterite,Al_i,Charged-2,1733,-.93149473E+03,0,0
Cs1Al1Se2_kesterite,Al_i,Neutral,1731.0000,,0,0
Cs1Al1Se2_kesterite,V_Cs,Charged+1,1718,-.12273479E+04,1,0
Cs1Al1Se2_kesterite,V_Cs,Charged+2,1717,,0,0
Cs1Al1Se2_kesterite,V_Cs,Charged-1,1720,-.12243272E+04,1,0
Cs1Al1Se2_kesterite,V_Cs,Charged-2,1721,-.12200926E+04,1,0
Cs1Al1Se2_kesterite,V_Cs,Neutral,1719.0000,,0,0
Cs1Al1Se2_stannite,V_Se,Charged+1,1721,,0,0
Cs1Al1Se2_stannite,V_Se,Charged+2,1720,,0,0
Cs1Al1Se2_stannite,V_Se,Charged-1,1723,-.11683619E+04,1,0
Cs1Al1Se2_stannite,V_Se,Charged-2,1724,,0,0
Cs1Al1Se2_stannite,V_Se,Neutral,1722.0000,,0,0
Cs1Al1Te2_kesterite,Cs_Al,Charged+1,1733,,0,0
Cs1Al1Te2_kesterite,Cs_Al,Charged+2,1732,,0,0
Cs1Al1Te2_kesterite,Cs_Al,Charged-1,1735,,0,0
Cs1Al1Te2_kesterite,Cs_Al,Charged-2,1736,-.10742849E+04,1,0
Cs1Al1Te2_kesterite,Cs_Al,Neutral,1734.0000,,0,0
Cs1Al1Te2_kesterite,Cs_i,Charged+1,1736,,0,0
Cs1Al1Te2_kesterite,Cs_i,Charged+2,1735,,0,0
Cs1Al1Te2_kesterite,Cs_i,Charged-1,1738,,0,0
Cs1Al1Te2_kesterite,Cs_i,Charged-2,1739,,0,0
Cs1Al1Te2_kesterite,Cs_i,Neutral,,,0,0
Cs1Al1Te2_kesterite,Te_Cs,Charged+1,1718,-.10843128E+04,1,0
Cs1Al1Te2_kesterite,Te_Cs,Charged+2,1717,-.10867924E+04,1,0
Cs1Al1Te2_kesterite,Te_Cs,Charged-1,1720,-.10791031E+04,1,0
Cs1Al1Te2_kesterite,Te_Cs,Charged-2,1721,,0,0
Cs1Al1Te2_kesterite,Te_Cs,Neutral,1719.0000,-.10817375E+04,1,0
Cs1Ga1S2_kesterite,V_S,Charged+1,2441,,0,0
Cs1Ga1S2_kesterite,V_S,Charged+2,2440,,0,0
Cs1Ga1S2_kesterite,V_S,Charged-1,2443,,0,0
Cs1Ga1S2_kesterite,V_S,Charged-2,2444,,0,0
Cs1Ga1S2_kesterite,V_S,Neutral,2442.0000,-.12244168E+04,1,0
Cs1In1S2_kesterite,S_Cs,Charged+1,2438,,0,0
Cs1In1S2_kesterite,S_Cs,Charged+2,2437,,0,0
Cs1In1S2_kesterite,S_Cs,Charged-1,2440,,0,0
Cs1In1S2_kesterite,S_Cs,Charged-2,2441,,0,0
Cs1In1S2_kesterite,S_Cs,Neutral,2439.0000,-.11775097E+04,1,0
Cs2Mg1Sn1Se4_kesterite,Mg_Se,Charged+1,2083,,0,0
Cs2Mg1Sn1Se4_kesterite,Mg_Se,Charged+2,2082,,0,0
Cs2Mg1Sn1Se4_kesterite,Mg_Se,Charged-1,2085,-.11086098E+04,0,0
Cs2Mg1Sn1Se4_kesterite,Mg_Se,Charged-2,2086,-.11066343E+04,1,0
Cs2Mg1Sn1Se4_kesterite,Mg_Se,Neutral,2084.0000,,0,0
Cs2Mg1Sn1Se4_kesterite,Mg_i,Charged+1,2089,,0,0
Cs2Mg1Sn1Se4_kesterite,Mg_i,Charged+2,2088,-.11233058E+04,1,0
Cs2Mg1Sn1Se4_kesterite,Mg_i,Charged-1,2091,-.11153257E+04,0,0
Cs2Mg1Sn1Se4_kesterite,Mg_i,Charged-2,2092,,0,0
Cs2Mg1Sn1Se4_kesterite,Mg_i,Neutral,2090.0000,,0,0
Cu0.5Ag0.5Al0.5In0.5S1Se1_kesterite,Al_In,Charged+1,2221,-.12802835E+04,1,0
Cu0.5Ag0.5Al0.5In0.5S1Se1_kesterite,Al_In,Charged+2,2220,-.12847390E+04,1,0
Cu0.5Ag0.5Al0.5In0.5S1Se1_kesterite,Al_In,Charged-1,2223,-.12708267E+04,1,0
Cu0.5Ag0.5Al0.5In0.5S1Se1_kesterite,Al_In,Charged-2,2224,-.12658356E+04,1,0
Cu0.5Ag0.5Al0.5In0.5S1Se1_kesterite,Al_In,Neutral,2222.0000,-.12757643E+04,1,0
Cu0.5Ag0.5Al0.5In0.5S1Se1_kesterite,Al_S,Charged+1,2228,-.12750698E+04,1,0
Cu0.5Ag0.5Al0.5In0.5S1Se1_kesterite,Al_S,Charged+2,2227,-.12796137E+04,1,0
Cu0.5Ag0.5Al0.5In0.5S1Se1_kesterite,Al_S,Charged-1,2230,-.12650555E+04,1,0
Cu0.5Ag0.5Al0.5In0.5S1Se1_kesterite,Al_S,Charged-2,2231,-.12599781E+04,1,0
Cu0.5Ag0.5Al0.5In0.5S1Se1_kesterite,Al_S,Neutral,2229.0000,-.12700863E+04,1,0
Cu0.5Ag0.5Al0.5In0.5S1Se1_kesterite,Cu_Al,Charged+1,2228,-.12701053E+04,1,0
Cu0.5Ag0.5Al0.5In0.5S1Se1_kesterite,Cu_Al,Charged+2,2227,-.12744754E+04,1,0
Cu0.5Ag0.5Al0.5In0.5S1Se1_kesterite,Cu_Al,Charged-1,2230,-.12610335E+04,1,0
Cu0.5Ag0.5Al0.5In0.5S1Se1_kesterite,Cu_Al,Charged-2,2231,-.12563916E+04,1,0
Cu0.5Ag0.5Al0.5In0.5S1Se1_kesterite,Cu_Al,Neutral,2229.0000,-.12655929E+04,1,0
Cu0.5Ag0.5Al0.5In0.5S1Se1_kesterite,In_Se,Charged+1,2238,-.12746331E+04,1,0
Cu0.5Ag0.5Al0.5In0.5S1Se1_kesterite,In_Se,Charged+2,2237,-.12792387E+04,1,0
Cu0.5Ag0.5Al0.5In0.5S1Se1_kesterite,In_Se,Charged-1,2240,-.12646204E+04,1,0
Cu0.5Ag0.5Al0.5In0.5S1Se1_kesterite,In_Se,Charged-2,2241,-.12592258E+04,1,0
Cu0.5Ag0.5Al0.5In0.5S1Se1_kesterite,In_Se,Neutral,2239.0000,-.12696361E+04,1,0
Cu0.5Ag0.5Al0.5In0.5S1Se1_kesterite,S_Al,Charged+1,2228,-.12700888E+04,1,0
Cu0.5Ag0.5Al0.5In0.5S1Se1_kesterite,S_Al,Charged+2,2227,-.12744932E+04,1,0
Cu0.5Ag0.5Al0.5In0.5S1Se1_kesterite,S_Al,Charged-1,2230,-.12610394E+04,1,0
Cu0.5Ag0.5Al0.5In0.5S1Se1_kesterite,S_Al,Charged-2,2231,-.12563975E+04,1,0
Cu0.5Ag0.5Al0.5In0.5S1Se1_kesterite,S_Al,Neutral,2229.0000,-.12655912E+04,1,0
Cu0.5Ag0.5Al0.5In0.5S1Se1_stannite,Cu_Al,Charged+1,2228,-.12751328E+04,1,0
Cu0.5Ag0.5Al0.5In0.5S1Se1_stannite,Cu_Al,Charged+2,2227,-.12796829E+04,1,0
Cu0.5Ag0.5Al0.5In0.5S1Se1_stannite,Cu_Al,Charged-1,2230,-.12658509E+04,1,0
Cu0.5Ag0.5Al0.5In0.5S1Se1_stannite,Cu_Al,Charged-2,2231,-.12610630E+04,1,0
Cu0.5Ag0.5Al0.5In0.5S1Se1_stannite,Cu_Al,Neutral,2229.0000,-.12705332E+04,1,0
Cu0.5Ag0.5Al0.5In0.5S1Se1_stannite,In_Ag,Charged+1,2233,-.12823444E+04,1,0
Cu0.5Ag0.5Al0.5In0.5S1Se1_stannite,In_Ag,Charged+2,2232,-.12871697E+04,1,0
Cu0.5Ag0.5Al0.5In0.5S1Se1_stannite,In_Ag,Charged-1,2235,-.12720823E+04,1,0
Cu0.5Ag0.5Al0.5In0.5S1Se1_stannite,In_Ag,Charged-2,2236,-.12667096E+04,1,0
Cu0.5Ag0.5Al0.5In0.5S1Se1_stannite,In_Ag,Neutral,2234.0000,-.12774702E+04,1,0
Cu0.5Ag0.5Al0.5In0.5S1Se1_stannite,S_In,Charged+1,2218,-.12772115E+04,1,0
Cu0.5Ag0.5Al0.5In0.5S1Se1_stannite,S_In,Charged+2,2217,-.12817378E+04,1,0
Cu0.5Ag0.5Al0.5In0.5S1Se1_stannite,S_In,Charged-1,2220,-.12680127E+04,1,0
Cu0.5Ag0.5Al0.5In0.5S1Se1_stannite,S_In,Charged-2,2221,-.12632687E+04,1,0
Cu0.5Ag0.5Al0.5In0.5S1Se1_stannite,S_In,Neutral,2219.0000,-.12726432E+04,1,0
Cu0.5Ag0.5Al0.5In0.5S1Se1_stannite,Se_In,Charged+1,2218,-.12772158E+04,1,0
Cu0.5Ag0.5Al0.5In0.5S1Se1_stannite,Se_In,Charged+2,2217,-.12817365E+04,1,0
Cu0.5Ag0.5Al0.5In0.5S1Se1_stannite,Se_In,Charged-1,2220,-.12680065E+04,1,0
Cu0.5Ag0.5Al0.5In0.5S1Se1_stannite,Se_In,Charged-2,2221,-.12632621E+04,1,0
Cu0.5Ag0.5Al0.5In0.5S1Se1_stannite,Se_In,Neutral,2219.0000,-.12726466E+04,1,0
Cu0.5Ag0.5Al0.5In0.5S1Se1_stannite,V_Al,Charged+1,2228,-.12751206E+04,1,0
Cu0.5Ag0.5Al0.5In0.5S1Se1_stannite,V_Al,Charged+2,2227,-.12796940E+04,1,0
Cu0.5Ag0.5Al0.5In0.5S1Se1_stannite,V_Al,Charged-1,2230,-.12658586E+04,1,0
Cu0.5Ag0.5Al0.5In0.5S1Se1_stannite,V_Al,Charged-2,2231,-.12610702E+04,1,0
Cu0.5Ag0.5Al0.5In0.5S1Se1_stannite,V_Al,Neutral,2229.0000,-.12705224E+04,1,0
Cu0.5Ag0.5Al0.5In0.5S1Te1_kesterite,Al_S,Charged+1,2228,-.12065691E+04,1,0
Cu0.5Ag0.5Al0.5In0.5S1Te1_kesterite,Al_S,Charged+2,2227,-.12117696E+04,1,0
Cu0.5Ag0.5Al0.5In0.5S1Te1_kesterite,Al_S,Charged-1,2230,-.11954529E+04,1,0
Cu0.5Ag0.5Al0.5In0.5S1Te1_kesterite,Al_S,Charged-2,2231,-.11897796E+04,1,0
Cu0.5Ag0.5Al0.5In0.5S1Te1_kesterite,Al_S,Neutral,2229.0000,-.12010537E+04,1,0
Cu0.5Ag0.5Al0.5In0.5S1Te1_kesterite,Cu_Al,Charged+1,2228,-.12026875E+04,1,0
Cu0.5Ag0.5Al0.5In0.5S1Te1_kesterite,Cu_Al,Charged+2,2227,-.12077976E+04,1,0
Cu0.5Ag0.5Al0.5In0.5S1Te1_kesterite,Cu_Al,Charged-1,2230,-.11923616E+04,1,0
Cu0.5Ag0.5Al0.5In0.5S1Te1_kesterite,Cu_Al,Charged-2,2231,-.11869480E+04,1,0
Cu0.5Ag0.5Al0.5In0.5S1Te1_kesterite,Cu_Al,Neutral,2229.0000,-.11975554E+04,1,0
Cu0.5Ag0.5Al0.5In0.5S1Te1_kesterite,S_Cu,Charged+1,2226,-.12084003E+04,1,0
Cu0.5Ag0.5Al0.5In0.5S1Te1_kesterite,S_Cu,Charged+2,2225,-.12126265E+04,1,0
Cu0.5Ag0.5Al0.5In0.5S1Te1_kesterite,S_Cu,Charged-1,2228,-.11980290E+04,1,0
Cu0.5Ag0.5Al0.5In0.5S1Te1_kesterite,S_Cu,Charged-2,2229,-.11924503E+04,1,0
Cu0.5Ag0.5Al0.5In0.5S1Te1_kesterite,S_Cu,Neutral,2227.0000,-.12032430E+04,1,0
Cu0.5Ag0.5Al0.5In0.5S1Te1_kesterite,V_Al,Charged+1,2228,-.12026945E+04,1,0
Cu0.5Ag0.5Al0.5In0.5S1Te1_kesterite,V_Al,Charged+2,2227,-.12077949E+04,1,0
Cu0.5Ag0.5Al0.5In0.5S1Te1_kesterite,V_Al,Charged-1,2230,-.11923664E+04,1,0
Cu0.5Ag0.5Al0.5In0.5S1Te1_kesterite,V_Al,Charged-2,2231,-.11869496E+04,1,0
Cu0.5Ag0.5Al0.5In0.5S1Te1_kesterite,V_Al,Neutral,2229.0000,-.11975533E+04,1,0
Cu0.5Ag0.5Al0.5In0.5S2_kesterite,Ag_Cu,Charged+1,2231,-.13403244E+04,1,0
Cu0.5Ag0.5Al0.5In0.5S2_kesterite,Ag_Cu,Charged+2,2230,-.13453390E+04,1,0
Cu0.5Ag0.5Al0.5In0.5S2_kesterite,Ag_Cu,Charged-1,2233,-.13295200E+04,1,0
Cu0.5Ag0.5Al0.5In0.5S2_kesterite,Ag_Cu,Charged-2,2234,-.13237299E+04,1,0
Cu0.5Ag0.5Al0.5In0.5S2_kesterite,Ag_Cu,Neutral,2232.0000,-.13352710E+04,1,0
Cu0.5Ag0.5Al0.5In0.5S2_kesterite,In_Al,Charged+1,2228,-.13329124E+04,1,0
Cu0.5Ag0.5Al0.5In0.5S2_kesterite,In_Al,Charged+2,2227,-.13378434E+04,1,0
Cu0.5Ag0.5Al0.5In0.5S2_kesterite,In_Al,Charged-1,2230,-.13228445E+04,1,0
Cu0.5Ag0.5Al0.5In0.5S2_kesterite,In_Al,Charged-2,2231,-.13176820E+04,1,0
Cu0.5Ag0.5Al0.5In0.5S2_kesterite,In_Al,Neutral,2229.0000,-.13279168E+04,1,0
Cu0.5Ag0.5Al0.5In0.5S2_stannite,Cu_Al,Charged+1,2228,-.13339321E+04,1,0
Cu0.5Ag0.5Al0.5In0.5S2_stannite,Cu_Al,Charged+2,2227,-.13390009E+04,1,0
Cu0.5Ag0.5Al0.5In0.5S2_stannite,Cu_Al,Charged-1,2230,-.13236027E+04,1,0
Cu0.5Ag0.5Al0.5In0.5S2_stannite,Cu_Al,Charged-2,2231,-.13182787E+04,1,0
Cu0.5Ag0.5Al0.5In0.5S2_stannite,Cu_Al,Neutral,2229.0000,-.13288011E+04,1,0
Cu0.5Ag0.5Al0.5In0.5S2_stannite,S_Cu,Charged+1,2220,-.13371350E+04,1,0
Cu0.5Ag0.5Al0.5In0.5S2_stannite,S_Cu,Charged+2,2219,-.13422179E+04,1,0
Cu0.5Ag0.5Al0.5In0.5S2_stannite,S_Cu,Charged-1,2222,-.13268230E+04,1,0
Cu0.5Ag0.5Al0.5In0.5S2_stannite,S_Cu,Charged-2,2223,-.13211627E+04,1,0
Cu0.5Ag0.5Al0.5In0.5S2_stannite,S_Cu,Neutral,2221.0000,-.13320046E+04,1,0
Cu0.5Ag0.5Al0.5In0.5S2_stannite,S_In,Charged+1,2218,-.13362372E+04,1,0
Cu0.5Ag0.5Al0.5In0.5S2_stannite,S_In,Charged+2,2217,-.13412713E+04,1,0
Cu0.5Ag0.5Al0.5In0.5S2_stannite,S_In,Charged-1,2220,-.13259789E+04,1,0
Cu0.5Ag0.5Al0.5In0.5S2_stannite,S_In,Charged-2,2221,-.13206849E+04,1,0
Cu0.5Ag0.5Al0.5In0.5S2_stannite,S_In,Neutral,2219.0000,-.13311341E+04,1,0
Cu0.5Ag0.5Al0.5In0.5S2_stannite,S_i,Charged+1,2237,-.13414680E+04,1,0
Cu0.5Ag0.5Al0.5In0.5S2_stannite,S_i,Charged+2,2236,-.13451757E+04,1,0
Cu0.5Ag0.5Al0.5In0.5S2_stannite,S_i,Charged-1,2239,,0,0
Cu0.5Ag0.5Al0.5In0.5S2_stannite,S_i,Charged-2,2240,-.13230713E+04,1,0
Cu0.5Ag0.5Al0.5In0.5S2_stannite,S_i,Neutral,2238.0000,-.13336019E+04,1,0
Cu0.5Ag0.5Al0.5In0.5Se2_stannite,Al_Se,Charged+1,2228,-.12218633E+04,1,0
Cu0.5Ag0.5Al0.5In0.5Se2_stannite,Al_Se,Charged+2,2227,-.12260314E+04,1,0
Cu0.5Ag0.5Al0.5In0.5Se2_stannite,Al_Se,Charged-1,2230,-.12133877E+04,1,0
Cu0.5Ag0.5Al0.5In0.5Se2_stannite,Al_Se,Charged-2,2231,-.12091080E+04,1,0
Cu0.5Ag0.5Al0.5In0.5Se2_stannite,Al_Se,Neutral,2229.0000,-.12176452E+04,1,0
Cu0.5Ag0.5Al0.5In0.5Se2_stannite,Se_Ag,Charged+1,2220,-.12209490E+04,1,0
Cu0.5Ag0.5Al0.5In0.5Se2_stannite,Se_Ag,Charged+2,2219,-.12250093E+04,1,0
Cu0.5Ag0.5Al0.5In0.5Se2_stannite,Se_Ag,Charged-1,2222,-.12127283E+04,1,0
Cu0.5Ag0.5Al0.5In0.5Se2_stannite,Se_Ag,Charged-2,2223,-.12085738E+04,1,0
Cu0.5Ag0.5Al0.5In0.5Se2_stannite,Se_Ag,Neutral,2221.0000,-.12168560E+04,1,0
Cu0.5Ag0.5Al0.5In0.5Se2_stannite,Se_i,Charged+1,2237,-.12233173E+04,1,0
Cu0.5Ag0.5Al0.5In0.5Se2_stannite,Se_i,Charged+2,2236,-.12274706E+04,1,0
Cu0.5Ag0.5Al0.5In0.5Se2_stannite,Se_i,Charged-1,2239,-.12085937E+04,1,0
Cu0.5Ag0.5Al0.5In0.5Se2_stannite,Se_i,Charged-2,2240,-.12107905E+04,1,0
Cu0.5Ag0.5Al0.5In0.5Se2_stannite,Se_i,Neutral,2238.0000,-.12191577E+04,1,0
Cu0.5Ag0.5Al0.5In0.5Se2_stannite,V_In,Charged+1,2218,-.12190785E+04,1,0
Cu0.5Ag0.5Al0.5In0.5Se2_stannite,V_In,Charged+2,2217,-.12230908E+04,1,0
Cu0.5Ag0.5Al0.5In0.5Se2_stannite,V_In,Charged-1,2220,-.12108706E+04,1,0
Cu0.5Ag0.5Al0.5In0.5Se2_stannite,V_In,Charged-2,2221,-.12067324E+04,1,0
Cu0.5Ag0.5Al0.5In0.5Se2_stannite,V_In,Neutral,2219.0000,-.12150137E+04,1,0
Cu0.5Ag0.5Al1S1Te1_kesterite,Ag_Cu,Charged+1,1871,-.12804199E+04,1,0
Cu0.5Ag0.5Al1S1Te1_kesterite,Ag_Cu,Charged+2,1870,-.12856547E+04,1,0
Cu0.5Ag0.5Al1S1Te1_kesterite,Ag_Cu,Charged-1,1873,-.12689666E+04,1,0
Cu0.5Ag0.5Al1S1Te1_kesterite,Ag_Cu,Charged-2,1874,-.12627035E+04,1,0
Cu0.5Ag0.5Al1S1Te1_kesterite,Ag_Cu,Neutral,1872.0000,-.12751787E+04,1,0
Cu0.5Ag0.5Al1S1Te1_kesterite,Ag_Te,Charged+1,1876,-.12797167E+04,1,0
Cu0.5Ag0.5Al1S1Te1_kesterite,Ag_Te,Charged+2,1875,-.12844966E+04,1,0
Cu0.5Ag0.5Al1S1Te1_kesterite,Ag_Te,Charged-1,1878,-.12690312E+04,1,0
Cu0.5Ag0.5Al1S1Te1_kesterite,Ag_Te,Charged-2,1879,-.12628080E+04,1,0
Cu0.5Ag0.5Al1S1Te1_kesterite,Ag_Te,Neutral,1877.0000,-.12741292E+04,1,0
Cu0.5Ag0.5Al1S1Te1_kesterite,S_Te,Charged+1,1871,-.12832566E+04,1,0
Cu0.5Ag0.5Al1S1Te1_kesterite,S_Te,Charged+2,1870,-.12884439E+04,1,0
Cu0.5Ag0.5Al1S1Te1_kesterite,S_Te,Charged-1,1873,-.12718692E+04,1,0
Cu0.5Ag0.5Al1S1Te1_kesterite,S_Te,Charged-2,1874,-.12656556E+04,1,0
Cu0.5Ag0.5Al1S1Te1_kesterite,S_Te,Neutral,1872.0000,-.12780303E+04,1,0
Cu0.5Ag0.5Al1S1Te1_kesterite,Te_i,Charged+1,1877,-.12815836E+04,1,0
Cu0.5Ag0.5Al1S1Te1_kesterite,Te_i,Charged+2,1876,-.12868936E+04,1,0
Cu0.5Ag0.5Al1S1Te1_kesterite,Te_i,Charged-1,1879,-.12704395E+04,1,0
Cu0.5Ag0.5Al1S1Te1_kesterite,Te_i,Charged-2,1880,-.12647651E+04,1,0
Cu0.5Ag0.5Al1S1Te1_kesterite,Te_i,Neutral,1878.0000,-.12762113E+04,1,0
Cu0.5Ag0.5Al1S1Te1_kesterite,V_S,Charged+1,1865,-.12746311E+04,1,0
Cu0.5Ag0.5Al1S1Te1_kesterite,V_S,Charged+2,1864,-.12798032E+04,1,0
Cu0.5Ag0.5Al1S1Te1_kesterite,V_S,Charged-1,1867,-.12632077E+04,1,0
Cu0.5Ag0.5Al1S1Te1_kesterite,V_S,Charged-2,1868,-.12569809E+04,1,0
Cu0.5Ag0.5Al1S1Te1_kesterite,V_S,Neutral,1866.0000,-.12694050E+04,1,0
Cu0.5Ag0.5Al1S1Te1_kesterite,V_Te,Charged+1,1865,-.12769571E+04,1,0
Cu0.5Ag0.5Al1S1Te1_kesterite,V_Te,Charged+2,1864,-.12811891E+04,1,0
Cu0.5Ag0.5Al1S1Te1_kesterite,V_Te,Charged-1,1867,-.12661104E+04,1,0
Cu0.5Ag0.5Al1S1Te1_kesterite,V_Te,Charged-2,1868,-.12602717E+04,1,0
Cu0.5Ag0.5Al1S1Te1_kesterite,V_Te,Neutral,1866.0000,-.12717525E+04,1,0
Cu0.5Ag0.5Al1S1Te1_stannite,Al_i,Charged+1,1874,-.12791370E+04,1,0
Cu0.5Ag0.5Al1S1Te1_stannite,Al_i,Charged+2,1873,-.12847646E+04,1,0
Cu0.5Ag0.5Al1S1Te1_stannite,Al_i,Charged-1,1876,-.12674533E+04,1,0
Cu0.5Ag0.5Al1S1Te1_stannite,Al_i,Charged-2,1877,-.12614425E+04,1,0
Cu0.5Ag0.5Al1S1Te1_stannite,Al_i,Neutral,1875.0000,-.12733292E+04,1,0
Cu0.5Ag0.5Al1S1Te1_stannite,S_Al,Charged+1,1868,-.12708940E+04,1,0
Cu0.5Ag0.5Al1S1Te1_stannite,S_Al,Charged+2,1867,-.12763738E+04,1,0
Cu0.5Ag0.5Al1S1Te1_stannite,S_Al,Charged-1,1870,-.12598147E+04,1,0
Cu0.5Ag0.5Al1S1Te1_stannite,S_Al,Charged-2,1871,-.12541357E+04,1,0
Cu0.5Ag0.5Al1S1Te1_stannite,S_Al,Neutral,1869.0000,-.12653646E+04,1,0
Cu0.5Ag0.5Al1S2_kesterite,Ag_Al,Charged+1,1868,-.14197567E+04,1,0
Cu0.5Ag0.5Al1S2_kesterite,Ag_Al,Charged+2,1867,-.14246458E+04,1,0
Cu0.5Ag0.5Al1S2_kesterite,Ag_Al,Charged-1,1870,-.14098216E+04,1,0
Cu0.5Ag0.5Al1S2_kesterite,Ag_Al,Charged-2,1871,-.14046333E+04,1,0
Cu0.5Ag0.5Al1S2_kesterite,Ag_Al,Neutral,1869.0000,-.14148378E+04,1,0
Cu0.5Ag0.5Al1S2_kesterite,V_Ag,Charged+1,1860,-.14247432E+04,1,0
Cu0.5Ag0.5Al1S2_kesterite,V_Ag,Charged+2,1859,-.14295499E+04,1,0
Cu0.5Ag0.5Al1S2_kesterite,V_Ag,Charged-1,1862,-.14149390E+04,1,0
Cu0.5Ag0.5Al1S2_kesterite,V_Ag,Charged-2,1863,-.14083854E+04,1,0
Cu0.5Ag0.5Al1S2_kesterite,V_Ag,Neutral,1861.0000,-.14198747E+04,1,0
Cu0.5Ag0.5Al1S2_kesterite,V_Al,Charged+1,1868,-.14197699E+04,1,0
Cu0.5Ag0.5Al1S2_kesterite,V_Al,Charged+2,1867,-.14246414E+04,1,0
Cu0.5Ag0.5Al1S2_kesterite,V_Al,Charged-1,1870,-.14098209E+04,1,0
Cu0.5Ag0.5Al1S2_kesterite,V_Al,Charged-2,1871,-.14046357E+04,1,0
Cu0.5Ag0.5Al1S2_kesterite,V_Al,Neutral,1869.0000,-.14148436E+04,1,0
Cu0.5Ag0.5Al1S2_stannite,Ag_Al,Charged+1,1879,-.14224417E+04,1,0
Cu0.5Ag0.5Al1S2_stannite,Ag_Al,Charged+2,1878,-.14276218E+04,1,0
Cu0.5Ag0.5Al1S2_stannite,Ag_Al,Charged-1,1881,-.14118777E+04,1,0
Cu0.5Ag0.5Al1S2_stannite,Ag_Al,Charged-2,1882,-.14063974E+04,1,0
Cu0.5Ag0.5Al1S2_stannite,Ag_Al,Neutral,1880.0000,-.14172070E+04,1,0
Cu0.5Ag0.5Al1S2_stannite,Ag_S,Charged+1,1876,-.14223227E+04,1,0
Cu0.5Ag0.5Al1S2_stannite,Ag_S,Charged+2,1875,-.14275994E+04,1,0
Cu0.5Ag0.5Al1S2_stannite,Ag_S,Charged-1,1878,-.14096634E+04,1,0
Cu0.5Ag0.5Al1S2_stannite,Ag_S,Charged-2,1879,-.14031142E+04,1,0
Cu0.5Ag0.5Al1S2_stannite,Ag_S,Neutral,1877.0000,-.14161707E+04,1,0
Cu0.5Ag0.5Al1S2_stannite,Ag_i,Charged+1,1882,-.14285849E+04,1,0
Cu0.5Ag0.5Al1S2_stannite,Ag_i,Charged+2,1881,-.14338952E+04,1,0
Cu0.5Ag0.5Al1S2_stannite,Ag_i,Charged-1,1884,-.14156321E+04,1,0
Cu0.5Ag0.5Al1S2_stannite,Ag_i,Charged-2,1885,-.14088320E+04,1,0
Cu0.5Ag0.5Al1S2_stannite,Ag_i,Neutral,1883.0000,-.14221444E+04,1,0
Cu0.5Ag0.5Al1S2_stannite,S_Ag,Charged+1,1860,-.14229122E+04,1,0
Cu0.5Ag0.5Al1S2_stannite,S_Ag,Charged+2,1859,-.14280272E+04,1,0
Cu0.5Ag0.5Al1S2_stannite,S_Ag,Charged-1,1862,-.14125288E+04,1,0
Cu0.5Ag0.5Al1S2_stannite,S_Ag,Charged-2,1863,-.14060355E+04,1,0
Cu0.5Ag0.5Al1S2_stannite,S_Ag,Neutral,1861.0000,-.14177489E+04,1,0
Cu0.5Ag0.5Al1S2_stannite,V_Cu,Charged+1,1860,-.14213676E+04,1,0
Cu0.5Ag0.5Al1S2_stannite,V_Cu,Charged+2,1859,-.14264935E+04,1,0
Cu0.5Ag0.5Al1S2_stannite,V_Cu,Charged-1,1862,-.14109595E+04,1,0
Cu0.5Ag0.5Al1S2_stannite,V_Cu,Charged-2,1863,-.14044528E+04,1,0
Cu0.5Ag0.5Al1S2_stannite,V_Cu,Neutral,1861.0000,-.14161969E+04,1,0
Cu0.5Ag0.5Al1Se1Te1_kesterite,Al_Se,Charged+1,1868,-.12220343E+04,1,0
Cu0.5Ag0.5Al1Se1Te1_kesterite,Al_Se,Charged+2,1867,-.12265530E+04,1,0
Cu0.5Ag0.5Al1Se1Te1_kesterite,Al_Se,Charged-1,1870,-.12123608E+04,1,0
Cu0.5Ag0.5Al1Se1Te1_kesterite,Al_Se,Charged-2,1871,-.12069135E+04,1,0
Cu0.5Ag0.5Al1Se1Te1_kesterite,Al_Se,Neutral,1869.0000,-.12171664E+04,1,0
Cu0.5Ag0.5Al1Se1Te1_kesterite,Cu_Al,Charged+1,1868,-.12183674E+04,1,0
Cu0.5Ag0.5Al1Se1Te1_kesterite,Cu_Al,Charged+2,1867,-.12228051E+04,1,0
Cu0.5Ag0.5Al1Se1Te1_kesterite,Cu_Al,Charged-1,1870,-.12094079E+04,1,0
Cu0.5Ag0.5Al1Se1Te1_kesterite,Cu_Al,Charged-2,1871,-.12046691E+04,1,0
Cu0.5Ag0.5Al1Se1Te1_kesterite,Cu_Al,Neutral,1869.0000,-.12139302E+04,1,0
Cu0.5Ag0.5Al1Se1Te1_kesterite,V_Te,Charged+1,1865,-.12195529E+04,1,0
Cu0.5Ag0.5Al1Se1Te1_kesterite,V_Te,Charged+2,1864,-.12236014E+04,1,0
Cu0.5Ag0.5Al1Se1Te1_kesterite,V_Te,Charged-1,1867,-.12099934E+04,1,0
Cu0.5Ag0.5Al1Se1Te1_kesterite,V_Te,Charged-2,1868,-.12048121E+04,1,0
Cu0.5Ag0.5Al1Se1Te1_kesterite,V_Te,Neutral,1866.0000,-.12150783E+04,1,0
Cu0.5Ag0.5Al1Se1Te1_stannite,Ag_Te,Charged+1,1876,-.12162434E+04,1,0
Cu0.5Ag0.5Al1Se1Te1_stannite,Ag_Te,Charged+2,1875,-.12210041E+04,1,0
Cu0.5Ag0.5Al1Se1Te1_stannite,Ag_Te,Charged-1,1878,-.12059389E+04,1,0
Cu0.5Ag0.5Al1Se1Te1_stannite,Ag_Te,Charged-2,1879,-.12005635E+04,1,0
Cu0.5Ag0.5Al1Se1Te1_stannite,Ag_Te,Neutral,1877.0000,-.12111186E+04,1,0
Cu0.5Ag0.5Al1Se1Te1_stannite,Al_Ag,Charged+1,1863,-.12195522E+04,1,0
Cu0.5Ag0.5Al1Se1Te1_stannite,Al_Ag,Charged+2,1862,-.12246188E+04,1,0
Cu0.5Ag0.5Al1Se1Te1_stannite,Al_Ag,Charged-1,1865,-.12088354E+04,1,0
Cu0.5Ag0.5Al1Se1Te1_stannite,Al_Ag,Charged-2,1866,-.12032087E+04,1,0
Cu0.5Ag0.5Al1Se1Te1_stannite,Al_Ag,Neutral,1864.0000,-.12144215E+04,1,0
Cu0.5Ag0.5Al1Se1Te1_stannite,Cu_Te,Charged+1,1876,-.12167443E+04,1,0
Cu0.5Ag0.5Al1Se1Te1_stannite,Cu_Te,Charged+2,1875,-.12215004E+04,1,0
Cu0.5Ag0.5Al1Se1Te1_stannite,Cu_Te,Charged-1,1878,-.12065769E+04,1,0
Cu0.5Ag0.5Al1Se1Te1_stannite,Cu_Te,Charged-2,1879,-.12012544E+04,1,0
Cu0.5Ag0.5Al1Se1Te1_stannite,Cu_Te,Neutral,1877.0000,-.12116333E+04,1,0
Cu0.5Ag0.5Al1Se1Te1_stannite,Te_Se,Charged+1,1871,-.12178750E+04,1,0
Cu0.5Ag0.5Al1Se1Te1_stannite,Te_Se,Charged+2,1870,-.12226447E+04,1,0
Cu0.5Ag0.5Al1Se1Te1_stannite,Te_Se,Charged-1,1873,-.12079247E+04,1,0
Cu0.5Ag0.5Al1Se1Te1_stannite,Te_Se,Charged-2,1874,-.12027139E+04,1,0
Cu0.5Ag0.5Al1Se1Te1_stannite,Te_Se,Neutral,1872.0000,-.12130554E+04,1,0
Cu0.5Ag0.5Al1Se1Te1_stannite,Te_i,Charged+1,1877,-.12205445E+04,1,0
Cu0.5Ag0.5Al1Se1Te1_stannite,Te_i,Charged+2,1876,-.12253558E+04,1,0
Cu0.5Ag0.5Al1Se1Te1_stannite,Te_i,Charged-1,1879,-.12105442E+04,1,0
Cu0.5Ag0.5Al1Se1Te1_stannite,Te_i,Charged-2,1880,-.12052999E+04,1,0
Cu0.5Ag0.5Al1Se1Te1_stannite,Te_i,Neutral,1878.0000,-.12157321E+04,1,0
Cu0.5Ag0.5Al1Se1Te1_stannite,V_Al,Charged+1,1868,-.12125805E+04,1,0
Cu0.5Ag0.5Al1Se1Te1_stannite,V_Al,Charged+2,1867,-.12172340E+04,1,0
Cu0.5Ag0.5Al1Se1Te1_stannite,V_Al,Charged-1,1870,-.12030770E+04,1,0
Cu0.5Ag0.5Al1Se1Te1_stannite,V_Al,Charged-2,1871,-.11981885E+04,1,0
Cu0.5Ag0.5Al1Se1Te1_stannite,V_Al,Neutral,1869.0000,-.12078641E+04,1,0
Cu0.5Ag0.5Al1Se2_kesterite,Cu_Al,Charged+1,1868,-.12856091E+04,1,0
Cu0.5Ag0.5Al1Se2_kesterite,Cu_Al,Charged+2,1867,-.12894471E+04,1,0
Cu0.5Ag0.5Al1Se2_kesterite,Cu_Al,Charged-1,1870,-.12777541E+04,1,0
Cu0.5Ag0.5Al1Se2_kesterite,Cu_Al,Charged-2,1871,-.12737040E+04,1,0
Cu0.5Ag0.5Al1Se2_kesterite,Cu_Al,Neutral,1869.0000,-.12817151E+04,1,0
Cu0.5Ag0.5Al1Se2_kesterite,Cu_i,Charged+1,1882,-.12966046E+04,1,0
Cu0.5Ag0.5Al1Se2_kesterite,Cu_i,Charged+2,1881,-.13005592E+04,1,0
Cu0.5Ag0.5Al1Se2_kesterite,Cu_i,Charged-1,1884,-.12869282E+04,1,0
Cu0.5Ag0.5Al1Se2_kesterite,Cu_i,Charged-2,1885,-.12817027E+04,1,0
Cu0.5Ag0.5Al1Se2_kesterite,Cu_i,Neutral,1883.0000,-.12917854E+04,1,0
Cu0.5Ag0.5Al1Se2_kesterite,V_Se,Charged+1,1865,-.12875523E+04,1,0
Cu0.5Ag0.5Al1Se2_kesterite,V_Se,Charged+2,1864,-.12906584E+04,1,0
Cu0.5Ag0.5Al1Se2_kesterite,V_Se,Charged-1,1867,-.12788650E+04,1,0
Cu0.5Ag0.5Al1Se2_kesterite,V_Se,Charged-2,1868,-.12740005E+04,1,0
Cu0.5Ag0.5Al1Se2_kesterite,V_Se,Neutral,1866.0000,-.12836609E+04,1,0
Cu0.5Ag0.5Al1Se2_stannite,Cu_Al,Charged+1,1879,-.12883194E+04,1,0
Cu0.5Ag0.5Al1Se2_stannite,Cu_Al,Charged+2,1878,-.12924218E+04,1,0
Cu0.5Ag0.5Al1Se2_stannite,Cu_Al,Charged-1,1881,-.12798906E+04,1,0
Cu0.5Ag0.5Al1Se2_stannite,Cu_Al,Charged-2,1882,-.12754658E+04,1,0
Cu0.5Ag0.5Al1Se2_stannite,Cu_Al,Neutral,1880.0000,-.12841368E+04,1,0
Cu0.5Ag0.5Al1Se2_stannite,Cu_Se,Charged+1,1876,-.12873284E+04,1,0
Cu0.5Ag0.5Al1Se2_stannite,Cu_Se,Charged+2,1875,-.12914895E+04,1,0
Cu0.5Ag0.5Al1Se2_stannite,Cu_Se,Charged-1,1878,-.12789631E+04,1,0
Cu0.5Ag0.5Al1Se2_stannite,Cu_Se,Charged-2,1879,-.12741308E+04,1,0
Cu0.5Ag0.5Al1Se2_stannite,Cu_Se,Neutral,1877.0000,-.12837490E+04,1,0
Cu0.5Ag0.5Al1Se2_stannite,Cu_i,Charged+1,1882,-.12867974E+04,1,0
Cu0.5Ag0.5Al1Se2_stannite,Cu_i,Charged+2,1881,-.12979118E+04,1,0
Cu0.5Ag0.5Al1Se2_stannite,Cu_i,Charged-1,1884,-.12778778E+04,1,0
Cu0.5Ag0.5Al1Se2_stannite,Cu_i,Charged-2,1885,-.12784035E+04,1,0
Cu0.5Ag0.5Al1Se2_stannite,Cu_i,Neutral,1883.0000,-.12823280E+04,1,0
Cu0.5Ag0.5Al1Se2_stannite,Se_Cu,Charged+1,1860,-.12854790E+04,1,0
Cu0.5Ag0.5Al1Se2_stannite,Se_Cu,Charged+2,1859,-.12895427E+04,1,0
Cu0.5Ag0.5Al1Se2_stannite,Se_Cu,Charged-1,1862,-.12772048E+04,1,0
Cu0.5Ag0.5Al1Se2_stannite,Se_Cu,Charged-2,1863,-.12724713E+04,1,0
Cu0.5Ag0.5Al1Se2_stannite,Se_Cu,Neutral,1861.0000,-.12813739E+04,1,0
Cu0.5Ag0.5Al1Se2_stannite,Se_i,Charged+1,1877,-.12793678E+04,1,0
Cu0.5Ag0.5Al1Se2_stannite,Se_i,Charged+2,1876,-.12792816E+04,1,0
Cu0.5Ag0.5Al1Se2_stannite,Se_i,Charged-1,1879,-.12697103E+04,1,0
Cu0.5Ag0.5Al1Se2_stannite,Se_i,Charged-2,1880,-.12650998E+04,1,0
Cu0.5Ag0.5Al1Se2_stannite,Se_i,Neutral,1878.0000,-.12728075E+04,1,0
Cu0.5Ag0.5Al1Se2_stannite,V_Cu,Charged+1,1860,-.12854732E+04,1,0
Cu0.5Ag0.5Al1Se2_stannite,V_Cu,Charged+2,1859,-.12895451E+04,1,0
Cu0.5Ag0.5Al1Se2_stannite,V_Cu,Charged-1,1862,-.12772086E+04,1,0
Cu0.5Ag0.5Al1Se2_stannite,V_Cu,Charged-2,1863,-.12724788E+04,1,0
Cu0.5Ag0.5Al1Se2_stannite,V_Cu,Neutral,1861.0000,-.12813633E+04,1,0
Cu0.5Ag0.5Al1Te2_kesterite,Ag_Te,Charged+1,1876,-.11604539E+04,1,0
Cu0.5Ag0.5Al1Te2_kesterite,Ag_Te,Charged+2,1875,-.11653802E+04,1,0
Cu0.5Ag0.5Al1Te2_kesterite,Ag_Te,Charged-1,1878,-.11496168E+04,1,0
Cu0.5Ag0.5Al1Te2_kesterite,Ag_Te,Charged-2,1879,-.11435915E+04,1,0
Cu0.5Ag0.5Al1Te2_kesterite,Ag_Te,Neutral,1877.0000,-.11551170E+04,1,0
Cu0.5Ag0.5Al1Te2_kesterite,Al_Ag,Charged+1,1863,-.11629378E+04,1,0
Cu0.5Ag0.5Al1Te2_kesterite,Al_Ag,Charged+2,1862,-.11688677E+04,1,0
Cu0.5Ag0.5Al1Te2_kesterite,Al_Ag,Charged-1,1865,-.11507345E+04,1,0
Cu0.5Ag0.5Al1Te2_kesterite,Al_Ag,Charged-2,1866,-.11454923E+04,1,0
Cu0.5Ag0.5Al1Te2_kesterite,Al_Ag,Neutral,1864.0000,-.11569350E+04,1,0
Cu0.5Ag0.5Al1Te2_stannite,Te_Ag,Charged+1,1860,-.11567849E+04,1,0
Cu0.5Ag0.5Al1Te2_stannite,Te_Ag,Charged+2,1859,-.11618311E+04,1,0
Cu0.5Ag0.5Al1Te2_stannite,Te_Ag,Charged-1,1862,-.11466099E+04,1,0
Cu0.5Ag0.5Al1Te2_stannite,Te_Ag,Charged-2,1863,-.11408829E+04,1,0
Cu0.5Ag0.5Al1Te2_stannite,Te_Ag,Neutral,1861.0000,-.11517186E+04,1,0
Cu0.5Ag0.5Ga0.5In0.5S2_kesterite,S_In,Charged+1,2578,-.12754816E+04,1,0
Cu0.5Ag0.5Ga0.5In0.5S2_kesterite,S_In,Charged+2,2577,-.12803017E+04,1,0
Cu0.5Ag0.5Ga0.5In0.5S2_kesterite,S_In,Charged-1,2580,-.12656632E+04,1,0
Cu0.5Ag0.5Ga0.5In0.5S2_kesterite,S_In,Charged-2,2581,-.12606320E+04,1,0
Cu0.5Ag0.5Ga0.5In0.5S2_kesterite,S_In,Neutral,2579.0000,-.12706006E+04,1,0
Cu0.5Ag0.5Ga0.5In0.5S2_stannite,Cu_Ga,Charged+1,2589,-.12822430E+04,1,0
Cu0.5Ag0.5Ga0.5In0.5S2_stannite,Cu_Ga,Charged+2,2588,-.12872803E+04,1,0
Cu0.5Ag0.5Ga0.5In0.5S2_stannite,Cu_Ga,Charged-1,2591,-.12719087E+04,1,0
Cu0.5Ag0.5Ga0.5In0.5S2_stannite,Cu_Ga,Charged-2,2592,-.12666402E+04,1,0
Cu0.5Ag0.5Ga0.5In0.5S2_stannite,Cu_Ga,Neutral,2590.0000,-.12771075E+04,1,0
Cu0.5Ag0.5Ga0.5In0.5S2_stannite,Ga_S,Charged+1,2598,-.12795957E+04,1,0
Cu0.5Ag0.5Ga0.5In0.5S2_stannite,Ga_S,Charged+2,2597,-.12847083E+04,1,0
Cu0.5Ag0.5Ga0.5In0.5S2_stannite,Ga_S,Charged-1,2600,-.12690224E+04,1,0
Cu0.5Ag0.5Ga0.5In0.5S2_stannite,Ga_S,Charged-2,2601,-.12636464E+04,1,0
Cu0.5Ag0.5Ga0.5In0.5S2_stannite,Ga_S,Neutral,2599.0000,-.12743427E+04,1,0
Cu0.5Ag0.5Ga0.5In0.5Se2_kesterite,Ag_Cu,Charged+1,2591,-.11743565E+04,1,0
Cu0.5Ag0.5Ga0.5In0.5Se2_kesterite,Ag_Cu,Charged+2,2590,-.11782678E+04,1,0
Cu0.5Ag0.5Ga0.5In0.5Se2_kesterite,Ag_Cu,Charged-1,2593,-.11664320E+04,1,0
Cu0.5Ag0.5Ga0.5In0.5Se2_kesterite,Ag_Cu,Charged-2,2594,-.11623992E+04,1,0
Cu0.5Ag0.5Ga0.5In0.5Se2_kesterite,Ag_Cu,Neutral,2592.0000,-.11704159E+04,1,0
Cu0.5Ag0.5Ga0.5In0.5Se2_kesterite,Ag_Ga,Charged+1,2589,-.11736166E+04,1,0
Cu0.5Ag0.5Ga0.5In0.5Se2_kesterite,Ag_Ga,Charged+2,2588,-.11775348E+04,1,0
Cu0.5Ag0.5Ga0.5In0.5Se2_kesterite,Ag_Ga,Charged-1,2591,-.11657215E+04,1,0
Cu0.5Ag0.5Ga0.5In0.5Se2_kesterite,Ag_Ga,Charged-2,2592,-.11617323E+04,1,0
Cu0.5Ag0.5Ga0.5In0.5Se2_kesterite,Ag_Ga,Neutral,2590.0000,-.11696992E+04,1,0
Cu0.5Ag0.5Ga0.5In0.5Se2_kesterite,Ag_i,Charged+1,2602,-.11779739E+04,1,0
Cu0.5Ag0.5Ga0.5In0.5Se2_kesterite,Ag_i,Charged+2,2601,-.11819249E+04,1,0
Cu0.5Ag0.5Ga0.5In0.5Se2_kesterite,Ag_i,Charged-1,2604,-.11699060E+04,1,0
Cu0.5Ag0.5Ga0.5In0.5Se2_kesterite,Ag_i,Charged-2,2605,-.11649351E+04,1,0
Cu0.5Ag0.5Ga0.5In0.5Se2_kesterite,Ag_i,Neutral,2603.0000,-.11739702E+04,1,0
Cu0.5Ag0.5Ga0.5In0.5Se2_kesterite,V_Cu,Charged+1,2580,-.11707860E+04,1,0
Cu0.5Ag0.5Ga0.5In0.5Se2_kesterite,V_Cu,Charged+2,2579,-.11746525E+04,1,0
Cu0.5Ag0.5Ga0.5In0.5Se2_kesterite,V_Cu,Charged-1,2582,-.11629874E+04,1,0
Cu0.5Ag0.5Ga0.5In0.5Se2_kesterite,V_Cu,Charged-2,2583,-.11590383E+04,1,0
Cu0.5Ag0.5Ga0.5In0.5Se2_kesterite,V_Cu,Neutral,2581.0000,-.11669005E+04,1,0
Cu0.5Ag0.5Ga0.5In0.5Se2_stannite,Ag_Ga,Charged+1,2589,-.11740722E+04,1,0
Cu0.5Ag0.5Ga0.5In0.5Se2_stannite,Ag_Ga,Charged+2,2588,-.11779698E+04,1,0
Cu0.5Ag0.5Ga0.5In0.5Se2_stannite,Ag_Ga,Charged-1,2591,-.11660534E+04,1,0
Cu0.5Ag0.5Ga0.5In0.5Se2_stannite,Ag_Ga,Charged-2,2592,-.11619409E+04,1,0
Cu0.5Ag0.5Ga0.5In0.5Se2_stannite,Ag_Ga,Neutral,2590.0000,-.11701145E+04,1,0
Cu0.5Ag0.5Ga0.5In0.5Se2_stannite,Ag_i,Charged+1,2602,-.11780519E+04,1,0
Cu0.5Ag0.5Ga0.5In0.5Se2_stannite,Ag_i,Charged+2,2601,-.11821348E+04,1,0
Cu0.5Ag0.5Ga0.5In0.5Se2_stannite,Ag_i,Charged-1,2604,-.11698039E+04,1,0
Cu0.5Ag0.5Ga0.5In0.5Se2_stannite,Ag_i,Charged-2,2605,-.11649704E+04,1,0
Cu0.5Ag0.5Ga0.5In0.5Se2_stannite,Ag_i,Neutral,2603.0000,-.11739514E+04,1,0
Cu0.5Ag0.5Ga0.5In0.5Se2_stannite,Ga_Cu,Charged+1,2593,-.11752450E+04,1,0
Cu0.5Ag0.5Ga0.5In0.5Se2_stannite,Ga_Cu,Charged+2,2592,-.11793351E+04,1,0
Cu0.5Ag0.5Ga0.5In0.5Se2_stannite,Ga_Cu,Charged-1,2595,-.11661859E+04,1,0
Cu0.5Ag0.5Ga0.5In0.5Se2_stannite,Ga_Cu,Charged-2,2596,-.11612376E+04,1,0
Cu0.5Ag0.5Ga0.5In0.5Se2_stannite,Ga_Cu,Neutral,2594.0000,-.11710973E+04,1,0
Cu0.5Ag0.5Ga0.5In0.5Se2_stannite,Ga_i,Charged+1,2604,-.11777964E+04,1,0
Cu0.5Ag0.5Ga0.5In0.5Se2_stannite,Ga_i,Charged+2,2603,-.11819857E+04,1,0
Cu0.5Ag0.5Ga0.5In0.5Se2_stannite,Ga_i,Charged-1,2606,-.11692552E+04,1,0
Cu0.5Ag0.5Ga0.5In0.5Se2_stannite,Ga_i,Charged-2,2607,-.11645293E+04,1,0
Cu0.5Ag0.5Ga0.5In0.5Se2_stannite,Ga_i,Neutral,2605.0000,-.11734823E+04,1,0
Cu0.5Ag0.5Ga1S2_kesterite,Ag_Ga,Charged+1,2578,-.13021568E+04,1,0
Cu0.5Ag0.5Ga1S2_kesterite,Ag_Ga,Charged+2,2577,-.13068356E+04,1,0
Cu0.5Ag0.5Ga1S2_kesterite,Ag_Ga,Charged-1,2580,-.12925981E+04,1,0
Cu0.5Ag0.5Ga1S2_kesterite,Ag_Ga,Charged-2,2581,-.12877151E+04,1,0
Cu0.5Ag0.5Ga1S2_kesterite,Ag_Ga,Neutral,2579.0000,-.12974032E+04,1,0
Cu0.5Ag0.5Ga1S2_kesterite,Cu_Ag,Charged+1,2591,-.13104681E+04,1,0
Cu0.5Ag0.5Ga1S2_kesterite,Cu_Ag,Charged+2,2590,-.13152172E+04,1,0
Cu0.5Ag0.5Ga1S2_kesterite,Cu_Ag,Charged-1,2593,-.13000740E+04,1,0
Cu0.5Ag0.5Ga1S2_kesterite,Cu_Ag,Charged-2,2594,-.12944456E+04,1,0
Cu0.5Ag0.5Ga1S2_kesterite,Cu_Ag,Neutral,2592.0000,-.13056488E+04,1,0
Cu0.5Ag0.5Ga1S2_kesterite,Cu_Ga,Charged+1,2578,-.13021632E+04,1,0
Cu0.5Ag0.5Ga1S2_kesterite,Cu_Ga,Charged+2,2577,-.13068359E+04,1,0
Cu0.5Ag0.5Ga1S2_kesterite,Cu_Ga,Charged-1,2580,-.12925988E+04,1,0
Cu0.5Ag0.5Ga1S2_kesterite,Cu_Ga,Charged-2,2581,-.12877116E+04,1,0
Cu0.5Ag0.5Ga1S2_kesterite,Cu_Ga,Neutral,2579.0000,-.12974066E+04,1,0
Cu0.5Ag0.5Ga1S2_kesterite,S_Cu,Charged+1,2580,-.13038739E+04,1,0
Cu0.5Ag0.5Ga1S2_kesterite,S_Cu,Charged+2,2579,-.13085037E+04,1,0
Cu0.5Ag0.5Ga1S2_kesterite,S_Cu,Charged-1,2582,-.12943665E+04,1,0
Cu0.5Ag0.5Ga1S2_kesterite,S_Cu,Charged-2,2583,-.12887909E+04,1,0
Cu0.5Ag0.5Ga1S2_kesterite,S_Cu,Neutral,2581.0000,-.12991618E+04,1,0
Cu0.5Ag0.5Ga1S2_stannite,Ag_S,Charged+1,2596,-.13040199E+04,1,0
Cu0.5Ag0.5Ga1S2_stannite,Ag_S,Charged+2,2595,-.13090827E+04,1,0
Cu0.5Ag0.5Ga1S2_stannite,Ag_S,Charged-1,2598,-.12929332E+04,1,0
Cu0.5Ag0.5Ga1S2_stannite,Ag_S,Charged-2,2599,-.12873130E+04,1,0
Cu0.5Ag0.5Ga1S2_stannite,Ag_S,Neutral,2597.0000,-.12985010E+04,1,0
Cu0.5Ag0.5Ga1S2_stannite,Cu_Ga,Charged+1,2589,-.13071255E+04,1,0
Cu0.5Ag0.5Ga1S2_stannite,Cu_Ga,Charged+2,2588,-.13121004E+04,1,0
Cu0.5Ag0.5Ga1S2_stannite,Cu_Ga,Charged-1,2591,-.12969195E+04,1,0
Cu0.5Ag0.5Ga1S2_stannite,Cu_Ga,Charged-2,2592,-.12916436E+04,1,0
Cu0.5Ag0.5Ga1S2_stannite,Cu_Ga,Neutral,2590.0000,-.13020581E+04,1,0
Cu0.5Ag0.5Ga1Se2_kesterite,Se_Ga,Charged+1,2578,-.11896131E+04,1,0
Cu0.5Ag0.5Ga1Se2_kesterite,Se_Ga,Charged+2,2577,-.11933034E+04,1,0
Cu0.5Ag0.5Ga1Se2_kesterite,Se_Ga,Charged-1,2580,-.11820822E+04,1,0
Cu0.5Ag0.5Ga1Se2_kesterite,Se_Ga,Charged-2,2581,-.11782329E+04,1,0
Cu0.5Ag0.5Ga1Se2_kesterite,Se_Ga,Neutral,2579.0000,-.11858655E+04,1,0
Cu0.5Ag0.5Ga1Se2_kesterite,V_Ag,Charged+1,2580,-.11919747E+04,1,0
Cu0.5Ag0.5Ga1Se2_kesterite,V_Ag,Charged+2,2579,-.11956246E+04,1,0
Cu0.5Ag0.5Ga1Se2_kesterite,V_Ag,Charged-1,2582,-.11844838E+04,1,0
Cu0.5Ag0.5Ga1Se2_kesterite,V_Ag,Charged-2,2583,-.11805821E+04,1,0
Cu0.5Ag0.5Ga1Se2_kesterite,V_Ag,Neutral,2581.0000,-.11882585E+04,1,0
Cu0.5Ag0.5Ga1Se2_stannite,Cu_Ag,Charged+1,2591,-.11939558E+04,1,0
Cu0.5Ag0.5Ga1Se2_stannite,Cu_Ag,Charged+2,2590,-.11978499E+04,1,0
Cu0.5Ag0.5Ga1Se2_stannite,Cu_Ag,Charged-1,2593,-.11860553E+04,1,0
Cu0.5Ag0.5Ga1Se2_stannite,Cu_Ag,Charged-2,2594,-.11820448E+04,1,0
Cu0.5Ag0.5Ga1Se2_stannite,Cu_Ag,Neutral,2592.0000,-.11900217E+04,1,0
Cu0.5Ag0.5Ga1Se2_stannite,Cu_Se,Charged+1,2596,-.11904954E+04,1,0
Cu0.5Ag0.5Ga1Se2_stannite,Cu_Se,Charged+2,2595,-.11944128E+04,1,0
Cu0.5Ag0.5Ga1Se2_stannite,Cu_Se,Charged-1,2598,-.11826079E+04,1,0
Cu0.5Ag0.5Ga1Se2_stannite,Cu_Se,Charged-2,2599,-.11784963E+04,1,0
Cu0.5Ag0.5Ga1Se2_stannite,Cu_Se,Neutral,2597.0000,-.11865665E+04,1,0
Cu0.5Ag0.5In1S2_kesterite,Cu_S,Charged+1,2596,-.12536225E+04,1,0
Cu0.5Ag0.5In1S2_kesterite,Cu_S,Charged+2,2595,-.12586702E+04,1,0
Cu0.5Ag0.5In1S2_kesterite,Cu_S,Charged-1,2598,-.12432867E+04,1,0
Cu0.5Ag0.5In1S2_kesterite,Cu_S,Charged-2,2599,-.12379181E+04,1,0
Cu0.5Ag0.5In1S2_kesterite,Cu_S,Neutral,2597.0000,-.12484877E+04,1,0
Cu0.5Ag0.5In1S2_kesterite,In_i,Charged+1,2604,-.12579535E+04,1,0
Cu0.5Ag0.5In1S2_kesterite,In_i,Charged+2,2603,-.12630715E+04,1,0
Cu0.5Ag0.5In1S2_kesterite,In_i,Charged-1,2606,-.12473944E+04,1,0
Cu0.5Ag0.5In1S2_kesterite,In_i,Charged-2,2607,-.12412550E+04,1,0
Cu0.5Ag0.5In1S2_kesterite,In_i,Neutral,2605.0000,-.12527070E+04,1,0
Cu0.5Ag0.5In1S2_stannite,Ag_Cu,Charged+1,2591,-.12553403E+04,1,0
Cu0.5Ag0.5In1S2_stannite,Ag_Cu,Charged+2,2590,-.12604472E+04,1,0
Cu0.5Ag0.5In1S2_stannite,Ag_Cu,Charged-1,2593,-.12450346E+04,1,0
Cu0.5Ag0.5In1S2_stannite,Ag_Cu,Charged-2,2594,-.12398553E+04,1,0
Cu0.5Ag0.5In1S2_stannite,Ag_Cu,Neutral,2592.0000,-.12502058E+04,1,0
Cu0.5Ag1.5Zn0.5Cd0.5Ge1S3Te1_kesterite,Cd_Te,Charged+1,2597,-.11703156E+04,1,0
Cu0.5Ag1.5Zn0.5Cd0.5Ge1S3Te1_kesterite,Cd_Te,Charged+2,2596,-.11748164E+04,1,0
Cu0.5Ag1.5Zn0.5Cd0.5Ge1S3Te1_kesterite,Cd_Te,Charged-1,2599,-.11610177E+04,1,0
Cu0.5Ag1.5Zn0.5Cd0.5Ge1S3Te1_kesterite,Cd_Te,Charged-2,2600,-.11562319E+04,1,0
Cu0.5Ag1.5Zn0.5Cd0.5Ge1S3Te1_kesterite,Cd_Te,Neutral,2598.0000,-.11657517E+04,1,0
Cu0.5Ag1.5Zn0.5Cd0.5Ge1S3Te1_kesterite,Cd_Zn,Charged+1,2579,-.11694006E+04,1,0
Cu0.5Ag1.5Zn0.5Cd0.5Ge1S3Te1_kesterite,Cd_Zn,Charged+2,2578,-.11738496E+04,1,0
Cu0.5Ag1.5Zn0.5Cd0.5Ge1S3Te1_kesterite,Cd_Zn,Charged-1,2581,-.11603834E+04,1,0
Cu0.5Ag1.5Zn0.5Cd0.5Ge1S3Te1_kesterite,Cd_Zn,Charged-2,2582,-.11557934E+04,1,0
Cu0.5Ag1.5Zn0.5Cd0.5Ge1S3Te1_kesterite,Cd_Zn,Neutral,2580.0000,-.11648987E+04,1,0
Cu0.5Ag1.5Zn0.5Cd0.5Ge1S3Te1_kesterite,Cu_Ag,Charged+1,2591,-.11739478E+04,1,0
Cu0.5Ag1.5Zn0.5Cd0.5Ge1S3Te1_kesterite,Cu_Ag,Charged+2,2590,-.11784902E+04,1,0
Cu0.5Ag1.5Zn0.5Cd0.5Ge1S3Te1_kesterite,Cu_Ag,Charged-1,2593,-.11646689E+04,1,0
Cu0.5Ag1.5Zn0.5Cd0.5Ge1S3Te1_kesterite,Cu_Ag,Charged-2,2594,-.11599347E+04,1,0
Cu0.5Ag1.5Zn0.5Cd0.5Ge1S3Te1_kesterite,Cu_Ag,Neutral,2592.0000,-.11693527E+04,1,0
Cu0.5Ag1.5Zn0.5Cd0.5Ge1S3Te1_kesterite,Ge_Ag,Charged+1,2594,-.11740438E+04,1,0
Cu0.5Ag1.5Zn0.5Cd0.5Ge1S3Te1_kesterite,Ge_Ag,Charged+2,2593,-.11786671E+04,1,0
Cu0.5Ag1.5Zn0.5Cd0.5Ge1S3Te1_kesterite,Ge_Ag,Charged-1,2596,-.11645215E+04,1,0
Cu0.5Ag1.5Zn0.5Cd0.5Ge1S3Te1_kesterite,Ge_Ag,Charged-2,2597,-.11593024E+04,1,0
Cu0.5Ag1.5Zn0.5Cd0.5Ge1S3Te1_kesterite,Ge_Ag,Neutral,2595.0000,-.11693168E+04,1,0
Cu0.5Ag1.5Zn0.5Cd0.5Ge1S3Te1_kesterite,Ge_Cd,Charged+1,2579,-.11710663E+04,1,0
Cu0.5Ag1.5Zn0.5Cd0.5Ge1S3Te1_kesterite,Ge_Cd,Charged+2,2578,-.11755529E+04,1,0
Cu0.5Ag1.5Zn0.5Cd0.5Ge1S3Te1_kesterite,Ge_Cd,Charged-1,2581,-.11618323E+04,1,0
Cu0.5Ag1.5Zn0.5Cd0.5Ge1S3Te1_kesterite,Ge_Cd,Charged-2,2582,-.11571299E+04,1,0
Cu0.5Ag1.5Zn0.5Cd0.5Ge1S3Te1_kesterite,Ge_Cd,Neutral,2580.0000,-.11664937E+04,1,0
Cu0.5Ag1.5Zn0.5Cd0.5Ge1S3Te1_kesterite,Ge_Te,Charged+1,2599,-.11737408E+04,1,0
Cu0.5Ag1.5Zn0.5Cd0.5Ge1S3Te1_kesterite,Ge_Te,Charged+2,2598,-.11782659E+04,1,0
Cu0.5Ag1.5Zn0.5Cd0.5Ge1S3Te1_kesterite,Ge_Te,Charged-1,2601,-.11644533E+04,1,0
Cu0.5Ag1.5Zn0.5Cd0.5Ge1S3Te1_kesterite,Ge_Te,Charged-2,2602,-.11596948E+04,1,0
Cu0.5Ag1.5Zn0.5Cd0.5Ge1S3Te1_kesterite,Ge_Te,Neutral,2600.0000,-.11691495E+04,1,0
Cu0.5Ag1.5Zn0.5Cd0.5Ge1S3Te1_kesterite,Ge_Zn,Charged+1,2579,-.11693906E+04,1,0
Cu0.5Ag1.5Zn0.5Cd0.5Ge1S3Te1_kesterite,Ge_Zn,Charged+2,2578,-.11738560E+04,1,0
Cu0.5Ag1.5Zn0.5Cd0.5Ge1S3Te1_kesterite,Ge_Zn,Charged-1,2581,-.11603738E+04,1,0
Cu0.5Ag1.5Zn0.5Cd0.5Ge1S3Te1_kesterite,Ge_Zn,Charged-2,2582,-.11557917E+04,1,0
Cu0.5Ag1.5Zn0.5Cd0.5Ge1S3Te1_kesterite,Ge_Zn,Neutral,2580.0000,-.11648936E+04,1,0
Cu0.5Ag1.5Zn0.5Cd0.5Ge1S3Te1_kesterite,S_Cd,Charged+1,2579,-.11710474E+04,1,0
Cu0.5Ag1.5Zn0.5Cd0.5Ge1S3Te1_kesterite,S_Cd,Charged+2,2578,-.11755628E+04,1,0
Cu0.5Ag1.5Zn0.5Cd0.5Ge1S3Te1_kesterite,S_Cd,Charged-1,2581,-.11618243E+04,1,0
Cu0.5Ag1.5Zn0.5Cd0.5Ge1S3Te1_kesterite,S_Cd,Charged-2,2582,-.11571482E+04,1,0
Cu0.5Ag1.5Zn0.5Cd0.5Ge1S3Te1_kesterite,S_Cd,Neutral,2580.0000,-.11664780E+04,1,0
Cu0.5Ag1.5Zn0.5Cd0.5Ge1S3Te1_kesterite,Te_Ge,Charged+1,2583,-.11696354E+04,1,0
Cu0.5Ag1.5Zn0.5Cd0.5Ge1S3Te1_kesterite,Te_Ge,Charged+2,2582,-.11742066E+04,1,0
Cu0.5Ag1.5Zn0.5Cd0.5Ge1S3Te1_kesterite,Te_Ge,Charged-1,2585,-.11602458E+04,1,0
Cu0.5Ag1.5Zn0.5Cd0.5Ge1S3Te1_kesterite,Te_Ge,Charged-2,2586,-.11554168E+04,1,0
Cu0.5Ag1.5Zn0.5Cd0.5Ge1S3Te1_kesterite,Te_Ge,Neutral,2584.0000,-.11650152E+04,1,0
Cu0.5Ag1.5Zn0.5Cd0.5Ge1S3Te1_kesterite,Te_S,Charged+1,2591,-.11712725E+04,1,0
Cu0.5Ag1.5Zn0.5Cd0.5Ge1S3Te1_kesterite,Te_S,Charged+2,2590,-.11758683E+04,1,0
Cu0.5Ag1.5Zn0.5Cd0.5Ge1S3Te1_kesterite,Te_S,Charged-1,2593,-.11619198E+04,1,0
Cu0.5Ag1.5Zn0.5Cd0.5Ge1S3Te1_kesterite,Te_S,Charged-2,2594,-.11571363E+04,1,0
Cu0.5Ag1.5Zn0.5Cd0.5Ge1S3Te1_kesterite,Te_S,Neutral,2592.0000,-.11666503E+04,1,0
Cu0.5Ag1.5Zn0.5Cd0.5Ge1S3Te1_kesterite,V_Ag,Charged+1,2580,-.11694556E+04,1,0
Cu0.5Ag1.5Zn0.5Cd0.5Ge1S3Te1_kesterite,V_Ag,Charged+2,2579,-.11739467E+04,1,0
Cu0.5Ag1.5Zn0.5Cd0.5Ge1S3Te1_kesterite,V_Ag,Charged-1,2582,-.11603521E+04,1,0
Cu0.5Ag1.5Zn0.5Cd0.5Ge1S3Te1_kesterite,V_Ag,Charged-2,2583,-.11556639E+04,1,0
Cu0.5Ag1.5Zn0.5Cd0.5Ge1S3Te1_kesterite,V_Ag,Neutral,2581.0000,-.11649444E+04,1,0
Cu0.5Ag1.5Zn0.5Cd0.5Ge1S3Te1_kesterite,V_Cd,Charged+1,2579,-.11710526E+04,1,0
Cu0.5Ag1.5Zn0.5Cd0.5Ge1S3Te1_kesterite,V_Cd,Charged+2,2578,-.11755491E+04,1,0
Cu0.5Ag1.5Zn0.5Cd0.5Ge1S3Te1_kesterite,V_Cd,Charged-1,2581,-.11618439E+04,1,0
Cu0.5Ag1.5Zn0.5Cd0.5Ge1S3Te1_kesterite,V_Cd,Charged-2,2582,-.11571291E+04,1,0
Cu0.5Ag1.5Zn0.5Cd0.5Ge1S3Te1_kesterite,V_Cd,Neutral,2580.0000,-.11664858E+04,1,0
Cu0.5Ag1.5Zn0.5Cd0.5Ge1S3Te1_kesterite,Zn_Ag,Charged+1,2592,-.11716760E+04,1,0
Cu0.5Ag1.5Zn0.5Cd0.5Ge1S3Te1_kesterite,Zn_Ag,Charged+2,2591,-.11762599E+04,1,0
Cu0.5Ag1.5Zn0.5Cd0.5Ge1S3Te1_kesterite,Zn_Ag,Charged-1,2594,-.11622913E+04,1,0
Cu0.5Ag1.5Zn0.5Cd0.5Ge1S3Te1_kesterite,Zn_Ag,Charged-2,2595,-.11570558E+04,1,0
Cu0.5Ag1.5Zn0.5Cd0.5Ge1S3Te1_kesterite,Zn_Ag,Neutral,2593.0000,-.11670054E+04,1,0
Cu1.5Ag0.5Ba1Sn1S4_kesterite,Ag_S,Charged+1,2524,-.13554879E+04,1,0
Cu1.5Ag0.5Ba1Sn1S4_kesterite,Ag_S,Charged+2,2523,-.13600186E+04,1,0
Cu1.5Ag0.5Ba1Sn1S4_kesterite,Ag_S,Charged-1,2526,-.13463477E+04,1,0
Cu1.5Ag0.5Ba1Sn1S4_kesterite,Ag_S,Charged-2,2527,-.13415504E+04,1,0
Cu1.5Ag0.5Ba1Sn1S4_kesterite,Ag_S,Neutral,2525.0000,-.13509176E+04,1,0
Cu1.5Ag0.5Ba1Sn1S4_kesterite,Ag_i,Charged+1,2530,-.13605565E+04,1,0
Cu1.5Ag0.5Ba1Sn1S4_kesterite,Ag_i,Charged+2,2529,-.13651124E+04,1,0
Cu1.5Ag0.5Ba1Sn1S4_kesterite,Ag_i,Charged-1,2532,-.13513801E+04,1,0
Cu1.5Ag0.5Ba1Sn1S4_kesterite,Ag_i,Charged-2,2533,-.13464774E+04,1,0
Cu1.5Ag0.5Ba1Sn1S4_kesterite,Ag_i,Neutral,2531.0000,-.13559881E+04,1,0
Cu1.5Ag0.5Ba1Sn1S4_kesterite,Ba_S,Charged+1,2523,-.13575420E+04,1,0
Cu1.5Ag0.5Ba1Sn1S4_kesterite,Ba_S,Charged+2,2522,-.13626294E+04,1,0
Cu1.5Ag0.5Ba1Sn1S4_kesterite,Ba_S,Charged-1,2525,-.13482704E+04,1,0
Cu1.5Ag0.5Ba1Sn1S4_kesterite,Ba_S,Charged-2,2526,-.13435212E+04,1,0
Cu1.5Ag0.5Ba1Sn1S4_kesterite,Ba_S,Neutral,2524.0000,-.13529366E+04,1,0
Cu1.5Ag0.5Ba1Sn1S4_kesterite,Ba_Sn,Charged+1,2515,-.13574156E+04,1,0
Cu1.5Ag0.5Ba1Sn1S4_kesterite,Ba_Sn,Charged+2,2514,-.13619696E+04,1,0
Cu1.5Ag0.5Ba1Sn1S4_kesterite,Ba_Sn,Charged-1,2517,-.13484944E+04,1,0
Cu1.5Ag0.5Ba1Sn1S4_kesterite,Ba_Sn,Charged-2,2518,-.13440133E+04,1,0
Cu1.5Ag0.5Ba1Sn1S4_kesterite,Ba_Sn,Neutral,2516.0000,-.13528859E+04,1,0
Cu1.5Ag0.5Ba1Sn1S4_kesterite,S_Cu,Charged+1,2508,-.13515653E+04,1,0
Cu1.5Ag0.5Ba1Sn1S4_kesterite,S_Cu,Charged+2,2507,-.13560324E+04,1,0
Cu1.5Ag0.5Ba1Sn1S4_kesterite,S_Cu,Charged-1,2510,-.13425913E+04,1,0
Cu1.5Ag0.5Ba1Sn1S4_kesterite,S_Cu,Charged-2,2511,-.13380907E+04,1,0
Cu1.5Ag0.5Ba1Sn1S4_kesterite,S_Cu,Neutral,2509.0000,-.13470851E+04,1,0
Cu1.5Ag0.5Ba1Sn1S4_stannite,Cu_Ag,Charged+1,2519,-.13767700E+04,1,0
Cu1.5Ag0.5Ba1Sn1S4_stannite,Cu_Ag,Charged+2,2518,-.13817421E+04,1,0
Cu1.5Ag0.5Ba1Sn1S4_stannite,Cu_Ag,Charged-1,2521,-.13666420E+04,1,0
Cu1.5Ag0.5Ba1Sn1S4_stannite,Cu_Ag,Charged-2,2522,-.13614955E+04,1,0
Cu1.5Ag0.5Ba1Sn1S4_stannite,Cu_Ag,Neutral,2520.0000,-.13736247E+04,1,0
Cu1.5Ag0.5Ba1Sn1S4_stannite,Cu_Ba,Charged+1,2509,-.13686149E+04,1,0
Cu1.5Ag0.5Ba1Sn1S4_stannite,Cu_Ba,Charged+2,2508,-.13733828E+04,1,0
Cu1.5Ag0.5Ba1Sn1S4_stannite,Cu_Ba,Charged-1,2511,-.13588713E+04,1,0
Cu1.5Ag0.5Ba1Sn1S4_stannite,Cu_Ba,Charged-2,2512,-.13566943E+04,1,0
Cu1.5Ag0.5Ba1Sn1S4_stannite,Cu_Ba,Neutral,2510.0000,-.13638048E+04,1,0
Cu1.5Ag0.5Ba1Sn1S4_stannite,V_Ag,Charged+1,2508,-.13727011E+04,1,0
Cu1.5Ag0.5Ba1Sn1S4_stannite,V_Ag,Charged+2,2507,-.13774902E+04,1,0
Cu1.5Ag0.5Ba1Sn1S4_stannite,V_Ag,Charged-1,2510,-.13646052E+04,1,0
Cu1.5Ag0.5Ba1Sn1S4_stannite,V_Ag,Charged-2,2511,-.13592239E+04,1,0
Cu1.5Ag0.5Ba1Sn1S4_stannite,V_Ag,Neutral,2509.0000,-.13677798E+04,1,0
Cu1Al0.5Ga0.5S2_kesterite,Ga_Al,Charged+1,2228,-.14130131E+04,1,0
Cu1Al0.5Ga0.5S2_kesterite,Ga_Al,Charged+2,2227,-.14182188E+04,1,0
Cu1Al0.5Ga0.5S2_kesterite,Ga_Al,Charged-1,2230,-.14024240E+04,1,0
Cu1Al0.5Ga0.5S2_kesterite,Ga_Al,Charged-2,2231,-.13969898E+04,1,0
Cu1Al0.5Ga0.5S2_kesterite,Ga_Al,Neutral,2229.0000,-.14077475E+04,1,0
Cu1Al0.5Ga0.5S2_kesterite,S_i,Charged+1,2237,-.14228316E+04,1,0
Cu1Al0.5Ga0.5S2_kesterite,S_i,Charged+2,2236,-.14281364E+04,1,0
Cu1Al0.5Ga0.5S2_kesterite,S_i,Charged-1,2239,-.14116017E+04,1,0
Cu1Al0.5Ga0.5S2_kesterite,S_i,Charged-2,2240,-.14052544E+04,1,0
Cu1Al0.5Ga0.5S2_kesterite,S_i,Neutral,2238.0000,-.14174548E+04,1,0
Cu1Al0.5Ga0.5S2_kesterite,V_Al,Charged+1,2228,-.14130137E+04,1,0
Cu1Al0.5Ga0.5S2_kesterite,V_Al,Charged+2,2227,-.14182125E+04,1,0
Cu1Al0.5Ga0.5S2_kesterite,V_Al,Charged-1,2230,-.14024248E+04,1,0
Cu1Al0.5Ga0.5S2_kesterite,V_Al,Charged-2,2231,-.13969824E+04,1,0
Cu1Al0.5Ga0.5S2_kesterite,V_Al,Neutral,2229.0000,-.14077537E+04,1,0
Cu1Al0.5Ga0.5Te2_kesterite,Al_Te,Charged+1,2228,-.11640232E+04,1,0
Cu1Al0.5Ga0.5Te2_kesterite,Al_Te,Charged+2,2227,-.11693298E+04,1,0
Cu1Al0.5Ga0.5Te2_kesterite,Al_Te,Charged-1,2230,-.11528440E+04,1,0
Cu1Al0.5Ga0.5Te2_kesterite,Al_Te,Charged-2,2231,-.11470771E+04,1,0
Cu1Al0.5Ga0.5Te2_kesterite,Al_Te,Neutral,2229.0000,-.11585482E+04,1,0
Cu1Al0.5Ga0.5Te2_kesterite,Ga_Te,Charged+1,2238,-.11636509E+04,1,0
Cu1Al0.5Ga0.5Te2_kesterite,Ga_Te,Charged+2,2237,-.11689641E+04,1,0
Cu1Al0.5Ga0.5Te2_kesterite,Ga_Te,Charged-1,2240,-.11526577E+04,1,0
Cu1Al0.5Ga0.5Te2_kesterite,Ga_Te,Charged-2,2241,-.11468258E+04,1,0
Cu1Al0.5Ga0.5Te2_kesterite,Ga_Te,Neutral,2239.0000,-.11582079E+04,1,0
Cu1Al0.5Ga0.5Te2_kesterite,V_Al,Charged+1,2228,-.11603910E+04,1,0
Cu1Al0.5Ga0.5Te2_kesterite,V_Al,Charged+2,2227,-.11656429E+04,1,0
Cu1Al0.5Ga0.5Te2_kesterite,V_Al,Charged-1,2230,-.11497971E+04,1,0
Cu1Al0.5Ga0.5Te2_kesterite,V_Al,Charged-2,2231,-.11444430E+04,1,0
Cu1Al0.5Ga0.5Te2_kesterite,V_Al,Neutral,2229.0000,-.11551076E+04,1,0
Cu1Al0.5Ga0.5Te2_kesterite,V_Cu,Charged+1,2220,-.11618079E+04,1,0
Cu1Al0.5Ga0.5Te2_kesterite,V_Cu,Charged+2,2219,-.11670382E+04,1,0
Cu1Al0.5Ga0.5Te2_kesterite,V_Cu,Charged-1,2222,-.11512502E+04,1,0
Cu1Al0.5Ga0.5Te2_kesterite,V_Cu,Charged-2,2223,-.11453638E+04,1,0
Cu1Al0.5Ga0.5Te2_kesterite,V_Cu,Neutral,2221.0000,-.11565550E+04,1,0
Cu1Al0.5In0.5S2_kesterite,In_Cu,Charged+1,2233,-.13887687E+04,1,0
Cu1Al0.5In0.5S2_kesterite,In_Cu,Charged+2,2232,-.13948642E+04,1,0
Cu1Al0.5In0.5S2_kesterite,In_Cu,Charged-1,2235,-.13760989E+04,1,0
Cu1Al0.5In0.5S2_kesterite,In_Cu,Charged-2,2236,-.13699233E+04,1,0
Cu1Al0.5In0.5S2_kesterite,In_Cu,Neutral,2234.0000,-.13826176E+04,1,0
Cu1Al0.5In0.5S2_kesterite,S_Cu,Charged+1,2220,-.13858522E+04,1,0
Cu1Al0.5In0.5S2_kesterite,S_Cu,Charged+2,2219,-.13912071E+04,1,0
Cu1Al0.5In0.5S2_kesterite,S_Cu,Charged-1,2222,-.13750251E+04,1,0
Cu1Al0.5In0.5S2_kesterite,S_Cu,Charged-2,2223,-.13688899E+04,1,0
Cu1Al0.5In0.5S2_kesterite,S_Cu,Neutral,2221.0000,-.13804641E+04,1,0
Cu1Al0.5In0.5S2_kesterite,S_In,Charged+1,2218,-.13850772E+04,1,0
Cu1Al0.5In0.5S2_kesterite,S_In,Charged+2,2217,-.13904322E+04,1,0
Cu1Al0.5In0.5S2_kesterite,S_In,Charged-1,2220,-.13742146E+04,1,0
Cu1Al0.5In0.5S2_kesterite,S_In,Charged-2,2221,-.13686757E+04,1,0
Cu1Al0.5In0.5S2_kesterite,S_In,Neutral,2219.0000,-.13796746E+04,1,0
Cu1Al0.5In0.5S2_stannite,In_Cu,Charged+1,2233,-.13900421E+04,1,0
Cu1Al0.5In0.5S2_stannite,In_Cu,Charged+2,2232,-.13961407E+04,1,0
Cu1Al0.5In0.5S2_stannite,In_Cu,Charged-1,2235,-.13772499E+04,1,0
Cu1Al0.5In0.5S2_stannite,In_Cu,Charged-2,2236,-.13707337E+04,1,0
Cu1Al0.5In0.5S2_stannite,In_Cu,Neutral,2234.0000,-.13838906E+04,1,0
Cu1Al0.5In0.5Se2_kesterite,Se_Al,Charged+1,2228,-.12600845E+04,1,0
Cu1Al0.5In0.5Se2_kesterite,Se_Al,Charged+2,2227,-.12643119E+04,1,0
Cu1Al0.5In0.5Se2_kesterite,Se_Al,Charged-1,2230,-.12514773E+04,1,0
Cu1Al0.5In0.5Se2_kesterite,Se_Al,Charged-2,2231,-.12470920E+04,1,0
Cu1Al0.5In0.5Se2_kesterite,Se_Al,Neutral,2229.0000,-.12558051E+04,1,0
Cu1Al0.5In0.5Se2_kesterite,V_Cu,Charged+1,2220,-.12625537E+04,1,0
Cu1Al0.5In0.5Se2_kesterite,V_Cu,Charged+2,2219,-.12667836E+04,1,0
Cu1Al0.5In0.5Se2_kesterite,V_Cu,Charged-1,2222,-.12539792E+04,1,0
Cu1Al0.5In0.5Se2_kesterite,V_Cu,Charged-2,2223,-.12494659E+04,1,0
Cu1Al0.5In0.5Se2_kesterite,V_Cu,Neutral,2221.0000,-.12582898E+04,1,0
Cu1Al0.5In0.5Se2_stannite,V_Se,Charged+1,2225,-.12614816E+04,1,0
Cu1Al0.5In0.5Se2_stannite,V_Se,Charged+2,2224,-.12658335E+04,1,0
Cu1Al0.5In0.5Se2_stannite,V_Se,Charged-1,2227,-.12526157E+04,1,0
Cu1Al0.5In0.5Se2_stannite,V_Se,Charged-2,2228,-.12480928E+04,1,0
Cu1Al0.5In0.5Se2_stannite,V_Se,Neutral,2226.0000,-.12570865E+04,1,0
Cu1Al1S1Te1_kesterite,Al_Cu,Charged+1,1863,-.13230183E+04,1,0
Cu1Al1S1Te1_kesterite,Al_Cu,Charged+2,1862,-.13295241E+04,1,0
Cu1Al1S1Te1_kesterite,Al_Cu,Charged-1,1865,-.13095859E+04,1,0
Cu1Al1S1Te1_kesterite,Al_Cu,Charged-2,1866,-.13026912E+04,1,0
Cu1Al1S1Te1_kesterite,Al_Cu,Neutral,1864.0000,-.13164437E+04,1,0
Cu1Al1S1Te1_stannite,S_Al,Charged+1,1868,-.13132558E+04,1,0
Cu1Al1S1Te1_stannite,S_Al,Charged+2,1867,-.13188875E+04,1,0
Cu1Al1S1Te1_stannite,S_Al,Charged-1,1870,-.13018797E+04,1,0
Cu1Al1S1Te1_stannite,S_Al,Charged-2,1871,-.12960819E+04,1,0
Cu1Al1S1Te1_stannite,S_Al,Neutral,1869.0000,-.13075925E+04,1,0
Cu1Al1S1Te1_stannite,Te_S,Charged+1,1871,-.13172946E+04,1,0
Cu1Al1S1Te1_stannite,Te_S,Charged+2,1870,-.13230057E+04,1,0
Cu1Al1S1Te1_stannite,Te_S,Charged-1,1873,-.13054816E+04,1,0
Cu1Al1S1Te1_stannite,Te_S,Charged-2,1874,-.12993606E+04,1,0
Cu1Al1S1Te1_stannite,Te_S,Neutral,1872.0000,-.13115454E+04,1,0
Cu1Al1S1Te1_stannite,V_S,Charged+1,1865,-.13117240E+04,1,0
Cu1Al1S1Te1_stannite,V_S,Charged+2,1864,-.13173778E+04,1,0
Cu1Al1S1Te1_stannite,V_S,Charged-1,1867,-.13000600E+04,1,0
Cu1Al1S1Te1_stannite,V_S,Charged-2,1868,-.12940258E+04,1,0
Cu1Al1S1Te1_stannite,V_S,Neutral,1866.0000,-.13060276E+04,1,0
Cu1Al1S2_kesterite,Cu_i,Charged+1,1882,-.14833755E+04,1,0
Cu1Al1S2_kesterite,Cu_i,Charged+2,1881,-.14888234E+04,1,0
Cu1Al1S2_kesterite,Cu_i,Charged-1,1884,-.14696343E+04,1,0
Cu1Al1S2_kesterite,Cu_i,Charged-2,1885,-.14624909E+04,1,0
Cu1Al1S2_kesterite,Cu_i,Neutral,1883.0000,-.14763047E+04,1,0
Cu1Al1S2_kesterite,V_Cu,Charged+1,1860,-.14749230E+04,1,0
Cu1Al1S2_kesterite,V_Cu,Charged+2,1859,-.14801464E+04,1,0
Cu1Al1S2_kesterite,V_Cu,Charged-1,1862,-.14642542E+04,1,0
Cu1Al1S2_kesterite,V_Cu,Charged-2,1863,-.14571489E+04,1,0
Cu1Al1S2_kesterite,V_Cu,Neutral,1861.0000,-.14696367E+04,1,0
Cu1Al1S2_stannite,Al_Cu,Charged+1,1863,-.14762377E+04,1,0
Cu1Al1S2_stannite,Al_Cu,Charged+2,1862,-.14832354E+04,1,0
Cu1Al1S2_stannite,Al_Cu,Charged-1,1865,-.14619722E+04,1,0
Cu1Al1S2_stannite,Al_Cu,Charged-2,1866,-.14547217E+04,1,0
Cu1Al1S2_stannite,Al_Cu,Neutral,1864.0000,-.14691779E+04,1,0
Cu1Al1S2_stannite,Al_i,Charged+1,1874,-.14786877E+04,1,0
Cu1Al1S2_stannite,Al_i,Charged+2,1873,-.14843797E+04,1,0
Cu1Al1S2_stannite,Al_i,Charged-1,1876,-.14645731E+04,1,0
Cu1Al1S2_stannite,Al_i,Charged-2,1877,-.14574468E+04,1,0
Cu1Al1S2_stannite,Al_i,Neutral,1875.0000,-.14716494E+04,1,0
Cu1Al1Se1Te1_kesterite,Al_Cu,Charged+1,1863,-.12624608E+04,1,0
Cu1Al1Se1Te1_kesterite,Al_Cu,Charged+2,1862,-.12682130E+04,1,0
Cu1Al1Se1Te1_kesterite,Al_Cu,Charged-1,1865,-.12508603E+04,1,0
Cu1Al1Se1Te1_kesterite,Al_Cu,Charged-2,1866,-.12444219E+04,1,0
Cu1Al1Se1Te1_kesterite,Al_Cu,Neutral,1864.0000,-.12566486E+04,1,0
Cu1Al1Se1Te1_kesterite,Cu_i,Charged+1,1882,-.12668487E+04,1,0
Cu1Al1Se1Te1_kesterite,Cu_i,Charged+2,1881,-.12717474E+04,1,0
Cu1Al1Se1Te1_kesterite,Cu_i,Charged-1,1884,-.12551770E+04,1,0
Cu1Al1Se1Te1_kesterite,Cu_i,Charged-2,1885,-.12492240E+04,1,0
Cu1Al1Se1Te1_kesterite,Cu_i,Neutral,1883.0000,-.12610356E+04,1,0
Cu1Al1Se1Te1_kesterite,Te_Al,Charged+1,1868,-.12569576E+04,1,0
Cu1Al1Se1Te1_kesterite,Te_Al,Charged+2,1867,-.12617709E+04,1,0
Cu1Al1Se1Te1_kesterite,Te_Al,Charged-1,1870,-.12472157E+04,1,0
Cu1Al1Se1Te1_kesterite,Te_Al,Charged-2,1871,-.12422074E+04,1,0
Cu1Al1Se1Te1_kesterite,Te_Al,Neutral,1869.0000,-.12521112E+04,1,0
Cu1Al1Se1Te1_stannite,Te_Se,Charged+1,1871,-.12590816E+04,1,0
Cu1Al1Se1Te1_stannite,Te_Se,Charged+2,1870,-.12641470E+04,1,0
Cu1Al1Se1Te1_stannite,Te_Se,Charged-1,1873,-.12484718E+04,1,0
Cu1Al1Se1Te1_stannite,Te_Se,Charged-2,1874,-.12429122E+04,1,0
Cu1Al1Se1Te1_stannite,Te_Se,Neutral,1872.0000,-.12539758E+04,1,0
Cu1Al1Se2_kesterite,Al_Se,Charged+1,1868,-.13336811E+04,1,0
Cu1Al1Se2_kesterite,Al_Se,Charged+2,1867,-.13379743E+04,1,0
Cu1Al1Se2_kesterite,Al_Se,Charged-1,1870,-.13238062E+04,1,0
Cu1Al1Se2_kesterite,Al_Se,Charged-2,1871,-.13185979E+04,1,0
Cu1Al1Se2_kesterite,Al_Se,Neutral,1869.0000,-.13289279E+04,1,0
Cu1Al1Se2_kesterite,Cu_Al,Charged+1,1868,-.13296449E+04,1,0
Cu1Al1Se2_kesterite,Cu_Al,Charged+2,1867,-.13337745E+04,1,0
Cu1Al1Se2_kesterite,Cu_Al,Charged-1,1870,-.13211969E+04,1,0
Cu1Al1Se2_kesterite,Cu_Al,Charged-2,1871,-.13168457E+04,1,0
Cu1Al1Se2_kesterite,Cu_Al,Neutral,1869.0000,-.13254495E+04,1,0
Cu1Al1Se2_stannite,Se_Cu,Charged+1,1860,-.13295790E+04,1,0
Cu1Al1Se2_stannite,Se_Cu,Charged+2,1859,-.13339105E+04,1,0
Cu1Al1Se2_stannite,Se_Cu,Charged-1,1862,-.13207994E+04,1,0
Cu1Al1Se2_stannite,Se_Cu,Charged-2,1863,-.13157342E+04,1,0
Cu1Al1Se2_stannite,Se_Cu,Neutral,1861.0000,-.13252098E+04,1,0
Cu1Al1Se2_stannite,Se_i,Charged+1,1877,-.13357493E+04,1,0
Cu1Al1Se2_stannite,Se_i,Charged+2,1876,-.13399484E+04,1,0
Cu1Al1Se2_stannite,Se_i,Charged-1,1879,-.13261769E+04,1,0
Cu1Al1Se2_stannite,Se_i,Charged-2,1880,-.13207203E+04,1,0
Cu1Al1Se2_stannite,Se_i,Neutral,1878.0000,-.13310558E+04,1,0
Cu1Al1Se2_stannite,V_Se,Charged+1,1865,-.13268879E+04,1,0
Cu1Al1Se2_stannite,V_Se,Charged+2,1864,-.13312369E+04,1,0
Cu1Al1Se2_stannite,V_Se,Charged-1,1867,-.13183905E+04,1,0
Cu1Al1Se2_stannite,V_Se,Charged-2,1868,-.13133427E+04,1,0
Cu1Al1Se2_stannite,V_Se,Neutral,1866.0000,-.13232826E+04,1,0
Cu1Al1Te2_kesterite,Cu_Al,Charged+1,1868,-.11947522E+04,1,0
Cu1Al1Te2_kesterite,Cu_Al,Charged+2,1867,-.12000100E+04,1,0
Cu1Al1Te2_kesterite,Cu_Al,Charged-1,1870,-.11841330E+04,1,0
Cu1Al1Te2_kesterite,Cu_Al,Charged-2,1871,-.11787375E+04,1,0
Cu1Al1Te2_kesterite,Cu_Al,Neutral,1869.0000,-.11894678E+04,1,0
Cu1Al1Te2_stannite,Al_Cu,Charged+1,1863,-.11979120E+04,1,0
Cu1Al1Te2_stannite,Al_Cu,Charged+2,1862,-.12040228E+04,1,0
Cu1Al1Te2_stannite,Al_Cu,Charged-1,1865,-.11852474E+04,1,0
Cu1Al1Te2_stannite,Al_Cu,Charged-2,1866,-.11787062E+04,1,0
Cu1Al1Te2_stannite,Al_Cu,Neutral,1864.0000,-.11917425E+04,1,0
Cu1Al1Te2_stannite,Te_Cu,Charged+1,1860,-.11945856E+04,1,0
Cu1Al1Te2_stannite,Te_Cu,Charged+2,1859,-.11999037E+04,1,0
Cu1Al1Te2_stannite,Te_Cu,Charged-1,1862,-.11838283E+04,1,0
Cu1Al1Te2_stannite,Te_Cu,Charged-2,1863,-.11777284E+04,1,0
Cu1Al1Te2_stannite,Te_Cu,Neutral,1861.0000,-.11892248E+04,1,0
Cu1Al1Te2_stannite,V_Cu,Charged+1,1860,-.11945868E+04,1,0
Cu1Al1Te2_stannite,V_Cu,Charged+2,1859,-.11999164E+04,1,0
Cu1Al1Te2_stannite,V_Cu,Charged-1,1862,-.11838332E+04,1,0
Cu1Al1Te2_stannite,V_Cu,Charged-2,1863,-.11777314E+04,1,0
Cu1Al1Te2_stannite,V_Cu,Neutral,1861.0000,-.11892298E+04,1,0
Cu1Ga0.5In0.5S2_kesterite,S_Ga,Charged+1,2578,-.13264306E+04,1,0
Cu1Ga0.5In0.5S2_kesterite,S_Ga,Charged+2,2577,-.13317420E+04,1,0
Cu1Ga0.5In0.5S2_kesterite,S_Ga,Charged-1,2580,-.13156764E+04,1,0
Cu1Ga0.5In0.5S2_kesterite,S_Ga,Charged-2,2581,-.13101973E+04,1,0
Cu1Ga0.5In0.5S2_kesterite,S_Ga,Neutral,2579.0000,-.13210768E+04,1,0
Cu1Ga0.5In0.5S2_kesterite,V_Cu,Charged+1,2580,-.13278658E+04,1,0
Cu1Ga0.5In0.5S2_kesterite,V_Cu,Charged+2,2579,-.13331665E+04,1,0
Cu1Ga0.5In0.5S2_kesterite,V_Cu,Charged-1,2582,-.13171529E+04,1,0
Cu1Ga0.5In0.5S2_kesterite,V_Cu,Charged-2,2583,-.13113959E+04,1,0
Cu1Ga0.5In0.5S2_kesterite,V_Cu,Neutral,2581.0000,-.13225336E+04,1,0
Cu1Ga0.5In0.5S2_kesterite,V_Ga,Charged+1,2578,-.13264292E+04,1,0
Cu1Ga0.5In0.5S2_kesterite,V_Ga,Charged+2,2577,-.13317405E+04,1,0
Cu1Ga0.5In0.5S2_kesterite,V_Ga,Charged-1,2580,-.13156764E+04,1,0
Cu1Ga0.5In0.5S2_kesterite,V_Ga,Charged-2,2581,-.13101983E+04,1,0
Cu1Ga0.5In0.5S2_kesterite,V_Ga,Neutral,2579.0000,-.13210729E+04,1,0
Cu1Ga0.5In0.5S2_kesterite,V_S,Charged+1,2585,-.13262200E+04,1,0
Cu1Ga0.5In0.5S2_kesterite,V_S,Charged+2,2584,-.13315469E+04,1,0
Cu1Ga0.5In0.5S2_kesterite,V_S,Charged-1,2587,-.13150668E+04,1,0
Cu1Ga0.5In0.5S2_kesterite,V_S,Charged-2,2588,-.13092259E+04,1,0
Cu1Ga0.5In0.5S2_kesterite,V_S,Neutral,2586.0000,-.13208449E+04,1,0
Cu1Ga0.5In0.5S2_stannite,Cu_i,Charged+1,2602,-.13368275E+04,1,0
Cu1Ga0.5In0.5S2_stannite,Cu_i,Charged+2,2601,-.13423928E+04,1,0
Cu1Ga0.5In0.5S2_stannite,Cu_i,Charged-1,2604,-.13252612E+04,1,0
Cu1Ga0.5In0.5S2_stannite,Cu_i,Charged-2,2605,-.13187313E+04,1,0
Cu1Ga0.5In0.5S2_stannite,Cu_i,Neutral,2603.0000,-.13310711E+04,1,0
Cu1Ga0.5In0.5S2_stannite,In_S,Charged+1,2598,-.13298820E+04,1,0
Cu1Ga0.5In0.5S2_stannite,In_S,Charged+2,2597,-.13354508E+04,1,0
Cu1Ga0.5In0.5S2_stannite,In_S,Charged-1,2600,-.13182372E+04,1,0
Cu1Ga0.5In0.5S2_stannite,In_S,Charged-2,2601,-.13122949E+04,1,0
Cu1Ga0.5In0.5S2_stannite,In_S,Neutral,2599.0000,-.13240862E+04,1,0
Cu1Ga0.5In0.5Se2_kesterite,HSE,.,2592.0000,-.13887206E+04,1,1
Cu1Ga0.5In0.5Se2_stannite,In_Se,Charged+1,2598,-.12177668E+04,1,0
Cu1Ga0.5In0.5Se2_stannite,In_Se,Charged+2,2597,-.12220389E+04,1,0
Cu1Ga0.5In0.5Se2_stannite,In_Se,Charged-1,2600,-.12090852E+04,1,0
Cu1Ga0.5In0.5Se2_stannite,In_Se,Charged-2,2601,-.12045136E+04,1,0
Cu1Ga0.5In0.5Se2_stannite,In_Se,Neutral,2599.0000,-.12134498E+04,1,0
Cu1Ga0.5In0.5Se2_stannite,Se_Cu,Charged+1,2580,-.12162173E+04,1,0
Cu1Ga0.5In0.5Se2_stannite,Se_Cu,Charged+2,2579,-.12204091E+04,1,0
Cu1Ga0.5In0.5Se2_stannite,Se_Cu,Charged-1,2582,-.12077513E+04,1,0
Cu1Ga0.5In0.5Se2_stannite,Se_Cu,Charged-2,2583,-.12034770E+04,1,0
Cu1Ga0.5In0.5Se2_stannite,Se_Cu,Neutral,2581.0000,-.12119964E+04,1,0
Cu1Ga1S1Se1_stannite,Cu_Ga,Charged+1,2578,-.12909577E+04,1,0
Cu1Ga1S1Se1_stannite,Cu_Ga,Charged+2,2577,-.12956092E+04,1,0
Cu1Ga1S1Se1_stannite,Cu_Ga,Charged-1,2580,-.12814073E+04,1,0
Cu1Ga1S1Se1_stannite,Cu_Ga,Charged-2,2581,-.12765561E+04,1,0
Cu1Ga1S1Se1_stannite,Cu_Ga,Neutral,2579.0000,-.12862024E+04,1,0
Cu1Ga1S1Se1_stannite,V_Cu,Charged+1,2580,-.12920930E+04,1,0
Cu1Ga1S1Se1_stannite,V_Cu,Charged+2,2579,-.12968177E+04,1,0
Cu1Ga1S1Se1_stannite,V_Cu,Charged-1,2582,-.12825295E+04,1,0
Cu1Ga1S1Se1_stannite,V_Cu,Charged-2,2583,-.12776297E+04,1,0
Cu1Ga1S1Se1_stannite,V_Cu,Neutral,2581.0000,-.12873338E+04,1,0
Cu1Ga1S1Te1_kesterite,Cu_S,Charged+1,2596,-.12289919E+04,1,0
Cu1Ga1S1Te1_kesterite,Cu_S,Charged+2,2595,-.12343250E+04,1,0
Cu1Ga1S1Te1_kesterite,Cu_S,Charged-1,2598,-.12182185E+04,1,0
Cu1Ga1S1Te1_kesterite,Cu_S,Charged-2,2599,-.12124704E+04,1,0
Cu1Ga1S1Te1_kesterite,Cu_S,Neutral,2597.0000,-.12235305E+04,1,0
Cu1Ga1S1Te1_kesterite,Cu_i,Charged+1,2602,-.12353193E+04,1,0
Cu1Ga1S1Te1_kesterite,Cu_i,Charged+2,2601,-.12406940E+04,1,0
Cu1Ga1S1Te1_kesterite,Cu_i,Charged-1,2604,-.12237996E+04,1,0
Cu1Ga1S1Te1_kesterite,Cu_i,Charged-2,2605,-.12176234E+04,1,0
Cu1Ga1S1Te1_kesterite,Cu_i,Neutral,2603.0000,-.12295808E+04,1,0
Cu1Ga1S1Te1_kesterite,Ga_i,Charged+1,2604,-.12339335E+04,1,0
Cu1Ga1S1Te1_kesterite,Ga_i,Charged+2,2603,-.12393206E+04,1,0
Cu1Ga1S1Te1_kesterite,Ga_i,Charged-1,2606,-.12222900E+04,1,0
Cu1Ga1S1Te1_kesterite,Ga_i,Charged-2,2607,-.12164563E+04,1,0
Cu1Ga1S1Te1_kesterite,Ga_i,Neutral,2605.0000,-.12281324E+04,1,0
Cu1Ga1S1Te1_kesterite,V_Te,Charged+1,2585,-.12268183E+04,1,0
Cu1Ga1S1Te1_kesterite,V_Te,Charged+2,2584,-.12320605E+04,1,0
Cu1Ga1S1Te1_kesterite,V_Te,Charged-1,2587,-.12161634E+04,1,0
Cu1Ga1S1Te1_kesterite,V_Te,Charged-2,2588,-.12108481E+04,1,0
Cu1Ga1S1Te1_kesterite,V_Te,Neutral,2586.0000,-.12215274E+04,1,0
Cu1Ga1S2_kesterite,Cu_Ga,Charged+1,2578,-.13565197E+04,1,0
Cu1Ga1S2_kesterite,Cu_Ga,Charged+2,2577,-.13616472E+04,1,0
Cu1Ga1S2_kesterite,Cu_Ga,Charged-1,2580,-.13461168E+04,1,0
Cu1Ga1S2_kesterite,Cu_Ga,Charged-2,2581,-.13408097E+04,1,0
Cu1Ga1S2_kesterite,Cu_Ga,Neutral,2579.0000,-.13513433E+04,1,0
Cu1Ga1S2_kesterite,Ga_S,Charged+1,2598,-.13591852E+04,1,0
Cu1Ga1S2_kesterite,Ga_S,Charged+2,2597,-.13644668E+04,1,0
Cu1Ga1S2_kesterite,Ga_S,Charged-1,2600,-.13477419E+04,1,0
Cu1Ga1S2_kesterite,Ga_S,Charged-2,2601,-.13416514E+04,1,0
Cu1Ga1S2_kesterite,Ga_S,Neutral,2599.0000,-.13535687E+04,1,0
Cu1Ga1S2_stannite,V_S,Charged+1,2585,-.13533223E+04,1,0
Cu1Ga1S2_stannite,V_S,Charged+2,2584,-.13586432E+04,1,0
Cu1Ga1S2_stannite,V_S,Charged-1,2587,-.13420333E+04,1,0
Cu1Ga1S2_stannite,V_S,Charged-2,2588,-.13359899E+04,1,0
Cu1Ga1S2_stannite,V_S,Neutral,2586.0000,-.13479505E+04,1,0
Cu1Ga1Se1Te1_kesterite,Ga_Te,Charged+1,2598,-.11799472E+04,1,0
Cu1Ga1Se1Te1_kesterite,Ga_Te,Charged+2,2597,-.11847413E+04,1,0
Cu1Ga1Se1Te1_kesterite,Ga_Te,Charged-1,2600,-.11699543E+04,1,0
Cu1Ga1Se1Te1_kesterite,Ga_Te,Charged-2,2601,-.11649037E+04,1,0
Cu1Ga1Se1Te1_kesterite,Ga_Te,Neutral,2599.0000,-.11749846E+04,1,0
Cu1Ga1Se1Te1_kesterite,Te_i,Charged+1,2597,-.11825646E+04,1,0
Cu1Ga1Se1Te1_kesterite,Te_i,Charged+2,2596,-.11873940E+04,1,0
Cu1Ga1Se1Te1_kesterite,Te_i,Charged-1,2599,-.11726066E+04,1,0
Cu1Ga1Se1Te1_kesterite,Te_i,Charged-2,2600,-.11674679E+04,1,0
Cu1Ga1Se1Te1_kesterite,Te_i,Neutral,2598.0000,-.11776975E+04,1,0
Cu1Ga1Se1Te1_stannite,Cu_Te,Charged+1,2596,-.11771483E+04,1,0
Cu1Ga1Se1Te1_stannite,Cu_Te,Charged+2,2595,-.11819706E+04,1,0
Cu1Ga1Se1Te1_stannite,Cu_Te,Charged-1,2598,-.11674279E+04,1,0
Cu1Ga1Se1Te1_stannite,Cu_Te,Charged-2,2599,-.11623715E+04,1,0
Cu1Ga1Se1Te1_stannite,Cu_Te,Neutral,2597.0000,-.11723213E+04,1,0
Cu1Ga1Se1Te1_stannite,Ga_Se,Charged+1,2598,-.11764189E+04,1,0
Cu1Ga1Se1Te1_stannite,Ga_Se,Charged+2,2597,-.11812822E+04,1,0
Cu1Ga1Se1Te1_stannite,Ga_Se,Charged-1,2600,-.11665755E+04,1,0
Cu1Ga1Se1Te1_stannite,Ga_Se,Charged-2,2601,-.11615632E+04,1,0
Cu1Ga1Se1Te1_stannite,Ga_Se,Neutral,2599.0000,-.11715171E+04,1,0
Cu1Ga1Se1Te1_stannite,Se_Cu,Charged+1,2586,-.11769351E+04,1,0
Cu1Ga1Se1Te1_stannite,Se_Cu,Charged+2,2585,-.11810196E+04,1,0
Cu1Ga1Se1Te1_stannite,Se_Cu,Charged-1,2588,-.11672096E+04,1,0
Cu1Ga1Se1Te1_stannite,Se_Cu,Charged-2,2589,-.11622973E+04,1,0
Cu1Ga1Se1Te1_stannite,Se_Cu,Neutral,2587.0000,-.11720631E+04,1,0
Cu1Ga1Se1Te1_stannite,Te_Ga,Charged+1,2578,-.11740363E+04,1,0
Cu1Ga1Se1Te1_stannite,Te_Ga,Charged+2,2577,-.11787519E+04,1,0
Cu1Ga1Se1Te1_stannite,Te_Ga,Charged-1,2580,-.11644629E+04,1,0
Cu1Ga1Se1Te1_stannite,Te_Ga,Charged-2,2581,-.11596061E+04,1,0
Cu1Ga1Se1Te1_stannite,Te_Ga,Neutral,2579.0000,-.11692844E+04,1,0
Cu1Ga1Se1Te1_stannite,V_Cu,Charged+1,2580,-.11742827E+04,1,0
Cu1Ga1Se1Te1_stannite,V_Cu,Charged+2,2579,-.11790298E+04,1,0
Cu1Ga1Se1Te1_stannite,V_Cu,Charged-1,2582,-.11645963E+04,1,0
Cu1Ga1Se1Te1_stannite,V_Cu,Charged-2,2583,-.11597053E+04,1,0
Cu1Ga1Se1Te1_stannite,V_Cu,Neutral,2581.0000,-.11694567E+04,1,0
Cu1Ga1Se2_kesterite,Se_Cu,Charged+1,2580,-.12371026E+04,1,0
Cu1Ga1Se2_kesterite,Se_Cu,Charged+2,2579,-.12410936E+04,1,0
Cu1Ga1Se2_kesterite,Se_Cu,Charged-1,2582,-.12289665E+04,1,0
Cu1Ga1Se2_kesterite,Se_Cu,Charged-2,2583,-.12247379E+04,1,0
Cu1Ga1Se2_kesterite,Se_Cu,Neutral,2581.0000,-.12330616E+04,1,0
Cu1In1S1Se1_stannite,S_Se,Charged+1,2591,-.12526554E+04,1,0
Cu1In1S1Se1_stannite,S_Se,Charged+2,2590,-.12575795E+04,1,0
Cu1In1S1Se1_stannite,S_Se,Charged-1,2593,-.12427288E+04,1,0
Cu1In1S1Se1_stannite,S_Se,Charged-2,2594,-.12377121E+04,1,0
Cu1In1S1Se1_stannite,S_Se,Neutral,2592.0000,-.12477011E+04,1,0
Cu1In1S1Se1_stannite,Se_Cu,Charged+1,2586,-.12493244E+04,1,0
Cu1In1S1Se1_stannite,Se_Cu,Charged+2,2585,-.12542785E+04,1,0
Cu1In1S1Se1_stannite,Se_Cu,Charged-1,2588,-.12398681E+04,1,0
Cu1In1S1Se1_stannite,Se_Cu,Charged-2,2589,-.12343700E+04,1,0
Cu1In1S1Se1_stannite,Se_Cu,Neutral,2587.0000,-.12443425E+04,1,0
Cu1In1S2_kesterite,Cu_i,Charged+1,2602,,0,0
Cu1In1S2_kesterite,Cu_i,Charged+2,2601,-.12753443E+04,0,0
Cu1In1S2_kesterite,Cu_i,Charged-1,2604,0.17743703E+03,0,0
Cu1In1S2_kesterite,Cu_i,Charged-2,2605,,0,0
Cu1In1S2_kesterite,Cu_i,Neutral,2603.0000,0.14496189E+03,0,0
Cu1In1S2_stannite,In_Cu,Charged+1,2593,-.13048124E+04,1,0
Cu1In1S2_stannite,In_Cu,Charged+2,2592,-.13104253E+04,1,0
Cu1In1S2_stannite,In_Cu,Charged-1,2595,-.12926843E+04,1,0
Cu1In1S2_stannite,In_Cu,Charged-2,2596,-.12863544E+04,1,0
Cu1In1S2_stannite,In_Cu,Neutral,2594.0000,-.12991552E+04,1,0
Cu1In1Se2_kesterite,Se_Cu,Charged+1,2580,-.11970135E+04,1,0
Cu1In1Se2_kesterite,Se_Cu,Charged+2,2579,-.12014249E+04,1,0
Cu1In1Se2_kesterite,Se_Cu,Charged-1,2582,-.11881193E+04,1,0
Cu1In1Se2_kesterite,Se_Cu,Charged-2,2583,-.11836358E+04,1,0
Cu1In1Se2_kesterite,Se_Cu,Neutral,2581.0000,-.11925779E+04,1,0
Cu1In1Se2_stannite,Cu_In,Charged+1,2578,-.11962035E+04,1,0
Cu1In1Se2_stannite,Cu_In,Charged+2,2577,-.12004422E+04,1,0
Cu1In1Se2_stannite,Cu_In,Charged-1,2580,-.11873636E+04,1,0
Cu1In1Se2_stannite,Cu_In,Charged-2,2581,-.11828931E+04,1,0
Cu1In1Se2_stannite,Cu_In,Neutral,2579.0000,-.11918021E+04,1,0
Cu2Ba1Ge1S4_kesterite,S_i,Charged+1,2525,,0,0
Cu2Ba1Ge1S4_kesterite,S_i,Charged+2,2524,,0,0
Cu2Ba1Ge1S4_kesterite,S_i,Charged-1,2527,,0,0
Cu2Ba1Ge1S4_kesterite,S_i,Charged-2,2528,-.13890127E+04,0,0
Cu2Ba1Ge1S4_kesterite,S_i,Neutral,2526.0000,-.13990813E+04,0,0
Cu2Ba1Ge1S4_stannite,HSE,.,2520.0000,-.16140252E+04,1,1
Cu2Ba1Ge1Se4_stannite,HSE,.,2520.0000,-.14779862E+04,1,1
Cu2Ba1Sn0.25Zr0.75S4_stannite,Ba_S,Charged+1,2469,,0,0
Cu2Ba1Sn0.25Zr0.75S4_stannite,Ba_S,Charged+2,2468,,0,0
Cu2Ba1Sn0.25Zr0.75S4_stannite,Ba_S,Charged-1,2471,,0,0
Cu2Ba1Sn0.25Zr0.75S4_stannite,Ba_S,Charged-2,2472,,0,0
Cu2Ba1Sn0.25Zr0.75S4_stannite,Ba_S,Neutral,2470.0000,-.15966875E+04,1,0
Cu2Ba1Sn0.25Zr0.75S4_stannite,Ba_Sn,Charged+1,2461,-.16005270E+04,0,0
Cu2Ba1Sn0.25Zr0.75S4_stannite,Ba_Sn,Charged+2,2460,,0,0
Cu2Ba1Sn0.25Zr0.75S4_stannite,Ba_Sn,Charged-1,2463,-.15916918E+04,0,0
Cu2Ba1Sn0.25Zr0.75S4_stannite,Ba_Sn,Charged-2,2464,,0,0
Cu2Ba1Sn0.25Zr0.75S4_stannite,Ba_Sn,Neutral,2462.0000,,0,0
Cu2Ba1Sn0.25Zr0.75S4_stannite,Cu_S,Charged+1,2470,,0,0
Cu2Ba1Sn0.25Zr0.75S4_stannite,Cu_S,Charged+2,2469,-.16029235E+04,0,0
Cu2Ba1Sn0.25Zr0.75S4_stannite,Cu_S,Charged-1,2472,-.15885855E+04,0,0
Cu2Ba1Sn0.25Zr0.75S4_stannite,Cu_S,Charged-2,2473,,0,0
Cu2Ba1Sn0.25Zr0.75S4_stannite,Cu_S,Neutral,2471.0000,-.15934242E+04,1,0
Cu2Ba1Sn0.25Zr0.75S4_stannite,Zr_Sn,Charged+1,2463,-.16031159E+04,1,0
Cu2Ba1Sn0.25Zr0.75S4_stannite,Zr_Sn,Charged+2,2462,-.16080675E+04,1,0
Cu2Ba1Sn0.25Zr0.75S4_stannite,Zr_Sn,Charged-1,2465,-.15927671E+04,1,0
Cu2Ba1Sn0.25Zr0.75S4_stannite,Zr_Sn,Charged-2,2466,-.15873938E+04,1,0
Cu2Ba1Sn0.25Zr0.75S4_stannite,Zr_Sn,Neutral,2464.0000,-.15981064E+04,1,0
Cu2Ba1Sn0.5Zr0.5S4_stannite,S_Sn,Charged+1,2469,-.15229366E+04,1,0
Cu2Ba1Sn0.5Zr0.5S4_stannite,S_Sn,Charged+2,2468,-.15276735E+04,1,0
Cu2Ba1Sn0.5Zr0.5S4_stannite,S_Sn,Charged-1,2471,-.15133173E+04,1,0
Cu2Ba1Sn0.5Zr0.5S4_stannite,S_Sn,Charged-2,2472,-.15084271E+04,1,0
Cu2Ba1Sn0.5Zr0.5S4_stannite,S_Sn,Neutral,2470.0000,-.15181776E+04,1,0
Cu2Ba1Sn0.5Zr0.5S4_stannite,V_Sn,Charged+1,2469,,0,0
Cu2Ba1Sn0.5Zr0.5S4_stannite,V_Sn,Charged+2,2468,-.15276669E+04,1,0
Cu2Ba1Sn0.5Zr0.5S4_stannite,V_Sn,Charged-1,2471,,0,0
Cu2Ba1Sn0.5Zr0.5S4_stannite,V_Sn,Charged-2,2472,-.15116772E+04,0,0
Cu2Ba1Sn0.5Zr0.5S4_stannite,V_Sn,Neutral,2470.0000,-.15210992E+04,1,0
Cu2Ba1Sn0.75Zr0.25S4_stannite,Ba_Sn,Charged+1,2497,-.14600038E+04,1,0
Cu2Ba1Sn0.75Zr0.25S4_stannite,Ba_Sn,Charged+2,2496,-.14647519E+04,1,0
Cu2Ba1Sn0.75Zr0.25S4_stannite,Ba_Sn,Charged-1,2499,,0,0
Cu2Ba1Sn0.75Zr0.25S4_stannite,Ba_Sn,Charged-2,2500,-.14485219E+04,1,0
Cu2Ba1Sn0.75Zr0.25S4_stannite,Ba_Sn,Neutral,2498.0000,-.14580278E+04,1,0
Cu2Ba1Sn0.75Zr0.25S4_stannite,Cu_S,Charged+1,2506,-.14623473E+04,1,0
Cu2Ba1Sn0.75Zr0.25S4_stannite,Cu_S,Charged+2,2505,-.14668178E+04,0,0
Cu2Ba1Sn0.75Zr0.25S4_stannite,Cu_S,Charged-1,2508,-.14527428E+04,1,0
Cu2Ba1Sn0.75Zr0.25S4_stannite,Cu_S,Charged-2,2509,-.14476393E+04,1,0
Cu2Ba1Sn0.75Zr0.25S4_stannite,Cu_S,Neutral,2507.0000,-.14572506E+04,1,0
Cu2Ba1Sn0.75Zr0.25S4_stannite,V_Cu,Charged+1,2490,-.14586563E+04,1,0
Cu2Ba1Sn0.75Zr0.25S4_stannite,V_Cu,Charged+2,2489,-.14631743E+04,1,0
Cu2Ba1Sn0.75Zr0.25S4_stannite,V_Cu,Charged-1,2492,-.14498428E+04,1,0
Cu2Ba1Sn0.75Zr0.25S4_stannite,V_Cu,Charged-2,2493,-.14441053E+04,1,0
Cu2Ba1Sn0.75Zr0.25S4_stannite,V_Cu,Neutral,2491.0000,-.14539707E+04,1,0
Cu2Ba1Sn0.75Zr0.25S4_stannite,Zr_Ba,Charged+1,2503,-.14689785E+04,1,0
Cu2Ba1Sn0.75Zr0.25S4_stannite,Zr_Ba,Charged+2,2502,-.14741283E+04,1,0
Cu2Ba1Sn0.75Zr0.25S4_stannite,Zr_Ba,Charged-1,2505,,0,0
Cu2Ba1Sn0.75Zr0.25S4_stannite,Zr_Ba,Charged-2,2506,,0,0
Cu2Ba1Sn0.75Zr0.25S4_stannite,Zr_Ba,Neutral,2504.0000,-.14643942E+04,0,0
Cu2Ba1Zr1S2Se2_stannite,Cu_Zr,Charged+1,2435,-.15882654E+04,0,0
Cu2Ba1Zr1S2Se2_stannite,Cu_Zr,Charged+2,2434,,0,0
Cu2Ba1Zr1S2Se2_stannite,Cu_Zr,Charged-1,2437,-.15804825E+04,0,0
Cu2Ba1Zr1S2Se2_stannite,Cu_Zr,Charged-2,2438,-.15777569E+04,0,0
Cu2Ba1Zr1S2Se2_stannite,Cu_Zr,Neutral,2436.0000,,0,0
Cu2Ba1Zr1S2Se2_stannite,Zr_Ba,Charged+1,2437,,0,0
Cu2Ba1Zr1S2Se2_stannite,Zr_Ba,Charged+2,2436,-.15998982E+04,0,0
Cu2Ba1Zr1S2Se2_stannite,Zr_Ba,Charged-1,2439,-.15894581E+04,0,0
Cu2Ba1Zr1S2Se2_stannite,Zr_Ba,Charged-2,2440,,0,0
Cu2Ba1Zr1S2Se2_stannite,Zr_Ba,Neutral,2438.0000,,0,0
Cu2Ba1Zr1S2Se2_stannite,Zr_Se,Charged+1,2453,-.16056231E+04,0,0
Cu2Ba1Zr1S2Se2_stannite,Zr_Se,Charged+2,2452,,0,0
Cu2Ba1Zr1S2Se2_stannite,Zr_Se,Charged-1,2455,,0,0
Cu2Ba1Zr1S2Se2_stannite,Zr_Se,Charged-2,2456,,0,0
Cu2Ba1Zr1S2Se2_stannite,Zr_Se,Neutral,2454.0000,,0,0
Cu2Ba1Zr1S4_kesterite,S_Cu,Charged+1,2436,-.16370330E+04,1,0
Cu2Ba1Zr1S4_kesterite,S_Cu,Charged+2,2435,-.16406350E+04,1,0
Cu2Ba1Zr1S4_kesterite,S_Cu,Charged-1,2438,-.16292569E+04,1,0
Cu2Ba1Zr1S4_kesterite,S_Cu,Charged-2,2439,-.16245515E+04,1,0
Cu2Ba1Zr1S4_kesterite,S_Cu,Neutral,2437.0000,-.16331117E+04,1,0
Cu2Ba1Zr1S4_kesterite,S_Zr,Charged+1,2435,,0,0
Cu2Ba1Zr1S4_kesterite,S_Zr,Charged+2,2434,,0,0
Cu2Ba1Zr1S4_kesterite,S_Zr,Charged-1,2437,,0,0
Cu2Ba1Zr1S4_kesterite,S_Zr,Charged-2,2438,-.16182912E+04,0,0
Cu2Ba1Zr1S4_kesterite,S_Zr,Neutral,2436.0000,-.16270942E+04,1,0
Cu2Ba1Zr1S4_stannite,S_i,Charged+1,2453,,0,0
Cu2Ba1Zr1S4_stannite,S_i,Charged+2,2452,,0,0
Cu2Ba1Zr1S4_stannite,S_i,Charged-1,2455,,0,0
Cu2Ba1Zr1S4_stannite,S_i,Charged-2,2456,,0,0
Cu2Ba1Zr1S4_stannite,S_i,Neutral,2454.0000,-.16691615E+04,0,0
Cu2Ba1Zr1S4_stannite,V_Ba,Charged+1,2437,-.16561023E+04,1,0
Cu2Ba1Zr1S4_stannite,V_Ba,Charged+2,2436,-.16609126E+04,1,0
Cu2Ba1Zr1S4_stannite,V_Ba,Charged-1,2439,-.16462693E+04,1,0
Cu2Ba1Zr1S4_stannite,V_Ba,Charged-2,2440,-.16412289E+04,1,0
Cu2Ba1Zr1S4_stannite,V_Ba,Neutral,2438.0000,-.16512518E+04,1,0
Cu2Ba1Zr1S4_stannite,Zr_Ba,Charged+1,2437,-.16560960E+04,1,0
Cu2Ba1Zr1S4_stannite,Zr_Ba,Charged+2,2436,-.16609103E+04,1,0
Cu2Ba1Zr1S4_stannite,Zr_Ba,Charged-1,2439,-.16462475E+04,1,0
Cu2Ba1Zr1S4_stannite,Zr_Ba,Charged-2,2440,-.16412343E+04,1,0
Cu2Ba1Zr1S4_stannite,Zr_Ba,Neutral,2438.0000,-.16512385E+04,1,0
Cu2Ba1Zr1Se4_stannite,Ba_Cu,Charged+1,2446,,0,0
Cu2Ba1Zr1Se4_stannite,Ba_Cu,Charged+2,2445,-.15410129E+04,0,0
Cu2Ba1Zr1Se4_stannite,Ba_Cu,Charged-1,2448,-.15275961E+04,0,0
Cu2Ba1Zr1Se4_stannite,Ba_Cu,Charged-2,2449,,0,0
Cu2Ba1Zr1Se4_stannite,Ba_Cu,Neutral,2447.0000,,0,0
Cu2Ba1Zr1Se4_stannite,Ba_Zr,Charged+1,2445,-.15255004E+04,1,0
Cu2Ba1Zr1Se4_stannite,Ba_Zr,Charged+2,2444,-.15295406E+04,1,0
Cu2Ba1Zr1Se4_stannite,Ba_Zr,Charged-1,2447,-.15250289E+04,0,0
Cu2Ba1Zr1Se4_stannite,Ba_Zr,Charged-2,2448,,0,0
Cu2Ba1Zr1Se4_stannite,Ba_Zr,Neutral,2446.0000,-.15214084E+04,1,0
Cu2Ca1Ge1S4_stannite,S_Cu,Charged+1,2508,-.14169290E+04,1,0
Cu2Ca1Ge1S4_stannite,S_Cu,Charged+2,2507,-.14211600E+04,1,0
Cu2Ca1Ge1S4_stannite,S_Cu,Charged-1,2510,-.14082675E+04,1,0
Cu2Ca1Ge1S4_stannite,S_Cu,Charged-2,2511,-.14026041E+04,1,0
Cu2Ca1Ge1S4_stannite,S_Cu,Neutral,2509.0000,-.14126062E+04,1,0
Cu2Ca1Ge1S4_stannite,S_i,Charged+1,2525,-.14251439E+04,1,0
Cu2Ca1Ge1S4_stannite,S_i,Charged+2,2524,-.14295704E+04,1,0
Cu2Ca1Ge1S4_stannite,S_i,Charged-1,2527,-.14157831E+04,1,0
Cu2Ca1Ge1S4_stannite,S_i,Charged-2,2528,-.14099214E+04,1,0
Cu2Ca1Ge1S4_stannite,S_i,Neutral,2526.0000,-.14199606E+04,1,0
Cu2Ca1Ge1S4_stannite,V_S,Charged+1,2513,-.14158190E+04,1,0
Cu2Ca1Ge1S4_stannite,V_S,Charged+2,2512,-.14201925E+04,1,0
Cu2Ca1Ge1S4_stannite,V_S,Charged-1,2515,-.14058451E+04,1,0
Cu2Ca1Ge1S4_stannite,V_S,Charged-2,2516,-.14004939E+04,1,0
Cu2Ca1Ge1S4_stannite,V_S,Neutral,2514.0000,-.14113969E+04,1,0
Cu2Ca1Ge1Se4_stannite,Ca_Ge,Charged+1,2515,,0,0
Cu2Ca1Ge1Se4_stannite,Ca_Ge,Charged+2,2514,,0,0
Cu2Ca1Ge1Se4_stannite,Ca_Ge,Charged-1,2517,,0,0
Cu2Ca1Ge1Se4_stannite,Ca_Ge,Charged-2,2518,,0,0
Cu2Ca1Ge1Se4_stannite,Ca_Ge,Neutral,2516.0000,,0,0
Cu2Ca1Ge1Se4_stannite,Cu_Ge,Charged+1,2516,,0,0
Cu2Ca1Ge1Se4_stannite,Cu_Ge,Charged+2,2515,-.13004605E+04,1,0
Cu2Ca1Ge1Se4_stannite,Cu_Ge,Charged-1,2518,-.12902030E+04,0,0
Cu2Ca1Ge1Se4_stannite,Cu_Ge,Charged-2,2519,-.12864321E+04,1,0
Cu2Ca1Ge1Se4_stannite,Cu_Ge,Neutral,2517.0000,-.12938221E+04,1,0
Cu2Ca1Sn1S4_stannite,Cu_S,Charged+1,2524,-.13868705E+04,1,0
Cu2Ca1Sn1S4_stannite,Cu_S,Charged+2,2523,-.13913840E+04,1,0
Cu2Ca1Sn1S4_stannite,Cu_S,Charged-1,2526,-.13768230E+04,1,0
Cu2Ca1Sn1S4_stannite,Cu_S,Charged-2,2527,-.13720335E+04,1,0
Cu2Ca1Sn1S4_stannite,Cu_S,Neutral,2525.0000,-.13819970E+04,1,0
Cu2Ca1Sn1S4_stannite,V_Ca,Charged+1,2509,-.13803392E+04,1,0
Cu2Ca1Sn1S4_stannite,V_Ca,Charged+2,2508,-.13847416E+04,1,0
Cu2Ca1Sn1S4_stannite,V_Ca,Charged-1,2511,-.13713396E+04,1,0
Cu2Ca1Sn1S4_stannite,V_Ca,Charged-2,2512,-.13666933E+04,1,0
Cu2Ca1Sn1S4_stannite,V_Ca,Neutral,2510.0000,-.13758598E+04,1,0
Cu2Cd1Ge1S2Te2_stannite,Cu_S,Charged+1,2596,-.11722472E+04,1,0
Cu2Cd1Ge1S2Te2_stannite,Cu_S,Charged+2,2595,-.11770429E+04,1,0
Cu2Cd1Ge1S2Te2_stannite,Cu_S,Charged-1,2598,-.11625624E+04,1,0
Cu2Cd1Ge1S2Te2_stannite,Cu_S,Charged-2,2599,-.11575854E+04,1,0
Cu2Cd1Ge1S2Te2_stannite,Cu_S,Neutral,2597.0000,-.11674198E+04,1,0
Cu2Cd1Ge1S2Te2_stannite,Te_S,Charged+1,2591,-.11732466E+04,1,0
Cu2Cd1Ge1S2Te2_stannite,Te_S,Charged+2,2590,-.11780548E+04,1,0
Cu2Cd1Ge1S2Te2_stannite,Te_S,Charged-1,2593,-.11635723E+04,1,0
Cu2Cd1Ge1S2Te2_stannite,Te_S,Charged-2,2594,-.11587024E+04,1,0
Cu2Cd1Ge1S2Te2_stannite,Te_S,Neutral,2592.0000,-.11684176E+04,1,0
Cu2Cd1Ge1S2Te2_stannite,V_Cd,Charged+1,2579,-.11725768E+04,1,0
Cu2Cd1Ge1S2Te2_stannite,V_Cd,Charged+2,2578,-.11772965E+04,1,0
Cu2Cd1Ge1S2Te2_stannite,V_Cd,Charged-1,2581,-.11630536E+04,1,0
Cu2Cd1Ge1S2Te2_stannite,V_Cd,Charged-2,2582,-.11582566E+04,1,0
Cu2Cd1Ge1S2Te2_stannite,V_Cd,Neutral,2580.0000,-.11678234E+04,1,0
Cu2Cd1Ge1S2Te2_stannite,V_S,Charged+1,2585,-.11685448E+04,1,0
Cu2Cd1Ge1S2Te2_stannite,V_S,Charged+2,2584,-.11733169E+04,1,0
Cu2Cd1Ge1S2Te2_stannite,V_S,Charged-1,2587,-.11589146E+04,1,0
Cu2Cd1Ge1S2Te2_stannite,V_S,Charged-2,2588,-.11540617E+04,1,0
Cu2Cd1Ge1S2Te2_stannite,V_S,Neutral,2586.0000,-.11637429E+04,1,0
Cu2Cd1Ge1S4_kesterite,HSE,.,2592.0000,-.14722758E+04,1,1
Cu2Cd1Ge1S4_stannite,V_S,Charged+1,2585,-.12848954E+04,1,0
Cu2Cd1Ge1S4_stannite,V_S,Charged+2,2584,-.12893629E+04,1,0
Cu2Cd1Ge1S4_stannite,V_S,Charged-1,2587,-.12755081E+04,1,0
Cu2Cd1Ge1S4_stannite,V_S,Charged-2,2588,-.12705756E+04,1,0
Cu2Cd1Ge1S4_stannite,V_S,Neutral,2586.0000,-.12803896E+04,1,0
Cu2Cd1Ge1Se4_stannite,V_Cd,Charged+1,2579,-.11774479E+04,1,0
Cu2Cd1Ge1Se4_stannite,V_Cd,Charged+2,2578,-.11809111E+04,1,0
Cu2Cd1Ge1Se4_stannite,V_Cd,Charged-1,2581,-.11704258E+04,1,0
Cu2Cd1Ge1Se4_stannite,V_Cd,Charged-2,2582,-.11668738E+04,1,0
Cu2Cd1Ge1Se4_stannite,V_Cd,Neutral,2580.0000,-.11739522E+04,1,0
Cu2Cd1Sn1S2Se2_kesterite,Cd_i,Charged+1,2603,-.12109466E+04,1,0
Cu2Cd1Sn1S2Se2_kesterite,Cd_i,Charged+2,2602,-.12152353E+04,1,0
Cu2Cd1Sn1S2Se2_kesterite,Cd_i,Charged-1,2605,-.12022253E+04,1,0
Cu2Cd1Sn1S2Se2_kesterite,Cd_i,Charged-2,2606,-.11980167E+04,1,0
Cu2Cd1Sn1S2Se2_kesterite,Cd_i,Neutral,2604.0000,-.12066103E+04,1,0
Cu2Cd1Sn1S2Se2_kesterite,S_Se,Charged+1,2591,-.12117750E+04,1,0
Cu2Cd1Sn1S2Se2_kesterite,S_Se,Charged+2,2590,-.12159844E+04,1,0
Cu2Cd1Sn1S2Se2_kesterite,S_Se,Charged-1,2593,-.12032807E+04,1,0
Cu2Cd1Sn1S2Se2_kesterite,S_Se,Charged-2,2594,-.11989819E+04,1,0
Cu2Cd1Sn1S2Se2_kesterite,S_Se,Neutral,2592.0000,-.12075428E+04,1,0
Cu2Cd1Sn1S2Se2_kesterite,Se_Cd,Charged+1,2579,-.12085230E+04,1,0
Cu2Cd1Sn1S2Se2_kesterite,Se_Cd,Charged+2,2578,-.12126474E+04,1,0
Cu2Cd1Sn1S2Se2_kesterite,Se_Cd,Charged-1,2581,-.12001493E+04,1,0
Cu2Cd1Sn1S2Se2_kesterite,Se_Cd,Charged-2,2582,-.11959193E+04,1,0
Cu2Cd1Sn1S2Se2_kesterite,Se_Cd,Neutral,2580.0000,-.12043522E+04,1,0
Cu2Cd1Sn1S2Se2_kesterite,Se_Sn,Charged+1,2583,-.12084087E+04,1,0
Cu2Cd1Sn1S2Se2_kesterite,Se_Sn,Charged+2,2582,-.12125986E+04,1,0
Cu2Cd1Sn1S2Se2_kesterite,Se_Sn,Charged-1,2585,-.11999519E+04,1,0
Cu2Cd1Sn1S2Se2_kesterite,Se_Sn,Charged-2,2586,-.11956732E+04,1,0
Cu2Cd1Sn1S2Se2_kesterite,Se_Sn,Neutral,2584.0000,-.12041951E+04,1,0
Cu2Cd1Sn1S2Se2_kesterite,Sn_Se,Charged+1,2599,-.12097376E+04,1,0
Cu2Cd1Sn1S2Se2_kesterite,Sn_Se,Charged+2,2598,-.12139826E+04,1,0
Cu2Cd1Sn1S2Se2_kesterite,Sn_Se,Charged-1,2601,-.12011163E+04,1,0
Cu2Cd1Sn1S2Se2_kesterite,Sn_Se,Charged-2,2602,-.11967079E+04,1,0
Cu2Cd1Sn1S2Se2_kesterite,Sn_Se,Neutral,2600.0000,-.12054489E+04,1,0
Cu2Cd1Sn1S2Se2_stannite,Cd_Sn,Charged+1,2589,-.12083291E+04,1,0
Cu2Cd1Sn1S2Se2_stannite,Cd_Sn,Charged+2,2588,-.12124625E+04,1,0
Cu2Cd1Sn1S2Se2_stannite,Cd_Sn,Charged-1,2591,-.11999606E+04,1,0
Cu2Cd1Sn1S2Se2_stannite,Cd_Sn,Charged-2,2592,-.11957359E+04,1,0
Cu2Cd1Sn1S2Se2_stannite,Cd_Sn,Neutral,2590.0000,-.12041749E+04,1,0
Cu2Cd1Sn1S2Se2_stannite,Cu_Sn,Charged+1,2588,-.12107443E+04,1,0
Cu2Cd1Sn1S2Se2_stannite,Cu_Sn,Charged+2,2587,-.12147967E+04,1,0
Cu2Cd1Sn1S2Se2_stannite,Cu_Sn,Charged-1,2590,-.12023424E+04,1,0
Cu2Cd1Sn1S2Se2_stannite,Cu_Sn,Charged-2,2591,-.11980629E+04,1,0
Cu2Cd1Sn1S2Se2_stannite,Cu_Sn,Neutral,2589.0000,-.12065679E+04,1,0
Cu2Cd1Sn1S4_kesterite,Cu_Cd,Charged+1,2579,-.12610987E+04,1,0
Cu2Cd1Sn1S4_kesterite,Cu_Cd,Charged+2,2578,-.12657669E+04,1,0
Cu2Cd1Sn1S4_kesterite,Cu_Cd,Charged-1,2581,-.12517161E+04,1,0
Cu2Cd1Sn1S4_kesterite,Cu_Cd,Charged-2,2582,-.12469899E+04,1,0
Cu2Cd1Sn1S4_kesterite,Cu_Cd,Neutral,2580.0000,-.12564105E+04,1,0
Cu2Cd1Sn1S4_kesterite,Cu_i,Charged+1,2602,-.12674108E+04,1,0
Cu2Cd1Sn1S4_kesterite,Cu_i,Charged+2,2601,-.12721706E+04,1,0
Cu2Cd1Sn1S4_kesterite,Cu_i,Charged-1,2604,-.12577975E+04,1,0
Cu2Cd1Sn1S4_kesterite,Cu_i,Charged-2,2605,-.12524003E+04,1,0
Cu2Cd1Sn1S4_kesterite,Cu_i,Neutral,2603.0000,-.12626205E+04,1,0
Cu2Cd1Sn1S4_kesterite,S_Cu,Charged+1,2580,-.12589334E+04,1,0
Cu2Cd1Sn1S4_kesterite,S_Cu,Charged+2,2579,-.12636021E+04,1,0
Cu2Cd1Sn1S4_kesterite,S_Cu,Charged-1,2582,-.12495394E+04,1,0
Cu2Cd1Sn1S4_kesterite,S_Cu,Charged-2,2583,-.12448118E+04,1,0
Cu2Cd1Sn1S4_kesterite,S_Cu,Neutral,2581.0000,-.12542470E+04,1,0
Cu2Cd1Sn1S4_kesterite,S_Sn,Charged+1,2577,-.12564799E+04,1,0
Cu2Cd1Sn1S4_kesterite,S_Sn,Charged+2,2576,-.12610927E+04,1,0
Cu2Cd1Sn1S4_kesterite,S_Sn,Charged-1,2579,-.12471615E+04,1,0
Cu2Cd1Sn1S4_kesterite,S_Sn,Charged-2,2580,-.12424256E+04,1,0
Cu2Cd1Sn1S4_kesterite,S_Sn,Neutral,2578.0000,-.12518257E+04,1,0
Cu2Cd1Sn1Se4_kesterite,Cd_Sn,Charged+1,2589,-.11577261E+04,1,0
Cu2Cd1Sn1Se4_kesterite,Cd_Sn,Charged+2,2588,-.11614614E+04,1,0
Cu2Cd1Sn1Se4_kesterite,Cd_Sn,Charged-1,2591,-.11501587E+04,1,0
Cu2Cd1Sn1Se4_kesterite,Cd_Sn,Charged-2,2592,-.11463181E+04,1,0
Cu2Cd1Sn1Se4_kesterite,Cd_Sn,Neutral,2590.0000,-.11539563E+04,1,0
Cu2Cd1Sn1Se4_kesterite,Se_Cd,Charged+1,2579,-.11584607E+04,1,0
Cu2Cd1Sn1Se4_kesterite,Se_Cd,Charged+2,2578,-.11621678E+04,1,0
Cu2Cd1Sn1Se4_kesterite,Se_Cd,Charged-1,2581,-.11509261E+04,1,0
Cu2Cd1Sn1Se4_kesterite,Se_Cd,Charged-2,2582,-.11471389E+04,1,0
Cu2Cd1Sn1Se4_kesterite,Se_Cd,Neutral,2580.0000,-.11547050E+04,1,0
Cu2Cd1Sn1Se4_kesterite,Sn_i,Charged+1,2605,-.11633855E+04,1,0
Cu2Cd1Sn1Se4_kesterite,Sn_i,Charged+2,2604,-.11672714E+04,1,0
Cu2Cd1Sn1Se4_kesterite,Sn_i,Charged-1,2607,-.11552732E+04,1,0
Cu2Cd1Sn1Se4_kesterite,Sn_i,Charged-2,2608,-.11513860E+04,1,0
Cu2Cd1Sn1Se4_kesterite,Sn_i,Neutral,2606.0000,-.11594521E+04,1,0
Cu2Cd1Sn1Se4_kesterite,V_Cu,Charged+1,2580,-.11562593E+04,1,0
Cu2Cd1Sn1Se4_kesterite,V_Cu,Charged+2,2579,-.11599975E+04,1,0
Cu2Cd1Sn1Se4_kesterite,V_Cu,Charged-1,2582,-.11487087E+04,1,0
Cu2Cd1Sn1Se4_kesterite,V_Cu,Charged-2,2583,-.11448960E+04,1,0
Cu2Cd1Sn1Se4_kesterite,V_Cu,Neutral,2581.0000,-.11524945E+04,1,0
Cu2Cd1Sn1Se4_stannite,HSE,.,2592.0000,-.13217017E+04,1,1
Cu2Mg0.5Ca0.5Sn1S4_kesterite,Mg_Cu,Charged+1,2366,-.13585555E+04,1,0
Cu2Mg0.5Ca0.5Sn1S4_kesterite,Mg_Cu,Charged+2,2365,-.13631865E+04,1,0
Cu2Mg0.5Ca0.5Sn1S4_kesterite,Mg_Cu,Charged-1,2368,-.13486045E+04,1,0
Cu2Mg0.5Ca0.5Sn1S4_kesterite,Mg_Cu,Charged-2,2369,-.13430450E+04,1,0
Cu2Mg0.5Ca0.5Sn1S4_kesterite,Mg_Cu,Neutral,2367.0000,-.13536047E+04,1,0
Cu2Mg0.5Ca0.5Sn1S4_kesterite,V_Sn,Charged+1,2361,-.13512239E+04,1,0
Cu2Mg0.5Ca0.5Sn1S4_kesterite,V_Sn,Charged+2,2360,-.13557311E+04,1,0
Cu2Mg0.5Ca0.5Sn1S4_kesterite,V_Sn,Charged-1,2363,-.13419876E+04,1,0
Cu2Mg0.5Ca0.5Sn1S4_kesterite,V_Sn,Charged-2,2364,-.13372090E+04,1,0
Cu2Mg0.5Ca0.5Sn1S4_kesterite,V_Sn,Neutral,2362.0000,-.13466293E+04,1,0
Cu2Mg0.5Ca0.5Sn1S4_stannite,Ca_S,Charged+1,2379,-.13581238E+04,1,0
Cu2Mg0.5Ca0.5Sn1S4_stannite,Ca_S,Charged+2,2378,-.13638253E+04,1,0
Cu2Mg0.5Ca0.5Sn1S4_stannite,Ca_S,Charged-1,2381,-.13483902E+04,1,0
Cu2Mg0.5Ca0.5Sn1S4_stannite,Ca_S,Charged-2,2382,-.13431815E+04,1,0
Cu2Mg0.5Ca0.5Sn1S4_stannite,Ca_S,Neutral,2380.0000,-.13530453E+04,1,0
Cu2Mg0.5Ca0.5Sn1S4_stannite,Mg_Ca,Charged+1,2365,-.13541009E+04,1,0
Cu2Mg0.5Ca0.5Sn1S4_stannite,Mg_Ca,Charged+2,2364,-.13586595E+04,1,0
Cu2Mg0.5Ca0.5Sn1S4_stannite,Mg_Ca,Charged-1,2367,-.13448415E+04,1,0
Cu2Mg0.5Ca0.5Sn1S4_stannite,Mg_Ca,Charged-2,2368,-.13401129E+04,1,0
Cu2Mg0.5Ca0.5Sn1S4_stannite,Mg_Ca,Neutral,2366.0000,-.13494790E+04,1,0
Cu2Mg0.5Ca0.5Sn1S4_stannite,V_Sn,Charged+1,2361,-.13523546E+04,1,0
Cu2Mg0.5Ca0.5Sn1S4_stannite,V_Sn,Charged+2,2360,-.13568721E+04,1,0
Cu2Mg0.5Ca0.5Sn1S4_stannite,V_Sn,Charged-1,2363,-.13431279E+04,1,0
Cu2Mg0.5Ca0.5Sn1S4_stannite,V_Sn,Charged-2,2364,-.13383827E+04,1,0
Cu2Mg0.5Ca0.5Sn1S4_stannite,V_Sn,Neutral,2362.0000,-.13477788E+04,1,0
Cu2Mg0.5Ca0.5Sn1Se4_stannite,Ca_Cu,Charged+1,2374,-.12470851E+04,1,0
Cu2Mg0.5Ca0.5Sn1Se4_stannite,Ca_Cu,Charged+2,2373,-.12508199E+04,1,0
Cu2Mg0.5Ca0.5Sn1Se4_stannite,Ca_Cu,Charged-1,2376,-.12396650E+04,1,0
Cu2Mg0.5Ca0.5Sn1Se4_stannite,Ca_Cu,Charged-2,2377,-.12351415E+04,1,0
Cu2Mg0.5Ca0.5Sn1Se4_stannite,Ca_Cu,Neutral,2375.0000,-.12433884E+04,1,0
Cu2Mg0.5Ca0.5Sn1Se4_stannite,Cu_Se,Charged+1,2380,-.12448815E+04,1,0
Cu2Mg0.5Ca0.5Sn1Se4_stannite,Cu_Se,Charged+2,2379,-.12485472E+04,1,0
Cu2Mg0.5Ca0.5Sn1Se4_stannite,Cu_Se,Charged-1,2382,-.12374490E+04,1,0
Cu2Mg0.5Ca0.5Sn1Se4_stannite,Cu_Se,Charged-2,2383,-.12329492E+04,1,0
Cu2Mg0.5Ca0.5Sn1Se4_stannite,Cu_Se,Neutral,2381.0000,-.12411718E+04,1,0
Cu2Mg0.5Ca0.5Sn1Se4_stannite,Mg_Cu,Charged+1,2366,-.12458304E+04,1,0
Cu2Mg0.5Ca0.5Sn1Se4_stannite,Mg_Cu,Charged+2,2365,-.12494783E+04,1,0
Cu2Mg0.5Ca0.5Sn1Se4_stannite,Mg_Cu,Charged-1,2368,-.12384223E+04,1,0
Cu2Mg0.5Ca0.5Sn1Se4_stannite,Mg_Cu,Charged-2,2369,-.12339586E+04,1,0
Cu2Mg0.5Ca0.5Sn1Se4_stannite,Mg_Cu,Neutral,2367.0000,-.12421451E+04,1,0
Cu2Mg0.5Ca0.5Sn1Se4_stannite,Se_i,Charged+1,2381,-.12486482E+04,1,0
Cu2Mg0.5Ca0.5Sn1Se4_stannite,Se_i,Charged+2,2380,-.12529804E+04,1,0
Cu2Mg0.5Ca0.5Sn1Se4_stannite,Se_i,Charged-1,2383,-.12412800E+04,1,0
Cu2Mg0.5Ca0.5Sn1Se4_stannite,Se_i,Charged-2,2384,-.12375542E+04,1,0
Cu2Mg0.5Ca0.5Sn1Se4_stannite,Se_i,Neutral,2382.0000,-.12448807E+04,1,0
Cu2Mg0.5Ca0.5Sn1Se4_stannite,Sn_Cu,Charged+1,2378,-.12460019E+04,1,0
Cu2Mg0.5Ca0.5Sn1Se4_stannite,Sn_Cu,Charged+2,2377,-.12497066E+04,1,0
Cu2Mg0.5Ca0.5Sn1Se4_stannite,Sn_Cu,Charged-1,2380,-.12384150E+04,1,0
Cu2Mg0.5Ca0.5Sn1Se4_stannite,Sn_Cu,Charged-2,2381,-.12339247E+04,1,0
Cu2Mg0.5Ca0.5Sn1Se4_stannite,Sn_Cu,Neutral,2379.0000,-.12422321E+04,1,0
Cu2Mg0.5Sr0.5Zr1Se4_kesterite,Mg_Cu,Charged+1,2294,-.14831121E+04,1,0
Cu2Mg0.5Sr0.5Zr1Se4_kesterite,Mg_Cu,Charged+2,2293,-.14862906E+04,1,0
Cu2Mg0.5Sr0.5Zr1Se4_kesterite,Mg_Cu,Charged-1,2296,-.14747850E+04,1,0
Cu2Mg0.5Sr0.5Zr1Se4_kesterite,Mg_Cu,Charged-2,2297,-.14705982E+04,1,0
Cu2Mg0.5Sr0.5Zr1Se4_kesterite,Mg_Cu,Neutral,2295.0000,-.14789797E+04,1,0
Cu2Mg0.5Sr0.5Zr1Se4_kesterite,Sr_Cu,Charged+1,2302,-.14843250E+04,1,0
Cu2Mg0.5Sr0.5Zr1Se4_kesterite,Sr_Cu,Charged+2,2301,-.14875139E+04,1,0
Cu2Mg0.5Sr0.5Zr1Se4_kesterite,Sr_Cu,Charged-1,2304,-.14758950E+04,1,0
Cu2Mg0.5Sr0.5Zr1Se4_kesterite,Sr_Cu,Charged-2,2305,-.14717152E+04,1,0
Cu2Mg0.5Sr0.5Zr1Se4_kesterite,Sr_Cu,Neutral,2303.0000,-.14801123E+04,1,0
Cu2Mg0.5Sr0.5Zr1Se4_stannite,Mg_Sr,Charged+1,2293,-.14773354E+04,1,0
Cu2Mg0.5Sr0.5Zr1Se4_stannite,Mg_Sr,Charged+2,2292,-.14804868E+04,1,0
Cu2Mg0.5Sr0.5Zr1Se4_stannite,Mg_Sr,Charged-1,2295,-.14709633E+04,1,0
Cu2Mg0.5Sr0.5Zr1Se4_stannite,Mg_Sr,Charged-2,2296,-.14677042E+04,1,0
Cu2Mg0.5Sr0.5Zr1Se4_stannite,Mg_Sr,Neutral,2294.0000,-.14741817E+04,1,0
Cu2Mg0.5Sr0.5Zr1Se4_stannite,Mg_i,Charged+1,2305,-.14869787E+04,0,0
Cu2Mg0.5Sr0.5Zr1Se4_stannite,Mg_i,Charged+2,2304,-.14902191E+04,1,0
Cu2Mg0.5Sr0.5Zr1Se4_stannite,Mg_i,Charged-1,2307,-.14783136E+04,0,0
Cu2Mg0.5Sr0.5Zr1Se4_stannite,Mg_i,Charged-2,2308,-.14734823E+04,0,0
Cu2Mg0.5Sr0.5Zr1Se4_stannite,Mg_i,Neutral,2306.0000,-.14830090E+04,0,0
Cu2Mg0.5Sr0.5Zr1Se4_stannite,Sr_Zr,Charged+1,2301,-.14750667E+04,1,0
Cu2Mg0.5Sr0.5Zr1Se4_stannite,Sr_Zr,Charged+2,2300,-.14782505E+04,1,0
Cu2Mg0.5Sr0.5Zr1Se4_stannite,Sr_Zr,Charged-1,2303,-.14685747E+04,1,0
Cu2Mg0.5Sr0.5Zr1Se4_stannite,Sr_Zr,Charged-2,2304,-.14652714E+04,1,0
Cu2Mg0.5Sr0.5Zr1Se4_stannite,Sr_Zr,Neutral,2302.0000,-.14718437E+04,1,0
Cu2Mg1Ge1S4_kesterite,Cu_Mg,Charged+1,2229,-.13585792E+04,1,0
Cu2Mg1Ge1S4_kesterite,Cu_Mg,Charged+2,2228,-.13631003E+04,1,0
Cu2Mg1Ge1S4_kesterite,Cu_Mg,Charged-1,2231,-.13494173E+04,1,0
Cu2Mg1Ge1S4_kesterite,Cu_Mg,Charged-2,2232,-.13447544E+04,1,0
Cu2Mg1Ge1S4_kesterite,Cu_Mg,Neutral,2230.0000,-.13540142E+04,1,0
Cu2Mg1Ge1S4_kesterite,Mg_i,Charged+1,2233,-.13647663E+04,1,0
Cu2Mg1Ge1S4_kesterite,Mg_i,Charged+2,2232,-.13701021E+04,1,0
Cu2Mg1Ge1S4_kesterite,Mg_i,Charged-1,2235,-.13542587E+04,1,0
Cu2Mg1Ge1S4_kesterite,Mg_i,Charged-2,2236,-.13487966E+04,1,0
Cu2Mg1Ge1S4_kesterite,Mg_i,Neutral,2234.0000,-.13596681E+04,1,0
Cu2Mg1Ge1S4_kesterite,S_Mg,Charged+1,2229,-.13585800E+04,1,0
Cu2Mg1Ge1S4_kesterite,S_Mg,Charged+2,2228,-.13630912E+04,1,0
Cu2Mg1Ge1S4_kesterite,S_Mg,Charged-1,2231,-.13494250E+04,1,0
Cu2Mg1Ge1S4_kesterite,S_Mg,Charged-2,2232,-.13447493E+04,1,0
Cu2Mg1Ge1S4_kesterite,S_Mg,Neutral,2230.0000,-.13540141E+04,1,0
Cu2Mg1Ge1S4_stannite,Cu_i,Charged+1,2242,-.13693491E+04,1,0
Cu2Mg1Ge1S4_stannite,Cu_i,Charged+2,2241,-.13740982E+04,1,0
Cu2Mg1Ge1S4_stannite,Cu_i,Charged-1,2244,-.13584115E+04,1,0
Cu2Mg1Ge1S4_stannite,Cu_i,Charged-2,2245,-.13529902E+04,1,0
Cu2Mg1Ge1S4_stannite,Cu_i,Neutral,2243.0000,-.13638997E+04,1,0
Cu2Mg1Ge1S4_stannite,Ge_Cu,Charged+1,2234,-.13654661E+04,1,0
Cu2Mg1Ge1S4_stannite,Ge_Cu,Charged+2,2233,-.13702055E+04,1,0
Cu2Mg1Ge1S4_stannite,Ge_Cu,Charged-1,2236,-.13544424E+04,1,0
Cu2Mg1Ge1S4_stannite,Ge_Cu,Charged-2,2237,-.13491077E+04,1,0
Cu2Mg1Ge1S4_stannite,Ge_Cu,Neutral,2235.0000,-.13599815E+04,1,0
Cu2Mg1Ge1S4_stannite,Mg_Cu,Charged+1,2222,-.13655061E+04,1,0
Cu2Mg1Ge1S4_stannite,Mg_Cu,Charged+2,2221,-.13702302E+04,1,0
Cu2Mg1Ge1S4_stannite,Mg_Cu,Charged-1,2224,-.13545475E+04,1,0
Cu2Mg1Ge1S4_stannite,Mg_Cu,Charged-2,2225,-.13486292E+04,1,0
Cu2Mg1Ge1S4_stannite,Mg_Cu,Neutral,2223.0000,-.13600538E+04,1,0
Cu2Mg1Ge1S4_stannite,Mg_i,Charged+1,2233,-.13675245E+04,1,0
Cu2Mg1Ge1S4_stannite,Mg_i,Charged+2,2232,-.13728619E+04,1,0
Cu2Mg1Ge1S4_stannite,Mg_i,Charged-1,2235,-.13568514E+04,1,0
Cu2Mg1Ge1S4_stannite,Mg_i,Charged-2,2236,-.13513085E+04,1,0
Cu2Mg1Ge1S4_stannite,Mg_i,Neutral,2234.0000,-.13623510E+04,1,0
Cu2Mg1Ge1S4_stannite,S_i,Charged+1,2237,-.13681913E+04,1,0
Cu2Mg1Ge1S4_stannite,S_i,Charged+2,2236,-.13728903E+04,1,0
Cu2Mg1Ge1S4_stannite,S_i,Charged-1,2239,-.13582824E+04,1,0
Cu2Mg1Ge1S4_stannite,S_i,Charged-2,2240,-.13528852E+04,1,0
Cu2Mg1Ge1S4_stannite,S_i,Neutral,2238.0000,-.13634533E+04,1,0
Cu2Mg1Ge1Se4_kesterite,Cu_Ge,Charged+1,2228,-.12382337E+04,1,0
Cu2Mg1Ge1Se4_kesterite,Cu_Ge,Charged+2,2227,-.12418458E+04,1,0
Cu2Mg1Ge1Se4_kesterite,Cu_Ge,Charged-1,2230,-.12308667E+04,1,0
Cu2Mg1Ge1Se4_kesterite,Cu_Ge,Charged-2,2231,-.12271194E+04,1,0
Cu2Mg1Ge1Se4_kesterite,Cu_Ge,Neutral,2229.0000,-.12345720E+04,1,0
Cu2Mg1Ge1Se4_kesterite,Se_Ge,Charged+1,2217,-.12324490E+04,1,0
Cu2Mg1Ge1Se4_kesterite,Se_Ge,Charged+2,2216,-.12360045E+04,1,0
Cu2Mg1Ge1Se4_kesterite,Se_Ge,Charged-1,2219,-.12251854E+04,1,0
Cu2Mg1Ge1Se4_kesterite,Se_Ge,Charged-2,2220,-.12214806E+04,1,0
Cu2Mg1Ge1Se4_kesterite,Se_Ge,Neutral,2218.0000,-.12288414E+04,1,0
Cu2Mg1Ge1Se4_kesterite,V_Cu,Charged+1,2220,-.12352398E+04,1,0
Cu2Mg1Ge1Se4_kesterite,V_Cu,Charged+2,2219,-.12387649E+04,1,0
Cu2Mg1Ge1Se4_kesterite,V_Cu,Charged-1,2222,-.12281054E+04,1,0
Cu2Mg1Ge1Se4_kesterite,V_Cu,Charged-2,2223,-.12243766E+04,1,0
Cu2Mg1Ge1Se4_kesterite,V_Cu,Neutral,2221.0000,-.12316919E+04,1,0
Cu2Mg1Ge1Se4_kesterite,V_Ge,Charged+1,2217,-.12324491E+04,1,0
Cu2Mg1Ge1Se4_kesterite,V_Ge,Charged+2,2216,-.12360043E+04,1,0
Cu2Mg1Ge1Se4_kesterite,V_Ge,Charged-1,2219,-.12251792E+04,1,0
Cu2Mg1Ge1Se4_kesterite,V_Ge,Charged-2,2220,-.12214786E+04,1,0
Cu2Mg1Ge1Se4_kesterite,V_Ge,Neutral,2218.0000,-.12288386E+04,1,0
Cu2Mg1Ge1Te4_stannite,Te_Ge,Charged+1,2217,-.11215294E+04,1,0
Cu2Mg1Ge1Te4_stannite,Te_Ge,Charged+2,2216,-.11262570E+04,1,0
Cu2Mg1Ge1Te4_stannite,Te_Ge,Charged-1,2219,-.11119522E+04,1,0
Cu2Mg1Ge1Te4_stannite,Te_Ge,Charged-2,2220,-.11071182E+04,1,0
Cu2Mg1Ge1Te4_stannite,Te_Ge,Neutral,2218.0000,-.11167515E+04,1,0
Cu2Mg1Ge1Te4_stannite,V_Cu,Charged+1,2220,-.11235296E+04,1,0
Cu2Mg1Ge1Te4_stannite,V_Cu,Charged+2,2219,-.11282468E+04,1,0
Cu2Mg1Ge1Te4_stannite,V_Cu,Charged-1,2222,-.11140651E+04,1,0
Cu2Mg1Ge1Te4_stannite,V_Cu,Charged-2,2223,-.11092466E+04,1,0
Cu2Mg1Ge1Te4_stannite,V_Cu,Neutral,2221.0000,-.11188258E+04,1,0
Cu2Mg1Sn1S1Se3_kesterite,Cu_Se,Charged+1,2236,-.12491509E+04,1,0
Cu2Mg1Sn1S1Se3_kesterite,Cu_Se,Charged+2,2235,-.12532432E+04,1,0
Cu2Mg1Sn1S1Se3_kesterite,Cu_Se,Charged-1,2238,-.12409101E+04,1,0
Cu2Mg1Sn1S1Se3_kesterite,Cu_Se,Charged-2,2239,-.12369457E+04,1,0
Cu2Mg1Sn1S1Se3_kesterite,Cu_Se,Neutral,2237.0000,-.12450552E+04,1,0
Cu2Mg1Sn1S1Se3_kesterite,Cu_Sn,Charged+1,2228,-.12499753E+04,1,0
Cu2Mg1Sn1S1Se3_kesterite,Cu_Sn,Charged+2,2227,-.12540099E+04,1,0
Cu2Mg1Sn1S1Se3_kesterite,Cu_Sn,Charged-1,2230,-.12418237E+04,1,0
Cu2Mg1Sn1S1Se3_kesterite,Cu_Sn,Charged-2,2231,-.12376987E+04,1,0
Cu2Mg1Sn1S1Se3_kesterite,Cu_Sn,Neutral,2229.0000,-.12459088E+04,1,0
Cu2Mg1Sn1S1Se3_kesterite,Mg_Sn,Charged+1,2219,-.12496319E+04,1,0
Cu2Mg1Sn1S1Se3_kesterite,Mg_Sn,Charged+2,2218,-.12536588E+04,1,0
Cu2Mg1Sn1S1Se3_kesterite,Mg_Sn,Charged-1,2221,-.12415338E+04,1,0
Cu2Mg1Sn1S1Se3_kesterite,Mg_Sn,Charged-2,2222,-.12374641E+04,1,0
Cu2Mg1Sn1S1Se3_kesterite,Mg_Sn,Neutral,2220.0000,-.12455883E+04,1,0
Cu2Mg1Sn1S1Se3_kesterite,Mg_i,Charged+1,2233,-.12531315E+04,1,0
Cu2Mg1Sn1S1Se3_kesterite,Mg_i,Charged+2,2232,-.12572501E+04,1,0
Cu2Mg1Sn1S1Se3_kesterite,Mg_i,Charged-1,2235,-.12444450E+04,1,0
Cu2Mg1Sn1S1Se3_kesterite,Mg_i,Charged-2,2236,-.12399098E+04,1,0
Cu2Mg1Sn1S1Se3_kesterite,Mg_i,Neutral,2234.0000,-.12489788E+04,1,0
Cu2Mg1Sn1S1Se3_kesterite,S_Cu,Charged+1,2226,-.12493851E+04,1,0
Cu2Mg1Sn1S1Se3_kesterite,S_Cu,Charged+2,2225,-.12533595E+04,1,0
Cu2Mg1Sn1S1Se3_kesterite,S_Cu,Charged-1,2228,-.12412291E+04,1,0
Cu2Mg1Sn1S1Se3_kesterite,S_Cu,Charged-2,2229,-.12351473E+04,1,0
Cu2Mg1Sn1S1Se3_kesterite,S_Cu,Neutral,2227.0000,-.12453177E+04,1,0
Cu2Mg1Sn1S1Se3_kesterite,S_i,Charged+1,2237,,0,0
Cu2Mg1Sn1S1Se3_kesterite,S_i,Charged+2,2236,,0,0
Cu2Mg1Sn1S1Se3_kesterite,S_i,Charged-1,2239,-.12157904E+04,0,0
Cu2Mg1Sn1S1Se3_kesterite,S_i,Charged-2,2240,-.12389467E+04,1,0
Cu2Mg1Sn1S1Se3_kesterite,S_i,Neutral,2238.0000,,0,0
Cu2Mg1Sn1S1Se3_kesterite,Se_Cu,Charged+1,2220,-.12462131E+04,1,0
Cu2Mg1Sn1S1Se3_kesterite,Se_Cu,Charged+2,2219,-.12502363E+04,1,0
Cu2Mg1Sn1S1Se3_kesterite,Se_Cu,Charged-1,2222,-.12381122E+04,1,0
Cu2Mg1Sn1S1Se3_kesterite,Se_Cu,Charged-2,2223,-.12340274E+04,1,0
Cu2Mg1Sn1S1Se3_kesterite,Se_Cu,Neutral,2221.0000,-.12421712E+04,1,0
Cu2Mg1Sn1S1Te3_stannite,Mg_Te,Charged+1,2227,-.11587205E+04,1,0
Cu2Mg1Sn1S1Te3_stannite,Mg_Te,Charged+2,2226,-.11637629E+04,1,0
Cu2Mg1Sn1S1Te3_stannite,Mg_Te,Charged-1,2229,-.11484383E+04,1,0
Cu2Mg1Sn1S1Te3_stannite,Mg_Te,Charged-2,2230,-.11432098E+04,1,0
Cu2Mg1Sn1S1Te3_stannite,Mg_Te,Neutral,2228.0000,-.11536041E+04,1,0
Cu2Mg1Sn1S1Te3_stannite,S_Sn,Charged+1,2223,-.11599276E+04,1,0
Cu2Mg1Sn1S1Te3_stannite,S_Sn,Charged+2,2222,-.11649018E+04,1,0
Cu2Mg1Sn1S1Te3_stannite,S_Sn,Charged-1,2225,-.11498117E+04,1,0
Cu2Mg1Sn1S1Te3_stannite,S_Sn,Charged-2,2226,-.11446802E+04,1,0
Cu2Mg1Sn1S1Te3_stannite,S_Sn,Neutral,2224.0000,-.11549019E+04,1,0
Cu2Mg1Sn1S1Te3_stannite,S_i,Charged+1,2237,-.11648846E+04,1,0
Cu2Mg1Sn1S1Te3_stannite,S_i,Charged+2,2236,-.11699018E+04,1,0
Cu2Mg1Sn1S1Te3_stannite,S_i,Charged-1,2239,-.11547067E+04,1,0
Cu2Mg1Sn1S1Te3_stannite,S_i,Charged-2,2240,-.11495341E+04,1,0
Cu2Mg1Sn1S1Te3_stannite,S_i,Neutral,2238.0000,-.11598153E+04,1,0
Cu2Mg1Sn1S1Te3_stannite,Te_Cu,Charged+1,2220,-.11574044E+04,1,0
Cu2Mg1Sn1S1Te3_stannite,Te_Cu,Charged+2,2219,-.11623439E+04,1,0
Cu2Mg1Sn1S1Te3_stannite,Te_Cu,Charged-1,2222,-.11474049E+04,1,0
Cu2Mg1Sn1S1Te3_stannite,Te_Cu,Charged-2,2223,-.11423334E+04,1,0
Cu2Mg1Sn1S1Te3_stannite,Te_Cu,Neutral,2221.0000,-.11524347E+04,1,0
Cu2Mg1Sn1S1Te3_stannite,V_S,Charged+1,2225,-.11556892E+04,1,0
Cu2Mg1Sn1S1Te3_stannite,V_S,Charged+2,2224,-.11606829E+04,1,0
Cu2Mg1Sn1S1Te3_stannite,V_S,Charged-1,2227,-.11455783E+04,1,0
Cu2Mg1Sn1S1Te3_stannite,V_S,Charged-2,2228,-.11404408E+04,1,0
Cu2Mg1Sn1S1Te3_stannite,V_S,Neutral,2226.0000,-.11506483E+04,1,0
Cu2Mg1Sn1S1Te3_stannite,V_Sn,Charged+1,2217,-.11554145E+04,1,0
Cu2Mg1Sn1S1Te3_stannite,V_Sn,Charged+2,2216,-.11602894E+04,1,0
Cu2Mg1Sn1S1Te3_stannite,V_Sn,Charged-1,2219,-.11455055E+04,1,0
Cu2Mg1Sn1S1Te3_stannite,V_Sn,Charged-2,2220,-.11404808E+04,1,0
Cu2Mg1Sn1S1Te3_stannite,V_Sn,Neutral,2218.0000,-.11505054E+04,1,0
Cu2Mg1Sn1S2Se2_kesterite,Cu_S,Charged+1,2236,-.12768815E+04,1,0
Cu2Mg1Sn1S2Se2_kesterite,Cu_S,Charged+2,2235,-.12812254E+04,1,0
Cu2Mg1Sn1S2Se2_kesterite,Cu_S,Charged-1,2238,-.12679512E+04,1,0
Cu2Mg1Sn1S2Se2_kesterite,Cu_S,Charged-2,2239,-.12631661E+04,1,0
Cu2Mg1Sn1S2Se2_kesterite,Cu_S,Neutral,2237.0000,-.12724253E+04,1,0
Cu2Mg1Sn1S2Se2_kesterite,Mg_Se,Charged+1,2227,-.12761083E+04,1,0
Cu2Mg1Sn1S2Se2_kesterite,Mg_Se,Charged+2,2226,-.12805181E+04,1,0
Cu2Mg1Sn1S2Se2_kesterite,Mg_Se,Charged-1,2229,-.12676418E+04,1,0
Cu2Mg1Sn1S2Se2_kesterite,Mg_Se,Charged-2,2230,-.12631177E+04,1,0
Cu2Mg1Sn1S2Se2_kesterite,Mg_Se,Neutral,2228.0000,-.12716467E+04,1,0
Cu2Mg1Sn1S2Se2_kesterite,S_Sn,Charged+1,2223,-.12771402E+04,1,0
Cu2Mg1Sn1S2Se2_kesterite,S_Sn,Charged+2,2222,-.12814394E+04,1,0
Cu2Mg1Sn1S2Se2_kesterite,S_Sn,Charged-1,2225,-.12683687E+04,1,0
Cu2Mg1Sn1S2Se2_kesterite,S_Sn,Charged-2,2226,-.12638770E+04,1,0
Cu2Mg1Sn1S2Se2_kesterite,S_Sn,Neutral,2224.0000,-.12728055E+04,1,0
Cu2Mg1Sn1S2Se2_kesterite,V_S,Charged+1,2225,-.12733966E+04,1,0
Cu2Mg1Sn1S2Se2_kesterite,V_S,Charged+2,2224,-.12776986E+04,1,0
Cu2Mg1Sn1S2Se2_kesterite,V_S,Charged-1,2227,-.12646369E+04,1,0
Cu2Mg1Sn1S2Se2_kesterite,V_S,Charged-2,2228,-.12601552E+04,1,0
Cu2Mg1Sn1S2Se2_kesterite,V_S,Neutral,2226.0000,-.12690659E+04,1,0
Cu2Mg1Sn1S2Se2_stannite,Mg_S,Charged+1,2227,-.12762754E+04,1,0
Cu2Mg1Sn1S2Se2_stannite,Mg_S,Charged+2,2226,-.12807477E+04,1,0
Cu2Mg1Sn1S2Se2_stannite,Mg_S,Charged-1,2229,-.12663704E+04,1,0
Cu2Mg1Sn1S2Se2_stannite,Mg_S,Charged-2,2230,-.12614570E+04,1,0
Cu2Mg1Sn1S2Se2_stannite,Mg_S,Neutral,2228.0000,-.12717864E+04,1,0
Cu2Mg1Sn1S2Se2_stannite,Mg_i,Charged+1,2233,-.12823935E+04,1,0
Cu2Mg1Sn1S2Se2_stannite,Mg_i,Charged+2,2232,-.12868619E+04,1,0
Cu2Mg1Sn1S2Se2_stannite,Mg_i,Charged-1,2235,-.12730273E+04,1,0
Cu2Mg1Sn1S2Se2_stannite,Mg_i,Charged-2,2236,-.12682901E+04,1,0
Cu2Mg1Sn1S2Se2_stannite,Mg_i,Neutral,2234.0000,-.12779010E+04,1,0
Cu2Mg1Sn1S2Se2_stannite,S_Sn,Charged+1,2223,-.12779097E+04,1,0
Cu2Mg1Sn1S2Se2_stannite,S_Sn,Charged+2,2222,-.12822693E+04,1,0
Cu2Mg1Sn1S2Se2_stannite,S_Sn,Charged-1,2225,-.12690435E+04,1,0
Cu2Mg1Sn1S2Se2_stannite,S_Sn,Charged-2,2226,-.12645175E+04,1,0
Cu2Mg1Sn1S2Se2_stannite,S_Sn,Neutral,2224.0000,-.12735248E+04,1,0
Cu2Mg1Sn1S2Se2_stannite,V_S,Charged+1,2225,-.12741541E+04,1,0
Cu2Mg1Sn1S2Se2_stannite,V_S,Charged+2,2224,-.12785136E+04,1,0
Cu2Mg1Sn1S2Se2_stannite,V_S,Charged-1,2227,-.12652923E+04,1,0
Cu2Mg1Sn1S2Se2_stannite,V_S,Charged-2,2228,-.12607847E+04,1,0
Cu2Mg1Sn1S2Se2_stannite,V_S,Neutral,2226.0000,-.12697442E+04,1,0
Cu2Mg1Sn1S3Se1_kesterite,Cu_Se,Charged+1,2236,-.13071493E+04,1,0
Cu2Mg1Sn1S3Se1_kesterite,Cu_Se,Charged+2,2235,-.13117857E+04,1,0
Cu2Mg1Sn1S3Se1_kesterite,Cu_Se,Charged-1,2238,-.12978523E+04,1,0
Cu2Mg1Sn1S3Se1_kesterite,Cu_Se,Charged-2,2239,-.12929873E+04,1,0
Cu2Mg1Sn1S3Se1_kesterite,Cu_Se,Neutral,2237.0000,-.13023198E+04,1,0
Cu2Mg1Sn1S3Se1_kesterite,Sn_Cu,Charged+1,2234,-.13078866E+04,1,0
Cu2Mg1Sn1S3Se1_kesterite,Sn_Cu,Charged+2,2233,-.13125777E+04,1,0
Cu2Mg1Sn1S3Se1_kesterite,Sn_Cu,Charged-1,2236,-.12980581E+04,1,0
Cu2Mg1Sn1S3Se1_kesterite,Sn_Cu,Charged-2,2237,-.12926482E+04,1,0
Cu2Mg1Sn1S3Se1_kesterite,Sn_Cu,Neutral,2235.0000,-.13029840E+04,1,0
Cu2Mg1Sn1S3Se1_kesterite,Sn_i,Charged+1,2245,-.13110094E+04,1,0
Cu2Mg1Sn1S3Se1_kesterite,Sn_i,Charged+2,2244,-.13158645E+04,1,0
Cu2Mg1Sn1S3Se1_kesterite,Sn_i,Charged-1,2247,-.13017665E+04,1,0
Cu2Mg1Sn1S3Se1_kesterite,Sn_i,Charged-2,2248,-.12966844E+04,1,0
Cu2Mg1Sn1S3Se1_kesterite,Sn_i,Neutral,2246.0000,-.13067865E+04,1,0
Cu2Mg1Sn1S3Se1_kesterite,V_S,Charged+1,2225,-.13024926E+04,1,0
Cu2Mg1Sn1S3Se1_kesterite,V_S,Charged+2,2224,-.13070759E+04,1,0
Cu2Mg1Sn1S3Se1_kesterite,V_S,Charged-1,2227,-.12930447E+04,1,0
Cu2Mg1Sn1S3Se1_kesterite,V_S,Charged-2,2228,-.12881773E+04,1,0
Cu2Mg1Sn1S3Se1_kesterite,V_S,Neutral,2226.0000,-.12978695E+04,1,0
Cu2Mg1Sn1S3Se1_stannite,Cu_S,Charged+1,2236,-.13067419E+04,1,0
Cu2Mg1Sn1S3Se1_stannite,Cu_S,Charged+2,2235,-.13114218E+04,1,0
Cu2Mg1Sn1S3Se1_stannite,Cu_S,Charged-1,2238,-.12969947E+04,1,0
Cu2Mg1Sn1S3Se1_stannite,Cu_S,Charged-2,2239,-.12918518E+04,1,0
Cu2Mg1Sn1S3Se1_stannite,Cu_S,Neutral,2237.0000,-.13018785E+04,1,0
Cu2Mg1Sn1S3Se1_stannite,Cu_Se,Charged+1,2236,-.13075453E+04,1,0
Cu2Mg1Sn1S3Se1_stannite,Cu_Se,Charged+2,2235,-.13122235E+04,1,0
Cu2Mg1Sn1S3Se1_stannite,Cu_Se,Charged-1,2238,-.12977636E+04,1,0
Cu2Mg1Sn1S3Se1_stannite,Cu_Se,Charged-2,2239,-.12926631E+04,1,0
Cu2Mg1Sn1S3Se1_stannite,Cu_Se,Neutral,2237.0000,-.13026762E+04,1,0
Cu2Mg1Sn1S3Se1_stannite,Mg_S,Charged+1,2227,-.13053983E+04,1,0
Cu2Mg1Sn1S3Se1_stannite,Mg_S,Charged+2,2226,-.13102365E+04,1,0
Cu2Mg1Sn1S3Se1_stannite,Mg_S,Charged-1,2229,-.12947126E+04,1,0
Cu2Mg1Sn1S3Se1_stannite,Mg_S,Charged-2,2230,-.12898927E+04,1,0
Cu2Mg1Sn1S3Se1_stannite,Mg_S,Neutral,2228.0000,-.13005779E+04,1,0
Cu2Mg1Sn1S3Se1_stannite,S_i,Charged+1,2237,-.13123192E+04,1,0
Cu2Mg1Sn1S3Se1_stannite,S_i,Charged+2,2236,-.13171191E+04,1,0
Cu2Mg1Sn1S3Se1_stannite,S_i,Charged-1,2239,-.13027247E+04,1,0
Cu2Mg1Sn1S3Se1_stannite,S_i,Charged-2,2240,-.12977905E+04,1,0
Cu2Mg1Sn1S3Se1_stannite,S_i,Neutral,2238.0000,-.13076027E+04,1,0
Cu2Mg1Sn1S4_kesterite,S_Cu,Charged+1,2220,-.13336808E+04,1,0
Cu2Mg1Sn1S4_kesterite,S_Cu,Charged+2,2219,-.13385082E+04,1,0
Cu2Mg1Sn1S4_kesterite,S_Cu,Charged-1,2222,-.13240130E+04,1,0
Cu2Mg1Sn1S4_kesterite,S_Cu,Charged-2,2223,-.13188185E+04,1,0
Cu2Mg1Sn1S4_kesterite,S_Cu,Neutral,2221.0000,-.13288540E+04,1,0
Cu2Mg1Sn1S4_kesterite,S_Mg,Charged+1,2229,-.13337761E+04,1,0
Cu2Mg1Sn1S4_kesterite,S_Mg,Charged+2,2228,-.13385936E+04,1,0
Cu2Mg1Sn1S4_kesterite,S_Mg,Charged-1,2231,-.13240451E+04,1,0
Cu2Mg1Sn1S4_kesterite,S_Mg,Charged-2,2232,-.13190964E+04,1,0
Cu2Mg1Sn1S4_kesterite,S_Mg,Neutral,2230.0000,-.13289286E+04,1,0
Cu2Mg1Sn1S4_stannite,S_Cu,Charged+1,2220,-.13343807E+04,1,0
Cu2Mg1Sn1S4_stannite,S_Cu,Charged+2,2219,-.13392405E+04,1,0
Cu2Mg1Sn1S4_stannite,S_Cu,Charged-1,2222,-.13245472E+04,1,0
Cu2Mg1Sn1S4_stannite,S_Cu,Charged-2,2223,-.13193504E+04,1,0
Cu2Mg1Sn1S4_stannite,S_Cu,Neutral,2221.0000,-.13294875E+04,1,0
Cu2Mg1Sn1S4_stannite,V_Cu,Charged+1,2220,-.13343760E+04,1,0
Cu2Mg1Sn1S4_stannite,V_Cu,Charged+2,2219,-.13392379E+04,1,0
Cu2Mg1Sn1S4_stannite,V_Cu,Charged-1,2222,-.13245310E+04,1,0
Cu2Mg1Sn1S4_stannite,V_Cu,Charged-2,2223,-.13193487E+04,1,0
Cu2Mg1Sn1S4_stannite,V_Cu,Neutral,2221.0000,-.13294845E+04,1,0
Cu2Mg1Sn1Se4_kesterite,Cu_i,Charged+1,2242,-.12269647E+04,1,0
Cu2Mg1Sn1Se4_kesterite,Cu_i,Charged+2,2241,-.12308559E+04,1,0
Cu2Mg1Sn1Se4_kesterite,Cu_i,Charged-1,2244,-.12191058E+04,1,0
Cu2Mg1Sn1Se4_kesterite,Cu_i,Charged-2,2245,-.12146663E+04,1,0
Cu2Mg1Sn1Se4_kesterite,Cu_i,Neutral,2243.0000,-.12230533E+04,1,0
Cu2Mg1Sn1Se4_kesterite,Se_Cu,Charged+1,2220,-.12187059E+04,1,0
Cu2Mg1Sn1Se4_kesterite,Se_Cu,Charged+2,2219,-.12225172E+04,1,0
Cu2Mg1Sn1Se4_kesterite,Se_Cu,Charged-1,2222,-.12110365E+04,1,0
Cu2Mg1Sn1Se4_kesterite,Se_Cu,Charged-2,2223,-.12071741E+04,1,0
Cu2Mg1Sn1Se4_kesterite,Se_Cu,Neutral,2221.0000,-.12148802E+04,1,0
Cu2Mg1Sn1Se4_kesterite,Se_Sn,Charged+1,2217,-.12164650E+04,1,0
Cu2Mg1Sn1Se4_kesterite,Se_Sn,Charged+2,2216,-.12202128E+04,1,0
Cu2Mg1Sn1Se4_kesterite,Se_Sn,Charged-1,2219,-.12088201E+04,1,0
Cu2Mg1Sn1Se4_kesterite,Se_Sn,Charged-2,2220,-.12049424E+04,1,0
Cu2Mg1Sn1Se4_kesterite,Se_Sn,Neutral,2218.0000,-.12126681E+04,1,0
Cu2Mg1Sn1Se4_stannite,Mg_Cu,Charged+1,2222,-.12232837E+04,1,0
Cu2Mg1Sn1Se4_stannite,Mg_Cu,Charged+2,2221,-.12271749E+04,1,0
Cu2Mg1Sn1Se4_stannite,Mg_Cu,Charged-1,2224,-.12154317E+04,1,0
Cu2Mg1Sn1Se4_stannite,Mg_Cu,Charged-2,2225,-.12108473E+04,1,0
Cu2Mg1Sn1Se4_stannite,Mg_Cu,Neutral,2223.0000,-.12193924E+04,1,0
Cu2Mg1Sn1Se4_stannite,Se_Cu,Charged+1,2220,-.12195210E+04,1,0
Cu2Mg1Sn1Se4_stannite,Se_Cu,Charged+2,2219,-.12233591E+04,1,0
Cu2Mg1Sn1Se4_stannite,Se_Cu,Charged-1,2222,-.12118210E+04,1,0
Cu2Mg1Sn1Se4_stannite,Se_Cu,Charged-2,2223,-.12079327E+04,1,0
Cu2Mg1Sn1Se4_stannite,Se_Cu,Neutral,2221.0000,-.12156863E+04,1,0
Cu2Mg1Sn1Se4_stannite,V_Mg,Charged+1,2229,-.12198908E+04,1,0
Cu2Mg1Sn1Se4_stannite,V_Mg,Charged+2,2228,-.12237209E+04,1,0
Cu2Mg1Sn1Se4_stannite,V_Mg,Charged-1,2231,-.12121671E+04,1,0
Cu2Mg1Sn1Se4_stannite,V_Mg,Charged-2,2232,-.12082729E+04,1,0
Cu2Mg1Sn1Se4_stannite,V_Mg,Neutral,2230.0000,-.12160389E+04,1,0
Cu2Mg1Zr1Te4_kesterite,Cu_Zr,Charged+1,2147,-.13057152E+04,1,0
Cu2Mg1Zr1Te4_kesterite,Cu_Zr,Charged+2,2146,-.13099048E+04,1,0
Cu2Mg1Zr1Te4_kesterite,Cu_Zr,Charged-1,2149,-.12971160E+04,1,0
Cu2Mg1Zr1Te4_kesterite,Cu_Zr,Charged-2,2150,-.12926072E+04,1,0
Cu2Mg1Zr1Te4_kesterite,Cu_Zr,Neutral,2148.0000,-.13014683E+04,1,0
Cu2Mg1Zr1Te4_stannite,Mg_Zr,Charged+1,2149,-.13101698E+04,1,0
Cu2Mg1Zr1Te4_stannite,Mg_Zr,Charged+2,2148,-.13143926E+04,1,0
Cu2Mg1Zr1Te4_stannite,Mg_Zr,Charged-1,2151,-.13016667E+04,1,0
Cu2Mg1Zr1Te4_stannite,Mg_Zr,Charged-2,2152,-.12973468E+04,1,0
Cu2Mg1Zr1Te4_stannite,Mg_Zr,Neutral,2150.0000,-.13059492E+04,1,0
Cu2Mg1Zr1Te4_stannite,Mg_i,Charged+1,2161,-.13207182E+04,1,0
Cu2Mg1Zr1Te4_stannite,Mg_i,Charged+2,2160,-.13256215E+04,1,0
Cu2Mg1Zr1Te4_stannite,Mg_i,Charged-1,2163,-.13107831E+04,1,0
Cu2Mg1Zr1Te4_stannite,Mg_i,Charged-2,2164,-.13057259E+04,1,0
Cu2Mg1Zr1Te4_stannite,Mg_i,Neutral,2162.0000,-.13157700E+04,1,0
Cu2Mg1Zr1Te4_stannite,Te_Zr,Charged+1,2147,-.13059742E+04,1,0
Cu2Mg1Zr1Te4_stannite,Te_Zr,Charged+2,2146,-.13101659E+04,1,0
Cu2Mg1Zr1Te4_stannite,Te_Zr,Charged-1,2149,-.12971638E+04,1,0
Cu2Mg1Zr1Te4_stannite,Te_Zr,Charged-2,2150,-.12926140E+04,1,0
Cu2Mg1Zr1Te4_stannite,Te_Zr,Neutral,2148.0000,-.13017218E+04,1,0
Cu2Mg1Zr1Te4_stannite,V_Te,Charged+1,2153,-.13119524E+04,1,0
Cu2Mg1Zr1Te4_stannite,V_Te,Charged+2,2152,-.13169218E+04,1,0
Cu2Mg1Zr1Te4_stannite,V_Te,Charged-1,2155,-.13032171E+04,1,0
Cu2Mg1Zr1Te4_stannite,V_Te,Charged-2,2156,-.12983030E+04,1,0
Cu2Mg1Zr1Te4_stannite,V_Te,Neutral,2154.0000,-.13080681E+04,1,0
Cu2Sr1Ge1S4_kesterite,Cu_S,Charged+1,2524,-.13833207E+04,1,0
Cu2Sr1Ge1S4_kesterite,Cu_S,Charged+2,2523,-.13871358E+04,1,0
Cu2Sr1Ge1S4_kesterite,Cu_S,Charged-1,2526,-.13745379E+04,1,0
Cu2Sr1Ge1S4_kesterite,Cu_S,Charged-2,2527,-.13697147E+04,1,0
Cu2Sr1Ge1S4_kesterite,Cu_S,Neutral,2525.0000,-.13789516E+04,1,0
Cu2Sr1Ge1S4_stannite,Cu_Sr,Charged+1,2509,-.14087641E+04,1,0
Cu2Sr1Ge1S4_stannite,Cu_Sr,Charged+2,2508,-.14134458E+04,1,0
Cu2Sr1Ge1S4_stannite,Cu_Sr,Charged-1,2511,-.13992020E+04,1,0
Cu2Sr1Ge1S4_stannite,Cu_Sr,Charged-2,2512,-.13942960E+04,1,0
Cu2Sr1Ge1S4_stannite,Cu_Sr,Neutral,2510.0000,-.14040357E+04,1,0
Cu2Sr1Ge1S4_stannite,Ge_Cu,Charged+1,2522,-.14154799E+04,1,0
Cu2Sr1Ge1S4_stannite,Ge_Cu,Charged+2,2521,-.14204306E+04,1,0
Cu2Sr1Ge1S4_stannite,Ge_Cu,Charged-1,2524,-.14042462E+04,1,0
Cu2Sr1Ge1S4_stannite,Ge_Cu,Charged-2,2525,-.13984578E+04,1,0
Cu2Sr1Ge1S4_stannite,Ge_Cu,Neutral,2523.0000,-.14098552E+04,1,0
Cu2Sr1Ge1S4_stannite,S_Cu,Charged+1,2508,-.14112462E+04,1,0
Cu2Sr1Ge1S4_stannite,S_Cu,Charged+2,2507,-.14159490E+04,1,0
Cu2Sr1Ge1S4_stannite,S_Cu,Charged-1,2510,-.14014685E+04,1,0
Cu2Sr1Ge1S4_stannite,S_Cu,Charged-2,2511,-.13958086E+04,1,0
Cu2Sr1Ge1S4_stannite,S_Cu,Neutral,2509.0000,-.14063927E+04,1,0
Cu2Sr1Ge1S4_stannite,S_Ge,Charged+1,2505,-.14070178E+04,1,0
Cu2Sr1Ge1S4_stannite,S_Ge,Charged+2,2504,-.14117377E+04,1,0
Cu2Sr1Ge1S4_stannite,S_Ge,Charged-1,2507,-.13973218E+04,1,0
Cu2Sr1Ge1S4_stannite,S_Ge,Charged-2,2508,-.13923721E+04,1,0
Cu2Sr1Ge1S4_stannite,S_Ge,Neutral,2506.0000,-.14022051E+04,1,0
Cu2Sr1Ge1S4_stannite,V_S,Charged+1,2513,-.14095420E+04,1,0
Cu2Sr1Ge1S4_stannite,V_S,Charged+2,2512,-.14143749E+04,1,0
Cu2Sr1Ge1S4_stannite,V_S,Charged-1,2515,-.13989857E+04,1,0
Cu2Sr1Ge1S4_stannite,V_S,Charged-2,2516,-.13932827E+04,1,0
Cu2Sr1Ge1S4_stannite,V_S,Neutral,2514.0000,-.14046558E+04,1,0
Cu2Sr1Ge1Se4_stannite,Cu_i,Charged+1,2530,-.12978466E+04,1,0
Cu2Sr1Ge1Se4_stannite,Cu_i,Charged+2,2529,-.13022212E+04,1,0
Cu2Sr1Ge1Se4_stannite,Cu_i,Charged-1,2532,-.12890359E+04,1,0
Cu2Sr1Ge1Se4_stannite,Cu_i,Charged-2,2533,-.12846011E+04,1,0
Cu2Sr1Ge1Se4_stannite,Cu_i,Neutral,2531.0000,-.12934514E+04,1,0
Cu2Sr1Ge1Se4_stannite,Se_Cu,Charged+1,2508,-.12908837E+04,1,0
Cu2Sr1Ge1Se4_stannite,Se_Cu,Charged+2,2507,-.12948645E+04,1,0
Cu2Sr1Ge1Se4_stannite,Se_Cu,Charged-1,2510,-.12822362E+04,1,0
Cu2Sr1Ge1Se4_stannite,Se_Cu,Charged-2,2511,-.12778685E+04,1,0
Cu2Sr1Ge1Se4_stannite,Se_Cu,Neutral,2509.0000,-.12865963E+04,1,0
Cu2Sr1Sn1S4_stannite,Sr_S,Charged+1,2523,-.13774901E+04,1,0
Cu2Sr1Sn1S4_stannite,Sr_S,Charged+2,2522,-.13824609E+04,1,0
Cu2Sr1Sn1S4_stannite,Sr_S,Charged-1,2525,-.13667537E+04,1,0
Cu2Sr1Sn1S4_stannite,Sr_S,Charged-2,2526,-.13611618E+04,1,0
Cu2Sr1Sn1S4_stannite,Sr_S,Neutral,2524.0000,-.13723381E+04,1,0
Cu2Zn1Ge1S2Se1Te1_kesterite,Cu_Te,Charged+1,2596,-.12229941E+04,1,0
Cu2Zn1Ge1S2Se1Te1_kesterite,Cu_Te,Charged+2,2595,-.12276420E+04,1,0
Cu2Zn1Ge1S2Se1Te1_kesterite,Cu_Te,Charged-1,2598,-.12135644E+04,1,0
Cu2Zn1Ge1S2Se1Te1_kesterite,Cu_Te,Charged-2,2599,-.12087515E+04,1,0
Cu2Zn1Ge1S2Se1Te1_kesterite,Cu_Te,Neutral,2597.0000,-.12183102E+04,1,0
Cu2Zn1Ge1S2Se1Te1_kesterite,Ge_Se,Charged+1,2599,-.12226420E+04,1,0
Cu2Zn1Ge1S2Se1Te1_kesterite,Ge_Se,Charged+2,2598,-.12273526E+04,1,0
Cu2Zn1Ge1S2Se1Te1_kesterite,Ge_Se,Charged-1,2601,-.12130851E+04,1,0
Cu2Zn1Ge1S2Se1Te1_kesterite,Ge_Se,Charged-2,2602,-.12082611E+04,1,0
Cu2Zn1Ge1S2Se1Te1_kesterite,Ge_Se,Neutral,2600.0000,-.12178876E+04,1,0
Cu2Zn1Ge1S2Se1Te1_kesterite,S_Ge,Charged+1,2583,-.12205096E+04,1,0
Cu2Zn1Ge1S2Se1Te1_kesterite,S_Ge,Charged+2,2582,-.12252276E+04,1,0
Cu2Zn1Ge1S2Se1Te1_kesterite,S_Ge,Charged-1,2585,-.12109500E+04,1,0
Cu2Zn1Ge1S2Se1Te1_kesterite,S_Ge,Charged-2,2586,-.12061264E+04,1,0
Cu2Zn1Ge1S2Se1Te1_kesterite,S_Ge,Neutral,2584.0000,-.12157542E+04,1,0
Cu2Zn1Ge1S2Se1Te1_kesterite,Se_Zn,Charged+1,2579,-.12210959E+04,1,0
Cu2Zn1Ge1S2Se1Te1_kesterite,Se_Zn,Charged+2,2578,-.12257609E+04,1,0
Cu2Zn1Ge1S2Se1Te1_kesterite,Se_Zn,Charged-1,2581,-.12116153E+04,1,0
Cu2Zn1Ge1S2Se1Te1_kesterite,Se_Zn,Charged-2,2582,-.12068359E+04,1,0
Cu2Zn1Ge1S2Se1Te1_kesterite,Se_Zn,Neutral,2580.0000,-.12163705E+04,1,0
Cu2Zn1Ge1S2Se1Te1_kesterite,Te_Se,Charged+1,2591,-.12225957E+04,1,0
Cu2Zn1Ge1S2Se1Te1_kesterite,Te_Se,Charged+2,2590,-.12273407E+04,1,0
Cu2Zn1Ge1S2Se1Te1_kesterite,Te_Se,Charged-1,2593,-.12129756E+04,1,0
Cu2Zn1Ge1S2Se1Te1_kesterite,Te_Se,Charged-2,2594,-.12081280E+04,1,0
Cu2Zn1Ge1S2Se1Te1_kesterite,Te_Se,Neutral,2592.0000,-.12178074E+04,1,0
Cu2Zn1Ge1S2Se1Te1_kesterite,Te_Zn,Charged+1,2579,-.12210801E+04,1,0
Cu2Zn1Ge1S2Se1Te1_kesterite,Te_Zn,Charged+2,2578,-.12257592E+04,1,0
Cu2Zn1Ge1S2Se1Te1_kesterite,Te_Zn,Charged-1,2581,-.12116180E+04,1,0
Cu2Zn1Ge1S2Se1Te1_kesterite,Te_Zn,Charged-2,2582,-.12068322E+04,1,0
Cu2Zn1Ge1S2Se1Te1_kesterite,Te_Zn,Neutral,2580.0000,-.12163709E+04,1,0
Cu2Zn1Ge1S2Se1Te1_kesterite,Te_i,Charged+1,2597,-.12235766E+04,1,0
Cu2Zn1Ge1S2Se1Te1_kesterite,Te_i,Charged+2,2596,-.12285965E+04,1,0
Cu2Zn1Ge1S2Se1Te1_kesterite,Te_i,Charged-1,2599,-.12138577E+04,1,0
Cu2Zn1Ge1S2Se1Te1_kesterite,Te_i,Charged-2,2600,-.12089210E+04,1,0
Cu2Zn1Ge1S2Se1Te1_kesterite,Te_i,Neutral,2598.0000,-.12187533E+04,1,0
Cu2Zn1Ge1S2Se1Te1_kesterite,V_Zn,Charged+1,2579,-.12210892E+04,1,0
Cu2Zn1Ge1S2Se1Te1_kesterite,V_Zn,Charged+2,2578,-.12257591E+04,1,0
Cu2Zn1Ge1S2Se1Te1_kesterite,V_Zn,Charged-1,2581,-.12116206E+04,1,0
Cu2Zn1Ge1S2Se1Te1_kesterite,V_Zn,Charged-2,2582,-.12068356E+04,1,0
Cu2Zn1Ge1S2Se1Te1_kesterite,V_Zn,Neutral,2580.0000,-.12163733E+04,1,0
Cu2Zn1Ge1S4_kesterite,Ge_S,Charged+1,2599,-.13176711E+04,1,0
Cu2Zn1Ge1S4_kesterite,Ge_S,Charged+2,2598,-.13225660E+04,1,0
Cu2Zn1Ge1S4_kesterite,Ge_S,Charged-1,2601,-.13073796E+04,1,0
Cu2Zn1Ge1S4_kesterite,Ge_S,Charged-2,2602,-.13018999E+04,1,0
Cu2Zn1Ge1S4_kesterite,Ge_S,Neutral,2600.0000,-.13126105E+04,1,0
Cu2Zn1Ge1S4_stannite,HSE,.,2592.0000,-.15033686E+04,1,1
Cu2Zn1Ge1Se4_stannite,V_Se,Charged+1,2585,-.11942491E+04,1,0
Cu2Zn1Ge1Se4_stannite,V_Se,Charged+2,2584,-.11979743E+04,1,0
Cu2Zn1Ge1Se4_stannite,V_Se,Charged-1,2587,-.11866769E+04,1,0
Cu2Zn1Ge1Se4_stannite,V_Se,Charged-2,2588,-.11828382E+04,1,0
Cu2Zn1Ge1Se4_stannite,V_Se,Neutral,2586.0000,-.11904806E+04,1,0
Cu2Zn1Sn0.25Zr0.75S2Se2_stannite,S_Se,Charged+1,2537,-.14269542E+04,1,0
Cu2Zn1Sn0.25Zr0.75S2Se2_stannite,S_Se,Charged+2,2536,-.14310598E+04,1,0
Cu2Zn1Sn0.25Zr0.75S2Se2_stannite,S_Se,Charged-1,2539,-.14179292E+04,1,0
Cu2Zn1Sn0.25Zr0.75S2Se2_stannite,S_Se,Charged-2,2540,-.14130391E+04,1,0
Cu2Zn1Sn0.25Zr0.75S2Se2_stannite,S_Se,Neutral,2538.0000,-.14227763E+04,1,0
Cu2Zn1Sn0.25Zr0.75S2Se2_stannite,S_Zn,Charged+1,2525,-.14223333E+04,1,0
Cu2Zn1Sn0.25Zr0.75S2Se2_stannite,S_Zn,Charged+2,2524,-.14263952E+04,1,0
Cu2Zn1Sn0.25Zr0.75S2Se2_stannite,S_Zn,Charged-1,2527,-.14140964E+04,1,0
Cu2Zn1Sn0.25Zr0.75S2Se2_stannite,S_Zn,Charged-2,2528,-.14098556E+04,1,0
Cu2Zn1Sn0.25Zr0.75S2Se2_stannite,S_Zn,Neutral,2526.0000,-.14182354E+04,1,0
Cu2Zn1Sn0.25Zr0.75S2Se2_stannite,Se_Zr,Charged+1,2525,-.14114056E+04,1,0
Cu2Zn1Sn0.25Zr0.75S2Se2_stannite,Se_Zr,Charged+2,2524,-.14154632E+04,1,0
Cu2Zn1Sn0.25Zr0.75S2Se2_stannite,Se_Zr,Charged-1,2527,-.14030888E+04,1,0
Cu2Zn1Sn0.25Zr0.75S2Se2_stannite,Se_Zr,Charged-2,2528,-.13987892E+04,1,0
Cu2Zn1Sn0.25Zr0.75S2Se2_stannite,Se_Zr,Neutral,2526.0000,-.14072756E+04,1,0
Cu2Zn1Sn0.25Zr0.75S2Se2_stannite,Sn_Zn,Charged+1,2539,-.14276209E+04,1,0
Cu2Zn1Sn0.25Zr0.75S2Se2_stannite,Sn_Zn,Charged+2,2538,-.14318865E+04,1,0
Cu2Zn1Sn0.25Zr0.75S2Se2_stannite,Sn_Zn,Charged-1,2541,-.14184962E+04,1,0
Cu2Zn1Sn0.25Zr0.75S2Se2_stannite,Sn_Zn,Charged-2,2542,-.14135381E+04,1,0
Cu2Zn1Sn0.25Zr0.75S2Se2_stannite,Sn_Zn,Neutral,2540.0000,-.14233893E+04,1,0
Cu2Zn1Sn0.25Zr0.75S4_stannite,S_Zn,Charged+1,2525,-.14884313E+04,1,0
Cu2Zn1Sn0.25Zr0.75S4_stannite,S_Zn,Charged+2,2524,-.14929981E+04,1,0
Cu2Zn1Sn0.25Zr0.75S4_stannite,S_Zn,Charged-1,2527,-.14791166E+04,1,0
Cu2Zn1Sn0.25Zr0.75S4_stannite,S_Zn,Charged-2,2528,-.14743903E+04,1,0
Cu2Zn1Sn0.25Zr0.75S4_stannite,S_Zn,Neutral,2526.0000,-.14837905E+04,1,0
Cu2Zn1Sn0.25Zr0.75S4_stannite,V_Zn,Charged+1,2525,-.14884128E+04,1,0
Cu2Zn1Sn0.25Zr0.75S4_stannite,V_Zn,Charged+2,2524,-.14929928E+04,1,0
Cu2Zn1Sn0.25Zr0.75S4_stannite,V_Zn,Charged-1,2527,-.14791364E+04,1,0
Cu2Zn1Sn0.25Zr0.75S4_stannite,V_Zn,Charged-2,2528,-.14743880E+04,1,0
Cu2Zn1Sn0.25Zr0.75S4_stannite,V_Zn,Neutral,2526.0000,-.14837883E+04,1,0
Cu2Zn1Sn0.5Zr0.5S2Se2_kesterite,Se_Zr,Charged+1,2543,-.13486767E+04,1,0
Cu2Zn1Sn0.5Zr0.5S2Se2_kesterite,Se_Zr,Charged+2,2542,-.13527921E+04,1,0
Cu2Zn1Sn0.5Zr0.5S2Se2_kesterite,Se_Zr,Charged-1,2545,-.13402351E+04,1,0
Cu2Zn1Sn0.5Zr0.5S2Se2_kesterite,Se_Zr,Charged-2,2546,-.13358589E+04,1,0
Cu2Zn1Sn0.5Zr0.5S2Se2_kesterite,Se_Zr,Neutral,2544.0000,-.13445042E+04,1,0
Cu2Zn1Sn0.5Zr0.5S2Se2_kesterite,Sn_Zr,Charged+1,2543,-.13486755E+04,1,0
Cu2Zn1Sn0.5Zr0.5S2Se2_kesterite,Sn_Zr,Charged+2,2542,-.13527987E+04,1,0
Cu2Zn1Sn0.5Zr0.5S2Se2_kesterite,Sn_Zr,Charged-1,2545,-.13402394E+04,1,0
Cu2Zn1Sn0.5Zr0.5S2Se2_kesterite,Sn_Zr,Charged-2,2546,-.13358595E+04,1,0
Cu2Zn1Sn0.5Zr0.5S2Se2_kesterite,Sn_Zr,Neutral,2544.0000,-.13445133E+04,1,0
Cu2Zn1Sn0.5Zr0.5S2Se2_kesterite,V_S,Charged+1,2549,-.13552169E+04,1,0
Cu2Zn1Sn0.5Zr0.5S2Se2_kesterite,V_S,Charged+2,2548,-.13596783E+04,1,0
Cu2Zn1Sn0.5Zr0.5S2Se2_kesterite,V_S,Charged-1,2551,-.13467043E+04,1,0
Cu2Zn1Sn0.5Zr0.5S2Se2_kesterite,V_S,Charged-2,2552,-.13419340E+04,1,0
Cu2Zn1Sn0.5Zr0.5S2Se2_kesterite,V_S,Neutral,2550.0000,-.13514215E+04,1,0
Cu2Zn1Sn0.5Zr0.5S2Se2_kesterite,Zr_Cu,Charged+1,2556,-.13690488E+04,1,0
Cu2Zn1Sn0.5Zr0.5S2Se2_kesterite,Zr_Cu,Charged+2,2555,-.13736223E+04,1,0
Cu2Zn1Sn0.5Zr0.5S2Se2_kesterite,Zr_Cu,Charged-1,2558,-.13593649E+04,1,0
Cu2Zn1Sn0.5Zr0.5S2Se2_kesterite,Zr_Cu,Charged-2,2559,-.13544690E+04,1,0
Cu2Zn1Sn0.5Zr0.5S2Se2_kesterite,Zr_Cu,Neutral,2557.0000,-.13642241E+04,1,0
Cu2Zn1Sn0.5Zr0.5S2Se2_stannite,S_i,Charged+1,2561,-.13659396E+04,1,0
Cu2Zn1Sn0.5Zr0.5S2Se2_stannite,S_i,Charged+2,2560,-.13702602E+04,1,0
Cu2Zn1Sn0.5Zr0.5S2Se2_stannite,S_i,Charged-1,2563,-.13558049E+04,1,0
Cu2Zn1Sn0.5Zr0.5S2Se2_stannite,S_i,Charged-2,2564,-.13513033E+04,1,0
Cu2Zn1Sn0.5Zr0.5S2Se2_stannite,S_i,Neutral,2562.0000,-.13608729E+04,1,0
Cu2Zn1Sn0.5Zr0.5S2Se2_stannite,V_Zr,Charged+1,2543,-.13479428E+04,1,0
Cu2Zn1Sn0.5Zr0.5S2Se2_stannite,V_Zr,Charged+2,2542,-.13521765E+04,1,0
Cu2Zn1Sn0.5Zr0.5S2Se2_stannite,V_Zr,Charged-1,2545,-.13393448E+04,1,0
Cu2Zn1Sn0.5Zr0.5S2Se2_stannite,V_Zr,Charged-2,2546,-.13349424E+04,1,0
Cu2Zn1Sn0.5Zr0.5S2Se2_stannite,V_Zr,Neutral,2544.0000,-.13436625E+04,1,0
Cu2Zn1Sn0.5Zr0.5S2Se2_stannite,Zr_Cu,Charged+1,2556,-.13682003E+04,1,0
Cu2Zn1Sn0.5Zr0.5S2Se2_stannite,Zr_Cu,Charged+2,2555,-.13727336E+04,1,0
Cu2Zn1Sn0.5Zr0.5S2Se2_stannite,Zr_Cu,Charged-1,2558,-.13585380E+04,1,0
Cu2Zn1Sn0.5Zr0.5S2Se2_stannite,Zr_Cu,Charged-2,2559,-.13550154E+04,1,0
Cu2Zn1Sn0.5Zr0.5S2Se2_stannite,Zr_Cu,Neutral,2557.0000,-.13633710E+04,1,0
Cu2Zn1Sn0.5Zr0.5S2Se2_stannite,Zr_Sn,Charged+1,2553,-.13694754E+04,1,0
Cu2Zn1Sn0.5Zr0.5S2Se2_stannite,Zr_Sn,Charged+2,2552,-.13737703E+04,1,0
Cu2Zn1Sn0.5Zr0.5S2Se2_stannite,Zr_Sn,Charged-1,2555,-.13604300E+04,1,0
Cu2Zn1Sn0.5Zr0.5S2Se2_stannite,Zr_Sn,Charged-2,2556,-.13556634E+04,1,0
Cu2Zn1Sn0.5Zr0.5S2Se2_stannite,Zr_Sn,Neutral,2554.0000,-.13651500E+04,1,0
Cu2Zn1Sn0.5Zr0.5S4_kesterite,S_Zr,Charged+1,2543,-.14111193E+04,1,0
Cu2Zn1Sn0.5Zr0.5S4_kesterite,S_Zr,Charged+2,2542,-.14158120E+04,1,0
Cu2Zn1Sn0.5Zr0.5S4_kesterite,S_Zr,Charged-1,2545,-.14015424E+04,1,0
Cu2Zn1Sn0.5Zr0.5S4_kesterite,S_Zr,Charged-2,2546,-.13965571E+04,1,0
Cu2Zn1Sn0.5Zr0.5S4_kesterite,S_Zr,Neutral,2544.0000,-.14063515E+04,1,0
Cu2Zn1Sn0.5Zr0.5S4_kesterite,V_Cu,Charged+1,2544,-.14210586E+04,1,0
Cu2Zn1Sn0.5Zr0.5S4_kesterite,V_Cu,Charged+2,2543,-.14257290E+04,1,0
Cu2Zn1Sn0.5Zr0.5S4_kesterite,V_Cu,Charged-1,2546,-.14116507E+04,1,0
Cu2Zn1Sn0.5Zr0.5S4_kesterite,V_Cu,Charged-2,2547,-.14061211E+04,1,0
Cu2Zn1Sn0.5Zr0.5S4_kesterite,V_Cu,Neutral,2545.0000,-.14163624E+04,1,0
Cu2Zn1Sn0.5Zr0.5S4_kesterite,V_Sn,Charged+1,2541,-.14184474E+04,1,0
Cu2Zn1Sn0.5Zr0.5S4_kesterite,V_Sn,Charged+2,2540,-.14231012E+04,1,0
Cu2Zn1Sn0.5Zr0.5S4_kesterite,V_Sn,Charged-1,2543,-.14089342E+04,1,0
Cu2Zn1Sn0.5Zr0.5S4_kesterite,V_Sn,Charged-2,2544,-.14039549E+04,1,0
Cu2Zn1Sn0.5Zr0.5S4_kesterite,V_Sn,Neutral,2542.0000,-.14137332E+04,1,0
Cu2Zn1Sn0.5Zr0.5S4_kesterite,V_Zr,Charged+1,2543,-.14111124E+04,1,0
Cu2Zn1Sn0.5Zr0.5S4_kesterite,V_Zr,Charged+2,2542,-.14158010E+04,1,0
Cu2Zn1Sn0.5Zr0.5S4_kesterite,V_Zr,Charged-1,2545,-.14015415E+04,1,0
Cu2Zn1Sn0.5Zr0.5S4_kesterite,V_Zr,Charged-2,2546,-.13965616E+04,1,0
Cu2Zn1Sn0.5Zr0.5S4_kesterite,V_Zr,Neutral,2544.0000,-.14063611E+04,1,0
Cu2Zn1Sn0.5Zr0.5S4_kesterite,Zn_Sn,Charged+1,2553,-.14234013E+04,1,0
Cu2Zn1Sn0.5Zr0.5S4_kesterite,Zn_Sn,Charged+2,2552,-.14280778E+04,1,0
Cu2Zn1Sn0.5Zr0.5S4_kesterite,Zn_Sn,Charged-1,2555,-.14139327E+04,1,0
Cu2Zn1Sn0.5Zr0.5S4_kesterite,Zn_Sn,Charged-2,2556,-.14090522E+04,1,0
Cu2Zn1Sn0.5Zr0.5S4_kesterite,Zn_Sn,Neutral,2554.0000,-.14186923E+04,1,0
Cu2Zn1Sn0.5Zr0.5S4_stannite,Zn_Sn,Charged+1,2553,-.14232040E+04,1,0
Cu2Zn1Sn0.5Zr0.5S4_stannite,Zn_Sn,Charged+2,2552,-.14279815E+04,1,0
Cu2Zn1Sn0.5Zr0.5S4_stannite,Zn_Sn,Charged-1,2555,-.14134918E+04,1,0
Cu2Zn1Sn0.5Zr0.5S4_stannite,Zn_Sn,Charged-2,2556,-.14085338E+04,1,0
Cu2Zn1Sn0.5Zr0.5S4_stannite,Zn_Sn,Neutral,2554.0000,-.14183791E+04,1,0
Cu2Zn1Sn0.5Zr0.5S4_stannite,Zr_Cu,Charged+1,2556,-.14317021E+04,1,0
Cu2Zn1Sn0.5Zr0.5S4_stannite,Zr_Cu,Charged+2,2555,-.14369532E+04,1,0
Cu2Zn1Sn0.5Zr0.5S4_stannite,Zr_Cu,Charged-1,2558,-.14206935E+04,1,0
Cu2Zn1Sn0.5Zr0.5S4_stannite,Zr_Cu,Charged-2,2559,-.14151482E+04,1,0
Cu2Zn1Sn0.5Zr0.5S4_stannite,Zr_Cu,Neutral,2557.0000,-.14261121E+04,1,0
Cu2Zn1Sn0.5Zr0.5S4_stannite,Zr_i,Charged+1,2567,-.14353844E+04,1,0
Cu2Zn1Sn0.5Zr0.5S4_stannite,Zr_i,Charged+2,2566,-.14407859E+04,1,0
Cu2Zn1Sn0.5Zr0.5S4_stannite,Zr_i,Charged-1,2569,-.14242721E+04,1,0
Cu2Zn1Sn0.5Zr0.5S4_stannite,Zr_i,Charged-2,2570,-.14186493E+04,1,0
Cu2Zn1Sn0.5Zr0.5S4_stannite,Zr_i,Neutral,2568.0000,-.14298448E+04,1,0
Cu2Zn1Sn0.5Zr0.5Se4_kesterite,Cu_Zn,Charged+1,2543,-.12991456E+04,1,0
Cu2Zn1Sn0.5Zr0.5Se4_kesterite,Cu_Zn,Charged+2,2542,-.13026997E+04,1,0
Cu2Zn1Sn0.5Zr0.5Se4_kesterite,Cu_Zn,Charged-1,2545,-.12919284E+04,1,0
Cu2Zn1Sn0.5Zr0.5Se4_kesterite,Cu_Zn,Charged-2,2546,-.12882206E+04,1,0
Cu2Zn1Sn0.5Zr0.5Se4_kesterite,Cu_Zn,Neutral,2544.0000,-.12955514E+04,1,0
Cu2Zn1Sn0.5Zr0.5Se4_kesterite,Se_Sn,Charged+1,2541,-.12953938E+04,1,0
Cu2Zn1Sn0.5Zr0.5Se4_kesterite,Se_Sn,Charged+2,2540,-.12989310E+04,1,0
Cu2Zn1Sn0.5Zr0.5Se4_kesterite,Se_Sn,Charged-1,2543,-.12881066E+04,1,0
Cu2Zn1Sn0.5Zr0.5Se4_kesterite,Se_Sn,Charged-2,2544,-.12843262E+04,1,0
Cu2Zn1Sn0.5Zr0.5Se4_kesterite,Se_Sn,Neutral,2542.0000,-.12917965E+04,1,0
Cu2Zn1Sn0.5Zr0.5Se4_kesterite,Sn_Cu,Charged+1,2558,-.13023045E+04,1,0
Cu2Zn1Sn0.5Zr0.5Se4_kesterite,Sn_Cu,Charged+2,2557,-.13059992E+04,1,0
Cu2Zn1Sn0.5Zr0.5Se4_kesterite,Sn_Cu,Charged-1,2560,-.12941158E+04,1,0
Cu2Zn1Sn0.5Zr0.5Se4_kesterite,Sn_Cu,Charged-2,2561,-.12896880E+04,1,0
Cu2Zn1Sn0.5Zr0.5Se4_kesterite,Sn_Cu,Neutral,2559.0000,-.12982378E+04,1,0
Cu2Zn1Sn0.5Zr0.5Se4_kesterite,Sn_Zn,Charged+1,2557,-.13043375E+04,1,0
Cu2Zn1Sn0.5Zr0.5Se4_kesterite,Sn_Zn,Charged+2,2556,-.13082052E+04,1,0
Cu2Zn1Sn0.5Zr0.5Se4_kesterite,Sn_Zn,Charged-1,2559,-.12963148E+04,1,0
Cu2Zn1Sn0.5Zr0.5Se4_kesterite,Sn_Zn,Charged-2,2560,-.12921559E+04,1,0
Cu2Zn1Sn0.5Zr0.5Se4_kesterite,Sn_Zn,Neutral,2558.0000,-.13004289E+04,1,0
Cu2Zn1Sn0.5Zr0.5Se4_kesterite,V_Se,Charged+1,2549,-.12954138E+04,1,0
Cu2Zn1Sn0.5Zr0.5Se4_kesterite,V_Se,Charged+2,2548,-.12993212E+04,1,0
Cu2Zn1Sn0.5Zr0.5Se4_kesterite,V_Se,Charged-1,2551,-.12884143E+04,1,0
Cu2Zn1Sn0.5Zr0.5Se4_kesterite,V_Se,Charged-2,2552,-.12843578E+04,1,0
Cu2Zn1Sn0.5Zr0.5Se4_kesterite,V_Se,Neutral,2550.0000,-.12924293E+04,1,0
Cu2Zn1Sn0.5Zr0.5Se4_kesterite,V_Sn,Charged+1,2541,-.12953875E+04,1,0
Cu2Zn1Sn0.5Zr0.5Se4_kesterite,V_Sn,Charged+2,2540,-.12989358E+04,1,0
Cu2Zn1Sn0.5Zr0.5Se4_kesterite,V_Sn,Charged-1,2543,-.12881058E+04,1,0
Cu2Zn1Sn0.5Zr0.5Se4_kesterite,V_Sn,Charged-2,2544,-.12843251E+04,1,0
Cu2Zn1Sn0.5Zr0.5Se4_kesterite,V_Sn,Neutral,2542.0000,-.12917993E+04,1,0
Cu2Zn1Sn0.5Zr0.5Se4_stannite,Se_Zn,Charged+1,2543,-.12987560E+04,1,0
Cu2Zn1Sn0.5Zr0.5Se4_stannite,Se_Zn,Charged+2,2542,-.13024105E+04,1,0
Cu2Zn1Sn0.5Zr0.5Se4_stannite,Se_Zn,Charged-1,2545,-.12913514E+04,1,0
Cu2Zn1Sn0.5Zr0.5Se4_stannite,Se_Zn,Charged-2,2546,-.12875578E+04,1,0
Cu2Zn1Sn0.5Zr0.5Se4_stannite,Se_Zn,Neutral,2544.0000,-.12950810E+04,1,0
Cu2Zn1Sn0.75Zr0.25S2Se2_kesterite,S_Zn,Charged+1,2561,-.12969384E+04,1,0
Cu2Zn1Sn0.75Zr0.25S2Se2_kesterite,S_Zn,Charged+2,2560,-.13012431E+04,1,0
Cu2Zn1Sn0.75Zr0.25S2Se2_kesterite,S_Zn,Charged-1,2563,-.12882265E+04,1,0
Cu2Zn1Sn0.75Zr0.25S2Se2_kesterite,S_Zn,Charged-2,2564,-.12837831E+04,1,0
Cu2Zn1Sn0.75Zr0.25S2Se2_kesterite,S_Zn,Neutral,2562.0000,-.12926032E+04,1,0
Cu2Zn1Sn0.75Zr0.25S2Se2_kesterite,V_Cu,Charged+1,2562,-.12950951E+04,1,0
Cu2Zn1Sn0.75Zr0.25S2Se2_kesterite,V_Cu,Charged+2,2561,-.12993811E+04,1,0
Cu2Zn1Sn0.75Zr0.25S2Se2_kesterite,V_Cu,Charged-1,2564,-.12864412E+04,1,0
Cu2Zn1Sn0.75Zr0.25S2Se2_kesterite,V_Cu,Charged-2,2565,-.12818198E+04,1,0
Cu2Zn1Sn0.75Zr0.25S2Se2_kesterite,V_Cu,Neutral,2563.0000,-.12907783E+04,1,0
Cu2Zn1Sn0.75Zr0.25S2Se2_kesterite,Zn_Cu,Charged+1,2574,-.12982032E+04,1,0
Cu2Zn1Sn0.75Zr0.25S2Se2_kesterite,Zn_Cu,Charged+2,2573,-.13025695E+04,1,0
Cu2Zn1Sn0.75Zr0.25S2Se2_kesterite,Zn_Cu,Charged-1,2576,-.12889203E+04,1,0
Cu2Zn1Sn0.75Zr0.25S2Se2_kesterite,Zn_Cu,Charged-2,2577,-.12838525E+04,1,0
Cu2Zn1Sn0.75Zr0.25S2Se2_kesterite,Zn_Cu,Neutral,2575.0000,-.12935879E+04,1,0
Cu2Zn1Sn0.75Zr0.25S2Se2_kesterite,Zn_Se,Charged+1,2579,-.12960254E+04,1,0
Cu2Zn1Sn0.75Zr0.25S2Se2_kesterite,Zn_Se,Charged+2,2578,-.13004479E+04,1,0
Cu2Zn1Sn0.75Zr0.25S2Se2_kesterite,Zn_Se,Charged-1,2581,-.12868757E+04,1,0
Cu2Zn1Sn0.75Zr0.25S2Se2_kesterite,Zn_Se,Charged-2,2582,-.12821820E+04,1,0
Cu2Zn1Sn0.75Zr0.25S2Se2_kesterite,Zn_Se,Neutral,2580.0000,-.12915096E+04,1,0
Cu2Zn1Sn0.75Zr0.25S4_kesterite,Cu_S,Charged+1,2578,-.13577703E+04,1,0
Cu2Zn1Sn0.75Zr0.25S4_kesterite,Cu_S,Charged+2,2577,-.13627073E+04,1,0
Cu2Zn1Sn0.75Zr0.25S4_kesterite,Cu_S,Charged-1,2580,-.13468679E+04,1,0
Cu2Zn1Sn0.75Zr0.25S4_kesterite,Cu_S,Charged-2,2581,-.13413631E+04,1,0
Cu2Zn1Sn0.75Zr0.25S4_kesterite,Cu_S,Neutral,2579.0000,-.13523327E+04,1,0
Cu2Zn1Sn0.75Zr0.25S4_kesterite,Zr_Zn,Charged+1,2573,-.13687702E+04,1,0
Cu2Zn1Sn0.75Zr0.25S4_kesterite,Zr_Zn,Charged+2,2572,-.13741106E+04,1,0
Cu2Zn1Sn0.75Zr0.25S4_kesterite,Zr_Zn,Charged-1,2575,-.13578540E+04,1,0
Cu2Zn1Sn0.75Zr0.25S4_kesterite,Zr_Zn,Charged-2,2576,-.13522377E+04,1,0
Cu2Zn1Sn0.75Zr0.25S4_kesterite,Zr_Zn,Neutral,2574.0000,-.13633616E+04,1,0
Cu2Zn1Sn0.75Zr0.25S4_stannite,Cu_i,Charged+1,2584,-.13629463E+04,1,0
Cu2Zn1Sn0.75Zr0.25S4_stannite,Cu_i,Charged+2,2583,-.13679865E+04,1,0
Cu2Zn1Sn0.75Zr0.25S4_stannite,Cu_i,Charged-1,2586,-.13521825E+04,1,0
Cu2Zn1Sn0.75Zr0.25S4_stannite,Cu_i,Charged-2,2587,-.13464895E+04,1,0
Cu2Zn1Sn0.75Zr0.25S4_stannite,Cu_i,Neutral,2585.0000,-.13575845E+04,1,0
Cu2Zn1Sn0.75Zr0.25S4_stannite,Sn_Zn,Charged+1,2561,-.13561101E+04,1,0
Cu2Zn1Sn0.75Zr0.25S4_stannite,Sn_Zn,Charged+2,2560,-.13610005E+04,1,0
Cu2Zn1Sn0.75Zr0.25S4_stannite,Sn_Zn,Charged-1,2563,-.13462063E+04,1,0
Cu2Zn1Sn0.75Zr0.25S4_stannite,Sn_Zn,Charged-2,2564,-.13411825E+04,1,0
Cu2Zn1Sn0.75Zr0.25S4_stannite,Sn_Zn,Neutral,2562.0000,-.13511770E+04,1,0
Cu2Zn1Sn0.75Zr0.25Se4_kesterite,Cu_Zn,Charged+1,2561,-.12398983E+04,1,0
Cu2Zn1Sn0.75Zr0.25Se4_kesterite,Cu_Zn,Charged+2,2560,-.12436333E+04,1,0
Cu2Zn1Sn0.75Zr0.25Se4_kesterite,Cu_Zn,Charged-1,2563,-.12323324E+04,1,0
Cu2Zn1Sn0.75Zr0.25Se4_kesterite,Cu_Zn,Charged-2,2564,-.12284978E+04,1,0
Cu2Zn1Sn0.75Zr0.25Se4_kesterite,Cu_Zn,Neutral,2562.0000,-.12361314E+04,1,0
Cu2Zn1Sn0.75Zr0.25Se4_kesterite,V_Zn,Charged+1,2561,-.12399010E+04,1,0
Cu2Zn1Sn0.75Zr0.25Se4_kesterite,V_Zn,Charged+2,2560,-.12436373E+04,1,0
Cu2Zn1Sn0.75Zr0.25Se4_kesterite,V_Zn,Charged-1,2563,-.12323297E+04,1,0
Cu2Zn1Sn0.75Zr0.25Se4_kesterite,V_Zn,Charged-2,2564,-.12284889E+04,1,0
Cu2Zn1Sn0.75Zr0.25Se4_kesterite,V_Zn,Neutral,2562.0000,-.12361284E+04,1,0
Cu2Zn1Sn0.75Zr0.25Se4_stannite,Se_Zr,Charged+1,2561,-.12289883E+04,1,0
Cu2Zn1Sn0.75Zr0.25Se4_stannite,Se_Zr,Charged+2,2560,-.12327726E+04,1,0
Cu2Zn1Sn0.75Zr0.25Se4_stannite,Se_Zr,Charged-1,2563,-.12213073E+04,1,0
Cu2Zn1Sn0.75Zr0.25Se4_stannite,Se_Zr,Charged-2,2564,-.12174370E+04,1,0
Cu2Zn1Sn0.75Zr0.25Se4_stannite,Se_Zr,Neutral,2562.0000,-.12251644E+04,1,0
Cu2Zn1Sn0.75Zr0.25Se4_stannite,Sn_Zn,Charged+1,2561,-.12393221E+04,1,0
Cu2Zn1Sn0.75Zr0.25Se4_stannite,Sn_Zn,Charged+2,2560,-.12431148E+04,1,0
Cu2Zn1Sn0.75Zr0.25Se4_stannite,Sn_Zn,Charged-1,2563,-.12316720E+04,1,0
Cu2Zn1Sn0.75Zr0.25Se4_stannite,Sn_Zn,Charged-2,2564,-.12278058E+04,1,0
Cu2Zn1Sn0.75Zr0.25Se4_stannite,Sn_Zn,Neutral,2562.0000,-.12355042E+04,1,0
Cu2Zn1Sn1S2Se2_kesterite,Cu_Se,Charged+1,2596,-.12350665E+04,1,0
Cu2Zn1Sn1S2Se2_kesterite,Cu_Se,Charged+2,2595,-.12395939E+04,1,0
Cu2Zn1Sn1S2Se2_kesterite,Cu_Se,Charged-1,2598,-.12259744E+04,1,0
Cu2Zn1Sn1S2Se2_kesterite,Cu_Se,Charged-2,2599,-.12213198E+04,1,0
Cu2Zn1Sn1S2Se2_kesterite,Cu_Se,Neutral,2597.0000,-.12305442E+04,1,0
Cu2Zn1Sn1S2Se2_kesterite,Se_Zn,Charged+1,2579,-.12338831E+04,1,0
Cu2Zn1Sn1S2Se2_kesterite,Se_Zn,Charged+2,2578,-.12383672E+04,1,0
Cu2Zn1Sn1S2Se2_kesterite,Se_Zn,Charged-1,2581,-.12248680E+04,1,0
Cu2Zn1Sn1S2Se2_kesterite,Se_Zn,Charged-2,2582,-.12203205E+04,1,0
Cu2Zn1Sn1S2Se2_kesterite,Se_Zn,Neutral,2580.0000,-.12293877E+04,1,0
Cu2Zn1Sn1S2Se2_kesterite,Zn_Se,Charged+1,2597,-.12327534E+04,1,0
Cu2Zn1Sn1S2Se2_kesterite,Zn_Se,Charged+2,2596,-.12372775E+04,1,0
Cu2Zn1Sn1S2Se2_kesterite,Zn_Se,Charged-1,2599,-.12236292E+04,1,0
Cu2Zn1Sn1S2Se2_kesterite,Zn_Se,Charged-2,2600,-.12189805E+04,1,0
Cu2Zn1Sn1S2Se2_kesterite,Zn_Se,Neutral,2598.0000,-.12282099E+04,1,0
Cu2Zn1Sn1S2Se2_stannite,Cu_i,Charged+1,2602,-.12390179E+04,1,0
Cu2Zn1Sn1S2Se2_stannite,Cu_i,Charged+2,2601,-.12436484E+04,1,0
Cu2Zn1Sn1S2Se2_stannite,Cu_i,Charged-1,2604,-.12296519E+04,1,0
Cu2Zn1Sn1S2Se2_stannite,Cu_i,Charged-2,2605,-.12247747E+04,1,0
Cu2Zn1Sn1S2Se2_stannite,Cu_i,Neutral,2603.0000,-.12343581E+04,1,0
Cu2Zn1Sn1S2Se2_stannite,S_Se,Charged+1,2591,-.12367670E+04,1,0
Cu2Zn1Sn1S2Se2_stannite,S_Se,Charged+2,2590,-.12413383E+04,1,0
Cu2Zn1Sn1S2Se2_stannite,S_Se,Charged-1,2593,-.12275356E+04,1,0
Cu2Zn1Sn1S2Se2_stannite,S_Se,Charged-2,2594,-.12228572E+04,1,0
Cu2Zn1Sn1S2Se2_stannite,S_Se,Neutral,2592.0000,-.12321678E+04,1,0
Cu2Zn1Sn1S2Se2_stannite,Se_Sn,Charged+1,2583,-.12333361E+04,1,0
Cu2Zn1Sn1S2Se2_stannite,Se_Sn,Charged+2,2582,-.12378877E+04,1,0
Cu2Zn1Sn1S2Se2_stannite,Se_Sn,Charged-1,2585,-.12241439E+04,1,0
Cu2Zn1Sn1S2Se2_stannite,Se_Sn,Charged-2,2586,-.12194921E+04,1,0
Cu2Zn1Sn1S2Se2_stannite,Se_Sn,Neutral,2584.0000,-.12287564E+04,1,0
Cu2Zn1Sn1S2Se2_stannite,V_Sn,Charged+1,2577,-.12289498E+04,1,0
Cu2Zn1Sn1S2Se2_stannite,V_Sn,Charged+2,2576,-.12333493E+04,1,0
Cu2Zn1Sn1S2Se2_stannite,V_Sn,Charged-1,2579,-.12199762E+04,1,0
Cu2Zn1Sn1S2Se2_stannite,V_Sn,Charged-2,2580,-.12153913E+04,1,0
Cu2Zn1Sn1S2Se2_stannite,V_Sn,Neutral,2578.0000,-.12244990E+04,1,0
Cu2Zn1Sn1S4_kesterite,Cu_Zn,Charged+1,2579,-.12903245E+04,1,0
Cu2Zn1Sn1S4_kesterite,Cu_Zn,Charged+2,2578,-.12953881E+04,1,0
Cu2Zn1Sn1S4_kesterite,Cu_Zn,Charged-1,2581,-.12801080E+04,1,0
Cu2Zn1Sn1S4_kesterite,Cu_Zn,Charged-2,2582,-.12749380E+04,1,0
Cu2Zn1Sn1S4_kesterite,Cu_Zn,Neutral,2580.0000,-.12852265E+04,1,0
Cu2Zn1Sn1S4_kesterite,S_Zn,Charged+1,2579,-.12903234E+04,1,0
Cu2Zn1Sn1S4_kesterite,S_Zn,Charged+2,2578,-.12953790E+04,1,0
Cu2Zn1Sn1S4_kesterite,S_Zn,Charged-1,2581,-.12801094E+04,1,0
Cu2Zn1Sn1S4_kesterite,S_Zn,Charged-2,2582,-.12749425E+04,1,0
Cu2Zn1Sn1S4_kesterite,S_Zn,Neutral,2580.0000,-.12852334E+04,1,0
Cu2Zn1Sn1S4_kesterite,Sn_S,Charged+1,2599,-.12913896E+04,1,0
Cu2Zn1Sn1S4_kesterite,Sn_S,Charged+2,2598,-.12966183E+04,1,0
Cu2Zn1Sn1S4_kesterite,Sn_S,Charged-1,2601,-.12807776E+04,1,0
Cu2Zn1Sn1S4_kesterite,Sn_S,Charged-2,2602,-.12753941E+04,1,0
Cu2Zn1Sn1S4_kesterite,Sn_S,Neutral,2600.0000,-.12861055E+04,1,0
Cu2Zn1Sn1S4_kesterite,Zn_S,Charged+1,2597,-.12887708E+04,1,0
Cu2Zn1Sn1S4_kesterite,Zn_S,Charged+2,2596,-.12939558E+04,1,0
Cu2Zn1Sn1S4_kesterite,Zn_S,Charged-1,2599,-.12782392E+04,1,0
Cu2Zn1Sn1S4_kesterite,Zn_S,Charged-2,2600,-.12729118E+04,1,0
Cu2Zn1Sn1S4_kesterite,Zn_S,Neutral,2598.0000,-.12835207E+04,1,0
Cu2Zn1Sn1S4_stannite,Sn_Cu,Charged+1,2594,-.12916947E+04,1,0
Cu2Zn1Sn1S4_stannite,Sn_Cu,Charged+2,2593,-.12969742E+04,1,0
Cu2Zn1Sn1S4_stannite,Sn_Cu,Charged-1,2596,-.12810389E+04,1,0
Cu2Zn1Sn1S4_stannite,Sn_Cu,Charged-2,2597,-.12750715E+04,1,0
Cu2Zn1Sn1S4_stannite,Sn_Cu,Neutral,2595.0000,-.12863829E+04,1,0
Cu2Zn1Sn1S4_stannite,V_Cu,Charged+1,2580,-.12883454E+04,1,0
Cu2Zn1Sn1S4_stannite,V_Cu,Charged+2,2579,-.12934700E+04,1,0
Cu2Zn1Sn1S4_stannite,V_Cu,Charged-1,2582,-.12779865E+04,1,0
Cu2Zn1Sn1S4_stannite,V_Cu,Charged-2,2583,-.12727722E+04,1,0
Cu2Zn1Sn1S4_stannite,V_Cu,Neutral,2581.0000,-.12831796E+04,1,0
Cu2Zn1Sn1S4_stannite,Zn_Cu,Charged+1,2592,-.12911180E+04,1,0
Cu2Zn1Sn1S4_stannite,Zn_Cu,Charged+2,2591,-.12963310E+04,1,0
Cu2Zn1Sn1S4_stannite,Zn_Cu,Charged-1,2594,-.12806124E+04,1,0
Cu2Zn1Sn1S4_stannite,Zn_Cu,Charged-2,2595,-.12747007E+04,1,0
Cu2Zn1Sn1S4_stannite,Zn_Cu,Neutral,2593.0000,-.12858864E+04,1,0
Cu2Zn1Sn1S4_stannite,Zn_Sn,Charged+1,2589,-.12908068E+04,1,0
Cu2Zn1Sn1S4_stannite,Zn_Sn,Charged+2,2588,-.12959276E+04,1,0
Cu2Zn1Sn1S4_stannite,Zn_Sn,Charged-1,2591,-.12804599E+04,1,0
Cu2Zn1Sn1S4_stannite,Zn_Sn,Charged-2,2592,-.12752496E+04,1,0
Cu2Zn1Sn1S4_stannite,Zn_Sn,Neutral,2590.0000,-.12856464E+04,1,0
Cu2Zn1Sn1Se4_kesterite,Cu_i,Charged+1,2602,-.11870438E+04,1,0
Cu2Zn1Sn1Se4_kesterite,Cu_i,Charged+2,2601,-.11910517E+04,1,0
Cu2Zn1Sn1Se4_kesterite,Cu_i,Charged-1,2604,-.11789442E+04,1,0
Cu2Zn1Sn1Se4_kesterite,Cu_i,Charged-2,2605,-.11745288E+04,1,0
Cu2Zn1Sn1Se4_kesterite,Cu_i,Neutral,2603.0000,-.11830130E+04,1,0
Cu2Zn1Sn1Se4_kesterite,Sn_Cu,Charged+1,2594,-.11825281E+04,1,0
Cu2Zn1Sn1Se4_kesterite,Sn_Cu,Charged+2,2593,-.11865480E+04,1,0
Cu2Zn1Sn1Se4_kesterite,Sn_Cu,Charged-1,2596,-.11744186E+04,1,0
Cu2Zn1Sn1Se4_kesterite,Sn_Cu,Charged-2,2597,-.11699042E+04,1,0
Cu2Zn1Sn1Se4_kesterite,Sn_Cu,Neutral,2595.0000,-.11785059E+04,1,0
Cu2Zn1Sn1Se4_kesterite,Sn_Se,Charged+1,2599,-.11823231E+04,1,0
Cu2Zn1Sn1Se4_kesterite,Sn_Se,Charged+2,2598,-.11863252E+04,1,0
Cu2Zn1Sn1Se4_kesterite,Sn_Se,Charged-1,2601,-.11741913E+04,1,0
Cu2Zn1Sn1Se4_kesterite,Sn_Se,Charged-2,2602,-.11700256E+04,1,0
Cu2Zn1Sn1Se4_kesterite,Sn_Se,Neutral,2600.0000,-.11782867E+04,1,0
Cu2Zn1Sn1Se4_stannite,Sn_Se,Charged+1,2599,-.11817453E+04,1,0
Cu2Zn1Sn1Se4_stannite,Sn_Se,Charged+2,2598,-.11857899E+04,1,0
Cu2Zn1Sn1Se4_stannite,Sn_Se,Charged-1,2601,-.11735430E+04,1,0
Cu2Zn1Sn1Se4_stannite,Sn_Se,Charged-2,2602,-.11693798E+04,1,0
Cu2Zn1Sn1Se4_stannite,Sn_Se,Neutral,2600.0000,-.11776567E+04,1,0
Cu2Zn1Sn1Se4_stannite,V_Se,Charged+1,2585,-.11773920E+04,1,0
Cu2Zn1Sn1Se4_stannite,V_Se,Charged+2,2584,-.11813752E+04,1,0
Cu2Zn1Sn1Se4_stannite,V_Se,Charged-1,2587,-.11693445E+04,1,0
Cu2Zn1Sn1Se4_stannite,V_Se,Charged-2,2588,-.11652685E+04,1,0
Cu2Zn1Sn1Se4_stannite,V_Se,Neutral,2586.0000,-.11733874E+04,1,0
Cu2Zn1Zr1S2Se2_kesterite,Se_Cu,Charged+1,2514,-.14875510E+04,1,0
Cu2Zn1Zr1S2Se2_kesterite,Se_Cu,Charged+2,2513,-.14915186E+04,1,0
Cu2Zn1Zr1S2Se2_kesterite,Se_Cu,Charged-1,2516,-.14799563E+04,1,0
Cu2Zn1Zr1S2Se2_kesterite,Se_Cu,Charged-2,2517,-.14750984E+04,1,0
Cu2Zn1Zr1S2Se2_kesterite,Se_Cu,Neutral,2515.0000,-.14839047E+04,1,0
Cu2Zn1Zr1S2Se2_kesterite,Se_i,Charged+1,2525,-.14926242E+04,1,0
Cu2Zn1Zr1S2Se2_kesterite,Se_i,Charged+2,2524,-.14964850E+04,1,0
Cu2Zn1Zr1S2Se2_kesterite,Se_i,Charged-1,2527,-.14840328E+04,1,0
Cu2Zn1Zr1S2Se2_kesterite,Se_i,Charged-2,2528,-.14793319E+04,1,0
Cu2Zn1Zr1S2Se2_kesterite,Se_i,Neutral,2526.0000,-.14886622E+04,1,0
Cu2Zn1Zr1S4_kesterite,Cu_Zn,Charged+1,2507,-.15542355E+04,1,0
Cu2Zn1Zr1S4_kesterite,Cu_Zn,Charged+2,2506,-.15585786E+04,1,0
Cu2Zn1Zr1S4_kesterite,Cu_Zn,Charged-1,2509,-.15454678E+04,1,0
Cu2Zn1Zr1S4_kesterite,Cu_Zn,Charged-2,2510,-.15409826E+04,1,0
Cu2Zn1Zr1S4_kesterite,Cu_Zn,Neutral,2508.0000,-.15498745E+04,1,0
Cu2Zn1Zr1S4_stannite,S_Cu,Charged+1,2508,-.15531630E+04,1,0
Cu2Zn1Zr1S4_stannite,S_Cu,Charged+2,2507,-.15576056E+04,1,0
Cu2Zn1Zr1S4_stannite,S_Cu,Charged-1,2510,-.15442416E+04,1,0
Cu2Zn1Zr1S4_stannite,S_Cu,Charged-2,2511,-.15388115E+04,1,0
Cu2Zn1Zr1S4_stannite,S_Cu,Neutral,2509.0000,-.15487145E+04,1,0
Cu2Zn1Zr1S4_stannite,S_Zn,Charged+1,2507,-.15544916E+04,1,0
Cu2Zn1Zr1S4_stannite,S_Zn,Charged+2,2506,-.15589041E+04,1,0
Cu2Zn1Zr1S4_stannite,S_Zn,Charged-1,2509,-.15455196E+04,1,0
Cu2Zn1Zr1S4_stannite,S_Zn,Charged-2,2510,-.15409033E+04,1,0
Cu2Zn1Zr1S4_stannite,S_Zn,Neutral,2508.0000,-.15500344E+04,1,0
Cu2Zn1Zr1S4_stannite,V_S,Charged+1,2513,-.15508360E+04,1,0
Cu2Zn1Zr1S4_stannite,V_S,Charged+2,2512,-.15559271E+04,1,0
Cu2Zn1Zr1S4_stannite,V_S,Charged-1,2515,-.15413556E+04,1,0
Cu2Zn1Zr1S4_stannite,V_S,Charged-2,2516,-.15358579E+04,1,0
Cu2Zn1Zr1S4_stannite,V_S,Neutral,2514.0000,-.15468101E+04,1,0
Cu2Zn1Zr1S4_stannite,Zn_Zr,Charged+1,2507,-.15430291E+04,1,0
Cu2Zn1Zr1S4_stannite,Zn_Zr,Charged+2,2506,-.15474545E+04,1,0
Cu2Zn1Zr1S4_stannite,Zn_Zr,Charged-1,2509,-.15339920E+04,1,0
Cu2Zn1Zr1S4_stannite,Zn_Zr,Charged-2,2510,-.15291953E+04,1,0
Cu2Zn1Zr1S4_stannite,Zn_Zr,Neutral,2508.0000,-.15385545E+04,1,0
Cu2Zn1Zr1S4_stannite,Zn_i,Charged+1,2531,-.15590750E+04,1,0
Cu2Zn1Zr1S4_stannite,Zn_i,Charged+2,2530,-.15644633E+04,1,0
Cu2Zn1Zr1S4_stannite,Zn_i,Charged-1,2533,-.15484775E+04,1,0
Cu2Zn1Zr1S4_stannite,Zn_i,Charged-2,2534,-.15429118E+04,1,0
Cu2Zn1Zr1S4_stannite,Zn_i,Neutral,2532.0000,-.15539916E+04,1,0
Cu2Zn1Zr1S4_stannite,Zr_S,Charged+1,2525,-.15614010E+04,1,0
Cu2Zn1Zr1S4_stannite,Zr_S,Charged+2,2524,-.15652381E+04,1,0
Cu2Zn1Zr1S4_stannite,Zr_S,Charged-1,2527,-.15504962E+04,1,0
Cu2Zn1Zr1S4_stannite,Zr_S,Charged-2,2528,-.15448607E+04,1,0
Cu2Zn1Zr1S4_stannite,Zr_S,Neutral,2526.0000,-.15547595E+04,1,0
Cu2Zn1Zr1Se4_kesterite,Zr_Se,Charged+1,2525,-.14246941E+04,1,0
Cu2Zn1Zr1Se4_kesterite,Zr_Se,Charged+2,2524,-.14280251E+04,1,0
Cu2Zn1Zr1Se4_kesterite,Zr_Se,Charged-1,2527,-.14170949E+04,1,0
Cu2Zn1Zr1Se4_kesterite,Zr_Se,Charged-2,2528,-.14128469E+04,1,0
Cu2Zn1Zr1Se4_kesterite,Zr_Se,Neutral,2526.0000,-.14205221E+04,1,0
Cu2Zn1Zr1Se4_stannite,Se_Cu,Charged+1,2508,-.14166921E+04,1,0
Cu2Zn1Zr1Se4_stannite,Se_Cu,Charged+2,2507,-.14200518E+04,1,0
Cu2Zn1Zr1Se4_stannite,Se_Cu,Charged-1,2510,-.14098935E+04,1,0
Cu2Zn1Zr1Se4_stannite,Se_Cu,Charged-2,2511,-.14058034E+04,1,0
Cu2Zn1Zr1Se4_stannite,Se_Cu,Neutral,2509.0000,-.14133223E+04,1,0
Cu2Zn1Zr1Se4_stannite,Se_Zn,Charged+1,2507,-.14180515E+04,1,0
Cu2Zn1Zr1Se4_stannite,Se_Zn,Charged+2,2506,-.14213856E+04,1,0
Cu2Zn1Zr1Se4_stannite,Se_Zn,Charged-1,2509,-.14112147E+04,1,0
Cu2Zn1Zr1Se4_stannite,Se_Zn,Charged-2,2510,-.14077276E+04,1,0
Cu2Zn1Zr1Se4_stannite,Se_Zn,Neutral,2508.0000,-.14146461E+04,1,0
Cu2Zn1Zr1Se4_stannite,V_Se,Charged+1,2513,-.14145832E+04,1,0
Cu2Zn1Zr1Se4_stannite,V_Se,Charged+2,2512,-.14185264E+04,1,0
Cu2Zn1Zr1Se4_stannite,V_Se,Charged-1,2515,-.14077069E+04,1,0
Cu2Zn1Zr1Se4_stannite,V_Se,Charged-2,2516,-.14035410E+04,1,0
Cu2Zn1Zr1Se4_stannite,V_Se,Neutral,2514.0000,-.14118144E+04,1,0
K0.5Ag0.5Al0.5Ga0.5S1Te1_kesterite,Ga_Ag,Charged+1,2161,-.11545378E+04,1,0
K0.5Ag0.5Al0.5Ga0.5S1Te1_kesterite,Ga_Ag,Charged+2,2160,-.11614037E+04,1,0
K0.5Ag0.5Al0.5Ga0.5S1Te1_kesterite,Ga_Ag,Charged-1,2163,-.11470586E+04,1,0
K0.5Ag0.5Al0.5Ga0.5S1Te1_kesterite,Ga_Ag,Charged-2,2164,-.11427661E+04,1,0
K0.5Ag0.5Al0.5Ga0.5S1Te1_kesterite,Ga_Ag,Neutral,2162.0000,-.11513168E+04,1,0
K0.5Ag0.5Al0.5Ga0.5S1Te1_kesterite,S_Al,Charged+1,2156,-.11515771E+04,1,0
K0.5Ag0.5Al0.5Ga0.5S1Te1_kesterite,S_Al,Charged+2,2155,-.11544216E+04,1,0
K0.5Ag0.5Al0.5Ga0.5S1Te1_kesterite,S_Al,Charged-1,2158,-.11453519E+04,1,0
K0.5Ag0.5Al0.5Ga0.5S1Te1_kesterite,S_Al,Charged-2,2159,,0,0
K0.5Ag0.5Al0.5Ga0.5S1Te1_kesterite,S_Al,Neutral,2157.0000,-.11488652E+04,1,0
K0.5Ag0.5Al0.5Ga0.5S1Te1_kesterite,Te_S,Charged+1,2159,-.11561395E+04,1,0
K0.5Ag0.5Al0.5Ga0.5S1Te1_kesterite,Te_S,Charged+2,2158,-.11592159E+04,1,0
K0.5Ag0.5Al0.5Ga0.5S1Te1_kesterite,Te_S,Charged-1,2161,-.11485134E+04,1,0
K0.5Ag0.5Al0.5Ga0.5S1Te1_kesterite,Te_S,Charged-2,2162,-.11440058E+04,1,0
K0.5Ag0.5Al0.5Ga0.5S1Te1_kesterite,Te_S,Neutral,2160.0000,-.11529420E+04,1,0
K0.5Ag0.5Al0.5In0.5S2_kesterite,Al_K,Charged+1,2150,-.12650657E+04,1,0
K0.5Ag0.5Al0.5In0.5S2_kesterite,Al_K,Charged+2,2149,-.12679575E+04,1,0
K0.5Ag0.5Al0.5In0.5S2_kesterite,Al_K,Charged-1,2152,-.12593637E+04,1,0
K0.5Ag0.5Al0.5In0.5S2_kesterite,Al_K,Charged-2,2153,-.12549893E+04,1,0
K0.5Ag0.5Al0.5In0.5S2_kesterite,Al_K,Neutral,2151.0000,-.12622059E+04,1,0
K0.5Ag0.5Al0.5In0.5S2_kesterite,Al_S,Charged+1,2156,-.12656732E+04,1,0
K0.5Ag0.5Al0.5In0.5S2_kesterite,Al_S,Charged+2,2155,-.12695086E+04,1,0
K0.5Ag0.5Al0.5In0.5S2_kesterite,Al_S,Charged-1,2158,-.12595612E+04,1,0
K0.5Ag0.5Al0.5In0.5S2_kesterite,Al_S,Charged-2,2159,-.12550791E+04,1,0
K0.5Ag0.5Al0.5In0.5S2_kesterite,Al_S,Neutral,2157.0000,-.12613877E+04,1,0
K0.5Ag0.5Al0.5In0.5S2_kesterite,S_Al,Charged+1,2156,-.12592982E+04,1,0
K0.5Ag0.5Al0.5In0.5S2_kesterite,S_Al,Charged+2,2155,-.12622027E+04,1,0
K0.5Ag0.5Al0.5In0.5S2_kesterite,S_Al,Charged-1,2158,-.12530848E+04,1,0
K0.5Ag0.5Al0.5In0.5S2_kesterite,S_Al,Charged-2,2159,-.12527223E+04,0,0
K0.5Ag0.5Al0.5In0.5S2_kesterite,S_Al,Neutral,2157.0000,-.12573437E+04,1,0
K0.5Ag0.5Al1S1Te1_kesterite,Ag_K,Charged+1,1790,-.12047722E+04,1,0
K0.5Ag0.5Al1S1Te1_kesterite,Ag_K,Charged+2,1789,-.12079124E+04,1,0
K0.5Ag0.5Al1S1Te1_kesterite,Ag_K,Charged-1,1792,-.11984882E+04,1,0
K0.5Ag0.5Al1S1Te1_kesterite,Ag_K,Charged-2,1793,-.11937703E+04,1,0
K0.5Ag0.5Al1S1Te1_kesterite,Ag_K,Neutral,1791.0000,-.12016934E+04,1,0
K0.5Ag0.5Al1S1Te1_kesterite,Al_Te,Charged+1,1796,-.12109766E+04,1,0
K0.5Ag0.5Al1S1Te1_kesterite,Al_Te,Charged+2,1795,-.12150459E+04,1,0
K0.5Ag0.5Al1S1Te1_kesterite,Al_Te,Charged-1,1798,-.12015629E+04,1,0
K0.5Ag0.5Al1S1Te1_kesterite,Al_Te,Charged-2,1799,-.11971142E+04,1,0
K0.5Ag0.5Al1S1Te1_kesterite,Al_Te,Neutral,1797.0000,-.12062199E+04,1,0
K0.5Ag0.5Al1S1Te1_kesterite,Al_i,Charged+1,1802,-.12116270E+04,1,0
K0.5Ag0.5Al1S1Te1_kesterite,Al_i,Charged+2,1801,-.12190787E+04,1,0
K0.5Ag0.5Al1S1Te1_kesterite,Al_i,Charged-1,1804,-.12061596E+04,1,0
K0.5Ag0.5Al1S1Te1_kesterite,Al_i,Charged-2,1805,-.12012965E+04,1,0
K0.5Ag0.5Al1S1Te1_kesterite,Al_i,Neutral,1803.0000,-.12103649E+04,1,0
K0.5Ag0.5Al1S1Te1_kesterite,S_Ag,Charged+1,1794,-.12114497E+04,1,0
K0.5Ag0.5Al1S1Te1_kesterite,S_Ag,Charged+2,1793,-.12152367E+04,0,0
K0.5Ag0.5Al1S1Te1_kesterite,S_Ag,Charged-1,1796,-.12067746E+04,1,0
K0.5Ag0.5Al1S1Te1_kesterite,S_Ag,Charged-2,1797,-.12009742E+04,0,0
K0.5Ag0.5Al1S1Te1_kesterite,S_Ag,Neutral,1795.0000,-.12037957E+04,1,0
K0.5Ag0.5Al1S1Te1_kesterite,S_Te,Charged+1,1799,-.12101173E+04,1,0
K0.5Ag0.5Al1S1Te1_kesterite,S_Te,Charged+2,1798,-.12132177E+04,1,0
K0.5Ag0.5Al1S1Te1_kesterite,S_Te,Charged-1,1801,-.12022626E+04,1,0
K0.5Ag0.5Al1S1Te1_kesterite,S_Te,Charged-2,1802,-.11974912E+04,1,0
K0.5Ag0.5Al1S1Te1_kesterite,S_Te,Neutral,1800.0000,-.12070034E+04,1,0
K0.5Ag0.5Al1S1Te1_stannite,S_Al,Charged+1,1802,-.11979264E+04,0,0
K0.5Ag0.5Al1S1Te1_stannite,S_Al,Charged+2,1801,-.11998552E+04,1,0
K0.5Ag0.5Al1S1Te1_stannite,S_Al,Charged-1,1804,-.11978334E+04,1,0
K0.5Ag0.5Al1S1Te1_stannite,S_Al,Charged-2,1805,-.11831924E+04,1,0
K0.5Ag0.5Al1S1Te1_stannite,S_Al,Neutral,1803.0000,-.11960025E+04,0,0
K0.5Ag0.5Al1S1Te1_stannite,V_S,Charged+1,1793,-.11917059E+04,1,0
K0.5Ag0.5Al1S1Te1_stannite,V_S,Charged+2,1792,-.11956472E+04,1,0
K0.5Ag0.5Al1S1Te1_stannite,V_S,Charged-1,1795,-.11832670E+04,1,0
K0.5Ag0.5Al1S1Te1_stannite,V_S,Charged-2,1796,-.11789092E+04,1,0
K0.5Ag0.5Al1S1Te1_stannite,V_S,Neutral,1794.0000,-.11875658E+04,1,0
K0.5Ag0.5Al1S2_kesterite,Al_Ag,Charged+1,1791,-.13596551E+04,1,0
K0.5Ag0.5Al1S2_kesterite,Al_Ag,Charged+2,1790,-.13673102E+04,1,0
K0.5Ag0.5Al1S2_kesterite,Al_Ag,Charged-1,1793,-.13540255E+04,1,0
K0.5Ag0.5Al1S2_kesterite,Al_Ag,Charged-2,1794,-.13488237E+04,1,0
K0.5Ag0.5Al1S2_kesterite,Al_Ag,Neutral,1792.0000,-.13592886E+04,1,0
K0.5Ag0.5Al1Se1Te1_kesterite,Al_Ag,Charged+1,1791,-.11639036E+04,1,0
K0.5Ag0.5Al1Se1Te1_kesterite,Al_Ag,Charged+2,1790,-.11677292E+04,1,0
K0.5Ag0.5Al1Se1Te1_kesterite,Al_Ag,Charged-1,1793,-.11558053E+04,1,0
K0.5Ag0.5Al1Se1Te1_kesterite,Al_Ag,Charged-2,1794,-.11514074E+04,1,0
K0.5Ag0.5Al1Se1Te1_kesterite,Al_Ag,Neutral,1792.0000,-.11601433E+04,1,0
K0.5Ag0.5Al1Se1Te1_kesterite,Al_Te,Charged+1,1796,-.11617189E+04,1,0
K0.5Ag0.5Al1Se1Te1_kesterite,Al_Te,Charged+2,1795,-.11648582E+04,1,0
K0.5Ag0.5Al1Se1Te1_kesterite,Al_Te,Charged-1,1798,-.11545727E+04,1,0
K0.5Ag0.5Al1Se1Te1_kesterite,Al_Te,Charged-2,1799,-.11502453E+04,1,0
K0.5Ag0.5Al1Se1Te1_kesterite,Al_Te,Neutral,1797.0000,-.11582645E+04,1,0
K0.5Ag0.5Al1Se1Te1_kesterite,K_Te,Charged+1,1802,-.11612633E+04,1,0
K0.5Ag0.5Al1Se1Te1_kesterite,K_Te,Charged+2,1801,-.11641337E+04,1,0
K0.5Ag0.5Al1Se1Te1_kesterite,K_Te,Charged-1,1804,-.11525466E+04,1,0
K0.5Ag0.5Al1Se1Te1_kesterite,K_Te,Charged-2,1805,-.11480955E+04,1,0
K0.5Ag0.5Al1Se1Te1_kesterite,K_Te,Neutral,1803.0000,-.11569444E+04,1,0
K0.5Ag0.5Al1Se1Te1_kesterite,Se_Te,Charged+1,1799,-.11639730E+04,1,0
K0.5Ag0.5Al1Se1Te1_kesterite,Se_Te,Charged+2,1798,-.11667624E+04,1,0
K0.5Ag0.5Al1Se1Te1_kesterite,Se_Te,Charged-1,1801,-.11568605E+04,1,0
K0.5Ag0.5Al1Se1Te1_kesterite,Se_Te,Charged-2,1802,-.11525405E+04,1,0
K0.5Ag0.5Al1Se1Te1_kesterite,Se_Te,Neutral,1800.0000,-.11611379E+04,1,0
K0.5Ag0.5Al1Se1Te1_kesterite,Te_Al,Charged+1,1796,-.11562254E+04,1,0
K0.5Ag0.5Al1Se1Te1_kesterite,Te_Al,Charged+2,1795,-.11590415E+04,1,0
K0.5Ag0.5Al1Se1Te1_kesterite,Te_Al,Charged-1,1798,-.11500580E+04,1,0
K0.5Ag0.5Al1Se1Te1_kesterite,Te_Al,Charged-2,1799,-.11461035E+04,1,0
K0.5Ag0.5Al1Se1Te1_kesterite,Te_Al,Neutral,1797.0000,-.11533793E+04,1,0
K0.5Ag0.5Al1Se1Te1_kesterite,Te_Se,Charged+1,1799,-.11618252E+04,1,0
K0.5Ag0.5Al1Se1Te1_kesterite,Te_Se,Charged+2,1798,-.11646671E+04,1,0
K0.5Ag0.5Al1Se1Te1_kesterite,Te_Se,Charged-1,1801,-.11546489E+04,1,0
K0.5Ag0.5Al1Se1Te1_kesterite,Te_Se,Charged-2,1802,-.11502814E+04,1,0
K0.5Ag0.5Al1Se1Te1_kesterite,Te_Se,Neutral,1800.0000,-.11589697E+04,1,0
K0.5Ag0.5Al1Se1Te1_kesterite,Te_i,Charged+1,1805,-.11660025E+04,1,0
K0.5Ag0.5Al1Se1Te1_kesterite,Te_i,Charged+2,1804,-.11687703E+04,1,0
K0.5Ag0.5Al1Se1Te1_kesterite,Te_i,Charged-1,1807,-.11584557E+04,1,0
K0.5Ag0.5Al1Se1Te1_kesterite,Te_i,Charged-2,1808,-.11559848E+04,1,0
K0.5Ag0.5Al1Se1Te1_kesterite,Te_i,Neutral,1806.0000,-.11629925E+04,1,0
K0.5Ag0.5Al1Se1Te1_kesterite,V_K,Charged+1,1790,-.11595811E+04,1,0
K0.5Ag0.5Al1Se1Te1_kesterite,V_K,Charged+2,1789,-.11623764E+04,1,0
K0.5Ag0.5Al1Se1Te1_kesterite,V_K,Charged-1,1792,-.11539387E+04,1,0
K0.5Ag0.5Al1Se1Te1_kesterite,V_K,Charged-2,1793,-.11496754E+04,1,0
K0.5Ag0.5Al1Se1Te1_kesterite,V_K,Neutral,1791.0000,-.11567666E+04,1,0
K0.5Ag0.5Al1Se1Te1_stannite,Se_Ag,Charged+1,1794,-.11565415E+04,1,0
K0.5Ag0.5Al1Se1Te1_stannite,Se_Ag,Charged+2,1793,-.11598384E+04,1,0
K0.5Ag0.5Al1Se1Te1_stannite,Se_Ag,Charged-1,1796,-.11489705E+04,1,0
K0.5Ag0.5Al1Se1Te1_stannite,Se_Ag,Charged-2,1797,-.11450367E+04,1,0
K0.5Ag0.5Al1Se1Te1_stannite,Se_Ag,Neutral,1795.0000,-.11527933E+04,1,0
K0.5Ag0.5Al1Se2_kesterite,Ag_Al,Charged+1,1807,-.12294019E+04,1,0
K0.5Ag0.5Al1Se2_kesterite,Ag_Al,Charged+2,1806,-.12311677E+04,1,0
K0.5Ag0.5Al1Se2_kesterite,Ag_Al,Charged-1,1809,-.12240080E+04,1,0
K0.5Ag0.5Al1Se2_kesterite,Ag_Al,Charged-2,1810,-.12227526E+04,1,0
K0.5Ag0.5Al1Se2_kesterite,Ag_Al,Neutral,1808.0000,-.12273072E+04,1,0
K0.5Ag0.5Al1Se2_stannite,V_Ag,Charged+1,1788,-.12214214E+04,1,0
K0.5Ag0.5Al1Se2_stannite,V_Ag,Charged+2,1787,-.12241571E+04,1,0
K0.5Ag0.5Al1Se2_stannite,V_Ag,Charged-1,1790,-.12158173E+04,1,0
K0.5Ag0.5Al1Se2_stannite,V_Ag,Charged-2,1791,-.12123193E+04,1,0
K0.5Ag0.5Al1Se2_stannite,V_Ag,Neutral,1789.0000,-.12186655E+04,1,0
K0.5Ag0.5Al1Se2_stannite,V_K,Charged+1,1790,-.12224411E+04,1,0
K0.5Ag0.5Al1Se2_stannite,V_K,Charged+2,1789,-.12251312E+04,1,0
K0.5Ag0.5Al1Se2_stannite,V_K,Charged-1,1792,-.12168694E+04,1,0
K0.5Ag0.5Al1Se2_stannite,V_K,Charged-2,1793,-.12133790E+04,1,0
K0.5Ag0.5Al1Se2_stannite,V_K,Neutral,1791.0000,-.12196926E+04,1,0
K0.5Ag0.5Al1Se2_stannite,V_Se,Charged+1,1793,-.12180027E+04,1,0
K0.5Ag0.5Al1Se2_stannite,V_Se,Charged+2,1792,-.12218812E+04,1,0
K0.5Ag0.5Al1Se2_stannite,V_Se,Charged-1,1795,-.12118397E+04,1,0
K0.5Ag0.5Al1Se2_stannite,V_Se,Charged-2,1796,-.12082640E+04,1,0
K0.5Ag0.5Al1Se2_stannite,V_Se,Neutral,1794.0000,-.12153766E+04,1,0
K0.5Ag0.5Al1Te2_kesterite,Al_Ag,Charged+1,1791,-.10890850E+04,1,0
K0.5Ag0.5Al1Te2_kesterite,Al_Ag,Charged+2,1790,-.10944908E+04,0,0
K0.5Ag0.5Al1Te2_kesterite,Al_Ag,Charged-1,1793,-.10815269E+04,1,0
K0.5Ag0.5Al1Te2_kesterite,Al_Ag,Charged-2,1794,-.10774822E+04,1,0
K0.5Ag0.5Al1Te2_kesterite,Al_Ag,Neutral,1792.0000,-.10857388E+04,1,0
K0.5Ag0.5Al1Te2_kesterite,K_i,Charged+1,1808,-.10930766E+04,1,0
K0.5Ag0.5Al1Te2_kesterite,K_i,Charged+2,1807,-.10966042E+04,0,0
K0.5Ag0.5Al1Te2_kesterite,K_i,Charged-1,1810,-.10846693E+04,0,0
K0.5Ag0.5Al1Te2_kesterite,K_i,Charged-2,1811,,0,0
K0.5Ag0.5Al1Te2_kesterite,K_i,Neutral,1809.0000,-.10890109E+04,1,0
K0.5Ag0.5Al1Te2_kesterite,Te_K,Charged+1,1790,-.10850324E+04,0,0
K0.5Ag0.5Al1Te2_kesterite,Te_K,Charged+2,1789,-.10873564E+04,0,0
K0.5Ag0.5Al1Te2_kesterite,Te_K,Charged-1,1792,-.10768937E+04,1,0
K0.5Ag0.5Al1Te2_kesterite,Te_K,Charged-2,1793,-.10727664E+04,1,0
K0.5Ag0.5Al1Te2_kesterite,Te_K,Neutral,1791.0000,-.10808228E+04,1,0
K0.5Ag0.5Al1Te2_stannite,Ag_i,Charged+1,1810,-.10926599E+04,1,0
K0.5Ag0.5Al1Te2_stannite,Ag_i,Charged+2,1809,-.10963120E+04,1,0
K0.5Ag0.5Al1Te2_stannite,Ag_i,Charged-1,1812,-.10841687E+04,1,0
K0.5Ag0.5Al1Te2_stannite,Ag_i,Charged-2,1813,-.10792942E+04,1,0
K0.5Ag0.5Al1Te2_stannite,Ag_i,Neutral,1811.0000,-.10884360E+04,1,0
K0.5Ag0.5Al1Te2_stannite,Te_K,Charged+1,1790,-.10868579E+04,1,0
K0.5Ag0.5Al1Te2_stannite,Te_K,Charged+2,1789,-.10904403E+04,1,0
K0.5Ag0.5Al1Te2_stannite,Te_K,Charged-1,1792,-.10797329E+04,1,0
K0.5Ag0.5Al1Te2_stannite,Te_K,Charged-2,1793,-.10755156E+04,1,0
K0.5Ag0.5Al1Te2_stannite,Te_K,Neutral,1791.0000,-.10832811E+04,1,0
K0.5Ag0.5Al1Te2_stannite,V_Al,Charged+1,1796,-.10829507E+04,1,0
K0.5Ag0.5Al1Te2_stannite,V_Al,Charged+2,1795,-.10864895E+04,1,0
K0.5Ag0.5Al1Te2_stannite,V_Al,Charged-1,1798,-.10756956E+04,1,0
K0.5Ag0.5Al1Te2_stannite,V_Al,Charged-2,1799,-.10724935E+04,1,0
K0.5Ag0.5Al1Te2_stannite,V_Al,Neutral,1797.0000,-.10793481E+04,1,0
K0.5Ag0.5Ga0.5In0.5S1Se1_kesterite,Ag_Se,Charged+1,2524,-.11533735E+04,1,0
K0.5Ag0.5Ga0.5In0.5S1Se1_kesterite,Ag_Se,Charged+2,2523,,0,0
K0.5Ag0.5Ga0.5In0.5S1Se1_kesterite,Ag_Se,Charged-1,2526,-.11462077E+04,1,0
K0.5Ag0.5Ga0.5In0.5S1Se1_kesterite,Ag_Se,Charged-2,2527,-.11423911E+04,1,0
K0.5Ag0.5Ga0.5In0.5S1Se1_kesterite,Ag_Se,Neutral,2525.0000,-.11506703E+04,0,0
K0.5Ag0.5Ga0.5In0.5S1Se1_kesterite,Ga_Se,Charged+1,2526,,0,0
K0.5Ag0.5Ga0.5In0.5S1Se1_kesterite,Ga_Se,Charged+2,2525,-.11585281E+04,1,0
K0.5Ag0.5Ga0.5In0.5S1Se1_kesterite,Ga_Se,Charged-1,2528,-.11460171E+04,1,0
K0.5Ag0.5Ga0.5In0.5S1Se1_kesterite,Ga_Se,Charged-2,2529,-.11421886E+04,1,0
K0.5Ag0.5Ga0.5In0.5S1Se1_kesterite,Ga_Se,Neutral,2527.0000,-.11498361E+04,1,0
K0.5Ag0.5Ga0.5In0.5S1Se1_kesterite,In_S,Charged+1,2526,,0,0
K0.5Ag0.5Ga0.5In0.5S1Se1_kesterite,In_S,Charged+2,2525,-.11584257E+04,1,0
K0.5Ag0.5Ga0.5In0.5S1Se1_kesterite,In_S,Charged-1,2528,-.11472942E+04,1,0
K0.5Ag0.5Ga0.5In0.5S1Se1_kesterite,In_S,Charged-2,2529,-.11434993E+04,0,0
K0.5Ag0.5Ga0.5In0.5S1Se1_kesterite,In_S,Neutral,2527.0000,-.11512457E+04,0,0
K0.5Ag0.5Ga0.5In0.5S1Se1_kesterite,In_i,Charged+1,2532,,0,0
K0.5Ag0.5Ga0.5In0.5S1Se1_kesterite,In_i,Charged+2,2531,,0,0
K0.5Ag0.5Ga0.5In0.5S1Se1_kesterite,In_i,Charged-1,2534,-.11512302E+04,1,0
K0.5Ag0.5Ga0.5In0.5S1Se1_kesterite,In_i,Charged-2,2535,-.11468990E+04,1,0
K0.5Ag0.5Ga0.5In0.5S1Se1_kesterite,In_i,Neutral,2533.0000,,0,0
K0.5Ag0.5Ga0.5In0.5S1Se1_kesterite,K_S,Charged+1,2522,-.11550393E+04,1,0
K0.5Ag0.5Ga0.5In0.5S1Se1_kesterite,K_S,Charged+2,2521,-.11577350E+04,1,0
K0.5Ag0.5Ga0.5In0.5S1Se1_kesterite,K_S,Charged-1,2524,-.11469663E+04,0,0
K0.5Ag0.5Ga0.5In0.5S1Se1_kesterite,K_S,Charged-2,2525,,0,0
K0.5Ag0.5Ga0.5In0.5S1Se1_kesterite,K_S,Neutral,2523.0000,-.11512805E+04,1,0
K0.5Ag0.5Ga0.5In0.5S1Se1_kesterite,S_In,Charged+1,2506,,0,0
K0.5Ag0.5Ga0.5In0.5S1Se1_kesterite,S_In,Charged+2,2505,,0,0
K0.5Ag0.5Ga0.5In0.5S1Se1_kesterite,S_In,Charged-1,2508,-.11453328E+04,1,0
K0.5Ag0.5Ga0.5In0.5S1Se1_kesterite,S_In,Charged-2,2509,,0,0
K0.5Ag0.5Ga0.5In0.5S1Se1_kesterite,S_In,Neutral,2507.0000,-.11491182E+04,1,0
K0.5Ag0.5Ga0.5In0.5S1Se1_kesterite,Se_In,Charged+1,2506,,0,0
K0.5Ag0.5Ga0.5In0.5S1Se1_kesterite,Se_In,Charged+2,2505,,0,0
K0.5Ag0.5Ga0.5In0.5S1Se1_kesterite,Se_In,Charged-1,2508,-.11453800E+04,1,0
K0.5Ag0.5Ga0.5In0.5S1Se1_kesterite,Se_In,Charged-2,2509,,0,0
K0.5Ag0.5Ga0.5In0.5S1Se1_kesterite,Se_In,Neutral,2507.0000,,0,0
K0.5Ag0.5Ga1S2_kesterite,Ag_S,Charged+1,2524,,0,0
K0.5Ag0.5Ga1S2_kesterite,Ag_S,Charged+2,2523,-.12369055E+04,1,0
K0.5Ag0.5Ga1S2_kesterite,Ag_S,Charged-1,2526,-.12291795E+04,0,0
K0.5Ag0.5Ga1S2_kesterite,Ag_S,Charged-2,2527,-.12245621E+04,0,0
K0.5Ag0.5Ga1S2_kesterite,Ag_S,Neutral,2525.0000,-.12310245E+04,1,0
K0.5Ag0.5Ga1S2_kesterite,S_K,Charged+1,2510,,0,0
K0.5Ag0.5Ga1S2_kesterite,S_K,Charged+2,2509,,0,0
K0.5Ag0.5Ga1S2_kesterite,S_K,Charged-1,2512,-.12314089E+04,1,0
K0.5Ag0.5Ga1S2_kesterite,S_K,Charged-2,2513,,0,0
K0.5Ag0.5Ga1S2_kesterite,S_K,Neutral,2511.0000,-.12330349E+04,0,0
K0.5Ag0.5Ga1S2_kesterite,V_S,Charged+1,2513,,0,0
K0.5Ag0.5Ga1S2_kesterite,V_S,Charged+2,2512,,0,0
K0.5Ag0.5Ga1S2_kesterite,V_S,Charged-1,2515,-.12172142E+04,1,0
K0.5Ag0.5Ga1S2_kesterite,V_S,Charged-2,2516,-.12224402E+04,0,0
K0.5Ag0.5Ga1S2_kesterite,V_S,Neutral,2514.0000,-.12306260E+04,0,0
K0.5Ag0.5Ga1S2_stannite,K_Ga,Charged+1,2515,-.12286059E+04,1,0
K0.5Ag0.5Ga1S2_stannite,K_Ga,Charged+2,2514,-.12319032E+04,1,0
K0.5Ag0.5Ga1S2_stannite,K_Ga,Charged-1,2517,-.12218315E+04,1,0
K0.5Ag0.5Ga1S2_stannite,K_Ga,Charged-2,2518,-.12182204E+04,1,0
K0.5Ag0.5Ga1S2_stannite,K_Ga,Neutral,2516.0000,-.12252026E+04,1,0
K0.5Ag0.5Ga1S2_stannite,K_i,Charged+1,2528,-.12327463E+04,1,0
K0.5Ag0.5Ga1S2_stannite,K_i,Charged+2,2527,-.12362075E+04,1,0
K0.5Ag0.5Ga1S2_stannite,K_i,Charged-1,2530,-.12245154E+04,1,0
K0.5Ag0.5Ga1S2_stannite,K_i,Charged-2,2531,-.12198315E+04,1,0
K0.5Ag0.5Ga1S2_stannite,K_i,Neutral,2529.0000,-.12286634E+04,1,0
K0.5Ag0.5Ga1S2_stannite,S_Ga,Charged+1,2506,-.12243267E+04,0,0
K0.5Ag0.5Ga1S2_stannite,S_Ga,Charged+2,2505,,0,0
K0.5Ag0.5Ga1S2_stannite,S_Ga,Charged-1,2508,-.12180265E+04,1,0
K0.5Ag0.5Ga1S2_stannite,S_Ga,Charged-2,2509,-.12144835E+04,1,0
K0.5Ag0.5Ga1S2_stannite,S_Ga,Neutral,2507.0000,-.12213473E+04,1,0
K0.5Ag0.5Ga1S2_stannite,V_K,Charged+1,2510,,0,0
K0.5Ag0.5Ga1S2_stannite,V_K,Charged+2,2509,-.12320453E+04,1,0
K0.5Ag0.5Ga1S2_stannite,V_K,Charged-1,2512,-.12220127E+04,1,0
K0.5Ag0.5Ga1S2_stannite,V_K,Charged-2,2513,-.12179457E+04,1,0
K0.5Ag0.5Ga1S2_stannite,V_K,Neutral,2511.0000,-.12254291E+04,1,0
K0.5Ag1.5Sr1Zr1S4_kesterite,Ag_i,Charged+1,2422,-.15479195E+04,1,0
K0.5Ag1.5Sr1Zr1S4_kesterite,Ag_i,Charged+2,2421,-.15503584E+04,1,0
K0.5Ag1.5Sr1Zr1S4_kesterite,Ag_i,Charged-1,2424,-.15403185E+04,1,0
K0.5Ag1.5Sr1Zr1S4_kesterite,Ag_i,Charged-2,2425,-.15363402E+04,1,0
K0.5Ag1.5Sr1Zr1S4_kesterite,Ag_i,Neutral,2423.0000,-.15441000E+04,1,0
K0.5Ag1.5Sr1Zr1S4_kesterite,Sr_i,Charged+1,2421,-.15508845E+04,0,0
K0.5Ag1.5Sr1Zr1S4_kesterite,Sr_i,Charged+2,2420,-.15545855E+04,1,0
K0.5Ag1.5Sr1Zr1S4_kesterite,Sr_i,Charged-1,2423,-.15432155E+04,0,0
K0.5Ag1.5Sr1Zr1S4_kesterite,Sr_i,Charged-2,2424,,0,0
K0.5Ag1.5Sr1Zr1S4_kesterite,Sr_i,Neutral,2422.0000,-.15469321E+04,1,0
K0.5Ag1.5Sr1Zr1S4_kesterite,Zr_K,Charged+1,2402,-.15404143E+04,1,0
K0.5Ag1.5Sr1Zr1S4_kesterite,Zr_K,Charged+2,2401,-.15427356E+04,1,0
K0.5Ag1.5Sr1Zr1S4_kesterite,Zr_K,Charged-1,2404,-.15356612E+04,1,0
K0.5Ag1.5Sr1Zr1S4_kesterite,Zr_K,Charged-2,2405,-.15318549E+04,1,0
K0.5Ag1.5Sr1Zr1S4_kesterite,Zr_K,Neutral,2403.0000,-.15380356E+04,1,0
K0.5Ag1.5Sr1Zr1S4_stannite,Ag_S,Charged+1,2416,-.15535671E+04,1,0
K0.5Ag1.5Sr1Zr1S4_stannite,Ag_S,Charged+2,2415,-.15581914E+04,0,0
K0.5Ag1.5Sr1Zr1S4_stannite,Ag_S,Charged-1,2418,-.15450861E+04,1,0
K0.5Ag1.5Sr1Zr1S4_stannite,Ag_S,Charged-2,2419,-.15405754E+04,1,0
K0.5Ag1.5Sr1Zr1S4_stannite,Ag_S,Neutral,2417.0000,-.15494050E+04,1,0
K0.5Ag1.5Sr1Zr1S4_stannite,S_Sr,Charged+1,2401,-.15499634E+04,1,0
K0.5Ag1.5Sr1Zr1S4_stannite,S_Sr,Charged+2,2400,-.15538676E+04,0,0
K0.5Ag1.5Sr1Zr1S4_stannite,S_Sr,Charged-1,2403,,0,0
K0.5Ag1.5Sr1Zr1S4_stannite,S_Sr,Charged-2,2404,-.15424117E+04,1,0
K0.5Ag1.5Sr1Zr1S4_stannite,S_Sr,Neutral,2402.0000,,0,0
K0.5Cs0.5Al0.5Ga0.5S1Te1_kesterite,Cs_K,Charged+1,2087,-.11589309E+04,1,0
K0.5Cs0.5Al0.5Ga0.5S1Te1_kesterite,Cs_K,Charged+2,2086,-.11610230E+04,1,0
K0.5Cs0.5Al0.5Ga0.5S1Te1_kesterite,Cs_K,Charged-1,2089,-.11526937E+04,1,0
K0.5Cs0.5Al0.5Ga0.5S1Te1_kesterite,Cs_K,Charged-2,2090,-.11485378E+04,1,0
K0.5Cs0.5Al0.5Ga0.5S1Te1_kesterite,Cs_K,Neutral,2088.0000,-.11567863E+04,1,0
K0.5Cs0.5Al0.5Ga0.5S1Te1_kesterite,Cs_Te,Charged+1,2090,-.11543788E+04,0,0
K0.5Cs0.5Al0.5Ga0.5S1Te1_kesterite,Cs_Te,Charged+2,2089,,0,0
K0.5Cs0.5Al0.5Ga0.5S1Te1_kesterite,Cs_Te,Charged-1,2092,-.11442363E+04,0,0
K0.5Cs0.5Al0.5Ga0.5S1Te1_kesterite,Cs_Te,Charged-2,2093,-.11453417E+04,1,0
K0.5Cs0.5Al0.5Ga0.5S1Te1_kesterite,Cs_Te,Neutral,2091.0000,,0,0
K0.5Cs0.5Al0.5Ga0.5S1Te1_kesterite,S_K,Charged+1,2078,-.11551957E+04,1,0
K0.5Cs0.5Al0.5Ga0.5S1Te1_kesterite,S_K,Charged+2,2077,-.11572647E+04,1,0
K0.5Cs0.5Al0.5Ga0.5S1Te1_kesterite,S_K,Charged-1,2080,-.11509446E+04,1,0
K0.5Cs0.5Al0.5Ga0.5S1Te1_kesterite,S_K,Charged-2,2081,,0,0
K0.5Cs0.5Al0.5Ga0.5S1Te1_kesterite,S_K,Neutral,2079.0000,-.11530976E+04,1,0
K0.5Cs0.5Al0.5Ga0.5S1Te1_kesterite,Te_Al,Charged+1,2090,-.11573148E+04,1,0
K0.5Cs0.5Al0.5Ga0.5S1Te1_kesterite,Te_Al,Charged+2,2089,-.11594698E+04,1,0
K0.5Cs0.5Al0.5Ga0.5S1Te1_kesterite,Te_Al,Charged-1,2092,-.11505471E+04,1,0
K0.5Cs0.5Al0.5Ga0.5S1Te1_kesterite,Te_Al,Charged-2,2093,-.11469581E+04,1,0
K0.5Cs0.5Al0.5Ga0.5S1Te1_kesterite,Te_Al,Neutral,2091.0000,,0,0
K0.5Cs0.5Al0.5Ga0.5S1Te1_kesterite,Te_K,Charged+1,2078,-.11551866E+04,1,0
K0.5Cs0.5Al0.5Ga0.5S1Te1_kesterite,Te_K,Charged+2,2077,,0,0
K0.5Cs0.5Al0.5Ga0.5S1Te1_kesterite,Te_K,Charged-1,2080,-.11509499E+04,1,0
K0.5Cs0.5Al0.5Ga0.5S1Te1_kesterite,Te_K,Charged-2,2081,-.11468800E+04,1,0
K0.5Cs0.5Al0.5Ga0.5S1Te1_kesterite,Te_K,Neutral,2079.0000,-.11531059E+04,1,0
K0.5Cs0.5Al0.5Ga0.5S1Te1_kesterite,V_K,Charged+1,2078,-.11551942E+04,1,0
K0.5Cs0.5Al0.5Ga0.5S1Te1_kesterite,V_K,Charged+2,2077,-.11572824E+04,0,0
K0.5Cs0.5Al0.5Ga0.5S1Te1_kesterite,V_K,Charged-1,2080,-.11509424E+04,1,0
K0.5Cs0.5Al0.5Ga0.5S1Te1_kesterite,V_K,Charged-2,2081,-.11468782E+04,1,0
K0.5Cs0.5Al0.5Ga0.5S1Te1_kesterite,V_K,Neutral,2079.0000,-.11530939E+04,1,0
K0.5Cs0.5Al0.5In0.5S1Se1_kesterite,Cs_In,Charged+1,2083,,0,0
K0.5Cs0.5Al0.5In0.5S1Se1_kesterite,Cs_In,Charged+2,2082,,0,0
K0.5Cs0.5Al0.5In0.5S1Se1_kesterite,Cs_In,Charged-1,2085,,0,0
K0.5Cs0.5Al0.5In0.5S1Se1_kesterite,Cs_In,Charged-2,2086,,0,0
K0.5Cs0.5Al0.5In0.5S1Se1_kesterite,Cs_In,Neutral,2084.0000,,0,0
K0.5Cs0.5Al0.5In0.5S1Se1_kesterite,K_i,Charged+1,2096,-.12164530E+04,0,0
K0.5Cs0.5Al0.5In0.5S1Se1_kesterite,K_i,Charged+2,2095,,0,0
K0.5Cs0.5Al0.5In0.5S1Se1_kesterite,K_i,Charged-1,2098,,0,0
K0.5Cs0.5Al0.5In0.5S1Se1_kesterite,K_i,Charged-2,2099,-.12066013E+04,0,0
K0.5Cs0.5Al0.5In0.5S1Se1_kesterite,K_i,Neutral,2097.0000,-.12123685E+04,0,0
K0.5Cs0.5Al0.5In0.5S1Se1_kesterite,S_In,Charged+1,2080,,0,0
K0.5Cs0.5Al0.5In0.5S1Se1_kesterite,S_In,Charged+2,2079,-.12145027E+04,1,0
K0.5Cs0.5Al0.5In0.5S1Se1_kesterite,S_In,Charged-1,2082,-.12077129E+04,1,0
K0.5Cs0.5Al0.5In0.5S1Se1_kesterite,S_In,Charged-2,2083,,0,0
K0.5Cs0.5Al0.5In0.5S1Se1_kesterite,S_In,Neutral,2081.0000,,0,0
K0.5Cs0.5Al0.5In0.5S1Se1_kesterite,S_Se,Charged+1,2087,-.12143155E+04,1,0
K0.5Cs0.5Al0.5In0.5S1Se1_kesterite,S_Se,Charged+2,2086,-.12159053E+04,1,0
K0.5Cs0.5Al0.5In0.5S1Se1_kesterite,S_Se,Charged-1,2089,-.12088432E+04,1,0
K0.5Cs0.5Al0.5In0.5S1Se1_kesterite,S_Se,Charged-2,2090,,0,0
K0.5Cs0.5Al0.5In0.5S1Se1_kesterite,S_Se,Neutral,2088.0000,-.12126842E+04,1,0
K0.5Cs0.5Al0.5In0.5S1Se1_kesterite,V_Se,Charged+1,2081,-.12077347E+04,1,0
K0.5Cs0.5Al0.5In0.5S1Se1_kesterite,V_Se,Charged+2,2080,-.12111373E+04,0,0
K0.5Cs0.5Al0.5In0.5S1Se1_kesterite,V_Se,Charged-1,2083,,0,0
K0.5Cs0.5Al0.5In0.5S1Se1_kesterite,V_Se,Charged-2,2084,-.11975749E+04,1,0
K0.5Cs0.5Al0.5In0.5S1Se1_kesterite,V_Se,Neutral,2082.0000,-.12052734E+04,1,0
K0.5Cs0.5Al0.5In0.5S1Se1_stannite,Cs_Al,Charged+1,2093,,0,0
K0.5Cs0.5Al0.5In0.5S1Se1_stannite,Cs_Al,Charged+2,2092,-.11782514E+04,0,0
K0.5Cs0.5Al0.5In0.5S1Se1_stannite,Cs_Al,Charged-1,2095,-.11728997E+04,0,0
K0.5Cs0.5Al0.5In0.5S1Se1_stannite,Cs_Al,Charged-2,2096,-.11712759E+04,1,0
K0.5Cs0.5Al0.5In0.5S1Se1_stannite,Cs_Al,Neutral,2094.0000,,0,0
K0.5Cs0.5Al0.5In0.5S1Se1_stannite,Cs_i,Charged+1,2096,,0,0
K0.5Cs0.5Al0.5In0.5S1Se1_stannite,Cs_i,Charged+2,2095,,0,0
K0.5Cs0.5Al0.5In0.5S1Se1_stannite,Cs_i,Charged-1,2098,,0,0
K0.5Cs0.5Al0.5In0.5S1Se1_stannite,Cs_i,Charged-2,2099,,0,0
K0.5Cs0.5Al0.5In0.5S1Se1_stannite,Cs_i,Neutral,2097.0000,,0,0
K0.5Cs0.5Al0.5In0.5S1Se1_stannite,In_Cs,Charged+1,2078,,0,0
K0.5Cs0.5Al0.5In0.5S1Se1_stannite,In_Cs,Charged+2,2077,,0,0
K0.5Cs0.5Al0.5In0.5S1Se1_stannite,In_Cs,Charged-1,2080,,0,0
K0.5Cs0.5Al0.5In0.5S1Se1_stannite,In_Cs,Charged-2,2081,-.11772876E+04,0,0
K0.5Cs0.5Al0.5In0.5S1Se1_stannite,In_Cs,Neutral,2079.0000,,0,0
K0.5Cs0.5Al0.5In0.5S1Se1_stannite,K_Al,Charged+1,2093,,0,0
K0.5Cs0.5Al0.5In0.5S1Se1_stannite,K_Al,Charged+2,2092,-.11793681E+04,0,0
K0.5Cs0.5Al0.5In0.5S1Se1_stannite,K_Al,Charged-1,2095,-.11733175E+04,0,0
K0.5Cs0.5Al0.5In0.5S1Se1_stannite,K_Al,Charged-2,2096,-.11711308E+04,1,0
K0.5Cs0.5Al0.5In0.5S1Se1_stannite,K_Al,Neutral,2094.0000,-.11753857E+04,0,0
K0.5Cs0.5Al0.5In0.5S1Se1_stannite,K_S,Charged+1,2090,-.11787698E+04,0,0
K0.5Cs0.5Al0.5In0.5S1Se1_stannite,K_S,Charged+2,2089,,0,0
K0.5Cs0.5Al0.5In0.5S1Se1_stannite,K_S,Charged-1,2092,-.11726573E+04,0,0
K0.5Cs0.5Al0.5In0.5S1Se1_stannite,K_S,Charged-2,2093,,0,0
K0.5Cs0.5Al0.5In0.5S1Se1_stannite,K_S,Neutral,2091.0000,,0,0
K0.5Cs0.5Al0.5In0.5S1Se1_stannite,K_i,Charged+1,2096,-.11838867E+04,1,0
K0.5Cs0.5Al0.5In0.5S1Se1_stannite,K_i,Charged+2,2095,,0,0
K0.5Cs0.5Al0.5In0.5S1Se1_stannite,K_i,Charged-1,2098,-.11777865E+04,0,0
K0.5Cs0.5Al0.5In0.5S1Se1_stannite,K_i,Charged-2,2099,-.11745843E+04,1,0
K0.5Cs0.5Al0.5In0.5S1Se1_stannite,K_i,Neutral,2097.0000,-.11808631E+04,0,0
K0.5Cs0.5Al0.5In0.5S1Se1_stannite,V_Se,Charged+1,2081,,0,0
K0.5Cs0.5Al0.5In0.5S1Se1_stannite,V_Se,Charged+2,2080,,0,0
K0.5Cs0.5Al0.5In0.5S1Se1_stannite,V_Se,Charged-1,2083,,0,0
K0.5Cs0.5Al0.5In0.5S1Se1_stannite,V_Se,Charged-2,2084,-.11679941E+04,1,0
K0.5Cs0.5Al0.5In0.5S1Se1_stannite,V_Se,Neutral,2082.0000,-.11740729E+04,1,0
K0.5Cs0.5Al1Se2_kesterite,Al_Se,Charged+1,1724,-.12324891E+04,1,0
K0.5Cs0.5Al1Se2_kesterite,Al_Se,Charged+2,1723,-.12345531E+04,1,0
K0.5Cs0.5Al1Se2_kesterite,Al_Se,Charged-1,1726,-.12254055E+04,1,0
K0.5Cs0.5Al1Se2_kesterite,Al_Se,Charged-2,1727,-.12216095E+04,1,0
K0.5Cs0.5Al1Se2_kesterite,Al_Se,Neutral,1725.0000,-.12291006E+04,1,0
K0.5Cs0.5Al1Se2_kesterite,K_i,Charged+1,1736,,0,0
K0.5Cs0.5Al1Se2_kesterite,K_i,Charged+2,1735,-.12379865E+04,1,0
K0.5Cs0.5Al1Se2_kesterite,K_i,Charged-1,1738,-.12285170E+04,1,0
K0.5Cs0.5Al1Se2_kesterite,K_i,Charged-2,1739,,0,0
K0.5Cs0.5Al1Se2_kesterite,K_i,Neutral,1737.0000,-.12325622E+04,1,0
K0.5Cs0.5Al1Te2_kesterite,Al_Te,Charged+1,1724,-.10871083E+04,1,0
K0.5Cs0.5Al1Te2_kesterite,Al_Te,Charged+2,1723,-.10898215E+04,1,0
K0.5Cs0.5Al1Te2_kesterite,Al_Te,Charged-1,1726,-.10787200E+04,1,0
K0.5Cs0.5Al1Te2_kesterite,Al_Te,Charged-2,1727,-.10738321E+04,0,0
K0.5Cs0.5Al1Te2_kesterite,Al_Te,Neutral,1725.0000,-.10829564E+04,0,0
K0.5Cs0.5Al1Te2_stannite,Cs_K,Charged+1,1727,-.10486511E+04,1,0
K0.5Cs0.5Al1Te2_stannite,Cs_K,Charged+2,1726,,0,0
K0.5Cs0.5Al1Te2_stannite,Cs_K,Charged-1,1729,-.10423835E+04,0,0
K0.5Cs0.5Al1Te2_stannite,Cs_K,Charged-2,1730,,0,0
K0.5Cs0.5Al1Te2_stannite,Cs_K,Neutral,1728.0000,,0,0
K0.5Cs0.5Al1Te2_stannite,K_i,Charged+1,1736,-.10506058E+04,1,0
K0.5Cs0.5Al1Te2_stannite,K_i,Charged+2,1735,-.10534104E+04,1,0
K0.5Cs0.5Al1Te2_stannite,K_i,Charged-1,1738,-.10437574E+04,1,0
K0.5Cs0.5Al1Te2_stannite,K_i,Charged-2,1739,-.10400853E+04,1,0
K0.5Cs0.5Al1Te2_stannite,K_i,Neutral,1737.0000,-.10471927E+04,1,0
K0.5Cs1Ag0.5Mg1Ge1Se4_kesterite,Cs_Ag,Charged+1,2121,,0,0
K0.5Cs1Ag0.5Mg1Ge1Se4_kesterite,Cs_Ag,Charged+2,2120,,0,0
K0.5Cs1Ag0.5Mg1Ge1Se4_kesterite,Cs_Ag,Charged-1,2123,,0,0
K0.5Cs1Ag0.5Mg1Ge1Se4_kesterite,Cs_Ag,Charged-2,2124,,0,0
K0.5Cs1Ag0.5Mg1Ge1Se4_kesterite,Cs_Ag,Neutral,2122.0000,-.11247031E+04,0,0
K0.5Cs1Ag0.5Mg1Ge1Se4_kesterite,Ge_Cs,Charged+1,2114,,0,0
K0.5Cs1Ag0.5Mg1Ge1Se4_kesterite,Ge_Cs,Charged+2,2113,-.11227374E+04,0,0
K0.5Cs1Ag0.5Mg1Ge1Se4_kesterite,Ge_Cs,Charged-1,2116,,0,0
K0.5Cs1Ag0.5Mg1Ge1Se4_kesterite,Ge_Cs,Charged-2,2117,,0,0
K0.5Cs1Ag0.5Mg1Ge1Se4_kesterite,Ge_Cs,Neutral,2115.0000,-.11197239E+04,0,0
K0.5Cs1Ag0.5Mg1Ge1Se4_kesterite,Mg_i,Charged+1,2125,,0,0
K0.5Cs1Ag0.5Mg1Ge1Se4_kesterite,Mg_i,Charged+2,2124,-.11290820E+04,0,0
K0.5Cs1Ag0.5Mg1Ge1Se4_kesterite,Mg_i,Charged-1,2127,-.11227734E+04,0,0
K0.5Cs1Ag0.5Mg1Ge1Se4_kesterite,Mg_i,Charged-2,2128,,0,0
K0.5Cs1Ag0.5Mg1Ge1Se4_kesterite,Mg_i,Neutral,2126.0000,-.11242777E+04,0,0
K0.5Cs1Ag0.5Mg1Ge1Se4_kesterite,Se_Ge,Charged+1,2109,,0,0
K0.5Cs1Ag0.5Mg1Ge1Se4_kesterite,Se_Ge,Charged+2,2108,,0,0
K0.5Cs1Ag0.5Mg1Ge1Se4_kesterite,Se_Ge,Charged-1,2111,-.11122648E+04,0,0
K0.5Cs1Ag0.5Mg1Ge1Se4_kesterite,Se_Ge,Charged-2,2112,-.11117812E+04,0,0
K0.5Cs1Ag0.5Mg1Ge1Se4_kesterite,Se_Ge,Neutral,2110.0000,-.11169674E+04,0,0
K0.5Cs1Ag0.5Mg1Ge1Se4_kesterite,V_Cs,Charged+1,2114,-.11192983E+04,0,0
K0.5Cs1Ag0.5Mg1Ge1Se4_kesterite,V_Cs,Charged+2,2113,,0,0
K0.5Cs1Ag0.5Mg1Ge1Se4_kesterite,V_Cs,Charged-1,2116,-.11223085E+04,0,0
K0.5Cs1Ag0.5Mg1Ge1Se4_kesterite,V_Cs,Charged-2,2117,,0,0
K0.5Cs1Ag0.5Mg1Ge1Se4_kesterite,V_Cs,Neutral,2115.0000,,0,0
K0.5Cu0.5Ag1Cd1Ge1S4_stannite,Cd_Ag,Charged+1,2556,-.11985110E+04,1,0
K0.5Cu0.5Ag1Cd1Ge1S4_stannite,Cd_Ag,Charged+2,2555,-.12018199E+04,1,0
K0.5Cu0.5Ag1Cd1Ge1S4_stannite,Cd_Ag,Charged-1,2558,-.11911448E+04,1,0
K0.5Cu0.5Ag1Cd1Ge1S4_stannite,Cd_Ag,Charged-2,2559,-.11866555E+04,1,0
K0.5Cu0.5Ag1Cd1Ge1S4_stannite,Cd_Ag,Neutral,2557.0000,-.11948484E+04,1,0
K0.5Cu0.5Ag1Cd1Ge1S4_stannite,Cd_i,Charged+1,2567,-.11926713E+04,1,0
K0.5Cu0.5Ag1Cd1Ge1S4_stannite,Cd_i,Charged+2,2566,-.11879527E+04,0,0
K0.5Cu0.5Ag1Cd1Ge1S4_stannite,Cd_i,Charged-1,2569,-.11934868E+04,1,0
K0.5Cu0.5Ag1Cd1Ge1S4_stannite,Cd_i,Charged-2,2570,,0,0
K0.5Cu0.5Ag1Cd1Ge1S4_stannite,Cd_i,Neutral,2568.0000,,0,0
K0.5Cu0.5Ag1Cd1Ge1S4_stannite,Cu_K,Charged+1,2546,-.11967569E+04,1,0
K0.5Cu0.5Ag1Cd1Ge1S4_stannite,Cu_K,Charged+2,2545,-.11999573E+04,1,0
K0.5Cu0.5Ag1Cd1Ge1S4_stannite,Cu_K,Charged-1,2548,-.11902389E+04,1,0
K0.5Cu0.5Ag1Cd1Ge1S4_stannite,Cu_K,Charged-2,2549,-.11865555E+04,1,0
K0.5Cu0.5Ag1Cd1Ge1S4_stannite,Cu_K,Neutral,2547.0000,-.11935182E+04,1,0
K0.5Cu0.5Ag1Cd1Ge1S4_stannite,K_Ge,Charged+1,2550,-.11942219E+04,1,0
K0.5Cu0.5Ag1Cd1Ge1S4_stannite,K_Ge,Charged+2,2549,-.11974100E+04,1,0
K0.5Cu0.5Ag1Cd1Ge1S4_stannite,K_Ge,Charged-1,2552,-.11877163E+04,1,0
K0.5Cu0.5Ag1Cd1Ge1S4_stannite,K_Ge,Charged-2,2553,-.11843236E+04,1,0
K0.5Cu0.5Ag1Cd1Ge1S4_stannite,K_Ge,Neutral,2551.0000,-.11910114E+04,1,0
K0.5Cu0.5Ag1Cd1Ge1S4_stannite,V_S,Charged+1,2549,-.11945126E+04,1,0
K0.5Cu0.5Ag1Cd1Ge1S4_stannite,V_S,Charged+2,2548,-.11978002E+04,1,0
K0.5Cu0.5Ag1Cd1Ge1S4_stannite,V_S,Charged-1,2551,-.11874652E+04,1,0
K0.5Cu0.5Ag1Cd1Ge1S4_stannite,V_S,Charged-2,2552,-.11836916E+04,1,0
K0.5Cu0.5Ag1Cd1Ge1S4_stannite,V_S,Neutral,2550.0000,-.11911715E+04,1,0
K0.5Cu0.5Ag1Mg0.5Zn0.5Ge1Se4_kesterite,Cu_Mg,Charged+1,2384,-.11357215E+04,1,0
K0.5Cu0.5Ag1Mg0.5Zn0.5Ge1Se4_kesterite,Cu_Mg,Charged+2,2383,-.11381704E+04,1,0
K0.5Cu0.5Ag1Mg0.5Zn0.5Ge1Se4_kesterite,Cu_Mg,Charged-1,2386,-.11306663E+04,1,0
K0.5Cu0.5Ag1Mg0.5Zn0.5Ge1Se4_kesterite,Cu_Mg,Charged-2,2387,-.11277069E+04,1,0
K0.5Cu0.5Ag1Mg0.5Zn0.5Ge1Se4_kesterite,Cu_Mg,Neutral,2385.0000,-.11332428E+04,1,0
K0.5Cu0.5Ag1Mg0.5Zn0.5Ge1Se4_kesterite,Ge_Cu,Charged+1,2378,-.11358610E+04,1,0
K0.5Cu0.5Ag1Mg0.5Zn0.5Ge1Se4_kesterite,Ge_Cu,Charged+2,2377,-.11383587E+04,1,0
K0.5Cu0.5Ag1Mg0.5Zn0.5Ge1Se4_kesterite,Ge_Cu,Charged-1,2380,-.11297686E+04,1,0
K0.5Cu0.5Ag1Mg0.5Zn0.5Ge1Se4_kesterite,Ge_Cu,Charged-2,2381,-.11262027E+04,1,0
K0.5Cu0.5Ag1Mg0.5Zn0.5Ge1Se4_kesterite,Ge_Cu,Neutral,2379.0000,-.11328365E+04,1,0
K0.5Cu0.5Ag1Mg0.5Zn0.5Ge1Se4_kesterite,Ge_Se,Charged+1,2383,-.11369521E+04,1,0
K0.5Cu0.5Ag1Mg0.5Zn0.5Ge1Se4_kesterite,Ge_Se,Charged+2,2382,-.11401321E+04,1,0
K0.5Cu0.5Ag1Mg0.5Zn0.5Ge1Se4_kesterite,Ge_Se,Charged-1,2385,-.11312443E+04,1,0
K0.5Cu0.5Ag1Mg0.5Zn0.5Ge1Se4_kesterite,Ge_Se,Charged-2,2386,-.11282240E+04,1,0
K0.5Cu0.5Ag1Mg0.5Zn0.5Ge1Se4_kesterite,Ge_Se,Neutral,2384.0000,-.11342197E+04,1,0
K0.5Cu0.5Ag1Mg0.5Zn0.5Ge1Se4_kesterite,Mg_K,Charged+1,2366,-.11332207E+04,1,0
K0.5Cu0.5Ag1Mg0.5Zn0.5Ge1Se4_kesterite,Mg_K,Charged+2,2365,-.11356295E+04,1,0
K0.5Cu0.5Ag1Mg0.5Zn0.5Ge1Se4_kesterite,Mg_K,Charged-1,2368,-.11283473E+04,1,0
K0.5Cu0.5Ag1Mg0.5Zn0.5Ge1Se4_kesterite,Mg_K,Charged-2,2369,-.11253290E+04,1,0
K0.5Cu0.5Ag1Mg0.5Zn0.5Ge1Se4_kesterite,Mg_K,Neutral,2367.0000,-.11307873E+04,1,0
K0.5Cu0.5Ag1Mg0.5Zn0.5Ge1Se4_kesterite,Mg_Zn,Charged+1,2365,-.11368026E+04,1,0
K0.5Cu0.5Ag1Mg0.5Zn0.5Ge1Se4_kesterite,Mg_Zn,Charged+2,2364,-.11392386E+04,1,0
K0.5Cu0.5Ag1Mg0.5Zn0.5Ge1Se4_kesterite,Mg_Zn,Charged-1,2367,-.11313317E+04,1,0
K0.5Cu0.5Ag1Mg0.5Zn0.5Ge1Se4_kesterite,Mg_Zn,Charged-2,2368,-.11282869E+04,1,0
K0.5Cu0.5Ag1Mg0.5Zn0.5Ge1Se4_kesterite,Mg_Zn,Neutral,2366.0000,-.11343294E+04,1,0
K0.5Cu0.5Ag1Mg0.5Zn0.5Ge1Se4_kesterite,Se_Ag,Charged+1,2364,-.11332131E+04,1,0
K0.5Cu0.5Ag1Mg0.5Zn0.5Ge1Se4_kesterite,Se_Ag,Charged+2,2363,-.11354816E+04,1,0
K0.5Cu0.5Ag1Mg0.5Zn0.5Ge1Se4_kesterite,Se_Ag,Charged-1,2366,-.11268482E+04,1,0
K0.5Cu0.5Ag1Mg0.5Zn0.5Ge1Se4_kesterite,Se_Ag,Charged-2,2367,-.11253008E+04,1,0
K0.5Cu0.5Ag1Mg0.5Zn0.5Ge1Se4_kesterite,Se_Ag,Neutral,2365.0000,-.11292169E+04,1,0
K0.5Cu0.5Ag1Mg0.5Zn0.5Ge1Se4_stannite,K_Ag,Charged+1,2373,-.11316395E+04,1,0
K0.5Cu0.5Ag1Mg0.5Zn0.5Ge1Se4_stannite,K_Ag,Charged+2,2372,-.11342937E+04,1,0
K0.5Cu0.5Ag1Mg0.5Zn0.5Ge1Se4_stannite,K_Ag,Charged-1,2375,-.11262707E+04,1,0
K0.5Cu0.5Ag1Mg0.5Zn0.5Ge1Se4_stannite,K_Ag,Charged-2,2376,-.11235188E+04,1,0
K0.5Cu0.5Ag1Mg0.5Zn0.5Ge1Se4_stannite,K_Ag,Neutral,2374.0000,-.11289634E+04,1,0
K0.5Cu0.5Ag1Mg0.5Zn0.5Ge1Se4_stannite,Mg_K,Charged+1,2366,-.11302846E+04,1,0
K0.5Cu0.5Ag1Mg0.5Zn0.5Ge1Se4_stannite,Mg_K,Charged+2,2365,-.11329325E+04,1,0
K0.5Cu0.5Ag1Mg0.5Zn0.5Ge1Se4_stannite,Mg_K,Charged-1,2368,-.11249916E+04,1,0
K0.5Cu0.5Ag1Mg0.5Zn0.5Ge1Se4_stannite,Mg_K,Charged-2,2369,-.11222736E+04,1,0
K0.5Cu0.5Ag1Mg0.5Zn0.5Ge1Se4_stannite,Mg_K,Neutral,2367.0000,-.11276553E+04,1,0
K0.5Cu0.5Ag1Mg0.5Zn0.5Ge1Se4_stannite,Se_Ge,Charged+1,2361,-.11265253E+04,1,0
K0.5Cu0.5Ag1Mg0.5Zn0.5Ge1Se4_stannite,Se_Ge,Charged+2,2360,-.11292327E+04,1,0
K0.5Cu0.5Ag1Mg0.5Zn0.5Ge1Se4_stannite,Se_Ge,Charged-1,2363,-.11210033E+04,1,0
K0.5Cu0.5Ag1Mg0.5Zn0.5Ge1Se4_stannite,Se_Ge,Charged-2,2364,-.11174859E+04,1,0
K0.5Cu0.5Ag1Mg0.5Zn0.5Ge1Se4_stannite,Se_Ge,Neutral,2362.0000,-.11237979E+04,1,0
K0.5Cu0.5Ag1Mg0.5Zn0.5Ge1Se4_stannite,Zn_Cu,Charged+1,2376,-.11313369E+04,1,0
K0.5Cu0.5Ag1Mg0.5Zn0.5Ge1Se4_stannite,Zn_Cu,Charged+2,2375,-.11340014E+04,1,0
K0.5Cu0.5Ag1Mg0.5Zn0.5Ge1Se4_stannite,Zn_Cu,Charged-1,2378,-.11258695E+04,1,0
K0.5Cu0.5Ag1Mg0.5Zn0.5Ge1Se4_stannite,Zn_Cu,Charged-2,2379,-.11225182E+04,1,0
K0.5Cu0.5Ag1Mg0.5Zn0.5Ge1Se4_stannite,Zn_Cu,Neutral,2377.0000,-.11286151E+04,1,0
K0.5Cu0.5Al0.5Ga0.5S1Se1_kesterite,Al_S,Charged+1,2156,-.12626426E+04,1,0
K0.5Cu0.5Al0.5Ga0.5S1Se1_kesterite,Al_S,Charged+2,2155,-.12648345E+04,1,0
K0.5Cu0.5Al0.5Ga0.5S1Se1_kesterite,Al_S,Charged-1,2158,-.12553940E+04,1,0
K0.5Cu0.5Al0.5Ga0.5S1Se1_kesterite,Al_S,Charged-2,2159,-.12512380E+04,1,0
K0.5Cu0.5Al0.5Ga0.5S1Se1_kesterite,Al_S,Neutral,2157.0000,-.12589030E+04,1,0
K0.5Cu0.5Al0.5Ga0.5S1Se1_kesterite,Al_Se,Charged+1,2156,-.12632163E+04,1,0
K0.5Cu0.5Al0.5Ga0.5S1Se1_kesterite,Al_Se,Charged+2,2155,-.12660700E+04,1,0
K0.5Cu0.5Al0.5Ga0.5S1Se1_kesterite,Al_Se,Charged-1,2158,-.12553263E+04,1,0
K0.5Cu0.5Al0.5Ga0.5S1Se1_kesterite,Al_Se,Charged-2,2159,-.12521311E+04,1,0
K0.5Cu0.5Al0.5Ga0.5S1Se1_kesterite,Al_Se,Neutral,2157.0000,-.12590009E+04,1,0
K0.5Cu0.5Al0.5Ga0.5S1Se1_kesterite,Ga_K,Charged+1,2150,-.12613265E+04,1,0
K0.5Cu0.5Al0.5Ga0.5S1Se1_kesterite,Ga_K,Charged+2,2149,-.12630006E+04,1,0
K0.5Cu0.5Al0.5Ga0.5S1Se1_kesterite,Ga_K,Charged-1,2152,-.12557904E+04,1,0
K0.5Cu0.5Al0.5Ga0.5S1Se1_kesterite,Ga_K,Charged-2,2153,-.12519337E+04,1,0
K0.5Cu0.5Al0.5Ga0.5S1Se1_kesterite,Ga_K,Neutral,2151.0000,-.12583970E+04,1,0
K0.5Cu0.5Al0.5Ga0.5S1Se1_kesterite,Ga_i,Charged+1,2172,-.12681258E+04,1,0
K0.5Cu0.5Al0.5Ga0.5S1Se1_kesterite,Ga_i,Charged+2,2171,-.12707730E+04,1,0
K0.5Cu0.5Al0.5Ga0.5S1Se1_kesterite,Ga_i,Charged-1,2174,-.12600401E+04,1,0
K0.5Cu0.5Al0.5Ga0.5S1Se1_kesterite,Ga_i,Charged-2,2175,-.12569055E+04,1,0
K0.5Cu0.5Al0.5Ga0.5S1Se1_kesterite,Ga_i,Neutral,2173.0000,-.12639824E+04,1,0
K0.5Cu0.5Al0.5Ga0.5S1Se1_kesterite,Se_Ga,Charged+1,2152,-.12624479E+04,1,0
K0.5Cu0.5Al0.5Ga0.5S1Se1_kesterite,Se_Ga,Charged+2,2151,-.12651330E+04,1,0
K0.5Cu0.5Al0.5Ga0.5S1Se1_kesterite,Se_Ga,Charged-1,2154,-.12566377E+04,1,0
K0.5Cu0.5Al0.5Ga0.5S1Se1_kesterite,Se_Ga,Charged-2,2155,-.12536031E+04,1,0
K0.5Cu0.5Al0.5Ga0.5S1Se1_kesterite,Se_Ga,Neutral,2153.0000,-.12601248E+04,1,0
K0.5Cu0.5Al0.5Ga0.5S1Se1_stannite,Al_Ga,Charged+1,2149,-.12815778E+04,1,0
K0.5Cu0.5Al0.5Ga0.5S1Se1_stannite,Al_Ga,Charged+2,2148,-.12849912E+04,1,0
K0.5Cu0.5Al0.5Ga0.5S1Se1_stannite,Al_Ga,Charged-1,2151,-.12741886E+04,1,0
K0.5Cu0.5Al0.5Ga0.5S1Se1_stannite,Al_Ga,Charged-2,2152,-.12701916E+04,1,0
K0.5Cu0.5Al0.5Ga0.5S1Se1_stannite,Al_Ga,Neutral,2150.0000,-.12781406E+04,1,0
K0.5Cu0.5Al0.5Ga0.5S1Se1_stannite,Cu_Se,Charged+1,2164,-.12782123E+04,1,0
K0.5Cu0.5Al0.5Ga0.5S1Se1_stannite,Cu_Se,Charged+2,2163,-.12816799E+04,1,0
K0.5Cu0.5Al0.5Ga0.5S1Se1_stannite,Cu_Se,Charged-1,2166,-.12699226E+04,1,0
K0.5Cu0.5Al0.5Ga0.5S1Se1_stannite,Cu_Se,Charged-2,2167,-.12658370E+04,1,0
K0.5Cu0.5Al0.5Ga0.5S1Se1_stannite,Cu_Se,Neutral,2165.0000,-.12742894E+04,1,0
K0.5Cu0.5Al0.5Ga0.5S1Se1_stannite,Ga_K,Charged+1,2150,-.12778020E+04,1,0
K0.5Cu0.5Al0.5Ga0.5S1Se1_stannite,Ga_K,Charged+2,2149,-.12810926E+04,1,0
K0.5Cu0.5Al0.5Ga0.5S1Se1_stannite,Ga_K,Charged-1,2152,-.12710190E+04,1,0
K0.5Cu0.5Al0.5Ga0.5S1Se1_stannite,Ga_K,Charged-2,2153,-.12670780E+04,1,0
K0.5Cu0.5Al0.5Ga0.5S1Se1_stannite,Ga_K,Neutral,2151.0000,-.12744195E+04,1,0
K0.5Cu0.5Al0.5Ga0.5S1Se1_stannite,S_Ga,Charged+1,2152,-.12778250E+04,1,0
K0.5Cu0.5Al0.5Ga0.5S1Se1_stannite,S_Ga,Charged+2,2151,-.12811734E+04,1,0
K0.5Cu0.5Al0.5Ga0.5S1Se1_stannite,S_Ga,Charged-1,2154,-.12711209E+04,1,0
K0.5Cu0.5Al0.5Ga0.5S1Se1_stannite,S_Ga,Charged-2,2155,-.12769341E+04,1,0
K0.5Cu0.5Al0.5Ga0.5S1Se1_stannite,S_Ga,Neutral,2153.0000,-.12841267E+04,1,0
K0.5Cu0.5Al0.5Ga0.5S1Se1_stannite,Se_Cu,Charged+1,2154,-.12773774E+04,1,0
K0.5Cu0.5Al0.5Ga0.5S1Se1_stannite,Se_Cu,Charged+2,2153,-.12806024E+04,1,0
K0.5Cu0.5Al0.5Ga0.5S1Se1_stannite,Se_Cu,Charged-1,2156,-.12702584E+04,1,0
K0.5Cu0.5Al0.5Ga0.5S1Se1_stannite,Se_Cu,Charged-2,2157,-.12639697E+04,1,0
K0.5Cu0.5Al0.5Ga0.5S1Se1_stannite,Se_Cu,Neutral,2155.0000,-.12739241E+04,1,0
K0.5Cu0.5Al0.5Ga0.5S1Se1_stannite,V_S,Charged+1,2153,-.12723800E+04,1,0
K0.5Cu0.5Al0.5Ga0.5S1Se1_stannite,V_S,Charged+2,2152,-.12757312E+04,1,0
K0.5Cu0.5Al0.5Ga0.5S1Se1_stannite,V_S,Charged-1,2155,-.12650185E+04,1,0
K0.5Cu0.5Al0.5Ga0.5S1Se1_stannite,V_S,Charged-2,2156,-.12610273E+04,1,0
K0.5Cu0.5Al0.5Ga0.5S1Se1_stannite,V_S,Neutral,2154.0000,-.12689630E+04,1,0
K0.5Cu0.5Al0.5Ga0.5S2_stannite,Cu_Al,Charged+1,2167,-.13424536E+04,1,0
K0.5Cu0.5Al0.5Ga0.5S2_stannite,Cu_Al,Charged+2,2166,-.13463188E+04,1,0
K0.5Cu0.5Al0.5Ga0.5S2_stannite,Cu_Al,Charged-1,2169,-.13344735E+04,1,0
K0.5Cu0.5Al0.5Ga0.5S2_stannite,Cu_Al,Charged-2,2170,-.13301573E+04,1,0
K0.5Cu0.5Al0.5Ga0.5S2_stannite,Cu_Al,Neutral,2168.0000,-.13385166E+04,1,0
K0.5Cu0.5Al0.5Ga0.5S2_stannite,Ga_Al,Charged+1,2169,-.13432841E+04,1,0
K0.5Cu0.5Al0.5Ga0.5S2_stannite,Ga_Al,Charged+2,2168,-.13472006E+04,1,0
K0.5Cu0.5Al0.5Ga0.5S2_stannite,Ga_Al,Charged-1,2171,-.13346143E+04,1,0
K0.5Cu0.5Al0.5Ga0.5S2_stannite,Ga_Al,Charged-2,2172,-.13298949E+04,1,0
K0.5Cu0.5Al0.5Ga0.5S2_stannite,Ga_Al,Neutral,2170.0000,-.13392930E+04,1,0
K0.5Cu0.5Al0.5Ga0.5S2_stannite,K_Al,Charged+1,2165,-.13407226E+04,1,0
K0.5Cu0.5Al0.5Ga0.5S2_stannite,K_Al,Charged+2,2164,-.13445367E+04,1,0
K0.5Cu0.5Al0.5Ga0.5S2_stannite,K_Al,Charged-1,2167,-.13329200E+04,1,0
K0.5Cu0.5Al0.5Ga0.5S2_stannite,K_Al,Charged-2,2168,-.13287806E+04,1,0
K0.5Cu0.5Al0.5Ga0.5S2_stannite,K_Al,Neutral,2166.0000,-.13368526E+04,1,0
K0.5Cu0.5Al0.5Ga0.5Se1Te1_kesterite,Ga_Cu,Charged+1,2161,-.11443901E+04,1,0
K0.5Cu0.5Al0.5Ga0.5Se1Te1_kesterite,Ga_Cu,Charged+2,2160,-.11478287E+04,1,0
K0.5Cu0.5Al0.5Ga0.5Se1Te1_kesterite,Ga_Cu,Charged-1,2163,-.11372320E+04,1,0
K0.5Cu0.5Al0.5Ga0.5Se1Te1_kesterite,Ga_Cu,Charged-2,2164,-.11333162E+04,1,0
K0.5Cu0.5Al0.5Ga0.5Se1Te1_kesterite,Ga_Cu,Neutral,2162.0000,-.11411309E+04,1,0
K0.5Cu0.5Al0.5Ga0.5Se1Te1_kesterite,K_Ga,Charged+1,2155,-.11427293E+04,1,0
K0.5Cu0.5Al0.5Ga0.5Se1Te1_kesterite,K_Ga,Charged+2,2154,-.11460550E+04,1,0
K0.5Cu0.5Al0.5Ga0.5Se1Te1_kesterite,K_Ga,Charged-1,2157,-.11361071E+04,1,0
K0.5Cu0.5Al0.5Ga0.5Se1Te1_kesterite,K_Ga,Charged-2,2158,-.11325837E+04,1,0
K0.5Cu0.5Al0.5Ga0.5Se1Te1_kesterite,K_Ga,Neutral,2156.0000,-.11394700E+04,1,0
K0.5Cu0.5Al0.5Ga0.5Se1Te1_kesterite,Te_Al,Charged+1,2156,-.11394254E+04,1,0
K0.5Cu0.5Al0.5Ga0.5Se1Te1_kesterite,Te_Al,Charged+2,2155,-.11437550E+04,0,0
K0.5Cu0.5Al0.5Ga0.5Se1Te1_kesterite,Te_Al,Charged-1,2158,-.11328964E+04,1,0
K0.5Cu0.5Al0.5Ga0.5Se1Te1_kesterite,Te_Al,Charged-2,2159,-.11290075E+04,1,0
K0.5Cu0.5Al0.5Ga0.5Se1Te1_kesterite,Te_Al,Neutral,2157.0000,-.11362244E+04,1,0
K0.5Cu0.5Al0.5Ga0.5Se1Te1_kesterite,Te_Ga,Charged+1,2152,-.11442075E+04,1,0
K0.5Cu0.5Al0.5Ga0.5Se1Te1_kesterite,Te_Ga,Charged+2,2151,-.11474938E+04,1,0
K0.5Cu0.5Al0.5Ga0.5Se1Te1_kesterite,Te_Ga,Charged-1,2154,-.11364512E+04,1,0
K0.5Cu0.5Al0.5Ga0.5Se1Te1_kesterite,Te_Ga,Charged-2,2155,-.11354134E+04,1,0
K0.5Cu0.5Al0.5Ga0.5Se1Te1_kesterite,Te_Ga,Neutral,2153.0000,-.11403340E+04,1,0
K0.5Cu0.5Al0.5Ga0.5Se1Te1_kesterite,Te_Se,Charged+1,2159,-.11438448E+04,1,0
K0.5Cu0.5Al0.5Ga0.5Se1Te1_kesterite,Te_Se,Charged+2,2158,-.11470564E+04,1,0
K0.5Cu0.5Al0.5Ga0.5Se1Te1_kesterite,Te_Se,Charged-1,2161,-.11367242E+04,1,0
K0.5Cu0.5Al0.5Ga0.5Se1Te1_kesterite,Te_Se,Charged-2,2162,-.11328182E+04,1,0
K0.5Cu0.5Al0.5Ga0.5Se1Te1_kesterite,Te_Se,Neutral,2160.0000,-.11405698E+04,1,0
K0.5Cu0.5Al0.5Ga0.5Se1Te1_kesterite,V_Ga,Charged+1,2146,-.11413866E+04,1,0
K0.5Cu0.5Al0.5Ga0.5Se1Te1_kesterite,V_Ga,Charged+2,2145,-.11444664E+04,1,0
K0.5Cu0.5Al0.5Ga0.5Se1Te1_kesterite,V_Ga,Charged-1,2148,-.11333764E+04,1,0
K0.5Cu0.5Al0.5Ga0.5Se1Te1_kesterite,V_Ga,Charged-2,2149,-.11302473E+04,1,0
K0.5Cu0.5Al0.5Ga0.5Se1Te1_kesterite,V_Ga,Neutral,2147.0000,-.11366049E+04,1,0
K0.5Cu0.5Al0.5Ga0.5Se2_kesterite,Al_Ga,Charged+1,2149,-.11956365E+04,1,0
K0.5Cu0.5Al0.5Ga0.5Se2_kesterite,Al_Ga,Charged+2,2148,-.11979522E+04,1,0
K0.5Cu0.5Al0.5Ga0.5Se2_kesterite,Al_Ga,Charged-1,2151,-.11902891E+04,1,0
K0.5Cu0.5Al0.5Ga0.5Se2_kesterite,Al_Ga,Charged-2,2152,-.11872687E+04,1,0
K0.5Cu0.5Al0.5Ga0.5Se2_kesterite,Al_Ga,Neutral,2150.0000,-.11932610E+04,1,0
K0.5Cu0.5Al0.5Ga0.5Se2_kesterite,Al_i,Charged+1,2162,,0,0
K0.5Cu0.5Al0.5Ga0.5Se2_kesterite,Al_i,Charged+2,2161,-.12118382E+04,0,0
K0.5Cu0.5Al0.5Ga0.5Se2_kesterite,Al_i,Charged-1,2164,-.12008687E+04,0,0
K0.5Cu0.5Al0.5Ga0.5Se2_kesterite,Al_i,Charged-2,2165,-.11972543E+04,0,0
K0.5Cu0.5Al0.5Ga0.5Se2_kesterite,Al_i,Neutral,2163.0000,-.12053611E+04,0,0
K0.5Cu0.5Al0.5Ga0.5Se2_kesterite,K_Se,Charged+1,2162,-.12047088E+04,0,0
K0.5Cu0.5Al0.5Ga0.5Se2_kesterite,K_Se,Charged+2,2161,-.12074583E+04,0,0
K0.5Cu0.5Al0.5Ga0.5Se2_kesterite,K_Se,Charged-1,2164,-.11967321E+04,0,0
K0.5Cu0.5Al0.5Ga0.5Se2_kesterite,K_Se,Charged-2,2165,,0,0
K0.5Cu0.5Al0.5Ga0.5Se2_kesterite,K_Se,Neutral,2163.0000,,0,0
K0.5Cu0.5Al0.5Ga0.5Se2_kesterite,V_Se,Charged+1,2153,-.12007649E+04,0,0
K0.5Cu0.5Al0.5Ga0.5Se2_kesterite,V_Se,Charged+2,2152,-.12032323E+04,0,0
K0.5Cu0.5Al0.5Ga0.5Se2_kesterite,V_Se,Charged-1,2155,-.11935399E+04,0,0
K0.5Cu0.5Al0.5Ga0.5Se2_kesterite,V_Se,Charged-2,2156,-.11899928E+04,0,0
K0.5Cu0.5Al0.5Ga0.5Se2_kesterite,V_Se,Neutral,2154.0000,-.11982725E+04,0,0
K0.5Cu0.5Al0.5Ga0.5Se2_stannite,Ga_i,Charged+1,2172,-.12160287E+04,1,0
K0.5Cu0.5Al0.5Ga0.5Se2_stannite,Ga_i,Charged+2,2171,-.12265299E+04,0,0
K0.5Cu0.5Al0.5Ga0.5Se2_stannite,Ga_i,Charged-1,2174,-.12109922E+04,1,0
K0.5Cu0.5Al0.5Ga0.5Se2_stannite,Ga_i,Charged-2,2175,-.12107179E+04,0,0
K0.5Cu0.5Al0.5Ga0.5Se2_stannite,Ga_i,Neutral,2173.0000,-.12143941E+04,1,0
K0.5Cu0.5Al0.5Ga0.5Se2_stannite,K_Se,Charged+1,2162,-.12252549E+04,1,0
K0.5Cu0.5Al0.5Ga0.5Se2_stannite,K_Se,Charged+2,2161,-.12180065E+04,1,0
K0.5Cu0.5Al0.5Ga0.5Se2_stannite,K_Se,Charged-1,2164,-.12186692E+04,0,0
K0.5Cu0.5Al0.5Ga0.5Se2_stannite,K_Se,Charged-2,2165,-.12036153E+04,1,0
K0.5Cu0.5Al0.5Ga0.5Se2_stannite,K_Se,Neutral,2163.0000,-.12218924E+04,1,0
K0.5Cu0.5Al0.5Ga0.5Se2_stannite,Se_Al,Charged+1,2156,-.12113878E+04,1,0
K0.5Cu0.5Al0.5Ga0.5Se2_stannite,Se_Al,Charged+2,2155,-.12142926E+04,1,0
K0.5Cu0.5Al0.5Ga0.5Se2_stannite,Se_Al,Charged-1,2158,-.12055074E+04,1,0
K0.5Cu0.5Al0.5Ga0.5Se2_stannite,Se_Al,Charged-2,2159,-.12031165E+04,1,0
K0.5Cu0.5Al0.5Ga0.5Se2_stannite,Se_Al,Neutral,2157.0000,-.12084475E+04,1,0
K0.5Cu0.5Al0.5Ga0.5Se2_stannite,Se_Cu,Charged+1,2148,-.12141991E+04,1,0
K0.5Cu0.5Al0.5Ga0.5Se2_stannite,Se_Cu,Charged+2,2147,-.12171178E+04,1,0
K0.5Cu0.5Al0.5Ga0.5Se2_stannite,Se_Cu,Charged-1,2150,-.12082177E+04,1,0
K0.5Cu0.5Al0.5Ga0.5Se2_stannite,Se_Cu,Charged-2,2151,-.12049943E+04,1,0
K0.5Cu0.5Al0.5Ga0.5Se2_stannite,Se_Cu,Neutral,2149.0000,-.12112588E+04,1,0
K0.5Cu0.5Al0.5Ga0.5Se2_stannite,Se_K,Charged+1,2150,-.12165821E+04,1,0
K0.5Cu0.5Al0.5Ga0.5Se2_stannite,Se_K,Charged+2,2149,-.12195202E+04,1,0
K0.5Cu0.5Al0.5Ga0.5Se2_stannite,Se_K,Charged-1,2152,-.12106583E+04,1,0
K0.5Cu0.5Al0.5Ga0.5Se2_stannite,Se_K,Charged-2,2153,-.12074229E+04,1,0
K0.5Cu0.5Al0.5Ga0.5Se2_stannite,Se_K,Neutral,2151.0000,-.12136462E+04,1,0
K0.5Cu0.5Al0.5Ga0.5Se2_stannite,V_Cu,Charged+1,2148,-.12142007E+04,1,0
K0.5Cu0.5Al0.5Ga0.5Se2_stannite,V_Cu,Charged+2,2147,-.12171259E+04,1,0
K0.5Cu0.5Al0.5Ga0.5Se2_stannite,V_Cu,Charged-1,2150,-.12082102E+04,1,0
K0.5Cu0.5Al0.5Ga0.5Se2_stannite,V_Cu,Charged-2,2151,-.12050047E+04,1,0
K0.5Cu0.5Al0.5Ga0.5Se2_stannite,V_Cu,Neutral,2149.0000,-.12112592E+04,1,0
K0.5Cu0.5Al0.5In0.5S2_kesterite,Al_Cu,Charged+1,2151,-.12969393E+04,1,0
K0.5Cu0.5Al0.5In0.5S2_kesterite,Al_Cu,Charged+2,2150,-.13011737E+04,1,0
K0.5Cu0.5Al0.5In0.5S2_kesterite,Al_Cu,Charged-1,2153,-.12879259E+04,1,0
K0.5Cu0.5Al0.5In0.5S2_kesterite,Al_Cu,Charged-2,2154,-.12905256E+04,0,0
K0.5Cu0.5Al0.5In0.5S2_kesterite,Al_Cu,Neutral,2152.0000,-.12926868E+04,1,0
K0.5Cu0.5Al0.5In0.5S2_kesterite,In_Cu,Charged+1,2161,-.12954195E+04,1,0
K0.5Cu0.5Al0.5In0.5S2_kesterite,In_Cu,Charged+2,2160,-.12993366E+04,1,0
K0.5Cu0.5Al0.5In0.5S2_kesterite,In_Cu,Charged-1,2163,-.12939632E+04,0,0
K0.5Cu0.5Al0.5In0.5S2_kesterite,In_Cu,Charged-2,2164,-.12884801E+04,0,0
K0.5Cu0.5Al0.5In0.5S2_kesterite,In_Cu,Neutral,2162.0000,-.12977992E+04,0,0
K0.5Cu0.5Al0.5In0.5S2_kesterite,In_K,Charged+1,2150,-.12934293E+04,1,0
K0.5Cu0.5Al0.5In0.5S2_kesterite,In_K,Charged+2,2149,-.12966902E+04,1,0
K0.5Cu0.5Al0.5In0.5S2_kesterite,In_K,Charged-1,2152,-.12865942E+04,1,0
K0.5Cu0.5Al0.5In0.5S2_kesterite,In_K,Charged-2,2153,-.12823471E+04,1,0
K0.5Cu0.5Al0.5In0.5S2_kesterite,In_K,Neutral,2151.0000,-.12900494E+04,1,0
K0.5Cu0.5Al0.5In0.5S2_kesterite,K_Al,Charged+1,2165,-.12954761E+04,0,0
K0.5Cu0.5Al0.5In0.5S2_kesterite,K_Al,Charged+2,2164,-.12981123E+04,0,0
K0.5Cu0.5Al0.5In0.5S2_kesterite,K_Al,Charged-1,2167,-.12872574E+04,0,0
K0.5Cu0.5Al0.5In0.5S2_kesterite,K_Al,Charged-2,2168,,0,0
K0.5Cu0.5Al0.5In0.5S2_kesterite,K_Al,Neutral,2166.0000,-.12912148E+04,0,0
K0.5Cu0.5Al0.5In0.5S2_stannite,Cu_S,Charged+1,2164,-.13203583E+04,1,0
K0.5Cu0.5Al0.5In0.5S2_stannite,Cu_S,Charged+2,2163,-.13231935E+04,1,0
K0.5Cu0.5Al0.5In0.5S2_stannite,Cu_S,Charged-1,2166,-.13107492E+04,1,0
K0.5Cu0.5Al0.5In0.5S2_stannite,Cu_S,Charged-2,2167,-.13062457E+04,1,0
K0.5Cu0.5Al0.5In0.5S2_stannite,Cu_S,Neutral,2165.0000,-.13150426E+04,1,0
K0.5Cu0.5Al0.5In0.5S2_stannite,S_Al,Charged+1,2156,-.13140581E+04,1,0
K0.5Cu0.5Al0.5In0.5S2_stannite,S_Al,Charged+2,2155,-.13178597E+04,1,0
K0.5Cu0.5Al0.5In0.5S2_stannite,S_Al,Charged-1,2158,-.13070311E+04,1,0
K0.5Cu0.5Al0.5In0.5S2_stannite,S_Al,Charged-2,2159,-.13030775E+04,1,0
K0.5Cu0.5Al0.5In0.5S2_stannite,S_Al,Neutral,2157.0000,-.13102047E+04,1,0
K0.5Cu0.5Al1S2_kesterite,Al_S,Charged+1,1796,-.13851871E+04,1,0
K0.5Cu0.5Al1S2_kesterite,Al_S,Charged+2,1795,-.13786887E+04,1,0
K0.5Cu0.5Al1S2_kesterite,Al_S,Charged-1,1798,-.13776832E+04,0,0
K0.5Cu0.5Al1S2_kesterite,Al_S,Charged-2,1799,-.13606954E+04,1,0
K0.5Cu0.5Al1S2_kesterite,Al_S,Neutral,1797.0000,-.13805210E+04,1,0
K0.5Cu0.5Al1S2_kesterite,Al_i,Charged+1,1802,-.13931610E+04,1,0
K0.5Cu0.5Al1S2_kesterite,Al_i,Charged+2,1801,-.13961163E+04,1,0
K0.5Cu0.5Al1S2_kesterite,Al_i,Charged-1,1804,-.13829457E+04,1,0
K0.5Cu0.5Al1S2_kesterite,Al_i,Charged-2,1805,-.13779064E+04,1,0
K0.5Cu0.5Al1S2_kesterite,Al_i,Neutral,1803.0000,-.13910574E+04,1,0
K0.5Cu0.5Al1S2_kesterite,K_Cu,Charged+1,1797,-.13894626E+04,0,0
K0.5Cu0.5Al1S2_kesterite,K_Cu,Charged+2,1796,-.13911546E+04,0,0
K0.5Cu0.5Al1S2_kesterite,K_Cu,Charged-1,1799,-.13827344E+04,1,0
K0.5Cu0.5Al1S2_kesterite,K_Cu,Charged-2,1800,-.13775595E+04,1,0
K0.5Cu0.5Al1S2_kesterite,K_Cu,Neutral,1798.0000,-.13878835E+04,1,0
K0.5Cu0.5Al1S2_kesterite,K_S,Charged+1,1802,-.13872540E+04,1,0
K0.5Cu0.5Al1S2_kesterite,K_S,Charged+2,1801,-.13914341E+04,1,0
K0.5Cu0.5Al1S2_kesterite,K_S,Charged-1,1804,-.13769133E+04,1,0
K0.5Cu0.5Al1S2_kesterite,K_S,Charged-2,1805,-.13713709E+04,1,0
K0.5Cu0.5Al1S2_kesterite,K_S,Neutral,1803.0000,-.13827935E+04,1,0
K0.5Cu0.5Al1S2_kesterite,S_K,Charged+1,1790,-.13858156E+04,0,0
K0.5Cu0.5Al1S2_kesterite,S_K,Charged+2,1789,-.13886546E+04,0,0
K0.5Cu0.5Al1S2_kesterite,S_K,Charged-1,1792,-.13812675E+04,1,0
K0.5Cu0.5Al1S2_kesterite,S_K,Charged-2,1793,-.13751117E+04,1,0
K0.5Cu0.5Al1S2_kesterite,S_K,Neutral,1791.0000,-.13846266E+04,0,0
K0.5Cu0.5Al1S2_stannite,K_S,Charged+1,1802,-.13990769E+04,1,0
K0.5Cu0.5Al1S2_stannite,K_S,Charged+2,1801,-.14039895E+04,1,0
K0.5Cu0.5Al1S2_stannite,K_S,Charged-1,1804,-.13886997E+04,1,0
K0.5Cu0.5Al1S2_stannite,K_S,Charged-2,1805,-.13830307E+04,1,0
K0.5Cu0.5Al1S2_stannite,K_S,Neutral,1803.0000,-.14048528E+04,1,0
K0.5Cu0.5Al1S2_stannite,S_i,Charged+1,1805,-.14081002E+04,1,0
K0.5Cu0.5Al1S2_stannite,S_i,Charged+2,1804,-.14134339E+04,0,0
K0.5Cu0.5Al1S2_stannite,S_i,Charged-1,1807,-.13999719E+04,1,0
K0.5Cu0.5Al1S2_stannite,S_i,Charged-2,1808,-.13961323E+04,1,0
K0.5Cu0.5Al1S2_stannite,S_i,Neutral,1806.0000,-.14040839E+04,1,0
K0.5Cu0.5Al1Se2_kesterite,Al_Se,Charged+1,1796,-.12548085E+04,1,0
K0.5Cu0.5Al1Se2_kesterite,Al_Se,Charged+2,1795,-.12550454E+04,0,0
K0.5Cu0.5Al1Se2_kesterite,Al_Se,Charged-1,1798,,0,0
K0.5Cu0.5Al1Se2_kesterite,Al_Se,Charged-2,1799,-.12453308E+04,0,0
K0.5Cu0.5Al1Se2_kesterite,Al_Se,Neutral,1797.0000,-.12517988E+04,1,0
K0.5Cu0.5Al1Se2_kesterite,K_Se,Charged+1,1802,-.12546125E+04,1,0
K0.5Cu0.5Al1Se2_kesterite,K_Se,Charged+2,1801,-.12577984E+04,0,0
K0.5Cu0.5Al1Se2_kesterite,K_Se,Charged-1,1804,-.12467654E+04,1,0
K0.5Cu0.5Al1Se2_kesterite,K_Se,Charged-2,1805,-.12435586E+04,0,0
K0.5Cu0.5Al1Se2_kesterite,K_Se,Neutral,1803.0000,-.12497615E+04,1,0
K0.5Cu0.5Al1Se2_kesterite,Se_Cu,Charged+1,1788,,0,0
K0.5Cu0.5Al1Se2_kesterite,Se_Cu,Charged+2,1787,-.12498384E+04,0,0
K0.5Cu0.5Al1Se2_kesterite,Se_Cu,Charged-1,1790,-.12485092E+04,1,0
K0.5Cu0.5Al1Se2_kesterite,Se_Cu,Charged-2,1791,-.12448033E+04,0,0
K0.5Cu0.5Al1Se2_kesterite,Se_Cu,Neutral,1789.0000,-.12479928E+04,0,0
K0.5Cu0.5Al1Se2_kesterite,V_Al,Charged+1,1796,-.12504950E+04,0,0
K0.5Cu0.5Al1Se2_kesterite,V_Al,Charged+2,1795,-.12505077E+04,0,0
K0.5Cu0.5Al1Se2_kesterite,V_Al,Charged-1,1798,-.12444726E+04,1,0
K0.5Cu0.5Al1Se2_kesterite,V_Al,Charged-2,1799,,0,0
K0.5Cu0.5Al1Se2_kesterite,V_Al,Neutral,1797.0000,-.12469068E+04,0,0
K0.5Cu0.5Al1Se2_kesterite,V_Cu,Charged+1,1788,-.12507370E+04,0,0
K0.5Cu0.5Al1Se2_kesterite,V_Cu,Charged+2,1787,-.12512423E+04,0,0
K0.5Cu0.5Al1Se2_kesterite,V_Cu,Charged-1,1790,-.12479818E+04,0,0
K0.5Cu0.5Al1Se2_kesterite,V_Cu,Charged-2,1791,-.12436430E+04,1,0
K0.5Cu0.5Al1Se2_kesterite,V_Cu,Neutral,1789.0000,-.12485336E+04,0,0
K0.5Cu0.5Al1Se2_kesterite,V_K,Charged+1,1790,-.12501121E+04,0,0
K0.5Cu0.5Al1Se2_kesterite,V_K,Charged+2,1789,-.12494970E+04,0,0
K0.5Cu0.5Al1Se2_kesterite,V_K,Charged-1,1792,-.12469375E+04,1,0
K0.5Cu0.5Al1Se2_kesterite,V_K,Charged-2,1793,-.12438342E+04,0,0
K0.5Cu0.5Al1Se2_kesterite,V_K,Neutral,1791.0000,-.12485141E+04,0,0
K0.5Cu0.5Al1Se2_kesterite,V_Se,Charged+1,1793,-.12509472E+04,0,0
K0.5Cu0.5Al1Se2_kesterite,V_Se,Charged+2,1792,-.12549566E+04,0,0
K0.5Cu0.5Al1Se2_kesterite,V_Se,Charged-1,1795,-.12436563E+04,0,0
K0.5Cu0.5Al1Se2_kesterite,V_Se,Charged-2,1796,-.12327678E+04,1,0
K0.5Cu0.5Al1Se2_kesterite,V_Se,Neutral,1794.0000,-.12470243E+04,1,0
K0.5Cu0.5Al1Se2_stannite,K_Cu,Charged+1,1797,-.12663110E+04,1,0
K0.5Cu0.5Al1Se2_stannite,K_Cu,Charged+2,1796,-.12694162E+04,1,0
K0.5Cu0.5Al1Se2_stannite,K_Cu,Charged-1,1799,-.12594476E+04,1,0
K0.5Cu0.5Al1Se2_stannite,K_Cu,Charged-2,1800,-.12556829E+04,1,0
K0.5Cu0.5Al1Se2_stannite,K_Cu,Neutral,1798.0000,-.12631818E+04,1,0
K0.5Cu0.5Al1Se2_stannite,V_Al,Charged+1,1796,-.12618782E+04,1,0
K0.5Cu0.5Al1Se2_stannite,V_Al,Charged+2,1795,-.12648684E+04,1,0
K0.5Cu0.5Al1Se2_stannite,V_Al,Charged-1,1798,-.12563656E+04,1,0
K0.5Cu0.5Al1Se2_stannite,V_Al,Charged-2,1799,-.12532366E+04,1,0
K0.5Cu0.5Al1Se2_stannite,V_Al,Neutral,1797.0000,-.12594179E+04,1,0
K0.5Cu0.5Al1Se2_stannite,V_Cu,Charged+1,1788,-.12647667E+04,1,0
K0.5Cu0.5Al1Se2_stannite,V_Cu,Charged+2,1787,-.12678151E+04,1,0
K0.5Cu0.5Al1Se2_stannite,V_Cu,Charged-1,1790,-.12585000E+04,1,0
K0.5Cu0.5Al1Se2_stannite,V_Cu,Charged-2,1791,-.12548172E+04,1,0
K0.5Cu0.5Al1Se2_stannite,V_Cu,Neutral,1789.0000,-.12616842E+04,1,0
K0.5Cu0.5Al1Te2_kesterite,Al_Te,Charged+1,1796,-.11063501E+04,1,0
K0.5Cu0.5Al1Te2_kesterite,Al_Te,Charged+2,1795,-.11096447E+04,1,0
K0.5Cu0.5Al1Te2_kesterite,Al_Te,Charged-1,1798,-.10976199E+04,1,0
K0.5Cu0.5Al1Te2_kesterite,Al_Te,Charged-2,1799,-.10932943E+04,1,0
K0.5Cu0.5Al1Te2_kesterite,Al_Te,Neutral,1797.0000,-.11020052E+04,1,0
K0.5Cu0.5Al1Te2_kesterite,Te_K,Charged+1,1790,-.11043728E+04,1,0
K0.5Cu0.5Al1Te2_kesterite,Te_K,Charged+2,1789,-.11077998E+04,1,0
K0.5Cu0.5Al1Te2_kesterite,Te_K,Charged-1,1792,-.10983688E+04,0,0
K0.5Cu0.5Al1Te2_kesterite,Te_K,Charged-2,1793,-.10938925E+04,0,0
K0.5Cu0.5Al1Te2_kesterite,Te_K,Neutral,1791.0000,-.11008849E+04,1,0
K0.5Cu0.5Al1Te2_kesterite,V_Cu,Charged+1,1788,-.10954104E+04,1,0
K0.5Cu0.5Al1Te2_kesterite,V_Cu,Charged+2,1787,-.10986089E+04,1,0
K0.5Cu0.5Al1Te2_kesterite,V_Cu,Charged-1,1790,-.10888588E+04,1,0
K0.5Cu0.5Al1Te2_kesterite,V_Cu,Charged-2,1791,-.10846308E+04,1,0
K0.5Cu0.5Al1Te2_kesterite,V_Cu,Neutral,1789.0000,-.10921819E+04,1,0
K0.5Cu0.5Al1Te2_stannite,Cu_Te,Charged+1,1804,-.11262991E+04,1,0
K0.5Cu0.5Al1Te2_stannite,Cu_Te,Charged+2,1803,-.11301812E+04,1,0
K0.5Cu0.5Al1Te2_stannite,Cu_Te,Charged-1,1806,-.11182399E+04,1,0
K0.5Cu0.5Al1Te2_stannite,Cu_Te,Charged-2,1807,-.11137607E+04,1,0
K0.5Cu0.5Al1Te2_stannite,Cu_Te,Neutral,1805.0000,-.11223484E+04,1,0
K0.5Cu0.5Al1Te2_stannite,K_Cu,Charged+1,1797,-.11250833E+04,1,0
K0.5Cu0.5Al1Te2_stannite,K_Cu,Charged+2,1796,-.11289290E+04,1,0
K0.5Cu0.5Al1Te2_stannite,K_Cu,Charged-1,1799,-.11167096E+04,1,0
K0.5Cu0.5Al1Te2_stannite,K_Cu,Charged-2,1800,-.11121574E+04,1,0
K0.5Cu0.5Al1Te2_stannite,K_Cu,Neutral,1798.0000,-.11212160E+04,1,0
K0.5Cu0.5Al1Te2_stannite,Te_K,Charged+1,1790,-.11259684E+04,1,0
K0.5Cu0.5Al1Te2_stannite,Te_K,Charged+2,1789,-.11297804E+04,1,0
K0.5Cu0.5Al1Te2_stannite,Te_K,Charged-1,1792,-.11182415E+04,1,0
K0.5Cu0.5Al1Te2_stannite,Te_K,Charged-2,1793,-.11137461E+04,1,0
K0.5Cu0.5Al1Te2_stannite,Te_K,Neutral,1791.0000,-.11221138E+04,1,0
K0.5Cu0.5Ga1S2_kesterite,Cu_i,Charged+1,2530,,0,0
K0.5Cu0.5Ga1S2_kesterite,Cu_i,Charged+2,2529,-.12673272E+04,0,0
K0.5Cu0.5Ga1S2_kesterite,Cu_i,Charged-1,2532,-.12590565E+04,0,0
K0.5Cu0.5Ga1S2_kesterite,Cu_i,Charged-2,2533,,0,0
K0.5Cu0.5Ga1S2_kesterite,Cu_i,Neutral,2531.0000,,0,0
K0.5Cu0.5Ga1S2_stannite,Cu_K,Charged+1,2510,-.12826165E+04,1,0
K0.5Cu0.5Ga1S2_stannite,Cu_K,Charged+2,2509,-.12863128E+04,1,0
K0.5Cu0.5Ga1S2_stannite,Cu_K,Charged-1,2512,-.12750018E+04,1,0
K0.5Cu0.5Ga1S2_stannite,Cu_K,Charged-2,2513,-.12707096E+04,1,0
K0.5Cu0.5Ga1S2_stannite,Cu_K,Neutral,2511.0000,-.12788144E+04,1,0
K0.5Cu0.5Ga1S2_stannite,V_Cu,Charged+1,2508,-.12796272E+04,1,0
K0.5Cu0.5Ga1S2_stannite,V_Cu,Charged+2,2507,-.12833540E+04,1,0
K0.5Cu0.5Ga1S2_stannite,V_Cu,Charged-1,2510,-.12719951E+04,1,0
K0.5Cu0.5Ga1S2_stannite,V_Cu,Charged-2,2511,-.12677189E+04,1,0
K0.5Cu0.5Ga1S2_stannite,V_Cu,Neutral,2509.0000,-.12758595E+04,1,0
K0.5Cu1.5Zn1Ge1S4_stannite,S_Cu,Charged+1,2544,-.12562210E+04,1,0
K0.5Cu1.5Zn1Ge1S4_stannite,S_Cu,Charged+2,2543,-.12600028E+04,1,0
K0.5Cu1.5Zn1Ge1S4_stannite,S_Cu,Charged-1,2546,-.12485239E+04,1,0
K0.5Cu1.5Zn1Ge1S4_stannite,S_Cu,Charged-2,2547,-.12443385E+04,1,0
K0.5Cu1.5Zn1Ge1S4_stannite,S_Cu,Neutral,2545.0000,-.12523830E+04,1,0
K0.5Cu1.5Zn1Ge1S4_stannite,Zn_Cu,Charged+1,2556,-.12581531E+04,1,0
K0.5Cu1.5Zn1Ge1S4_stannite,Zn_Cu,Charged+2,2555,-.12620577E+04,1,0
K0.5Cu1.5Zn1Ge1S4_stannite,Zn_Cu,Charged-1,2558,-.12497816E+04,1,0
K0.5Cu1.5Zn1Ge1S4_stannite,Zn_Cu,Charged-2,2559,-.12450253E+04,1,0
K0.5Cu1.5Zn1Ge1S4_stannite,Zn_Cu,Neutral,2557.0000,-.12539874E+04,1,0
K0.5Cu1Ag0.5Cd1Zr1S4_kesterite,Ag_S,Charged+1,2488,-.14584183E+04,1,0
K0.5Cu1Ag0.5Cd1Zr1S4_kesterite,Ag_S,Charged+2,2487,-.14616895E+04,1,0
K0.5Cu1Ag0.5Cd1Zr1S4_kesterite,Ag_S,Charged-1,2490,-.14508144E+04,1,0
K0.5Cu1Ag0.5Cd1Zr1S4_kesterite,Ag_S,Charged-2,2491,-.14466091E+04,0,0
K0.5Cu1Ag0.5Cd1Zr1S4_kesterite,Ag_S,Neutral,2489.0000,-.14555210E+04,1,0
K0.5Cu1Ag0.5Cd1Zr1S4_kesterite,Cd_K,Charged+1,2474,-.14586453E+04,1,0
K0.5Cu1Ag0.5Cd1Zr1S4_kesterite,Cd_K,Charged+2,2473,-.14617788E+04,1,0
K0.5Cu1Ag0.5Cd1Zr1S4_kesterite,Cd_K,Charged-1,2476,-.14522160E+04,1,0
K0.5Cu1Ag0.5Cd1Zr1S4_kesterite,Cd_K,Charged-2,2477,-.14479536E+04,1,0
K0.5Cu1Ag0.5Cd1Zr1S4_kesterite,Cd_K,Neutral,2475.0000,-.14554594E+04,1,0
K0.5Cu1Ag0.5Cd1Zr1S4_kesterite,Cu_Zr,Charged+1,2471,-.14492585E+04,1,0
K0.5Cu1Ag0.5Cd1Zr1S4_kesterite,Cu_Zr,Charged+2,2470,-.14523956E+04,1,0
K0.5Cu1Ag0.5Cd1Zr1S4_kesterite,Cu_Zr,Charged-1,2473,-.14415981E+04,1,0
K0.5Cu1Ag0.5Cd1Zr1S4_kesterite,Cu_Zr,Charged-2,2474,-.14373084E+04,1,0
K0.5Cu1Ag0.5Cd1Zr1S4_kesterite,Cu_Zr,Neutral,2472.0000,-.14460273E+04,1,0
K0.5Cu1Ag0.5Cd1Zr1S4_kesterite,K_i,Charged+1,2492,-.14642438E+04,1,0
K0.5Cu1Ag0.5Cd1Zr1S4_kesterite,K_i,Charged+2,2491,-.14674899E+04,1,0
K0.5Cu1Ag0.5Cd1Zr1S4_kesterite,K_i,Charged-1,2494,-.14555514E+04,1,0
K0.5Cu1Ag0.5Cd1Zr1S4_kesterite,K_i,Charged-2,2495,-.14510688E+04,1,0
K0.5Cu1Ag0.5Cd1Zr1S4_kesterite,K_i,Neutral,2493.0000,-.14598994E+04,1,0
K0.5Cu1Ag0.5Cd1Zr1S4_kesterite,V_Cd,Charged+1,2471,-.14578994E+04,1,0
K0.5Cu1Ag0.5Cd1Zr1S4_kesterite,V_Cd,Charged+2,2470,-.14610114E+04,1,0
K0.5Cu1Ag0.5Cd1Zr1S4_kesterite,V_Cd,Charged-1,2473,-.14525936E+04,1,0
K0.5Cu1Ag0.5Cd1Zr1S4_kesterite,V_Cd,Charged-2,2474,-.14492618E+04,1,0
K0.5Cu1Ag0.5Cd1Zr1S4_kesterite,V_Cd,Neutral,2472.0000,,0,0
K0.5Cu1Ag0.5Mg0.5Ca0.5Sn1S4_stannite,Ca_S,Charged+1,2343,-.12969984E+04,1,0
K0.5Cu1Ag0.5Mg0.5Ca0.5Sn1S4_stannite,Ca_S,Charged+2,2342,-.13009455E+04,1,0
K0.5Cu1Ag0.5Mg0.5Ca0.5Sn1S4_stannite,Ca_S,Charged-1,2345,-.12889211E+04,1,0
K0.5Cu1Ag0.5Mg0.5Ca0.5Sn1S4_stannite,Ca_S,Charged-2,2346,-.12855455E+04,1,0
K0.5Cu1Ag0.5Mg0.5Ca0.5Sn1S4_stannite,Ca_S,Neutral,2344.0000,-.12931085E+04,1,0
K0.5Cu1Ag0.5Mg0.5Ca0.5Sn1S4_stannite,Ca_i,Charged+1,2349,-.13021394E+04,1,0
K0.5Cu1Ag0.5Mg0.5Ca0.5Sn1S4_stannite,Ca_i,Charged+2,2348,-.13062082E+04,1,0
K0.5Cu1Ag0.5Mg0.5Ca0.5Sn1S4_stannite,Ca_i,Charged-1,2351,-.12953863E+04,1,0
K0.5Cu1Ag0.5Mg0.5Ca0.5Sn1S4_stannite,Ca_i,Charged-2,2352,-.12912848E+04,1,0
K0.5Cu1Ag0.5Mg0.5Ca0.5Sn1S4_stannite,Ca_i,Neutral,2350.0000,-.12995311E+04,1,0
K0.5Cu1Ag0.5Mg0.5Ca0.5Sn1S4_stannite,Cu_K,Charged+1,2330,-.12943371E+04,1,0
K0.5Cu1Ag0.5Mg0.5Ca0.5Sn1S4_stannite,Cu_K,Charged+2,2329,-.12977721E+04,1,0
K0.5Cu1Ag0.5Mg0.5Ca0.5Sn1S4_stannite,Cu_K,Charged-1,2332,-.12872265E+04,1,0
K0.5Cu1Ag0.5Mg0.5Ca0.5Sn1S4_stannite,Cu_K,Charged-2,2333,-.12832054E+04,1,0
K0.5Cu1Ag0.5Mg0.5Ca0.5Sn1S4_stannite,Cu_K,Neutral,2331.0000,-.12907429E+04,1,0
K0.5Cu1Ag0.5Mg0.5Ca0.5Sn1S4_stannite,K_Cu,Charged+1,2337,-.12946497E+04,1,0
K0.5Cu1Ag0.5Mg0.5Ca0.5Sn1S4_stannite,K_Cu,Charged+2,2336,-.12981022E+04,1,0
K0.5Cu1Ag0.5Mg0.5Ca0.5Sn1S4_stannite,K_Cu,Charged-1,2339,-.12870847E+04,1,0
K0.5Cu1Ag0.5Mg0.5Ca0.5Sn1S4_stannite,K_Cu,Charged-2,2340,-.12829932E+04,1,0
K0.5Cu1Ag0.5Mg0.5Ca0.5Sn1S4_stannite,K_Cu,Neutral,2338.0000,-.12911093E+04,1,0
K0.5Cu1Ag0.5Mg0.5Ca0.5Sn1S4_stannite,K_S,Charged+1,2342,-.12947753E+04,1,0
K0.5Cu1Ag0.5Mg0.5Ca0.5Sn1S4_stannite,K_S,Charged+2,2341,-.12982705E+04,1,0
K0.5Cu1Ag0.5Mg0.5Ca0.5Sn1S4_stannite,K_S,Charged-1,2344,-.12870369E+04,1,0
K0.5Cu1Ag0.5Mg0.5Ca0.5Sn1S4_stannite,K_S,Charged-2,2345,-.12830841E+04,1,0
K0.5Cu1Ag0.5Mg0.5Ca0.5Sn1S4_stannite,K_S,Neutral,2343.0000,-.12905788E+04,1,0
K0.5Cu1Ag0.5Mg0.5Ca0.5Sn1S4_stannite,Mg_Ca,Charged+1,2331,-.12963029E+04,1,0
K0.5Cu1Ag0.5Mg0.5Ca0.5Sn1S4_stannite,Mg_Ca,Charged+2,2330,-.12997960E+04,1,0
K0.5Cu1Ag0.5Mg0.5Ca0.5Sn1S4_stannite,Mg_Ca,Charged-1,2333,-.12887264E+04,1,0
K0.5Cu1Ag0.5Mg0.5Ca0.5Sn1S4_stannite,Mg_Ca,Charged-2,2334,-.12846665E+04,1,0
K0.5Cu1Ag0.5Mg0.5Ca0.5Sn1S4_stannite,Mg_Ca,Neutral,2332.0000,-.12927406E+04,1,0
K0.5Cu1Ag0.5Mg0.5Ca0.5Sn1S4_stannite,S_Cu,Charged+1,2328,-.12921150E+04,1,0
K0.5Cu1Ag0.5Mg0.5Ca0.5Sn1S4_stannite,S_Cu,Charged+2,2327,-.12955613E+04,1,0
K0.5Cu1Ag0.5Mg0.5Ca0.5Sn1S4_stannite,S_Cu,Charged-1,2330,-.12851086E+04,1,0
K0.5Cu1Ag0.5Mg0.5Ca0.5Sn1S4_stannite,S_Cu,Charged-2,2331,-.12811102E+04,1,0
K0.5Cu1Ag0.5Mg0.5Ca0.5Sn1S4_stannite,S_Cu,Neutral,2329.0000,-.12886620E+04,1,0
K0.5Cu1Ag0.5Mg0.5Ca0.5Sn1S4_stannite,V_Cu,Charged+1,2328,-.12921033E+04,1,0
K0.5Cu1Ag0.5Mg0.5Ca0.5Sn1S4_stannite,V_Cu,Charged+2,2327,-.12955532E+04,1,0
K0.5Cu1Ag0.5Mg0.5Ca0.5Sn1S4_stannite,V_Cu,Charged-1,2330,-.12850914E+04,1,0
K0.5Cu1Ag0.5Mg0.5Ca0.5Sn1S4_stannite,V_Cu,Charged-2,2331,-.12811154E+04,1,0
K0.5Cu1Ag0.5Mg0.5Ca0.5Sn1S4_stannite,V_Cu,Neutral,2329.0000,-.12886572E+04,1,0
K0.5Cu1Ag0.5Mg0.5Ca0.5Sn1S4_stannite,V_Mg,Charged+1,2337,-.12919056E+04,1,0
K0.5Cu1Ag0.5Mg0.5Ca0.5Sn1S4_stannite,V_Mg,Charged+2,2336,-.12953238E+04,1,0
K0.5Cu1Ag0.5Mg0.5Ca0.5Sn1S4_stannite,V_Mg,Charged-1,2339,-.12849125E+04,1,0
K0.5Cu1Ag0.5Mg0.5Ca0.5Sn1S4_stannite,V_Mg,Charged-2,2340,-.12812350E+04,1,0
K0.5Cu1Ag0.5Mg0.5Ca0.5Sn1S4_stannite,V_Mg,Neutral,2338.0000,-.12884396E+04,1,0
K0.5Rb0.5Ag1Mg0.5Zn0.5Ge1S3Te1_kesterite,Ge_K,Charged+1,2330,-.11556345E+04,0,0
K0.5Rb0.5Ag1Mg0.5Zn0.5Ge1S3Te1_kesterite,Ge_K,Charged+2,2329,-.11551876E+04,0,0
K0.5Rb0.5Ag1Mg0.5Zn0.5Ge1S3Te1_kesterite,Ge_K,Charged-1,2332,-.11518085E+04,0,0
K0.5Rb0.5Ag1Mg0.5Zn0.5Ge1S3Te1_kesterite,Ge_K,Charged-2,2333,-.11474160E+04,0,0
K0.5Rb0.5Ag1Mg0.5Zn0.5Ge1S3Te1_kesterite,Ge_K,Neutral,2331.0000,-.11510143E+04,0,0
K0.5Rb0.5Ag1Mg0.5Zn0.5Ge1S3Te1_kesterite,Ge_Rb,Charged+1,2330,-.11541577E+04,0,0
K0.5Rb0.5Ag1Mg0.5Zn0.5Ge1S3Te1_kesterite,Ge_Rb,Charged+2,2329,-.11540375E+04,0,0
K0.5Rb0.5Ag1Mg0.5Zn0.5Ge1S3Te1_kesterite,Ge_Rb,Charged-1,2332,-.11511329E+04,0,0
K0.5Rb0.5Ag1Mg0.5Zn0.5Ge1S3Te1_kesterite,Ge_Rb,Charged-2,2333,-.11483773E+04,0,0
K0.5Rb0.5Ag1Mg0.5Zn0.5Ge1S3Te1_kesterite,Ge_Rb,Neutral,2331.0000,-.11517307E+04,0,0
K0.5Rb0.5Ag1Mg0.5Zn0.5Ge1S3Te1_kesterite,Ge_Zn,Charged+1,2341,-.11633497E+04,0,0
K0.5Rb0.5Ag1Mg0.5Zn0.5Ge1S3Te1_kesterite,Ge_Zn,Charged+2,2340,-.11653813E+04,0,0
K0.5Rb0.5Ag1Mg0.5Zn0.5Ge1S3Te1_kesterite,Ge_Zn,Charged-1,2343,-.11568419E+04,0,0
K0.5Rb0.5Ag1Mg0.5Zn0.5Ge1S3Te1_kesterite,Ge_Zn,Charged-2,2344,-.11529224E+04,0,0
K0.5Rb0.5Ag1Mg0.5Zn0.5Ge1S3Te1_kesterite,Ge_Zn,Neutral,2342.0000,-.11605951E+04,0,0
K0.5Rb0.5Ag1Mg0.5Zn0.5Ge1S3Te1_kesterite,Mg_Zn,Charged+1,2329,-.11567558E+04,0,0
K0.5Rb0.5Ag1Mg0.5Zn0.5Ge1S3Te1_kesterite,Mg_Zn,Charged+2,2328,,0,0
K0.5Rb0.5Ag1Mg0.5Zn0.5Ge1S3Te1_kesterite,Mg_Zn,Charged-1,2331,,0,0
K0.5Rb0.5Ag1Mg0.5Zn0.5Ge1S3Te1_kesterite,Mg_Zn,Charged-2,2332,,0,0
K0.5Rb0.5Ag1Mg0.5Zn0.5Ge1S3Te1_kesterite,Mg_Zn,Neutral,2330.0000,,0,0
K0.5Rb0.5Ag1Mg0.5Zn0.5Ge1S3Te1_kesterite,Mg_i,Charged+1,2341,-.11644896E+04,0,0
K0.5Rb0.5Ag1Mg0.5Zn0.5Ge1S3Te1_kesterite,Mg_i,Charged+2,2340,-.11662175E+04,0,0
K0.5Rb0.5Ag1Mg0.5Zn0.5Ge1S3Te1_kesterite,Mg_i,Charged-1,2343,-.11554720E+04,0,0
K0.5Rb0.5Ag1Mg0.5Zn0.5Ge1S3Te1_kesterite,Mg_i,Charged-2,2344,-.11511447E+04,0,0
K0.5Rb0.5Ag1Mg0.5Zn0.5Ge1S3Te1_kesterite,Mg_i,Neutral,2342.0000,-.11605382E+04,0,0
K0.5Rb0.5Ag1Mg0.5Zn0.5Ge1S3Te1_kesterite,Rb_S,Charged+1,2342,-.11557778E+04,0,0
K0.5Rb0.5Ag1Mg0.5Zn0.5Ge1S3Te1_kesterite,Rb_S,Charged+2,2341,-.11584576E+04,0,0
K0.5Rb0.5Ag1Mg0.5Zn0.5Ge1S3Te1_kesterite,Rb_S,Charged-1,2344,-.11475687E+04,0,0
K0.5Rb0.5Ag1Mg0.5Zn0.5Ge1S3Te1_kesterite,Rb_S,Charged-2,2345,,0,0
K0.5Rb0.5Ag1Mg0.5Zn0.5Ge1S3Te1_kesterite,Rb_S,Neutral,2343.0000,,0,0
K0.5Rb0.5Ag1Mg0.5Zn0.5Ge1S3Te1_kesterite,Rb_i,Charged+1,2348,-.11605705E+04,0,0
K0.5Rb0.5Ag1Mg0.5Zn0.5Ge1S3Te1_kesterite,Rb_i,Charged+2,2347,-.11621640E+04,0,0
K0.5Rb0.5Ag1Mg0.5Zn0.5Ge1S3Te1_kesterite,Rb_i,Charged-1,2350,-.11538658E+04,0,0
K0.5Rb0.5Ag1Mg0.5Zn0.5Ge1S3Te1_kesterite,Rb_i,Charged-2,2351,-.11514886E+04,0,0
K0.5Rb0.5Ag1Mg0.5Zn0.5Ge1S3Te1_kesterite,Rb_i,Neutral,2349.0000,-.11578649E+04,0,0
K0.5Rb0.5Ag1Mg0.5Zn0.5Ge1S3Te1_kesterite,Te_Ge,Charged+1,2331,,0,0
K0.5Rb0.5Ag1Mg0.5Zn0.5Ge1S3Te1_kesterite,Te_Ge,Charged+2,2330,-.11610329E+04,0,0
K0.5Rb0.5Ag1Mg0.5Zn0.5Ge1S3Te1_kesterite,Te_Ge,Charged-1,2333,-.11523631E+04,0,0
K0.5Rb0.5Ag1Mg0.5Zn0.5Ge1S3Te1_kesterite,Te_Ge,Charged-2,2334,-.11483842E+04,0,0
K0.5Rb0.5Ag1Mg0.5Zn0.5Ge1S3Te1_kesterite,Te_Ge,Neutral,2332.0000,-.11559250E+04,0,0
K0.5Rb0.5Ag1Mg0.5Zn0.5Ge1S3Te1_kesterite,V_K,Charged+1,2330,,0,0
K0.5Rb0.5Ag1Mg0.5Zn0.5Ge1S3Te1_kesterite,V_K,Charged+2,2329,-.11570133E+04,0,0
K0.5Rb0.5Ag1Mg0.5Zn0.5Ge1S3Te1_kesterite,V_K,Charged-1,2332,-.11517866E+04,0,0
K0.5Rb0.5Ag1Mg0.5Zn0.5Ge1S3Te1_kesterite,V_K,Charged-2,2333,,0,0
K0.5Rb0.5Ag1Mg0.5Zn0.5Ge1S3Te1_kesterite,V_K,Neutral,2331.0000,-.11538527E+04,0,0
K0.5Rb0.5Ag1Mg0.5Zn0.5Ge1S3Te1_kesterite,V_Rb,Charged+1,2330,-.11554147E+04,0,0
K0.5Rb0.5Ag1Mg0.5Zn0.5Ge1S3Te1_kesterite,V_Rb,Charged+2,2329,,0,0
K0.5Rb0.5Ag1Mg0.5Zn0.5Ge1S3Te1_kesterite,V_Rb,Charged-1,2332,-.11511708E+04,0,0
K0.5Rb0.5Ag1Mg0.5Zn0.5Ge1S3Te1_kesterite,V_Rb,Charged-2,2333,-.11478840E+04,1,0
K0.5Rb0.5Ag1Mg0.5Zn0.5Ge1S3Te1_kesterite,V_Rb,Neutral,2331.0000,,0,0
K0.5Rb0.5Ag1Mg0.5Zn0.5Ge1S3Te1_kesterite,Zn_S,Charged+1,2345,-.11550635E+04,0,0
K0.5Rb0.5Ag1Mg0.5Zn0.5Ge1S3Te1_kesterite,Zn_S,Charged+2,2344,-.11572711E+04,0,0
K0.5Rb0.5Ag1Mg0.5Zn0.5Ge1S3Te1_kesterite,Zn_S,Charged-1,2347,-.11486352E+04,0,0
K0.5Rb0.5Ag1Mg0.5Zn0.5Ge1S3Te1_kesterite,Zn_S,Charged-2,2348,-.11455747E+04,0,0
K0.5Rb0.5Ag1Mg0.5Zn0.5Ge1S3Te1_kesterite,Zn_S,Neutral,2346.0000,-.11523264E+04,0,0
K0.5Rb0.5Ag1Mg0.5Zn0.5Ge1S3Te1_kesterite,Zn_i,Charged+1,2351,-.11622201E+04,0,0
K0.5Rb0.5Ag1Mg0.5Zn0.5Ge1S3Te1_kesterite,Zn_i,Charged+2,2350,-.11646067E+04,0,0
K0.5Rb0.5Ag1Mg0.5Zn0.5Ge1S3Te1_kesterite,Zn_i,Charged-1,2353,-.11534512E+04,0,0
K0.5Rb0.5Ag1Mg0.5Zn0.5Ge1S3Te1_kesterite,Zn_i,Charged-2,2354,-.11494728E+04,0,0
K0.5Rb0.5Ag1Mg0.5Zn0.5Ge1S3Te1_kesterite,Zn_i,Neutral,2352.0000,-.11569782E+04,0,0
K0.5Rb0.5Ag1Mg0.5Zn0.5Ge1Se3Te1_kesterite,Ge_i,Charged+1,2353,,0,0
K0.5Rb0.5Ag1Mg0.5Zn0.5Ge1Se3Te1_kesterite,Ge_i,Charged+2,2352,-.10843369E+04,0,0
K0.5Rb0.5Ag1Mg0.5Zn0.5Ge1Se3Te1_kesterite,Ge_i,Charged-1,2355,-.10783846E+04,0,0
K0.5Rb0.5Ag1Mg0.5Zn0.5Ge1Se3Te1_kesterite,Ge_i,Charged-2,2356,-.10739939E+04,0,0
K0.5Rb0.5Ag1Mg0.5Zn0.5Ge1Se3Te1_kesterite,Ge_i,Neutral,2354.0000,-.10814386E+04,0,0
K0.5Rb0.5Ag1Mg0.5Zn0.5Ge1Se3Te1_kesterite,Rb_Se,Charged+1,2342,-.10780218E+04,0,0
K0.5Rb0.5Ag1Mg0.5Zn0.5Ge1Se3Te1_kesterite,Rb_Se,Charged+2,2341,,0,0
K0.5Rb0.5Ag1Mg0.5Zn0.5Ge1Se3Te1_kesterite,Rb_Se,Charged-1,2344,-.10721373E+04,0,0
K0.5Rb0.5Ag1Mg0.5Zn0.5Ge1Se3Te1_kesterite,Rb_Se,Charged-2,2345,-.10680501E+04,0,0
K0.5Rb0.5Ag1Mg0.5Zn0.5Ge1Se3Te1_kesterite,Rb_Se,Neutral,2343.0000,-.10746007E+04,0,0
K0.5Rb0.5Ag1Mg0.5Zn0.5Ge1Se3Te1_kesterite,Se_i,Charged+1,2345,-.10821159E+04,0,0
K0.5Rb0.5Ag1Mg0.5Zn0.5Ge1Se3Te1_kesterite,Se_i,Charged+2,2344,,0,0
K0.5Rb0.5Ag1Mg0.5Zn0.5Ge1Se3Te1_kesterite,Se_i,Charged-1,2347,,0,0
K0.5Rb0.5Ag1Mg0.5Zn0.5Ge1Se3Te1_kesterite,Se_i,Charged-2,2348,-.10708332E+04,0,0
K0.5Rb0.5Ag1Mg0.5Zn0.5Ge1Se3Te1_kesterite,Se_i,Neutral,2346.0000,-.10800156E+04,0,0
K0.5Rb0.5Ag1Mg0.5Zn0.5Ge1Se3Te1_kesterite,Te_K,Charged+1,2330,-.10726335E+04,0,0
K0.5Rb0.5Ag1Mg0.5Zn0.5Ge1Se3Te1_kesterite,Te_K,Charged+2,2329,,0,0
K0.5Rb0.5Ag1Mg0.5Zn0.5Ge1Se3Te1_kesterite,Te_K,Charged-1,2332,-.10696285E+04,0,0
K0.5Rb0.5Ag1Mg0.5Zn0.5Ge1Se3Te1_kesterite,Te_K,Charged-2,2333,-.10657382E+04,0,0
K0.5Rb0.5Ag1Mg0.5Zn0.5Ge1Se3Te1_kesterite,Te_K,Neutral,2331.0000,-.10704049E+04,0,0
K0.5Rb0.5Ag1Mg0.5Zn0.5Ge1Se3Te1_kesterite,V_K,Charged+1,2330,-.10728602E+04,0,0
K0.5Rb0.5Ag1Mg0.5Zn0.5Ge1Se3Te1_kesterite,V_K,Charged+2,2329,,0,0
K0.5Rb0.5Ag1Mg0.5Zn0.5Ge1Se3Te1_kesterite,V_K,Charged-1,2332,,0,0
K0.5Rb0.5Ag1Mg0.5Zn0.5Ge1Se3Te1_kesterite,V_K,Charged-2,2333,-.10667841E+04,0,0
K0.5Rb0.5Ag1Mg0.5Zn0.5Ge1Se3Te1_kesterite,V_K,Neutral,2331.0000,,0,0
K0.5Rb0.5Ag1Mg0.5Zn0.5Ge1Se3Te1_kesterite,Zn_K,Charged+1,2330,-.10722584E+04,0,0
K0.5Rb0.5Ag1Mg0.5Zn0.5Ge1Se3Te1_kesterite,Zn_K,Charged+2,2329,-.10749441E+04,0,0
K0.5Rb0.5Ag1Mg0.5Zn0.5Ge1Se3Te1_kesterite,Zn_K,Charged-1,2332,-.10715098E+04,0,0
K0.5Rb0.5Ag1Mg0.5Zn0.5Ge1Se3Te1_kesterite,Zn_K,Charged-2,2333,,0,0
K0.5Rb0.5Ag1Mg0.5Zn0.5Ge1Se3Te1_kesterite,Zn_K,Neutral,2331.0000,-.10716594E+04,0,0
K0.5Rb0.5Ag1Mg0.5Zn0.5Ge1Se3Te1_kesterite,Zn_i,Charged+1,2351,,0,0
K0.5Rb0.5Ag1Mg0.5Zn0.5Ge1Se3Te1_kesterite,Zn_i,Charged+2,2350,-.10817591E+04,0,0
K0.5Rb0.5Ag1Mg0.5Zn0.5Ge1Se3Te1_kesterite,Zn_i,Charged-1,2353,-.10736017E+04,0,0
K0.5Rb0.5Ag1Mg0.5Zn0.5Ge1Se3Te1_kesterite,Zn_i,Charged-2,2354,,0,0
K0.5Rb0.5Ag1Mg0.5Zn0.5Ge1Se3Te1_kesterite,Zn_i,Neutral,2352.0000,-.10753867E+04,0,0
K0.5Rb0.5Ag1Mg1Ge1S4_kesterite,Ag_K,Charged+1,2150,-.12365169E+04,1,0
K0.5Rb0.5Ag1Mg1Ge1S4_kesterite,Ag_K,Charged+2,2149,-.12385836E+04,0,0
K0.5Rb0.5Ag1Mg1Ge1S4_kesterite,Ag_K,Charged-1,2152,-.12324580E+04,1,0
K0.5Rb0.5Ag1Mg1Ge1S4_kesterite,Ag_K,Charged-2,2153,-.12280772E+04,1,0
K0.5Rb0.5Ag1Mg1Ge1S4_kesterite,Ag_K,Neutral,2151.0000,-.12339116E+04,1,0
K0.5Rb0.5Ag1Mg1Ge1S4_kesterite,Ag_i,Charged+1,2170,-.12453541E+04,1,0
K0.5Rb0.5Ag1Mg1Ge1S4_kesterite,Ag_i,Charged+2,2169,,0,0
K0.5Rb0.5Ag1Mg1Ge1S4_kesterite,Ag_i,Charged-1,2172,,0,0
K0.5Rb0.5Ag1Mg1Ge1S4_kesterite,Ag_i,Charged-2,2173,-.12338125E+04,1,0
K0.5Rb0.5Ag1Mg1Ge1S4_kesterite,Ag_i,Neutral,2171.0000,-.12414746E+04,1,0
K0.5Rb0.5Ag1Mg1Ge1S4_kesterite,Ge_K,Charged+1,2150,-.12369372E+04,1,0
K0.5Rb0.5Ag1Mg1Ge1S4_kesterite,Ge_K,Charged+2,2149,-.12393387E+04,0,0
K0.5Rb0.5Ag1Mg1Ge1S4_kesterite,Ge_K,Charged-1,2152,-.12319188E+04,1,0
K0.5Rb0.5Ag1Mg1Ge1S4_kesterite,Ge_K,Charged-2,2153,-.12278532E+04,1,0
K0.5Rb0.5Ag1Mg1Ge1S4_kesterite,Ge_K,Neutral,2151.0000,-.12345347E+04,1,0
K0.5Rb0.5Ag1Mg1Ge1S4_kesterite,Ge_Mg,Charged+1,2171,-.12401834E+04,1,0
K0.5Rb0.5Ag1Mg1Ge1S4_kesterite,Ge_Mg,Charged+2,2170,-.12450773E+04,1,0
K0.5Rb0.5Ag1Mg1Ge1S4_kesterite,Ge_Mg,Charged-1,2173,-.12347619E+04,1,0
K0.5Rb0.5Ag1Mg1Ge1S4_kesterite,Ge_Mg,Charged-2,2174,-.12305578E+04,1,0
K0.5Rb0.5Ag1Mg1Ge1S4_kesterite,Ge_Mg,Neutral,2172.0000,-.12388437E+04,1,0
K0.5Rb0.5Ag1Mg1Ge1S4_kesterite,Ge_i,Charged+1,2173,-.12443086E+04,1,0
K0.5Rb0.5Ag1Mg1Ge1S4_kesterite,Ge_i,Charged+2,2172,-.12476270E+04,1,0
K0.5Rb0.5Ag1Mg1Ge1S4_kesterite,Ge_i,Charged-1,2175,-.12389020E+04,1,0
K0.5Rb0.5Ag1Mg1Ge1S4_kesterite,Ge_i,Charged-2,2176,-.12355150E+04,0,0
K0.5Rb0.5Ag1Mg1Ge1S4_kesterite,Ge_i,Neutral,2174.0000,-.12425109E+04,1,0
K0.5Rb0.5Ag1Mg1Ge1S4_kesterite,K_Mg,Charged+1,2166,,0,0
K0.5Rb0.5Ag1Mg1Ge1S4_kesterite,K_Mg,Charged+2,2165,-.12416826E+04,0,0
K0.5Rb0.5Ag1Mg1Ge1S4_kesterite,K_Mg,Charged-1,2168,-.12348917E+04,1,0
K0.5Rb0.5Ag1Mg1Ge1S4_kesterite,K_Mg,Charged-2,2169,-.12305080E+04,1,0
K0.5Rb0.5Ag1Mg1Ge1S4_kesterite,K_Mg,Neutral,2167.0000,-.12368655E+04,1,0
K0.5Rb0.5Ag1Mg1Ge1S4_kesterite,K_S,Charged+1,2162,-.12398084E+04,1,0
K0.5Rb0.5Ag1Mg1Ge1S4_kesterite,K_S,Charged+2,2161,-.12423026E+04,0,0
K0.5Rb0.5Ag1Mg1Ge1S4_kesterite,K_S,Charged-1,2164,-.12301487E+04,1,0
K0.5Rb0.5Ag1Mg1Ge1S4_kesterite,K_S,Charged-2,2165,-.12270231E+04,1,0
K0.5Rb0.5Ag1Mg1Ge1S4_kesterite,K_S,Neutral,2163.0000,-.12344528E+04,1,0
K0.5Rb0.5Ag1Mg1Ge1S4_kesterite,K_i,Charged+1,2168,-.12430720E+04,1,0
K0.5Rb0.5Ag1Mg1Ge1S4_kesterite,K_i,Charged+2,2167,-.12444685E+04,0,0
K0.5Rb0.5Ag1Mg1Ge1S4_kesterite,K_i,Charged-1,2170,-.12369840E+04,1,0
K0.5Rb0.5Ag1Mg1Ge1S4_kesterite,K_i,Charged-2,2171,-.12326916E+04,1,0
K0.5Rb0.5Ag1Mg1Ge1S4_kesterite,K_i,Neutral,2169.0000,-.12397947E+04,1,0
K0.5Rb0.5Ag1Mg1Ge1S4_kesterite,Mg_Rb,Charged+1,2150,-.12354280E+04,1,0
K0.5Rb0.5Ag1Mg1Ge1S4_kesterite,Mg_Rb,Charged+2,2149,-.12387084E+04,0,0
K0.5Rb0.5Ag1Mg1Ge1S4_kesterite,Mg_Rb,Charged-1,2152,-.12306825E+04,1,0
K0.5Rb0.5Ag1Mg1Ge1S4_kesterite,Mg_Rb,Charged-2,2153,-.12267488E+04,1,0
K0.5Rb0.5Ag1Mg1Ge1S4_kesterite,Mg_Rb,Neutral,2151.0000,-.12331218E+04,1,0
K0.5Rb0.5Ag1Mg1Ge1S4_kesterite,Rb_i,Charged+1,2168,-.12404882E+04,1,0
K0.5Rb0.5Ag1Mg1Ge1S4_kesterite,Rb_i,Charged+2,2167,-.12454233E+04,0,0
K0.5Rb0.5Ag1Mg1Ge1S4_kesterite,Rb_i,Charged-1,2170,-.12362059E+04,1,0
K0.5Rb0.5Ag1Mg1Ge1S4_kesterite,Rb_i,Charged-2,2171,-.12313723E+04,1,0
K0.5Rb0.5Ag1Mg1Ge1S4_kesterite,Rb_i,Neutral,2169.0000,-.12388813E+04,1,0
K0.5Rb0.5Ag1Mg1Ge1S4_kesterite,S_Ag,Charged+1,2148,-.12363026E+04,1,0
K0.5Rb0.5Ag1Mg1Ge1S4_kesterite,S_Ag,Charged+2,2147,-.12383576E+04,0,0
K0.5Rb0.5Ag1Mg1Ge1S4_kesterite,S_Ag,Charged-1,2150,-.12317986E+04,1,0
K0.5Rb0.5Ag1Mg1Ge1S4_kesterite,S_Ag,Charged-2,2151,-.12275579E+04,1,0
K0.5Rb0.5Ag1Mg1Ge1S4_kesterite,S_Ag,Neutral,2149.0000,-.12341712E+04,1,0
K0.5Rb0.5Ag1Mg1Ge1S4_kesterite,S_Mg,Charged+1,2157,-.12352528E+04,0,0
K0.5Rb0.5Ag1Mg1Ge1S4_kesterite,S_Mg,Charged+2,2156,-.12375937E+04,0,0
K0.5Rb0.5Ag1Mg1Ge1S4_kesterite,S_Mg,Charged-1,2159,-.12301580E+04,0,0
K0.5Rb0.5Ag1Mg1Ge1S4_kesterite,S_Mg,Charged-2,2160,-.12284209E+04,1,0
K0.5Rb0.5Ag1Mg1Ge1S4_kesterite,S_Mg,Neutral,2158.0000,-.12325668E+04,0,0
K0.5Rb0.5Ag1Mg1Ge1S4_kesterite,V_Rb,Charged+1,2150,-.12367496E+04,1,0
K0.5Rb0.5Ag1Mg1Ge1S4_kesterite,V_Rb,Charged+2,2149,-.12392737E+04,0,0
K0.5Rb0.5Ag1Mg1Ge1S4_kesterite,V_Rb,Charged-1,2152,-.12321357E+04,1,0
K0.5Rb0.5Ag1Mg1Ge1S4_kesterite,V_Rb,Charged-2,2153,-.12280922E+04,1,0
K0.5Rb0.5Ag1Mg1Ge1S4_kesterite,V_Rb,Neutral,2151.0000,-.12344525E+04,1,0
K0.5Rb0.5Ag1Mg1Ge1S4_stannite,Mg_K,Charged+1,2150,-.12335242E+04,1,0
K0.5Rb0.5Ag1Mg1Ge1S4_stannite,Mg_K,Charged+2,2149,-.12361405E+04,1,0
K0.5Rb0.5Ag1Mg1Ge1S4_stannite,Mg_K,Charged-1,2152,-.12281404E+04,1,0
K0.5Rb0.5Ag1Mg1Ge1S4_stannite,Mg_K,Charged-2,2153,-.12245300E+04,1,0
K0.5Rb0.5Ag1Mg1Ge1S4_stannite,Mg_K,Neutral,2151.0000,-.12308839E+04,1,0
K0.5Rb0.5Ag1Mg1Ge1S4_stannite,V_Ge,Charged+1,2145,-.12280622E+04,1,0
K0.5Rb0.5Ag1Mg1Ge1S4_stannite,V_Ge,Charged+2,2144,-.12307831E+04,1,0
K0.5Rb0.5Ag1Mg1Ge1S4_stannite,V_Ge,Charged-1,2147,-.12229505E+04,0,0
K0.5Rb0.5Ag1Mg1Ge1S4_stannite,V_Ge,Charged-2,2148,-.12192842E+04,1,0
K0.5Rb0.5Ag1Mg1Ge1S4_stannite,V_Ge,Neutral,2146.0000,-.12254043E+04,1,0
K0.5Rb0.5Ag1Mg1Ge1S4_stannite,V_Rb,Charged+1,2150,-.12335951E+04,0,0
K0.5Rb0.5Ag1Mg1Ge1S4_stannite,V_Rb,Charged+2,2149,-.12363163E+04,1,0
K0.5Rb0.5Ag1Mg1Ge1S4_stannite,V_Rb,Charged-1,2152,-.12283111E+04,1,0
K0.5Rb0.5Ag1Mg1Ge1S4_stannite,V_Rb,Charged-2,2153,-.12247460E+04,1,0
K0.5Rb0.5Ag1Mg1Ge1S4_stannite,V_Rb,Neutral,2151.0000,-.12310300E+04,1,0
K0.5Rb0.5Ag1Zn1Ge1S4_kesterite,Ag_Ge,Charged+1,2516,,0,0
K0.5Rb0.5Ag1Zn1Ge1S4_kesterite,Ag_Ge,Charged+2,2515,,0,0
K0.5Rb0.5Ag1Zn1Ge1S4_kesterite,Ag_Ge,Charged-1,2518,,0,0
K0.5Rb0.5Ag1Zn1Ge1S4_kesterite,Ag_Ge,Charged-2,2519,,0,0
K0.5Rb0.5Ag1Zn1Ge1S4_kesterite,Ag_Ge,Neutral,2517.0000,-.11877541E+04,0,0
K0.5Rb0.5Ag1Zn1Ge1S4_kesterite,Ge_S,Charged+1,2527,-.11925010E+04,0,0
K0.5Rb0.5Ag1Zn1Ge1S4_kesterite,Ge_S,Charged+2,2526,-.11954290E+04,0,0
K0.5Rb0.5Ag1Zn1Ge1S4_kesterite,Ge_S,Charged-1,2529,,0,0
K0.5Rb0.5Ag1Zn1Ge1S4_kesterite,Ge_S,Charged-2,2530,,0,0
K0.5Rb0.5Ag1Zn1Ge1S4_kesterite,Ge_S,Neutral,2528.0000,,0,0
K0.5Rb0.5Ag1Zn1Ge1S4_kesterite,K_Ag,Charged+1,2517,,0,0
K0.5Rb0.5Ag1Zn1Ge1S4_kesterite,K_Ag,Charged+2,2516,,0,0
K0.5Rb0.5Ag1Zn1Ge1S4_kesterite,K_Ag,Charged-1,2519,,0,0
K0.5Rb0.5Ag1Zn1Ge1S4_kesterite,K_Ag,Charged-2,2520,,0,0
K0.5Rb0.5Ag1Zn1Ge1S4_kesterite,K_Ag,Neutral,2518.0000,-.11940838E+04,1,0
K0.5Rb0.5Ag1Zn1Ge1S4_kesterite,Rb_Zn,Charged+1,2516,,0,0
K0.5Rb0.5Ag1Zn1Ge1S4_kesterite,Rb_Zn,Charged+2,2515,,0,0
K0.5Rb0.5Ag1Zn1Ge1S4_kesterite,Rb_Zn,Charged-1,2518,,0,0
K0.5Rb0.5Ag1Zn1Ge1S4_kesterite,Rb_Zn,Charged-2,2519,,0,0
K0.5Rb0.5Ag1Zn1Ge1S4_kesterite,Rb_Zn,Neutral,2517.0000,-.11887784E+04,0,0
K0.5Rb0.5Ag1Zn1Ge1S4_kesterite,S_Zn,Charged+1,2507,-.11867211E+04,0,0
K0.5Rb0.5Ag1Zn1Ge1S4_kesterite,S_Zn,Charged+2,2506,-.11824454E+04,0,0
K0.5Rb0.5Ag1Zn1Ge1S4_kesterite,S_Zn,Charged-1,2509,-.11806786E+04,0,0
K0.5Rb0.5Ag1Zn1Ge1S4_kesterite,S_Zn,Charged-2,2510,,0,0
K0.5Rb0.5Ag1Zn1Ge1S4_kesterite,S_Zn,Neutral,2508.0000,,0,0
K0.5Rb0.5Ag1Zn1Ge1S4_stannite,Ag_S,Charged+1,2524,-.11802184E+04,1,0
K0.5Rb0.5Ag1Zn1Ge1S4_stannite,Ag_S,Charged+2,2523,-.11832832E+04,1,0
K0.5Rb0.5Ag1Zn1Ge1S4_stannite,Ag_S,Charged-1,2526,-.11847892E+04,0,0
K0.5Rb0.5Ag1Zn1Ge1S4_stannite,Ag_S,Charged-2,2527,,0,0
K0.5Rb0.5Ag1Zn1Ge1S4_stannite,Ag_S,Neutral,2525.0000,-.11884539E+04,0,0
K0.5Rb0.5Ag1Zn1Ge1S4_stannite,Ag_i,Charged+1,2530,-.11855439E+04,1,0
K0.5Rb0.5Ag1Zn1Ge1S4_stannite,Ag_i,Charged+2,2529,-.11886472E+04,1,0
K0.5Rb0.5Ag1Zn1Ge1S4_stannite,Ag_i,Charged-1,2532,-.11782925E+04,1,0
K0.5Rb0.5Ag1Zn1Ge1S4_stannite,Ag_i,Charged-2,2533,-.11742366E+04,1,0
K0.5Rb0.5Ag1Zn1Ge1S4_stannite,Ag_i,Neutral,2531.0000,-.11819368E+04,1,0
K0.5Rb0.5Ag1Zn1Ge1S4_stannite,K_Ge,Charged+1,2514,-.11785691E+04,1,0
K0.5Rb0.5Ag1Zn1Ge1S4_stannite,K_Ge,Charged+2,2513,0.28751498E+03,0,0
K0.5Rb0.5Ag1Zn1Ge1S4_stannite,K_Ge,Charged-1,2516,-.11725934E+04,1,0
K0.5Rb0.5Ag1Zn1Ge1S4_stannite,K_Ge,Charged-2,2517,-.11693430E+04,1,0
K0.5Rb0.5Ag1Zn1Ge1S4_stannite,K_Ge,Neutral,2515.0000,-.11754800E+04,1,0
K0.5Rb0.5Ag1Zn1Ge1S4_stannite,Rb_Ag,Charged+1,2517,-.11811318E+04,1,0
K0.5Rb0.5Ag1Zn1Ge1S4_stannite,Rb_Ag,Charged+2,2516,-.11841174E+04,1,0
K0.5Rb0.5Ag1Zn1Ge1S4_stannite,Rb_Ag,Charged-1,2519,-.11745191E+04,1,0
K0.5Rb0.5Ag1Zn1Ge1S4_stannite,Rb_Ag,Charged-2,2520,-.11708674E+04,1,0
K0.5Rb0.5Ag1Zn1Ge1S4_stannite,Rb_Ag,Neutral,2518.0000,-.11781369E+04,1,0
K0.5Rb0.5Ag1Zn1Ge1S4_stannite,S_Rb,Charged+1,2510,-.11807167E+04,1,0
K0.5Rb0.5Ag1Zn1Ge1S4_stannite,S_Rb,Charged+2,2509,-.11836693E+04,1,0
K0.5Rb0.5Ag1Zn1Ge1S4_stannite,S_Rb,Charged-1,2512,-.11747382E+04,1,0
K0.5Rb0.5Ag1Zn1Ge1S4_stannite,S_Rb,Charged-2,2513,-.11711527E+04,1,0
K0.5Rb0.5Ag1Zn1Ge1S4_stannite,S_Rb,Neutral,2511.0000,-.11777699E+04,1,0
K0.5Rb0.5Al0.5Ga0.5Se2_stannite,Ga_i,Charged+1,2100,-.11456054E+04,1,0
K0.5Rb0.5Al0.5Ga0.5Se2_stannite,Ga_i,Charged+2,2099,-.11477450E+04,1,0
K0.5Rb0.5Al0.5Ga0.5Se2_stannite,Ga_i,Charged-1,2102,-.11608594E+04,1,0
K0.5Rb0.5Al0.5Ga0.5Se2_stannite,Ga_i,Charged-2,2103,-.11579155E+04,1,0
K0.5Rb0.5Al0.5Ga0.5Se2_stannite,Ga_i,Neutral,2101.0000,-.11621058E+04,1,0
K0.5Rb0.5Al0.5Ga0.5Se2_stannite,Se_Ga,Charged+1,2074,-.11351263E+04,1,0
K0.5Rb0.5Al0.5Ga0.5Se2_stannite,Se_Ga,Charged+2,2073,-.11366843E+04,1,0
K0.5Rb0.5Al0.5Ga0.5Se2_stannite,Se_Ga,Charged-1,2076,-.11330319E+04,1,0
K0.5Rb0.5Al0.5Ga0.5Se2_stannite,Se_Ga,Charged-2,2077,-.11313539E+04,1,0
K0.5Rb0.5Al0.5Ga0.5Se2_stannite,Se_Ga,Neutral,2075.0000,-.11431434E+04,0,0
K0.5Rb0.5Al0.5Ga0.5Se2_stannite,Se_i,Charged+1,2093,-.11548391E+04,0,0
K0.5Rb0.5Al0.5Ga0.5Se2_stannite,Se_i,Charged+2,2092,-.11483438E+04,0,0
K0.5Rb0.5Al0.5Ga0.5Se2_stannite,Se_i,Charged-1,2095,-.11411161E+04,1,0
K0.5Rb0.5Al0.5Ga0.5Se2_stannite,Se_i,Charged-2,2096,-.11387699E+04,1,0
K0.5Rb0.5Al0.5Ga0.5Se2_stannite,Se_i,Neutral,2094.0000,-.11637602E+04,1,0
K0.5Rb0.5Al1S2_kesterite,S_i,Charged+1,1733,-.13697414E+04,1,0
K0.5Rb0.5Al1S2_kesterite,S_i,Charged+2,1732,-.13712329E+04,1,0
K0.5Rb0.5Al1S2_kesterite,S_i,Charged-1,1735,-.13645109E+04,1,0
K0.5Rb0.5Al1S2_kesterite,S_i,Charged-2,1736,-.13605613E+04,1,0
K0.5Rb0.5Al1S2_kesterite,S_i,Neutral,1734.0000,-.13679053E+04,1,0
K0.5Rb0.5Al1Se1Te1_kesterite,Al_K,Charged+1,1718,-.11531440E+04,1,0
K0.5Rb0.5Al1Se1Te1_kesterite,Al_K,Charged+2,1717,-.11547018E+04,1,0
K0.5Rb0.5Al1Se1Te1_kesterite,Al_K,Charged-1,1720,-.11498841E+04,1,0
K0.5Rb0.5Al1Se1Te1_kesterite,Al_K,Charged-2,1721,-.11458794E+04,1,0
K0.5Rb0.5Al1Se1Te1_kesterite,Al_K,Neutral,1719.0000,-.11515204E+04,1,0
K0.5Rb0.5Al1Se1Te1_kesterite,Al_Se,Charged+1,1724,-.11568869E+04,1,0
K0.5Rb0.5Al1Se1Te1_kesterite,Al_Se,Charged+2,1723,-.11576801E+04,1,0
K0.5Rb0.5Al1Se1Te1_kesterite,Al_Se,Charged-1,1726,-.11484318E+04,1,0
K0.5Rb0.5Al1Se1Te1_kesterite,Al_Se,Charged-2,1727,-.11446572E+04,1,0
K0.5Rb0.5Al1Se1Te1_kesterite,Al_Se,Neutral,1725.0000,-.11521593E+04,1,0
K0.5Rb0.5Al1Se1Te1_kesterite,Te_K,Charged+1,1718,-.11530991E+04,1,0
K0.5Rb0.5Al1Se1Te1_kesterite,Te_K,Charged+2,1717,-.11546768E+04,1,0
K0.5Rb0.5Al1Se1Te1_kesterite,Te_K,Charged-1,1720,-.11498717E+04,1,0
K0.5Rb0.5Al1Se1Te1_kesterite,Te_K,Charged-2,1721,-.11458417E+04,1,0
K0.5Rb0.5Al1Se1Te1_kesterite,Te_K,Neutral,1719.0000,-.11515048E+04,1,0
K0.5Rb0.5Al1Se1Te1_kesterite,V_Te,Charged+1,1721,-.11555428E+04,1,0
K0.5Rb0.5Al1Se1Te1_kesterite,V_Te,Charged+2,1720,-.11588200E+04,1,0
K0.5Rb0.5Al1Se1Te1_kesterite,V_Te,Charged-1,1723,-.11469158E+04,1,0
K0.5Rb0.5Al1Se1Te1_kesterite,V_Te,Charged-2,1724,-.11429754E+04,1,0
K0.5Rb0.5Al1Se1Te1_kesterite,V_Te,Neutral,1722.0000,-.11508192E+04,1,0
K0.5Rb0.5Al1Se1Te1_stannite,K_Al,Charged+1,1733,-.11159835E+04,1,0
K0.5Rb0.5Al1Se1Te1_stannite,K_Al,Charged+2,1732,-.11185238E+04,1,0
K0.5Rb0.5Al1Se1Te1_stannite,K_Al,Charged-1,1735,-.11107449E+04,1,0
K0.5Rb0.5Al1Se1Te1_stannite,K_Al,Charged-2,1736,-.11080428E+04,1,0
K0.5Rb0.5Al1Se1Te1_stannite,K_Al,Neutral,1734.0000,-.11133804E+04,1,0
K0.5Rb0.5Al1Se1Te1_stannite,Rb_Al,Charged+1,1733,-.11160045E+04,1,0
K0.5Rb0.5Al1Se1Te1_stannite,Rb_Al,Charged+2,1732,-.11185554E+04,1,0
K0.5Rb0.5Al1Se1Te1_stannite,Rb_Al,Charged-1,1735,-.11107581E+04,1,0
K0.5Rb0.5Al1Se1Te1_stannite,Rb_Al,Charged-2,1736,-.11080576E+04,1,0
K0.5Rb0.5Al1Se1Te1_stannite,Rb_Al,Neutral,1734.0000,-.11134037E+04,1,0
K0.5Rb0.5Al1Se1Te1_stannite,V_Se,Charged+1,1721,-.11123402E+04,1,0
K0.5Rb0.5Al1Se1Te1_stannite,V_Se,Charged+2,1720,-.11158298E+04,0,0
K0.5Rb0.5Al1Se1Te1_stannite,V_Se,Charged-1,1723,-.11053511E+04,1,0
K0.5Rb0.5Al1Se1Te1_stannite,V_Se,Charged-2,1724,-.11023492E+04,1,0
K0.5Rb0.5Al1Se1Te1_stannite,V_Se,Neutral,1722.0000,-.11083398E+04,1,0
K0.5Rb0.5Al1Se2_kesterite,Al_Se,Charged+1,1724,-.12347311E+04,1,0
K0.5Rb0.5Al1Se2_kesterite,Al_Se,Charged+2,1723,-.12365228E+04,1,0
K0.5Rb0.5Al1Se2_kesterite,Al_Se,Charged-1,1726,-.12282288E+04,1,0
K0.5Rb0.5Al1Se2_kesterite,Al_Se,Charged-2,1727,-.12244607E+04,1,0
K0.5Rb0.5Al1Se2_kesterite,Al_Se,Neutral,1725.0000,-.12315733E+04,1,0
K0.5Rb0.5Al1Se2_stannite,Al_Rb,Charged+1,1718,-.11937107E+04,1,0
K0.5Rb0.5Al1Se2_stannite,Al_Rb,Charged+2,1717,-.11954107E+04,1,0
K0.5Rb0.5Al1Se2_stannite,Al_Rb,Charged-1,1720,-.11901404E+04,1,0
K0.5Rb0.5Al1Se2_stannite,Al_Rb,Charged-2,1721,-.11874101E+04,1,0
K0.5Rb0.5Al1Se2_stannite,Al_Rb,Neutral,1719.0000,-.11920559E+04,1,0
K0.5Rb0.5Al1Se2_stannite,Se_K,Charged+1,1718,-.11932280E+04,1,0
K0.5Rb0.5Al1Se2_stannite,Se_K,Charged+2,1717,-.11948722E+04,1,0
K0.5Rb0.5Al1Se2_stannite,Se_K,Charged-1,1720,-.11896060E+04,1,0
K0.5Rb0.5Al1Se2_stannite,Se_K,Charged-2,1721,-.11868822E+04,1,0
K0.5Rb0.5Al1Se2_stannite,Se_K,Neutral,1719.0000,-.11914947E+04,1,0
K0.5Rb0.5Al1Te2_kesterite,Al_Rb,Charged+1,1718,-.10845412E+04,1,0
K0.5Rb0.5Al1Te2_kesterite,Al_Rb,Charged+2,1717,-.10869019E+04,1,0
K0.5Rb0.5Al1Te2_kesterite,Al_Rb,Charged-1,1720,-.10793475E+04,1,0
K0.5Rb0.5Al1Te2_kesterite,Al_Rb,Charged-2,1721,-.10747049E+04,1,0
K0.5Rb0.5Al1Te2_kesterite,Al_Rb,Neutral,1719.0000,-.10819751E+04,1,0
K0.5Rb0.5Al1Te2_kesterite,K_Rb,Charged+1,1727,-.10884326E+04,1,0
K0.5Rb0.5Al1Te2_kesterite,K_Rb,Charged+2,1726,-.10910037E+04,1,0
K0.5Rb0.5Al1Te2_kesterite,K_Rb,Charged-1,1729,-.10811285E+04,1,0
K0.5Rb0.5Al1Te2_kesterite,K_Rb,Charged-2,1730,-.10764126E+04,1,0
K0.5Rb0.5Al1Te2_kesterite,K_Rb,Neutral,1728.0000,-.10857987E+04,1,0
K0.5Rb0.5Al1Te2_kesterite,V_Rb,Charged+1,1718,-.10845472E+04,1,0
K0.5Rb0.5Al1Te2_kesterite,V_Rb,Charged+2,1717,-.10869250E+04,1,0
K0.5Rb0.5Al1Te2_kesterite,V_Rb,Charged-1,1720,-.10793567E+04,1,0
K0.5Rb0.5Al1Te2_kesterite,V_Rb,Charged-2,1721,-.10747134E+04,1,0
K0.5Rb0.5Al1Te2_kesterite,V_Rb,Neutral,1719.0000,-.10819826E+04,1,0
K0.5Rb0.5Al1Te2_stannite,Rb_Al,Charged+1,1733,-.10485159E+04,1,0
K0.5Rb0.5Al1Te2_stannite,Rb_Al,Charged+2,1732,-.10509915E+04,1,0
K0.5Rb0.5Al1Te2_stannite,Rb_Al,Charged-1,1735,-.10433781E+04,1,0
K0.5Rb0.5Al1Te2_stannite,Rb_Al,Charged-2,1736,-.10407241E+04,1,0
K0.5Rb0.5Al1Te2_stannite,Rb_Al,Neutral,1734.0000,-.10459778E+04,1,0
K0.5Rb0.5Cs0.5Ag0.5Mg1Sn1Se4_kesterite,Ag_Mg,Charged+1,2132,-.11088420E+04,1,0
K0.5Rb0.5Cs0.5Ag0.5Mg1Sn1Se4_kesterite,Ag_Mg,Charged+2,2131,-.11103289E+04,1,0
K0.5Rb0.5Cs0.5Ag0.5Mg1Sn1Se4_kesterite,Ag_Mg,Charged-1,2134,-.11054484E+04,1,0
K0.5Rb0.5Cs0.5Ag0.5Mg1Sn1Se4_kesterite,Ag_Mg,Charged-2,2135,-.11025203E+04,1,0
K0.5Rb0.5Cs0.5Ag0.5Mg1Sn1Se4_kesterite,Ag_Mg,Neutral,2133.0000,-.11072185E+04,1,0
K0.5Rb0.5Cs0.5Ag0.5Mg1Sn1Se4_kesterite,Ag_Sn,Charged+1,2120,-.11091068E+04,0,0
K0.5Rb0.5Cs0.5Ag0.5Mg1Sn1Se4_kesterite,Ag_Sn,Charged+2,2119,,0,0
K0.5Rb0.5Cs0.5Ag0.5Mg1Sn1Se4_kesterite,Ag_Sn,Charged-1,2122,-.11031615E+04,0,0
K0.5Rb0.5Cs0.5Ag0.5Mg1Sn1Se4_kesterite,Ag_Sn,Charged-2,2123,-.11011126E+04,0,0
K0.5Rb0.5Cs0.5Ag0.5Mg1Sn1Se4_kesterite,Ag_Sn,Neutral,2121.0000,,0,0
K0.5Rb0.5Cs0.5Ag0.5Mg1Sn1Se4_kesterite,Cs_Mg,Charged+1,2130,-.11058576E+04,0,0
K0.5Rb0.5Cs0.5Ag0.5Mg1Sn1Se4_kesterite,Cs_Mg,Charged+2,2129,,0,0
K0.5Rb0.5Cs0.5Ag0.5Mg1Sn1Se4_kesterite,Cs_Mg,Charged-1,2132,-.11081428E+04,0,0
K0.5Rb0.5Cs0.5Ag0.5Mg1Sn1Se4_kesterite,Cs_Mg,Charged-2,2133,-.11053104E+04,1,0
K0.5Rb0.5Cs0.5Ag0.5Mg1Sn1Se4_kesterite,Cs_Mg,Neutral,2131.0000,-.11045531E+04,0,0
K0.5Rb0.5Cs0.5Ag0.5Mg1Sn1Se4_kesterite,Cs_Rb,Charged+1,2123,-.11096189E+04,1,0
K0.5Rb0.5Cs0.5Ag0.5Mg1Sn1Se4_kesterite,Cs_Rb,Charged+2,2122,-.11110460E+04,1,0
K0.5Rb0.5Cs0.5Ag0.5Mg1Sn1Se4_kesterite,Cs_Rb,Charged-1,2125,-.11052414E+04,1,0
K0.5Rb0.5Cs0.5Ag0.5Mg1Sn1Se4_kesterite,Cs_Rb,Charged-2,2126,-.11026622E+04,1,0
K0.5Rb0.5Cs0.5Ag0.5Mg1Sn1Se4_kesterite,Cs_Rb,Neutral,2124.0000,-.11082011E+04,1,0
K0.5Rb0.5Cs0.5Ag0.5Mg1Sn1Se4_kesterite,K_Mg,Charged+1,2130,-.11088366E+04,0,0
K0.5Rb0.5Cs0.5Ag0.5Mg1Sn1Se4_kesterite,K_Mg,Charged+2,2129,-.11103299E+04,0,0
K0.5Rb0.5Cs0.5Ag0.5Mg1Sn1Se4_kesterite,K_Mg,Charged-1,2132,-.11057586E+04,0,0
K0.5Rb0.5Cs0.5Ag0.5Mg1Sn1Se4_kesterite,K_Mg,Charged-2,2133,-.11029651E+04,0,0
K0.5Rb0.5Cs0.5Ag0.5Mg1Sn1Se4_kesterite,K_Mg,Neutral,2131.0000,-.11073260E+04,0,0
K0.5Rb0.5Cs0.5Ag0.5Mg1Sn1Se4_kesterite,Mg_Cs,Charged+1,2114,,0,0
K0.5Rb0.5Cs0.5Ag0.5Mg1Sn1Se4_kesterite,Mg_Cs,Charged+2,2113,,0,0
K0.5Rb0.5Cs0.5Ag0.5Mg1Sn1Se4_kesterite,Mg_Cs,Charged-1,2116,-.11052723E+04,0,0
K0.5Rb0.5Cs0.5Ag0.5Mg1Sn1Se4_kesterite,Mg_Cs,Charged-2,2117,,0,0
K0.5Rb0.5Cs0.5Ag0.5Mg1Sn1Se4_kesterite,Mg_Cs,Neutral,2115.0000,,0,0
K0.5Rb0.5Cs0.5Ag0.5Mg1Sn1Se4_kesterite,Rb_Cs,Charged+1,2114,-.11068004E+04,0,0
K0.5Rb0.5Cs0.5Ag0.5Mg1Sn1Se4_kesterite,Rb_Cs,Charged+2,2113,-.11077679E+04,0,0
K0.5Rb0.5Cs0.5Ag0.5Mg1Sn1Se4_kesterite,Rb_Cs,Charged-1,2116,-.11047140E+04,0,0
K0.5Rb0.5Cs0.5Ag0.5Mg1Sn1Se4_kesterite,Rb_Cs,Charged-2,2117,-.11026633E+04,0,0
K0.5Rb0.5Cs0.5Ag0.5Mg1Sn1Se4_kesterite,Rb_Cs,Neutral,2115.0000,-.11061534E+04,0,0
K0.5Rb0.5Cs0.5Ag0.5Mg1Sn1Se4_kesterite,Rb_Mg,Charged+1,2130,-.11101147E+04,0,0
K0.5Rb0.5Cs0.5Ag0.5Mg1Sn1Se4_kesterite,Rb_Mg,Charged+2,2129,-.11093422E+04,0,0
K0.5Rb0.5Cs0.5Ag0.5Mg1Sn1Se4_kesterite,Rb_Mg,Charged-1,2132,,0,0
K0.5Rb0.5Cs0.5Ag0.5Mg1Sn1Se4_kesterite,Rb_Mg,Charged-2,2133,,0,0
K0.5Rb0.5Cs0.5Ag0.5Mg1Sn1Se4_kesterite,Rb_Mg,Neutral,2131.0000,-.11065583E+04,0,0
K0.5Rb0.5Cs0.5Ag0.5Mg1Sn1Se4_kesterite,Rb_Sn,Charged+1,2118,-.11051759E+04,0,0
K0.5Rb0.5Cs0.5Ag0.5Mg1Sn1Se4_kesterite,Rb_Sn,Charged+2,2117,,0,0
K0.5Rb0.5Cs0.5Ag0.5Mg1Sn1Se4_kesterite,Rb_Sn,Charged-1,2120,-.11005374E+04,0,0
K0.5Rb0.5Cs0.5Ag0.5Mg1Sn1Se4_kesterite,Rb_Sn,Charged-2,2121,,0,0
K0.5Rb0.5Cs0.5Ag0.5Mg1Sn1Se4_kesterite,Rb_Sn,Neutral,2119.0000,-.11051890E+04,1,0
K0.5Rb0.5Cs0.5Ag0.5Mg1Sn1Se4_kesterite,Rb_i,Charged+1,2132,,0,0
K0.5Rb0.5Cs0.5Ag0.5Mg1Sn1Se4_kesterite,Rb_i,Charged+2,2131,-.11141029E+04,0,0
K0.5Rb0.5Cs0.5Ag0.5Mg1Sn1Se4_kesterite,Rb_i,Charged-1,2134,-.11069167E+04,0,0
K0.5Rb0.5Cs0.5Ag0.5Mg1Sn1Se4_kesterite,Rb_i,Charged-2,2135,,0,0
K0.5Rb0.5Cs0.5Ag0.5Mg1Sn1Se4_kesterite,Rb_i,Neutral,2133.0000,-.11098366E+04,0,0
K0.5Rb0.5Cs0.5Ag0.5Mg1Sn1Se4_kesterite,Se_Cs,Charged+1,2114,,0,0
K0.5Rb0.5Cs0.5Ag0.5Mg1Sn1Se4_kesterite,Se_Cs,Charged+2,2113,-.11069662E+04,0,0
K0.5Rb0.5Cs0.5Ag0.5Mg1Sn1Se4_kesterite,Se_Cs,Charged-1,2116,-.11044072E+04,0,0
K0.5Rb0.5Cs0.5Ag0.5Mg1Sn1Se4_kesterite,Se_Cs,Charged-2,2117,-.11019137E+04,0,0
K0.5Rb0.5Cs0.5Ag0.5Mg1Sn1Se4_kesterite,Se_Cs,Neutral,2115.0000,-.11061649E+04,0,0
K0.5Rb0.5Cs0.5Ag0.5Mg1Sn1Se4_kesterite,Se_Sn,Charged+1,2109,-.11042852E+04,0,0
K0.5Rb0.5Cs0.5Ag0.5Mg1Sn1Se4_kesterite,Se_Sn,Charged+2,2108,-.11088996E+04,1,0
K0.5Rb0.5Cs0.5Ag0.5Mg1Sn1Se4_kesterite,Se_Sn,Charged-1,2111,-.10991775E+04,0,0
K0.5Rb0.5Cs0.5Ag0.5Mg1Sn1Se4_kesterite,Se_Sn,Charged-2,2112,-.10970076E+04,0,0
K0.5Rb0.5Cs0.5Ag0.5Mg1Sn1Se4_kesterite,Se_Sn,Neutral,2110.0000,-.11018945E+04,0,0
K0.5Rb0.5Cs0.5Ag0.5Mg1Sn1Se4_kesterite,Sn_K,Charged+1,2114,-.11066029E+04,1,0
K0.5Rb0.5Cs0.5Ag0.5Mg1Sn1Se4_kesterite,Sn_K,Charged+2,2113,-.11080056E+04,1,0
K0.5Rb0.5Cs0.5Ag0.5Mg1Sn1Se4_kesterite,Sn_K,Charged-1,2116,-.11036626E+04,1,0
K0.5Rb0.5Cs0.5Ag0.5Mg1Sn1Se4_kesterite,Sn_K,Charged-2,2117,-.11009115E+04,1,0
K0.5Rb0.5Cs0.5Ag0.5Mg1Sn1Se4_kesterite,Sn_K,Neutral,2115.0000,-.11051551E+04,1,0
K0.5Rb0.5Cs0.5Ag0.5Mg1Sn1Se4_kesterite,Sn_Rb,Charged+1,2128,-.11126108E+04,1,0
K0.5Rb0.5Cs0.5Ag0.5Mg1Sn1Se4_kesterite,Sn_Rb,Charged+2,2127,-.11140847E+04,1,0
K0.5Rb0.5Cs0.5Ag0.5Mg1Sn1Se4_kesterite,Sn_Rb,Charged-1,2130,-.11068967E+04,1,0
K0.5Rb0.5Cs0.5Ag0.5Mg1Sn1Se4_kesterite,Sn_Rb,Charged-2,2131,-.11036000E+04,0,0
K0.5Rb0.5Cs0.5Ag0.5Mg1Sn1Se4_kesterite,Sn_Rb,Neutral,2129.0000,-.11097055E+04,1,0
K0.5Rb0.5Cs0.5Ag0.5Mg1Sn1Se4_kesterite,V_Mg,Charged+1,2121,-.11048967E+04,0,0
K0.5Rb0.5Cs0.5Ag0.5Mg1Sn1Se4_kesterite,V_Mg,Charged+2,2120,-.11071222E+04,0,0
K0.5Rb0.5Cs0.5Ag0.5Mg1Sn1Se4_kesterite,V_Mg,Charged-1,2123,-.11016604E+04,1,0
K0.5Rb0.5Cs0.5Ag0.5Mg1Sn1Se4_kesterite,V_Mg,Charged-2,2124,,0,0
K0.5Rb0.5Cs0.5Ag0.5Mg1Sn1Se4_kesterite,V_Mg,Neutral,2122.0000,-.11033592E+04,1,0
K0.5Rb0.5Cs0.5Ag0.5Mg1Sn1Se4_kesterite,V_Sn,Charged+1,2109,,0,0
K0.5Rb0.5Cs0.5Ag0.5Mg1Sn1Se4_kesterite,V_Sn,Charged+2,2108,,0,0
K0.5Rb0.5Cs0.5Ag0.5Mg1Sn1Se4_kesterite,V_Sn,Charged-1,2111,-.10986456E+04,0,0
K0.5Rb0.5Cs0.5Ag0.5Mg1Sn1Se4_kesterite,V_Sn,Charged-2,2112,-.10981206E+04,0,0
K0.5Rb0.5Cs0.5Ag0.5Mg1Sn1Se4_kesterite,V_Sn,Neutral,2110.0000,-.11038658E+04,0,0
K0.5Rb0.5Cs0.5Ag0.5Mg1Zr1S4_kesterite,Ag_Mg,Charged+1,2060,-.14846735E+04,1,0
K0.5Rb0.5Cs0.5Ag0.5Mg1Zr1S4_kesterite,Ag_Mg,Charged+2,2059,,0,0
K0.5Rb0.5Cs0.5Ag0.5Mg1Zr1S4_kesterite,Ag_Mg,Charged-1,2062,-.14808732E+04,1,0
K0.5Rb0.5Cs0.5Ag0.5Mg1Zr1S4_kesterite,Ag_Mg,Charged-2,2063,-.14770273E+04,1,0
K0.5Rb0.5Cs0.5Ag0.5Mg1Zr1S4_kesterite,Ag_Mg,Neutral,2061.0000,-.14828269E+04,1,0
K0.5Rb0.5Cs0.5Ag0.5Mg1Zr1S4_kesterite,Cs_i,Charged+1,2060,-.14889611E+04,0,0
K0.5Rb0.5Cs0.5Ag0.5Mg1Zr1S4_kesterite,Cs_i,Charged+2,2059,,0,0
K0.5Rb0.5Cs0.5Ag0.5Mg1Zr1S4_kesterite,Cs_i,Charged-1,2062,,0,0
K0.5Rb0.5Cs0.5Ag0.5Mg1Zr1S4_kesterite,Cs_i,Charged-2,2063,-.14778562E+04,0,0
K0.5Rb0.5Cs0.5Ag0.5Mg1Zr1S4_kesterite,Cs_i,Neutral,2061.0000,-.14859442E+04,0,0
K0.5Rb0.5Cs0.5Ag0.5Mg1Zr1S4_kesterite,Mg_i,Charged+1,2053,,0,0
K0.5Rb0.5Cs0.5Ag0.5Mg1Zr1S4_kesterite,Mg_i,Charged+2,2052,-.14948008E+04,0,0
K0.5Rb0.5Cs0.5Ag0.5Mg1Zr1S4_kesterite,Mg_i,Charged-1,2055,-.14812814E+04,0,0
K0.5Rb0.5Cs0.5Ag0.5Mg1Zr1S4_kesterite,Mg_i,Charged-2,2056,-.14791557E+04,0,0
K0.5Rb0.5Cs0.5Ag0.5Mg1Zr1S4_kesterite,Mg_i,Neutral,2054.0000,,0,0
K0.5Rb0.5Cs0.5Ag0.5Mg1Zr1S4_kesterite,Rb_Cs,Charged+1,2042,-.14820878E+04,1,0
K0.5Rb0.5Cs0.5Ag0.5Mg1Zr1S4_kesterite,Rb_Cs,Charged+2,2041,-.14838305E+04,1,0
K0.5Rb0.5Cs0.5Ag0.5Mg1Zr1S4_kesterite,Rb_Cs,Charged-1,2044,,0,0
K0.5Rb0.5Cs0.5Ag0.5Mg1Zr1S4_kesterite,Rb_Cs,Charged-2,2045,-.14747585E+04,1,0
K0.5Rb0.5Cs0.5Ag0.5Mg1Zr1S4_kesterite,Rb_Cs,Neutral,2043.0000,-.14803428E+04,1,0
K0.5Rb0.5Cs0.5Ag0.5Mg1Zr1S4_kesterite,Rb_K,Charged+1,2051,-.14864248E+04,1,0
K0.5Rb0.5Cs0.5Ag0.5Mg1Zr1S4_kesterite,Rb_K,Charged+2,2050,-.14882123E+04,1,0
K0.5Rb0.5Cs0.5Ag0.5Mg1Zr1S4_kesterite,Rb_K,Charged-1,2053,-.14807201E+04,1,0
K0.5Rb0.5Cs0.5Ag0.5Mg1Zr1S4_kesterite,Rb_K,Charged-2,2054,-.14767929E+04,1,0
K0.5Rb0.5Cs0.5Ag0.5Mg1Zr1S4_kesterite,Rb_K,Neutral,2052.0000,-.14845987E+04,1,0
K0.5Rb0.5Cs0.5Ag0.5Mg1Zr1S4_kesterite,Rb_S,Charged+1,2054,-.14862489E+04,0,0
K0.5Rb0.5Cs0.5Ag0.5Mg1Zr1S4_kesterite,Rb_S,Charged+2,2053,-.14903432E+04,0,0
K0.5Rb0.5Cs0.5Ag0.5Mg1Zr1S4_kesterite,Rb_S,Charged-1,2056,-.14783376E+04,0,0
K0.5Rb0.5Cs0.5Ag0.5Mg1Zr1S4_kesterite,Rb_S,Charged-2,2057,-.14733755E+04,0,0
K0.5Rb0.5Cs0.5Ag0.5Mg1Zr1S4_kesterite,Rb_S,Neutral,2055.0000,-.14833520E+04,0,0
K0.5Rb0.5Cs0.5Ag0.5Mg1Zr1S4_kesterite,S_Cs,Charged+1,2042,-.14821774E+04,1,0
K0.5Rb0.5Cs0.5Ag0.5Mg1Zr1S4_kesterite,S_Cs,Charged+2,2041,-.14838129E+04,1,0
K0.5Rb0.5Cs0.5Ag0.5Mg1Zr1S4_kesterite,S_Cs,Charged-1,2044,,0,0
K0.5Rb0.5Cs0.5Ag0.5Mg1Zr1S4_kesterite,S_Cs,Charged-2,2045,-.14746964E+04,1,0
K0.5Rb0.5Cs0.5Ag0.5Mg1Zr1S4_kesterite,S_Cs,Neutral,2043.0000,-.14803160E+04,1,0
K0.5Rb0.5Cs0.5Ag0.5Mg1Zr1S4_stannite,Ag_K,Charged+1,2053,-.14642446E+04,1,0
K0.5Rb0.5Cs0.5Ag0.5Mg1Zr1S4_stannite,Ag_K,Charged+2,2052,-.14659256E+04,1,0
K0.5Rb0.5Cs0.5Ag0.5Mg1Zr1S4_stannite,Ag_K,Charged-1,2055,-.14588663E+04,1,0
K0.5Rb0.5Cs0.5Ag0.5Mg1Zr1S4_stannite,Ag_K,Charged-2,2056,-.14551169E+04,1,0
K0.5Rb0.5Cs0.5Ag0.5Mg1Zr1S4_stannite,Ag_K,Neutral,2054.0000,-.14625432E+04,1,0
K0.5Rb0.5Cs0.5Ag0.5Mg1Zr1S4_stannite,Ag_Rb,Charged+1,2053,-.14651053E+04,1,0
K0.5Rb0.5Cs0.5Ag0.5Mg1Zr1S4_stannite,Ag_Rb,Charged+2,2052,-.14667865E+04,1,0
K0.5Rb0.5Cs0.5Ag0.5Mg1Zr1S4_stannite,Ag_Rb,Charged-1,2055,-.14597396E+04,1,0
K0.5Rb0.5Cs0.5Ag0.5Mg1Zr1S4_stannite,Ag_Rb,Charged-2,2056,-.14560230E+04,1,0
K0.5Rb0.5Cs0.5Ag0.5Mg1Zr1S4_stannite,Ag_Rb,Neutral,2054.0000,-.14634011E+04,1,0
K0.5Rb0.5Cs0.5Ag0.5Mg1Zr1S4_stannite,K_Mg,Charged+1,2058,-.14641501E+04,0,0
K0.5Rb0.5Cs0.5Ag0.5Mg1Zr1S4_stannite,K_Mg,Charged+2,2057,-.14649883E+04,0,0
K0.5Rb0.5Cs0.5Ag0.5Mg1Zr1S4_stannite,K_Mg,Charged-1,2060,-.14595589E+04,1,0
K0.5Rb0.5Cs0.5Ag0.5Mg1Zr1S4_stannite,K_Mg,Charged-2,2061,,0,0
K0.5Rb0.5Cs0.5Ag0.5Mg1Zr1S4_stannite,K_Mg,Neutral,2059.0000,,0,0
K0.5Rb0.5Cs0.5Ag0.5Mg1Zr1S4_stannite,K_S,Charged+1,2054,,0,0
K0.5Rb0.5Cs0.5Ag0.5Mg1Zr1S4_stannite,K_S,Charged+2,2053,-.14647633E+04,0,0
K0.5Rb0.5Cs0.5Ag0.5Mg1Zr1S4_stannite,K_S,Charged-1,2056,,0,0
K0.5Rb0.5Cs0.5Ag0.5Mg1Zr1S4_stannite,K_S,Charged-2,2057,,0,0
K0.5Rb0.5Cs0.5Ag0.5Mg1Zr1S4_stannite,K_S,Neutral,2055.0000,,0,0
K0.5Rb0.5Cs0.5Ag0.5Mg1Zr1S4_stannite,K_i,Charged+1,2060,-.14770966E+04,0,0
K0.5Rb0.5Cs0.5Ag0.5Mg1Zr1S4_stannite,K_i,Charged+2,2059,,0,0
K0.5Rb0.5Cs0.5Ag0.5Mg1Zr1S4_stannite,K_i,Charged-1,2062,-.14610567E+04,1,0
K0.5Rb0.5Cs0.5Ag0.5Mg1Zr1S4_stannite,K_i,Charged-2,2063,,0,0
K0.5Rb0.5Cs0.5Ag0.5Mg1Zr1S4_stannite,K_i,Neutral,2061.0000,-.14648096E+04,0,0
K0.5Rb0.5Cs0.5Ag0.5Mg1Zr1S4_stannite,Rb_i,Charged+1,2060,-.14680773E+04,0,0
K0.5Rb0.5Cs0.5Ag0.5Mg1Zr1S4_stannite,Rb_i,Charged+2,2059,,0,0
K0.5Rb0.5Cs0.5Ag0.5Mg1Zr1S4_stannite,Rb_i,Charged-1,2062,-.14606397E+04,0,0
K0.5Rb0.5Cs0.5Ag0.5Mg1Zr1S4_stannite,Rb_i,Charged-2,2063,-.14590276E+04,0,0
K0.5Rb0.5Cs0.5Ag0.5Mg1Zr1S4_stannite,Rb_i,Neutral,2061.0000,-.14722692E+04,0,0
K0.5Rb0.5Cs0.5Ag0.5Mg1Zr1S4_stannite,S_Ag,Charged+1,2040,,0,0
K0.5Rb0.5Cs0.5Ag0.5Mg1Zr1S4_stannite,S_Ag,Charged+2,2039,-.14618999E+04,0,0
K0.5Rb0.5Cs0.5Ag0.5Mg1Zr1S4_stannite,S_Ag,Charged-1,2042,-.14575744E+04,1,0
K0.5Rb0.5Cs0.5Ag0.5Mg1Zr1S4_stannite,S_Ag,Charged-2,2043,,0,0
K0.5Rb0.5Cs0.5Ag0.5Mg1Zr1S4_stannite,S_Ag,Neutral,2041.0000,-.14593188E+04,1,0
K0.5Rb0.5Cs0.5Ag0.5Mg1Zr1S4_stannite,S_Mg,Charged+1,2049,,0,0
K0.5Rb0.5Cs0.5Ag0.5Mg1Zr1S4_stannite,S_Mg,Charged+2,2048,,0,0
K0.5Rb0.5Cs0.5Ag0.5Mg1Zr1S4_stannite,S_Mg,Charged-1,2051,-.14562266E+04,0,0
K0.5Rb0.5Cs0.5Ag0.5Mg1Zr1S4_stannite,S_Mg,Charged-2,2052,-.14555888E+04,1,0
K0.5Rb0.5Cs0.5Ag0.5Mg1Zr1S4_stannite,S_Mg,Neutral,2050.0000,-.14591692E+04,0,0
K0.5Rb0.5Cs0.5Ag0.5Mg1Zr1S4_stannite,V_Mg,Charged+1,2049,-.14585116E+04,0,0
K0.5Rb0.5Cs0.5Ag0.5Mg1Zr1S4_stannite,V_Mg,Charged+2,2048,-.14596669E+04,0,0
K0.5Rb0.5Cs0.5Ag0.5Mg1Zr1S4_stannite,V_Mg,Charged-1,2051,-.14554299E+04,0,0
K0.5Rb0.5Cs0.5Ag0.5Mg1Zr1S4_stannite,V_Mg,Charged-2,2052,-.14556581E+04,1,0
K0.5Rb0.5Cs0.5Ag0.5Mg1Zr1S4_stannite,V_Mg,Neutral,2050.0000,-.14578744E+04,0,0
K0.5Rb0.5Cs0.5Ag0.5Mg1Zr1S4_stannite,V_S,Charged+1,2045,-.14658865E+04,0,0
K0.5Rb0.5Cs0.5Ag0.5Mg1Zr1S4_stannite,V_S,Charged+2,2044,-.14597619E+04,0,0
K0.5Rb0.5Cs0.5Ag0.5Mg1Zr1S4_stannite,V_S,Charged-1,2047,-.14509080E+04,1,0
K0.5Rb0.5Cs0.5Ag0.5Mg1Zr1S4_stannite,V_S,Charged-2,2048,-.14472274E+04,1,0
K0.5Rb0.5Cs0.5Ag0.5Mg1Zr1S4_stannite,V_S,Neutral,2046.0000,-.14545665E+04,1,0
K0.5Rb0.5Cs0.5Ag0.5Mg1Zr1S4_stannite,Zr_S,Charged+1,2057,-.14684111E+04,0,0
K0.5Rb0.5Cs0.5Ag0.5Mg1Zr1S4_stannite,Zr_S,Charged+2,2056,,0,0
K0.5Rb0.5Cs0.5Ag0.5Mg1Zr1S4_stannite,Zr_S,Charged-1,2059,,0,0
K0.5Rb0.5Cs0.5Ag0.5Mg1Zr1S4_stannite,Zr_S,Charged-2,2060,-.14522931E+04,0,0
K0.5Rb0.5Cs0.5Ag0.5Mg1Zr1S4_stannite,Zr_S,Neutral,2058.0000,-.14699450E+04,0,0
K0.5Rb0.5Cs0.5Ag0.5Mg1Zr1Se4_kesterite,Mg_Zr,Charged+1,2041,-.13539893E+04,0,0
K0.5Rb0.5Cs0.5Ag0.5Mg1Zr1Se4_kesterite,Mg_Zr,Charged+2,2040,,0,0
K0.5Rb0.5Cs0.5Ag0.5Mg1Zr1Se4_kesterite,Mg_Zr,Charged-1,2043,-.13501814E+04,1,0
K0.5Rb0.5Cs0.5Ag0.5Mg1Zr1Se4_kesterite,Mg_Zr,Charged-2,2044,-.13487350E+04,1,0
K0.5Rb0.5Cs0.5Ag0.5Mg1Zr1Se4_kesterite,Mg_Zr,Neutral,2042.0000,,0,0
K0.5Rb0.5Cs0.5Ag0.5Mg1Zr1Se4_kesterite,Rb_K,Charged+1,2051,-.13623718E+04,1,0
K0.5Rb0.5Cs0.5Ag0.5Mg1Zr1Se4_kesterite,Rb_K,Charged+2,2050,-.13635796E+04,1,0
K0.5Rb0.5Cs0.5Ag0.5Mg1Zr1Se4_kesterite,Rb_K,Charged-1,2053,-.13582306E+04,1,0
K0.5Rb0.5Cs0.5Ag0.5Mg1Zr1Se4_kesterite,Rb_K,Charged-2,2054,-.13552761E+04,1,0
K0.5Rb0.5Cs0.5Ag0.5Mg1Zr1Se4_kesterite,Rb_K,Neutral,2052.0000,-.13611551E+04,1,0
K0.5Rb0.5Cs0.5Ag0.5Mg1Zr1Se4_kesterite,Rb_Se,Charged+1,2054,,0,0
K0.5Rb0.5Cs0.5Ag0.5Mg1Zr1Se4_kesterite,Rb_Se,Charged+2,2053,-.13622854E+04,0,0
K0.5Rb0.5Cs0.5Ag0.5Mg1Zr1Se4_kesterite,Rb_Se,Charged-1,2056,,0,0
K0.5Rb0.5Cs0.5Ag0.5Mg1Zr1Se4_kesterite,Rb_Se,Charged-2,2057,-.13519265E+04,0,0
K0.5Rb0.5Cs0.5Ag0.5Mg1Zr1Se4_kesterite,Rb_Se,Neutral,2055.0000,-.13582160E+04,0,0
K0.5Rb0.5Cs0.5Ag0.5Mg1Zr1Se4_kesterite,V_Zr,Charged+1,2039,,0,0
K0.5Rb0.5Cs0.5Ag0.5Mg1Zr1Se4_kesterite,V_Zr,Charged+2,2038,-.13539839E+04,0,0
K0.5Rb0.5Cs0.5Ag0.5Mg1Zr1Se4_kesterite,V_Zr,Charged-1,2041,-.13459858E+04,0,0
K0.5Rb0.5Cs0.5Ag0.5Mg1Zr1Se4_kesterite,V_Zr,Charged-2,2042,,0,0
K0.5Rb0.5Cs0.5Ag0.5Mg1Zr1Se4_kesterite,V_Zr,Neutral,2040.0000,-.13488604E+04,0,0
K0.5Rb0.5Cs0.5Ag0.5Mg1Zr1Se4_kesterite,Zr_Cs,Charged+1,2042,-.13593073E+04,0,0
K0.5Rb0.5Cs0.5Ag0.5Mg1Zr1Se4_kesterite,Zr_Cs,Charged+2,2041,-.13594956E+04,0,0
K0.5Rb0.5Cs0.5Ag0.5Mg1Zr1Se4_kesterite,Zr_Cs,Charged-1,2044,-.13555170E+04,0,0
K0.5Rb0.5Cs0.5Ag0.5Mg1Zr1Se4_kesterite,Zr_Cs,Charged-2,2045,-.13529218E+04,1,0
K0.5Rb0.5Cs0.5Ag0.5Mg1Zr1Se4_kesterite,Zr_Cs,Neutral,2043.0000,-.13589806E+04,0,0
K0.5Rb0.5Cs0.5Ag0.5Mg1Zr1Se4_kesterite,Zr_Mg,Charged+1,2061,-.13699271E+04,1,0
K0.5Rb0.5Cs0.5Ag0.5Mg1Zr1Se4_kesterite,Zr_Mg,Charged+2,2060,-.13726952E+04,1,0
K0.5Rb0.5Cs0.5Ag0.5Mg1Zr1Se4_kesterite,Zr_Mg,Charged-1,2063,-.13640084E+04,1,0
K0.5Rb0.5Cs0.5Ag0.5Mg1Zr1Se4_kesterite,Zr_Mg,Charged-2,2064,-.13609033E+04,1,0
K0.5Rb0.5Cs0.5Ag0.5Mg1Zr1Se4_kesterite,Zr_Mg,Neutral,2062.0000,-.13669924E+04,1,0
K0.5Rb0.5Cs0.5Ag0.5Mg1Zr1Se4_stannite,Ag_Rb,Charged+1,2053,,0,0
K0.5Rb0.5Cs0.5Ag0.5Mg1Zr1Se4_stannite,Ag_Rb,Charged+2,2052,,0,0
K0.5Rb0.5Cs0.5Ag0.5Mg1Zr1Se4_stannite,Ag_Rb,Charged-1,2055,-.13394394E+04,1,0
K0.5Rb0.5Cs0.5Ag0.5Mg1Zr1Se4_stannite,Ag_Rb,Charged-2,2056,-.13366949E+04,1,0
K0.5Rb0.5Cs0.5Ag0.5Mg1Zr1Se4_stannite,Ag_Rb,Neutral,2054.0000,-.13421726E+04,1,0
K0.5Rb0.5Cs0.5Ag0.5Mg1Zr1Se4_stannite,Cs_Ag,Charged+1,2049,-.13427929E+04,1,0
K0.5Rb0.5Cs0.5Ag0.5Mg1Zr1Se4_stannite,Cs_Ag,Charged+2,2048,-.13439890E+04,1,0
K0.5Rb0.5Cs0.5Ag0.5Mg1Zr1Se4_stannite,Cs_Ag,Charged-1,2051,-.13389020E+04,1,0
K0.5Rb0.5Cs0.5Ag0.5Mg1Zr1Se4_stannite,Cs_Ag,Charged-2,2052,-.13361099E+04,1,0
K0.5Rb0.5Cs0.5Ag0.5Mg1Zr1Se4_stannite,Cs_Ag,Neutral,2050.0000,-.13416344E+04,1,0
K0.5Rb0.5Cs0.5Ag0.5Mg1Zr1Se4_stannite,Rb_Ag,Charged+1,2049,-.13428469E+04,1,0
K0.5Rb0.5Cs0.5Ag0.5Mg1Zr1Se4_stannite,Rb_Ag,Charged+2,2048,-.13440002E+04,1,0
K0.5Rb0.5Cs0.5Ag0.5Mg1Zr1Se4_stannite,Rb_Ag,Charged-1,2051,-.13389491E+04,1,0
K0.5Rb0.5Cs0.5Ag0.5Mg1Zr1Se4_stannite,Rb_Ag,Charged-2,2052,-.13362001E+04,1,0
K0.5Rb0.5Cs0.5Ag0.5Mg1Zr1Se4_stannite,Rb_Ag,Neutral,2050.0000,-.13416637E+04,1,0
K0.5Rb0.5Cs0.5Ag0.5Mg1Zr1Se4_stannite,Rb_Mg,Charged+1,2058,,0,0
K0.5Rb0.5Cs0.5Ag0.5Mg1Zr1Se4_stannite,Rb_Mg,Charged+2,2057,,0,0
K0.5Rb0.5Cs0.5Ag0.5Mg1Zr1Se4_stannite,Rb_Mg,Charged-1,2060,-.13394288E+04,1,0
K0.5Rb0.5Cs0.5Ag0.5Mg1Zr1Se4_stannite,Rb_Mg,Charged-2,2061,-.13366679E+04,1,0
K0.5Rb0.5Cs0.5Ag0.5Mg1Zr1Se4_stannite,Rb_Mg,Neutral,2059.0000,,0,0
K0.5Rb0.5Cs0.5Ag0.5Mg1Zr1Se4_stannite,Se_Cs,Charged+1,2042,-.13396522E+04,1,0
K0.5Rb0.5Cs0.5Ag0.5Mg1Zr1Se4_stannite,Se_Cs,Charged+2,2041,-.13407925E+04,1,0
K0.5Rb0.5Cs0.5Ag0.5Mg1Zr1Se4_stannite,Se_Cs,Charged-1,2044,-.13371577E+04,1,0
K0.5Rb0.5Cs0.5Ag0.5Mg1Zr1Se4_stannite,Se_Cs,Charged-2,2045,-.13344848E+04,1,0
K0.5Rb0.5Cs0.5Ag0.5Mg1Zr1Se4_stannite,Se_Cs,Neutral,2043.0000,-.13384849E+04,1,0
K0.5Rb0.5Cs0.5Ag0.5Mg1Zr1Se4_stannite,Se_Zr,Charged+1,2039,-.13265453E+04,0,0
K0.5Rb0.5Cs0.5Ag0.5Mg1Zr1Se4_stannite,Se_Zr,Charged+2,2038,-.13034044E+04,0,0
K0.5Rb0.5Cs0.5Ag0.5Mg1Zr1Se4_stannite,Se_Zr,Charged-1,2041,,0,0
K0.5Rb0.5Cs0.5Ag0.5Mg1Zr1Se4_stannite,Se_Zr,Charged-2,2042,-.13225231E+04,0,0
K0.5Rb0.5Cs0.5Ag0.5Mg1Zr1Se4_stannite,Se_Zr,Neutral,2040.0000,-.13262599E+04,0,0
K0.5Rb0.5Cs0.5Ag0.5Mg1Zr1Se4_stannite,V_Se,Charged+1,2045,-.13392368E+04,0,0
K0.5Rb0.5Cs0.5Ag0.5Mg1Zr1Se4_stannite,V_Se,Charged+2,2044,-.13422450E+04,1,0
K0.5Rb0.5Cs0.5Ag0.5Mg1Zr1Se4_stannite,V_Se,Charged-1,2047,-.13314196E+04,0,0
K0.5Rb0.5Cs0.5Ag0.5Mg1Zr1Se4_stannite,V_Se,Charged-2,2048,-.13288405E+04,1,0
K0.5Rb0.5Cs0.5Ag0.5Mg1Zr1Se4_stannite,V_Se,Neutral,2046.0000,-.13343211E+04,1,0
K0.5Rb0.5Cs0.5Ag0.5Zn1Ge1S4_kesterite,Ag_Ge,Charged+1,2480,-.11843578E+04,1,0
K0.5Rb0.5Cs0.5Ag0.5Zn1Ge1S4_kesterite,Ag_Ge,Charged+2,2479,,0,0
K0.5Rb0.5Cs0.5Ag0.5Zn1Ge1S4_kesterite,Ag_Ge,Charged-1,2482,-.11796854E+04,1,0
K0.5Rb0.5Cs0.5Ag0.5Zn1Ge1S4_kesterite,Ag_Ge,Charged-2,2483,-.11768522E+04,1,0
K0.5Rb0.5Cs0.5Ag0.5Zn1Ge1S4_kesterite,Ag_Ge,Neutral,2481.0000,-.11820141E+04,1,0
K0.5Rb0.5Cs0.5Ag0.5Zn1Ge1S4_kesterite,Ag_Zn,Charged+1,2482,,0,0
K0.5Rb0.5Cs0.5Ag0.5Zn1Ge1S4_kesterite,Ag_Zn,Charged+2,2481,-.11906260E+04,1,0
K0.5Rb0.5Cs0.5Ag0.5Zn1Ge1S4_kesterite,Ag_Zn,Charged-1,2484,-.11844939E+04,1,0
K0.5Rb0.5Cs0.5Ag0.5Zn1Ge1S4_kesterite,Ag_Zn,Charged-2,2485,-.11805487E+04,1,0
K0.5Rb0.5Cs0.5Ag0.5Zn1Ge1S4_kesterite,Ag_Zn,Neutral,2483.0000,-.11866080E+04,1,0
K0.5Rb0.5Cs0.5Ag0.5Zn1Ge1S4_kesterite,Ge_Ag,Charged+1,2486,-.11912488E+04,1,0
K0.5Rb0.5Cs0.5Ag0.5Zn1Ge1S4_kesterite,Ge_Ag,Charged+2,2485,-.11932592E+04,1,0
K0.5Rb0.5Cs0.5Ag0.5Zn1Ge1S4_kesterite,Ge_Ag,Charged-1,2488,-.11844547E+04,0,0
K0.5Rb0.5Cs0.5Ag0.5Zn1Ge1S4_kesterite,Ge_Ag,Charged-2,2489,-.11793126E+04,1,0
K0.5Rb0.5Cs0.5Ag0.5Zn1Ge1S4_kesterite,Ge_Ag,Neutral,2487.0000,-.11871082E+04,0,0
K0.5Rb0.5Cs0.5Ag0.5Zn1Ge1S4_kesterite,Ge_S,Charged+1,2491,-.11897810E+04,0,0
K0.5Rb0.5Cs0.5Ag0.5Zn1Ge1S4_kesterite,Ge_S,Charged+2,2490,,0,0
K0.5Rb0.5Cs0.5Ag0.5Zn1Ge1S4_kesterite,Ge_S,Charged-1,2493,-.11819215E+04,1,0
K0.5Rb0.5Cs0.5Ag0.5Zn1Ge1S4_kesterite,Ge_S,Charged-2,2494,-.11788785E+04,1,0
K0.5Rb0.5Cs0.5Ag0.5Zn1Ge1S4_kesterite,Ge_S,Neutral,2492.0000,,0,0
K0.5Rb0.5Cs0.5Ag0.5Zn1Ge1S4_kesterite,Rb_S,Charged+1,2486,,0,0
K0.5Rb0.5Cs0.5Ag0.5Zn1Ge1S4_kesterite,Rb_S,Charged+2,2485,,0,0
K0.5Rb0.5Cs0.5Ag0.5Zn1Ge1S4_kesterite,Rb_S,Charged-1,2488,,0,0
K0.5Rb0.5Cs0.5Ag0.5Zn1Ge1S4_kesterite,Rb_S,Charged-2,2489,,0,0
K0.5Rb0.5Cs0.5Ag0.5Zn1Ge1S4_kesterite,Rb_S,Neutral,2487.0000,,0,0
K0.5Rb0.5Cs0.5Ag0.5Zn1Ge1S4_kesterite,Rb_i,Charged+1,2492,-.11906560E+04,0,0
K0.5Rb0.5Cs0.5Ag0.5Zn1Ge1S4_kesterite,Rb_i,Charged+2,2491,,0,0
K0.5Rb0.5Cs0.5Ag0.5Zn1Ge1S4_kesterite,Rb_i,Charged-1,2494,,0,0
K0.5Rb0.5Cs0.5Ag0.5Zn1Ge1S4_kesterite,Rb_i,Charged-2,2495,,0,0
K0.5Rb0.5Cs0.5Ag0.5Zn1Ge1S4_kesterite,Rb_i,Neutral,2493.0000,-.11884376E+04,1,0
K0.5Rb0.5Cs0.5Ag0.5Zn1Ge1S4_kesterite,V_Ag,Charged+1,2472,-.11848186E+04,1,0
K0.5Rb0.5Cs0.5Ag0.5Zn1Ge1S4_kesterite,V_Ag,Charged+2,2471,-.11867348E+04,1,0
K0.5Rb0.5Cs0.5Ag0.5Zn1Ge1S4_kesterite,V_Ag,Charged-1,2474,,0,0
K0.5Rb0.5Cs0.5Ag0.5Zn1Ge1S4_kesterite,V_Ag,Charged-2,2475,-.11769779E+04,1,0
K0.5Rb0.5Cs0.5Ag0.5Zn1Ge1S4_kesterite,V_Ag,Neutral,2473.0000,-.11828780E+04,1,0
K0.5Rb0.5Cs0.5Ag0.5Zn1Ge1S4_kesterite,V_Cs,Charged+1,2474,-.11841982E+04,1,0
K0.5Rb0.5Cs0.5Ag0.5Zn1Ge1S4_kesterite,V_Cs,Charged+2,2473,,0,0
K0.5Rb0.5Cs0.5Ag0.5Zn1Ge1S4_kesterite,V_Cs,Charged-1,2476,-.11802558E+04,1,0
K0.5Rb0.5Cs0.5Ag0.5Zn1Ge1S4_kesterite,V_Cs,Charged-2,2477,-.11763733E+04,1,0
K0.5Rb0.5Cs0.5Ag0.5Zn1Ge1S4_kesterite,V_Cs,Neutral,2475.0000,-.11822391E+04,1,0
K0.5Rb0.5Cs0.5Ag0.5Zn1Ge1S4_kesterite,Zn_i,Charged+1,2495,-.11896227E+04,1,0
K0.5Rb0.5Cs0.5Ag0.5Zn1Ge1S4_kesterite,Zn_i,Charged+2,2494,-.11941422E+04,1,0
K0.5Rb0.5Cs0.5Ag0.5Zn1Ge1S4_kesterite,Zn_i,Charged-1,2497,,0,0
K0.5Rb0.5Cs0.5Ag0.5Zn1Ge1S4_kesterite,Zn_i,Charged-2,2498,,0,0
K0.5Rb0.5Cs0.5Ag0.5Zn1Ge1S4_kesterite,Zn_i,Neutral,2496.0000,-.11894906E+04,0,0
K0.5Rb0.5Cs0.5Ag0.5Zn1Ge1S4_stannite,Ag_K,Charged+1,2485,,0,0
K0.5Rb0.5Cs0.5Ag0.5Zn1Ge1S4_stannite,Ag_K,Charged+2,2484,,0,0
K0.5Rb0.5Cs0.5Ag0.5Zn1Ge1S4_stannite,Ag_K,Charged-1,2487,-.11455887E+04,0,0
K0.5Rb0.5Cs0.5Ag0.5Zn1Ge1S4_stannite,Ag_K,Charged-2,2488,-.11379280E+04,1,0
K0.5Rb0.5Cs0.5Ag0.5Zn1Ge1S4_stannite,Ag_K,Neutral,2486.0000,,0,0
K0.5Rb0.5Cs0.5Ag0.5Zn1Ge1S4_stannite,Cs_S,Charged+1,2486,,0,0
K0.5Rb0.5Cs0.5Ag0.5Zn1Ge1S4_stannite,Cs_S,Charged+2,2485,,0,0
K0.5Rb0.5Cs0.5Ag0.5Zn1Ge1S4_stannite,Cs_S,Charged-1,2488,,0,0
K0.5Rb0.5Cs0.5Ag0.5Zn1Ge1S4_stannite,Cs_S,Charged-2,2489,,0,0
K0.5Rb0.5Cs0.5Ag0.5Zn1Ge1S4_stannite,Cs_S,Neutral,2487.0000,-.11405440E+04,0,0
K0.5Rb0.5Cs0.5Ag0.5Zn1Ge1S4_stannite,Ge_Rb,Charged+1,2488,,0,0
K0.5Rb0.5Cs0.5Ag0.5Zn1Ge1S4_stannite,Ge_Rb,Charged+2,2487,,0,0
K0.5Rb0.5Cs0.5Ag0.5Zn1Ge1S4_stannite,Ge_Rb,Charged-1,2490,-.11447983E+04,0,0
K0.5Rb0.5Cs0.5Ag0.5Zn1Ge1S4_stannite,Ge_Rb,Charged-2,2491,,0,0
K0.5Rb0.5Cs0.5Ag0.5Zn1Ge1S4_stannite,Ge_Rb,Neutral,2489.0000,-.11548204E+04,0,0
K0.5Rb0.5Cs0.5Ag0.5Zn1Ge1S4_stannite,Ge_i,Charged+1,2497,,0,0
K0.5Rb0.5Cs0.5Ag0.5Zn1Ge1S4_stannite,Ge_i,Charged+2,2496,-.57528063E+03,0,0
K0.5Rb0.5Cs0.5Ag0.5Zn1Ge1S4_stannite,Ge_i,Charged-1,2499,,0,0
K0.5Rb0.5Cs0.5Ag0.5Zn1Ge1S4_stannite,Ge_i,Charged-2,2500,,0,0
K0.5Rb0.5Cs0.5Ag0.5Zn1Ge1S4_stannite,Ge_i,Neutral,2498.0000,,0,0
K0.5Rb0.5Cs0.5Ag0.5Zn1Ge1S4_stannite,Rb_Zn,Charged+1,2480,,0,0
K0.5Rb0.5Cs0.5Ag0.5Zn1Ge1S4_stannite,Rb_Zn,Charged+2,2479,,0,0
K0.5Rb0.5Cs0.5Ag0.5Zn1Ge1S4_stannite,Rb_Zn,Charged-1,2482,,0,0
K0.5Rb0.5Cs0.5Ag0.5Zn1Ge1S4_stannite,Rb_Zn,Charged-2,2483,,0,0
K0.5Rb0.5Cs0.5Ag0.5Zn1Ge1S4_stannite,Rb_Zn,Neutral,2481.0000,,0,0
K0.5Rb0.5Cs0.5Ag0.5Zn1Ge1S4_stannite,Zn_Cs,Charged+1,2474,,0,0
K0.5Rb0.5Cs0.5Ag0.5Zn1Ge1S4_stannite,Zn_Cs,Charged+2,2473,-.11423080E+04,0,0
K0.5Rb0.5Cs0.5Ag0.5Zn1Ge1S4_stannite,Zn_Cs,Charged-1,2476,-.11390883E+04,1,0
K0.5Rb0.5Cs0.5Ag0.5Zn1Ge1S4_stannite,Zn_Cs,Charged-2,2477,-.11363137E+04,1,0
K0.5Rb0.5Cs0.5Ag0.5Zn1Ge1S4_stannite,Zn_Cs,Neutral,2475.0000,,0,0
K0.5Rb0.5Cs1Zn1Zr1S4_kesterite,Cs_S,Charged+1,2378,,0,0
K0.5Rb0.5Cs1Zn1Zr1S4_kesterite,Cs_S,Charged+2,2377,,0,0
K0.5Rb0.5Cs1Zn1Zr1S4_kesterite,Cs_S,Charged-1,2380,-.14268680E+04,0,0
K0.5Rb0.5Cs1Zn1Zr1S4_kesterite,Cs_S,Charged-2,2381,,0,0
K0.5Rb0.5Cs1Zn1Zr1S4_kesterite,Cs_S,Neutral,2379.0000,,0,0
K0.5Rb0.5Cs1Zn1Zr1S4_kesterite,K_Cs,Charged+1,2375,-.14400136E+04,1,0
K0.5Rb0.5Cs1Zn1Zr1S4_kesterite,K_Cs,Charged+2,2374,-.14411998E+04,1,0
K0.5Rb0.5Cs1Zn1Zr1S4_kesterite,K_Cs,Charged-1,2377,-.14354385E+04,1,0
K0.5Rb0.5Cs1Zn1Zr1S4_kesterite,K_Cs,Charged-2,2378,-.14320188E+04,1,0
K0.5Rb0.5Cs1Zn1Zr1S4_kesterite,K_Cs,Neutral,2376.0000,-.14388346E+04,1,0
K0.5Rb0.5Cs1Zn1Zr1S4_kesterite,K_Zn,Charged+1,2372,-.14381750E+04,0,0
K0.5Rb0.5Cs1Zn1Zr1S4_kesterite,K_Zn,Charged+2,2371,,0,0
K0.5Rb0.5Cs1Zn1Zr1S4_kesterite,K_Zn,Charged-1,2374,-.14360663E+04,0,0
K0.5Rb0.5Cs1Zn1Zr1S4_kesterite,K_Zn,Charged-2,2375,-.14327879E+04,1,0
K0.5Rb0.5Cs1Zn1Zr1S4_kesterite,K_Zn,Neutral,2373.0000,,0,0
K0.5Rb0.5Cs1Zn1Zr1S4_kesterite,Rb_K,Charged+1,2375,,0,0
K0.5Rb0.5Cs1Zn1Zr1S4_kesterite,Rb_K,Charged+2,2374,-.14410171E+04,1,0
K0.5Rb0.5Cs1Zn1Zr1S4_kesterite,Rb_K,Charged-1,2377,-.14352499E+04,1,0
K0.5Rb0.5Cs1Zn1Zr1S4_kesterite,Rb_K,Charged-2,2378,-.14318111E+04,1,0
K0.5Rb0.5Cs1Zn1Zr1S4_kesterite,Rb_K,Neutral,2376.0000,-.14386206E+04,1,0
K0.5Rb0.5Cs1Zn1Zr1S4_kesterite,V_Cs,Charged+1,2366,,0,0
K0.5Rb0.5Cs1Zn1Zr1S4_kesterite,V_Cs,Charged+2,2365,-.14364916E+04,0,0
K0.5Rb0.5Cs1Zn1Zr1S4_kesterite,V_Cs,Charged-1,2368,,0,0
K0.5Rb0.5Cs1Zn1Zr1S4_kesterite,V_Cs,Charged-2,2369,-.14297617E+04,1,0
K0.5Rb0.5Cs1Zn1Zr1S4_kesterite,V_Cs,Neutral,2367.0000,-.14342465E+04,1,0
K0.5Rb0.5Cs1Zn1Zr1S4_kesterite,V_Zn,Charged+1,2363,,0,0
K0.5Rb0.5Cs1Zn1Zr1S4_kesterite,V_Zn,Charged+2,2362,,0,0
K0.5Rb0.5Cs1Zn1Zr1S4_kesterite,V_Zn,Charged-1,2365,-.14313743E+04,0,0
K0.5Rb0.5Cs1Zn1Zr1S4_kesterite,V_Zn,Charged-2,2366,-.14302082E+04,1,0
K0.5Rb0.5Cs1Zn1Zr1S4_kesterite,V_Zn,Neutral,2364.0000,,0,0
K0.5Rb0.5Cs1Zn1Zr1S4_kesterite,V_Zr,Charged+1,2363,,0,0
K0.5Rb0.5Cs1Zn1Zr1S4_kesterite,V_Zr,Charged+2,2362,,0,0
K0.5Rb0.5Cs1Zn1Zr1S4_kesterite,V_Zr,Charged-1,2365,,0,0
K0.5Rb0.5Cs1Zn1Zr1S4_kesterite,V_Zr,Charged-2,2366,,0,0
K0.5Rb0.5Cs1Zn1Zr1S4_kesterite,V_Zr,Neutral,2364.0000,,0,0
K0.5Rb0.5Cs1Zn1Zr1S4_kesterite,Zn_i,Charged+1,2387,,0,0
K0.5Rb0.5Cs1Zn1Zr1S4_kesterite,Zn_i,Charged+2,2386,,0,0
K0.5Rb0.5Cs1Zn1Zr1S4_kesterite,Zn_i,Charged-1,2389,,0,0
K0.5Rb0.5Cu0.5Ag0.5Mg1Ge1S4_stannite,Cu_Ag,Charged+2,2158,-.12659269E+04,1,0
K0.5Rb0.5Cu0.5Ag0.5Mg1Ge1S4_stannite,Cu_Mg,Charged+1,2168,-.12614086E+04,1,0
K0.5Rb0.5Cu0.5Ag0.5Mg1Ge1S4_stannite,Cu_Mg,Neutral,2169.0000,-.12584290E+04,1,0
K0.5Rb0.5Cu0.5Ag0.5Mg1Ge1S4_stannite,K_S,Charged+2,2161,-.12641939E+04,0,0
K0.5Rb0.5Cu0.5Ag0.5Mg1Ge1S4_stannite,K_S,Charged-1,2164,-.12591995E+04,0,0
K0.5Rb0.5Cu0.5Ag0.5Mg1Ge1S4_stannite,Mg_K,Charged-1,2152,-.12528547E+04,1,0
K0.5Rb0.5Cu0.5Ag0.5Mg1Ge1S4_stannite,Mg_K,Charged-2,2153,-.12491355E+04,1,0
K0.5Rb0.5Cu0.5Ag0.5Mg1Ge1S4_stannite,Mg_Rb,Charged+1,2150,-.12589436E+04,1,0
K0.5Rb0.5Cu0.5Ag0.5Mg1Ge1S4_stannite,Mg_Rb,Charged-1,2152,-.12531101E+04,1,0
K0.5Rb0.5Cu0.5Ag0.5Mg1Ge1S4_stannite,Mg_Rb,Charged-2,2153,-.12493987E+04,1,0
K0.5Rb0.5Cu0.5Ag0.5Mg1Ge1S4_stannite,Rb_i,Charged+2,2167,-.12693280E+04,0,0
K0.5Rb0.5Cu0.5Ag0.5Mg1Ge1S4_stannite,Rb_i,Charged-2,2171,-.12615021E+04,0,0
K0.5Rb0.5Cu0.5Ag0.5Mg1Ge1S4_stannite,V_K,Charged+1,2150,-.12587372E+04,1,0
K0.5Rb0.5Cu0.5Ag0.5Mg1Ge1S4_stannite,V_K,Charged-1,2152,-.12528479E+04,1,0
K0.5Rb0.5Cu0.5Ag0.5Mg1Ge1S4_stannite,V_K,Charged-2,2153,-.12491331E+04,1,0
K0.5Rb0.5Cu1Mg0.5Ca0.5Ge1S1Se2Te1_kesterite,HSE,.,2304.0000,-.13506867E+04,1,0
K0.5Rb0.5Cu1Zn1Zr1S4_kesterite,Cu_S,Charged+1,2452,-.14860425E+04,1,0
K0.5Rb0.5Cu1Zn1Zr1S4_kesterite,Cu_S,Neutral,2453.0000,-.14807642E+04,0,0
K0.5Rb0.5Cu1Zn1Zr1S4_kesterite,Rb_Cu,Charged+1,2445,,0,0
K0.5Rb0.5Ga1S2_kesterite,HSE,.,2448.0000,-.14444520E+04,1,1
K0.5Rb1Ag0.5Mg1Ge1S2Te2_kesterite,HSE,.,2124.0000,-.12864824E+04,1,0
