compound,d_eform,d_edec,d_eps,d_slme,pass
Ag1Al0.5Ga0.5S2_kesterite,1.1874999206185066e-08,4.7499998601097104e-08,3.333333342681044e-08,0.0,True
Ag1Al0.5Ga0.5Se2_stannite,6.000000096761937e-08,2.4000000209412065e-07,0.0,0.0,True
Ag1Al0.5Ga0.5Te2_kesterite,2.8437500354527856e-08,1.1375000141811142e-07,3.333333253863202e-08,0.0,True
Ag1Al0.5Ga0.5Te2_stannite,2.2968749568974545e-08,9.187499827589818e-08,3.333333253863202e-08,0.0002999999999993008,True
Ag1Al0.5In0.5Se2_stannite,2.343750038491521e-08,9.3749999763304e-08,3.333333342681044e-08,0.0,True
Ag1Al0.5In0.5Te2_kesterite,4.999999969612645e-08,1.999999987845058e-07,0.0,0.0,True
Ag1Al1S2_kesterite,2.312500013701424e-08,9.249999877170012e-08,0.0,0.0,True
Ag1Al1S2_stannite,1.2500009916038834e-09,5.000000413701855e-09,3.333333342681044e-08,0.0,True
Ag1Al1Se1Te1_stannite,1.5937500652540848e-08,6.375000083380655e-08,0.0,0.0,True
Ag1Al1Se2_kesterite,3.062499942529939e-08,1.2250000125391125e-07,3.333333342681044e-08,0.0,True
Ag1Al1Se2_stannite,2.5000002068509275e-09,1.000000082740371e-08,3.333333342681044e-08,0.0,True
Ag1Al1Te2_kesterite,1.000000127149292e-08,4.000000330961484e-08,3.333333253863202e-08,0.0,True
Ag1Al1Te2_stannite,5.624999577236167e-09,2.2500000085301508e-08,0.0,0.0,True
Ag1Ga0.5In0.5S1Se1_kesterite,6.062500057524289e-08,2.4250000052461473e-07,3.333333342681044e-08,0.0,True
Ag1Ga0.5In0.5S1Se1_stannite,1.3593749681461986e-08,5.4375000502204784e-08,3.333333342681044e-08,0.0,True
Ag1Ga0.5In0.5S2_kesterite,8.906250403839522e-09,3.562499983900125e-08,4.440892098500626e-16,0.0,True
Ag1Ga0.5In0.5S2_stannite,4.359374905504865e-08,1.7437499977290827e-07,8.881784197001252e-16,0.0,True
Ag1Ga0.5In0.5Se2_stannite,4.281249976756385e-08,1.7124999729389856e-07,3.333333342681044e-08,0.0,True
Ag1Ga0.5In0.5Te2_kesterite,6.828124998747853e-08,2.7312499994991413e-07,3.333333431498886e-08,0.0,True
Ag1Ga0.5In0.5Te2_stannite,2.3281249816875516e-08,9.312499926750206e-08,3.33333360913457e-08,0.0,True
Ag1Ga1S1Te1_stannite,5.890625009996597e-08,2.3562499862350705e-07,0.0,0.1311,False
Ag1Ga1S2_kesterite,1.9375001159005478e-08,7.750000108330823e-08,3.333333342681044e-08,0.0,True
Ag1Ga1S2_stannite,1.8124999279223175e-08,7.24999971168927e-08,3.333333342681044e-08,0.0,True
Ag1Ga1Se1Te1_kesterite,7.390625000880391e-08,2.9562500003521563e-07,3.333333253863202e-08,0.0,True
Ag1Ga1Se2_kesterite,2.4375000240439704e-08,9.750000273811565e-08,3.333333342681044e-08,0.0,True
Ag1Ga1Se2_stannite,8.750001168067456e-09,3.5000002895912985e-08,3.333333253863202e-08,0.0,True
Ag1Ga1Te2_kesterite,1.625000045635261e-08,6.500000182541044e-08,3.333333431498886e-08,0.0,True
Ag1Ga1Te2_stannite,5.625000021325377e-09,2.2500000085301508e-08,3.333333253863202e-08,0.0019000000000000128,True
Ag1In1S1Se1_stannite,2.765624929068622e-08,1.106250024918154e-07,3.333333342681044e-08,0.0,True
Ag1In1S1Te1_kesterite,1.9843749310410885e-08,7.937499901800038e-08,3.333333342681044e-08,0.0,True
Ag1In1S1Te1_stannite,7.750000063921902e-08,3.1000000078051926e-07,3.333333253863202e-08,1.1411000000000007,False
Ag1In1S2_kesterite,1.625000090044182e-08,6.500000182541044e-08,3.333333342681044e-08,0.0,True
Ag1In1S2_stannite,2.0624999486074103e-08,8.249999794429641e-08,0.0,0.0,True
Ag1In1Se1Te1_kesterite,3.562499983900125e-08,1.42499999356005e-07,3.333333431498886e-08,0.0,True
Ag1In1Se2_kesterite,2.8124999218448465e-08,1.1249999687379386e-07,3.333333431498886e-08,0.0,True
Ag1In1Te2_kesterite,6.250000517127319e-09,2.5000002068509275e-08,0.0,0.0,True
Ag1In1Te2_stannite,2.4374999796350494e-08,9.749999918540198e-08,3.333333253863202e-08,0.0,True
Ag2Ba0.5Cd0.5Ge1S4_kesterite,1.6406250580303094e-08,1.3125000464242476e-07,0.0,,False
Ag2Ba0.5Cd0.5Ge1S4_stannite,7.546875036013034e-08,6.037500028810427e-07,3.333333342681044e-08,0.0,True
Ag2Ba0.5Cd0.5Ge1Se4_kesterite,9.99999993922529e-09,7.999999951380232e-08,3.333333342681044e-08,0.0,True
Ag2Ba0.5Cd0.5Ge1Se4_stannite,6.249999628948899e-09,4.999999703159119e-08,3.333333342681044e-08,0.0,True
Ag2Ba0.5Cd0.5Ge1Te4_stannite,5.203125130748276e-08,4.1625000335443474e-07,3.33333360913457e-08,0.0,True
Ag2Ba0.5Cd0.5Sn1S4_kesterite,1.656249981607516e-08,1.3249999852860128e-07,3.333333298272123e-08,0.0,True
Ag2Ba0.5Cd0.5Sn1S4_stannite,3.718750019032768e-08,2.9750000152262146e-07,0.0,0.0,True
Ag2Ba0.5Cd0.5Sn1Se4_kesterite,5.4687500750105755e-08,4.3750000600084604e-07,3.333333342681044e-08,0.0,True
Ag2Ba0.5Cd0.5Sn1Se4_stannite,2.515625041610292e-08,2.0125000332882337e-07,3.333333342681044e-08,0.002300000000001745,True
Ag2Ba0.5Cd0.5Sn1Te4_stannite,1.1875000982541906e-08,9.500000430762157e-08,3.333333253863202e-08,0.0,True
Ag2Ba0.5Cd0.5Zr1S4_kesterite,5.8124999480213546e-08,4.6499999939442205e-07,3.333333342681044e-08,0.0,True
Ag2Ba0.5Cd0.5Zr1S4_stannite,6.453125100946977e-08,5.162500045230445e-07,0.0,0.0,True
Ag2Ba0.5Cd0.5Zr1Se4_kesterite,4.4687499478612835e-08,3.5749999938161636e-07,3.333333342681044e-08,,False
Ag2Ba0.5Cd0.5Zr1Se4_stannite,7.437500082474457e-08,5.950000030452429e-07,0.0,0.0,True
Ag2Ba0.5Cd0.5Zr1Te4_stannite,6.609374958443937e-08,5.287500002282286e-07,3.333333342681044e-08,0.0,True
Ag2Ba0.5Zn0.5Ge1S4_kesterite,7.375000032894263e-08,5.899999990788274e-07,3.333333387089965e-08,0.0,True
Ag2Ba0.5Zn0.5Ge1S4_stannite,1.249999215247044e-09,1.000000082740371e-08,3.333333342681044e-08,0.0,True
Ag2Ba0.5Zn0.5Ge1Se4_kesterite,8.881784197001252e-16,0.0,3.333333342681044e-08,0.0,True
Ag2Ba0.5Zn0.5Ge1Se4_stannite,4.7500001265632363e-08,3.8000000301963155e-07,3.333333342681044e-08,0.0,True
Ag2Ba0.5Zn0.5Ge1Te4_stannite,7.343750008104166e-08,5.874999970956196e-07,0.0,,False
Ag2Ba0.5Zn0.5Sn1S4_kesterite,9.062500971879217e-09,7.250000066960638e-08,0.0,0.0,True
Ag2Ba0.5Zn0.5Sn1S4_stannite,1.0468750311076747e-08,8.374999538318662e-08,3.333333342681044e-08,0.0,True
Ag2Ba0.5Zn0.5Sn1Se4_kesterite,6.859375112355792e-08,5.487500089884634e-07,0.0,0.0,True
Ag2Ba0.5Zn0.5Sn1Se4_stannite,6.109375139118356e-08,4.887500111294685e-07,3.333333253863202e-08,9.999999999976694e-05,True
Ag2Ba0.5Zn0.5Sn1Te4_kesterite,3.937499970518843e-08,3.150000011942211e-07,3.333333431498886e-08,0.0,True
Ag2Ba0.5Zn0.5Sn1Te4_stannite,4.906249939651275e-08,3.9249999872481567e-07,3.333333431498886e-08,0.0,True
Ag2Ba0.5Zn0.5Zr1S4_kesterite,3.6093748878585075e-08,2.8875000168682163e-07,3.333333342681044e-08,0.0,True
Ag2Ba0.5Zn0.5Zr1S4_stannite,4.796874852885935e-08,3.8374999888901584e-07,4.440892098500626e-16,0.0,True
Ag2Ba0.5Zn0.5Zr1Se4_kesterite,5.499999877756068e-08,4.399999937731991e-07,0.0,0.0,True
Ag2Ba0.5Zn0.5Zr1Se4_stannite,7.484375119659603e-08,5.987500060200546e-07,3.333333342681044e-08,0.0,True
Ag2Ba0.5Zn0.5Zr1Te4_kesterite,2.0156249114222646e-08,1.6125000001920853e-07,3.333333431498886e-08,0.0,True
Ag2Ba0.5Zn0.5Zr1Te4_stannite,5.624999932507535e-08,4.5000000170603016e-07,3.333333342681044e-08,0.0,True
Ag2Ba1Ge0.5Zr0.5S4_kesterite,2.687500089137984e-08,2.14999992920184e-07,3.333333387089965e-08,0.0,True
Ag2Ba1Ge0.5Zr0.5S4_stannite,4.734375025350346e-08,3.78750009133455e-07,0.0,0.0,True
Ag2Ba1Ge0.5Zr0.5Se4_kesterite,1.3906251261630587e-08,1.1125000298761734e-07,0.0,0.0,True
Ag2Ba1Ge0.5Zr0.5Se4_stannite,4.79687507493054e-08,3.837500059944432e-07,3.333333342681044e-08,0.0,True
Ag2Ba1Ge0.5Zr0.5Te4_kesterite,1.1093749030521849e-08,8.874999934960215e-08,3.333333342681044e-08,0.0,True
Ag2Ba1Ge1S1Se1Te2_stannite,4.234375006184621e-08,3.387500058238402e-07,0.0,0.0,True
Ag2Ba1Ge1S1Se3_kesterite,5.5781249397313104e-08,4.462499987312185e-07,3.333333298272123e-08,0.0,True
Ag2Ba1Ge1S1Te3_kesterite,7.187500017380444e-08,5.750000013904355e-07,0.0,0.0,True
Ag2Ba1Ge1S2Se2_kesterite,4.999999969612645e-08,3.999999975690116e-07,3.333333342681044e-08,0.0,True
Ag2Ba1Ge1S2Se2_stannite,1.4999999908837935e-08,1.2000000282341716e-07,3.333333342681044e-08,0.0,True
Ag2Ba1Ge1S3Se1_kesterite,5.828124916007482e-08,4.6625000038602593e-07,3.333333387089965e-08,0.0,True
Ag2Ba1Ge1S3Se1_stannite,4.2968749447425125e-08,3.4375000268482836e-07,0.0,0.0,True
Ag2Ba1Ge1S4_kesterite,2.4375000240439704e-08,1.9499999837080395e-07,3.333333342681044e-08,0.0,True
Ag2Ba1Ge1S4_stannite,2.8124999662537675e-08,2.2500000085301508e-07,0.0,0.0,True
Ag2Ba1Ge1Se2Te2_stannite,3.453125074770469e-08,2.762500059816375e-07,3.333333342681044e-08,0.0,True
Ag2Ba1Ge1Se4_kesterite,3.062500075756702e-08,2.450000025078225e-07,0.0,0.0,True
Ag2Ba1Ge1Se4_stannite,3.1249999477012125e-08,2.499999993688107e-07,0.0,0.0,True
Ag2Ba1Ge1Te4_kesterite,0.0,0.0,0.0,0.0,True
Ag2Ba1Ge1Te4_stannite,2.687500000320142e-08,2.1500000002561137e-07,3.333333253863202e-08,0.0,True
Ag2Ba1Sn0.5Ge0.5S4_kesterite,3.593750008690222e-08,2.8750000069521775e-07,0.0,0.0,True
Ag2Ba1Sn0.5Ge0.5S4_stannite,3.484374921924882e-08,2.7874999375399057e-07,3.333333253863202e-08,0.0,True
Ag2Ba1Sn0.5Ge0.5Se4_kesterite,4.906250072878038e-08,3.925000129356704e-07,0.0,0.0,True
Ag2Ba1Sn0.5Ge0.5Se4_stannite,3.046875018952733e-08,2.4374999441079126e-07,0.0,0.0,True
Ag2Ba1Sn0.5Zr0.5S4_kesterite,5.1562500047452886e-08,4.1249999327419573e-07,8.881784197001252e-16,0.0,True
Ag2Ba1Sn0.5Zr0.5S4_stannite,3.171875118113121e-08,2.5374999523819497e-07,0.0,0.0,True
Ag2Ba1Sn0.5Zr0.5Se4_kesterite,2.656249975530045e-08,2.1249999093697625e-07,3.333333342681044e-08,0.0,True
Ag2Ba1Sn0.5Zr0.5Se4_stannite,6.656250040038003e-08,5.325000103084676e-07,3.333333253863202e-08,0.0,True
Ag2Ba1Sn0.5Zr0.5Te4_stannite,4.171875023217808e-08,3.33750008962852e-07,3.333333342681044e-08,0.0,True
Ag2Ba1Sn1S1Se1Te2_stannite,3.8281249059579636e-08,3.0624999425299393e-07,3.333333342681044e-08,0.0,True
Ag2Ba1Sn1S1Se3_stannite,5.5781249397313104e-08,4.462499987312185e-07,8.881784197001252e-16,0.0,True
Ag2Ba1Sn1S1Te3_kesterite,4.421874955085059e-08,3.537499964068047e-07,0.0,0.0,True
Ag2Ba1Sn1S1Te3_stannite,4.390625019112804e-08,3.512500015290243e-07,3.333333342681044e-08,0.0,True
Ag2Ba1Sn1S2Se1Te1_kesterite,5.7499998984411604e-08,4.599999954280065e-07,3.333333342681044e-08,0.0,True
Ag2Ba1Sn1S2Se1Te1_stannite,7.265625034946765e-08,5.812499992430276e-07,0.0,0.0,True
Ag2Ba1Sn1S2Se2_kesterite,4.6718750645879936e-08,3.737500051670395e-07,0.0,,False
Ag2Ba1Sn1S2Se2_stannite,1.0937499794749783e-08,8.749999835799827e-08,3.333333342681044e-08,0.0,True
Ag2Ba1Sn1S2Te2_kesterite,1.828125029135208e-08,1.4625000233081664e-07,3.333333342681044e-08,0.0,True
Ag2Ba1Sn1S2Te2_stannite,4.1562500108227596e-08,3.3250000086582077e-07,3.333333431498886e-08,0.0,True
Ag2Ba1Sn1S3Se1_stannite,2.3593750064776486e-08,1.887500005182119e-07,0.0,0.0,True
Ag2Ba1Sn1S3Te1_kesterite,3.890624977742618e-08,3.1124999821940946e-07,3.333333253863202e-08,0.0,True
Ag2Ba1Sn1S3Te1_stannite,2.2187499837400537e-08,1.774999986992043e-07,0.0,0.0,True
Ag2Ba1Sn1S4_kesterite,2.7500000943092573e-08,2.200000039920269e-07,3.333333253863202e-08,0.0,True
Ag2Ba1Sn1Se1Te3_kesterite,4.1718750454222686e-08,3.3375000185742465e-07,8.881784197001252e-16,0.0005000000000023874,True
Ag2Ba1Sn1Se2Te2_kesterite,7.796875056698127e-08,6.237500045358502e-07,3.333333342681044e-08,0.0057000000000009265,True
Ag2Ba1Sn1Se2Te2_stannite,1.0781249670799298e-08,8.624999736639438e-08,0.0,0.0,True
Ag2Ba1Sn1Se3Te1_kesterite,1.9531249950688334e-08,1.5625000315822035e-07,3.333333342681044e-08,0.0,True
Ag2Ba1Sn1Se3Te1_stannite,3.937499970518843e-08,3.150000011942211e-07,3.333333253863202e-08,0.0,True
Ag2Ba1Sn1Se4_kesterite,2.937500021005235e-08,2.350000016804188e-07,3.333333342681044e-08,0.0017999999999993577,True
Ag2Ba1Sn1Se4_stannite,6.874999680661631e-09,5.5000000998006726e-08,3.333333342681044e-08,0.0,True
Ag2Ba1Sn1Te4_kesterite,1.8749999775025117e-08,1.4999999820020093e-07,3.333333253863202e-08,1.4852999999999996,False
Ag2Ba1Sn1Te4_stannite,2.937500021005235e-08,2.350000016804188e-07,3.333333342681044e-08,0.0,True
Ag2Ba1Zr1S1Se1Te2_kesterite,7.812495095294025e-10,6.24999785259206e-09,3.333333431498886e-08,0.0,True
Ag2Ba1Zr1S1Se1Te2_stannite,1.1250000264695359e-08,8.999999323577867e-08,3.333333342681044e-08,0.0,True
Ag2Ba1Zr1S1Se2Te1_kesterite,1.0624999990938022e-08,8.49999963747905e-08,3.333333253863202e-08,0.0,True
Ag2Ba1Zr1S1Se3_kesterite,4.484375004665253e-08,3.5875000037322025e-07,3.333333342681044e-08,0.0,True
Ag2Ba1Zr1S1Se3_stannite,3.109374890897243e-08,2.487499983772068e-07,8.881784197001252e-16,0.0,True
Ag2Ba1Zr1S1Te3_stannite,4.4687500366791255e-08,3.5749999938161636e-07,3.333333342681044e-08,0.0,True
Ag2Ba1Zr1S2Se1Te1_kesterite,7.499999865601126e-08,5.999999999062311e-07,3.333333342681044e-08,0.0,True
Ag2Ba1Zr1S2Se1Te1_stannite,2.0781250054113798e-08,1.6625000398562406e-07,3.333333342681044e-08,0.0,True
Ag2Ba1Zr1S2Se2_kesterite,1.9843749310410885e-08,1.5874999803600076e-07,3.333333342681044e-08,,False
Ag2Ba1Zr1S2Se2_stannite,5.374999956231363e-08,4.3000000005122274e-07,3.333333342681044e-08,0.0,True
Ag2Ba1Zr1S2Te2_kesterite,4.843749978888923e-08,3.8749999475840013e-07,0.0,0.0,True
Ag2Ba1Zr1S2Te2_stannite,8.750001168067456e-09,7.000000579182597e-08,3.333333253863202e-08,0.0,True
Ag2Ba1Zr1S3Se1_kesterite,5.6718751473283646e-08,4.537500046808418e-07,3.333333298272123e-08,0.0,True
Ag2Ba1Zr1S3Te1_kesterite,2.8906249838200893e-08,2.3124999870560714e-07,3.333333342681044e-08,0.0,True
Ag2Ba1Zr1S4_kesterite,3.937500059336685e-08,3.150000011942211e-07,3.333333342681044e-08,0.0,True
Ag2Ba1Zr1S4_stannite,2.4374999352261284e-08,1.9499999837080395e-07,0.0,0.0,True
Ag2Ba1Zr1Se2Te2_kesterite,3.234375034466552e-08,2.587499992046105e-07,3.333333342681044e-08,0.0,True
Ag2Ba1Zr1Se2Te2_stannite,7.359374931681373e-08,5.887499980872235e-07,3.333333342681044e-08,0.0,True
Ag2Ba1Zr1Se3Te1_kesterite,7.812499980275334e-09,6.249999984220267e-08,8.881784197001252e-16,0.0,True
Ag2Ba1Zr1Se4_kesterite,4.218750015994033e-08,3.375000048322363e-07,0.0,0.0,True
Ag2Ba1Zr1Se4_stannite,1.3281249433561015e-08,1.062499990212018e-07,3.333333342681044e-08,0.0,True
Ag2Ba1Zr1Te4_kesterite,2.4999999848063226e-08,1.9999999523179213e-07,3.333333342681044e-08,0.0,True
Ag2Ba1Zr1Te4_stannite,3.96874999530894e-08,3.175000031774289e-07,3.333333342681044e-08,0.0,True
Ag2Ca0.5Ba0.5Ge1S4_kesterite,4.421875088311822e-08,3.5375000351223207e-07,3.333333298272123e-08,0.0,True
Ag2Ca0.5Ba0.5Ge1S4_stannite,2.109375030201477e-08,1.6874999886340447e-07,3.333333387089965e-08,0.0,True
Ag2Ca0.5Ba0.5Ge1Se4_kesterite,2.624999950739948e-08,2.100000031646232e-07,0.0,,False
Ag2Ca0.5Ba0.5Ge1Se4_stannite,5.375000089458126e-08,4.3000000005122274e-07,3.333333342681044e-08,0.0,True
Ag2Ca0.5Ba0.5Sn1S4_kesterite,4.25000004078413e-08,3.399999997100167e-07,3.333333298272123e-08,,False
Ag2Ca0.5Ba0.5Sn1S4_stannite,6.796874929548835e-08,5.437499979166205e-07,3.3333333204765836e-08,0.0,True
Ag2Ca0.5Ba0.5Sn1Se4_kesterite,2.2031249713450052e-08,1.7624999770760041e-07,0.0,0.0,True
Ag2Ca0.5Ba0.5Sn1Se4_stannite,5.546874959350134e-08,4.4374999674801074e-07,0.0,0.0,True
Ag2Ca0.5Ba0.5Sn1Te4_kesterite,3.9218750469416364e-08,3.1375000020261723e-07,3.333333253863202e-08,0.0,True
Ag2Ca0.5Ba0.5Sn1Te4_stannite,4.6406250397978965e-08,3.712500031838317e-07,8.881784197001252e-16,0.0,True
Ag2Ca0.5Ba0.5Zr1S4_kesterite,6.312500078209382e-08,5.050000027040369e-07,3.333333342681044e-08,0.0,True
Ag2Ca0.5Ba0.5Zr1S4_stannite,6.281249964601443e-08,5.025000007208291e-07,0.0,0.0,True
Ag2Ca0.5Ba0.5Zr1Se4_kesterite,4.7500000821543154e-08,3.8000000301963155e-07,3.333333253863202e-08,0.0,True
Ag2Ca0.5Ba0.5Zr1Se4_stannite,1.2187500342264457e-08,9.749999918540198e-08,3.333333431498886e-08,0.0,True
Ag2Ca0.5Ba0.5Zr1Te4_stannite,4.187499902386094e-08,3.349999957436012e-07,3.333333342681044e-08,0.0,True
Ag2Ca0.5Cd0.5Ge1S4_kesterite,4.828124966493874e-08,3.862500008722236e-07,3.333333342681044e-08,,False
Ag2Ca0.5Cd0.5Ge1S4_stannite,2.3593750508865696e-08,1.887500005182119e-07,0.0,0.0,True
Ag2Ca0.5Cd0.5Ge1Se4_kesterite,5.6406249449025836e-08,4.512499955922067e-07,4.440892098500626e-16,0.0,True
Ag2Ca0.5Cd0.5Ge1Se4_stannite,4.2656250087702574e-08,3.412500007016206e-07,8.881784197001252e-16,0.0,True
Ag2Ca0.5Cd0.5Ge1Te4_kesterite,1.9218750590965783e-08,1.5375000117501259e-07,3.333333342681044e-08,0.0,True
Ag2Ca0.5Cd0.5Ge1Te4_stannite,1.515625092096684e-08,1.2125000381502105e-07,0.0,0.0,True
Ag2Ca0.5Cd0.5Sn1S4_kesterite,2.031250723177891e-09,1.6250005785423127e-08,0.0,0.0,True
Ag2Ca0.5Cd0.5Sn1S4_stannite,2.343750082900442e-09,1.8750000663203537e-08,3.333333298272123e-08,0.0,True
Ag2Ca0.5Cd0.5Sn1Se4_kesterite,1.2968750073838464e-08,1.0374999703799404e-07,3.333333342681044e-08,0.0,True
Ag2Ca0.5Cd0.5Sn1Se4_stannite,5.1250000243641125e-08,4.100000055018427e-07,3.333333342681044e-08,0.0007999999999981355,True
Ag2Ca0.5Cd0.5Sn1Te4_stannite,7.296875015327942e-08,5.837500012262353e-07,3.333333431498886e-08,0.0,True
Ag2Ca0.5Cd0.5Zr1S4_kesterite,6.843749966733981e-08,5.475000008914321e-07,8.881784197001252e-16,0.0,True
Ag2Ca0.5Cd0.5Zr1S4_stannite,5.796874935626306e-08,4.6374999840281816e-07,3.333333253863202e-08,0.0,True
Ag2Ca0.5Cd0.5Zr1Se4_kesterite,2.343750526989652e-09,1.8750000663203537e-08,3.333333342681044e-08,0.0,True
Ag2Ca0.5Cd0.5Zr1Te4_kesterite,1.2656250270026703e-08,1.0125000216021363e-07,3.333333253863202e-08,0.0,True
Ag2Ca0.5Cd0.5Zr1Te4_stannite,1.4062493391975295e-09,1.1249994713580236e-08,0.0,0.0,True
Ag2Ca0.5Sr0.5Ge1S4_kesterite,5.5781250285491524e-08,4.462499987312185e-07,3.333333342681044e-08,0.0,True
Ag2Ca0.5Sr0.5Ge1S4_stannite,7.781250088712e-08,6.225000035442463e-07,4.440892098500626e-16,0.0,True
Ag2Ca0.5Sr0.5Ge1Se4_kesterite,2.5312499651874987e-08,2.024999972149999e-07,0.0,,False
Ag2Ca0.5Sr0.5Ge1Se4_stannite,4.8437500232978437e-08,3.875000018638275e-07,3.333333253863202e-08,0.0,True
Ag2Ca0.5Sr0.5Ge1Te4_stannite,6.296875021405413e-08,5.03750001712433e-07,3.333333342681044e-08,0.0,True
Ag2Ca0.5Sr0.5Sn0.5Ge0.5S2Te2_kesterite,5.31249995106009e-08,4.249999960848072e-07,8.881784197001252e-16,0.0,True
Ag2Ca0.5Sr0.5Sn1S4_kesterite,5.5781250285491524e-08,4.462499987312185e-07,3.333333342681044e-08,0.0,True
Ag2Ca0.5Sr0.5Sn1S4_stannite,6.703125032814228e-08,5.362499990724245e-07,0.0,0.0,True
Ag2Ca0.5Sr0.5Sn1Se4_kesterite,5.5781249841402314e-08,4.4624999162579115e-07,3.333333342681044e-08,0.0,True
Ag2Ca0.5Sr0.5Sn1Se4_stannite,6.078125025510417e-08,4.86249994935406e-07,4.440892098500626e-16,0.0,True
Ag2Ca0.5Sr0.5Sn1Te4_kesterite,4.375000006717755e-08,3.500000005374204e-07,3.333333342681044e-08,0.0,True
Ag2Ca0.5Sr0.5Sn1Te4_stannite,3.546874971505076e-08,2.837499977204061e-07,3.333333342681044e-08,0.0,True
Ag2Ca0.5Sr0.5Zr1S4_kesterite,2.9687492464347542e-09,2.3749997524191713e-08,0.0,0.0,True
Ag2Ca0.5Sr0.5Zr1S4_stannite,3.4375000179664994e-08,2.7499999788460627e-07,3.333333342681044e-08,,False
Ag2Ca0.5Sr0.5Zr1Se4_kesterite,7.499999288285153e-09,5.99999978589949e-08,3.333333253863202e-08,0.0,True
Ag2Ca0.5Sr0.5Zr1Se4_stannite,3.7812500242040414e-08,3.0249999838360964e-07,3.333333253863202e-08,0.0,True
Ag2Ca0.5Sr0.5Zr1Te4_kesterite,5.687499937678808e-08,4.5499999856701834e-07,3.333333342681044e-08,0.0,True
Ag2Ca0.5Sr0.5Zr1Te4_stannite,2.999999937358666e-08,2.3999999854140697e-07,8.881784197001252e-16,0.0,True
Ag2Ca0.5Zn0.5Ge1S4_kesterite,4.440892098500626e-16,0.0,3.333333342681044e-08,0.0,True
Ag2Ca0.5Zn0.5Ge1S4_stannite,1.4062497832867393e-09,1.1250001819007593e-08,3.333333342681044e-08,0.0,True
Ag2Ca0.5Zn0.5Ge1Se4_kesterite,2.7343749486874458e-08,2.1874999589499566e-07,8.881784197001252e-16,0.0,True
Ag2Ca0.5Zn0.5Ge1Se4_stannite,7.343750052513087e-08,5.87500004201047e-07,3.333333342681044e-08,0.004000000000001336,True
Ag2Ca0.5Zn0.5Ge1Te4_kesterite,1.2187500342264457e-08,9.749999918540198e-08,8.881784197001252e-16,0.0,True
Ag2Ca0.5Zn0.5Ge1Te4_stannite,3.937500014927764e-08,3.150000011942211e-07,3.333333253863202e-08,0.0034999999999989484,True
Ag2Ca0.5Zn0.5Sn1S4_kesterite,6.171875011062866e-08,4.937500008850293e-07,3.333333342681044e-08,0.0,True
Ag2Ca0.5Zn0.5Sn1S4_stannite,7.812497315740075e-10,6.24999785259206e-09,3.333333342681044e-08,0.0,True
Ag2Ca0.5Zn0.5Sn1Se4_kesterite,3.734374987018896e-08,2.98749995408798e-07,3.333333342681044e-08,0.0,True
Ag2Ca0.5Zn0.5Sn1Se4_stannite,6.000000096761937e-08,4.800000112936686e-07,3.333333342681044e-08,0.0,True
Ag2Ca0.5Zn0.5Sn1Te4_kesterite,7.468749974037792e-08,5.974999979230233e-07,3.333333342681044e-08,0.0,True
Ag2Ca0.5Zn0.5Sn1Te4_stannite,7.578125060803131e-08,6.062500048642505e-07,0.0,0.0,True
Ag2Ca0.5Zn0.5Zr1S4_kesterite,8.750001168067456e-09,7.000000579182597e-08,0.0,0.0,True
Ag2Ca0.5Zn0.5Zr1S4_stannite,4.281249976756385e-08,3.425000016932245e-07,4.440892098500626e-16,0.0,True
Ag2Ca0.5Zn0.5Zr1Se4_kesterite,5.312499995469011e-08,4.2500000319023457e-07,3.333333342681044e-08,0.0,True
Ag2Ca0.5Zn0.5Zr1Se4_stannite,7.437500082474457e-08,5.950000101506703e-07,8.881784197001252e-16,0.0,True
Ag2Ca0.5Zn0.5Zr1Te4_kesterite,7.718750083540726e-08,6.175000137886855e-07,0.0,0.0,True
Ag2Ca0.5Zn0.5Zr1Te4_stannite,5.468749897374892e-09,4.3749992073571775e-08,3.333333431498886e-08,0.0,True
Ag2Ca1Ge0.5Zr0.5S4_kesterite,2.0937499733975073e-08,1.674999978718006e-07,3.333333342681044e-08,0.0,True
Ag2Ca1Ge0.5Zr0.5S4_stannite,2.9218750086101863e-08,2.337500006888149e-07,0.0,0.0,True
Ag2Ca1Ge0.5Zr0.5Se4_kesterite,1.4218750621353138e-08,1.1374999786539775e-07,3.333333342681044e-08,0.0,True
Ag2Ca1Ge0.5Zr0.5Se4_stannite,2.4687499156073045e-08,1.9750000035401172e-07,4.440892098500626e-16,0.0,True
Ag2Ca1Ge0.5Zr0.5Te4_kesterite,1.8906250787154022e-08,1.5124999919180482e-07,3.333333342681044e-08,0.0,True
Ag2Ca1Ge0.5Zr0.5Te4_stannite,9.843748927096385e-09,7.874999852219844e-08,3.333333342681044e-08,0.0,True
Ag2Ca1Ge1S1Se1Te2_kesterite,6.999999979662164e-08,5.599999965966163e-07,3.333333253863202e-08,0.00019999999999953388,True
Ag2Ca1Ge1S1Se1Te2_stannite,6.421875009543498e-08,5.137500025398367e-07,3.333333342681044e-08,0.0,True
Ag2Ca1Ge1S1Se3_kesterite,6.718750045209276e-08,5.375000000640284e-07,8.881784197001252e-16,0.0,True
Ag2Ca1Ge1S1Se3_stannite,1.4375000301214413e-08,1.1499999885700163e-07,8.881784197001252e-16,0.0,True
Ag2Ca1Ge1S1Te3_kesterite,6.281249920192522e-08,5.024999936154018e-07,3.333333431498886e-08,0.0,True
Ag2Ca1Ge1S1Te3_stannite,5.343749975850187e-08,4.27499998068015e-07,3.333333342681044e-08,0.0,True
Ag2Ca1Ge1S2Se1Te1_kesterite,1.3124999975744345e-08,1.0499999802959792e-07,0.0,0.0,True
Ag2Ca1Ge1S2Se1Te1_stannite,1.2343749578036523e-08,9.875000017700586e-08,8.881784197001252e-16,0.0,True
Ag2Ca1Ge1S2Se2_kesterite,7.062500007037897e-08,5.650000005630318e-07,3.333333253863202e-08,,False
Ag2Ca1Ge1S2Se2_stannite,1.7500001003867283e-08,1.4000000447822458e-07,8.881784197001252e-16,0.0,True
Ag2Ca1Ge1S2Te2_stannite,6.625000015247906e-08,5.300000012198325e-07,0.0,0.0,True
Ag2Ca1Ge1S3Te1_kesterite,5.937499381047928e-09,4.7499995048383425e-08,8.881784197001252e-16,0.0,True
Ag2Ca1Ge1S4_kesterite,1.4375000301214413e-08,1.1499999885700163e-07,3.333333298272123e-08,0.0,True
Ag2Ca1Ge1Se1Te3_kesterite,4.2343749617757e-08,3.387499987184128e-07,3.333333342681044e-08,,False
Ag2Ca1Ge1Se1Te3_stannite,4.4843750268697136e-08,3.5875000037322025e-07,3.333333342681044e-08,0.0,True
Ag2Ca1Ge1Se3Te1_stannite,2.7343749042785248e-08,2.1874999589499566e-07,0.0,0.0,True
Ag2Ca1Ge1Se4_kesterite,2.8749999270161197e-08,2.2999999771400326e-07,3.333333342681044e-08,0.0,True
Ag2Ca1Ge1Te4_kesterite,2.0624999486074103e-08,1.6499999588859282e-07,3.333333253863202e-08,0.0,True
Ag2Ca1Ge1Te4_stannite,2.5624999899775958e-08,2.0499999919820766e-07,8.881784197001252e-16,0.0,True
Ag2Ca1Sn0.5Ge0.5S4_kesterite,4.359374994322707e-08,3.4874999954581654e-07,3.333333342681044e-08,0.0,True
Ag2Ca1Sn0.5Ge0.5S4_stannite,7.453125050460585e-08,5.962500040368468e-07,0.0,0.0,True
Ag2Ca1Sn0.5Ge0.5Se4_kesterite,1.9531249506599124e-08,1.5624998894736564e-07,3.333333298272123e-08,,False
Ag2Ca1Sn0.5Ge0.5Se4_stannite,6.203125035852963e-08,4.962499957628097e-07,3.333333342681044e-08,0.0,True
Ag2Ca1Sn0.5Ge0.5Te4_kesterite,4.453124979875156e-08,3.562499983900125e-07,8.881784197001252e-16,0.0,True
Ag2Ca1Sn0.5Ge0.5Te4_stannite,1.7343749547649168e-08,1.3874999638119334e-07,3.333333342681044e-08,0.0,True
Ag2Ca1Sn0.5Zr0.5S4_kesterite,6.671875052433052e-08,5.337500041946441e-07,3.333333342681044e-08,,False
Ag2Ca1Sn0.5Zr0.5S4_stannite,5.843750017220373e-08,4.675000013776298e-07,3.333333342681044e-08,0.0,True
Ag2Ca1Sn0.5Zr0.5Se4_kesterite,6.984375122698339e-08,5.587500098158671e-07,3.333333342681044e-08,0.0,True
Ag2Ca1Sn0.5Zr0.5Se4_stannite,3.406249948767481e-08,2.724999959013985e-07,3.333333342681044e-08,0.0,True
Ag2Ca1Sn0.5Zr0.5Te4_kesterite,3.5781249962951733e-08,2.862499925981865e-07,3.333333342681044e-08,0.0,True
Ag2Ca1Sn0.5Zr0.5Te4_stannite,5.687499982087729e-08,4.54999991461591e-07,0.0,0.0,True
Ag2Ca1Sn1S1Se1Te2_kesterite,4.562500000027114e-08,3.649999982258123e-07,3.333333431498886e-08,0.032799999999998164,False
Ag2Ca1Sn1S1Se1Te2_stannite,4.812499976303286e-08,3.849999998806197e-07,0.0,0.0,True
Ag2Ca1Sn1S1Se2Te1_kesterite,7.437500038065537e-08,5.950000030452429e-07,3.333333342681044e-08,0.0,True
Ag2Ca1Sn1S1Se2Te1_stannite,4.703125000560249e-08,3.762500000448199e-07,0.0,0.0,True
Ag2Ca1Sn1S1Se3_kesterite,2.453125036439019e-08,1.9624999936240783e-07,4.440892098500626e-16,0.0,True
Ag2Ca1Sn1S1Se3_stannite,6.171875055471787e-08,4.937500008850293e-07,3.333333342681044e-08,0.0,True
Ag2Ca1Sn1S1Te3_stannite,2.859375047847834e-08,2.2875000382782673e-07,3.333333253863202e-08,0.0,True
Ag2Ca1Sn1S2Se1Te1_kesterite,5.968749983153998e-08,4.774999950996062e-07,8.881784197001252e-16,0.0,True
Ag2Ca1Sn1S2Se1Te1_stannite,4.3281251027593726e-08,3.4625000466803613e-07,3.333333342681044e-08,0.0,True
Ag2Ca1Sn1S2Se2_kesterite,3.53125004792787e-08,2.825000038342296e-07,4.440892098500626e-16,,False
Ag2Ca1Sn1S2Te2_kesterite,4.343749981927658e-08,3.4749999855421265e-07,0.0,0.0,True
Ag2Ca1Sn1S2Te2_stannite,1.312499975369974e-08,1.0499999802959792e-07,3.333333253863202e-08,0.0,True
Ag2Ca1Sn1S3Se1_kesterite,6.703124988405307e-08,5.362499990724245e-07,0.0,0.0,True
Ag2Ca1Sn1S3Se1_stannite,1.8906249898975602e-08,1.5124999919180482e-07,3.333333387089965e-08,0.0,True
Ag2Ca1Sn1S3Te1_stannite,1.7187495870985003e-09,1.3749996696788003e-08,0.0,0.0,True
Ag2Ca1Sn1S4_kesterite,3.1249993703852397e-09,2.4999998515795596e-08,3.333333431498886e-08,0.0,True
Ag2Ca1Sn1Se1Te3_kesterite,6.984375056084957e-08,5.587500027104397e-07,0.0,0.0,True
Ag2Ca1Sn1Se2Te2_kesterite,3.87499996534757e-08,3.099999972278056e-07,3.333333342681044e-08,0.0,True
Ag2Ca1Sn1Se3Te1_kesterite,1.5625003513264346e-09,1.2500002810611477e-08,0.0,0.0,True
Ag2Ca1Sn1Se4_kesterite,3.000000026176508e-08,2.3999999854140697e-07,3.333333342681044e-08,0.0,True
Ag2Ca1Sn1Se4_stannite,1.7500000115688863e-08,1.4000000447822458e-07,3.333333298272123e-08,0.0,True
Ag2Ca1Sn1Te4_kesterite,6.249999628948899e-09,4.999999703159119e-08,3.333333342681044e-08,0.0045999999999999375,True
Ag2Ca1Sn1Te4_stannite,1.1874999650274276e-08,9.499999720219421e-08,3.333333342681044e-08,0.0,True
Ag2Ca1Zr1S1Se1Te2_stannite,6.125000040491102e-08,4.90000005015645e-07,3.333333431498886e-08,0.0,True
Ag2Ca1Zr1S1Se2Te1_kesterite,4.0937500056514864e-08,3.2749999689940523e-07,3.333333342681044e-08,0.0,True
Ag2Ca1Zr1S1Se2Te1_stannite,2.765625017886464e-08,2.212500049836308e-07,3.333333342681044e-08,0.0,True
Ag2Ca1Zr1S1Se3_kesterite,6.656250040038003e-08,5.325000032030403e-07,3.333333431498886e-08,0.0,True
Ag2Ca1Zr1S1Se3_stannite,3.0937499673200364e-08,2.4750000449103027e-07,0.0,0.0,True
Ag2Ca1Zr1S1Te3_kesterite,6.031250121552034e-08,4.825000061714491e-07,3.333333253863202e-08,0.0,True
Ag2Ca1Zr1S1Te3_stannite,5.6093750533392495e-08,4.487500007144263e-07,3.333333342681044e-08,,False
Ag2Ca1Zr1S2Se1Te1_kesterite,1.7187491430092905e-09,1.3749996696788003e-08,8.881784197001252e-16,0.0,True
Ag2Ca1Zr1S2Se2_kesterite,3.187499908463565e-08,2.5499999622979885e-07,4.440892098500626e-16,0.0,True
Ag2Ca1Zr1S2Se2_stannite,3.874999920938649e-08,3.099999972278056e-07,3.333333298272123e-08,0.0,True
Ag2Ca1Zr1S2Te2_kesterite,1.6093749000134494e-08,1.2874999555378963e-07,3.333333342681044e-08,0.0,True
Ag2Ca1Zr1S3Se1_stannite,6.15625008748566e-08,4.924999998934254e-07,0.0,0.0,True
Ag2Ca1Zr1S3Te1_kesterite,1.140624927842282e-08,9.125000133280992e-08,8.881784197001252e-16,0.0,True
Ag2Ca1Zr1S4_kesterite,7.703125115554599e-08,6.162500056916542e-07,3.333333298272123e-08,0.0,True
Ag2Ca1Zr1S4_stannite,7.812500424364544e-09,6.249999984220267e-08,0.0,0.0,True
Ag2Ca1Zr1Se1Te3_stannite,7.562499848567938e-08,6.049999967672193e-07,3.333333253863202e-08,0.0,True
Ag2Ca1Zr1Se2Te2_kesterite,3.8437499849663936e-08,3.074999952445978e-07,3.333333342681044e-08,0.0,True
Ag2Ca1Zr1Se3Te1_kesterite,5.546875048167976e-08,4.437500038534381e-07,3.333333342681044e-08,0.0,True
Ag2Ca1Zr1Se3Te1_stannite,2.484375016820195e-08,1.987500013456156e-07,3.333333253863202e-08,0.0,True
Ag2Ca1Zr1Se4_kesterite,3.7812500242040414e-08,3.0249999838360964e-07,3.333333431498886e-08,0.0,True
Ag2Ca1Zr1Se4_stannite,3.234375034466552e-08,2.587499992046105e-07,3.333333342681044e-08,0.0,True
Ag2Ca1Zr1Te4_kesterite,3.1249999477012125e-08,2.499999993688107e-07,3.333333431498886e-08,0.0,True
Ag2Ca1Zr1Te4_stannite,3.046875063361654e-08,2.437500015162186e-07,8.881784197001252e-16,0.0,True
Ag2Cd1Ge0.5Zr0.5S4_kesterite,6.078124847874733e-08,4.86249994935406e-07,3.333333342681044e-08,0.0,True
Ag2Cd1Ge0.5Zr0.5S4_stannite,6.187500023457915e-08,4.950000018766332e-07,3.333333342681044e-08,0.0,True
Ag2Cd1Ge0.5Zr0.5Se4_kesterite,6.85937502353795e-08,5.48750001883036e-07,3.333333298272123e-08,,False
Ag2Cd1Ge0.5Zr0.5Se4_stannite,1.0468750311076747e-08,8.375000248861397e-08,0.0,0.0,True
Ag2Cd1Ge0.5Zr0.5Te4_stannite,7.281250002932893e-08,5.825000002346314e-07,0.0,0.0,True
Ag2Cd1Ge1S1Se1Te2_kesterite,1.0781249892843903e-08,8.625000447182174e-08,3.333333253863202e-08,,False
Ag2Cd1Ge1S1Se1Te2_stannite,6.093751059310648e-09,4.8750003145414667e-08,3.333333342681044e-08,0.15779999999999994,False
Ag2Cd1Ge1S1Se2Te1_kesterite,7.718750083540726e-08,6.174999995778307e-07,0.0,0.0,True
Ag2Cd1Ge1S1Se2Te1_stannite,6.249999895402425e-08,4.999999987376214e-07,8.881784197001252e-16,0.7871000000000006,False
Ag2Cd1Ge1S1Se3_kesterite,5.421875082234351e-08,4.337500030260344e-07,4.440892098500626e-16,0.0,True
Ag2Cd1Ge1S1Se3_stannite,4.8437500677067646e-08,3.875000018638275e-07,3.333333342681044e-08,0.0,True
Ag2Cd1Ge1S1Te3_kesterite,2.7343749042785248e-08,2.1874999589499566e-07,3.333333253863202e-08,0.0,True
Ag2Cd1Ge1S1Te3_stannite,2.2031249269360842e-08,1.7624999770760041e-07,3.333333431498886e-08,0.1313999999999993,False
Ag2Cd1Ge1S2Se1Te1_kesterite,4.296874878129131e-08,3.43749995579401e-07,0.0,0.0,True
Ag2Cd1Ge1S2Se1Te1_stannite,4.734375091963727e-08,3.7875000202802767e-07,8.881784197001252e-16,0.8792000000000009,False
Ag2Cd1Ge1S2Se2_kesterite,4.203124959190063e-08,3.362500038406324e-07,3.333333342681044e-08,0.0,True
Ag2Cd1Ge1S2Se2_stannite,3.8437499405574727e-08,3.0750000235002517e-07,3.333333342681044e-08,0.0,True
Ag2Cd1Ge1S2Te2_kesterite,5.187500029535386e-08,4.149999952574035e-07,3.333333342681044e-08,0.0,True
Ag2Cd1Ge1S2Te2_stannite,2.0000000766629e-08,1.5999999902760464e-07,3.333333342681044e-08,0.0,True
Ag2Cd1Ge1S3Se1_kesterite,4.656250052192945e-08,3.7249999707000825e-07,3.333333342681044e-08,,False
Ag2Cd1Ge1S3Se1_stannite,7.234374876929905e-08,5.787499972598198e-07,3.333333342681044e-08,0.0,True
Ag2Cd1Ge1S3Te1_kesterite,1.9062500022926088e-08,1.525000001834087e-07,3.333333342681044e-08,0.0,True
Ag2Cd1Ge1S3Te1_stannite,2.5781250023726443e-08,2.0625000018981154e-07,3.33333316504536e-08,0.30329999999999835,False
Ag2Cd1Ge1S4_kesterite,2.4375000684528914e-08,1.9499999837080395e-07,3.333333342681044e-08,0.0,True
Ag2Cd1Ge1S4_stannite,2.0625000374252522e-08,1.6499999588859282e-07,3.333333431498886e-08,0.0,True
Ag2Cd1Ge1Se1Te3_stannite,1.7187495870985003e-09,1.3749996696788003e-08,3.333333431498886e-08,0.0034999999999989484,True
Ag2Cd1Ge1Se2Te2_kesterite,4.8124999540988256e-08,3.849999998806197e-07,3.333333431498886e-08,0.0,True
Ag2Cd1Ge1Se2Te2_stannite,6.109375005891593e-08,4.887499969186138e-07,3.333333342681044e-08,0.4344000000000001,False
Ag2Cd1Ge1Se3Te1_kesterite,3.703125051046641e-08,2.962500005310176e-07,3.333333342681044e-08,0.0,True
Ag2Cd1Ge1Se3Te1_stannite,1.4218749289085508e-08,1.1374999786539775e-07,3.333333253863202e-08,0.5501999999999994,False
Ag2Cd1Ge1Se4_kesterite,2.0000000766629e-08,1.5999999902760464e-07,3.333333253863202e-08,0.0,True
Ag2Cd1Ge1Se4_stannite,1.687499917579771e-08,1.3500000051180905e-07,3.333333342681044e-08,0.0,True
Ag2Cd1Ge1Te4_kesterite,2.0625000818341732e-08,1.6500000299402018e-07,3.333333431498886e-08,0.0,True
Ag2Cd1Ge1Te4_stannite,1.249999659336254e-09,1.000000082740371e-08,3.552713678800501e-15,0.0,True
Ag2Cd1Sn0.5Ge0.5S4_kesterite,3.70312500663772e-08,2.962500005310176e-07,4.440892098500626e-16,0.0,True
Ag2Cd1Sn0.5Ge0.5S4_stannite,4.546874965427605e-08,3.637499972342084e-07,3.333333253863202e-08,,False
Ag2Cd1Sn0.5Ge0.5Se4_kesterite,2.937500065414156e-08,2.3499999457499143e-07,3.333333253863202e-08,0.0,True
Ag2Cd1Sn0.5Ge0.5Te4_kesterite,3.0156249497537146e-08,2.4124999953301085e-07,3.333333253863202e-08,0.0,True
Ag2Cd1Sn0.5Ge0.5Te4_stannite,3.656250102679337e-08,2.925000046616333e-07,3.333333253863202e-08,0.0,True
Ag2Cd1Sn0.5Zr0.5S4_kesterite,3.7812500686129624e-08,3.02500005489037e-07,3.333333298272123e-08,0.0,True
Ag2Cd1Sn0.5Zr0.5S4_stannite,6.515624928482566e-08,5.212499942786053e-07,0.0,0.0,True
Ag2Cd1Sn0.5Zr0.5Se4_kesterite,5.6718751473283646e-08,4.537500046808418e-07,3.333333298272123e-08,0.0,True
Ag2Cd1Sn0.5Zr0.5Se4_stannite,2.9531248557645995e-08,2.3624999556659532e-07,0.0,0.0,True
Ag2Cd1Sn0.5Zr0.5Te4_stannite,1.0312501075304681e-08,8.250000149701009e-08,3.333333342681044e-08,0.0,True
Ag2Cd1Sn1S1Se1Te2_kesterite,7.218750108783922e-08,5.775000033736433e-07,0.0,0.18120000000000047,False
Ag2Cd1Sn1S1Se1Te2_stannite,2.6562487764891785e-09,2.1249995540983946e-08,3.333333253863202e-08,0.3672000000000004,False
Ag2Cd1Sn1S1Se2Te1_kesterite,9.37499411435283e-10,7.499998844195943e-09,3.333333342681044e-08,0.0,True
Ag2Cd1Sn1S1Se2Te1_stannite,2.1562500673866225e-08,1.7250000183821612e-07,0.0,0.31599999999999984,False
Ag2Cd1Sn1S1Se3_kesterite,6.218749915021249e-08,4.974999967544136e-07,3.333333342681044e-08,0.0,True
Ag2Cd1Sn1S1Se3_stannite,7.781249911076316e-08,6.224999964388189e-07,3.333333342681044e-08,9.999999999976694e-05,True
Ag2Cd1Sn1S1Te3_kesterite,5.6406250781293465e-08,4.5125000269763405e-07,3.333333431498886e-08,0.0,True
Ag2Cd1Sn1S2Se1Te1_kesterite,4.4531250464885375e-08,3.562499983900125e-07,3.333333253863202e-08,0.0,True
Ag2Cd1Sn1S2Se1Te1_stannite,5.843749995015912e-08,4.6749999427220246e-07,3.333333342681044e-08,0.3334999999999999,False
Ag2Cd1Sn1S2Se2_kesterite,1.8125000167401595e-08,1.4500000133921276e-07,0.0,0.0,True
Ag2Cd1Sn1S2Se2_stannite,1.484375022897666e-08,1.1875000183181328e-07,3.333333253863202e-08,0.0,True
Ag2Cd1Sn1S2Te2_kesterite,3.875000054165412e-08,3.1000000433323294e-07,0.0,0.0007999999999981355,True
Ag2Cd1Sn1S2Te2_stannite,5.3281249634551386e-08,4.262499970764111e-07,3.333333431498886e-08,0.5552999999999999,False
Ag2Cd1Sn1S3Se1_kesterite,1.0156249174997356e-08,8.12500005054062e-08,3.333333342681044e-08,0.0,True
Ag2Cd1Sn1S3Se1_stannite,5.078124942770046e-08,4.0625000252703103e-07,3.333333342681044e-08,0.0,True
Ag2Cd1Sn1S3Te1_kesterite,7.468749974037792e-08,5.974999979230233e-07,3.333333342681044e-08,,False
Ag2Cd1Sn1S3Te1_stannite,2.515625041610292e-08,2.0125000332882337e-07,0.0,0.2254000000000005,False
Ag2Cd1Sn1S4_kesterite,1.312500064187816e-08,1.0500000513502528e-07,3.333333298272123e-08,0.0,True
Ag2Cd1Sn1S4_stannite,2.3749999300548552e-08,1.8999999440438842e-07,3.333333342681044e-08,0.0,True
Ag2Cd1Sn1Se1Te3_kesterite,2.3593750064776486e-08,1.887500005182119e-07,3.333333431498886e-08,0.0,True
Ag2Cd1Sn1Se1Te3_stannite,3.2656250148477284e-08,2.6125000118781827e-07,3.333333431498886e-08,0.0,True
Ag2Cd1Sn1Se2Te2_kesterite,5.203124997521513e-08,4.162499962490074e-07,3.333333342681044e-08,0.0,True
Ag2Cd1Sn1Se2Te2_stannite,6.078124892283654e-08,4.86249994935406e-07,0.0,0.0,True
Ag2Cd1Sn1Se3Te1_kesterite,2.5937500591766138e-08,2.0750000118141543e-07,0.0,0.6205999999999996,False
Ag2Cd1Sn1Se3Te1_stannite,1.9531250838866754e-08,1.5625000315822035e-07,3.333333253863202e-08,0.15059999999999985,False
Ag2Cd1Sn1Se4_kesterite,2.937500065414156e-08,2.350000016804188e-07,3.333333342681044e-08,0.0,True
Ag2Cd1Sn1Se4_stannite,2.7499999166735734e-08,2.1999999688659955e-07,3.333333431498886e-08,0.3705999999999996,False
Ag2Cd1Sn1Te4_kesterite,3.1249998144744495e-09,2.4999998515795596e-08,3.333333431498886e-08,0.0,True
Ag2Cd1Sn1Te4_stannite,3.1250007026528692e-09,2.5000005621222954e-08,3.333333431498886e-08,0.0,True
Ag2Cd1Zr1S1Se1Te2_kesterite,2.156250089591083e-08,1.7250000183821612e-07,3.333333253863202e-08,0.0,True
Ag2Cd1Zr1S1Se1Te2_stannite,5.031249927789361e-08,4.024999995522194e-07,3.333333253863202e-08,0.0,True
Ag2Cd1Zr1S1Se2Te1_stannite,6.093749993496544e-08,4.874999959270099e-07,3.333333253863202e-08,0.0,True
Ag2Cd1Zr1S1Se3_stannite,1.7500000559778073e-08,1.3999999737279722e-07,3.333333342681044e-08,0.0,True
Ag2Cd1Zr1S1Te3_stannite,2.593749970358772e-08,2.0750000118141543e-07,3.333333253863202e-08,0.0,True
Ag2Cd1Zr1S2Se1Te1_kesterite,7.140625113422061e-08,5.712500055210512e-07,8.881784197001252e-16,0.0,True
Ag2Cd1Zr1S2Se1Te1_stannite,7.531249890391223e-08,6.024999947840115e-07,3.333333253863202e-08,0.0,True
Ag2Cd1Zr1S2Se2_kesterite,2.859375003438913e-08,2.2874999672239937e-07,8.881784197001252e-16,0.0,True
Ag2Cd1Zr1S2Se2_stannite,2.3593749620687277e-08,1.887500005182119e-07,3.333333342681044e-08,0.0,True
Ag2Cd1Zr1S2Te2_kesterite,4.8125000429166676e-08,3.849999998806197e-07,3.333333253863202e-08,0.0,True
Ag2Cd1Zr1S2Te2_stannite,7.68750010315955e-08,6.150000047000503e-07,0.0,0.0,True
Ag2Cd1Zr1S3Se1_kesterite,7.031249893429958e-08,5.62499998579824e-07,8.881784197001252e-16,0.0,True
Ag2Cd1Zr1S3Se1_stannite,7.765624854272346e-08,6.21249995447215e-07,3.333333342681044e-08,0.0,True
Ag2Cd1Zr1S3Te1_kesterite,5.234375066720531e-08,4.187500053376425e-07,3.333333342681044e-08,0.0,True
Ag2Cd1Zr1S3Te1_stannite,7.593749895562496e-08,6.07499998750427e-07,3.333333342681044e-08,0.0,True
Ag2Cd1Zr1S4_kesterite,2.656250019938966e-08,2.124999980424036e-07,3.333333253863202e-08,0.0,True
Ag2Cd1Zr1S4_stannite,4.859375080101813e-08,3.887500028554314e-07,3.333333431498886e-08,0.0,True
Ag2Cd1Zr1Se1Te3_kesterite,4.7968750083171585e-08,3.837500059944432e-07,3.333333253863202e-08,0.0,True
Ag2Cd1Zr1Se1Te3_stannite,4.3437500485410396e-08,3.4749999855421265e-07,3.333333431498886e-08,0.0,True
Ag2Cd1Zr1Se2Te2_kesterite,3.0156250385715566e-08,2.4124999953301085e-07,8.881784197001252e-16,0.0,True
Ag2Cd1Zr1Se2Te2_stannite,6.562499921258791e-08,5.24999997253417e-07,3.333333342681044e-08,0.0,True
Ag2Cd1Zr1Se3Te1_kesterite,4.0937500500604074e-08,3.2749999689940523e-07,0.0,0.0,True
Ag2Cd1Zr1Se3Te1_stannite,1.54687507247786e-08,1.2374999869280146e-07,3.333333253863202e-08,0.0,True
Ag2Cd1Zr1Se4_kesterite,2.2656249765162784e-08,1.8125000167401595e-07,3.333333431498886e-08,0.0,True
Ag2Cd1Zr1Se4_stannite,2.5000000736241645e-08,2.0000000233721948e-07,0.0,0.0,True
Ag2Cd1Zr1Te4_kesterite,1.796875004345111e-08,1.4375000034760888e-07,3.333333342681044e-08,0.0,True
Ag2Cd1Zr1Te4_stannite,5.312500039877932e-08,4.2500000319023457e-07,3.333333431498886e-08,0.0,True
Ag2Mg0.5Ba0.5Ge1S4_kesterite,2.828125067466658e-08,2.2625000184461896e-07,0.0,0.0,True
Ag2Mg0.5Ba0.5Ge1S4_stannite,2.624999995148869e-08,2.100000031646232e-07,3.333333342681044e-08,0.0,True
Ag2Mg0.5Ba0.5Ge1Se4_kesterite,2.5312499651874987e-08,2.024999972149999e-07,3.333333342681044e-08,0.0,True
Ag2Mg0.5Ba0.5Ge1Se4_stannite,2.312499969292503e-08,1.8499999754340024e-07,3.333333431498886e-08,0.0,True
Ag2Mg0.5Ba0.5Ge1Te4_stannite,5.2968750718918045e-08,4.237500021986307e-07,3.333333253863202e-08,0.0,True
Ag2Mg0.5Ba0.5Sn0.5Ge0.5S2Se2_kesterite,1.171874952632379e-08,9.374999621059033e-08,3.333333253863202e-08,0.0,True
Ag2Mg0.5Ba0.5Sn1S4_kesterite,5.859374940797579e-08,4.6874999526380634e-07,4.440892098500626e-16,0.0,True
Ag2Mg0.5Ba0.5Sn1S4_stannite,1.1875000538452696e-08,9.500000430762157e-08,0.0,0.0,True
Ag2Mg0.5Ba0.5Sn1Se4_kesterite,6.687499976010258e-08,5.349999980808207e-07,3.333333342681044e-08,0.0,True
Ag2Mg0.5Ba0.5Sn1Se4_stannite,6.468749980115263e-08,5.17499998409221e-07,3.333333342681044e-08,0.0,True
Ag2Mg0.5Ba0.5Sn1Te4_kesterite,4.4999999282424596e-08,3.5999999425939677e-07,3.333333342681044e-08,0.0,True
Ag2Mg0.5Ba0.5Sn1Te4_stannite,7.625000009170435e-08,6.100000007336348e-07,3.333333342681044e-08,,False
Ag2Mg0.5Ba0.5Zr1S4_kesterite,6.87500008034192e-08,5.500000028746399e-07,3.333333342681044e-08,0.0,True
Ag2Mg0.5Ba0.5Zr1S4_stannite,3.421875005571451e-08,2.737499968930024e-07,3.333333342681044e-08,0.0,True
Ag2Mg0.5Ba0.5Zr1Se4_kesterite,4.875000092496862e-08,3.9000000384703526e-07,8.881784197001252e-16,,False
Ag2Mg0.5Ba0.5Zr1Se4_stannite,3.6093749766763494e-08,2.8875000168682163e-07,0.0,0.0,True
Ag2Mg0.5Ba0.5Zr1Te4_kesterite,5.6093750533392495e-08,4.487500007144263e-07,8.881784197001252e-16,0.0,True
Ag2Mg0.5Ba0.5Zr1Te4_stannite,6.468750068933105e-08,5.175000055146484e-07,3.333333342681044e-08,0.0,True
Ag2Mg0.5Ca0.5Ge1S4_kesterite,2.9687510227915936e-09,2.375000462961907e-08,4.440892098500626e-16,,False
Ag2Mg0.5Ca0.5Ge1S4_stannite,2.999999937358666e-08,2.3999999854140697e-07,3.333333253863202e-08,0.0,True
Ag2Mg0.5Ca0.5Ge1Se4_kesterite,2.8124995665734787e-09,2.249999653258783e-08,4.440892098500626e-16,0.0,True
Ag2Mg0.5Ca0.5Ge1Se4_stannite,4.890625060482989e-08,3.9125000483863914e-07,3.333333342681044e-08,0.0,True
Ag2Mg0.5Ca0.5Ge1Te4_kesterite,8.28124990803758e-09,6.625000281701432e-08,0.0,0.0,True
Ag2Mg0.5Ca0.5Ge1Te4_stannite,4.25000004078413e-08,3.399999997100167e-07,0.0,0.0,True
Ag2Mg0.5Ca0.5Sn1S4_kesterite,1.140624883433361e-08,9.124999422738256e-08,3.333333342681044e-08,0.0,True
Ag2Mg0.5Ca0.5Sn1S4_stannite,2.656250330801413e-09,2.1250002646411303e-08,3.333333342681044e-08,0.0,True
Ag2Mg0.5Ca0.5Sn1Se4_kesterite,5.109375011969064e-08,4.087500045102388e-07,3.333333387089965e-08,0.0,True
Ag2Mg0.5Ca0.5Sn1Se4_stannite,5.109375100786906e-08,4.087500045102388e-07,0.0,0.0,True
Ag2Mg0.5Ca0.5Sn1Te4_kesterite,2.9531250778092044e-08,2.3625000267202267e-07,0.0,0.0,True
Ag2Mg0.5Ca0.5Sn1Te4_stannite,3.2968749952289045e-08,2.6375000317102604e-07,3.333333253863202e-08,0.0,True
Ag2Mg0.5Ca0.5Zr1S4_kesterite,6.953124964681479e-08,5.562499936218046e-07,3.333333298272123e-08,0.0,True
Ag2Mg0.5Ca0.5Zr1S4_stannite,1.0156249619086566e-08,8.12500005054062e-08,3.333333431498886e-08,0.0,True
Ag2Mg0.5Ca0.5Zr1Se4_kesterite,5.156249205384711e-09,4.1249997195791366e-08,3.333333342681044e-08,0.0,True
Ag2Mg0.5Ca0.5Zr1Se4_stannite,6.718750444889565e-09,5.375000000640284e-08,3.333333253863202e-08,0.0,True
Ag2Mg0.5Ca0.5Zr1Te4_kesterite,6.640625027642955e-08,5.312500022114364e-07,3.333333253863202e-08,0.0,True
Ag2Mg0.5Ca0.5Zr1Te4_stannite,5.687499982087729e-08,4.5499999856701834e-07,3.333333253863202e-08,0.0,True
Ag2Mg0.5Cd0.5Ge1S4_kesterite,5.828125004825324e-08,4.6625000038602593e-07,0.0,0.0,True
Ag2Mg0.5Cd0.5Ge1S4_stannite,2.765625062295385e-08,2.212500049836308e-07,3.333333342681044e-08,0.0,True
Ag2Mg0.5Cd0.5Ge1Se4_kesterite,6.000000052353016e-08,4.800000041882413e-07,3.333333253863202e-08,0.0,True
Ag2Mg0.5Cd0.5Ge1Se4_stannite,5.062500019192839e-08,4.0500000153542715e-07,8.881784197001252e-16,0.0,True
Ag2Mg0.5Cd0.5Ge1Te4_kesterite,1.2500000146076218e-08,1.0000000116860974e-07,3.333333431498886e-08,0.0,True
Ag2Mg0.5Cd0.5Ge1Te4_stannite,1.2968750517927674e-08,1.0375000414342139e-07,0.0,0.0,True
Ag2Mg0.5Cd0.5Sn1S4_kesterite,5.546874959350134e-08,4.437500038534381e-07,0.0,0.0,True
Ag2Mg0.5Cd0.5Sn1S4_stannite,3.890624888924776e-08,3.1124999821940946e-07,3.333333253863202e-08,0.0,True
Ag2Mg0.5Cd0.5Sn1Se4_kesterite,3.2968750840467465e-08,2.6375000317102604e-07,0.0,0.0,True
Ag2Mg0.5Cd0.5Sn1Se4_stannite,5.4062499810214604e-08,4.325000020344305e-07,3.333333431498886e-08,0.0,True
Ag2Mg0.5Cd0.5Sn1Te4_kesterite,4.687500609890094e-09,3.750000132640707e-08,1.7763568394002505e-15,0.0,True
Ag2Mg0.5Cd0.5Sn1Te4_stannite,2.7500000943092573e-08,2.200000039920269e-07,3.333333253863202e-08,0.0,True
Ag2Mg0.5Cd0.5Zr1S4_kesterite,7.062499962628976e-08,5.650000005630318e-07,0.0,0.0,True
Ag2Mg0.5Cd0.5Zr1S4_stannite,4.3281248363058467e-08,3.4624999756260877e-07,0.0,0.0,True
Ag2Mg0.5Cd0.5Zr1Se4_kesterite,5.109375011969064e-08,4.0874999740481144e-07,3.333333342681044e-08,0.0,True
Ag2Mg0.5Cd0.5Zr1Se4_stannite,3.687500127469434e-08,2.949999995394137e-07,3.333333342681044e-08,,False
Ag2Mg0.5Cd0.5Zr1Te4_kesterite,6.687499976010258e-08,5.35000005186248e-07,8.881784197001252e-16,0.0,True
Ag2Mg0.5Cd0.5Zr1Te4_stannite,4.5781250790355443e-08,3.662499992174162e-07,3.333333342681044e-08,0.0,True
Ag2Mg0.5Sr0.5Ge1S4_kesterite,2.656249931121124e-08,2.124999980424036e-07,3.333333342681044e-08,0.0,True
Ag2Mg0.5Sr0.5Ge1S4_stannite,3.796874947781248e-08,3.037499993752135e-07,3.333333342681044e-08,0.0,True
Ag2Mg0.5Sr0.5Ge1Se4_kesterite,7.796874967880285e-08,6.237499974304228e-07,3.333333387089965e-08,0.0,True
Ag2Mg0.5Sr0.5Ge1Se4_stannite,9.99999993922529e-09,7.999999951380232e-08,0.0,0.0,True
Ag2Mg0.5Sr0.5Ge1Te4_kesterite,4.453125068692998e-08,3.5625000549543984e-07,3.333333342681044e-08,0.0,True
Ag2Mg0.5Sr0.5Ge1Te4_stannite,4.203124959190063e-08,3.3624999673520506e-07,8.881784197001252e-16,0.0,True
Ag2Mg0.5Sr0.5Sn1S4_kesterite,3.1562500169002305e-08,2.5250000135201844e-07,3.333333342681044e-08,0.0,True
Ag2Mg0.5Sr0.5Sn1S4_stannite,6.218750048248012e-08,4.975000038598409e-07,8.881784197001252e-16,0.0,True
Ag2Mg0.5Sr0.5Sn1Se4_kesterite,4.2968749447425125e-08,3.43749995579401e-07,3.333333342681044e-08,0.0,True
Ag2Mg0.5Sr0.5Sn1Se4_stannite,4.1875000356128567e-08,3.3500000284902853e-07,0.0,0.0,True
Ag2Mg0.5Sr0.5Sn1Te4_kesterite,1.0156249619086566e-08,8.12500005054062e-08,0.0,0.0,True
Ag2Mg0.5Sr0.5Sn1Te4_stannite,2.343750038491521e-08,1.87499999526608e-07,3.333333342681044e-08,0.0,True
Ag2Mg0.5Sr0.5Zr1S4_kesterite,5.625000465414587e-09,4.5000000170603016e-08,8.881784197001252e-16,0.0,True
Ag2Mg0.5Sr0.5Zr1S4_stannite,4.281250065574227e-08,3.425000016932245e-07,3.333333342681044e-08,0.0,True
Ag2Mg0.5Sr0.5Zr1Se4_kesterite,4.359375038731628e-08,3.4874999954581654e-07,3.333333253863202e-08,0.0,True
Ag2Mg0.5Sr0.5Zr1Se4_stannite,5.1250000243641125e-08,4.099999983964153e-07,3.333333253863202e-08,0.0,True
Ag2Mg0.5Sr0.5Zr1Te4_kesterite,6.859374979129029e-08,5.48750001883036e-07,8.881784197001252e-16,0.0,True
Ag2Mg0.5Sr0.5Zr1Te4_stannite,2.6406249631349965e-08,2.1124999705079972e-07,3.333333342681044e-08,0.0,True
Ag2Mg0.5Zn0.5Ge1S4_kesterite,3.0937499673200364e-08,2.474999973856029e-07,3.333333342681044e-08,0.0,True
Ag2Mg0.5Zn0.5Ge1S4_stannite,7.687499969932787e-08,6.14999997594623e-07,8.881784197001252e-16,0.0,True
Ag2Mg0.5Zn0.5Ge1Se4_kesterite,3.0937500561378783e-08,2.4750000449103027e-07,3.333333342681044e-08,0.0,True
Ag2Mg0.5Zn0.5Ge1Se4_stannite,3.9218750025327154e-08,3.1375000020261723e-07,3.333333342681044e-08,0.0,True
Ag2Mg0.5Zn0.5Ge1Te4_kesterite,1.8750001551381956e-09,1.4999997688391886e-08,3.333333431498886e-08,0.0,True
Ag2Mg0.5Zn0.5Ge1Te4_stannite,6.109374917073751e-08,4.887499969186138e-07,3.333333253863202e-08,0.06369999999999987,False
Ag2Mg0.5Zn0.5Sn1S1Se1Te2_kesterite,5.4687501194194965e-09,4.375000628442649e-08,3.333333342681044e-08,0.0,True
Ag2Mg0.5Zn0.5Sn1S1Se1Te2_stannite,1.9375000048782454e-08,1.549999950611891e-07,3.333333431498886e-08,,False
Ag2Mg0.5Zn0.5Sn1S4_kesterite,6.12499997387772e-08,4.899999979102176e-07,3.333333298272123e-08,,False
Ag2Mg0.5Zn0.5Sn1S4_stannite,6.078125025510417e-08,4.862500020408334e-07,3.333333298272123e-08,0.0,True
Ag2Mg0.5Zn0.5Sn1Se4_kesterite,9.531249567373834e-09,7.624999653899067e-08,3.333333342681044e-08,0.0,True
Ag2Mg0.5Zn0.5Sn1Se4_stannite,2.281250033320248e-08,1.8250000266561983e-07,3.333333431498886e-08,0.0,True
Ag2Mg0.5Zn0.5Sn1Te4_kesterite,5.9531249263500285e-08,4.762499941080023e-07,0.0,0.0,True
Ag2Mg0.5Zn0.5Sn1Te4_stannite,5.453124973797685e-08,4.362499979038148e-07,3.333333431498886e-08,0.0,True
Ag2Mg0.5Zn0.5Zr1S4_kesterite,1.2812499061709559e-08,1.0249999604639015e-07,3.333333342681044e-08,0.0,True
Ag2Mg0.5Zn0.5Zr1S4_stannite,7.234375010156668e-08,5.787499972598198e-07,3.333333342681044e-08,0.0,True
Ag2Mg0.5Zn0.5Zr1Se4_kesterite,2.5000006509401373e-09,2.000000165480742e-08,3.333333253863202e-08,0.0,True
Ag2Mg0.5Zn0.5Zr1Se4_stannite,1.4375001189392833e-08,1.1500000596242899e-07,3.333333342681044e-08,0.0,True
Ag2Mg0.5Zn0.5Zr1Te4_kesterite,9.062500083700797e-09,7.249999356417902e-08,8.881784197001252e-16,0.0,True
Ag2Mg0.5Zn0.5Zr1Te4_stannite,6.56249987684987e-09,5.250000612022632e-08,0.0,0.0,True
Ag2Mg1Ge0.5Zr0.5S4_kesterite,7.343749963695245e-08,5.874999970956196e-07,3.333333253863202e-08,0.0,True
Ag2Mg1Ge0.5Zr0.5S4_stannite,7.40625001327544e-08,5.925000010620352e-07,3.333333342681044e-08,0.0,True
Ag2Mg1Ge0.5Zr0.5Se4_kesterite,6.640625027642955e-08,5.312500022114364e-07,3.333333342681044e-08,0.0,True
Ag2Mg1Ge0.5Zr0.5Se4_stannite,7.625000009170435e-08,6.100000007336348e-07,3.333333342681044e-08,0.0,True
Ag2Mg1Ge0.5Zr0.5Te4_kesterite,3.890624977742618e-08,3.1124999821940946e-07,3.333333342681044e-08,0.0,True
Ag2Mg1Ge0.5Zr0.5Te4_stannite,3.281249938424935e-08,2.624999950739948e-07,0.0,0.0,True
Ag2Mg1Ge1S1Se1Te2_kesterite,4.4531249132617745e-08,3.562499983900125e-07,3.333333431498886e-08,0.0,True
Ag2Mg1Ge1S1Se1Te2_stannite,4.203124981394524e-08,3.362500038406324e-07,3.333333342681044e-08,0.0,True
Ag2Mg1Ge1S1Se2Te1_kesterite,6.671875052433052e-08,5.337500041946441e-07,3.333333431498886e-08,0.0,True
Ag2Mg1Ge1S1Se2Te1_stannite,4.531250041850399e-08,3.625000033480319e-07,3.333333342681044e-08,0.0,True
Ag2Mg1Ge1S1Se3_kesterite,6.593749946048888e-08,5.274999992366247e-07,0.0,0.0,True
Ag2Mg1Ge1S1Se3_stannite,9.531250899641464e-09,7.625000364441803e-08,4.440892098500626e-16,0.0,True
Ag2Mg1Ge1S1Te3_kesterite,2.109374896974714e-08,1.6874999886340447e-07,0.0,0.0,True
Ag2Mg1Ge1S1Te3_stannite,5.0156251596433776e-08,4.0125000566604285e-07,3.333333342681044e-08,0.02370000000000161,False
Ag2Mg1Ge1S2Se1Te1_kesterite,1.0624998880714998e-08,8.49999963747905e-08,3.333333342681044e-08,0.0,True
Ag2Mg1Ge1S2Se1Te1_stannite,6.484375059123693e-08,5.187499994008249e-07,3.333333253863202e-08,0.0,True
Ag2Mg1Ge1S2Se2_kesterite,4.703125089378091e-08,3.762500000448199e-07,8.881784197001252e-16,0.0,True
Ag2Mg1Ge1S2Se2_stannite,5.281249926269993e-08,4.225000012070268e-07,3.333333342681044e-08,0.0,True
Ag2Mg1Ge1S2Te2_kesterite,2.656249975530045e-08,2.124999980424036e-07,3.333333342681044e-08,0.0,True
Ag2Mg1Ge1S2Te2_stannite,6.50000000490536e-08,5.200000003924288e-07,8.881784197001252e-16,0.0,True
Ag2Mg1Ge1S3Se1_kesterite,5.968750116380761e-08,4.775000022050335e-07,3.333333342681044e-08,0.0,True
Ag2Mg1Ge1S3Se1_stannite,7.343749874877403e-08,5.874999970956196e-07,3.333333253863202e-08,0.0,True
Ag2Mg1Ge1S3Te1_kesterite,5.8124999924302756e-08,4.6499999939442205e-07,3.333333342681044e-08,0.1208999999999989,False
Ag2Mg1Ge1S3Te1_stannite,7.359375064908136e-08,5.887500051926509e-07,0.0,0.0,True
Ag2Mg1Ge1S4_kesterite,3.062499898121018e-08,2.4499999540239514e-07,3.333333387089965e-08,0.0,True
Ag2Mg1Ge1S4_stannite,3.062500075756702e-08,2.450000025078225e-07,3.333333342681044e-08,0.0,True
Ag2Mg1Ge1Se1Te3_kesterite,8.437499143809646e-09,6.749999670319085e-08,3.333333253863202e-08,0.0,True
Ag2Mg1Ge1Se1Te3_stannite,6.65624990681124e-08,5.324999960976129e-07,3.333333342681044e-08,0.0,True
Ag2Mg1Ge1Se2Te2_kesterite,6.875000568840051e-09,5.5000000998006726e-08,8.881784197001252e-16,0.0,True
Ag2Mg1Ge1Se2Te2_stannite,7.390625045289312e-08,5.912500000704313e-07,3.333333253863202e-08,0.0,True
Ag2Mg1Ge1Se3Te1_kesterite,5.187500073944307e-08,4.1500000236283086e-07,3.333333431498886e-08,0.0,True
Ag2Mg1Ge1Se3Te1_stannite,2.968750134613174e-09,2.375000462961907e-08,8.881784197001252e-16,0.0,True
Ag2Mg1Ge1Se4_kesterite,2.687500044729063e-08,2.1500000002561137e-07,0.0,0.0,True
Ag2Mg1Ge1Se4_stannite,9.374999887512558e-09,7.500000265281415e-08,8.881784197001252e-16,0.0,True
Ag2Mg1Ge1Te4_kesterite,2.937500021005235e-08,2.350000016804188e-07,3.333333342681044e-08,0.0,True
Ag2Mg1Ge1Te4_stannite,1.0625000435027232e-08,8.500000348021786e-08,3.333333253863202e-08,0.0,True
Ag2Mg1Sn0.5Ge0.5S4_kesterite,1.4687499216847755e-08,1.1749999373478204e-07,3.333333342681044e-08,0.0,True
Ag2Mg1Sn0.5Ge0.5S4_stannite,5.718750006877826e-08,4.575000005502261e-07,8.881784197001252e-16,0.0,True
Ag2Mg1Sn0.5Ge0.5Se4_kesterite,4.8437500232978437e-08,3.8749999475840013e-07,8.881784197001252e-16,0.0,True
Ag2Mg1Sn0.5Ge0.5Se4_stannite,3.7499999550050234e-08,2.999999892949745e-07,3.333333253863202e-08,0.0,True
Ag2Mg1Sn0.5Ge0.5Te4_kesterite,6.14062503068169e-08,4.912499989018215e-07,0.0,0.0006999999999983686,True
Ag2Mg1Sn0.5Ge0.5Te4_stannite,7.281250047341814e-08,5.825000002346314e-07,3.333333342681044e-08,0.0,True
Ag2Mg1Sn0.5Zr0.5S4_kesterite,4.281249843529622e-08,3.424999945877971e-07,3.333333342681044e-08,,False
Ag2Mg1Sn0.5Zr0.5S4_stannite,1.6093749444223704e-08,1.28750002659217e-07,0.0,0.0,True
Ag2Mg1Sn0.5Zr0.5Se4_kesterite,2.3593750952954906e-08,1.887500005182119e-07,3.333333342681044e-08,0.0,True
Ag2Mg1Sn0.5Zr0.5Se4_stannite,6.406250108170752e-08,5.125000015482328e-07,3.333333253863202e-08,0.0,True
Ag2Mg1Sn0.5Zr0.5Te4_kesterite,4.0937498724247234e-08,3.2749999689940523e-07,3.333333342681044e-08,0.0,True
Ag2Mg1Sn0.5Zr0.5Te4_stannite,2.1874998701321147e-08,1.7499999671599653e-07,3.333333342681044e-08,0.0,True
Ag2Mg1Sn1S1Se1Te2_kesterite,7.50000006544127e-08,5.999999999062311e-07,0.0,0.0,True
Ag2Mg1Sn1S1Se1Te2_stannite,5.468750052806115e-08,4.374999988954187e-07,3.333333342681044e-08,0.0,True
Ag2Mg1Sn1S1Se2Te1_kesterite,5.5000000109828306e-08,4.4000000087862645e-07,0.0,,False
Ag2Mg1Sn1S1Se2Te1_stannite,4.312499957137561e-08,3.449999965710049e-07,0.0,0.0,True
Ag2Mg1Sn1S1Se3_kesterite,1.8750001107292746e-08,1.500000053056283e-07,3.333333253863202e-08,0.0,True
Ag2Mg1Sn1S1Se3_stannite,3.79687503659909e-08,3.037499993752135e-07,3.333333342681044e-08,0.0,True
Ag2Mg1Sn1S1Te3_kesterite,2.0156249558311856e-08,1.6125000001920853e-07,3.333333342681044e-08,0.004699999999999704,True
Ag2Mg1Sn1S1Te3_stannite,5.359375032654157e-08,4.2874999905961886e-07,8.881784197001252e-16,0.0,True
Ag2Mg1Sn1S2Se1Te1_kesterite,3.4531250525660084e-08,2.7624999887621016e-07,3.333333253863202e-08,,False
Ag2Mg1Sn1S2Se1Te1_stannite,6.750000092203834e-08,5.400000020472362e-07,3.333333342681044e-08,0.0,True
Ag2Mg1Sn1S2Se2_kesterite,2.9531250334002834e-08,2.3625000267202267e-07,3.333333387089965e-08,0.0,True
Ag2Mg1Sn1S2Se2_stannite,8.125000228176305e-09,6.500000182541044e-08,3.333333342681044e-08,0.0,True
Ag2Mg1Sn1S2Te2_kesterite,7.31250002772299e-08,5.850000022178392e-07,3.333333342681044e-08,0.0,True
Ag2Mg1Sn1S2Te2_stannite,1.4531249981075689e-08,1.1624999984860551e-07,0.0,0.0017999999999993577,True
Ag2Mg1Sn1S3Se1_kesterite,2.515625130428134e-08,2.0125000332882337e-07,3.333333387089965e-08,0.0,True
Ag2Mg1Sn1S3Se1_stannite,4.3593750831405487e-08,3.4874999954581654e-07,3.333333342681044e-08,0.0,True
Ag2Mg1Sn1S3Te1_kesterite,6.765624949167659e-08,5.412499959334127e-07,3.333333342681044e-08,0.0,True
Ag2Mg1Sn1S3Te1_stannite,6.609375002852858e-08,5.287500002282286e-07,3.333333342681044e-08,0.0,True
Ag2Mg1Sn1S4_kesterite,2.000000032253979e-08,1.5999999902760464e-07,0.0,0.0,True
Ag2Mg1Sn1S4_stannite,1.1875000094363486e-08,9.500000430762157e-08,4.440892098500626e-16,0.0,True
Ag2Mg1Sn1Se1Te3_kesterite,1.984374908836628e-08,1.5874999803600076e-07,3.333333253863202e-08,0.0,True
Ag2Mg1Sn1Se1Te3_stannite,6.078124870079193e-08,4.86249994935406e-07,3.333333342681044e-08,,False
Ag2Mg1Sn1Se2Te2_stannite,7.96874966013661e-09,6.375000083380655e-08,3.333333342681044e-08,0.0,True
Ag2Mg1Sn1Se3Te1_kesterite,2.828124978648816e-08,2.2625000184461896e-07,3.333333253863202e-08,0.0,True
Ag2Mg1Sn1Se3Te1_stannite,1.7187499867787892e-08,1.3750000249501682e-07,0.0,0.0005999999999986017,True
Ag2Mg1Sn1Se4_kesterite,8.125000228176305e-09,6.500000182541044e-08,0.0,0.0,True
Ag2Mg1Sn1Te4_kesterite,1.624999956817419e-08,1.2999999654539351e-07,8.881784197001252e-16,0.0,True
Ag2Mg1Sn1Te4_stannite,9.99999993922529e-09,7.999999951380232e-08,3.333333253863202e-08,0.0,True
Ag2Mg1Zr1S1Se1Te2_stannite,3.671874959643162e-08,2.937499985478098e-07,0.0,0.0,True
Ag2Mg1Zr1S1Se2Te1_kesterite,7.50000004323681e-08,5.999999999062311e-07,3.333333253863202e-08,0.0,True
Ag2Mg1Zr1S1Se2Te1_stannite,5.2656249582838655e-08,4.212500002154229e-07,3.333333253863202e-08,0.0,True
Ag2Mg1Zr1S1Se3_kesterite,6.156249998667818e-08,4.924999998934254e-07,3.333333342681044e-08,,False
Ag2Mg1Zr1S1Se3_stannite,2.656249975530045e-08,2.124999980424036e-07,3.333333253863202e-08,0.0,True
Ag2Mg1Zr1S1Te3_kesterite,1.8125000611490805e-08,1.4500000133921276e-07,3.333333342681044e-08,0.0,True
Ag2Mg1Zr1S1Te3_stannite,3.5156249911239e-08,2.8124999573719833e-07,3.333333342681044e-08,0.0,True
Ag2Mg1Zr1S2Se1Te1_kesterite,1.3281249433561015e-08,1.062499990212018e-07,3.333333342681044e-08,0.0,True
Ag2Mg1Zr1S2Se1Te1_stannite,5.4687500306016545e-08,4.374999988954187e-07,3.333333342681044e-08,0.0,True
Ag2Mg1Zr1S2Te2_stannite,4.999999969612645e-09,4.000000330961484e-08,3.333333431498886e-08,0.0,True
Ag2Mg1Zr1S3Se1_kesterite,9.374998555244929e-10,7.5000059496233e-09,3.333333253863202e-08,0.0,True
Ag2Mg1Zr1S3Se1_stannite,3.250000091270522e-08,2.600000001962144e-07,3.333333253863202e-08,0.0,True
Ag2Mg1Zr1S3Te1_kesterite,6.812499986352805e-08,5.449999989082244e-07,3.333333431498886e-08,0.0,True
Ag2Mg1Zr1S3Te1_stannite,3.1250000809279754e-08,2.499999993688107e-07,3.333333431498886e-08,0.0,True
Ag2Mg1Zr1S4_kesterite,7.312499983314069e-08,5.850000022178392e-07,3.333333298272123e-08,0.0,True
Ag2Mg1Zr1S4_stannite,7.04687503905177e-08,5.637499995714279e-07,0.0,0.0,True
Ag2Mg1Zr1Se1Te3_kesterite,4.062500336132757e-09,3.25000044654189e-08,3.333333342681044e-08,0.0,True
Ag2Mg1Zr1Se1Te3_stannite,4.062500336132757e-09,3.25000044654189e-08,0.0,0.0,True
Ag2Mg1Zr1Se2Te2_kesterite,2.2656249765162784e-08,1.8125000167401595e-07,0.0,0.0,True
Ag2Mg1Zr1Se2Te2_stannite,4.171874978808887e-08,3.3375000185742465e-07,3.333333253863202e-08,0.0,True
Ag2Mg1Zr1Se3Te1_kesterite,7.531250112435828e-08,6.025000018894389e-07,3.333333342681044e-08,0.0,True
Ag2Mg1Zr1Se3Te1_stannite,9.218748431294443e-09,7.37499945557829e-08,3.333333431498886e-08,0.0,True
Ag2Mg1Zr1Se4_kesterite,4.281249976756385e-08,3.425000016932245e-07,0.0,0.0,True
Ag2Mg1Zr1Se4_stannite,5.984374995549047e-08,4.7874999609121e-07,0.0,0.0,True
Ag2Mg1Zr1Te4_kesterite,7.078124930615104e-08,5.662499944492083e-07,3.333333342681044e-08,0.0,True
Ag2Mg1Zr1Te4_stannite,5.203124953112592e-08,4.162499962490074e-07,3.333333342681044e-08,0.0,True
Ag2Sr0.5Ba0.5Ge1S4_kesterite,6.562500010076633e-08,5.250000043588443e-07,3.333333342681044e-08,0.0,True
Ag2Sr0.5Ba0.5Ge1S4_stannite,7.296875148554705e-08,5.837500012262353e-07,3.333333342681044e-08,0.0,True
Ag2Sr0.5Ba0.5Ge1Se4_kesterite,4.1562499220049176e-08,3.3250000086582077e-07,3.333333342681044e-08,0.0,True
Ag2Sr0.5Ba0.5Ge1Se4_stannite,1.453124909289727e-08,1.1624999984860551e-07,3.333333298272123e-08,0.0,True
Ag2Sr0.5Ba0.5Ge1Te4_stannite,4.281249932347464e-08,3.425000016932245e-07,0.0,0.0,True
Ag2Sr0.5Ba0.5Sn1S4_kesterite,6.421874987339038e-08,5.137500025398367e-07,3.333333342681044e-08,0.0,True
Ag2Sr0.5Ba0.5Sn1S4_stannite,8.125000672265514e-09,6.500000182541044e-08,3.333333342681044e-08,0.0,True
Ag2Sr0.5Ba0.5Sn1Se4_kesterite,2.4687500932429884e-08,1.9750000035401172e-07,3.333333253863202e-08,0.0,True
Ag2Sr0.5Ba0.5Sn1Se4_stannite,6.312499856164777e-08,5.049999955986095e-07,4.440892098500626e-16,0.0,True
Ag2Sr0.5Ba0.5Sn1Te4_kesterite,6.906249927496333e-08,5.524999977524203e-07,3.333333431498886e-08,0.0,True
Ag2Sr0.5Ba0.5Zr1S4_kesterite,6.718749956391434e-08,5.375000000640284e-07,8.881784197001252e-16,0.0,True
Ag2Sr0.5Ba0.5Zr1S4_stannite,3.1562498836734676e-08,2.524999942465911e-07,3.333333342681044e-08,0.0,True
Ag2Sr0.5Ba0.5Zr1Se4_kesterite,2.5468750219914682e-08,2.0375000531203113e-07,3.333333431498886e-08,0.0,True
Ag2Sr0.5Ba0.5Zr1Se4_stannite,7.437500082474457e-08,5.950000030452429e-07,3.333333431498886e-08,0.0,True
Ag2Sr0.5Ba0.5Zr1Te4_kesterite,2.7812500302815124e-08,2.2249999886980731e-07,0.0,0.0,True
Ag2Sr0.5Ba0.5Zr1Te4_stannite,6.250013839803614e-10,5.000003966415534e-09,0.0,0.0,True
Ag2Sr0.5Cd0.5Ge1S4_kesterite,3.593750008690222e-08,2.8750000069521775e-07,0.0,,False
Ag2Sr0.5Cd0.5Ge1S4_stannite,7.500000620552782e-09,6.000000496442226e-08,4.440892098500626e-16,0.0,True
Ag2Sr0.5Cd0.5Ge1Se4_kesterite,4.9531250212453415e-08,3.962500016996273e-07,0.0,0.0,True
Ag2Sr0.5Cd0.5Ge1Se4_stannite,3.281249938424935e-08,2.624999950739948e-07,3.333333342681044e-08,0.0,True
Ag2Sr0.5Cd0.5Ge1Te4_kesterite,2.8437499910438646e-08,2.274999957307955e-07,3.333333342681044e-08,0.0,True
Ag2Sr0.5Cd0.5Ge1Te4_stannite,7.656250300414058e-09,6.124999885059879e-08,3.333333431498886e-08,0.0,True
Ag2Sr0.5Cd0.5Sn1S4_kesterite,5.562499971745183e-08,4.4499999773961463e-07,3.333333298272123e-08,0.0,True
Ag2Sr0.5Cd0.5Sn1S4_stannite,2.2656250209251994e-08,1.8125000167401595e-07,3.333333342681044e-08,0.0,True
Ag2Sr0.5Cd0.5Sn1Se4_kesterite,7.468749974037792e-08,5.974999979230233e-07,3.333333342681044e-08,0.0,True
Ag2Sr0.5Cd0.5Sn1Se4_stannite,6.437499955325166e-08,5.149999964260132e-07,3.333333342681044e-08,0.009000000000000341,True
Ag2Sr0.5Cd0.5Sn1Te4_kesterite,5.1562500491542096e-08,4.125000003796231e-07,0.0,0.0,True
Ag2Sr0.5Cd0.5Sn1Te4_stannite,3.2968749952289045e-08,2.6375000317102604e-07,3.333333253863202e-08,0.0,True
Ag2Sr0.5Cd0.5Zr1S4_kesterite,8.437500031988066e-09,6.749999670319085e-08,3.333333342681044e-08,0.0,True
Ag2Sr0.5Cd0.5Zr1S4_stannite,3.718749974623847e-08,2.974999944171941e-07,3.333333342681044e-08,0.0,True
Ag2Sr0.5Cd0.5Zr1Se4_kesterite,3.234375034466552e-08,2.587499992046105e-07,3.333333342681044e-08,0.0,True
Ag2Sr0.5Cd0.5Zr1Se4_stannite,4.9531249768364205e-08,3.962500016996273e-07,0.0,0.0,True
Ag2Sr0.5Cd0.5Zr1Te4_kesterite,8.593750155938551e-09,6.875000480022209e-08,3.333333431498886e-08,0.0,True
Ag2Sr0.5Cd0.5Zr1Te4_stannite,4.718750012955297e-08,3.775000010364238e-07,3.333333431498886e-08,0.0,True
Ag2Sr0.5Zn0.5Ge1S4_kesterite,6.656250084446924e-08,5.325000032030403e-07,3.333333298272123e-08,,False
Ag2Sr0.5Zn0.5Ge1S4_stannite,2.031250101452997e-08,1.625000010108124e-07,3.333333387089965e-08,0.0,True
Ag2Sr0.5Zn0.5Ge1Se4_kesterite,5.6093750977481704e-08,4.487500007144263e-07,3.333333342681044e-08,0.0,True
Ag2Sr0.5Zn0.5Ge1Se4_stannite,3.6093748434495865e-08,2.887499945813943e-07,3.333333342681044e-08,,False
Ag2Sr0.5Zn0.5Ge1Te4_kesterite,4.140624998427711e-08,3.312499998742169e-07,3.333333253863202e-08,0.0,True
Ag2Sr0.5Zn0.5Ge1Te4_stannite,1.4062502273759492e-09,1.1250001819007593e-08,0.0,0.024100000000000676,False
Ag2Sr0.5Zn0.5Sn1S4_kesterite,6.781249872744866e-08,5.424999969250166e-07,0.0,0.0,True
Ag2Sr0.5Zn0.5Sn1S4_stannite,5.562500060563025e-08,4.4499999773961463e-07,3.333333298272123e-08,0.0,True
Ag2Sr0.5Zn0.5Sn1Se4_kesterite,3.5781249518862523e-08,2.8624999970361387e-07,3.333333342681044e-08,0.0,True
Ag2Sr0.5Zn0.5Sn1Se4_stannite,7.015624925443831e-08,5.612499975882201e-07,3.333333342681044e-08,0.0,True
Ag2Sr0.5Zn0.5Sn1Te4_kesterite,4.0937500500604074e-08,3.275000040048326e-07,0.0,0.0,True
Ag2Sr0.5Zn0.5Sn1Te4_stannite,6.343749969772716e-08,5.074999975818173e-07,3.333333342681044e-08,0.0,True
Ag2Sr0.5Zn0.5Zr1S4_kesterite,5.109375011969064e-08,4.0874999740481144e-07,3.333333342681044e-08,0.0,True
Ag2Sr0.5Zn0.5Zr1S4_stannite,7.73437487389117e-08,6.187500005694346e-07,3.333333342681044e-08,0.0,True
Ag2Sr0.5Zn0.5Zr1Se4_kesterite,7.499999954418968e-08,5.999999999062311e-07,3.333333342681044e-08,0.0,True
Ag2Sr0.5Zn0.5Zr1Se4_stannite,3.8125001378119805e-08,3.050000003668174e-07,3.333333342681044e-08,,False
Ag2Sr0.5Zn0.5Zr1Te4_kesterite,4.1249998972148205e-08,3.29999998882613e-07,3.333333342681044e-08,0.0,True
Ag2Sr0.5Zn0.5Zr1Te4_stannite,6.468750157750947e-08,5.175000055146484e-07,3.333333342681044e-08,,False
Ag2Sr1Ge0.5Zr0.5S4_kesterite,7.406249924457597e-08,5.925000010620352e-07,4.440892098500626e-16,0.0,True
Ag2Sr1Ge0.5Zr0.5S4_stannite,6.890624870692363e-08,5.512499967608164e-07,3.3333333204765836e-08,0.0,True
Ag2Sr1Ge0.5Zr0.5Se4_stannite,7.515625100040779e-08,6.012499937924076e-07,0.0,0.0,True
Ag2Sr1Ge0.5Zr0.5Te4_kesterite,7.453125050460585e-08,5.962500111422742e-07,0.0,0.0,True
Ag2Sr1Ge1S1Se1Te2_stannite,2.8281249564443556e-08,2.2625000184461896e-07,3.333333342681044e-08,0.0,True
Ag2Sr1Ge1S1Se2Te1_kesterite,5.484374998587782e-08,4.3874999988702257e-07,8.881784197001252e-16,0.0,True
Ag2Sr1Ge1S1Se2Te1_stannite,2.484374928002353e-08,1.9874999424018824e-07,3.333333342681044e-08,0.0,True
Ag2Sr1Ge1S2Se1Te1_kesterite,4.8281250775161766e-08,3.862500008722236e-07,0.0,0.0,True
Ag2Sr1Ge1S2Se1Te1_stannite,7.812500424364544e-09,6.249999984220267e-08,0.0,0.0,True
Ag2Sr1Ge1S2Se2_kesterite,1.2343750022125732e-08,9.875000017700586e-08,3.333333342681044e-08,0.0,True
Ag2Sr1Ge1S2Se2_stannite,3.703124962228799e-08,2.962500005310176e-07,3.333333342681044e-08,0.0,True
Ag2Sr1Ge1S2Te2_kesterite,2.2968750457152964e-08,1.8375000365722371e-07,3.333333342681044e-08,0.0,True
Ag2Sr1Ge1S2Te2_stannite,6.23437506064306e-08,4.987500048514448e-07,0.0,0.0,True
Ag2Sr1Ge1S3Te1_kesterite,1.4062502273759492e-09,1.1250001819007593e-08,3.333333342681044e-08,0.0,True
Ag2Sr1Ge1S3Te1_stannite,1.5781250084501153e-08,1.2625000067600922e-07,3.333333342681044e-08,0.0,True
Ag2Sr1Ge1S4_kesterite,1.5625000404639877e-08,1.2499999968440534e-07,0.0,0.0,True
Ag2Sr1Ge1S4_stannite,1.1874999206185066e-08,9.499999720219421e-08,3.333333342681044e-08,0.0,True
Ag2Sr1Ge1Se4_kesterite,3.062500031347781e-08,2.450000025078225e-07,3.333333253863202e-08,0.0,True
Ag2Sr1Ge1Se4_stannite,1.8125000167401595e-08,1.4500000133921276e-07,3.3333333204765836e-08,0.0,True
Ag2Sr1Ge1Te4_kesterite,2.3750000188726972e-08,1.9000000150981577e-07,3.333333342681044e-08,0.0,True
Ag2Sr1Ge1Te4_stannite,2.1874999589499566e-08,1.7499999671599653e-07,3.333333253863202e-08,0.0,True
Ag2Sr1Sn0.5Ge0.5S4_kesterite,7.093750031827994e-08,5.675000096516669e-07,3.333333342681044e-08,0.0,True
Ag2Sr1Sn0.5Ge0.5S4_stannite,2.2031249713450052e-08,1.7624999060217306e-07,8.881784197001252e-16,0.0,True
Ag2Sr1Sn0.5Ge0.5Te4_kesterite,7.374999944076421e-08,5.899999990788274e-07,8.881784197001252e-16,0.0,True
Ag2Sr1Sn0.5Zr0.5S4_kesterite,7.484375075250682e-08,5.987500060200546e-07,3.333333298272123e-08,0.0,True
Ag2Sr1Sn0.5Zr0.5S4_stannite,8.125001116354724e-09,6.50000089308378e-08,3.333333342681044e-08,0.0,True
Ag2Sr1Sn0.5Zr0.5Se4_kesterite,4.281249932347464e-08,3.4249998748236976e-07,0.0,0.0,True
Ag2Sr1Sn0.5Zr0.5Se4_stannite,3.09375014495572e-08,2.474999973856029e-07,0.0,0.0,True
Ag2Sr1Sn0.5Zr0.5Te4_kesterite,6.734375013195404e-08,5.387499868447776e-07,3.333333342681044e-08,0.0,True
Ag2Sr1Sn0.5Zr0.5Te4_stannite,6.765625037985501e-08,5.412499888279854e-07,3.333333342681044e-08,0.0,True
Ag2Sr1Sn1S1Se1Te2_kesterite,3.6562500360659556e-08,2.924999975562059e-07,3.333333342681044e-08,0.00019999999999953388,True
Ag2Sr1Sn1S1Se1Te2_stannite,5.031250061016124e-08,4.024999995522194e-07,3.333333342681044e-08,0.0,True
Ag2Sr1Sn1S1Se2Te1_kesterite,5.359374988245236e-08,4.2874999905961886e-07,3.333333342681044e-08,0.0,True
Ag2Sr1Sn1S1Se3_kesterite,5.624999976916456e-08,4.5000000170603016e-07,3.333333342681044e-08,0.0,True
Ag2Sr1Sn1S1Te3_kesterite,7.671875090764502e-08,6.137500037084465e-07,3.333333431498886e-08,0.0,True
Ag2Sr1Sn1S1Te3_stannite,4.484374960256332e-08,3.5875000037322025e-07,3.333333253863202e-08,0.0,True
Ag2Sr1Sn1S2Se1Te1_stannite,4.015624943676244e-08,3.2124999904681317e-07,3.333333342681044e-08,0.0,True
Ag2Sr1Sn1S2Se2_kesterite,4.6874992776224644e-09,3.7499994220979715e-08,3.333333342681044e-08,0.0,True
Ag2Sr1Sn1S2Se2_stannite,4.531250041850399e-08,3.625000033480319e-07,3.333333342681044e-08,0.0,True
Ag2Sr1Sn1S2Te2_kesterite,1.968750051872803e-08,1.5750000414982424e-07,3.333333342681044e-08,0.0,True
Ag2Sr1Sn1S2Te2_stannite,4.546874965427605e-08,3.637499972342084e-07,0.0,0.0,True
Ag2Sr1Sn1S3Se1_stannite,5.328124874637297e-08,4.262499970764111e-07,3.333333342681044e-08,0.0,True
Ag2Sr1Sn1S3Te1_kesterite,5.312499773424406e-09,4.249999818739525e-08,0.0,0.0,True
Ag2Sr1Sn1S3Te1_stannite,5.4687499861927336e-08,4.374999988954187e-07,0.0,0.0,True
Ag2Sr1Sn1S4_kesterite,2.5625000343865167e-08,2.0499999919820766e-07,3.333333342681044e-08,0.0,True
Ag2Sr1Sn1S4_stannite,2.312499924883582e-08,1.8499999754340024e-07,0.0,0.0,True
Ag2Sr1Sn1Se1Te3_kesterite,1.156250095668554e-08,9.25000023244138e-08,0.0,0.00140000000000029,True
Ag2Sr1Sn1Se1Te3_stannite,6.249999850993504e-09,5.000000413701855e-08,3.333333342681044e-08,0.0,True
Ag2Sr1Sn1Se2Te2_kesterite,1.2031251106492391e-08,9.625000529922545e-08,3.333333253863202e-08,0.0,True
Ag2Sr1Sn1Se2Te2_stannite,2.484374883593432e-08,1.9874999424018824e-07,3.333333253863202e-08,0.0,True
Ag2Sr1Sn1Se3Te1_kesterite,7.46874992962887e-08,5.974999979230233e-07,3.333333431498886e-08,0.0,True
Ag2Sr1Sn1Se3Te1_stannite,1.687500050806534e-08,1.3500000051180905e-07,0.0,0.0,True
Ag2Sr1Sn1Se4_kesterite,2.8749999714250407e-08,2.2999999771400326e-07,3.333333253863202e-08,0.0,True
Ag2Sr1Sn1Se4_stannite,1.3749999805412472e-08,1.1000000199601345e-07,3.333333253863202e-08,0.0,True
Ag2Sr1Sn1Te4_kesterite,2.312499969292503e-08,1.8499999754340024e-07,3.333333253863202e-08,0.0,True
Ag2Sr1Sn1Te4_stannite,1.937500027082706e-08,1.5500000216661647e-07,3.333333342681044e-08,0.0,True
Ag2Sr1Zr1S1Se1Te2_kesterite,2.671875054538475e-08,2.137499990340075e-07,3.333333253863202e-08,0.0,True
Ag2Sr1Zr1S1Se1Te2_stannite,4.9062500062646563e-08,3.9249999872481567e-07,3.333333342681044e-08,0.0,True
Ag2Sr1Zr1S1Se2Te1_kesterite,1.0781250114888508e-08,8.625000447182174e-08,3.333333431498886e-08,0.0,True
Ag2Sr1Zr1S1Se3_kesterite,7.187500106198286e-08,5.750000013904355e-07,8.881784197001252e-16,0.0,True
Ag2Sr1Zr1S1Te3_stannite,5.7500000760768444e-08,4.6000000253343387e-07,3.333333342681044e-08,0.0,True
Ag2Sr1Zr1S2Se1Te1_kesterite,9.374999887512558e-09,7.500000265281415e-08,0.0,0.0,True
Ag2Sr1Zr1S2Se1Te1_stannite,6.406249308810175e-09,5.1249998023195076e-08,3.333333253863202e-08,0.0,True
Ag2Sr1Zr1S2Se2_kesterite,2.109375030201477e-08,1.6874999886340447e-07,3.333333342681044e-08,0.0,True
Ag2Sr1Zr1S2Te2_kesterite,3.9843749188861466e-08,3.187499970636054e-07,3.333333253863202e-08,0.0,True
Ag2Sr1Zr1S2Te2_stannite,4.42187499949398e-08,3.5375000351223207e-07,3.333333342681044e-08,0.0,True
Ag2Sr1Zr1S3Se1_kesterite,7.48437498643284e-08,5.987500060200546e-07,3.333333342681044e-08,0.0,True
Ag2Sr1Zr1S3Te1_stannite,2.6718749879250936e-08,2.137499990340075e-07,0.0,0.0,True
Ag2Sr1Zr1S4_kesterite,2.7187498918834763e-08,2.1749999490339178e-07,0.0,0.0,True
Ag2Sr1Zr1S4_stannite,2.8124999662537675e-08,2.2500000085301508e-07,3.333333342681044e-08,0.0,True
Ag2Sr1Zr1Se1Te3_stannite,7.640625043769944e-08,6.112500017252387e-07,3.333333342681044e-08,0.0,True
Ag2Sr1Zr1Se2Te2_kesterite,7.328124995709118e-08,5.862500032094431e-07,0.0,0.0,True
Ag2Sr1Zr1Se4_kesterite,4.015624943676244e-08,3.2124999904681317e-07,0.0,0.0,True
Ag2Sr1Zr1Se4_stannite,6.015624931521302e-08,4.812499980744178e-07,0.0,0.0,True
Ag2Sr1Zr1Te4_kesterite,4.374999917899913e-09,3.4999999343199306e-08,3.333333342681044e-08,0.0,True
Ag2Sr1Zr1Te4_stannite,1.0312500187126261e-08,8.250000149701009e-08,3.333333342681044e-08,0.0,True
Ag2Zn0.5Cd0.5Ge1S4_kesterite,8.124999339997885e-09,6.499999471998308e-08,3.333333298272123e-08,0.0,True
Ag2Zn0.5Cd0.5Ge1S4_stannite,7.265624990537844e-08,5.812499992430276e-07,3.333333253863202e-08,0.0,True
Ag2Zn0.5Cd0.5Ge1Se4_kesterite,1.8750005992274055e-09,1.5000004793819244e-08,0.0,0.0,True
Ag2Zn0.5Cd0.5Ge1Se4_stannite,5.000000413701855e-09,4.000000330961484e-08,0.0,0.0,True
Ag2Zn0.5Cd0.5Ge1Te4_kesterite,1.2343750022125732e-08,9.875000017700586e-08,0.0,0.0,True
Ag2Zn0.5Cd0.5Ge1Te4_stannite,7.656249856324848e-09,6.124999885059879e-08,3.333333253863202e-08,0.0,True
Ag2Zn0.5Cd0.5Sn1S4_kesterite,6.156249998667818e-08,4.924999998934254e-07,3.333333298272123e-08,0.0,True
Ag2Zn0.5Cd0.5Sn1S4_stannite,7.796875056698127e-08,6.237500045358502e-07,0.0,0.0,True
Ag2Zn0.5Cd0.5Sn1Se4_kesterite,5.87500004201047e-08,4.700000033608376e-07,3.333333342681044e-08,0.0,True
Ag2Zn0.5Cd0.5Sn1Se4_stannite,3.625000033480319e-08,2.900000026784255e-07,8.881784197001252e-16,0.02009999999999934,False
Ag2Zn0.5Cd0.5Sn1Te4_kesterite,6.718750000800355e-08,5.375000000640284e-07,1.7763568394002505e-15,0.0,True
Ag2Zn0.5Cd0.5Sn1Te4_stannite,1.9531249950688334e-08,1.5624999960550667e-07,3.333333253863202e-08,,False
Ag2Zn0.5Cd0.5Zr1S4_kesterite,1.4531249536986479e-08,1.1624999984860551e-07,3.333333342681044e-08,0.0,True
Ag2Zn0.5Cd0.5Zr1S4_stannite,7.312500072131911e-08,5.850000022178392e-07,8.881784197001252e-16,,False
Ag2Zn0.5Cd0.5Zr1Se4_stannite,4.109374929228693e-08,3.287499978910091e-07,3.333333253863202e-08,0.0,True
Ag2Zn0.5Cd0.5Zr1Te4_kesterite,3.6718749818476226e-08,2.937499985478098e-07,3.333333253863202e-08,0.0,True
Ag2Zn0.5Cd0.5Zr1Te4_stannite,6.109374961482672e-08,4.887499969186138e-07,3.333333431498886e-08,0.0,True
Ag2Zn1Ge0.5Zr0.5S4_kesterite,1.656249981607516e-08,1.3249999852860128e-07,0.0,0.0,True
Ag2Zn1Ge0.5Zr0.5S4_stannite,1.7499999671599653e-08,1.4000000447822458e-07,3.333333298272123e-08,0.0,True
Ag2Zn1Ge0.5Zr0.5Se4_kesterite,3.687500083060513e-08,2.949999995394137e-07,3.333333342681044e-08,0.0,True
Ag2Zn1Ge0.5Zr0.5Se4_stannite,4.4687499034523626e-08,3.5749999938161636e-07,3.333333342681044e-08,0.0,True
Ag2Zn1Ge0.5Zr0.5Te4_stannite,4.0937500500604074e-08,3.2749999689940523e-07,0.0,0.10890000000000022,False
Ag2Zn1Ge1S1Se1Te2_kesterite,4.9687500558448505e-08,3.975000026912312e-07,8.881784197001252e-16,0.0,True
Ag2Zn1Ge1S1Se1Te2_stannite,4.296874966946973e-08,3.43749995579401e-07,3.333333431498886e-08,0.1717000000000004,False
Ag2Zn1Ge1S1Se2Te1_kesterite,6.906249971905254e-08,5.524999977524203e-07,3.333333342681044e-08,0.0,True
Ag2Zn1Ge1S1Se2Te1_stannite,3.078124954924988e-08,2.4624999639399903e-07,3.333333253863202e-08,0.0,True
Ag2Zn1Ge1S1Se3_kesterite,3.68749994983375e-08,2.949999995394137e-07,3.333333253863202e-08,0.0,True
Ag2Zn1Ge1S1Se3_stannite,5.000000014021566e-08,3.999999975690116e-07,3.333333431498886e-08,0.0,True
Ag2Zn1Ge1S1Te3_stannite,4.593750002612751e-08,3.6750000020902007e-07,3.333333431498886e-08,0.18130000000000024,False
Ag2Zn1Ge1S2Se1Te1_kesterite,3.750000088231786e-09,3.000000248221113e-08,3.333333431498886e-08,0.0,True
Ag2Zn1Ge1S2Se1Te1_stannite,6.984375056084957e-08,5.587500027104397e-07,3.333333253863202e-08,0.021300000000000097,False
Ag2Zn1Ge1S2Se2_kesterite,2.79687499826764e-08,2.237499998614112e-07,3.333333298272123e-08,0.0,True
Ag2Zn1Ge1S2Se2_stannite,6.906249971905254e-08,5.524999977524203e-07,0.0,0.0,True
Ag2Zn1Ge1S2Te2_kesterite,2.8906250726379312e-08,2.312500058110345e-07,3.333333253863202e-08,0.0,True
Ag2Zn1Ge1S2Te2_stannite,7.125000056618092e-08,5.700000045294473e-07,3.333333253863202e-08,,False
Ag2Zn1Ge1S3Se1_kesterite,4.7499999489275524e-08,3.799999959142042e-07,3.333333342681044e-08,0.0,True
Ag2Zn1Ge1S3Se1_stannite,3.5781249962951733e-08,2.8624999970361387e-07,0.0,0.0,True
Ag2Zn1Ge1S3Te1_kesterite,9.843749815274805e-09,7.874999852219844e-08,3.333333253863202e-08,0.0,True
Ag2Zn1Ge1S3Te1_stannite,8.749999835799827e-09,6.999999868639861e-08,3.333333342681044e-08,0.0,True
Ag2Zn1Ge1S4_kesterite,2.0625000818341732e-08,1.6500000299402018e-07,3.333333342681044e-08,0.0,True
Ag2Zn1Ge1S4_stannite,1.8750000663203537e-08,1.500000053056283e-07,3.333333253863202e-08,0.0,True
Ag2Zn1Ge1Se1Te3_kesterite,7.218749953352699e-08,5.774999962682159e-07,3.333333253863202e-08,0.0,True
Ag2Zn1Ge1Se1Te3_stannite,4.2343749395712393e-08,3.387499987184128e-07,3.333333431498886e-08,0.11969999999999992,False
Ag2Zn1Ge1Se2Te2_kesterite,1.796875004345111e-08,1.4375000034760888e-07,0.0,0.0,True
Ag2Zn1Ge1Se2Te2_stannite,2.5781250023726443e-08,2.0625000018981154e-07,3.33333316504536e-08,1.2661999999999995,False
Ag2Zn1Ge1Se3Te1_kesterite,6.453125012129135e-08,5.162499974176171e-07,0.0,0.0,True
Ag2Zn1Ge1Se3Te1_stannite,2.9531250778092044e-08,2.3625000267202267e-07,3.333333253863202e-08,0.1426999999999996,False
Ag2Zn1Ge1Se4_kesterite,6.249999184859689e-09,4.999999703159119e-08,3.333333342681044e-08,0.0,True
Ag2Zn1Ge1Se4_stannite,3.1249999477012125e-08,2.499999993688107e-07,3.333333342681044e-08,0.0,True
Ag2Zn1Ge1Te4_kesterite,2.937499976596314e-08,2.350000016804188e-07,3.333333431498886e-08,0.0,True
Ag2Zn1Ge1Te4_stannite,1.8750010433166153e-09,1.5000004793819244e-08,3.333332898591834e-08,0.0,True
Ag2Zn1Sn0.5Ge0.5S4_kesterite,7.781249955485237e-08,6.224999964388189e-07,3.333333342681044e-08,0.0,True
Ag2Zn1Sn0.5Ge0.5S4_stannite,1.7812499919500624e-08,1.42499999356005e-07,4.440892098500626e-16,0.0,True
Ag2Zn1Sn0.5Ge0.5Se4_kesterite,4.7812499737176495e-08,3.8249999789741196e-07,3.333333342681044e-08,0.0,True
Ag2Zn1Sn0.5Ge0.5Se4_stannite,4.5000000170603016e-08,3.6000000136482413e-07,3.333333431498886e-08,0.013099999999999667,False
Ag2Zn1Sn0.5Ge0.5Te4_kesterite,1.1562500290551725e-08,9.25000023244138e-08,1.7763568394002505e-15,,False
Ag2Zn1Sn0.5Ge0.5Te4_stannite,7.140624980195298e-08,5.712499984156238e-07,0.0,0.0,True
Ag2Zn1Sn0.5Zr0.5S4_kesterite,5.703124994482778e-08,4.562499995586222e-07,3.333333253863202e-08,0.0,True
Ag2Zn1Sn0.5Zr0.5S4_stannite,7.40625001327544e-08,5.925000010620352e-07,3.333333387089965e-08,0.0,True
Ag2Zn1Sn0.5Zr0.5Se4_kesterite,5.687499982087729e-08,4.5499999856701834e-07,3.333333387089965e-08,0.0,True
Ag2Zn1Sn0.5Zr0.5Se4_stannite,4.562499977822654e-08,3.649999982258123e-07,3.333333298272123e-08,0.0,True
Ag2Zn1Sn0.5Zr0.5Te4_kesterite,6.125000062695563e-08,4.90000005015645e-07,3.333333342681044e-08,0.0,True
Ag2Zn1Sn0.5Zr0.5Te4_stannite,3.0156250829804776e-08,2.412500066384382e-07,3.333333342681044e-08,0.0,True
Ag2Zn1Sn1S1Se1Te2_kesterite,3.906250212182272e-09,3.1250003473815013e-08,3.333333253863202e-08,0.0,True
Ag2Zn1Sn1S1Se1Te2_stannite,1.7187499645743287e-08,1.3749999538958946e-07,0.0,0.25710000000000033,False
Ag2Zn1Sn1S1Se2Te1_stannite,5.249999990297738e-08,4.1999999922381903e-07,3.333333253863202e-08,,False
Ag2Zn1Sn1S1Se3_kesterite,4.078124904438596e-08,3.2624999590780135e-07,3.333333342681044e-08,0.0,True
Ag2Zn1Sn1S1Se3_stannite,7.656250300414058e-09,6.124999885059879e-08,3.333333342681044e-08,0.0,True
Ag2Zn1Sn1S1Te3_kesterite,4.4687500366791255e-08,3.575000064870437e-07,3.333333253863202e-08,0.0,True
Ag2Zn1Sn1S1Te3_stannite,8.750000723978246e-09,7.000000579182597e-08,1.7763568394002505e-15,0.375,False
Ag2Zn1Sn1S2Se1Te1_kesterite,7.265625012742305e-08,5.812499992430276e-07,3.333333342681044e-08,0.0,True
Ag2Zn1Sn1S2Se1Te1_stannite,7.281250025137354e-08,5.825000002346314e-07,3.333333431498886e-08,0.1734,False
Ag2Zn1Sn1S2Se2_kesterite,6.000000052353016e-08,4.800000041882413e-07,3.333333253863202e-08,0.0,True
Ag2Zn1Sn1S2Se2_stannite,7.2968749265101e-08,5.83749994120808e-07,3.333333253863202e-08,0.0,True
Ag2Zn1Sn1S2Te2_kesterite,1.0937499794749783e-08,8.749999835799827e-08,3.333333431498886e-08,0.0,True
Ag2Zn1Sn1S2Te2_stannite,4.406250031507852e-08,3.525000025206282e-07,3.333333253863202e-08,0.46919999999999984,False
Ag2Zn1Sn1S3Se1_kesterite,7.343750052513087e-08,5.87500004201047e-07,3.333333298272123e-08,0.0,True
Ag2Zn1Sn1S3Se1_stannite,5.484374998587782e-08,4.3874999988702257e-07,8.881784197001252e-16,,False
Ag2Zn1Sn1S3Te1_kesterite,5.6093750977481704e-08,4.487500007144263e-07,0.0,0.0,True
Ag2Zn1Sn1S3Te1_stannite,4.687501053979304e-09,3.750000132640707e-08,3.333333253863202e-08,0.0,True
Ag2Zn1Sn1S4_kesterite,2.1249999093697625e-08,1.6999999985500835e-07,3.333333342681044e-08,0.0,True
Ag2Zn1Sn1S4_stannite,2.937500021005235e-08,2.350000016804188e-07,3.333333253863202e-08,0.0,True
Ag2Zn1Sn1Se1Te3_stannite,3.078124954924988e-08,2.4624999639399903e-07,1.7763568394002505e-15,0.1120000000000001,False
Ag2Zn1Sn1Se2Te2_kesterite,4.7812499293087285e-08,3.8249999789741196e-07,3.333333342681044e-08,0.0,True
Ag2Zn1Sn1Se2Te2_stannite,1.5000000797016355e-08,1.2000000282341716e-07,0.0,0.17019999999999946,False
Ag2Zn1Sn1Se3Te1_kesterite,2.6093750715716624e-08,2.087500021730193e-07,3.333333431498886e-08,0.0,True
Ag2Zn1Sn1Se4_kesterite,1.0624999546848812e-08,8.49999963747905e-08,3.333333342681044e-08,0.0,True
Ag2Zn1Sn1Se4_stannite,2.3749999300548552e-08,1.8999999440438842e-07,3.333333431498886e-08,0.0,True
Ag2Zn1Sn1Te4_kesterite,1.7499999671599653e-08,1.3999999737279722e-07,0.0,0.0,True
Ag2Zn1Sn1Te4_stannite,5.000000413701855e-09,4.000000330961484e-08,0.0,0.0,True
Ag2Zn1Zr1S1Se1Te2_stannite,7.171874893963093e-08,5.737500003988316e-07,3.333333342681044e-08,0.0,True
Ag2Zn1Zr1S1Se2Te1_kesterite,6.906249927496333e-08,5.524999977524203e-07,3.333333253863202e-08,0.0,True
Ag2Zn1Zr1S1Se2Te1_stannite,2.031249968226234e-08,1.625000010108124e-07,0.0,0.0,True
Ag2Zn1Zr1S1Se3_kesterite,3.1562500169002305e-08,2.5250000135201844e-07,3.333333342681044e-08,0.0,True
Ag2Zn1Zr1S1Se3_stannite,3.1875000416903276e-08,2.5499999622979885e-07,3.333333253863202e-08,,False
Ag2Zn1Zr1S1Te3_kesterite,3.703124962228799e-08,2.962500005310176e-07,8.881784197001252e-16,0.0,True
Ag2Zn1Zr1S2Se1Te1_kesterite,3.9218749581237944e-08,3.1375000020261723e-07,0.0,0.0,True
Ag2Zn1Zr1S2Se1Te1_stannite,2.7031250571241117e-08,2.1625000101721525e-07,3.333333342681044e-08,0.0,True
Ag2Zn1Zr1S2Se2_kesterite,2.2968750901242174e-08,1.8375000365722371e-07,0.0,0.0,True
Ag2Zn1Zr1S2Se2_stannite,3.6406250014664465e-08,2.9124999656460204e-07,0.0,0.0,True
Ag2Zn1Zr1S2Te2_stannite,4.7812500181265705e-08,3.8249999789741196e-07,8.881784197001252e-16,0.0,True
Ag2Zn1Zr1S3Se1_stannite,6.796874973957756e-08,5.437500050220478e-07,3.333333342681044e-08,0.0,True
Ag2Zn1Zr1S3Te1_kesterite,4.2187506821278475e-09,3.375000545702278e-08,3.333333342681044e-08,0.0,True
Ag2Zn1Zr1S3Te1_stannite,3.281249938424935e-09,2.624999950739948e-08,3.333333253863202e-08,0.0,True
Ag2Zn1Zr1S4_kesterite,6.703125032814228e-08,5.362499990724245e-07,3.333333253863202e-08,0.0,True
Ag2Zn1Zr1S4_stannite,5.8437500616292937e-08,4.675000013776298e-07,0.0,0.0,True
Ag2Zn1Zr1Se1Te3_stannite,4.953124910223039e-08,3.9624999459419996e-07,0.0,0.0,True
Ag2Zn1Zr1Se2Te2_kesterite,1.7343749991738378e-08,1.3874999638119334e-07,3.333333253863202e-08,0.0,True
Ag2Zn1Zr1Se2Te2_stannite,1.5937499764362428e-08,1.275000016676131e-07,3.333333431498886e-08,0.0,True
Ag2Zn1Zr1Se3Te1_kesterite,6.687499976010258e-08,5.349999980808207e-07,3.333333342681044e-08,0.0,True
Ag2Zn1Zr1Se3Te1_stannite,3.281249938424935e-09,2.624999950739948e-08,0.0,0.0,True
Ag2Zn1Zr1Se4_kesterite,3.4375000179664994e-08,2.7499999788460627e-07,3.333333342681044e-08,0.0,True
Ag2Zn1Zr1Se4_stannite,1.2187499454086037e-08,9.749999918540198e-08,0.0,0.0,True
Ag2Zn1Zr1Te4_kesterite,4.937500008850293e-08,3.9500000070802344e-07,3.333333253863202e-08,0.0,True
Ag2Zn1Zr1Te4_stannite,4.390625019112804e-08,3.512500015290243e-07,3.333333431498886e-08,0.0,True
Cs0.5Ag0.5Al0.5Ga0.5S1Se1_kesterite,3.546875060322918e-08,1.4187500241291673e-07,0.0,0.0,True
Cs0.5Ag0.5Al0.5Ga0.5S1Se1_stannite,5.359374988245236e-08,2.1437499952980943e-07,8.881784197001252e-16,0.0,True
Cs0.5Ag0.5Al0.5In0.5S1Se1_kesterite,3.765624967400072e-08,1.5062499869600288e-07,0.0,0.0,True
Cs0.5Ag0.5Al0.5In0.5S1Se1_stannite,5.343749975850187e-08,2.137499990340075e-07,0.0,0.0,True
Cs0.5Ag0.5Al0.5In0.5S1Te1_kesterite,4.859374991283971e-08,1.943750014277157e-07,3.333333431498886e-08,0.4238999999999997,False
Cs0.5Ag0.5Al0.5In0.5S1Te1_stannite,6.32812509060443e-08,2.531250018478204e-07,3.333333298272123e-08,0.0,True
Cs0.5Ag0.5Al0.5In0.5S2_kesterite,3.031250006557684e-08,1.2125000026230737e-07,4.440892098500626e-16,0.0,True
Cs0.5Ag0.5Al0.5In0.5Te2_kesterite,4.718749968546376e-08,1.887499969654982e-07,3.333333342681044e-08,0.5359999999999996,False
Cs0.5Ag0.5Al0.5In0.5Te2_stannite,1.937499893855943e-08,7.749999753059456e-08,8.881784197001252e-16,0.17820000000000036,False
Cs0.5Ag0.5Al1S1Se1_kesterite,6.874999947115157e-08,2.7499999788460627e-07,3.333333342681044e-08,0.0,True
Cs0.5Ag0.5Al1S2_kesterite,6.000000052353016e-08,2.4000000209412065e-07,0.0,0.0,True
Cs0.5Ag0.5Al1Se1Te1_kesterite,5.6093749645214075e-08,2.2437500035721314e-07,3.333333431498886e-08,0.0,True
Cs0.5Ag0.5Al1Se1Te1_stannite,2.796874953858719e-08,1.118749999307056e-07,3.333333431498886e-08,0.0,True
Cs0.5Ag0.5Al1Se2_kesterite,4.109375018046535e-08,1.6437500249821824e-07,3.333333342681044e-08,0.0,True
Cs0.5Ag0.5Al1Te2_kesterite,2.2656250653341203e-08,9.062500083700797e-08,8.881784197001252e-16,0.0,True
Cs0.5Ag0.5Al1Te2_stannite,5.781249701186653e-09,2.312500058110345e-08,0.0,0.0,True
Cs0.5Ag0.5Ga0.5In0.5S1Te1_kesterite,4.656249918966182e-08,1.8624999853500412e-07,0.0,0.0,True
Cs0.5Ag0.5Ga0.5In0.5S1Te1_stannite,6.734375057604325e-08,2.6937500052781616e-07,3.333333342681044e-08,0.31879999999999953,False
Cs0.5Ag0.5Ga1S2_kesterite,5.375000000640284e-08,2.1500000002561137e-07,3.333333342681044e-08,0.0,True
Cs0.5Ag0.5Ga1S2_stannite,6.093750037905465e-08,2.437500015162186e-07,0.0,0.0,True
Cs0.5Ag0.5Ga1Se2_kesterite,4.281249976756385e-08,1.7125000084661224e-07,3.333333342681044e-08,0.0,True
Cs0.5Ag0.5Ga1Se2_stannite,6.000000007944095e-08,2.3999999854140697e-07,0.0,0.0,True
Cs0.5Ag0.5Ga1Te2_kesterite,5.687499937678808e-08,2.2749999928350917e-07,3.552713678800501e-15,0.0,True
Cs0.5Ag0.5Ga1Te2_stannite,7.67187500194666e-08,3.0687499830150955e-07,3.333333253863202e-08,0.2601999999999993,False
Cs0.5Ag0.5In1S1Te1_kesterite,3.79687503659909e-08,1.5187499613489308e-07,1.7763568394002505e-15,0.6923999999999992,False
Cs0.5Ag0.5In1S1Te1_stannite,5.828124960416403e-08,2.331249930875856e-07,0.0,0.15339999999999776,False
Cs0.5Ag0.5In1S2_kesterite,6.640625027642955e-08,2.656250011057182e-07,3.333333342681044e-08,0.0,True
Cs0.5Ag0.5In1S2_stannite,6.343749969772716e-08,2.5374999879090865e-07,3.333333342681044e-08,0.0,True
Cs0.5Ag0.5In1Se2_kesterite,1.515625003278842e-08,6.062500190751052e-08,3.333333342681044e-08,0.0,True
Cs0.5Ag0.5In1Se2_stannite,2.281249988911327e-08,9.125000133280992e-08,3.333333342681044e-08,0.0,True
Cs0.5Ag0.5In1Te2_kesterite,3.999999975690116e-08,1.5999999902760464e-07,3.333333342681044e-08,0.01529999999999987,False
Cs0.5Ag0.5In1Te2_stannite,3.203125009676455e-08,1.281250003870582e-07,8.881784197001252e-16,0.0,True
Cs0.5Ag1.5Ba1Ge1S4_stannite,3.04687488572597e-08,2.4374999441079126e-07,0.0,0.0,True
Cs0.5Ag1.5Ba1Ge1Se4_stannite,3.656250058270416e-08,2.924999975562059e-07,3.333333253863202e-08,0.0,True
Cs0.5Ag1.5Ba1Sn1Te4_stannite,6.531250029695457e-08,5.225000023756365e-07,3.333333342681044e-08,0.0,True
Cs0.5Ag1.5Ba1Zr1S4_kesterite,1.937499982673785e-08,1.5500000216661647e-07,8.881784197001252e-16,0.0,True
Cs0.5Ag1.5Ba1Zr1S4_stannite,2.0624998597895683e-08,1.6499999588859282e-07,3.333333342681044e-08,0.0,True
Cs0.5Ag1.5Ba1Zr1Se4_kesterite,1.6093749000134494e-08,1.2874999555378963e-07,3.333333342681044e-08,0.0,True
Cs0.5Ag1.5Ba1Zr1Se4_stannite,3.4687499539387545e-08,2.7749999986781404e-07,3.333333342681044e-08,0.0,True
Cs0.5Ag1.5Ba1Zr1Te4_kesterite,2.8125000550716095e-08,2.2500000085301508e-07,0.0,0.0,True
Cs0.5Ag1.5Ba1Zr1Te4_stannite,2.9531249889913624e-08,2.3624999556659532e-07,3.333333342681044e-08,0.0,True
Cs0.5Ag1.5Ca1Ge1Te4_stannite,4.359374994322707e-08,3.4874999954581654e-07,3.333333342681044e-08,0.0,True
Cs0.5Ag1.5Ca1Sn1Te4_stannite,1.8749997110489858e-09,1.4999997688391886e-08,3.333333342681044e-08,0.0,True
Cs0.5Ag1.5Ca1Zr1S4_stannite,5.015625026416615e-08,4.012499985606155e-07,3.333333342681044e-08,0.0,True
Cs0.5Ag1.5Ca1Zr1Se4_kesterite,7.031249804612116e-09,5.624999488418325e-08,3.333333342681044e-08,0.0,True
Cs0.5Ag1.5Cd1Ge1S4_kesterite,2.109374896974714e-08,1.6874999886340447e-07,3.333333342681044e-08,0.0,True
Cs0.5Ag1.5Cd1Ge1Se4_kesterite,2.2656251097430413e-08,1.8125000167401595e-07,3.333333342681044e-08,5.3724000000000025,False
Cs0.5Ag1.5Cd1Ge1Se4_stannite,1.0156250951354195e-08,8.12500005054062e-08,3.333333253863202e-08,0.0,True
Cs0.5Ag1.5Cd1Sn1S4_kesterite,3.859375041770363e-08,3.087499962362017e-07,4.440892098500626e-16,,False
Cs0.5Ag1.5Cd1Sn1S4_stannite,5.343750064668029e-08,4.27499998068015e-07,3.333333253863202e-08,0.0,True
Cs0.5Ag1.5Cd1Sn1Se4_kesterite,7.265624946128924e-08,5.812499992430276e-07,8.881784197001252e-16,0.0,True
Cs0.5Ag1.5Cd1Sn1Se4_stannite,6.656249995629082e-08,5.325000032030403e-07,3.333333342681044e-08,0.0,True
Cs0.5Ag1.5Cd1Sn1Te4_kesterite,3.5156249911239e-08,2.81249999289912e-07,3.333333253863202e-08,0.0,True
Cs0.5Ag1.5Cd1Zr1S4_kesterite,6.187500067866836e-08,4.950000018766332e-07,3.333333342681044e-08,,False
Cs0.5Ag1.5Cd1Zr1S4_stannite,6.328125001786589e-08,5.062500036956408e-07,3.333333387089965e-08,0.0,True
Cs0.5Ag1.5Cd1Zr1Se4_kesterite,4.1562500552316806e-08,3.3250000086582077e-07,3.333333342681044e-08,0.0,True
Cs0.5Ag1.5Cd1Zr1Se4_stannite,3.718750063441689e-08,2.9750000152262146e-07,8.881784197001252e-16,0.0,True
Cs0.5Ag1.5Cd1Zr1Te4_stannite,4.687485954946169e-10,3.749995869384293e-09,3.333333342681044e-08,0.0,True
Cs0.5Ag1.5Mg1Ge1S4_kesterite,6.921874939891381e-08,5.537499987440242e-07,3.333333342681044e-08,0.0,True
Cs0.5Ag1.5Mg1Ge1S4_stannite,3.8124999601762966e-08,3.050000003668174e-07,3.333333342681044e-08,0.0,True
Cs0.5Ag1.5Mg1Ge1Se4_kesterite,3.281250027242777e-08,2.624999950739948e-07,3.333333342681044e-08,0.0,True
Cs0.5Ag1.5Mg1Ge1Se4_stannite,5.765625132880814e-08,4.6125000352503776e-07,3.333333342681044e-08,0.0,True
Cs0.5Ag1.5Mg1Sn1S4_kesterite,3.078125088151751e-08,2.462500034994264e-07,3.333333253863202e-08,0.0,True
Cs0.5Ag1.5Mg1Sn1S4_stannite,6.968749843849764e-08,5.574999946134085e-07,4.440892098500626e-16,0.0,True
Cs0.5Ag1.5Mg1Sn1Se4_kesterite,7.578125060803131e-08,6.062499977588232e-07,0.0,0.0,True
Cs0.5Ag1.5Mg1Sn1Se4_stannite,5.546874959350134e-08,4.437500038534381e-07,0.0,0.0,True
Cs0.5Ag1.5Mg1Sn1Te4_kesterite,6.921874984300302e-08,5.537499987440242e-07,8.881784197001252e-16,0.0,True
Cs0.5Ag1.5Mg1Sn1Te4_stannite,4.374999917899913e-09,3.4999999343199306e-08,3.333333253863202e-08,0.9390000000000001,False
Cs0.5Ag1.5Mg1Zr1S4_kesterite,6.531249896468694e-08,5.224999952702092e-07,3.333333342681044e-08,,False
Cs0.5Ag1.5Mg1Zr1S4_stannite,7.406249968866518e-08,5.925000010620352e-07,0.0,0.0,True
Cs0.5Ag1.5Mg1Zr1Se4_kesterite,2.8906249394111683e-08,2.3124999870560714e-07,3.333333431498886e-08,0.0,True
Cs0.5Ag1.5Mg1Zr1Se4_stannite,6.359375115394528e-08,5.087500056788485e-07,4.440892098500626e-16,0.0,True
Cs0.5Ag1.5Mg1Zr1Te4_kesterite,6.796874929548835e-08,5.437499979166205e-07,3.333333342681044e-08,0.0,True
Cs0.5Ag1.5Mg1Zr1Te4_stannite,6.953124964681479e-08,5.56250000727232e-07,3.333333342681044e-08,0.0,True
Cs0.5Ag1.5Sr1Ge1S4_stannite,6.281249964601443e-08,5.025000007208291e-07,3.333333342681044e-08,0.0,True
Cs0.5Ag1.5Sr1Ge1Se4_stannite,7.203124852139808e-08,5.76249995276612e-07,3.333333342681044e-08,0.0,True
Cs0.5Ag1.5Sr1Sn1S4_kesterite,6.50000004931428e-08,5.200000003924288e-07,3.333333387089965e-08,0.0,True
Cs0.5Ag1.5Sr1Sn1S4_stannite,1.0937500238838993e-08,8.749999835799827e-08,0.0,0.0,True
Cs0.5Ag1.5Sr1Sn1Se4_stannite,6.453124878902372e-08,5.162499974176171e-07,3.333333431498886e-08,0.0,True
Cs0.5Ag1.5Sr1Zr1Se4_kesterite,7.718749950313963e-08,6.174999995778307e-07,3.333333342681044e-08,0.0,True
Cs0.5Ag1.5Sr1Zr1Te4_kesterite,1.2187500342264457e-08,9.749999918540198e-08,3.333333342681044e-08,0.0,True
Cs0.5Ag1.5Zn1Ge1S4_kesterite,3.718750019032768e-08,2.9750000152262146e-07,3.333333342681044e-08,0.0,True
Cs0.5Ag1.5Zn1Ge1S4_stannite,6.156249998667818e-08,4.924999998934254e-07,3.333333342681044e-08,0.0,True
Cs0.5Ag1.5Zn1Ge1Se4_kesterite,2.2656250653341203e-08,1.8125000167401595e-07,0.0,,False
Cs0.5Ag1.5Zn1Ge1Se4_stannite,4.562500111049417e-08,3.6500000533123966e-07,3.333333342681044e-08,0.0,True
Cs0.5Ag1.5Zn1Ge1Te4_kesterite,7.156250036999268e-08,5.724999994072277e-07,3.333333431498886e-08,0.006399999999999295,True
Cs0.5Ag1.5Zn1Ge1Te4_stannite,2.1250000425965254e-08,1.6999999985500835e-07,3.333333253863202e-08,0.6920999999999999,False
Cs0.5Ag1.5Zn1Sn1S4_kesterite,1.765624979555014e-08,1.412499983644011e-07,0.0,0.0,True
Cs0.5Ag1.5Zn1Sn1S4_stannite,5.1562500047452886e-08,4.125000003796231e-07,3.333333342681044e-08,0.0,True
Cs0.5Ag1.5Zn1Sn1Se4_kesterite,6.29687493258757e-08,5.037499946070056e-07,3.333333342681044e-08,,False
Cs0.5Ag1.5Zn1Sn1Se4_stannite,5.890625054405518e-08,4.7125000435244147e-07,3.333333253863202e-08,9.999999999976694e-05,True
Cs0.5Ag1.5Zn1Sn1Te4_kesterite,7.531249979209065e-08,6.024999983367252e-07,8.881784197001252e-16,0.0005999999999986017,True
Cs0.5Ag1.5Zn1Sn1Te4_stannite,3.87499996534757e-08,3.099999972278056e-07,7.105427357601002e-15,0.0,True
Cs0.5Ag1.5Zn1Zr1S4_kesterite,6.531249896468694e-08,5.224999952702092e-07,3.333333342681044e-08,0.0,True
Cs0.5Ag1.5Zn1Zr1S4_stannite,3.2968749064110625e-08,2.637499960655987e-07,3.333333342681044e-08,,False
Cs0.5Ag1.5Zn1Zr1Se4_kesterite,1.1093750362789478e-08,8.874999934960215e-08,3.333333253863202e-08,0.0,True
Cs0.5Ag1.5Zn1Zr1Se4_stannite,1.79687495993619e-08,1.4375000034760888e-07,3.333333298272123e-08,0.0,True
Cs0.5Cu0.5Ag1Ba1Ge1Te4_stannite,1.7187499423698682e-08,1.3749999538958946e-07,3.333333253863202e-08,0.0,True
Cs0.5Cu0.5Ag1Ba1Sn1Se4_kesterite,7.453124961642743e-08,5.962499969314194e-07,0.0,0.0,True
Cs0.5Cu0.5Ag1Ba1Sn1Se4_stannite,5.9218749903777734e-08,4.737499992302219e-07,8.881784197001252e-16,0.0,True
Cs0.5Cu0.5Ag1Ba1Sn1Te4_stannite,1.7187500311877102e-08,1.3750000249501682e-07,3.333333431498886e-08,0.0,True
Cs0.5Cu0.5Ag1Ca1Zr1S4_stannite,2.937499976596314e-08,2.350000016804188e-07,4.440892098500626e-16,0.0,True
Cs0.5Cu0.5Ag1Ca1Zr1Te4_stannite,2.968750001386411e-08,2.3750001076905392e-07,3.333333342681044e-08,0.0,True
Cs0.5Cu0.5Ag1Cd1Ge1S4_kesterite,2.2499999641212298e-08,1.8000000068241206e-07,3.333333431498886e-08,0.0,True
Cs0.5Cu0.5Ag1Cd1Ge1S4_stannite,7.578125105212052e-08,6.062500048642505e-07,3.333333342681044e-08,,False
Cs0.5Cu0.5Ag1Cd1Ge1Se4_stannite,4.046875057284183e-08,3.2375000103002094e-07,3.333333342681044e-08,0.0,True
Cs0.5Cu0.5Ag1Cd1Sn1S4_kesterite,6.687500020419179e-08,5.349999980808207e-07,3.333333342681044e-08,0.0,True
Cs0.5Cu0.5Ag1Cd1Sn1S4_stannite,4.906250028469117e-08,3.9249999872481567e-07,8.881784197001252e-16,0.0,True
Cs0.5Cu0.5Ag1Cd1Sn1Se4_stannite,6.640625072051876e-08,5.312500022114364e-07,3.333333342681044e-08,0.0,True
Cs0.5Cu0.5Ag1Cd1Sn1Te4_stannite,1.937499982673785e-08,1.5499999150847543e-07,0.0,0.26620000000000044,False
Cs0.5Cu0.5Ag1Cd1Zr1S4_kesterite,7.484375030841761e-08,5.987499989146272e-07,8.881784197001252e-16,,False
Cs0.5Cu0.5Ag1Cd1Zr1Se4_stannite,3.656250013861495e-08,2.925000046616333e-07,3.333333342681044e-08,0.0,True
Cs0.5Cu0.5Ag1Cd1Zr1Te4_kesterite,3.4687500427565965e-08,2.775000069732414e-07,3.333333342681044e-08,0.0,True
Cs0.5Cu0.5Ag1Cd1Zr1Te4_stannite,8.437499143809646e-09,6.749998959776349e-08,8.881784197001252e-16,0.0,True
Cs0.5Cu0.5Ag1Mg0.5Ca0.5Ge1Se1Te3_kesterite,2.9218750752235678e-08,2.3374999358338755e-07,3.333333253863202e-08,0.0,True
Cs0.5Cu0.5Ag1Mg0.5Ca0.5Ge1Se1Te3_stannite,2.031249968226234e-08,1.6250000811623977e-07,3.333333253863202e-08,0.9197999999999995,False
Cs0.5Cu0.5Ag1Mg1Ge1S4_kesterite,1.624999912408498e-08,1.2999999654539351e-07,3.333333342681044e-08,,False
Cs0.5Cu0.5Ag1Mg1Ge1S4_stannite,1.249999659336254e-09,1.000000082740371e-08,8.881784197001252e-16,0.0,True
Cs0.5Cu0.5Ag1Mg1Ge1Se4_stannite,1.515625003278842e-08,1.212499967095937e-07,8.881784197001252e-16,0.0,True
Cs0.5Cu0.5Ag1Mg1Ge1Te4_stannite,6.640624983234034e-08,5.312499880005817e-07,3.333333431498886e-08,0.23950000000000138,False
Cs0.5Cu0.5Ag1Mg1Sn1S4_stannite,5.375000045049205e-08,4.3000000005122274e-07,0.0,,False
Cs0.5Cu0.5Ag1Mg1Sn1Se4_stannite,1.5625001292818297e-08,1.250000067898327e-07,3.333333253863202e-08,0.0,True
Cs0.5Cu0.5Ag1Mg1Sn1Te4_kesterite,1.6406250136213885e-08,1.3125001174785211e-07,3.333333342681044e-08,0.0,True
Cs0.5Cu0.5Ag1Mg1Sn1Te4_stannite,6.50000004931428e-08,5.199999932870014e-07,1.7763568394002505e-15,0.11490000000000045,False
Cs0.5Cu0.5Ag1Mg1Zr1S4_kesterite,4.1562499664138386e-08,3.3250000086582077e-07,0.0,,False
Cs0.5Cu0.5Ag1Mg1Zr1S4_stannite,6.531249896468694e-08,5.224999952702092e-07,3.333333342681044e-08,0.0,True
Cs0.5Cu0.5Ag1Mg1Zr1Se4_kesterite,6.171874966653945e-08,4.937500008850293e-07,8.881784197001252e-16,0.0,True
Cs0.5Cu0.5Ag1Mg1Zr1Se4_stannite,2.4374999352261284e-08,1.9499999837080395e-07,3.333333431498886e-08,,False
Cs0.5Cu0.5Ag1Mg1Zr1Te4_kesterite,1.8125000611490805e-08,1.4500000844464012e-07,3.333333342681044e-08,0.0,True
Cs0.5Cu0.5Ag1Zn0.5Cd0.5Sn0.5Ge0.5S3Se1_stannite,7.703125071145678e-08,6.162499985862269e-07,3.333333342681044e-08,0.0,True
Cs0.5Cu0.5Ag1Zn1Ge1Se4_stannite,1.8750005992274055e-09,1.5000004793819244e-08,0.0,0.07450000000000045,False
Cs0.5Cu0.5Ag1Zn1Sn1S4_stannite,6.328124912968747e-08,5.062499965902134e-07,3.333333342681044e-08,0.0,True
Cs0.5Cu0.5Ag1Zn1Sn1Se4_stannite,1.2343750466214942e-08,9.875000017700586e-08,3.333333431498886e-08,,False
Cs0.5Cu0.5Ag1Zn1Sn1Te4_stannite,1.5468749392510972e-08,1.2374999869280146e-07,3.33333360913457e-08,0.03930000000000078,False
Cs0.5Cu0.5Ag1Zn1Zr1S4_kesterite,6.749999981181531e-08,5.399999949418088e-07,8.881784197001252e-16,,False
Cs0.5Cu0.5Ag1Zn1Zr1S4_stannite,3.484374877515961e-08,2.7874999375399057e-07,0.0,,False
Cs0.5Cu0.5Ag1Zn1Zr1Se4_stannite,3.23437494564871e-08,2.587499992046105e-07,8.881784197001252e-16,0.0,True
Cs0.5Cu0.5Ag1Zn1Zr1Te4_stannite,2.7812499414636704e-08,2.2249999886980731e-07,3.333333342681044e-08,0.0,True
Cs0.5Cu0.5Al0.5Ga0.5S1Se1_kesterite,6.7187495567111455e-09,2.687500000320142e-08,3.333333253863202e-08,,False
Cs0.5Cu0.5Al0.5Ga0.5S2_stannite,2.7031249238973487e-08,1.0812500050860763e-07,3.333333298272123e-08,0.0,True
Cs0.5Cu0.5Al0.5Ga0.5Se1Te1_stannite,1.3593750125551196e-08,5.4375000502204784e-08,0.0,0.0,True
Cs0.5Cu0.5Al0.5In0.5S1Te1_kesterite,3.515624902306058e-08,1.4062499786859917e-07,3.33333360913457e-08,0.0,True
Cs0.5Cu0.5Al0.5In0.5S1Te1_stannite,3.578125085113015e-08,1.4312499985180693e-07,0.0,0.007999999999999119,True
Cs0.5Cu0.5Al0.5In0.5Se1Te1_kesterite,5.718750006877826e-08,2.2875000382782673e-07,3.333333342681044e-08,0.0,True
Cs0.5Cu0.5Al0.5In0.5Se1Te1_stannite,1.2656250270026703e-08,5.0624997527393134e-08,3.333333253863202e-08,0.0015000000000000568,True
Cs0.5Cu0.5Al0.5In0.5Se2_stannite,6.56250032093908e-09,2.624999950739948e-08,3.333333431498886e-08,0.0,True
Cs0.5Cu0.5Al1S1Se1_stannite,3.859374952952521e-08,1.5437500167081453e-07,3.333333431498886e-08,0.0,True
Cs0.5Cu0.5Al1S2_kesterite,5.4375000058115575e-08,2.1749999845610546e-07,3.333333298272123e-08,0.0,True
Cs0.5Cu0.5Al1S2_stannite,6.296875110223255e-08,2.518750008562165e-07,0.0,0.0,True
Cs0.5Cu0.5Al1Se1Te1_stannite,6.468750024524184e-08,2.5875000631003786e-07,0.0,0.0,True
Cs0.5Cu0.5Al1Se2_kesterite,3.203124920858613e-08,1.2812499861070137e-07,3.333333253863202e-08,0.0,True
Cs0.5Cu0.5Al1Se2_stannite,2.7031249238973487e-08,1.0812500050860763e-07,3.333333342681044e-08,0.0,True
Cs0.5Cu0.5Al1Te2_kesterite,1.2187499898175247e-08,4.874999959270099e-08,8.881784197001252e-16,0.0,True
Cs0.5Cu0.5Al1Te2_stannite,6.85937502353795e-08,2.74375000941518e-07,3.333333342681044e-08,0.0,True
Cs0.5Cu0.5Ga0.5In0.5S1Se1_stannite,2.0156249114222646e-08,8.062500000960426e-08,3.333333342681044e-08,0.0,True
Cs0.5Cu0.5Ga1S1Te1_kesterite,4.0937500500604074e-08,1.637500020024163e-07,3.33333360913457e-08,0.3660999999999994,False
Cs0.5Cu0.5Ga1S1Te1_stannite,5.2656250026927864e-08,2.1062500010771146e-07,3.333333431498886e-08,1.3609,False
Cs0.5Cu0.5Ga1Se2_kesterite,5.000000058430487e-08,2.0000000233721948e-07,3.333333342681044e-08,0.0,True
Cs0.5Cu0.5Ga1Se2_stannite,1.593749932027322e-08,6.374999728109287e-08,8.881784197001252e-16,0.42100000000000026,False
Cs0.5Cu0.5Ga1Te2_kesterite,5.515625023377879e-08,2.2062500093511517e-07,1.7763568394002505e-15,0.05910000000000082,False
Cs0.5Cu0.5Ga1Te2_stannite,2.0468750250302037e-08,8.187500100120815e-08,0.0,1.2700000000000005,False
Cs0.5Cu0.5In1S1Se1_stannite,5.06250006360176e-08,2.024999972149999e-07,0.0,0.0,True
Cs0.5Cu0.5In1S1Te1_kesterite,7.468750062855634e-08,2.9875000251422534e-07,3.333333253863202e-08,,False
Cs0.5Cu0.5In1S1Te1_stannite,2.4687500044251465e-08,9.875000017700586e-08,3.333333431498886e-08,0.0,True
Cs0.5Cu0.5In1S2_kesterite,4.4375001007068704e-08,1.7750000225191798e-07,0.0,0.0,True
Cs0.5Cu0.5In1S2_stannite,4.390625107930646e-08,1.7562500076451215e-07,3.333333342681044e-08,0.0,True
Cs0.5Cu0.5In1Se1Te1_kesterite,9.374998555244929e-10,3.7499994220979715e-09,3.333333253863202e-08,1.1926000000000005,False
Cs0.5Cu0.5In1Se1Te1_stannite,6.67187496361521e-08,2.668749985446084e-07,3.333333431498886e-08,0.01670000000000016,False
Cs0.5Cu0.5In1Se2_stannite,4.703125000560249e-08,1.8812500002240995e-07,8.881784197001252e-16,0.0,True
Cs0.5Cu0.5In1Te2_kesterite,7.67187500194666e-08,3.068750000778664e-07,8.881784197001252e-16,1.1339000000000006,False
Cs0.5Cu0.5In1Te2_stannite,7.249999978142796e-08,2.8999999912571184e-07,0.0,0.051600000000000534,False
Cs0.5Cu1.5Ba0.5Cd0.5Sn1S4_stannite,6.562501653206709e-09,5.250000612022632e-08,3.333333342681044e-08,,False
Cs0.5Cu1.5Ba1Zr1Se4_kesterite,5.109374923151222e-08,4.0874999740481144e-07,3.333333342681044e-08,,False
Cs0.5Cu1.5Ba1Zr1Te4_stannite,2.3906249868588247e-08,1.9125000250141966e-07,3.333333342681044e-08,0.0,True
Cs0.5Cu1.5Ca1Ge1Te4_stannite,6.609374958443937e-08,5.287500002282286e-07,3.333333431498886e-08,0.0006999999999983686,True
Cs0.5Cu1.5Ca1Zr1Te4_stannite,1.4062500053313443e-08,1.1249999687379386e-07,3.333333342681044e-08,0.0,True
Cs0.5Cu1.5Cd1Ge1S4_kesterite,8.881784197001252e-16,0.0,3.333333387089965e-08,0.0,True
Cs0.5Cu1.5Cd1Ge1S4_stannite,6.390625095775704e-08,5.11250000556629e-07,3.333333253863202e-08,0.0,True
Cs0.5Cu1.5Cd1Ge1Te4_stannite,2.0156250002401066e-08,1.6125000001920853e-07,3.333333253863202e-08,1.4678999999999993,False
Cs0.5Cu1.5Cd1Sn1S4_kesterite,5.781248368919023e-09,4.624999405677954e-08,3.333333342681044e-08,0.0,True
Cs0.5Cu1.5Cd1Sn1S4_stannite,5.000000413701855e-09,3.999999620418748e-08,4.440892098500626e-16,,False
Cs0.5Cu1.5Cd1Sn1Se4_kesterite,1.2968751406106094e-08,1.0375000414342139e-07,3.333333253863202e-08,0.0517000000000003,False
Cs0.5Cu1.5Cd1Sn1Se4_stannite,7.062499918220055e-08,5.650000005630318e-07,0.0,,False
Cs0.5Cu1.5Cd1Zr1S4_kesterite,6.874998792483211e-09,5.5000000998006726e-08,3.333333387089965e-08,,False
Cs0.5Cu1.5Cd1Zr1S4_stannite,5.906249933573804e-08,4.7250000534404535e-07,3.333333342681044e-08,0.0,True
Cs0.5Cu1.5Cd1Zr1Se4_kesterite,5.8437500616292937e-08,4.675000013776298e-07,0.0,0.0,True
Cs0.5Cu1.5Cd1Zr1Te4_kesterite,7.249999889324954e-08,5.799999982514237e-07,3.333333342681044e-08,0.5998000000000001,False
Cs0.5Cu1.5Cd1Zr1Te4_stannite,2.624999950739948e-08,2.100000031646232e-07,3.333333431498886e-08,0.0,True
Cs0.5Cu1.5Mg0.5Ca0.5Sn1Se4_kesterite,4.6406250397978965e-08,3.712500031838317e-07,3.333333342681044e-08,0.0,True
Cs0.5Cu1.5Mg0.5Ca0.5Sn1Se4_stannite,4.562500066640496e-08,3.6500000533123966e-07,4.440892098500626e-16,,False
Cs0.5Cu1.5Mg1Ge1S4_kesterite,6.578125022471681e-08,5.262499982450208e-07,8.881784197001252e-16,0.0,True
Cs0.5Cu1.5Mg1Ge1S4_stannite,4.718749879728534e-08,3.775000010364238e-07,3.333333342681044e-08,0.0,True
Cs0.5Cu1.5Mg1Ge1Se4_kesterite,5.562499882927341e-08,4.4499999773961463e-07,0.0,,False
Cs0.5Cu1.5Mg1Ge1Se4_stannite,3.718749930214926e-08,2.9750000152262146e-07,0.0,0.0,True
Cs0.5Cu1.5Mg1Ge1Te4_kesterite,5.281250059496756e-08,4.225000012070268e-07,3.333333253863202e-08,0.0,True
Cs0.5Cu1.5Mg1Sn1S4_kesterite,2.828124801013132e-08,2.262499947391916e-07,3.333333253863202e-08,,False
Cs0.5Cu1.5Mg1Sn1S4_stannite,4.765625094549364e-08,3.8125000401123543e-07,0.0,0.0,True
Cs0.5Cu1.5Mg1Sn1Se4_kesterite,3.171875118113121e-08,2.5375000234362233e-07,0.0,0.0,True
Cs0.5Cu1.5Mg1Sn1Se4_stannite,4.484375004665253e-08,3.587499932677929e-07,0.0,0.0,True
Cs0.5Cu1.5Mg1Sn1Te4_stannite,2.859375047847834e-08,2.2875000382782673e-07,3.333333342681044e-08,0.3496000000000006,False
Cs0.5Cu1.5Mg1Zr1S4_kesterite,1.6093751664669753e-08,1.28750002659217e-07,3.333333342681044e-08,,False
Cs0.5Cu1.5Mg1Zr1S4_stannite,5.718750051286747e-08,4.575000005502261e-07,3.333333342681044e-08,0.0,True
Cs0.5Cu1.5Mg1Zr1Se4_kesterite,7.484374942023919e-08,5.987499989146272e-07,3.333333253863202e-08,0.0,True
Cs0.5Cu1.5Mg1Zr1Se4_stannite,5.734375063681796e-08,4.5874999443640263e-07,3.333333342681044e-08,0.0,True
Cs0.5Cu1.5Mg1Zr1Te4_kesterite,7.265624901720003e-08,5.812499992430276e-07,0.0,0.0,True
Cs0.5Cu1.5Mg1Zr1Te4_stannite,2.249999919712309e-08,1.8000000068241206e-07,8.881784197001252e-16,0.0,True
Cs0.5Cu1.5Sr1Sn1Se4_kesterite,4.4374999230711865e-08,3.549999973984086e-07,3.333333342681044e-08,0.0,True
Cs0.5Cu1.5Sr1Sn1Te4_stannite,4.390624885886041e-08,3.5124999442359695e-07,0.0,0.0,True
Cs0.5Cu1.5Zn1Ge1S4_kesterite,6.687499976010258e-08,5.349999980808207e-07,3.333333342681044e-08,0.0,True
Cs0.5Cu1.5Zn1Ge1S4_stannite,2.1562499341598595e-08,1.7249999473278876e-07,0.0,0.0,True
Cs0.5Cu1.5Zn1Ge1Se4_stannite,7.046874994642849e-08,5.637499995714279e-07,8.881784197001252e-16,0.0,True
Cs0.5Cu1.5Zn1Ge1Te4_stannite,7.76562503190803e-08,6.212500025526424e-07,0.0,0.4817,False
Cs0.5Cu1.5Zn1Sn1S1Se1Te2_kesterite,5.0781250537923484e-08,4.0624999542160367e-07,3.333333342681044e-08,0.025199999999998113,False
Cs0.5Cu1.5Zn1Sn1S1Se1Te2_stannite,7.265624968333384e-08,5.812500063484549e-07,3.333333253863202e-08,1.3573000000000004,False
Cs0.5Cu1.5Zn1Sn1S4_stannite,3.6093750210852704e-08,2.8875000168682163e-07,0.0,0.0,True
Cs0.5Cu1.5Zn1Sn1Se4_stannite,6.921874984300302e-08,5.537499987440242e-07,8.881784197001252e-16,0.0021999999999984254,True
Cs0.5Cu1.5Zn1Sn1Te4_kesterite,5.87500004201047e-08,4.700000033608376e-07,3.552713678800501e-15,0.0,True
Cs0.5Cu1.5Zn1Zr1S4_kesterite,4.343750026336579e-08,3.4749999855421265e-07,3.333333342681044e-08,0.0,True
Cs0.5Cu1.5Zn1Zr1S4_stannite,1.312500019778895e-08,1.0499999802959792e-07,3.333333253863202e-08,0.0,True
Cs0.5Cu1.5Zn1Zr1Se4_stannite,3.031250050966605e-08,2.4250000052461473e-07,3.333333253863202e-08,,False
Cs0.5Cu1.5Zn1Zr1Te4_kesterite,3.828125016980266e-08,3.062500013584213e-07,1.7763568394002505e-15,0.0,True
Cs0.5Cu1.5Zn1Zr1Te4_stannite,7.718749994722884e-08,6.174999995778307e-07,3.333333253863202e-08,0.0,True
Cs0.5Cu1Ag0.5Ba1Ge1Te4_stannite,3.9218750025327154e-08,3.1375000020261723e-07,3.333333253863202e-08,0.0,True
Cs0.5Cu1Ag0.5Ba1Zr1S4_kesterite,3.3281249312011596e-08,2.6624999804880645e-07,3.333333342681044e-08,,False
Cs0.5Cu1Ag0.5Ba1Zr1Te4_stannite,3.484374966333803e-08,2.787500008594179e-07,0.0,0.0,True
Cs0.5Cu1Ag0.5Ca1Ge1Se4_kesterite,5.7500000316679234e-08,4.6000000253343387e-07,8.881784197001252e-16,0.0,True
Cs0.5Cu1Ag0.5Ca1Ge1Se4_stannite,5.1249999799551915e-08,4.099999983964153e-07,3.333333342681044e-08,0.0,True
Cs0.5Cu1Ag0.5Ca1Ge1Te4_kesterite,3.312500007623953e-08,2.650000041626299e-07,3.333333342681044e-08,0.0,True
Cs0.5Cu1Ag0.5Ca1Ge1Te4_stannite,5.453125018206606e-08,4.362499979038148e-07,3.333333342681044e-08,0.0,True
Cs0.5Cu1Ag0.5Ca1Zr1Te4_stannite,6.046875045129241e-08,4.837500000576256e-07,8.881784197001252e-16,0.0,True
Cs0.5Cu1Ag0.5Cd1Ge1S4_stannite,3.3593750892180196e-08,2.687500000320142e-07,3.333333431498886e-08,0.0,True
Cs0.5Cu1Ag0.5Cd1Ge1Te4_kesterite,7.499999732374363e-09,5.99999978589949e-08,3.333333253863202e-08,0.0,True
Cs0.5Cu1Ag0.5Cd1Ge1Te4_stannite,1.4531249981075689e-08,1.1624999984860551e-07,0.0,0.0,True
Cs0.5Cu1Ag0.5Cd1Sn1S4_kesterite,2.828124934239895e-08,2.2625000184461896e-07,3.333333342681044e-08,0.0,True
Cs0.5Cu1Ag0.5Cd1Sn1S4_stannite,2.1875000477677986e-08,1.7499999671599653e-07,0.0,0.0,True
Cs0.5Cu1Ag0.5Cd1Sn1Se4_kesterite,4.8125000873255885e-08,3.849999998806197e-07,3.333333342681044e-08,0.19299999999999784,False
Cs0.5Cu1Ag0.5Cd1Sn1Se4_stannite,2.3906250312677457e-08,1.912499953959923e-07,3.333333342681044e-08,0.0,True
Cs0.5Cu1Ag0.5Cd1Zr1S4_kesterite,6.531249896468694e-08,5.224999952702092e-07,3.333333342681044e-08,0.0,True
Cs0.5Cu1Ag0.5Cd1Zr1Se4_stannite,6.875000568840051e-09,5.5000000998006726e-08,0.0,0.0,True
Cs0.5Cu1Ag0.5Mg1Ge1S4_stannite,4.3749994738107034e-09,3.4999999343199306e-08,3.333333342681044e-08,0.0,True
Cs0.5Cu1Ag0.5Mg1Ge1Se4_kesterite,3.4375001511932624e-08,2.7500000499003363e-07,0.0,0.0,True
Cs0.5Cu1Ag0.5Mg1Ge1Se4_stannite,6.312499944982619e-08,5.050000027040369e-07,3.333333342681044e-08,0.0,True
Cs0.5Cu1Ag0.5Mg1Ge1Te4_kesterite,6.250000517127319e-09,5.000000413701855e-08,8.881784197001252e-16,0.0,True
Cs0.5Cu1Ag0.5Mg1Ge1Te4_stannite,7.531250068026907e-08,6.025000018894389e-07,0.0,0.15370000000000061,False
Cs0.5Cu1Ag0.5Mg1Sn1S4_stannite,4.1562500552316806e-08,3.3250000086582077e-07,3.333333253863202e-08,0.0,True
Cs0.5Cu1Ag0.5Mg1Sn1Se4_kesterite,2.8125000994805305e-08,2.2500000085301508e-07,3.333333253863202e-08,0.0,True
Cs0.5Cu1Ag0.5Mg1Sn1Se4_stannite,6.468750068933105e-08,5.17499998409221e-07,3.333333342681044e-08,0.0,True
Cs0.5Cu1Ag0.5Mg1Sn1Te4_kesterite,6.656250040038003e-08,5.325000032030403e-07,3.333333431498886e-08,0.0,True
Cs0.5Cu1Ag0.5Mg1Sn1Te4_stannite,1.4218749733174718e-08,1.1374999786539775e-07,0.0,0.0,True
Cs0.5Cu1Ag0.5Mg1Zr1S4_stannite,6.828125043156774e-08,5.462499998998283e-07,3.333333342681044e-08,0.0,True
Cs0.5Cu1Ag0.5Mg1Zr1Se4_kesterite,1.5000000797016355e-08,1.2000000282341716e-07,3.333333298272123e-08,,False
Cs0.5Cu1Ag0.5Mg1Zr1Se4_stannite,9.843750259364015e-09,7.874999852219844e-08,0.0,0.0,True
Cs0.5Cu1Ag0.5Sr1Ge1Te4_stannite,6.234375149460902e-08,4.987500048514448e-07,3.333333342681044e-08,0.0,True
Cs0.5Cu1Ag0.5Sr1Zr1S4_kesterite,4.7500000821543154e-08,3.8000000301963155e-07,3.333333342681044e-08,,False
Cs0.5Cu1Ag0.5Zn1Ge1Se4_kesterite,4.624999938585006e-08,3.699999950868005e-07,3.333333342681044e-08,,False
Cs0.5Cu1Ag0.5Zn1Ge1Se4_stannite,4.828125010902795e-08,3.862500008722236e-07,3.333333431498886e-08,0.29389999999999983,False
Cs0.5Cu1Ag0.5Zn1Ge1Te4_stannite,1.343750000160071e-08,1.0750000001280569e-07,3.333332898591834e-08,0.0,True
Cs0.5Cu1Ag0.5Zn1Sn1S4_kesterite,2.8125004547518984e-09,2.2500003638015187e-08,3.333333253863202e-08,,False
Cs0.5Cu1Ag0.5Zn1Sn1S4_stannite,1.2031249774224761e-08,9.624999819379809e-08,0.0,,False
Cs0.5Cu1Ag0.5Zn1Sn1Se4_stannite,3.765624967400072e-08,3.0124999739200575e-07,3.333333253863202e-08,9.999999999976694e-05,True
Cs0.5Cu1Ag0.5Zn1Sn1Te4_stannite,3.390625025190275e-08,2.71250002015222e-07,3.33333360913457e-08,0.0,True
Cs0.5Cu1Ag0.5Zn1Zr1S4_stannite,1.00000003833145e-08,7.999999951380232e-08,0.0,0.0,True
Cs0.5Cu1Ag0.5Zn1Zr1Se4_stannite,3.1249999477012125e-08,2.499999993688107e-07,0.0,,False
Cs0.5Cu1Ag0.5Zn1Zr1Te4_stannite,8.750000723978246e-09,7.000000579182597e-08,3.333333342681044e-08,0.0,True
Cs1.5Ag0.5Ba1Sn1S4_stannite,5.359375032654157e-08,4.2874999905961886e-07,3.333333342681044e-08,0.0,True
Cs1.5Ag0.5Ba1Zr1S4_kesterite,4.687503718514563e-10,3.75000297481165e-09,3.333333298272123e-08,0.0,True
Cs1.5Ag0.5Ba1Zr1Se4_kesterite,6.781250005971629e-08,5.424999969250166e-07,3.333333342681044e-08,0.0,True
Cs1.5Ag0.5Ba1Zr1Se4_stannite,3.281250382514145e-09,2.624999950739948e-08,3.333333298272123e-08,0.0,True
Cs1.5Ag0.5Ca1Ge1S4_stannite,4.1562500552316806e-08,3.3250000086582077e-07,0.0,0.0,True
Cs1.5Ag0.5Ca1Ge1Se4_stannite,6.000000052353016e-08,4.800000041882413e-07,3.333333342681044e-08,0.0,True
Cs1.5Ag0.5Ca1Sn1S4_stannite,7.140624980195298e-08,5.712499984156238e-07,3.333333342681044e-08,0.0,True
Cs1.5Ag0.5Ca1Sn1Te4_kesterite,6.406250641077804e-09,5.1250005128622433e-08,3.333333253863202e-08,0.0,True
Cs1.5Ag0.5Ca1Zr1S4_kesterite,5.9531251039857125e-08,4.7625000121342964e-07,0.0,0.0,True
Cs1.5Ag0.5Ca1Zr1S4_stannite,7.531250023617986e-08,6.025000018894389e-07,3.333333298272123e-08,0.0,True
Cs1.5Ag0.5Ca1Zr1Se4_kesterite,7.031250026656721e-08,5.62499998579824e-07,0.0,0.0,True
Cs1.5Ag0.5Ca1Zr1Te4_stannite,2.4374999352261284e-08,1.9499999837080395e-07,0.0,0.0,True
Cs1.5Ag0.5Cd1Ge1S4_kesterite,9.37499411435283e-10,7.499998844195943e-09,4.440892098500626e-16,0.0,True
Cs1.5Ag0.5Cd1Ge1S4_stannite,5.421875082234351e-08,4.337500030260344e-07,4.440892098500626e-16,0.0,True
Cs1.5Ag0.5Cd1Sn1S4_kesterite,7.124999923391329e-08,5.6999999742402e-07,0.0,0.0,True
Cs1.5Ag0.5Cd1Sn1S4_stannite,3.4999999787288516e-08,2.7999999474559445e-07,3.333333342681044e-08,0.0,True
Cs1.5Ag0.5Cd1Sn1Se4_stannite,2.8125008988411082e-09,2.2500003638015187e-08,3.333333342681044e-08,0.0,True
Cs1.5Ag0.5Cd1Sn1Te4_kesterite,1.937500027082706e-08,1.5500000216661647e-07,3.333333298272123e-08,0.0,True
Cs1.5Ag0.5Cd1Zr1S4_stannite,7.359374931681373e-08,5.887499980872235e-07,4.440892098500626e-16,0.0,True
Cs1.5Ag0.5Cd1Zr1Se4_kesterite,7.750000063921902e-08,6.200000015610385e-07,3.333333342681044e-08,0.0,True
Cs1.5Ag0.5Cd1Zr1Se4_stannite,5.765625088471893e-08,4.6125000352503776e-07,3.333333298272123e-08,0.0,True
Cs1.5Ag0.5Cd1Zr1Te4_kesterite,3.218750022071504e-08,2.574999982130066e-07,3.333333342681044e-08,0.0,True
Cs1.5Ag0.5Mg1Ge1S4_kesterite,1.1249999598561544e-08,9.000000034120603e-08,3.3333333204765836e-08,0.0,True
Cs1.5Ag0.5Mg1Ge1S4_stannite,6.421874987339038e-08,5.137500025398367e-07,3.333333342681044e-08,0.0,True
Cs1.5Ag0.5Mg1Ge1Se4_kesterite,3.078125088151751e-08,2.462500034994264e-07,8.881784197001252e-16,0.0,True
Cs1.5Ag0.5Mg1Ge1Se4_stannite,2.937499887778472e-08,2.3499999457499143e-07,3.333333342681044e-08,0.0,True
Cs1.5Ag0.5Mg1Sn1S2Se2_kesterite,5.624999976916456e-08,4.5000000170603016e-07,0.0,0.0,True
Cs1.5Ag0.5Mg1Sn1S2Se2_stannite,2.5625000343865167e-08,2.0499999919820766e-07,3.333333253863202e-08,0.0,True
Cs1.5Ag0.5Mg1Sn1S4_kesterite,7.062500051446818e-08,5.650000005630318e-07,3.333333342681044e-08,0.0,True
Cs1.5Ag0.5Mg1Sn1S4_stannite,1.8437500859391776e-08,1.4750000332242053e-07,3.333333342681044e-08,0.0,True
Cs1.5Ag0.5Mg1Sn1Se4_kesterite,2.0156249558311856e-08,1.6125000001920853e-07,4.440892098500626e-16,0.0,True
Cs1.5Ag0.5Mg1Sn1Se4_stannite,1.406250671465159e-09,1.1250001819007593e-08,3.333333387089965e-08,0.0,True
Cs1.5Ag0.5Mg1Sn1Te4_stannite,3.140625004505182e-08,2.5125000036041456e-07,0.0,0.0,True
Cs1.5Ag0.5Mg1Zr1S4_kesterite,1.7343749103559958e-08,1.3874999638119334e-07,4.440892098500626e-16,0.0,True
Cs1.5Ag0.5Mg1Zr1S4_stannite,9.375000775690978e-09,7.500000265281415e-08,3.333333342681044e-08,0.0,True
Cs1.5Ag0.5Mg1Zr1Se4_kesterite,1.7343750879916797e-08,1.387500034866207e-07,3.333333342681044e-08,0.0,True
Cs1.5Ag0.5Mg1Zr1Se4_stannite,1.7187500311877102e-09,1.375000380221536e-08,3.333333342681044e-08,0.0,True
Cs1.5Ag0.5Mg1Zr1Te4_kesterite,2.0156250446490276e-08,1.6125000001920853e-07,8.881784197001252e-16,0.0,True
Cs1.5Ag0.5Mg1Zr1Te4_stannite,1.7187499867787892e-08,1.3750000249501682e-07,0.0,0.0,True
Cs1.5Ag0.5Sr1Ge1S3Se1_kesterite,1.7187498979609472e-08,1.3749999538958946e-07,3.333333298272123e-08,0.0,True
Cs1.5Ag0.5Sr1Sn1S4_stannite,5.031249949993821e-08,4.024999995522194e-07,4.440892098500626e-16,0.0,True
Cs1.5Ag0.5Sr1Sn1Se4_stannite,2.7031249683062697e-08,2.1625000101721525e-07,8.881784197001252e-16,0.0,True
Cs1.5Ag0.5Sr1Zr1S4_stannite,7.531250023617986e-08,6.024999947840115e-07,3.333333342681044e-08,0.0,True
Cs1.5Ag0.5Sr1Zr1Se4_kesterite,5.7499999872590024e-08,4.6000000253343387e-07,3.333333387089965e-08,0.0,True
Cs1.5Ag0.5Zn1Ge1S4_kesterite,4.3281250139415306e-08,3.4625000466803613e-07,0.0,0.0,True
Cs1.5Ag0.5Zn1Ge1S4_stannite,1.7812499475411414e-08,1.42499999356005e-07,0.0,0.0,True
Cs1.5Ag0.5Zn1Sn1S4_kesterite,3.2968750396378255e-08,2.6375000317102604e-07,3.333333342681044e-08,0.0,True
Cs1.5Ag0.5Zn1Sn1S4_stannite,9.374998555244929e-10,7.499998844195943e-09,0.0,0.0,True
Cs1.5Ag0.5Zn1Sn1Se4_stannite,1.515625047687763e-08,1.2125000381502105e-07,3.333333342681044e-08,0.0,True
Cs1.5Ag0.5Zn1Sn1Te4_kesterite,5.546875048167976e-08,4.437500003007244e-07,3.333333431498886e-08,0.0,True
Cs1.5Ag0.5Zn1Zr1S4_kesterite,7.21874999776162e-08,5.774999962682159e-07,3.333333342681044e-08,,False
Cs1.5Ag0.5Zn1Zr1S4_stannite,5.468749453285682e-09,4.374999917899913e-08,3.333333342681044e-08,0.0,True
Cs1.5Ag0.5Zn1Zr1Se4_kesterite,2.9531250778092044e-08,2.3625000267202267e-07,3.333333342681044e-08,0.0,True
Cs1.5Ag0.5Zn1Zr1Te4_kesterite,7.140625024604219e-08,5.712499984156238e-07,0.0,0.0,True
Cs1.5Ag0.5Zn1Zr1Te4_stannite,2.343749949673679e-08,1.87499999526608e-07,3.333333431498886e-08,0.0,True
Cs1.5Cu0.5Ba1Zr1Te4_kesterite,6.765625082394422e-08,5.412500030388401e-07,3.333333342681044e-08,,False
Cs1.5Cu0.5Ca1Ge1Se4_stannite,4.5781249902177024e-08,3.662499992174162e-07,4.440892098500626e-16,0.0,True
Cs1.5Cu0.5Ca1Sn1Te4_stannite,4.906249984060196e-08,3.9249999872481567e-07,3.333333342681044e-08,0.0,True
Cs1.5Cu0.5Ca1Zr1S4_kesterite,2.484375105638037e-08,1.987500013456156e-07,3.333333387089965e-08,0.0,True
Cs1.5Cu0.5Cd1Ge1Se4_kesterite,1.5781249640411943e-08,1.2624999357058186e-07,3.333333342681044e-08,0.0,True
Cs1.5Cu0.5Cd1Ge1Se4_stannite,7.218749908943778e-08,5.774999962682159e-07,3.333333253863202e-08,0.6345000000000001,False
Cs1.5Cu0.5Cd1Sn1Te4_stannite,6.421874987339038e-08,5.13749998987123e-07,3.333333253863202e-08,0.026100000000001344,False
Cs1.5Cu0.5Mg1Ge1S4_kesterite,6.29687488817865e-08,5.037499946070056e-07,3.333333253863202e-08,0.0,True
Cs1.5Cu0.5Mg1Ge1S4_stannite,8.28124901985916e-09,6.624999571158696e-08,0.0,0.0,True
Cs1.5Cu0.5Mg1Ge1Se4_kesterite,4.109374929228693e-08,3.287499978910091e-07,3.3333333204765836e-08,0.0,True
Cs1.5Cu0.5Mg1Ge1Se4_stannite,5.8593749852065e-08,4.6874999526380634e-07,3.333333253863202e-08,0.0,True
Cs1.5Cu0.5Mg1Sn1S4_stannite,3.578125040704094e-08,2.8624999970361387e-07,4.440892098500626e-16,0.0,True
Cs1.5Cu0.5Mg1Sn1Se4_stannite,7.57812501639421e-08,6.062500048642505e-07,3.333333342681044e-08,0.0,True
Cs1.5Cu0.5Mg1Zr1S4_stannite,3.23437494564871e-08,2.587499992046105e-07,0.0,,False
Cs1.5Cu0.5Mg1Zr1Se4_stannite,6.328125001786589e-08,5.062500036956408e-07,3.333333298272123e-08,0.0,True
Cs1.5Cu0.5Mg1Zr1Te4_kesterite,2.5937500591766138e-08,2.0750000118141543e-07,3.333333253863202e-08,0.0,True
Cs1.5Cu0.5Mg1Zr1Te4_stannite,2.5468750219914682e-08,2.0374999820660378e-07,3.333333342681044e-08,0.0,True
Cs1.5Cu0.5Sr1Zr1Te4_kesterite,2.7812501190993544e-08,2.2250000597523467e-07,3.333333298272123e-08,0.0,True
Cs1.5Cu0.5Zn1Ge1S4_stannite,3.6406250014664465e-08,2.912500036700294e-07,3.333333298272123e-08,0.0,True
Cs1.5Cu0.5Zn1Sn1Te4_kesterite,6.984375033880497e-08,5.587500027104397e-07,3.333333342681044e-08,0.0,True
Cs1.5Cu0.5Zn1Zr1Se4_stannite,5.421874904598667e-08,4.3374999592060703e-07,0.0,0.0,True
Cs1.5Cu0.5Zn1Zr1Te4_kesterite,4.2343749395712393e-08,3.387499987184128e-07,3.333333342681044e-08,0.0,True
Cs1.5Cu0.5Zn1Zr1Te4_stannite,9.375002996137027e-10,7.5000059496233e-09,8.881784197001252e-16,0.0,True
Cs1Ag1Ba1Ge1Te4_stannite,7.250000022551717e-08,5.799999982514237e-07,3.333333342681044e-08,0.0,True
Cs1Ag1Ba1Sn1Se4_stannite,2.624999995148869e-08,2.0999999605919584e-07,3.333333342681044e-08,0.0,True
Cs1Ag1Ba1Zr1S4_stannite,3.999999975690116e-08,3.2000000516063665e-07,3.333333298272123e-08,0.0,True
Cs1Ag1Ba1Zr1Se4_stannite,1.0156250507264986e-08,8.12500005054062e-08,4.440892098500626e-16,0.0,True
Cs1Ag1Ba1Zr1Te4_stannite,5.8124999480213546e-08,4.6499999939442205e-07,3.333333298272123e-08,,False
Cs1Ag1Ca0.5Sr0.5Ge1S1Se2Te1_kesterite,7.531249934800144e-08,6.024999947840115e-07,3.333333253863202e-08,0.0,True
Cs1Ag1Ca0.5Sr0.5Ge1S1Se2Te1_stannite,3.4375000623754204e-09,2.7500000499003363e-08,3.333333342681044e-08,0.0,True
Cs1Ag1Ca1Zr1S4_stannite,7.187500017380444e-08,5.750000013904355e-07,3.333333387089965e-08,0.0,True
Cs1Ag1Ca1Zr1Se4_stannite,6.078124981101496e-08,4.862500020408334e-07,3.333333342681044e-08,0.0,True
Cs1Ag1Ca1Zr1Te4_stannite,2.2499999641212298e-08,1.799999935769847e-07,0.0,0.0,True
Cs1Ag1Cd1Ge1S4_stannite,3.421875005571451e-08,2.7375000399842975e-07,3.333333342681044e-08,0.0,True
Cs1Ag1Cd1Sn1S4_stannite,7.015625014261673e-08,5.612499975882201e-07,3.333333253863202e-08,0.0,True
Cs1Ag1Cd1Sn1Se4_kesterite,1.4999999464748726e-08,1.199999957179898e-07,8.881784197001252e-16,0.0,True
Cs1Ag1Cd1Sn1Se4_stannite,6.56249987684987e-09,5.249999901479896e-08,3.333333431498886e-08,0.0,True
Cs1Ag1Cd1Zr1Se4_kesterite,4.375000361989123e-09,3.4999999343199306e-08,3.333333342681044e-08,0.0,True
Cs1Ag1Cd1Zr1Se4_stannite,7.609374952366466e-08,6.087499997420309e-07,3.333333387089965e-08,0.0,True
Cs1Ag1Mg1Ge1S4_stannite,1.859374920698542e-08,1.4874999720859705e-07,3.333333342681044e-08,0.0,True
Cs1Ag1Mg1Ge1Se4_stannite,3.8125000045852175e-08,3.050000003668174e-07,0.0,0.0,True
Cs1Ag1Mg1Sn1S4_kesterite,6.31249998939154e-08,5.049999955986095e-07,3.333333342681044e-08,0.0,True
Cs1Ag1Mg1Sn1S4_stannite,1.4062488951083196e-09,1.1249994713580236e-08,0.0,0.0,True
Cs1Ag1Mg1Sn1Se4_stannite,5.343749975850187e-08,4.27499998068015e-07,0.0,0.0,True
Cs1Ag1Mg1Sn1Te4_kesterite,5.4375000502204784e-08,4.350000004649246e-07,3.333333253863202e-08,0.0,True
Cs1Ag1Mg1Sn1Te4_stannite,5.0937500439829364e-08,4.075000035186349e-07,3.333333253863202e-08,0.01320000000000121,False
Cs1Ag1Mg1Zr1S4_kesterite,3.937499970518843e-08,3.150000011942211e-07,3.333333342681044e-08,0.0,True
Cs1Ag1Mg1Zr1S4_stannite,7.078124975024025e-08,5.662500015546357e-07,3.333333298272123e-08,0.0,True
Cs1Ag1Mg1Zr1Se4_kesterite,1.8749999330935907e-08,1.4999999820020093e-07,8.881784197001252e-16,0.0,True
Cs1Ag1Mg1Zr1Se4_stannite,1.7187500311877102e-09,1.3749996696788003e-08,3.333333342681044e-08,0.0,True
Cs1Ag1Mg1Zr1Te4_stannite,3.140624960096261e-08,2.5125000036041456e-07,3.333333342681044e-08,0.0,True
Cs1Ag1Sr1Ge1S4_stannite,4.25000004078413e-08,3.399999997100167e-07,3.333333298272123e-08,,False
Cs1Ag1Sr1Ge1Se4_stannite,5.7812499676401785e-08,4.624999974112143e-07,4.440892098500626e-16,0.0,True
Cs1Ag1Sr1Sn1S4_stannite,1.2968749185660045e-08,1.0374999703799404e-07,3.333333342681044e-08,0.0,True
Cs1Ag1Sr1Zr1S4_stannite,5.312500039877932e-08,4.2500000319023457e-07,3.333333342681044e-08,0.0,True
Cs1Ag1Zn1Ge1Se4_stannite,3.828124883753503e-08,3.0624999425299393e-07,3.333333298272123e-08,0.0,True
Cs1Ag1Zn1Ge1Te4_stannite,1.9531250394777544e-08,1.5624999960550667e-07,3.33333360913457e-08,0.0,True
Cs1Ag1Zn1Sn1S4_stannite,3.828124972571345e-08,3.062500013584213e-07,3.333333342681044e-08,0.0,True
Cs1Ag1Zn1Sn1Se4_stannite,4.062500069679231e-08,3.250000020216248e-07,3.333333342681044e-08,0.0,True
Cs1Ag1Zn1Zr1S4_kesterite,5.4062499810214604e-08,4.325000020344305e-07,3.333333253863202e-08,0.0,True
Cs1Ag1Zn1Zr1S4_stannite,5.9531250595767915e-08,4.7625000121342964e-07,3.333333342681044e-08,0.0,True
Cs1Ag1Zn1Zr1Se4_stannite,2.4062499104360313e-08,1.9249999638759618e-07,4.440892098500626e-16,0.0,True
Cs1Ag1Zn1Zr1Te4_kesterite,2.5468749331736262e-08,2.0374999820660378e-07,3.333333253863202e-08,0.0,True
Cs1Ag1Zn1Zr1Te4_stannite,6.640624983234034e-08,5.312500022114364e-07,3.333333342681044e-08,0.0,True
Cs1Al0.5Ga0.5S2_kesterite,4.828124922084953e-08,1.9312499688339813e-07,5.551115123125783e-17,0.0,True
Cs1Al0.5Ga0.5S2_stannite,4.062500069679231e-08,1.625000010108124e-07,3.333333298272123e-08,0.0,True
Cs1Al0.5Ga0.5Se1Te1_kesterite,2.5624999899775958e-08,1.0249999959910383e-07,4.440892098500626e-16,0.0,True
Cs1Al0.5Ga0.5Se1Te1_stannite,4.875000048087941e-08,1.9500000192351763e-07,0.0,1.3699000000000003,False
Cs1Al0.5Ga0.5Se2_kesterite,1.5625003513264346e-09,6.2500014053057384e-09,3.333333342681044e-08,0.0,True
Cs1Al0.5Ga0.5Se2_stannite,4.31249991272864e-08,1.7249999828550244e-07,3.333333298272123e-08,0.0,True
Cs1Al0.5Ga0.5Te2_stannite,2.7031250127151907e-08,1.0812500050860763e-07,3.333333342681044e-08,1.4725000000000001,False
Cs1Al0.5In0.5S1Te1_kesterite,6.718749911982513e-08,2.6874999647930053e-07,3.333333342681044e-08,0.0,True
Cs1Al0.5In0.5S1Te1_stannite,3.765625100626835e-08,1.5062500224871656e-07,4.440892098500626e-16,0.0,True
Cs1Al0.5In0.5S2_kesterite,7.359374976090294e-08,2.9437499904361175e-07,3.333333342681044e-08,0.0,True
Cs1Al0.5In0.5S2_stannite,7.343750052513087e-09,2.9375001986409188e-08,3.333333298272123e-08,0.0,True
Cs1Al0.5In0.5Se1Te1_kesterite,4.4374999674801074e-08,1.7749999514649062e-07,3.333333253863202e-08,0.0,True
Cs1Al0.5In0.5Se1Te1_stannite,7.796874967880285e-08,3.118750022679251e-07,3.333333387089965e-08,0.0,True
Cs1Al0.5In0.5Se2_kesterite,5.906249977982725e-08,2.36249999119309e-07,3.3333333204765836e-08,0.0,True
Cs1Al0.5In0.5Se2_stannite,4.3281250139415306e-08,1.7312500233401806e-07,0.0,0.0,True
Cs1Al0.5In0.5Te2_kesterite,2.5624999899775958e-08,1.0249999604639015e-07,3.333333342681044e-08,0.0,True
Cs1Al0.5In0.5Te2_stannite,1.3906249929362957e-08,5.562500327016551e-08,3.333333342681044e-08,0.0,True
Cs1Al1S1Se1_kesterite,2.0781250498203008e-08,8.312500199281203e-08,3.333333342681044e-08,0.0,True
Cs1Al1S1Te1_stannite,5.187499896308623e-08,2.0749999762870175e-07,3.333333342681044e-08,0.0,True
Cs1Al1S2_kesterite,5.625000021325377e-09,2.2500000085301508e-08,3.333333387089965e-08,0.0,True
Cs1Al1S2_stannite,8.750000723978246e-09,3.5000002895912985e-08,0.0,0.0,True
Cs1Al1Se1Te1_kesterite,2.3593750064776486e-08,9.437500025910595e-08,3.333333342681044e-08,0.0,True
Cs1Al1Se1Te1_stannite,2.1875004030391665e-09,8.749999835799827e-09,3.333333342681044e-08,0.0,True
Cs1Al1Se2_kesterite,1.4999999020659516e-08,5.99999978589949e-08,3.333333253863202e-08,0.0,True
Cs1Al1Se2_stannite,6.250000517127319e-10,2.500001983207767e-09,3.333333342681044e-08,0.0,True
Cs1Al1Te2_kesterite,3.1249999921101335e-08,1.2499999968440534e-07,3.333333342681044e-08,0.0,True
Cs1Al1Te2_stannite,3.000000070585429e-08,1.2000000282341716e-07,3.333333342681044e-08,0.0,True
Cs1Cu0.5Ag0.5Ba0.5Zn0.5Sn1S1Se1Te2_stannite,3.546874993709537e-08,2.837499977204061e-07,0.0,0.019300000000001205,False
Cs1Cu0.5Ag0.5Ba1Sn1Te4_stannite,4.1562500552316806e-08,3.3250000086582077e-07,0.0,0.0,True
Cs1Cu0.5Ag0.5Ca1Zr1Te4_stannite,5.312500217513616e-09,4.249999818739525e-08,3.333333253863202e-08,0.0,True
Cs1Cu0.5Ag0.5Cd1Ge1S3Te1_kesterite,7.12499996780025e-08,5.6999999742402e-07,3.333333342681044e-08,0.18299999999999983,False
Cs1Cu0.5Ag0.5Cd1Ge1S3Te1_stannite,3.2968749508199835e-08,2.637499960655987e-07,0.0,0.0,True
Cs1Cu0.5Ag0.5Cd1Sn1S4_stannite,4.9531250656542625e-08,3.962500016996273e-07,3.333333253863202e-08,0.0,True
Cs1Cu0.5Ag0.5Cd1Sn1Se4_stannite,5.625000021325377e-09,4.5000000170603016e-08,3.333333342681044e-08,0.0,True
Cs1Cu0.5Ag0.5Cd1Sn1Te4_kesterite,6.484375036919232e-08,5.187499994008249e-07,3.333333431498886e-08,9.999999999976694e-05,True
Cs1Cu0.5Ag0.5Cd1Sn1Te4_stannite,5.999999963535174e-08,4.800000006355276e-07,8.881784197001252e-16,0.029299999999999216,False
Cs1Cu0.5Ag0.5Cd1Zr1Te4_kesterite,5.7812500120490995e-08,4.624999974112143e-07,8.881784197001252e-16,0.0,True
Cs1Cu0.5Ag0.5Cd1Zr1Te4_stannite,2.4062499104360313e-08,1.9249999638759618e-07,0.0,0.0,True
Cs1Cu0.5Ag0.5Mg0.5Ba0.5Sn0.5Ge0.5S1Se2Te1_stannite,3.906251322405296e-09,3.125001057924237e-08,3.333333342681044e-08,0.0,True
Cs1Cu0.5Ag0.5Mg1Ge1S4_kesterite,3.6406250014664465e-08,2.9124999656460204e-07,3.333333342681044e-08,0.0,True
Cs1Cu0.5Ag0.5Mg1Ge1S4_stannite,5.937500713315558e-09,4.750000215381078e-08,3.333333342681044e-08,0.0,True
Cs1Cu0.5Ag0.5Mg1Ge1Se4_stannite,2.5000002068509275e-09,2.000000165480742e-08,4.440892098500626e-16,0.0,True
Cs1Cu0.5Ag0.5Mg1Sn1S4_kesterite,5.4687501194194965e-08,4.3750000600084604e-07,3.333333342681044e-08,0.0,True
Cs1Cu0.5Ag0.5Mg1Sn1Te4_stannite,5.4687500306016545e-08,4.3750000600084604e-07,8.881784197001252e-16,0.02500000000000213,False
Cs1Cu0.5Ag0.5Mg1Zr1Se4_stannite,5.359375032654157e-08,4.287500061650462e-07,3.333333431498886e-08,0.0,True
Cs1Cu0.5Ag0.5Mg1Zr1Te4_kesterite,6.93749995228643e-08,5.549999997356281e-07,8.881784197001252e-16,0.0,True
Cs1Cu0.5Ag0.5Mg1Zr1Te4_stannite,7.265625034946765e-08,5.812499992430276e-07,3.333333342681044e-08,0.0,True
Cs1Cu0.5Ag0.5Sr0.5Ba0.5Sn0.5Ge0.5S3Te1_stannite,9.843748927096385e-09,7.874999852219844e-08,0.0,0.0,True
Cs1Cu0.5Ag0.5Sr1Ge1S1Se2Te1_kesterite,2.1249999981876044e-08,1.6999999985500835e-07,0.0,0.0,True
Cs1Cu0.5Ag0.5Sr1Ge1S2Te2_stannite,2.171874946554908e-08,1.7374999572439265e-07,3.333333342681044e-08,0.0,True
Cs1Cu0.5Ag0.5Sr1Sn1Se4_stannite,6.765624949167659e-08,5.412499959334127e-07,3.333333298272123e-08,0.0,True
Cs1Cu0.5Ag0.5Zn1Ge1S4_stannite,7.750000063921902e-08,6.200000015610385e-07,3.333333253863202e-08,0.0,True
Cs1Cu0.5Ag0.5Zn1Ge1Se4_stannite,3.375000057204147e-08,2.700000010236181e-07,3.333333298272123e-08,0.012000000000000455,False
Cs1Cu0.5Ag0.5Zn1Sn1Se4_stannite,7.171875093803237e-08,5.737500003988316e-07,3.333333342681044e-08,0.0,True
Cs1Cu0.5Ag0.5Zn1Zr1Te4_kesterite,7.609374952366466e-08,6.087499997420309e-07,3.333333342681044e-08,0.0,True
Cs1Cu0.5Ag0.5Zn1Zr1Te4_stannite,3.9843750965218305e-08,3.1875000416903276e-07,3.333333342681044e-08,0.0,True
Cs1Cu1Ba0.5Cd0.5Ge1Se4_stannite,6.171874922245024e-08,4.937499937796019e-07,3.333333342681044e-08,0.0,True
Cs1Cu1Ba1Ge1Se4_stannite,3.031250050966605e-08,2.4250000052461473e-07,0.0,0.0,True
Cs1Cu1Ba1Ge1Te4_stannite,5.5000000109828306e-08,4.4000000087862645e-07,3.333333342681044e-08,0.0,True
Cs1Cu1Ba1Sn1Se4_stannite,7.546874947195192e-08,6.037499957756154e-07,3.333333342681044e-08,0.0,True
Cs1Cu1Ba1Zr1Se4_stannite,1.0312499743037051e-08,8.250000149701009e-08,3.333333298272123e-08,0.0,True
Cs1Cu1Cd1Ge1S4_stannite,2.5312499207785777e-08,2.024999972149999e-07,3.333333342681044e-08,0.0,True
Cs1Cu1Cd1Ge1Se4_stannite,3.2656248816209654e-08,2.612499940823909e-07,8.881784197001252e-16,0.0,True
Cs1Cu1Cd1Sn1S4_stannite,5.625000021325377e-08,4.5000000170603016e-07,0.0,0.0,True
Cs1Cu1Cd1Sn1Te4_kesterite,2.343750082900442e-09,1.8750000663203537e-08,3.333333253863202e-08,0.1830999999999996,False
Cs1Cu1Cd1Sn1Te4_stannite,5.6718750141016017e-08,4.5375000112812813e-07,3.333333342681044e-08,0.31269999999999953,False
Cs1Cu1Cd1Zr1Se4_stannite,2.8906249394111683e-08,2.3124999870560714e-07,3.333333342681044e-08,0.0,True
Cs1Cu1Cd1Zr1Te4_kesterite,2.2500000085301508e-08,1.8000000068241206e-07,3.333333342681044e-08,0.0,True
Cs1Cu1Cd1Zr1Te4_stannite,3.031250006557684e-08,2.4250000052461473e-07,0.0,0.0,True
Cs1Cu1Mg1Ge1S4_kesterite,3.906249945728746e-08,3.1249999921101335e-07,3.333333342681044e-08,0.0,True
Cs1Cu1Mg1Ge1S4_stannite,4.765625005731522e-08,3.812499969058081e-07,0.0,0.0,True
Cs1Cu1Mg1Ge1Se4_kesterite,5.4687503414641014e-09,4.374999917899913e-08,3.333333342681044e-08,0.0,True
Cs1Cu1Mg1Ge1Se4_stannite,1.4687499660936965e-08,1.175000008402094e-07,3.333333342681044e-08,0.0,True
Cs1Cu1Mg1Ge1Te4_kesterite,5.375000000640284e-08,4.3000000005122274e-07,3.333333253863202e-08,0.0,True
Cs1Cu1Mg1Ge1Te4_stannite,8.749999835799827e-09,6.999999868639861e-08,0.0,0.13310000000000244,False
Cs1Cu1Mg1Sn1S4_kesterite,2.343750526989652e-09,1.8750000663203537e-08,3.333333342681044e-08,0.0,True
Cs1Cu1Mg1Sn1S4_stannite,4.515624985046429e-08,3.6124999525100066e-07,3.333333342681044e-08,0.0,True
Cs1Cu1Mg1Sn1Se4_stannite,1.656249937198595e-08,1.3249999852860128e-07,8.881784197001252e-16,0.0,True
Cs1Cu1Mg1Sn1Te4_stannite,1.656249981607516e-08,1.3249999852860128e-07,3.333333253863202e-08,0.001300000000000523,True
Cs1Cu1Mg1Zr1S4_stannite,2.515625086019213e-08,2.0125000332882337e-07,0.0,0.0,True
Cs1Cu1Mg1Zr1Se4_stannite,7.093750076236915e-08,5.675000025462396e-07,3.333333342681044e-08,0.0,True
Cs1Cu1Mg1Zr1Te4_kesterite,4.2968749891514335e-08,3.43749995579401e-07,3.333333342681044e-08,0.0,True
Cs1Cu1Sr1Sn0.5Ge0.5S1Te3_stannite,5.312499995469011e-08,4.2500000319023457e-07,0.0,0.0,True
Cs1Cu1Sr1Sn1Se4_stannite,8.749999835799827e-09,6.999999868639861e-08,3.333333342681044e-08,0.0,True
Cs1Cu1Sr1Zr1S4_stannite,7.281250002932893e-08,5.825000002346314e-07,4.440892098500626e-16,0.0,True
Cs1Cu1Sr1Zr1Te4_stannite,4.359374949913786e-08,3.4874999954581654e-07,3.333333253863202e-08,0.0,True
Cs1Cu1Zn1Ge1S4_stannite,3.718750063441689e-08,2.9750000152262146e-07,3.333333342681044e-08,0.0,True
Cs1Cu1Zn1Ge1Se4_kesterite,1.999999987845058e-08,1.5999999902760464e-07,0.0,0.0,True
Cs1Cu1Zn1Ge1Se4_stannite,5.468749897374892e-09,4.374999917899913e-08,3.333333253863202e-08,0.0,True
Cs1Cu1Zn1Sn1Se4_stannite,4.718749968546376e-08,3.775000010364238e-07,3.333333342681044e-08,0.0,True
Cs1Cu1Zn1Sn1Te4_stannite,7.437499949247695e-08,5.949999959398156e-07,3.333333431498886e-08,0.18369999999999997,False
Cs1Cu1Zn1Zr1S4_stannite,4.8124999540988256e-08,3.849999998806197e-07,3.333333253863202e-08,0.0,True
Cs1Ga0.5In0.5S2_kesterite,4.9843750460354386e-08,1.9937499828870386e-07,3.333333326027699e-08,0.0,True
Cs1Ga0.5In0.5Se2_kesterite,4.453124979875156e-08,1.7812499919500624e-07,3.333333387089965e-08,0.0,True
Cs1Ga0.5In0.5Se2_stannite,1.6718749940025646e-08,6.687499976010258e-08,3.333333342681044e-08,0.0,True
Cs1Ga0.5In0.5Te2_stannite,7.703125026736757e-08,3.0812500106947027e-07,0.0,0.42020000000000124,False
Cs1Ga1S1Se1_kesterite,6.734375057604325e-08,2.6937500052781616e-07,3.333333387089965e-08,0.0,True
Cs1Ga1S1Se1_stannite,2.343750082900442e-09,9.375000331601768e-09,4.440892098500626e-16,0.0,True
Cs1Ga1S1Te1_kesterite,5.656249912888711e-08,2.2624999829190529e-07,3.333333253863202e-08,0.0,True
Cs1Ga1S2_kesterite,3.750000310276391e-09,1.5000001241105565e-08,3.333333342681044e-08,0.0,True
Cs1Ga1S2_stannite,1.4374999857125204e-08,5.7499999428500814e-08,3.333333298272123e-08,0.0,True
Cs1Ga1Se1Te1_kesterite,7.421874981261567e-08,2.9687499747410584e-07,0.0,0.0,True
Cs1Ga1Se1Te1_stannite,1.34374995575115e-08,5.375000000640284e-08,3.333333253863202e-08,0.0,True
Cs1Ga1Se2_kesterite,1.7500000559778073e-08,7.000000223911229e-08,3.333333253863202e-08,0.0,True
Cs1Ga1Se2_stannite,2.687499955911221e-08,1.0750000001280569e-07,3.333333253863202e-08,0.0,True
Cs1Ga1Te2_kesterite,4.999999969612645e-09,1.999999810209374e-08,3.333333342681044e-08,0.0,True
Cs1Ga1Te2_stannite,1.5000000352927145e-08,5.999999963535174e-08,3.333333342681044e-08,0.0,True
Cs1In1S1Se1_kesterite,3.1249935972255116e-10,1.2499974388902046e-09,3.333333387089965e-08,0.0,True
Cs1In1S1Se1_stannite,3.968750084126782e-08,1.5875000158871444e-07,1.1102230246251565e-16,0.0,True
Cs1In1S1Te1_kesterite,1.484375022897666e-08,5.937500091590664e-08,4.440892098500626e-16,0.0,True
Cs1In1S1Te1_stannite,4.546875054245447e-08,1.818750021698179e-07,3.333333342681044e-08,,False
Cs1In1S2_kesterite,6.875000124750841e-09,2.7500000499003363e-08,3.3333333648855046e-08,0.0,True
Cs1In1S2_stannite,1.687499961988692e-08,6.750000025590452e-08,0.0,0.0,True
Cs1In1Se1Te1_kesterite,1.8750005992274055e-09,7.500002396909622e-09,3.333333342681044e-08,0.0,True
Cs1In1Se1Te1_stannite,4.062500114088152e-09,1.625000045635261e-08,3.333333342681044e-08,0.0,True
Cs1In1Se2_kesterite,3.062499898121018e-08,1.2249999770119757e-07,3.333333298272123e-08,0.0,True
Cs1In1Se2_stannite,2.000000032253979e-08,7.999999951380232e-08,3.333333298272123e-08,0.0,True
Cs1In1Te2_kesterite,6.250000517127319e-10,2.5000002068509275e-09,3.333333342681044e-08,0.0,True
Cs1In1Te2_stannite,1.0624999990938022e-08,4.249999996375209e-08,0.0,0.0,True
Cs2Ba0.5Cd0.5Ge1S4_stannite,7.48437498643284e-08,5.987499989146272e-07,3.333333342681044e-08,0.0,True
Cs2Ba0.5Cd0.5Ge1Se4_stannite,5.312499906651169e-08,4.249999960848072e-07,3.333333342681044e-08,0.0,True
Cs2Ba0.5Cd0.5Ge1Te4_stannite,2.5624999455686748e-08,2.0499999919820766e-07,3.333333298272123e-08,0.34050000000000047,False
Cs2Ba0.5Cd0.5Sn1S4_stannite,6.67187496361521e-08,5.337499970892168e-07,3.333333387089965e-08,0.0,True
Cs2Ba0.5Cd0.5Zr1S4_stannite,3.5781249518862523e-08,2.8624999970361387e-07,4.440892098500626e-16,0.0,True
Cs2Ba0.5Cd0.5Zr1Se4_stannite,3.8124998713584546e-08,3.0499999326139005e-07,3.333333342681044e-08,0.0,True
Cs2Ba0.5Cd0.5Zr1Te4_stannite,1.0312499743037051e-08,8.250000149701009e-08,3.333333342681044e-08,0.0,True
Cs2Ba0.5Zn0.5Ge1S4_kesterite,5.218750098734404e-08,4.175000043460386e-07,3.333333342681044e-08,0.0,True
Cs2Ba0.5Zn0.5Ge1S4_stannite,4.218750104811875e-08,3.375000048322363e-07,4.440892098500626e-16,0.0,True
Cs2Ba0.5Zn0.5Sn1Te4_kesterite,5.375000000640284e-08,4.300000071566501e-07,3.333333342681044e-08,0.0,True
Cs2Ba0.5Zn0.5Zr1S4_kesterite,5.937499381047928e-09,4.750000215381078e-08,3.333333342681044e-08,0.0,True
Cs2Ba0.5Zn0.5Zr1Se4_kesterite,8.59375104411697e-09,6.875000480022209e-08,0.0,,False
Cs2Ba0.5Zn0.5Zr1Se4_stannite,6.31249998939154e-08,5.050000027040369e-07,3.333333387089965e-08,0.0,True
Cs2Ba1Ge0.5Zr0.5S4_kesterite,7.718750083540726e-08,6.175000066832581e-07,3.333333342681044e-08,0.0,True
Cs2Ba1Ge0.5Zr0.5Se4_kesterite,2.4218750116489218e-08,1.9374999737920007e-07,3.333333342681044e-08,0.0,True
Cs2Ba1Ge0.5Zr0.5Te4_stannite,2.203125015753926e-08,1.7624999770760041e-07,3.333333298272123e-08,0.0,True
Cs2Ba1Ge1S2Te2_stannite,4.828125055311716e-08,3.862500008722236e-07,3.333333342681044e-08,0.0,True
Cs2Ba1Ge1S3Se1_stannite,1.0937499350660573e-08,8.749999835799827e-08,3.333333298272123e-08,0.0,True
Cs2Ba1Ge1S4_kesterite,2.2499999641212298e-08,1.8000000068241206e-07,3.333333298272123e-08,0.0,True
Cs2Ba1Ge1S4_stannite,2.624999995148869e-08,2.0999999605919584e-07,3.333333298272123e-08,0.0,True
Cs2Ba1Ge1Se3Te1_kesterite,6.921875028709223e-08,5.537499987440242e-07,3.333333298272123e-08,0.0,True
Cs2Ba1Ge1Se4_kesterite,5.624999577236167e-09,4.5000000170603016e-08,3.333333342681044e-08,0.0,True
Cs2Ba1Ge1Se4_stannite,8.750001168067456e-09,7.000000579182597e-08,4.440892098500626e-16,0.0,True
Cs2Ba1Ge1Te4_kesterite,1.1874999206185066e-08,9.499999720219421e-08,3.333333342681044e-08,0.0,True
Cs2Ba1Ge1Te4_stannite,2.937499976596314e-08,2.350000016804188e-07,3.333333298272123e-08,0.0,True
Cs2Ba1Sn0.5Ge0.5S4_kesterite,2.62500003955779e-08,2.0999999605919584e-07,3.333333342681044e-08,0.0,True
Cs2Ba1Sn0.5Ge0.5S4_stannite,6.078124936692575e-08,4.862499878299786e-07,0.0,0.0,True
Cs2Ba1Sn0.5Ge0.5Te4_stannite,1.0156250063175776e-08,8.12500005054062e-08,8.881784197001252e-16,0.0,True
Cs2Ba1Sn0.5Zr0.5S4_kesterite,5.312500039877932e-08,4.250000102956619e-07,3.333333342681044e-08,0.0,True
Cs2Ba1Sn0.5Zr0.5S4_stannite,3.140625004505182e-08,2.512500074658419e-07,4.440892098500626e-16,0.0,True
Cs2Ba1Sn0.5Zr0.5Se4_kesterite,2.828124978648816e-08,2.262499947391916e-07,3.333333342681044e-08,0.0,True
Cs2Ba1Sn0.5Zr0.5Se4_stannite,6.046874956311399e-08,4.837499929521982e-07,4.440892098500626e-16,0.0,True
Cs2Ba1Sn0.5Zr0.5Te4_kesterite,2.7812500302815124e-08,2.2250000597523467e-07,3.333333253863202e-08,0.0,True
Cs2Ba1Sn0.5Zr0.5Te4_stannite,7.656250300414058e-09,6.124999174517143e-08,3.333333342681044e-08,0.0,True
Cs2Ba1Sn1S1Se3_stannite,5.2343749779026894e-08,4.1874999823221515e-07,3.333333342681044e-08,0.0,True
Cs2Ba1Sn1S2Se2_stannite,6.796874929548835e-08,5.437499979166205e-07,3.333333298272123e-08,0.0,True
Cs2Ba1Sn1S2Te2_stannite,5.937500047181743e-08,4.7500000022182576e-07,0.0,0.0,True
Cs2Ba1Sn1S3Se1_kesterite,6.546874908863742e-08,5.237499962618131e-07,3.333333298272123e-08,0.0,True
Cs2Ba1Sn1S3Se1_stannite,5.4687500306016545e-08,4.374999988954187e-07,0.0,0.0,True
Cs2Ba1Sn1S3Te1_stannite,4.4687499922702045e-08,3.5749999938161636e-07,3.333333342681044e-08,0.0,True
Cs2Ba1Sn1S4_kesterite,1.5624999516461457e-08,1.2499999968440534e-07,3.333333342681044e-08,0.0,True
Cs2Ba1Sn1S4_stannite,1.2500000590165428e-08,1.0000000116860974e-07,0.0,0.0,True
Cs2Ba1Sn1Se3Te1_stannite,7.796874967880285e-08,6.237499974304228e-07,3.333333387089965e-08,0.0,True
Cs2Ba1Sn1Se4_kesterite,1.3749999805412472e-08,1.1000000199601345e-07,4.440892098500626e-16,0.0,True
Cs2Ba1Sn1Se4_stannite,1.312500019778895e-08,1.0499999802959792e-07,3.333333387089965e-08,0.0,True
Cs2Ba1Sn1Te4_kesterite,3.062500031347781e-08,2.450000025078225e-07,0.0,0.0,True
Cs2Ba1Sn1Te4_stannite,1.8124998835133965e-08,1.449999942337854e-07,4.440892098500626e-16,0.0,True
Cs2Ba1Zr1S1Se1Te2_stannite,5.375000022844745e-08,4.3000000005122274e-07,3.333333298272123e-08,0.0,True
Cs2Ba1Zr1S1Se2Te1_stannite,6.250000028629188e-08,4.999999987376214e-07,0.0,0.0,True
Cs2Ba1Zr1S1Se3_stannite,6.015624953725762e-08,4.812499980744178e-07,3.333333342681044e-08,0.0,True
Cs2Ba1Zr1S2Se1Te1_stannite,5.2343750223116103e-08,4.1874999823221515e-07,4.440892098500626e-16,0.0,True
Cs2Ba1Zr1S2Se2_kesterite,3.484375010742724e-08,2.787500008594179e-07,3.333333298272123e-08,0.0,True
Cs2Ba1Zr1S2Se2_stannite,9.218748875383653e-09,7.37499945557829e-08,0.0,0.0,True
Cs2Ba1Zr1S2Te2_stannite,5.343750020259108e-08,4.27499998068015e-07,3.333333298272123e-08,0.0,True
Cs2Ba1Zr1S3Se1_stannite,4.515624940637508e-08,3.61250002356428e-07,3.333333342681044e-08,0.0,True
Cs2Ba1Zr1S3Te1_stannite,4.0156250769030066e-08,3.2124999904681317e-07,3.333333342681044e-08,0.0,True
Cs2Ba1Zr1S4_kesterite,7.390625000880391e-08,5.912500000704313e-07,3.333333331578814e-08,0.0,True
Cs2Ba1Zr1S4_stannite,8.593749711849341e-09,6.874999769479473e-08,3.333333342681044e-08,0.0,True
Cs2Ba1Zr1Se1Te3_stannite,7.062500029242358e-08,5.650000005630318e-07,3.333333342681044e-08,0.0,True
Cs2Ba1Zr1Se2Te2_kesterite,9.68750013541353e-09,7.749999753059456e-08,3.333333342681044e-08,0.0,True
Cs2Ba1Zr1Se2Te2_stannite,4.4687499478612835e-08,3.5749999938161636e-07,0.0,0.0,True
Cs2Ba1Zr1Se3Te1_stannite,5.3281250522729806e-08,4.2625000418183845e-07,4.440892098500626e-16,0.0,True
Cs2Ba1Zr1Se4_kesterite,3.281249494335725e-09,2.624999950739948e-08,0.0,0.0,True
Cs2Ba1Zr1Se4_stannite,1.7187491430092905e-09,1.3749996696788003e-08,3.333333342681044e-08,0.0,True
Cs2Ca0.5Ba0.5Ge1S4_stannite,7.312499938905148e-08,5.849999951124119e-07,0.0,0.0,True
Cs2Ca0.5Ba0.5Ge1Se4_stannite,4.07812508207428e-08,3.262500030132287e-07,3.333333342681044e-08,0.0,True
Cs2Ca0.5Ba0.5Sn1S4_stannite,6.906249971905254e-08,5.524999977524203e-07,0.0,0.0,True
Cs2Ca0.5Ba0.5Sn1Se4_stannite,2.8750000158339617e-08,2.2999999771400326e-07,0.0,0.0,True
Cs2Ca0.5Ba0.5Sn1Te4_stannite,2.1249999981876044e-08,1.6999999985500835e-07,3.333333342681044e-08,0.0,True
Cs2Ca0.5Ba0.5Zr1S4_stannite,6.875000035932999e-08,5.500000028746399e-07,3.333333342681044e-08,0.0,True
Cs2Ca0.5Ba0.5Zr1Se4_stannite,4.6406249953889755e-08,3.7124999607840437e-07,4.440892098500626e-16,0.0,True
Cs2Ca0.5Ba0.5Zr1Te4_stannite,1.2031250662403181e-08,9.625000529922545e-08,3.333333342681044e-08,0.0,True
Cs2Ca0.5Cd0.5Sn1S4_kesterite,3.6093750654941914e-08,2.8875000168682163e-07,3.333333342681044e-08,0.0,True
Cs2Ca0.5Cd0.5Sn1S4_stannite,4.937500053259214e-08,3.9500000070802344e-07,3.333333342681044e-08,0.0,True
Cs2Ca0.5Cd0.5Sn1Se4_stannite,2.5312499207785777e-08,2.024999972149999e-07,3.333333342681044e-08,0.0,True
Cs2Ca0.5Cd0.5Zr1S4_kesterite,6.093749504998414e-09,4.874999603998731e-08,3.333333387089965e-08,0.0,True
Cs2Ca0.5Cd0.5Zr1S4_stannite,4.5000000614692226e-08,3.6000000136482413e-07,3.333333342681044e-08,0.0,True
Cs2Ca0.5Cd0.5Zr1Se4_kesterite,3.6093748878585075e-08,2.887499945813943e-07,3.333333298272123e-08,0.0,True
Cs2Ca0.5Cd0.5Zr1Se4_stannite,4.906249939651275e-08,3.9249999872481567e-07,3.333333387089965e-08,0.0,True
Cs2Ca0.5Cd0.5Zr1Te4_kesterite,6.875000568840051e-09,5.5000000998006726e-08,0.0,0.0,True
Cs2Ca0.5Cd0.5Zr1Te4_stannite,2.5781249579637233e-08,2.0625000018981154e-07,4.440892098500626e-16,0.0,True
Cs2Ca0.5Sr0.5Ge1S4_kesterite,5.968750027562919e-08,4.775000022050335e-07,4.440892098500626e-16,0.0,True
Cs2Ca0.5Sr0.5Ge1S4_stannite,1.3749999361323262e-08,1.099999948905861e-07,4.440892098500626e-16,0.0,True
Cs2Ca0.5Sr0.5Ge1Te4_stannite,6.671875052433052e-08,5.337500006419305e-07,3.333333298272123e-08,0.0,True
Cs2Ca0.5Sr0.5Sn1S4_kesterite,6.531249985286536e-08,5.225000023756365e-07,3.333333342681044e-08,0.0,True
Cs2Ca0.5Sr0.5Sn1S4_stannite,2.6093749827538204e-08,2.087500021730193e-07,4.440892098500626e-16,0.0,True
Cs2Ca0.5Sr0.5Sn1Se4_stannite,6.750000025590452e-08,5.400000020472362e-07,3.333333298272123e-08,0.0,True
Cs2Ca0.5Sr0.5Zr1S4_kesterite,7.781250044303079e-08,6.224999964388189e-07,0.0,0.0,True
Cs2Ca0.5Sr0.5Zr1S4_stannite,6.625000015247906e-08,5.300000012198325e-07,4.440892098500626e-16,0.0,True
Cs2Ca0.5Sr0.5Zr1Se4_kesterite,8.437500031988066e-09,6.749999670319085e-08,3.333333342681044e-08,0.0,True
Cs2Ca0.5Sr0.5Zr1Se4_stannite,2.937500065414156e-08,2.3500000878584615e-07,0.0,0.0,True
Cs2Ca0.5Sr0.5Zr1Te4_stannite,2.968750134613174e-09,2.3749997524191713e-08,4.440892098500626e-16,0.0,True
Cs2Ca0.5Zn0.5Ge1S4_stannite,3.796874992190169e-08,3.037499993752135e-07,0.0,0.0,True
Cs2Ca0.5Zn0.5Ge1Te4_stannite,3.5781249962951733e-08,2.8624999970361387e-07,3.333333298272123e-08,0.06400000000000006,False
Cs2Ca0.5Zn0.5Sn1S4_stannite,3.546874971505076e-08,2.837499977204061e-07,3.333333342681044e-08,0.0,True
Cs2Ca0.5Zn0.5Sn1Se4_stannite,6.468749935706342e-08,5.17499998409221e-07,4.440892098500626e-16,0.0,True
Cs2Ca0.5Zn0.5Zr1S4_stannite,5.390625013035333e-08,4.312500010428266e-07,3.333333342681044e-08,0.0,True
Cs2Ca0.5Zn0.5Zr1Se4_kesterite,3.4687500427565965e-08,2.7749999986781404e-07,3.333333298272123e-08,0.0,True
Cs2Ca1Ge0.5Zr0.5S4_kesterite,3.562499983900125e-08,2.8499999871201e-07,0.0,0.0,True
Cs2Ca1Ge0.5Zr0.5S4_stannite,3.42187496116253e-08,2.737499968930024e-07,0.0,0.0,True
Cs2Ca1Ge0.5Zr0.5Te4_kesterite,2.3749999744637762e-08,1.9000000150981577e-07,0.0,0.0,True
Cs2Ca1Ge1S1Te3_stannite,7.718749994722884e-08,6.174999995778307e-07,3.333333342681044e-08,0.0,True
Cs2Ca1Ge1S2Se1Te1_stannite,1.1250000930829174e-08,9.000000034120603e-08,3.333333342681044e-08,0.0,True
Cs2Ca1Ge1S2Te2_stannite,3.1249993703852397e-09,2.4999998515795596e-08,3.333333342681044e-08,0.0,True
Cs2Ca1Ge1S3Te1_stannite,6.093749504998414e-09,4.874999603998731e-08,0.0,0.0,True
Cs2Ca1Ge1S4_kesterite,2.500001095029347e-09,2.000000165480742e-08,3.333333331578814e-08,0.0,True
Cs2Ca1Ge1S4_stannite,6.250000517127319e-10,5.000003966415534e-09,3.333333342681044e-08,0.0,True
Cs2Ca1Ge1Se1Te3_stannite,5.624999799280772e-09,4.5000000170603016e-08,0.0,0.0,True
Cs2Ca1Ge1Se4_kesterite,9.374999887512558e-09,7.499999554738679e-08,3.333333342681044e-08,0.0,True
Cs2Ca1Ge1Se4_stannite,1.8125000611490805e-08,1.4500000133921276e-07,3.333333342681044e-08,0.0,True
Cs2Ca1Ge1Te4_kesterite,8.749999835799827e-09,6.999999868639861e-08,3.333333342681044e-08,0.0,True
Cs2Ca1Ge1Te4_stannite,3.750000310276391e-09,3.000000248221113e-08,3.333333431498886e-08,0.0,True
Cs2Ca1Sn0.5Ge0.5S4_kesterite,2.1562499341598595e-08,1.7249999473278876e-07,3.333333342681044e-08,0.0,True
Cs2Ca1Sn0.5Ge0.5S4_stannite,4.656249963375103e-08,3.7249999707000825e-07,0.0,0.0,True
Cs2Ca1Sn0.5Ge0.5Se2Te2_stannite,8.125000228176305e-09,6.50000089308378e-08,3.333333342681044e-08,0.5604999999999993,False
Cs2Ca1Sn0.5Zr0.5S4_kesterite,6.281249920192522e-08,5.025000007208291e-07,3.3333333204765836e-08,0.0,True
Cs2Ca1Sn0.5Zr0.5S4_stannite,1.1718748638145371e-08,9.374999621059033e-08,3.333333342681044e-08,0.0,True
Cs2Ca1Sn0.5Zr0.5Se4_stannite,5.625000465414587e-09,4.5000007276030374e-08,0.0,0.0,True
Cs2Ca1Sn0.5Zr0.5Te4_stannite,8.593750155938551e-09,6.875000480022209e-08,3.333333342681044e-08,0.0,True
Cs2Ca1Sn1S1Se1Te2_stannite,3.031249984353224e-08,2.4250000052461473e-07,3.333333298272123e-08,0.0,True
Cs2Ca1Sn1S1Se2Te1_stannite,6.890625092736968e-08,5.512500038662438e-07,4.440892098500626e-16,0.0,True
Cs2Ca1Sn1S1Se3_stannite,2.0625000374252522e-08,1.6500000299402018e-07,0.0,0.0,True
Cs2Ca1Sn1S2Se1Te1_stannite,3.734374942609975e-08,2.98749995408798e-07,3.333333387089965e-08,0.0,True
Cs2Ca1Sn1S2Se2_stannite,3.4999999787288516e-08,2.7999999474559445e-07,3.333333342681044e-08,0.0,True
Cs2Ca1Sn1S2Te2_stannite,2.8124999662537675e-08,2.2500000085301508e-07,3.333333298272123e-08,0.0,True
Cs2Ca1Sn1S3Se1_stannite,5.531250035772928e-08,4.4249999575640686e-07,4.440892098500626e-16,,False
Cs2Ca1Sn1S3Te1_stannite,6.453125012129135e-08,5.162499974176171e-07,3.333333298272123e-08,0.0,True
Cs2Ca1Sn1S4_kesterite,2.624999861922106e-08,2.0999999605919584e-07,3.3333333329665926e-08,0.0,True
Cs2Ca1Sn1S4_stannite,1.4999999020659516e-08,1.199999957179898e-07,0.0,0.0,True
Cs2Ca1Sn1Se3Te1_stannite,3.8125000045852175e-08,3.050000003668174e-07,3.333333342681044e-08,0.0,True
Cs2Ca1Sn1Se4_kesterite,9.99999949513608e-09,7.999999951380232e-08,3.333333342681044e-08,0.0,True
Cs2Ca1Sn1Se4_stannite,8.749999391710617e-09,6.999999868639861e-08,3.333333342681044e-08,0.0,True
Cs2Ca1Sn1Te4_kesterite,1.8750000663203537e-08,1.500000053056283e-07,0.0,0.0,True
Cs2Ca1Sn1Te4_stannite,2.312499969292503e-08,1.8499999754340024e-07,3.333333253863202e-08,0.0,True
Cs2Ca1Zr1S1Se1Te2_stannite,1.4062498499001208e-08,1.1249999687379386e-07,3.333333342681044e-08,0.0,True
Cs2Ca1Zr1S1Se2Te1_kesterite,1.2343750688259547e-08,9.875000017700586e-08,3.333333298272123e-08,0.0,True
Cs2Ca1Zr1S1Se2Te1_stannite,6.015624931521302e-08,4.812499980744178e-07,3.333333342681044e-08,0.0,True
Cs2Ca1Zr1S1Se3_stannite,1.124999937651694e-08,9.000000034120603e-08,3.333333387089965e-08,0.0,True
Cs2Ca1Zr1S1Te3_kesterite,5.8124999480213546e-08,4.6499999939442205e-07,3.333333342681044e-08,0.0,True
Cs2Ca1Zr1S1Te3_stannite,3.5781249518862523e-08,2.8624999970361387e-07,0.0,0.0,True
Cs2Ca1Zr1S2Se1Te1_kesterite,5.390624790990728e-08,4.3124999393739927e-07,0.0,0.0,True
Cs2Ca1Zr1S2Se1Te1_stannite,6.624999882021143e-08,5.300000012198325e-07,0.0,0.0,True
Cs2Ca1Zr1S2Se2_stannite,1.9062500467015298e-08,1.525000001834087e-07,3.333333387089965e-08,0.0,True
Cs2Ca1Zr1S2Te2_kesterite,2.1875000033588776e-08,1.750000038214239e-07,3.333333387089965e-08,,False
Cs2Ca1Zr1S2Te2_stannite,4.4687501254969675e-08,3.575000064870437e-07,3.333333342681044e-08,0.0,True
Cs2Ca1Zr1S3Se1_stannite,7.031249893429958e-08,5.62499998579824e-07,3.333333298272123e-08,0.0,True
Cs2Ca1Zr1S4_kesterite,6.656250040038003e-08,5.324999960976129e-07,3.333333342681044e-08,0.0,True
Cs2Ca1Zr1S4_stannite,7.32812512893588e-08,5.862500032094431e-07,0.0,0.0,True
Cs2Ca1Zr1Se1Te3_stannite,1.5468748726377157e-08,1.2374999869280146e-07,3.333333342681044e-08,0.0,True
Cs2Ca1Zr1Se2Te2_stannite,3.593750053099143e-08,2.8750000069521775e-07,3.333333342681044e-08,0.0,True
Cs2Ca1Zr1Se3Te1_stannite,7.59375007319818e-08,6.07499998750427e-07,0.0,0.0,True
Cs2Ca1Zr1Se4_kesterite,4.546875009836526e-08,3.637499972342084e-07,4.440892098500626e-16,0.0,True
Cs2Ca1Zr1Se4_stannite,3.96874999530894e-08,3.174999960720015e-07,3.333333387089965e-08,0.0,True
Cs2Ca1Zr1Te4_kesterite,6.218749915021249e-08,4.974999967544136e-07,3.333333342681044e-08,0.0,True
Cs2Ca1Zr1Te4_stannite,6.562500098894475e-08,5.250000043588443e-07,3.333333298272123e-08,0.0,True
Cs2Cd1Ge0.5Zr0.5S4_stannite,6.57812497806276e-08,5.262499982450208e-07,4.440892098500626e-16,0.0,True
Cs2Cd1Ge1S1Se3_stannite,1.8750010433166153e-09,1.5000004793819244e-08,3.333333298272123e-08,0.0,True
Cs2Cd1Ge1S1Te3_kesterite,4.390625063521725e-08,3.512500015290243e-07,3.333333342681044e-08,0.0,True
Cs2Cd1Ge1S2Se1Te1_stannite,3.390625002985814e-08,2.71250002015222e-07,3.333333431498886e-08,0.0,True
Cs2Cd1Ge1S2Se2_stannite,1.5625000404639877e-08,1.2499999968440534e-07,0.0,0.0,True
Cs2Cd1Ge1S2Te2_stannite,3.906249990137667e-09,3.1249996368387656e-08,0.0,0.0,True
Cs2Cd1Ge1S3Se1_stannite,5.4062500254303814e-08,4.325000020344305e-07,3.333333342681044e-08,0.0,True
Cs2Cd1Ge1S4_kesterite,2.5000002068509275e-09,2.000000165480742e-08,4.440892098500626e-16,0.0,True
Cs2Cd1Ge1S4_stannite,2.4999999403974016e-08,1.9999999523179213e-07,3.333333342681044e-08,0.0,True
Cs2Cd1Ge1Se1Te3_kesterite,4.890624993869608e-08,3.912499977332118e-07,0.0,0.0,True
Cs2Cd1Ge1Se1Te3_stannite,4.4843750268697136e-08,3.5875000037322025e-07,3.333333342681044e-08,0.0,True
Cs2Cd1Ge1Se2Te2_stannite,3.109374979715085e-08,2.487499983772068e-07,3.333333253863202e-08,0.0,True
Cs2Cd1Ge1Se3Te1_stannite,4.828125010902795e-08,3.862500008722236e-07,3.333333387089965e-08,0.0,True
Cs2Cd1Ge1Se4_kesterite,1.687499961988692e-08,1.3500000051180905e-07,3.333333342681044e-08,0.0,True
Cs2Cd1Ge1Se4_stannite,2.7499999610824943e-08,2.1999999688659955e-07,0.0,0.0,True
Cs2Cd1Ge1Te4_kesterite,1.8125000167401595e-08,1.4500000133921276e-07,8.881784197001252e-16,0.0,True
Cs2Cd1Ge1Te4_stannite,1.5624999960550667e-08,1.2499999968440534e-07,3.333333431498886e-08,0.0,True
Cs2Cd1Sn0.5Ge0.5S4_kesterite,6.046874956311399e-08,4.837500000576256e-07,3.333333342681044e-08,0.0,True
Cs2Cd1Sn0.5Ge0.5S4_stannite,7.81251063841637e-10,6.250004958019417e-09,3.333333342681044e-08,0.0,True
Cs2Cd1Sn0.5Ge0.5Se4_stannite,6.578125022471681e-08,5.262499982450208e-07,0.0,0.0,True
Cs2Cd1Sn0.5Zr0.5S4_stannite,5.59374999653528e-08,4.474999997228224e-07,4.440892098500626e-16,0.0,True
Cs2Cd1Sn0.5Zr0.5Se4_stannite,4.1249998972148205e-08,3.29999998882613e-07,0.0,0.0,True
Cs2Cd1Sn1S1Se2Te1_stannite,4.625000027402848e-08,3.7000000219222784e-07,3.333333342681044e-08,0.0,True
Cs2Cd1Sn1S1Se3_stannite,1.687500006397613e-08,1.3500000051180905e-07,3.333333342681044e-08,0.0,True
Cs2Cd1Sn1S2Se2_kesterite,6.437499955325166e-08,5.149999964260132e-07,3.333333342681044e-08,0.0,True
Cs2Cd1Sn1S2Se2_stannite,7.656250033960532e-08,6.125000027168426e-07,0.0,0.0,True
Cs2Cd1Sn1S2Te2_kesterite,3.6093750654941914e-08,2.8875000168682163e-07,3.333333342681044e-08,0.0,True
Cs2Cd1Sn1S3Te1_stannite,7.359374931681373e-08,5.887499980872235e-07,4.440892098500626e-16,0.0,True
Cs2Cd1Sn1S4_kesterite,7.500000620552782e-09,6.000000496442226e-08,4.440892098500626e-16,0.0,True
Cs2Cd1Sn1S4_stannite,1.4374999413035994e-08,1.1499999885700163e-07,3.333333298272123e-08,0.0,True
Cs2Cd1Sn1Se4_kesterite,2.4375001128618123e-08,1.950000054762313e-07,4.440892098500626e-16,0.0,True
Cs2Cd1Sn1Se4_stannite,0.0,0.0,3.333333342681044e-08,0.0,True
Cs2Cd1Sn1Te4_kesterite,2.687500000320142e-08,2.1500000002561137e-07,3.333333253863202e-08,0.0,True
Cs2Cd1Sn1Te4_stannite,6.250000517127319e-10,5.000000413701855e-09,3.333333342681044e-08,0.0,True
Cs2Cd1Zr1S1Se1Te2_stannite,5.7656249330406695e-08,4.612499964196104e-07,3.333333298272123e-08,0.0,True
Cs2Cd1Zr1S1Se2Te1_stannite,1.4531249536986479e-08,1.1624999984860551e-07,0.0,0.0,True
Cs2Cd1Zr1S1Se3_stannite,2.937500021005235e-08,2.350000016804188e-07,3.333333342681044e-08,0.0,True
Cs2Cd1Zr1S2Se1Te1_stannite,3.6718749374387016e-08,2.937499985478098e-07,3.333333342681044e-08,0.0,True
Cs2Cd1Zr1S2Te2_kesterite,5.4375000058115575e-08,4.349999969122109e-07,0.0,0.0,True
Cs2Cd1Zr1S2Te2_stannite,3.999999931281195e-08,3.199999980552093e-07,0.0,0.0,True
Cs2Cd1Zr1S3Se1_stannite,5.421874949007588e-08,4.3374999592060703e-07,3.333333342681044e-08,0.0,True
Cs2Cd1Zr1S3Te1_stannite,1.4374999857125204e-08,1.1499999885700163e-07,3.333333342681044e-08,0.0,True
Cs2Cd1Zr1S4_kesterite,1.2968750962016884e-08,1.0375000414342139e-07,0.0,,False
Cs2Cd1Zr1S4_stannite,6.062499968706447e-08,4.849999939438021e-07,0.0,0.0,True
Cs2Cd1Zr1Se1Te3_stannite,6.906249949700793e-08,5.524999977524203e-07,0.0,0.0,True
Cs2Cd1Zr1Se2Te2_stannite,1.343750000160071e-08,1.0750000001280569e-07,4.440892098500626e-16,0.0,True
Cs2Cd1Zr1Se3Te1_stannite,4.3281250583504516e-08,3.4625000466803613e-07,3.333333342681044e-08,0.0,True
Cs2Cd1Zr1Se4_kesterite,1.937500071491627e-08,1.5500000216661647e-07,0.0,0.0,True
Cs2Cd1Zr1Se4_stannite,5.796875024444148e-08,4.6374999840281816e-07,0.0,0.0,True
Cs2Mg0.5Ba0.5Ge1S4_stannite,1.5468749836600182e-08,1.2374999869280146e-07,3.333333342681044e-08,0.0,True
Cs2Mg0.5Ba0.5Sn1S4_stannite,3.140625004505182e-08,2.5125000036041456e-07,3.333333342681044e-08,0.0,True
Cs2Mg0.5Ba0.5Sn1Se4_stannite,6.093750393176833e-09,4.8750003145414667e-08,3.333333298272123e-08,0.0,True
Cs2Mg0.5Ba0.5Sn1Te4_stannite,5.2343750223116103e-08,4.1874999823221515e-07,3.333333342681044e-08,0.0,True
Cs2Mg0.5Ba0.5Zr1S4_kesterite,1.1249999154472334e-08,9.000000034120603e-08,2.220446049250313e-16,0.0,True
Cs2Mg0.5Ba0.5Zr1S4_stannite,3.656249969452574e-08,2.925000046616333e-07,0.0,0.0,True
Cs2Mg0.5Ba0.5Zr1Se4_stannite,1.140624883433361e-08,9.124999422738256e-08,3.333333342681044e-08,0.0,True
Cs2Mg0.5Ba0.5Zr1Te4_stannite,1.796875004345111e-08,1.4375000034760888e-07,3.333333342681044e-08,0.0,True
Cs2Mg0.5Ca0.5Ge1S4_kesterite,6.750000069999373e-08,5.400000020472362e-07,3.333333342681044e-08,0.0,True
Cs2Mg0.5Ca0.5Ge1S4_stannite,6.515625061709329e-08,5.212500013840327e-07,3.333333342681044e-08,0.0,True
Cs2Mg0.5Ca0.5Ge1Se4_stannite,5.203124953112592e-08,4.162499962490074e-07,3.333333342681044e-08,0.0,True
Cs2Mg0.5Ca0.5Sn1S1Se3_kesterite,6.624999926430064e-08,5.299999941144051e-07,5.551115123125783e-17,0.0,True
Cs2Mg0.5Ca0.5Sn1S1Se3_stannite,7.062499962628976e-08,5.649999934576044e-07,2.7755575615628914e-16,0.0,True
Cs2Mg0.5Ca0.5Sn1S4_kesterite,7.249999889324954e-08,5.799999982514237e-07,3.333333342681044e-08,0.0,True
Cs2Mg0.5Ca0.5Sn1S4_stannite,2.9218750974280283e-08,2.337500006888149e-07,3.333333298272123e-08,0.0,True
Cs2Mg0.5Ca0.5Sn1Se4_stannite,4.046875057284183e-08,3.2375000103002094e-07,3.333333298272123e-08,0.0,True
Cs2Mg0.5Ca0.5Sn1Te4_stannite,1.7499999671599653e-08,1.3999999737279722e-07,2.220446049250313e-16,0.0,True
Cs2Mg0.5Ca0.5Zr1S4_kesterite,3.4999999343199306e-08,2.800000018510218e-07,3.333333342681044e-08,0.0,True
Cs2Mg0.5Ca0.5Zr1S4_stannite,6.359374982167765e-08,5.087499985734212e-07,0.0,0.0,True
Cs2Mg0.5Ca0.5Zr1Se4_stannite,1.343750044568992e-08,1.0750000001280569e-07,3.333333342681044e-08,0.0,True
Cs2Mg0.5Ca0.5Zr1Te4_stannite,6.92187489548246e-08,5.537499987440242e-07,4.440892098500626e-16,0.0,True
Cs2Mg0.5Cd0.5Ge1S4_stannite,9.531250455552254e-09,7.624999653899067e-08,3.333333342681044e-08,0.0,True
Cs2Mg0.5Cd0.5Ge1Se4_stannite,7.281249958523972e-08,5.825000002346314e-07,4.440892098500626e-16,0.0,True
Cs2Mg0.5Cd0.5Ge1Te4_stannite,4.59374995820383e-08,3.674999931035927e-07,0.0,0.0,True
Cs2Mg0.5Cd0.5Sn1S4_kesterite,1.5625000848729087e-08,1.2499999968440534e-07,3.333333342681044e-08,0.0,True
Cs2Mg0.5Cd0.5Sn1S4_stannite,3.1250007026528692e-09,2.4999998515795596e-08,3.333333342681044e-08,0.0,True
Cs2Mg0.5Cd0.5Sn1Se4_kesterite,3.5937506304151157e-09,2.8750001490607247e-08,3.333333342681044e-08,0.0,True
Cs2Mg0.5Cd0.5Sn1Te4_stannite,1.406250671465159e-09,1.1250008924434951e-08,0.0,0.0,True
Cs2Mg0.5Cd0.5Zr1S4_kesterite,3.906250034546588e-08,3.1249999921101335e-07,3.333333342681044e-08,0.0,True
Cs2Mg0.5Cd0.5Zr1Se4_kesterite,4.2656250531791784e-08,3.412500007016206e-07,3.333333342681044e-08,0.0,True
Cs2Mg0.5Cd0.5Zr1Se4_stannite,1.2343750466214942e-08,9.875000017700586e-08,3.333333298272123e-08,0.0,True
Cs2Mg0.5Cd0.5Zr1Te4_kesterite,3.3593750892180196e-08,2.687500000320142e-07,3.333333342681044e-08,0.0,True
Cs2Mg0.5Cd0.5Zr1Te4_stannite,2.7499999610824943e-08,2.200000039920269e-07,3.333333253863202e-08,0.0,True
Cs2Mg0.5Sr0.5Ge1S4_stannite,3.8124999601762966e-08,3.050000003668174e-07,3.333333298272123e-08,0.0,True
Cs2Mg0.5Sr0.5Ge1Se4_stannite,7.421874981261567e-08,5.93750002053639e-07,0.0,0.0,True
Cs2Mg0.5Sr0.5Sn1S4_stannite,4.7500000821543154e-08,3.8000000301963155e-07,3.333333298272123e-08,0.0,True
Cs2Mg0.5Sr0.5Sn1Se4_stannite,7.203125029775492e-08,5.762500023820394e-07,3.333333342681044e-08,0.0,True
Cs2Mg0.5Sr0.5Sn1Te4_kesterite,4.406250075916773e-08,3.525000025206282e-07,3.333333342681044e-08,0.0,True
Cs2Mg0.5Sr0.5Zr1S4_kesterite,7.218750130988383e-08,5.775000033736433e-07,3.333333387089965e-08,0.0,True
Cs2Mg0.5Sr0.5Zr1S4_stannite,2.1249999093697625e-08,1.6999999985500835e-07,0.0,0.0,True
Cs2Mg0.5Sr0.5Zr1Se4_kesterite,2.765624929068622e-08,2.2124999787820343e-07,3.333333298272123e-08,0.0,True
Cs2Mg0.5Sr0.5Zr1Se4_stannite,2.6406249187260755e-08,2.1124999705079972e-07,3.333333298272123e-08,0.0,True
Cs2Mg0.5Sr0.5Zr1Te4_stannite,3.062500075756702e-08,2.450000025078225e-07,3.333333298272123e-08,0.0,True
Cs2Mg0.5Zn0.5Ge1S4_kesterite,4.796874986112698e-08,3.8374999888901584e-07,0.0,0.0,True
Cs2Mg0.5Zn0.5Ge1S4_stannite,4.6874999881652e-08,3.74999999053216e-07,0.0,0.0,True
Cs2Mg0.5Zn0.5Ge1Se4_stannite,3.593750008690222e-08,2.8750000069521775e-07,3.3333333204765836e-08,0.0,True
Cs2Mg0.5Zn0.5Sn1S4_kesterite,4.281249976756385e-08,3.425000016932245e-07,0.0,0.0,True
Cs2Mg0.5Zn0.5Sn1S4_stannite,1.5781250528590363e-08,1.2625000067600922e-07,3.333333298272123e-08,0.0,True
Cs2Mg0.5Zn0.5Sn1Se4_kesterite,3.515624946714979e-08,2.8124999573719833e-07,3.333333342681044e-08,0.0,True
Cs2Mg0.5Zn0.5Sn1Se4_stannite,6.015625020339144e-08,4.812499980744178e-07,3.333333342681044e-08,0.0,True
Cs2Mg0.5Zn0.5Sn1Te4_kesterite,4.593750002612751e-08,3.6750000020902007e-07,8.881784197001252e-16,0.0,True
Cs2Mg0.5Zn0.5Zr1S4_kesterite,2.17187503537275e-08,1.7375000282982e-07,4.440892098500626e-16,0.0,True
Cs2Mg0.5Zn0.5Zr1S4_stannite,1.5312499268560487e-08,1.2249999770119757e-07,0.0,0.0,True
Cs2Mg0.5Zn0.5Zr1Se4_kesterite,6.890624915101284e-08,5.512499967608164e-07,3.333333342681044e-08,0.0,True
Cs2Mg0.5Zn0.5Zr1Se4_stannite,3.218749933253662e-08,2.574999982130066e-07,3.333333298272123e-08,0.0,True
Cs2Mg1Ge0.5Zr0.5S4_kesterite,4.656249963375103e-08,3.7249999707000825e-07,0.0,0.0,True
Cs2Mg1Ge0.5Zr0.5S4_stannite,6.875000124750841e-09,5.5000000998006726e-08,2.220446049250313e-16,0.0,True
Cs2Mg1Ge0.5Zr0.5Se4_stannite,1.2031250662403181e-08,9.625000529922545e-08,3.333333298272123e-08,0.0,True
Cs2Mg1Ge0.5Zr0.5Te4_stannite,4.874999959270099e-08,3.899999967416079e-07,4.440892098500626e-16,0.0,True
Cs2Mg1Ge1S1Se3_stannite,3.031250006557684e-08,2.4250000052461473e-07,3.333333342681044e-08,0.0,True
Cs2Mg1Ge1S2Se2_stannite,8.906249959750312e-09,7.12499996780025e-08,3.333333342681044e-08,0.0,True
Cs2Mg1Ge1S3Se1_stannite,4.546875054245447e-08,3.637499972342084e-07,3.333333253863202e-08,0.0,True
Cs2Mg1Ge1S3Te1_kesterite,5.06250006360176e-08,4.0500000153542715e-07,3.333333342681044e-08,0.0,True
Cs2Mg1Ge1S3Te1_stannite,2.5625000343865167e-08,2.0499999919820766e-07,3.333333342681044e-08,0.0,True
Cs2Mg1Ge1S4_kesterite,2.937500021005235e-08,2.350000016804188e-07,4.440892098500626e-16,0.0,True
Cs2Mg1Ge1S4_stannite,1.3750000249501682e-08,1.1000000199601345e-07,3.333333342681044e-08,0.0,True
Cs2Mg1Ge1Se1Te3_kesterite,3.5156251021462026e-08,2.812500028426257e-07,3.333333387089965e-08,0.0,True
Cs2Mg1Ge1Se1Te3_stannite,5.203124930908132e-08,4.162499962490074e-07,4.440892098500626e-16,0.0,True
Cs2Mg1Ge1Se2Te2_stannite,6.593749990457809e-08,5.274999992366247e-07,3.333333298272123e-08,0.0,True
Cs2Mg1Ge1Se4_kesterite,2.4374999796350494e-08,1.9499999837080395e-07,3.333333342681044e-08,0.0,True
Cs2Mg1Ge1Se4_stannite,4.375000361989123e-09,3.4999999343199306e-08,3.333333298272123e-08,0.0,True
Cs2Mg1Ge1Te4_kesterite,1.2500000146076218e-08,1.0000000116860974e-07,3.333333342681044e-08,0.0,True
Cs2Mg1Ge1Te4_stannite,2.8125000106626885e-08,2.2500000085301508e-07,3.333333342681044e-08,0.0,True
Cs2Mg1Sn0.5Ge0.5S4_kesterite,9.99999949513608e-09,7.999999951380232e-08,0.0,0.0,True
Cs2Mg1Sn0.5Ge0.5S4_stannite,3.390624980781354e-08,2.71250002015222e-07,3.333333342681044e-08,0.0,True
Cs2Mg1Sn0.5Ge0.5Se4_kesterite,2.0312493909102614e-09,1.6250005785423127e-08,2.220446049250313e-16,0.0,True
Cs2Mg1Sn0.5Ge0.5Te4_kesterite,2.5468750219914682e-08,2.0375000175931746e-07,3.333333342681044e-08,0.0,True
Cs2Mg1Sn0.5Zr0.5S4_kesterite,6.249999984220267e-08,4.999999987376214e-07,3.333333298272123e-08,0.0,True
Cs2Mg1Sn0.5Zr0.5S4_stannite,2.312500058110345e-08,1.850000046488276e-07,0.0,0.0,True
Cs2Mg1Sn0.5Zr0.5Se4_kesterite,4.687503718514563e-10,3.749995869384293e-09,0.0,0.0,True
Cs2Mg1Sn0.5Zr0.5Se4_stannite,6.734374924377562e-08,5.387500010556323e-07,0.0,0.0,True
Cs2Mg1Sn0.5Zr0.5Te4_stannite,6.078125025510417e-08,4.862500020408334e-07,0.0,0.0,True
Cs2Mg1Sn1S1Se2Te1_stannite,7.968750104225819e-09,6.375000083380655e-08,3.333333342681044e-08,0.0,True
Cs2Mg1Sn1S1Se3_kesterite,1.968750051872803e-08,1.5750000414982424e-07,3.3333333648855046e-08,0.0,True
Cs2Mg1Sn1S1Se3_stannite,1.874999266959776e-09,1.4999997688391886e-08,3.3333333204765836e-08,0.0,True
Cs2Mg1Sn1S2Se1Te1_stannite,4.484375049074174e-08,3.5875000037322025e-07,3.333333342681044e-08,0.0,True
Cs2Mg1Sn1S2Se2_kesterite,7.093750031827994e-08,5.675000025462396e-07,0.0,0.0,True
Cs2Mg1Sn1S2Te2_stannite,2.4062499548449523e-08,1.9249999638759618e-07,0.0,0.0,True
Cs2Mg1Sn1S3Se1_stannite,5.6406250337204256e-08,4.5125000269763405e-07,3.333333342681044e-08,0.0,True
Cs2Mg1Sn1S3Te1_kesterite,3.375000012795226e-08,2.700000010236181e-07,3.333333298272123e-08,0.0,True
Cs2Mg1Sn1S3Te1_stannite,7.187499484473392e-09,5.7499995875787135e-08,3.333333342681044e-08,0.0,True
Cs2Mg1Sn1S4_kesterite,1.8749997110489858e-09,1.4999997688391886e-08,2.220446049250313e-16,0.0,True
Cs2Mg1Sn1S4_stannite,1.0625000435027232e-08,8.500000348021786e-08,3.333333342681044e-08,0.0,True
Cs2Mg1Sn1Se1Te3_kesterite,6.203124969239582e-08,4.962500028682371e-07,3.333333342681044e-08,0.0,True
Cs2Mg1Sn1Se3Te1_stannite,7.31250002772299e-08,5.850000022178392e-07,3.333333298272123e-08,0.0,True
Cs2Mg1Sn1Se4_kesterite,1.999999987845058e-08,1.5999999902760464e-07,0.0,0.0,True
Cs2Mg1Sn1Se4_stannite,1.625000045635261e-08,1.3000000365082087e-07,3.333333342681044e-08,0.017199999999999882,False
Cs2Mg1Sn1Te4_stannite,2.312499969292503e-08,1.8499999754340024e-07,3.333333342681044e-08,0.0,True
Cs2Mg1Zr1S1Se1Te2_stannite,7.499999954418968e-09,5.99999978589949e-08,3.333333387089965e-08,0.0,True
Cs2Mg1Zr1S1Se2Te1_kesterite,2.7968750204721005e-08,2.237499998614112e-07,4.440892098500626e-16,0.0,True
Cs2Mg1Zr1S1Se3_kesterite,4.671875042383533e-08,3.737500051670395e-07,3.333333342681044e-08,0.0,True
Cs2Mg1Zr1S1Se3_stannite,1.5312499712649696e-08,1.2249999770119757e-07,3.333333342681044e-08,0.0,True
Cs2Mg1Zr1S1Te3_stannite,3.6093749766763494e-08,2.8875000168682163e-07,3.333333298272123e-08,0.0,True
Cs2Mg1Zr1S2Se1Te1_stannite,3.046875063361654e-08,2.437500015162186e-07,0.0,0.0,True
Cs2Mg1Zr1S2Se2_kesterite,4.062499936452468e-08,3.250000020216248e-07,3.333333298272123e-08,0.0,True
Cs2Mg1Zr1S2Se2_stannite,3.718749974623847e-08,2.974999944171941e-07,0.0,0.0,True
Cs2Mg1Zr1S2Te2_stannite,6.76562499357658e-08,5.412500030388401e-07,3.333333298272123e-08,0.0,True
Cs2Mg1Zr1S3Se1_kesterite,3.7500000438228653e-08,2.9999999640040187e-07,3.333333298272123e-08,0.0,True
Cs2Mg1Zr1S3Se1_stannite,6.703125077223149e-08,5.362500061778519e-07,3.333333342681044e-08,0.0,True
Cs2Mg1Zr1S3Te1_stannite,5.000000413701855e-09,4.000000330961484e-08,3.333333298272123e-08,0.0,True
Cs2Mg1Zr1S4_kesterite,6.406250108170752e-08,5.125000015482328e-07,3.333333387089965e-08,0.0,True
Cs2Mg1Zr1S4_stannite,5.87500004201047e-08,4.700000033608376e-07,3.333333298272123e-08,0.0,True
Cs2Mg1Zr1Se1Te3_stannite,5.984374973344586e-08,4.7874999609121e-07,3.333333298272123e-08,0.0,True
Cs2Mg1Zr1Se2Te2_kesterite,1.249999659336254e-09,1.000000082740371e-08,0.0,0.0,True
Cs2Mg1Zr1Se2Te2_stannite,7.140624935786377e-08,5.712499984156238e-07,3.333333342681044e-08,0.0,True
Cs2Mg1Zr1Se3Te1_stannite,6.968749932667606e-08,5.574999946134085e-07,4.440892098500626e-16,0.0,True
Cs2Mg1Zr1Se4_kesterite,3.406250081994244e-08,2.7250000300682586e-07,0.0,0.0,True
Cs2Mg1Zr1Se4_stannite,4.656250007784024e-08,3.7249999707000825e-07,3.333333342681044e-08,0.0,True
Cs2Mg1Zr1Te4_kesterite,4.890624971665147e-08,3.912499977332118e-07,0.0,0.0,True
Cs2Mg1Zr1Te4_stannite,3.546875015913997e-08,2.837499977204061e-07,3.333333342681044e-08,0.0,True
Cs2Sr0.5Ba0.5Ge1S4_stannite,4.718750057364218e-08,3.775000010364238e-07,3.333333298272123e-08,0.0,True
Cs2Sr0.5Ba0.5Ge1Se4_stannite,7.468750151673476e-08,5.975000050284507e-07,3.333333342681044e-08,0.0,True
Cs2Sr0.5Ba0.5Ge1Te4_stannite,7.625000053579356e-08,6.100000007336348e-07,3.333333298272123e-08,0.0,True
Cs2Sr0.5Ba0.5Sn1S4_kesterite,1.8750001551381956e-09,1.4999997688391886e-08,0.0,0.0,True
Cs2Sr0.5Ba0.5Sn1S4_stannite,7.1875008167410215e-09,5.750000298121449e-08,3.333333342681044e-08,0.0,True
Cs2Sr0.5Ba0.5Zr1S4_kesterite,2.0312489468210515e-09,1.624999867999577e-08,0.0,0.0,True
Cs2Sr0.5Ba0.5Zr1S4_stannite,6.609374914035016e-08,5.287500002282286e-07,0.0,0.0,True
Cs2Sr0.5Ba0.5Zr1Se4_kesterite,7.46874992962887e-08,5.974999979230233e-07,3.333333342681044e-08,0.0,True
Cs2Sr0.5Ba0.5Zr1Se4_stannite,4.687500609890094e-09,3.750000132640707e-08,4.440892098500626e-16,0.0,True
Cs2Sr0.5Cd0.5Ge1S4_kesterite,3.9218750469416364e-08,3.1375000020261723e-07,3.333333342681044e-08,0.0,True
Cs2Sr0.5Cd0.5Ge1S4_stannite,9.218750651740493e-09,7.375000166121026e-08,3.333333342681044e-08,0.0,True
Cs2Sr0.5Cd0.5Ge1Se4_stannite,6.765625037985501e-08,5.412500030388401e-07,0.0,0.0,True
Cs2Sr0.5Cd0.5Sn1S4_stannite,9.375011877921224e-10,7.5000059496233e-09,3.333333342681044e-08,0.0,True
Cs2Sr0.5Cd0.5Sn1Se4_stannite,2.0781250054113798e-08,1.662499968801967e-07,3.333333342681044e-08,0.0,True
Cs2Sr0.5Cd0.5Zr1S4_stannite,2.0468750694391247e-08,1.637500020024163e-07,3.333333298272123e-08,0.0,True
Cs2Sr0.5Cd0.5Zr1Te4_stannite,4.874999959270099e-08,3.899999967416079e-07,0.0,0.0,True
Cs2Sr0.5Zn0.5Ge1S4_stannite,5.937499825137138e-09,4.750000215381078e-08,0.0,0.0,True
Cs2Sr0.5Zn0.5Ge1Se4_stannite,7.265624990537844e-08,5.812500063484549e-07,3.333333298272123e-08,0.0,True
Cs2Sr0.5Zn0.5Sn1S4_stannite,3.3281249756100806e-08,2.6624999804880645e-07,4.440892098500626e-16,0.0,True
Cs2Sr0.5Zn0.5Sn1Se4_kesterite,3.1562500169002305e-08,2.5250000135201844e-07,3.333333342681044e-08,0.0,True
Cs2Sr0.5Zn0.5Zr1S4_stannite,5.04687496238887e-08,4.0375000054382326e-07,3.333333342681044e-08,0.0,True
Cs2Sr0.5Zn0.5Zr1Se4_stannite,6.59375003486673e-08,5.275000063420521e-07,3.333333342681044e-08,0.0,True
Cs2Sr1Ge0.5Zr0.5S4_kesterite,6.359375070985607e-08,5.087500056788485e-07,3.333333342681044e-08,0.0,True
Cs2Sr1Ge0.5Zr0.5S4_stannite,2.8750000602428827e-08,2.3000000481943061e-07,3.333333342681044e-08,0.0,True
Cs2Sr1Ge0.5Zr0.5Se4_kesterite,1.3593750125551196e-08,1.0875000100440957e-07,0.0,0.0,True
Cs2Sr1Ge0.5Zr0.5Se4_stannite,4.343749981927658e-08,3.4749999855421265e-07,3.333333342681044e-08,0.0,True
Cs2Sr1Ge0.5Zr0.5Te4_stannite,5.015624982007694e-08,4.012499985606155e-07,3.333333342681044e-08,0.0,True
Cs2Sr1Ge1S4_kesterite,1.3749999361323262e-08,1.099999948905861e-07,3.333333342681044e-08,0.0,True
Cs2Sr1Ge1S4_stannite,1.8125000167401595e-08,1.4500000133921276e-07,3.333333342681044e-08,0.0,True
Cs2Sr1Ge1Se2Te2_stannite,2.140624966173732e-08,1.7125000084661224e-07,0.0,0.0,True
Cs2Sr1Ge1Se3Te1_stannite,2.203125060162847e-08,1.7625000481302777e-07,4.440892098500626e-16,0.0,True
Cs2Sr1Ge1Se4_kesterite,1.312500064187816e-08,1.0500000513502528e-07,2.220446049250313e-16,0.0,True
Cs2Sr1Ge1Se4_stannite,2.8749999714250407e-08,2.2999999771400326e-07,3.333333387089965e-08,0.0,True
Cs2Sr1Ge1Te4_kesterite,2.2500000085301508e-08,1.8000000068241206e-07,3.333333342681044e-08,0.0,True
Cs2Sr1Ge1Te4_stannite,1.1250000042650754e-08,9.000000034120603e-08,3.333333298272123e-08,0.0,True
Cs2Sr1Sn0.5Ge0.5S4_kesterite,7.031250115474563e-08,5.625000056852514e-07,3.333333298272123e-08,0.0,True
Cs2Sr1Sn0.5Ge0.5S4_stannite,4.2968749003335915e-08,3.43749995579401e-07,3.333333298272123e-08,0.0,True
Cs2Sr1Sn0.5Ge0.5Se4_kesterite,1.0156249619086566e-08,8.124999339997885e-08,3.333333342681044e-08,0.0,True
Cs2Sr1Sn0.5Ge0.5Se4_stannite,1.6718749495936436e-08,1.337499924147778e-07,3.333333342681044e-08,0.0,True
Cs2Sr1Sn0.5Zr0.5S4_kesterite,3.421875049980372e-08,2.737500111038571e-07,3.333333342681044e-08,0.0,True
Cs2Sr1Sn0.5Zr0.5S4_stannite,2.312499969292503e-08,1.8499999043797288e-07,3.333333342681044e-08,0.0,True
Cs2Sr1Sn0.5Zr0.5Se4_kesterite,3.375000012795226e-08,2.700000010236181e-07,3.333333298272123e-08,0.0,True
Cs2Sr1Sn0.5Zr0.5Se4_stannite,3.3593750004001777e-08,2.687500000320142e-07,3.333333342681044e-08,0.0,True
Cs2Sr1Sn1S1Se2Te1_stannite,4.6093749705988785e-08,3.6875000120062396e-07,3.333333298272123e-08,0.0,True
Cs2Sr1Sn1S2Se2_stannite,5.984375039957968e-08,4.787500031966374e-07,0.0,0.0,True
Cs2Sr1Sn1S3Se1_stannite,6.250000517127319e-10,4.999996860988176e-09,3.333333298272123e-08,0.0,True
Cs2Sr1Sn1S3Te1_stannite,5.171875017140337e-08,4.1375000137122697e-07,0.0,0.0,True
Cs2Sr1Sn1S4_kesterite,2.2500000085301508e-08,1.8000000068241206e-07,0.0,0.0,True
Cs2Sr1Sn1S4_stannite,1.8749997110489858e-09,1.4999997688391886e-08,3.333333298272123e-08,0.0,True
Cs2Sr1Sn1Se3Te1_stannite,4.6718750645879936e-08,3.737500051670395e-07,0.0,0.0,True
Cs2Sr1Sn1Se4_kesterite,3.1249998144744495e-09,2.4999998515795596e-08,0.0,0.0,True
Cs2Sr1Sn1Se4_stannite,2.937499976596314e-08,2.350000016804188e-07,3.333333342681044e-08,0.0,True
Cs2Sr1Sn1Te4_kesterite,2.0625000374252522e-08,1.6500000299402018e-07,0.0,0.0,True
Cs2Sr1Sn1Te4_stannite,1.937499982673785e-08,1.549999986139028e-07,3.333333342681044e-08,0.0,True
Cs2Sr1Zr1S1Se1Te2_stannite,7.140625002399759e-08,5.712499984156238e-07,3.333333342681044e-08,0.0,True
Cs2Sr1Zr1S1Se2Te1_stannite,4.7499999045186314e-08,3.799999959142042e-07,0.0,0.0,True
Cs2Sr1Zr1S1Se3_stannite,1.4843749562842845e-08,1.1874999472638592e-07,4.440892098500626e-16,0.0,True
Cs2Sr1Zr1S1Te3_stannite,2.1562500673866225e-08,1.7250000183821612e-07,3.333333298272123e-08,0.0,True
Cs2Sr1Zr1S2Se2_kesterite,6.078125069919338e-08,4.862500020408334e-07,3.333333342681044e-08,0.0,True
Cs2Sr1Zr1S2Se2_stannite,7.718749950313963e-08,6.174999995778307e-07,4.440892098500626e-16,0.0,True
Cs2Sr1Zr1S2Te2_stannite,1.0937504235641882e-09,8.749999835799827e-09,4.440892098500626e-16,0.0,True
Cs2Sr1Zr1S3Se1_stannite,7.359374976090294e-08,5.887499980872235e-07,0.0,0.0,True
Cs2Sr1Zr1S3Te1_stannite,7.250000066960638e-08,5.80000005356851e-07,3.333333342681044e-08,0.0,True
Cs2Sr1Zr1S4_kesterite,6.015624975930223e-08,4.812500051798452e-07,0.0,0.0,True
Cs2Sr1Zr1S4_stannite,2.031250012635155e-08,1.625000010108124e-07,3.333333342681044e-08,0.0,True
Cs2Sr1Zr1Se2Te2_kesterite,3.046875063361654e-08,2.437500015162186e-07,3.333333342681044e-08,0.0,True
Cs2Sr1Zr1Se3Te1_stannite,1.4062499609224233e-08,1.1249999687379386e-07,0.0,0.0,True
Cs2Sr1Zr1Se4_kesterite,5.281249970678914e-08,4.225000012070268e-07,0.0,0.0,True
Cs2Sr1Zr1Se4_stannite,4.484374960256332e-08,3.5875000037322025e-07,4.440892098500626e-16,0.0,True
Cs2Sr1Zr1Te4_kesterite,5.937499381047928e-09,4.7499995048383425e-08,4.440892098500626e-16,0.0,True
Cs2Zn0.5Cd0.5Ge1S4_stannite,3.562499983900125e-08,2.8499999871201e-07,3.333333342681044e-08,0.0,True
Cs2Zn0.5Cd0.5Ge1Se4_stannite,4.218750238038638e-09,3.375000545702278e-08,3.333333342681044e-08,0.0,True
Cs2Zn0.5Cd0.5Sn1S4_stannite,6.140624941863848e-08,4.912499989018215e-07,3.333333387089965e-08,0.0,True
Cs2Zn0.5Cd0.5Sn1Se4_stannite,1.9062500022926088e-08,1.525000001834087e-07,0.0,0.0,True
Cs2Zn0.5Cd0.5Zr1S4_kesterite,4.2968750335603545e-08,3.4375000268482836e-07,3.333333342681044e-08,0.0,True
Cs2Zn0.5Cd0.5Zr1S4_stannite,3.0937500117289574e-08,2.4750000449103027e-07,3.333333342681044e-08,0.0,True
Cs2Zn0.5Cd0.5Zr1Se4_stannite,1.343750044568992e-08,1.0750000001280569e-07,4.440892098500626e-16,0.0,True
Cs2Zn1Ge0.5Zr0.5S4_stannite,6.765624949167659e-08,5.412500030388401e-07,3.333333342681044e-08,0.0,True
Cs2Zn1Ge0.5Zr0.5Se4_stannite,6.999999913048782e-08,5.599999965966163e-07,0.0,0.0,True
Cs2Zn1Ge0.5Zr0.5Te4_stannite,5.4687500306016545e-08,4.374999988954187e-07,0.0,0.0,True
Cs2Zn1Ge1S1Se2Te1_stannite,1.2656250270026703e-08,1.0125000216021363e-07,3.333333253863202e-08,0.0,True
Cs2Zn1Ge1S2Se1Te1_stannite,4.718749990750837e-08,3.775000010364238e-07,0.0,0.0,True
Cs2Zn1Ge1S2Se2_kesterite,4.59374995820383e-08,3.6750000020902007e-07,3.333333342681044e-08,0.0,True
Cs2Zn1Ge1S2Te2_kesterite,7.968750104225819e-09,6.375000083380655e-08,3.333333431498886e-08,0.0,True
Cs2Zn1Ge1S3Se1_stannite,2.1562500229777015e-08,1.7250000183821612e-07,3.333333387089965e-08,0.0,True
Cs2Zn1Ge1S3Te1_stannite,1.2343748689858103e-08,9.87499930715785e-08,3.333333342681044e-08,0.0,True
Cs2Zn1Ge1S4_kesterite,1.1874999206185066e-08,9.499999720219421e-08,3.333333387089965e-08,0.0,True
Cs2Zn1Ge1S4_stannite,2.4999997627617176e-09,2.000000165480742e-08,4.440892098500626e-16,0.0,True
Cs2Zn1Ge1Se1Te3_stannite,4.265624897747955e-08,3.412499971489069e-07,3.333333342681044e-08,0.7886999999999986,False
Cs2Zn1Ge1Se4_kesterite,3.000000026176508e-08,2.3999999854140697e-07,3.333333342681044e-08,0.0,True
Cs2Zn1Ge1Se4_stannite,1.2500005475146736e-09,1.000000082740371e-08,0.0,0.0,True
Cs2Zn1Ge1Te4_kesterite,3.1249993703852397e-09,2.4999998515795596e-08,0.0,0.0,True
Cs2Zn1Ge1Te4_stannite,2.999999937358666e-08,2.3999999854140697e-07,3.333333342681044e-08,0.0,True
Cs2Zn1Sn0.5Ge0.5S4_kesterite,2.9062500850329798e-08,2.3249999969721102e-07,3.333333331578814e-08,0.0,True
Cs2Zn1Sn0.5Ge0.5S4_stannite,3.1249999032922915e-08,2.499999993688107e-07,0.0,0.0,True
Cs2Zn1Sn0.5Ge0.5Se4_stannite,2.968749690523964e-09,2.375000462961907e-08,3.333333342681044e-08,0.0,True
Cs2Zn1Sn0.5Zr0.5S4_stannite,1.8437501303480985e-08,1.4750000332242053e-07,0.0,0.0,True
Cs2Zn1Sn0.5Zr0.5Se4_stannite,2.3281250260964725e-08,1.8624999853500412e-07,3.333333298272123e-08,0.0,True
Cs2Zn1Sn1S1Se1Te2_kesterite,4.015624965880704e-08,3.2124999904681317e-07,3.333333342681044e-08,0.0,True
Cs2Zn1Sn1S1Se1Te2_stannite,3.9687499286955585e-08,3.174999960720015e-07,3.333333342681044e-08,0.2273000000000005,False
Cs2Zn1Sn1S1Se3_kesterite,3.4375000623754204e-09,2.7500000499003363e-08,3.333333342681044e-08,0.0,True
Cs2Zn1Sn1S1Se3_stannite,7.078124975024025e-08,5.662499944492083e-07,3.333333342681044e-08,0.0,True
Cs2Zn1Sn1S2Se1Te1_stannite,1.2812500171932584e-08,1.0250000315181751e-07,0.0,0.0,True
Cs2Zn1Sn1S2Se2_stannite,2.4687500044251465e-08,1.9750000035401172e-07,3.3333333093743533e-08,0.0,True
Cs2Zn1Sn1S2Te2_stannite,3.343749943596208e-08,2.6749999904041033e-07,0.0,0.0,True
Cs2Zn1Sn1S3Se1_stannite,7.265624990537844e-08,5.812499992430276e-07,0.0,0.0,True
Cs2Zn1Sn1S4_kesterite,2.8125000550716095e-08,2.2500000085301508e-07,3.333333342681044e-08,0.0,True
Cs2Zn1Sn1S4_stannite,9.374998999334139e-09,7.499999554738679e-08,3.333333342681044e-08,0.0,True
Cs2Zn1Sn1Se1Te3_kesterite,5.00000019165725e-09,4.000000330961484e-08,3.333333342681044e-08,0.0,True
Cs2Zn1Sn1Se2Te2_stannite,5.031249949993821e-08,4.024999995522194e-07,3.333333342681044e-08,0.125,False
Cs2Zn1Sn1Se4_kesterite,2.687500000320142e-08,2.1500000002561137e-07,0.0,0.0,True
Cs2Zn1Sn1Se4_stannite,2.3749999744637762e-08,1.9000000150981577e-07,3.333333431498886e-08,0.0,True
Cs2Zn1Sn1Te4_kesterite,1.1250000486739964e-08,9.000000034120603e-08,3.333333431498886e-08,0.0,True
Cs2Zn1Sn1Te4_stannite,4.999999525523435e-09,3.999999975690116e-08,3.333333342681044e-08,0.0,True
Cs2Zn1Zr1S1Se1Te2_stannite,6.875001234973865e-09,5.5000000998006726e-08,3.333333253863202e-08,0.0,True
Cs2Zn1Zr1S1Se2Te1_stannite,7.39062495647147e-08,5.912500000704313e-07,3.333333342681044e-08,0.0,True
Cs2Zn1Zr1S1Se3_kesterite,4.6406251286157385e-08,3.712500031838317e-07,0.0,0.0,True
Cs2Zn1Zr1S1Se3_stannite,2.28125012213809e-08,1.8250000266561983e-07,4.440892098500626e-16,0.0,True
Cs2Zn1Zr1S2Se1Te1_stannite,7.343750096922008e-08,5.874999970956196e-07,0.0,0.0,True
Cs2Zn1Zr1S2Se2_stannite,1.0156249619086566e-08,8.124999339997885e-08,3.333333342681044e-08,0.0,True
Cs2Zn1Zr1S2Te2_stannite,2.8906250282290102e-08,2.3124999870560714e-07,0.0,0.0,True
Cs2Zn1Zr1S3Se1_stannite,2.8437500354527856e-08,2.274999957307955e-07,3.333333342681044e-08,0.0,True
Cs2Zn1Zr1S3Te1_stannite,2.8437500354527856e-08,2.2750000283622285e-07,3.333333253863202e-08,0.0,True
Cs2Zn1Zr1S4_kesterite,4.078124993256438e-08,3.2624999590780135e-07,0.0,0.0,True
Cs2Zn1Zr1S4_stannite,2.8593749146210712e-08,2.2874999672239937e-07,3.333333342681044e-08,0.0,True
Cs2Zn1Zr1Se2Te2_stannite,4.4062499870989313e-08,3.525000025206282e-07,4.440892098500626e-16,0.0,True
Cs2Zn1Zr1Se3Te1_stannite,2.4999999403974016e-08,2.0000000233721948e-07,3.333333387089965e-08,0.0,True
Cs2Zn1Zr1Se4_kesterite,4.6718750201790726e-08,3.7374999806161213e-07,3.333333253863202e-08,0.0,True
Cs2Zn1Zr1Se4_stannite,3.359374955991257e-08,2.687500000320142e-07,3.333333342681044e-08,0.0,True
Cs2Zn1Zr1Te4_kesterite,6.937499996695351e-08,5.549999997356281e-07,0.0,0.0,True
Cs2Zn1Zr1Te4_stannite,5.7812499232312575e-08,4.624999974112143e-07,4.440892098500626e-16,0.0,True
Cu0.5Ag0.5Al0.5In0.5S1Se1_kesterite,7.10937491099628e-08,2.8437499466349436e-07,3.333333342681044e-08,0.0,True
Cu0.5Ag0.5Al0.5In0.5S1Se1_stannite,1.6718749051847226e-08,6.68749962073889e-08,3.333333298272123e-08,0.0,True
Cu0.5Ag0.5Al0.5In0.5S1Te1_stannite,3.875000009756491e-08,1.5500000571933015e-07,8.881784197001252e-16,0.6667000000000005,False
Cu0.5Ag0.5Al0.5In0.5S2_stannite,7.812515079308469e-10,3.1250060317233874e-09,3.333333342681044e-08,,False
Cu0.5Ag0.5Al0.5In0.5Se2_kesterite,1.0937499350660573e-08,4.374999917899913e-08,3.333333253863202e-08,0.0,True
Cu0.5Ag0.5Al1S1Te1_stannite,1.4531250869254109e-08,5.8124999924302756e-08,3.333333342681044e-08,0.0,True
Cu0.5Ag0.5Al1S2_kesterite,7.578125105212052e-08,3.0312500243212526e-07,0.0,0.0,True
Cu0.5Ag0.5Al1S2_stannite,9.374989673460732e-10,3.7499994220979715e-09,3.333333253863202e-08,0.0,True
Cu0.5Ag0.5Al1Se1Te1_stannite,5.593750040944201e-08,2.237499998614112e-07,3.333333342681044e-08,0.0,True
Cu0.5Ag0.5Al1Se2_stannite,3.87499996534757e-08,1.5500000216661647e-07,3.333333342681044e-08,0.0,True
Cu0.5Ag0.5Al1Te2_kesterite,7.234375010156668e-08,2.893750021826236e-07,0.0,0.0,True
Cu0.5Ag0.5Al1Te2_stannite,3.96874999530894e-08,1.5874999803600076e-07,3.333333342681044e-08,0.0,True
Cu0.5Ag0.5Ga0.5In0.5S2_kesterite,3.749999866187181e-09,1.4999997688391886e-08,8.881784197001252e-16,,False
Cu0.5Ag0.5Ga0.5In0.5S2_stannite,3.796875081008011e-08,1.5187500324032044e-07,3.333333298272123e-08,0.0,True
Cu0.5Ag0.5Ga0.5In0.5Te2_kesterite,7.640625021565484e-08,3.0562500086261934e-07,3.333333253863202e-08,0.0,True
Cu0.5Ag0.5Ga0.5In0.5Te2_stannite,1.4062502273759492e-09,5.625000909503797e-09,0.0,0.0,True
Cu0.5Ag0.5Ga1S1Te1_kesterite,3.0156250385715566e-08,1.2062499976650543e-07,3.333333342681044e-08,0.0,True
Cu0.5Ag0.5Ga1S1Te1_stannite,2.343750038491521e-08,9.3749999763304e-08,3.333333076227518e-08,0.34330000000000016,False
Cu0.5Ag0.5Ga1S2_stannite,3.7499998661871814e-08,1.4999999820020093e-07,3.333333342681044e-08,0.0,True
Cu0.5Ag0.5Ga1Se2_stannite,6.218749915021249e-08,2.487499983772068e-07,3.333333253863202e-08,0.001100000000000989,True
Cu0.5Ag0.5Ga1Te2_kesterite,5.734375019272875e-08,2.29375000770915e-07,3.333333431498886e-08,0.0,True
Cu0.5Ag0.5Ga1Te2_stannite,3.0937500561378783e-08,1.2375000224551513e-07,0.0,0.0,True
Cu0.5Ag0.5In1S2_kesterite,4.656250007784024e-08,1.8624999853500412e-07,3.333333342681044e-08,0.0,True
Cu0.5Ag0.5In1S2_stannite,3.312500007623953e-08,1.3249999852860128e-07,3.333333342681044e-08,,False
Cu0.5Ag0.5In1Se1Te1_kesterite,2.5000002068509275e-09,1.000000082740371e-08,3.333333253863202e-08,,False
Cu0.5Ag0.5In1Se1Te1_stannite,1.968749963054961e-08,7.874999852219844e-08,0.0,0.09909999999999997,False
Cu0.5Ag0.5In1Se2_kesterite,1.0468748978809117e-08,4.187499769159331e-08,3.333333431498886e-08,0.0,True
Cu0.5Ag0.5In1Se2_stannite,8.437499143809646e-09,3.374999835159542e-08,0.0,0.0,True
Cu0.5Ag0.5In1Te2_kesterite,6.203124947035121e-08,2.4812499788140485e-07,1.7763568394002505e-15,0.0,True
Cu0.5Ag0.5In1Te2_stannite,7.499999732374363e-09,2.999999892949745e-08,3.333333431498886e-08,0.0,True
Cu0.5Ag1.5Ba1Ge1Se4_kesterite,1.8125000167401595e-08,1.4500000133921276e-07,0.0,0.0,True
Cu0.5Ag1.5Ba1Sn1Se4_kesterite,1.2500000146076218e-08,1.0000000116860974e-07,3.333333342681044e-08,,False
Cu0.5Ag1.5Ba1Zr1S4_kesterite,1.9062500467015298e-08,1.525000001834087e-07,3.333333253863202e-08,,False
Cu0.5Ag1.5Ba1Zr1Se4_kesterite,4.76562491691368e-08,3.812499969058081e-07,3.333333342681044e-08,0.0,True
Cu0.5Ag1.5Ba1Zr1Te4_kesterite,1.3906249929362957e-08,1.1125000298761734e-07,3.333333342681044e-08,0.0,True
Cu0.5Ag1.5Ca1Ge1S4_kesterite,5.828125049234245e-08,4.6625000038602593e-07,3.3333333204765836e-08,,False
Cu0.5Ag1.5Ca1Ge1Se4_stannite,5.890625009996597e-08,4.712499972470141e-07,3.333333342681044e-08,0.0,True
Cu0.5Ag1.5Ca1Ge1Te4_stannite,2.5000002068509275e-09,2.000000165480742e-08,8.881784197001252e-16,0.0,True
Cu0.5Ag1.5Ca1Sn1S4_stannite,5.343749931441266e-08,4.27499998068015e-07,8.881784197001252e-16,,False
Cu0.5Ag1.5Ca1Sn1Se4_kesterite,6.249999984220267e-08,4.999999987376214e-07,3.333333342681044e-08,0.0,True
Cu0.5Ag1.5Ca1Sn1Se4_stannite,5.4687499861927336e-08,4.374999988954187e-07,0.0,0.0,True
Cu0.5Ag1.5Ca1Sn1Te4_kesterite,2.9531249445824415e-08,2.3624999556659532e-07,8.881784197001252e-16,0.0,True
Cu0.5Ag1.5Ca1Sn1Te4_stannite,7.40625001327544e-08,5.925000010620352e-07,3.333333431498886e-08,0.0,True
Cu0.5Ag1.5Ca1Zr1S4_stannite,5.765625088471893e-08,4.6125000352503776e-07,3.333333431498886e-08,,False
Cu0.5Ag1.5Ca1Zr1Se4_kesterite,6.437499910916245e-08,5.149999964260132e-07,3.333333253863202e-08,0.0,True
Cu0.5Ag1.5Ca1Zr1Se4_stannite,4.8124999540988256e-08,3.849999998806197e-07,3.333333342681044e-08,0.0,True
Cu0.5Ag1.5Ca1Zr1Te4_stannite,7.343750940691507e-09,5.8750003972818376e-08,3.333333342681044e-08,0.0,True
Cu0.5Ag1.5Cd1Ge1S4_kesterite,5.4687500306016545e-08,4.374999988954187e-07,3.333333387089965e-08,25.8687,False
Cu0.5Ag1.5Cd1Ge1S4_stannite,4.140625042836632e-08,3.312499998742169e-07,3.333333342681044e-08,0.0,True
Cu0.5Ag1.5Cd1Ge1Se4_kesterite,1.312499975369974e-08,1.0499999802959792e-07,8.881784197001252e-16,0.0,True
Cu0.5Ag1.5Cd1Ge1Se4_stannite,5.5000000109828306e-08,4.4000000087862645e-07,8.881784197001252e-16,0.004400000000000404,True
Cu0.5Ag1.5Cd1Ge1Te4_kesterite,1.8750000663203537e-08,1.500000053056283e-07,0.0,0.0,True
Cu0.5Ag1.5Cd1Ge1Te4_stannite,2.8437500354527856e-08,2.2750000283622285e-07,3.333333253863202e-08,0.0,True
Cu0.5Ag1.5Cd1Sn1S4_kesterite,2.765624929068622e-08,2.2124999787820343e-07,3.333333342681044e-08,0.0,True
Cu0.5Ag1.5Cd1Sn1S4_stannite,1.3749999805412472e-08,1.1000000199601345e-07,3.333333342681044e-08,0.0,True
Cu0.5Ag1.5Cd1Sn1Se4_kesterite,4.4687500366791255e-08,3.5749999938161636e-07,3.333333253863202e-08,0.0,True
Cu0.5Ag1.5Cd1Sn1Se4_stannite,1.9062499578836878e-08,1.525000001834087e-07,3.333333342681044e-08,0.0,True
Cu0.5Ag1.5Cd1Sn1Te4_kesterite,6.296875021405413e-08,5.03750001712433e-07,0.0,0.0,True
Cu0.5Ag1.5Cd1Zr1S4_stannite,4.4062499870989313e-08,3.525000025206282e-07,0.0,,False
Cu0.5Ag1.5Cd1Zr1Se4_kesterite,1.3749999805412472e-08,1.1000000199601345e-07,8.881784197001252e-16,0.0,True
Cu0.5Ag1.5Cd1Zr1Se4_stannite,3.312500007623953e-08,2.650000041626299e-07,3.333333431498886e-08,0.0,True
Cu0.5Ag1.5Cd1Zr1Te4_kesterite,6.125000107104484e-08,4.90000005015645e-07,3.333333253863202e-08,0.0,True
Cu0.5Ag1.5Mg1Ge1S4_kesterite,5.843749972811452e-08,4.6749999427220246e-07,8.881784197001252e-16,0.0,True
Cu0.5Ag1.5Mg1Ge1S4_stannite,3.703124962228799e-08,2.962500005310176e-07,3.333333342681044e-08,0.0,True
Cu0.5Ag1.5Mg1Ge1Se4_kesterite,7.125000056618092e-08,5.700000045294473e-07,3.333333431498886e-08,0.0,True
Cu0.5Ag1.5Mg1Ge1Se4_stannite,7.234374965747747e-08,5.787499972598198e-07,3.333333253863202e-08,0.0,True
Cu0.5Ag1.5Mg1Ge1Te4_kesterite,1.6718749495936436e-08,1.3374999952020517e-07,8.881784197001252e-16,0.0,True
Cu0.5Ag1.5Mg1Ge1Te4_stannite,4.015624943676244e-08,3.2124999904681317e-07,3.333333342681044e-08,0.0,True
Cu0.5Ag1.5Mg1Sn1S4_kesterite,2.968750090204253e-08,2.3750000366362656e-07,3.333333342681044e-08,0.0,True
Cu0.5Ag1.5Mg1Sn1S4_stannite,6.1249999294688e-08,4.899999979102176e-07,3.333333253863202e-08,0.0,True
Cu0.5Ag1.5Mg1Sn1Se4_kesterite,0.0,0.0,0.0,0.0,True
Cu0.5Ag1.5Mg1Sn1Se4_stannite,7.062500007037897e-08,5.650000005630318e-07,3.333333342681044e-08,0.0,True
Cu0.5Ag1.5Mg1Sn1Te4_kesterite,6.468749935706342e-08,5.17499998409221e-07,8.881784197001252e-16,0.0,True
Cu0.5Ag1.5Mg1Sn1Te4_stannite,5.5156250677868e-08,4.4125000187023034e-07,3.333333253863202e-08,0.0,True
Cu0.5Ag1.5Mg1Zr1S4_stannite,7.671874913128818e-08,6.137499966030191e-07,0.0,0.0,True
Cu0.5Ag1.5Mg1Zr1Se4_kesterite,6.812500030761726e-08,5.450000060136517e-07,0.0,0.0,True
Cu0.5Ag1.5Mg1Zr1Se4_stannite,1.7500000115688863e-08,1.3999999737279722e-07,3.333333431498886e-08,0.0,True
Cu0.5Ag1.5Mg1Zr1Te4_kesterite,7.57812501639421e-08,6.062499977588232e-07,1.7763568394002505e-15,0.0,True
Cu0.5Ag1.5Mg1Zr1Te4_stannite,7.812492874847976e-10,6.24999785259206e-09,0.0,0.0,True
Cu0.5Ag1.5Sr1Sn1Se4_kesterite,5.1562505376523404e-09,4.1250004301218723e-08,3.333333342681044e-08,,False
Cu0.5Ag1.5Sr1Sn1Te4_stannite,2.17187503537275e-08,1.7375000282982e-07,3.333333253863202e-08,0.0,True
Cu0.5Ag1.5Zn0.5Cd0.5Ge1S3Te1_kesterite,2.2968750457152964e-08,1.8375000365722371e-07,3.333333431498886e-08,0.0,True
Cu0.5Ag1.5Zn1Ge1S4_stannite,4.70312504496917e-08,3.762500000448199e-07,3.333333342681044e-08,0.0,True
Cu0.5Ag1.5Zn1Ge1Se4_kesterite,2.968750045795332e-08,2.3750000366362656e-07,0.0,0.0,True
Cu0.5Ag1.5Zn1Ge1Se4_stannite,2.1562499341598595e-08,1.7249999473278876e-07,0.0,0.009599999999998943,True
Cu0.5Ag1.5Zn1Ge1Te4_kesterite,6.796875018366677e-08,5.437499979166205e-07,3.333333253863202e-08,0.0,True
Cu0.5Ag1.5Zn1Ge1Te4_stannite,2.8437499910438646e-08,2.2750000283622285e-07,3.333333253863202e-08,0.0,True
Cu0.5Ag1.5Zn1Sn1S4_kesterite,2.859375003438913e-08,2.2874999672239937e-07,3.333333342681044e-08,0.0,True
Cu0.5Ag1.5Zn1Sn1S4_stannite,3.796874947781248e-08,3.037499993752135e-07,3.333333253863202e-08,0.0,True
Cu0.5Ag1.5Zn1Sn1Se4_kesterite,1.0625000435027232e-08,8.500000348021786e-08,3.333333342681044e-08,0.0,True
Cu0.5Ag1.5Zn1Sn1Se4_stannite,3.859374952952521e-08,3.087499962362017e-07,0.0,0.0019999999999988916,True
Cu0.5Ag1.5Zn1Sn1Te4_kesterite,7.593749984380338e-08,6.07499998750427e-07,0.0,0.0,True
Cu0.5Ag1.5Zn1Sn1Te4_stannite,2.3437499940826e-08,1.87499999526608e-07,3.333333253863202e-08,0.0,True
Cu0.5Ag1.5Zn1Zr1S4_kesterite,5.624999976916456e-08,4.5000000170603016e-07,3.333333431498886e-08,0.0,True
Cu0.5Ag1.5Zn1Zr1S4_stannite,3.531250003518949e-08,2.825000038342296e-07,3.333333253863202e-08,0.0,True
Cu0.5Ag1.5Zn1Zr1Se4_kesterite,3.031249962148763e-08,2.424999934191874e-07,3.333333342681044e-08,,False
Cu0.5Ag1.5Zn1Zr1Se4_stannite,2.0312493909102614e-09,1.624999867999577e-08,3.333333342681044e-08,0.0,True
Cu0.5Ag1.5Zn1Zr1Te4_kesterite,6.281250053419285e-08,5.025000007208291e-07,3.333333253863202e-08,0.0,True
Cu0.5Ag1.5Zn1Zr1Te4_stannite,3.3281249312011596e-08,2.6624999804880645e-07,0.0,0.0,True
Cu1.5Ag0.5Ba1Ge1S4_kesterite,6.968749977076527e-08,5.575000017188358e-07,3.333333342681044e-08,,False
Cu1.5Ag0.5Ba1Ge1S4_stannite,6.015625020339144e-08,4.812500051798452e-07,3.333333342681044e-08,0.0,True
Cu1.5Ag0.5Ba1Ge1Se4_kesterite,3.1249999921101335e-08,2.499999993688107e-07,3.333333253863202e-08,,False
Cu1.5Ag0.5Ba1Ge1Te4_kesterite,3.8125000045852175e-08,3.050000003668174e-07,0.0,0.3421000000000003,False
Cu1.5Ag0.5Ba1Sn1S4_kesterite,2.8593749146210712e-08,2.2874999672239937e-07,3.333333342681044e-08,,False
Cu1.5Ag0.5Ba1Sn1Se4_kesterite,3.171875029295279e-08,2.5375000234362233e-07,3.333333253863202e-08,,False
Cu1.5Ag0.5Ba1Sn1Se4_stannite,4.23437498398016e-08,3.387499987184128e-07,3.333333342681044e-08,0.0,True
Cu1.5Ag0.5Ba1Sn1Te4_kesterite,7.046874994642849e-08,5.637499995714279e-07,0.0,0.2286999999999999,False
Cu1.5Ag0.5Ba1Sn1Te4_stannite,5.484374998587782e-08,4.3874999988702257e-07,3.333333253863202e-08,0.0,True
Cu1.5Ag0.5Ba1Zr1S4_kesterite,6.468750024524184e-08,5.17499998409221e-07,0.0,,False
Cu1.5Ag0.5Ba1Zr1S4_stannite,5.390625057444254e-08,4.312500010428266e-07,3.333333342681044e-08,0.0,True
Cu1.5Ag0.5Ba1Zr1Se4_kesterite,6.296874976996492e-08,5.03750001712433e-07,3.333333431498886e-08,0.0,True
Cu1.5Ag0.5Ba1Zr1Te4_stannite,5.8125000368391966e-08,4.6499999939442205e-07,8.881784197001252e-16,0.0,True
Cu1.5Ag0.5Ca0.5Zn0.5Ge1S1Se2Te1_kesterite,1.7812499919500624e-08,1.42499999356005e-07,3.333333342681044e-08,,False
Cu1.5Ag0.5Ca0.5Zn0.5Ge1S1Se2Te1_stannite,3.2656250148477284e-08,2.6125000118781827e-07,3.333333253863202e-08,0.0,True
Cu1.5Ag0.5Ca1Ge1Se4_kesterite,1.6406250580303094e-08,1.3125000464242476e-07,0.0,0.0,True
Cu1.5Ag0.5Ca1Ge1Se4_stannite,3.312499963215032e-08,2.6499999705720256e-07,4.440892098500626e-16,0.0,True
Cu1.5Ag0.5Ca1Ge1Te4_kesterite,1.2812500393977189e-08,1.0250000315181751e-07,3.333333253863202e-08,0.0,True
Cu1.5Ag0.5Ca1Ge1Te4_stannite,3.1874999528724857e-08,2.5499999622979885e-07,0.0,0.0,True
Cu1.5Ag0.5Ca1Sn1S4_kesterite,4.6718751089969146e-08,3.737500051670395e-07,0.0,0.0,True
Cu1.5Ag0.5Ca1Sn1S4_stannite,5.421874993416509e-08,4.337500030260344e-07,3.333333253863202e-08,,False
Cu1.5Ag0.5Ca1Sn1Se4_kesterite,5.312499773424406e-09,4.249999818739525e-08,4.440892098500626e-16,0.0,True
Cu1.5Ag0.5Ca1Sn1Se4_stannite,1.343750000160071e-08,1.0750000001280569e-07,0.0,0.0,True
Cu1.5Ag0.5Ca1Sn1Te4_kesterite,7.140624935786377e-08,5.712499984156238e-07,8.881784197001252e-16,0.0008000000000016882,True
Cu1.5Ag0.5Ca1Sn1Te4_stannite,4.890624927256226e-08,3.912499977332118e-07,3.333333342681044e-08,0.0,True
Cu1.5Ag0.5Ca1Zr1S4_kesterite,1.0468748978809117e-08,8.374999538318662e-08,0.0,0.0,True
Cu1.5Ag0.5Ca1Zr1S4_stannite,6.843749966733981e-08,5.475000008914321e-07,8.881784197001252e-16,,False
Cu1.5Ag0.5Ca1Zr1Se4_kesterite,5.0937499107561734e-08,4.0749999641320755e-07,3.333333431498886e-08,,False
Cu1.5Ag0.5Ca1Zr1Se4_stannite,8.906250403839522e-09,7.12499996780025e-08,3.333333342681044e-08,0.0,True
Cu1.5Ag0.5Ca1Zr1Te4_stannite,5.562500016154104e-08,4.4499999773961463e-07,0.0,0.0,True
Cu1.5Ag0.5Cd1Ge1S4_kesterite,1.9218750146876573e-08,1.5375000117501259e-07,3.333333342681044e-08,0.0,True
Cu1.5Ag0.5Cd1Ge1S4_stannite,1.765624979555014e-08,1.412499983644011e-07,0.0,0.0,True
Cu1.5Ag0.5Cd1Ge1Se4_kesterite,3.234374990057631e-08,2.587499992046105e-07,3.333333253863202e-08,0.0,True
Cu1.5Ag0.5Cd1Ge1Se4_stannite,3.546874971505076e-08,2.837499977204061e-07,3.333333431498886e-08,0.0,True
Cu1.5Ag0.5Cd1Ge1Te4_kesterite,3.593749742236696e-09,2.8750001490607247e-08,3.333333253863202e-08,0.012500000000000178,False
Cu1.5Ag0.5Cd1Ge1Te4_stannite,5.109375011969064e-08,4.0874999740481144e-07,3.333333253863202e-08,0.0,True
Cu1.5Ag0.5Cd1Sn1S4_kesterite,2.343750082900442e-09,1.8750000663203537e-08,3.333333342681044e-08,0.0,True
Cu1.5Ag0.5Cd1Sn1S4_stannite,7.671874957537739e-08,6.137499966030191e-07,8.881784197001252e-16,0.0,True
Cu1.5Ag0.5Cd1Sn1Se4_kesterite,2.343750082900442e-09,1.8750000663203537e-08,3.333333253863202e-08,0.0,True
Cu1.5Ag0.5Cd1Sn1Se4_stannite,3.046875018952733e-08,2.437500015162186e-07,3.333333253863202e-08,0.0,True
Cu1.5Ag0.5Cd1Sn1Te4_kesterite,5.078125031587888e-08,4.0625000252703103e-07,0.0,0.0,True
Cu1.5Ag0.5Cd1Sn1Te4_stannite,4.6874992776224644e-09,3.7499994220979715e-08,3.333333431498886e-08,,False
Cu1.5Ag0.5Cd1Zr1S4_stannite,5.6406249004936626e-08,4.512499955922067e-07,0.0,,False
Cu1.5Ag0.5Cd1Zr1Se4_stannite,4.1562499664138386e-08,3.3250000086582077e-07,3.333333342681044e-08,,False
Cu1.5Ag0.5Cd1Zr1Te4_kesterite,3.218749977662583e-08,2.574999982130066e-07,3.333333253863202e-08,,False
Cu1.5Ag0.5Cd1Zr1Te4_stannite,4.374999917899913e-09,3.4999999343199306e-08,3.333333253863202e-08,0.0,True
Cu1.5Ag0.5Mg0.5Ca0.5Sn0.5Ge0.5S1Se2Te1_kesterite,1.4999999464748726e-08,1.199999957179898e-07,3.333333253863202e-08,0.0,True
Cu1.5Ag0.5Mg1Ge1S4_kesterite,7.484375030841761e-08,5.987499989146272e-07,0.0,0.0,True
Cu1.5Ag0.5Mg1Ge1S4_stannite,7.734374962709012e-08,6.187500005694346e-07,3.333333253863202e-08,0.0,True
Cu1.5Ag0.5Mg1Ge1Se4_kesterite,4.078125037665359e-08,3.262500030132287e-07,3.333333431498886e-08,0.0,True
Cu1.5Ag0.5Mg1Ge1Se4_stannite,6.000000052353016e-08,4.800000041882413e-07,0.0,0.0,True
Cu1.5Ag0.5Mg1Ge1Te4_kesterite,1.8906249898975602e-08,1.5124999919180482e-07,3.333333431498886e-08,0.0,True
Cu1.5Ag0.5Mg1Ge1Te4_stannite,4.359374994322707e-08,3.4874999954581654e-07,1.7763568394002505e-15,0.0,True
Cu1.5Ag0.5Mg1Sn1S4_kesterite,5.9531250595767915e-08,4.7625000121342964e-07,3.333333342681044e-08,0.0,True
Cu1.5Ag0.5Mg1Sn1S4_stannite,1.4218749289085508e-08,1.1374999786539775e-07,3.333333342681044e-08,0.0,True
Cu1.5Ag0.5Mg1Sn1Se4_kesterite,2.2187499837400537e-08,1.774999986992043e-07,3.333333342681044e-08,0.0,True
Cu1.5Ag0.5Mg1Sn1Se4_stannite,3.390625025190275e-08,2.71250002015222e-07,3.333333253863202e-08,0.0,True
Cu1.5Ag0.5Mg1Sn1Te4_kesterite,5.249999990297738e-08,4.1999999922381903e-07,0.0,0.00019999999999953388,True
Cu1.5Ag0.5Mg1Sn1Te4_stannite,6.890624959510205e-08,5.512499967608164e-07,1.7763568394002505e-15,0.0,True
Cu1.5Ag0.5Mg1Zr1S4_kesterite,5.7499999872590024e-08,4.599999954280065e-07,3.333333253863202e-08,0.0,True
Cu1.5Ag0.5Mg1Zr1S4_stannite,6.593750123684572e-08,5.275000063420521e-07,3.333333342681044e-08,0.0,True
Cu1.5Ag0.5Mg1Zr1Se4_kesterite,5.7812500120490995e-08,4.624999974112143e-07,3.333333342681044e-08,,False
Cu1.5Ag0.5Mg1Zr1Se4_stannite,7.515624966814016e-08,6.01250000897835e-07,0.0,0.0,True
Cu1.5Ag0.5Mg1Zr1Te4_kesterite,4.5781249902177024e-08,3.662499992174162e-07,3.333333431498886e-08,0.0,True
Cu1.5Ag0.5Mg1Zr1Te4_stannite,3.593750008690222e-08,2.8750000069521775e-07,8.881784197001252e-16,0.0,True
Cu1.5Ag0.5Sr0.5Ba0.5Sn0.5Ge0.5Se3Te1_stannite,7.015625103079515e-08,5.612500117990749e-07,3.333333342681044e-08,0.0,True
Cu1.5Ag0.5Sr0.5Zn0.5Ge1S1Se1Te2_kesterite,5.703125061096159e-08,4.562499995863778e-07,3.333333342681044e-08,0.0030999999999998806,True
Cu1.5Ag0.5Sr0.5Zn0.5Ge1S1Se1Te2_stannite,1.7343748881515353e-08,1.3874999638119334e-07,3.333333342681044e-08,0.0,True
Cu1.5Ag0.5Sr1Ge1Te4_kesterite,7.20312494095765e-08,5.76249995276612e-07,3.333333342681044e-08,0.17830000000000013,False
Cu1.5Ag0.5Sr1Ge1Te4_stannite,8.124999339997885e-09,6.499999471998308e-08,0.0,0.0,True
Cu1.5Ag0.5Sr1Sn1S4_kesterite,1.2812499949887979e-08,1.0250000315181751e-07,3.333333342681044e-08,,False
Cu1.5Ag0.5Sr1Sn1S4_stannite,5.843749972811452e-08,4.675000013776298e-07,3.333333253863202e-08,0.0,True
Cu1.5Ag0.5Sr1Sn1Se4_stannite,6.484374992510311e-08,5.187499994008249e-07,8.881784197001252e-16,0.0,True
Cu1.5Ag0.5Sr1Zr1S4_kesterite,3.281249494335725e-09,2.624999950739948e-08,0.0,,False
Cu1.5Ag0.5Sr1Zr1Se4_stannite,3.2656250592566494e-08,2.6125000118781827e-07,0.0,0.0,True
Cu1.5Ag0.5Sr1Zr1Te4_kesterite,6.406249308810175e-09,5.1249998023195076e-08,3.333333431498886e-08,0.0,True
Cu1.5Ag0.5Sr1Zr1Te4_stannite,1.34374995575115e-08,1.0750000001280569e-07,0.0,0.0,True
Cu1.5Ag0.5Zn1Ge1S4_kesterite,5.1562505376523404e-09,4.1250004301218723e-08,0.0,0.0,True
Cu1.5Ag0.5Zn1Ge1S4_stannite,6.4062497528993845e-09,5.1249998023195076e-08,3.333333253863202e-08,0.0,True
Cu1.5Ag0.5Zn1Ge1Se4_kesterite,7.218750042170541e-08,5.775000033736433e-07,3.333333342681044e-08,,False
Cu1.5Ag0.5Zn1Ge1Se4_stannite,1.4218749733174718e-08,1.1374999786539775e-07,3.333333342681044e-08,0.0,True
Cu1.5Ag0.5Zn1Ge1Te4_kesterite,4.0156250769030066e-08,3.2125000615224053e-07,3.333333253863202e-08,0.07010000000000005,False
Cu1.5Ag0.5Zn1Ge1Te4_stannite,5.343750064668029e-08,4.2750000517344233e-07,3.333333253863202e-08,0.0015999999999998238,True
Cu1.5Ag0.5Zn1Sn1S4_kesterite,6.406250641077804e-09,5.1250005128622433e-08,3.333333387089965e-08,0.0,True
Cu1.5Ag0.5Zn1Sn1S4_stannite,2.7343750375052878e-08,2.1875000300042302e-07,3.333333342681044e-08,0.0,True
Cu1.5Ag0.5Zn1Sn1Se4_kesterite,7.625000009170435e-08,6.100000007336348e-07,3.333333342681044e-08,0.0,True
Cu1.5Ag0.5Zn1Sn1Se4_stannite,4.796874986112698e-08,3.8374999888901584e-07,3.333333253863202e-08,0.0,True
Cu1.5Ag0.5Zn1Sn1Te4_kesterite,1.4375000301214413e-08,1.1500000596242899e-07,3.333333076227518e-08,0.0,True
Cu1.5Ag0.5Zn1Sn1Te4_stannite,2.765624929068622e-08,2.2124999787820343e-07,3.333333431498886e-08,0.0,True
Cu1.5Ag0.5Zn1Zr1S4_kesterite,1.2031250218313971e-08,9.624999819379809e-08,3.333333431498886e-08,,False
Cu1.5Ag0.5Zn1Zr1S4_stannite,5.15625098174155e-09,4.1250004301218723e-08,3.333333342681044e-08,0.0,True
Cu1.5Ag0.5Zn1Zr1Se4_kesterite,6.812500030761726e-08,5.449999989082244e-07,3.333333342681044e-08,,False
Cu1.5Ag0.5Zn1Zr1Se4_stannite,4.218749927176191e-08,3.3749999772680894e-07,8.881784197001252e-16,0.0,True
Cu1.5Ag0.5Zn1Zr1Te4_kesterite,8.59375060002776e-09,6.875000480022209e-08,0.0,0.0,True
Cu1.5Ag0.5Zn1Zr1Te4_stannite,1.4062499609224233e-08,1.1249999687379386e-07,3.333333342681044e-08,0.0,True
Cu1Ag1Ba1Ge1S4_stannite,5.4374999169937155e-08,4.349999969122109e-07,3.333333342681044e-08,0.0,True
Cu1Ag1Ba1Ge1Te4_kesterite,6.21874995943017e-08,4.974999967544136e-07,0.0,0.7131000000000007,False
Cu1Ag1Ba1Ge1Te4_stannite,3.5000000231377726e-08,2.800000018510218e-07,3.333333342681044e-08,0.0,True
Cu1Ag1Ba1Sn1Se4_stannite,2.859375047847834e-08,2.2875000382782673e-07,8.881784197001252e-16,0.0,True
Cu1Ag1Ba1Zr1S4_kesterite,7.765625076316951e-08,6.212500025526424e-07,8.881784197001252e-16,0.0,True
Cu1Ag1Ba1Zr1Se4_kesterite,4.718750057364218e-08,3.775000010364238e-07,0.0,0.0,True
Cu1Ag1Ba1Zr1Te4_kesterite,5.734375063681796e-08,4.5875000154183e-07,1.7763568394002505e-15,0.0,True
Cu1Ag1Ca1Ge1Se4_kesterite,4.4687499922702045e-08,3.5749999938161636e-07,3.333333342681044e-08,,False
Cu1Ag1Ca1Ge1Te4_kesterite,3.2656249260298864e-08,2.612499940823909e-07,3.333333342681044e-08,0.00019999999999953388,True
Cu1Ag1Ca1Ge1Te4_stannite,3.593750186325906e-09,2.8750001490607247e-08,8.881784197001252e-16,0.0,True
Cu1Ag1Ca1Sn1Se4_kesterite,2.9687505787023838e-09,2.375000462961907e-08,3.333333342681044e-08,0.0,True
Cu1Ag1Ca1Sn1Te4_stannite,1.6406249248035465e-08,1.312499975369974e-07,3.333333342681044e-08,0.0,True
Cu1Ag1Ca1Zr1S4_stannite,2.6718750323340146e-08,2.137499990340075e-07,3.333333253863202e-08,,False
Cu1Ag1Ca1Zr1Te4_kesterite,1.3906250817541377e-08,1.1125000298761734e-07,8.881784197001252e-16,0.0,True
Cu1Ag1Ca1Zr1Te4_stannite,3.2656249704388074e-08,2.612499940823909e-07,3.333333342681044e-08,0.0,True
Cu1Ag1Cd1Ge1S4_kesterite,3.0156249941626356e-08,2.4124999953301085e-07,3.333333342681044e-08,,False
Cu1Ag1Cd1Ge1S4_stannite,4.562500066640496e-08,3.6500000533123966e-07,3.333333342681044e-08,0.0,True
Cu1Ag1Cd1Ge1Se4_kesterite,1.4531249981075689e-08,1.1624999984860551e-07,3.333333342681044e-08,0.0,True
Cu1Ag1Cd1Ge1Se4_stannite,5.453124973797685e-08,4.362499979038148e-07,3.333333342681044e-08,0.0,True
Cu1Ag1Cd1Ge1Te4_kesterite,7.812500424364544e-09,6.249999984220267e-08,0.0,0.002100000000000435,True
Cu1Ag1Cd1Ge1Te4_stannite,1.7812500363589834e-08,1.42499999356005e-07,0.0,0.0,True
Cu1Ag1Cd1Sn1S4_kesterite,1.9531250394777544e-08,1.5625000315822035e-07,3.333333253863202e-08,0.0,True
Cu1Ag1Cd1Sn1Se4_kesterite,3.6718750706654646e-08,2.9375000565323717e-07,8.881784197001252e-16,0.0,True
Cu1Ag1Cd1Sn1Se4_stannite,7.781249955485237e-08,6.224999964388189e-07,0.0,0.0,True
Cu1Ag1Cd1Sn1Te4_kesterite,1.828124984726287e-08,1.4625000233081664e-07,0.0,,False
Cu1Ag1Cd1Sn1Te4_stannite,7.468750018446713e-08,5.974999979230233e-07,3.333333431498886e-08,0.0,True
Cu1Ag1Cd1Zr1S4_stannite,1.0937500238838993e-08,8.749999835799827e-08,3.333333342681044e-08,,False
Cu1Ag1Cd1Zr1Se4_stannite,1.4375000301214413e-08,1.1499999885700163e-07,3.333333342681044e-08,0.0,True
Cu1Ag1Cd1Zr1Te4_kesterite,3.25000000245268e-08,2.600000001962144e-07,0.0,0.0,True
Cu1Ag1Cd1Zr1Te4_stannite,6.156249998667818e-08,4.924999998934254e-07,8.881784197001252e-16,0.0,True
Cu1Ag1Mg1Ge1S4_kesterite,2.9531249889913624e-08,2.3625000267202267e-07,0.0,0.0,True
Cu1Ag1Mg1Ge1S4_stannite,5.4687500306016545e-08,4.374999988954187e-07,3.333333342681044e-08,0.0,True
Cu1Ag1Mg1Ge1Se4_kesterite,4.484375004665253e-08,3.5875000037322025e-07,3.333333253863202e-08,0.0,True
Cu1Ag1Mg1Ge1Se4_stannite,3.750000310276391e-09,3.000000248221113e-08,0.0,0.0,True
Cu1Ag1Mg1Ge1Te4_kesterite,6.515624972891487e-08,5.212500013840327e-07,0.0,0.0002999999999993008,True
Cu1Ag1Mg1Ge1Te4_stannite,2.9531249889913624e-08,2.3625000267202267e-07,3.333333253863202e-08,0.0,True
Cu1Ag1Mg1Sn1S4_kesterite,3.6093749766763494e-08,2.8875000168682163e-07,3.333333342681044e-08,0.0,True
Cu1Ag1Mg1Sn1S4_stannite,2.796874953858719e-08,2.237499998614112e-07,3.333333342681044e-08,0.0,True
Cu1Ag1Mg1Sn1Se4_kesterite,4.6718749757701517e-08,3.7374999806161213e-07,3.333333342681044e-08,,False
Cu1Ag1Mg1Sn1Se4_stannite,3.218749977662583e-08,2.574999982130066e-07,0.0,0.0,True
Cu1Ag1Mg1Sn1Te4_kesterite,1.140625016660124e-08,9.125000133280992e-08,3.333333431498886e-08,0.0,True
Cu1Ag1Mg1Sn1Te4_stannite,1.5000000352927145e-08,1.2000000282341716e-07,3.333333342681044e-08,0.0,True
Cu1Ag1Mg1Zr1Se4_stannite,6.48437494810139e-08,5.187499994008249e-07,3.333333342681044e-08,0.0,True
Cu1Ag1Mg1Zr1Te4_kesterite,3.218750110889346e-08,2.57500005318434e-07,3.333333253863202e-08,0.0,True
Cu1Ag1Mg1Zr1Te4_stannite,7.249999978142796e-08,5.799999982514237e-07,3.333333253863202e-08,0.0,True
Cu1Ag1Zn1Ge1S4_kesterite,2.7812500746904334e-08,2.2250000597523467e-07,3.333333298272123e-08,0.0,True
Cu1Ag1Zn1Ge1S4_stannite,5.4374999614026365e-08,4.349999969122109e-07,0.0,0.0,True
Cu1Ag1Zn1Ge1Se4_kesterite,2.1249999981876044e-08,1.6999999985500835e-07,0.0,0.0,True
Cu1Ag1Zn1Ge1Se4_stannite,4.0156249880851647e-08,3.2124999904681317e-07,3.333333342681044e-08,0.0,True
Cu1Ag1Zn1Ge1Te4_kesterite,2.4374999352261284e-08,1.9499999837080395e-07,3.333333253863202e-08,0.02640000000000242,False
Cu1Ag1Zn1Ge1Te4_stannite,3.765625011808993e-08,3.0124999739200575e-07,0.0,0.04329999999999945,False
Cu1Ag1Zn1Sn1S4_kesterite,1.937499938264864e-08,1.549999950611891e-07,3.333333253863202e-08,0.0,True
Cu1Ag1Zn1Sn1S4_stannite,1.7812499919500624e-08,1.42499999356005e-07,0.0,0.0,True
Cu1Ag1Zn1Sn1Se4_kesterite,2.687500000320142e-08,2.1500000002561137e-07,0.0,0.0,True
Cu1Ag1Zn1Sn1Se4_stannite,6.921875073118144e-08,5.537500058494516e-07,0.0,0.07690000000000019,False
Cu1Ag1Zn1Sn1Te4_kesterite,1.8750001551381956e-09,1.4999997688391886e-08,0.0,0.0,True
Cu1Ag1Zn1Sn1Te4_stannite,1.1093749474611059e-08,8.874999934960215e-08,3.333333253863202e-08,0.0,True
Cu1Ag1Zn1Zr1Se4_stannite,7.343750008104166e-08,5.874999970956196e-07,0.0,0.0,True
Cu1Ag1Zn1Zr1Te4_kesterite,7.390625000880391e-08,5.912500000704313e-07,3.333333253863202e-08,,False
Cu1Ag1Zn1Zr1Te4_stannite,4.406250031507852e-08,3.525000025206282e-07,3.333333431498886e-08,0.0,True
Cu1Al0.5Ga0.5S2_kesterite,5.59374999653528e-08,2.237499998614112e-07,3.333333342681044e-08,0.0,True
Cu1Al0.5Ga0.5S2_stannite,1.7031250187926616e-08,6.812500075170647e-08,3.333333342681044e-08,0.0,True
Cu1Al0.5Ga0.5Te2_stannite,4.2968749447425125e-08,1.718749977897005e-07,3.333333253863202e-08,0.0,True
Cu1Al0.5In0.5S2_stannite,6.609375002852858e-08,2.643750001141143e-07,4.440892098500626e-16,0.0,True
Cu1Al0.5In0.5Se2_kesterite,5.937500002772822e-08,2.3750000011091288e-07,0.0,0.0,True
Cu1Al0.5In0.5Se2_stannite,4.9843750460354386e-08,1.9937500184141754e-07,3.333333253863202e-08,0.0,True
Cu1Al0.5In0.5Te2_kesterite,7.437499949247695e-08,2.974999979699078e-07,0.0,0.0,True
Cu1Al0.5In0.5Te2_stannite,2.6562494426229932e-09,1.0624997770491973e-08,3.333333342681044e-08,0.0,True
Cu1Al1S1Te1_stannite,3.687500083060513e-08,1.4750000332242053e-07,3.333333431498886e-08,0.0,True
Cu1Al1S2_stannite,2.999999981767587e-08,1.1999999927070348e-07,8.881784197001252e-16,0.0,True
Cu1Al1Se1Te1_kesterite,1.5000000352927145e-08,6.000000141170858e-08,8.881784197001252e-16,0.0,True
Cu1Al1Se2_kesterite,8.125000228176305e-09,3.250000091270522e-08,0.0,0.0,True
Cu1Al1Se2_stannite,3.1249998144744495e-09,1.2499999257897798e-08,3.333333342681044e-08,0.0,True
Cu1Al1Te2_kesterite,0.0,0.0,3.333333253863202e-08,0.0,True
Cu1Al1Te2_stannite,2.1249999981876044e-08,8.499999992750418e-08,3.333333253863202e-08,0.0,True
Cu1Ga0.5In0.5S2_stannite,4.593750002612751e-08,1.8374999655179636e-07,8.881784197001252e-16,0.0,True
Cu1Ga0.5In0.5Se2_stannite,4.2656250087702574e-08,1.706250003508103e-07,3.552713678800501e-15,0.0,True
Cu1Ga0.5In0.5Te2_kesterite,7.046874994642849e-08,2.8187499978571395e-07,3.333333431498886e-08,0.0,True
Cu1Ga0.5In0.5Te2_stannite,7.687499969932787e-08,3.074999987973115e-07,1.7763568394002505e-15,0.0,True
Cu1Ga1S1Se1_kesterite,6.515625017300408e-08,2.6062500069201633e-07,3.333333298272123e-08,0.0,True
Cu1Ga1S1Te1_stannite,4.218749971585112e-08,1.6874999886340447e-07,3.333333253863202e-08,0.3019999999999996,False
Cu1Ga1S2_kesterite,4.374999917899913e-09,1.7499999671599653e-08,3.333333298272123e-08,0.0,True
Cu1Ga1S2_stannite,2.312500058110345e-08,9.25000023244138e-08,0.0,0.0,True
Cu1Ga1Se1Te1_stannite,7.499999732374363e-09,2.999999892949745e-08,3.333333253863202e-08,0.0,True
Cu1Ga1Se2_kesterite,2.1249999981876044e-08,8.499999992750418e-08,3.333333431498886e-08,0.0,True
Cu1Ga1Se2_stannite,1.2500000146076218e-08,5.000000058430487e-08,3.333333342681044e-08,0.0,True
Cu1Ga1Te2_kesterite,2.0625000374252522e-08,8.250000149701009e-08,3.333333342681044e-08,0.0,True
Cu1Ga1Te2_stannite,1.2500000146076218e-08,5.000000058430487e-08,3.552713678800501e-15,0.0,True
Cu1In1S1Se1_kesterite,1.4374999857125204e-08,5.7499995875787135e-08,0.0,0.0,True
Cu1In1S1Se1_stannite,6.484374992510311e-08,2.5937499614769877e-07,0.0,0.0,True
Cu1In1S1Te1_kesterite,7.343750496602297e-09,2.9375005539122867e-08,3.333333253863202e-08,,False
Cu1In1S1Te1_stannite,1.4531249981075689e-08,5.812499637158908e-08,3.333333342681044e-08,0.0,True
Cu1In1S2_kesterite,2.2500000085301508e-08,9.000000034120603e-08,3.333333342681044e-08,0.0,True
Cu1In1S2_stannite,1.1874999650274276e-08,4.7499998601097104e-08,3.333333253863202e-08,0.0,True
Cu1In1Se1Te1_kesterite,2.9218750086101863e-08,1.1687500034440745e-07,0.0,0.0,True
Cu1In1Se1Te1_stannite,4.312500045955403e-08,1.7250000183821612e-07,3.333333431498886e-08,0.0,True
Cu1In1Se2_kesterite,8.749999835799827e-09,3.4999999343199306e-08,3.333333342681044e-08,0.0,True
Cu1In1Se2_stannite,1.7499999671599653e-08,6.999999868639861e-08,0.0,0.0030000000000001137,True
Cu1In1Te2_kesterite,1.1249999154472334e-08,4.499999661788934e-08,0.0,0.0,True
Cu1In1Te2_stannite,6.24999607623522e-10,2.499998430494088e-09,3.333333431498886e-08,0.0,True
Cu2Ba0.5Cd0.5Ge1S4_stannite,5.656250090524395e-08,4.5250000368923793e-07,3.333333342681044e-08,0.0,True
Cu2Ba0.5Cd0.5Ge1Se4_kesterite,6.093749993496544e-08,4.875000030324372e-07,3.333333431498886e-08,0.0,True
Cu2Ba0.5Cd0.5Ge1Se4_stannite,1.0156249619086566e-08,8.12500005054062e-08,0.0,0.0,True
Cu2Ba0.5Cd0.5Sn1S4_kesterite,4.859374991283971e-08,3.88749995750004e-07,3.333333342681044e-08,0.0,True
Cu2Ba0.5Cd0.5Sn1S4_stannite,7.29687497091902e-08,5.837500012262353e-07,3.333333431498886e-08,0.0,True
Cu2Ba0.5Cd0.5Sn1Se4_kesterite,4.375000361989123e-09,3.4999999343199306e-08,3.333333253863202e-08,0.0,True
Cu2Ba0.5Cd0.5Sn1Se4_stannite,3.374999968386305e-08,2.700000010236181e-07,3.333333342681044e-08,0.0,True
Cu2Ba0.5Cd0.5Sn1Te4_kesterite,5.078125075996809e-08,4.0625000252703103e-07,3.333333431498886e-08,0.204699999999999,False
Cu2Ba0.5Cd0.5Sn1Te4_stannite,9.843749371185595e-09,7.874999852219844e-08,3.333333253863202e-08,0.0,True
Cu2Ba0.5Cd0.5Zr1S4_kesterite,5.765624999654051e-08,4.612499964196104e-07,3.333333342681044e-08,,False
Cu2Ba0.5Cd0.5Zr1S4_stannite,4.453125113101919e-08,3.5625000549543984e-07,3.333333342681044e-08,0.0,True
Cu2Ba0.5Cd0.5Zr1Se4_kesterite,6.50000004931428e-08,5.200000003924288e-07,3.333333342681044e-08,0.0,True
Cu2Ba0.5Cd0.5Zr1Se4_stannite,2.999999937358666e-08,2.3999999854140697e-07,3.333333431498886e-08,0.0,True
Cu2Ba0.5Cd0.5Zr1Te4_kesterite,6.437499910916245e-08,5.149999964260132e-07,0.0,0.0,True
Cu2Ba0.5Zn0.5Ge1S4_stannite,3.593749786645617e-08,2.874999935897904e-07,3.333333342681044e-08,0.0,True
Cu2Ba0.5Zn0.5Ge1Se4_kesterite,5.171874883913574e-08,4.1375000847665433e-07,1.7763568394002505e-15,0.0,True
Cu2Ba0.5Zn0.5Ge1Se4_stannite,4.515624896228587e-08,3.6125000946185537e-07,3.333333342681044e-08,0.0,True
Cu2Ba0.5Zn0.5Ge1Te4_stannite,1.68749987317085e-08,1.3500000051180905e-07,0.0,0.0,True
Cu2Ba0.5Zn0.5Sn1S4_kesterite,1.5781248752233523e-08,1.2625000067600922e-07,3.333333253863202e-08,0.0,True
Cu2Ba0.5Zn0.5Sn1S4_stannite,6.234374838598455e-08,4.987499977460175e-07,3.333333298272123e-08,0.0,True
Cu2Ba0.5Zn0.5Sn1Se4_kesterite,2.812498234305849e-09,2.249999653258783e-08,3.333333253863202e-08,0.0,True
Cu2Ba0.5Zn0.5Sn1Se4_stannite,6.453125189764819e-08,5.162500045230445e-07,3.333333342681044e-08,0.0,True
Cu2Ba0.5Zn0.5Sn1Te4_kesterite,7.750000152739744e-08,6.200000015610385e-07,3.333333253863202e-08,0.15390000000000015,False
Cu2Ba0.5Zn0.5Sn1Te4_stannite,7.687499836706024e-08,6.14999997594623e-07,0.0,0.0,True
Cu2Ba0.5Zn0.5Zr1S4_kesterite,2.109374852565793e-08,1.6874999886340447e-07,3.333333342681044e-08,0.0,True
Cu2Ba0.5Zn0.5Zr1S4_stannite,6.29687488817865e-08,5.03750001712433e-07,0.0,0.0,True
Cu2Ba0.5Zn0.5Zr1Se4_kesterite,5.1562498715185257e-08,4.125000003796231e-07,3.333333342681044e-08,0.0,True
Cu2Ba0.5Zn0.5Zr1Se4_stannite,3.6718748486208597e-08,2.937499985478098e-07,0.0,,False
Cu2Ba0.5Zn0.5Zr1Te4_stannite,1.765624846328251e-08,1.412499983644011e-07,3.333333253863202e-08,0.0,True
Cu2Ba1Ge0.5Zr0.5S4_kesterite,4.593750002612751e-08,3.6750000020902007e-07,4.440892098500626e-16,0.0,True
Cu2Ba1Ge0.5Zr0.5S4_stannite,9.374998555244929e-10,7.499998844195943e-09,3.333333342681044e-08,0.0,True
Cu2Ba1Ge0.5Zr0.5Se4_kesterite,2.140625010582653e-08,1.7124999374118488e-07,3.333333342681044e-08,0.0,True
Cu2Ba1Ge0.5Zr0.5Te4_kesterite,1.9062500022926088e-08,1.525000001834087e-07,0.0,0.448599999999999,False
Cu2Ba1Ge0.5Zr0.5Te4_stannite,6.609375002852858e-08,5.287500002282286e-07,0.0,0.8460000000000001,False
Cu2Ba1Ge1S1Se1Te2_stannite,7.656250078369453e-09,6.124999885059879e-08,3.333333342681044e-08,0.0,True
Cu2Ba1Ge1S1Se2Te1_kesterite,7.765624987499109e-08,6.21249995447215e-07,3.333333431498886e-08,0.6231999999999998,False
Cu2Ba1Ge1S1Se3_stannite,5.109374967560143e-08,4.0874999740481144e-07,3.333333253863202e-08,0.0,True
Cu2Ba1Ge1S1Te3_kesterite,2.4218750116489218e-08,1.9374999737920007e-07,3.333333253863202e-08,0.0,True
Cu2Ba1Ge1S1Te3_stannite,3.750000088231786e-08,3.0000000350582923e-07,3.333333342681044e-08,0.0,True
Cu2Ba1Ge1S2Se1Te1_stannite,3.750000754365601e-09,3.000000248221113e-08,3.333333342681044e-08,0.0,True
Cu2Ba1Ge1S2Se2_kesterite,7.343750940691507e-09,5.8750003972818376e-08,3.333333342681044e-08,,False
Cu2Ba1Ge1S2Se2_stannite,6.187500067866836e-08,4.950000018766332e-07,3.333333253863202e-08,0.0,True
Cu2Ba1Ge1S2Te2_kesterite,7.328124995709118e-08,5.862499961040157e-07,0.0,0.032099999999999795,False
Cu2Ba1Ge1S3Se1_stannite,6.031249988325271e-08,4.824999990660217e-07,0.0,0.0,True
Cu2Ba1Ge1S3Te1_stannite,5.468750785553311e-09,4.374999917899913e-08,3.333333431498886e-08,0.0,True
Cu2Ba1Ge1S4_kesterite,1.4375000301214413e-08,1.1499999885700163e-07,0.0,0.0,True
Cu2Ba1Ge1S4_stannite,6.249999184859689e-09,4.999999703159119e-08,0.0,0.0,True
Cu2Ba1Ge1Se4_kesterite,2.312500013701424e-08,1.850000046488276e-07,0.0,0.0,True
Cu2Ba1Ge1Se4_stannite,2.2500000529390718e-08,1.8000000068241206e-07,3.333333253863202e-08,0.0,True
Cu2Ba1Ge1Te4_kesterite,1.312499930961053e-08,1.0499999802959792e-07,0.0,0.0,True
Cu2Ba1Ge1Te4_stannite,3.062499898121018e-08,2.4499999540239514e-07,3.333333253863202e-08,0.0,True
Cu2Ba1Sn0.25Zr0.75S2Se2_kesterite,2.2031249713450052e-08,1.7624999770760041e-07,3.333333342681044e-08,,False
Cu2Ba1Sn0.25Zr0.75S4_kesterite,1.71875047527692e-09,1.375000380221536e-08,3.333333342681044e-08,,False
Cu2Ba1Sn0.25Zr0.75Se4_kesterite,2.3437499940826e-08,1.87499999526608e-07,3.333333342681044e-08,0.0,True
Cu2Ba1Sn0.25Zr0.75Se4_stannite,4.359374994322707e-08,3.4874999954581654e-07,3.333333253863202e-08,0.03910000000000036,False
Cu2Ba1Sn0.5Ge0.5S4_stannite,7.265624990537844e-08,5.812499992430276e-07,3.333333342681044e-08,0.0,True
Cu2Ba1Sn0.5Ge0.5Te4_kesterite,6.874999236572421e-09,5.499999389257937e-08,1.7763568394002505e-15,0.14290000000000003,False
Cu2Ba1Sn0.5Zr0.5S2Se2_stannite,5.281250015087835e-08,4.225000012070268e-07,3.333333431498886e-08,0.0,True
Cu2Ba1Sn0.5Zr0.5S4_kesterite,6.718750000800355e-09,5.375000000640284e-08,0.0,,False
Cu2Ba1Sn0.5Zr0.5Se4_kesterite,1.140625016660124e-08,9.125000843823727e-08,8.881784197001252e-16,,False
Cu2Ba1Sn0.5Zr0.5Se4_stannite,7.249999978142796e-08,5.80000005356851e-07,3.333333431498886e-08,0.0,True
Cu2Ba1Sn0.5Zr0.5Te4_stannite,6.703124988405307e-08,5.362499919669972e-07,0.0,0.0,True
Cu2Ba1Sn0.75Zr0.25S2Se2_stannite,2.8906249838200893e-08,2.3124999870560714e-07,3.333333342681044e-08,0.0,True
Cu2Ba1Sn0.75Zr0.25S4_stannite,2.453124947621177e-08,1.9624999936240783e-07,0.0,0.0,True
Cu2Ba1Sn0.75Zr0.25Se4_kesterite,9.374999443423349e-09,7.499999554738679e-08,8.881784197001252e-16,,False
Cu2Ba1Sn0.75Zr0.25Se4_stannite,7.468749974037792e-08,5.974999979230233e-07,3.333333342681044e-08,0.0,True
Cu2Ba1Sn1S1Se3_stannite,4.687500076983042e-08,3.7500000615864337e-07,0.0,0.0,True
Cu2Ba1Sn1S1Te3_stannite,6.249999939811346e-08,4.999999987376214e-07,3.333333253863202e-08,0.0,True
Cu2Ba1Sn1S2Se2_kesterite,7.062500051446818e-08,5.650000005630318e-07,0.0,,False
Cu2Ba1Sn1S2Se2_stannite,4.6406249953889755e-08,3.712500031838317e-07,0.0,0.0,True
Cu2Ba1Sn1S3Se1_stannite,5.078125031587888e-08,4.0625000252703103e-07,3.333333342681044e-08,0.0,True
Cu2Ba1Sn1S3Te1_kesterite,1.3281249877650225e-08,1.062499990212018e-07,3.333333342681044e-08,0.0,True
Cu2Ba1Sn1S3Te1_stannite,2.6562494426229932e-09,2.1249995540983946e-08,0.0,0.0,True
Cu2Ba1Sn1S4_kesterite,1.3749999805412472e-08,1.099999948905861e-07,3.333333342681044e-08,0.07960000000000012,False
Cu2Ba1Sn1S4_stannite,6.249991635343122e-10,4.999996860988176e-09,3.333333342681044e-08,0.0,True
Cu2Ba1Sn1Se2Te2_kesterite,6.062500057524289e-08,4.850000010492295e-07,3.333333342681044e-08,,False
Cu2Ba1Sn1Se2Te2_stannite,5.828124960416403e-08,4.6625000038602593e-07,3.333333342681044e-08,0.0,True
Cu2Ba1Sn1Se4_stannite,8.749999391710617e-09,6.999999868639861e-08,3.333333253863202e-08,0.0,True
Cu2Ba1Sn1Te4_kesterite,6.250000517127319e-10,5.000003966415534e-09,3.33333360913457e-08,0.012100000000000222,False
Cu2Ba1Sn1Te4_stannite,1.8750001551381956e-09,1.5000004793819244e-08,3.333333342681044e-08,0.0,True
Cu2Ba1Zr1S1Se2Te1_stannite,4.765625005731522e-08,3.812499969058081e-07,3.333333342681044e-08,0.0,True
Cu2Ba1Zr1S1Se3_kesterite,2.937500021005235e-08,2.350000016804188e-07,3.333333253863202e-08,0.0,True
Cu2Ba1Zr1S1Te3_kesterite,3.375000057204147e-08,2.700000010236181e-07,8.881784197001252e-16,0.0,True
Cu2Ba1Zr1S2Se1Te1_kesterite,1.5625007954156445e-09,1.2500002810611477e-08,3.333333342681044e-08,0.0,True
Cu2Ba1Zr1S2Se2_kesterite,4.375000051126676e-08,3.500000005374204e-07,0.0,0.0,True
Cu2Ba1Zr1S2Se2_stannite,4.5000000614692226e-08,3.6000000136482413e-07,3.333333431498886e-08,0.0,True
Cu2Ba1Zr1S2Te2_kesterite,6.7187495567111455e-09,5.375000000640284e-08,3.333333253863202e-08,0.0,True
Cu2Ba1Zr1S2Te2_stannite,6.734375057604325e-08,5.387500010556323e-07,3.333333431498886e-08,0.0,True
Cu2Ba1Zr1S4_kesterite,2.343750038491521e-08,1.8750000663203537e-07,3.333333342681044e-08,0.0,True
Cu2Ba1Zr1Se1Te3_stannite,5.859375051819882e-08,4.687500023692337e-07,3.333333342681044e-08,0.0,True
Cu2Ba1Zr1Se2Te2_kesterite,4.4687499478612835e-08,3.5749999938161636e-07,3.333333431498886e-08,0.0,True
Cu2Ba1Zr1Se2Te2_stannite,7.468750018446713e-08,5.974999979230233e-07,3.333333431498886e-08,0.0,True
Cu2Ba1Zr1Se4_kesterite,4.4062499870989313e-08,3.525000025206282e-07,3.333333431498886e-08,0.0,True
Cu2Ba1Zr1Se4_stannite,5.1562500935631306e-09,4.1249997195791366e-08,3.333333342681044e-08,0.0,True
Cu2Ba1Zr1Te4_kesterite,4.31249991272864e-08,3.449999965710049e-07,3.333333253863202e-08,0.0,True
Cu2Ba1Zr1Te4_stannite,3.765625011808993e-08,3.012500044974331e-07,3.333333253863202e-08,0.11679999999999957,False
Cu2Ca0.5Ba0.5Ge1S4_kesterite,2.9062499518062168e-08,2.3249999969721102e-07,0.0,,False
Cu2Ca0.5Ba0.5Ge1Se4_kesterite,4.281249887938543e-08,3.424999945877971e-07,3.333333431498886e-08,,False
Cu2Ca0.5Ba0.5Ge1Se4_stannite,5.250000034706659e-08,4.1999999922381903e-07,3.333333342681044e-08,0.0,True
Cu2Ca0.5Ba0.5Sn1S4_kesterite,5.624999577236167e-09,4.5000000170603016e-08,3.333333298272123e-08,,False
Cu2Ca0.5Ba0.5Sn1S4_stannite,3.8125000489941385e-08,3.050000003668174e-07,3.333333342681044e-08,0.0,True
Cu2Ca0.5Ba0.5Sn1Se4_kesterite,4.4375000118890284e-08,3.549999973984086e-07,3.333333342681044e-08,0.0,True
Cu2Ca0.5Ba0.5Sn1Se4_stannite,6.03124994391635e-08,4.824999990660217e-07,3.333333431498886e-08,0.0,True
Cu2Ca0.5Ba0.5Sn1Te4_kesterite,7.656250300414058e-09,6.124999885059879e-08,3.333333342681044e-08,0.06240000000000023,False
Cu2Ca0.5Ba0.5Sn1Te4_stannite,1.8750001551381956e-09,1.5000004793819244e-08,3.333333342681044e-08,0.0,True
Cu2Ca0.5Ba0.5Zr1S4_kesterite,7.29687497091902e-08,5.837500012262353e-07,3.333333253863202e-08,0.0,True
Cu2Ca0.5Ba0.5Zr1S4_stannite,1.7187500311877102e-09,1.3749996696788003e-08,3.333333342681044e-08,0.0,True
Cu2Ca0.5Ba0.5Zr1Se4_kesterite,7.687500014341708e-08,6.14999997594623e-07,3.333333342681044e-08,0.0,True
Cu2Ca0.5Ba0.5Zr1Se4_stannite,2.4374999352261284e-08,1.9499999837080395e-07,3.333333342681044e-08,0.0,True
Cu2Ca0.5Ba0.5Zr1Te4_kesterite,6.734374879968641e-08,5.38749993950205e-07,8.881784197001252e-16,0.0,True
Cu2Ca0.5Cd0.5Ge1S4_kesterite,3.7499999994139444e-08,3.0000000350582923e-07,3.333333253863202e-08,0.0,True
Cu2Ca0.5Cd0.5Ge1S4_stannite,6.999999913048782e-08,5.599999965966163e-07,3.333333298272123e-08,0.0,True
Cu2Ca0.5Cd0.5Ge1Se4_kesterite,4.203125003598984e-08,3.362500038406324e-07,0.0,0.0,True
Cu2Ca0.5Cd0.5Ge1Se4_stannite,6.109374917073751e-08,4.887499969186138e-07,0.0,0.0,True
Cu2Ca0.5Cd0.5Ge1Te4_stannite,7.781250088712e-08,6.225000035442463e-07,3.333333431498886e-08,,False
Cu2Ca0.5Cd0.5Sn1S4_kesterite,1.4218749289085508e-08,1.1374999786539775e-07,3.333333387089965e-08,0.0,True
Cu2Ca0.5Cd0.5Sn1S4_stannite,3.421875005571451e-08,2.7375000399842975e-07,3.333333342681044e-08,0.0,True
Cu2Ca0.5Cd0.5Sn1Se4_kesterite,5.984375084366889e-08,4.787500031966374e-07,0.0,0.0,True
Cu2Ca0.5Cd0.5Sn1Se4_stannite,7.265624946128924e-08,5.812499992430276e-07,8.881784197001252e-16,0.0,True
Cu2Ca0.5Cd0.5Sn1Te4_kesterite,3.718750019032768e-08,2.9750000152262146e-07,3.333333431498886e-08,0.0,True
Cu2Ca0.5Cd0.5Sn1Te4_stannite,1.687500006397613e-08,1.3500000051180905e-07,3.333333431498886e-08,0.0,True
Cu2Ca0.5Cd0.5Zr1S4_kesterite,2.7187500695191602e-08,2.1750000200881914e-07,3.333333431498886e-08,0.0,True
Cu2Ca0.5Cd0.5Zr1S4_stannite,2.9218749642012654e-08,2.337500006888149e-07,3.333333342681044e-08,0.0,True
Cu2Ca0.5Cd0.5Zr1Se4_kesterite,4.062500069679231e-08,3.250000020216248e-07,3.333333342681044e-08,0.0,True
Cu2Ca0.5Cd0.5Zr1Se4_stannite,3.312499918806111e-08,2.6499999705720256e-07,8.881784197001252e-16,,False
Cu2Ca0.5Cd0.5Zr1Te4_kesterite,1.5625056803969528e-10,1.2500009916038834e-09,0.0,0.0,True
Cu2Ca0.5Cd0.5Zr1Te4_stannite,2.656250019938966e-08,2.1250000514783096e-07,3.333333253863202e-08,0.0,True
Cu2Ca0.5Sr0.5Ge1S4_kesterite,3.453124941543706e-08,2.7624999887621016e-07,3.333333342681044e-08,0.0,True
Cu2Ca0.5Sr0.5Ge1S4_stannite,6.687499931601337e-08,5.349999980808207e-07,3.333333342681044e-08,0.0,True
Cu2Ca0.5Sr0.5Ge1Se4_kesterite,4.0937499168336444e-08,3.275000040048326e-07,4.440892098500626e-16,0.0,True
Cu2Ca0.5Sr0.5Ge1Se4_stannite,3.218750022071504e-08,2.5750001242386134e-07,3.333333253863202e-08,0.0,True
Cu2Ca0.5Sr0.5Ge1Te4_kesterite,6.828124954338932e-08,5.462499998998283e-07,3.333333342681044e-08,0.24639999999999773,False
Cu2Ca0.5Sr0.5Ge1Te4_stannite,7.812500424364544e-09,6.249999984220267e-08,3.333333342681044e-08,0.0,True
Cu2Ca0.5Sr0.5Sn1S4_kesterite,4.1250000304415835e-08,3.29999998882613e-07,3.333333253863202e-08,0.0,True
Cu2Ca0.5Sr0.5Sn1S4_stannite,1.62500000122634e-08,1.2999999654539351e-07,3.333333342681044e-08,0.0,True
Cu2Ca0.5Sr0.5Sn1Se4_kesterite,5.6406250781293465e-08,4.5125000269763405e-07,3.333333342681044e-08,0.0,True
Cu2Ca0.5Sr0.5Sn1Se4_stannite,3.281249894016014e-08,2.624999950739948e-07,3.333333342681044e-08,0.0,True
Cu2Ca0.5Sr0.5Sn1Te4_kesterite,4.4375000118890284e-08,3.5500000450383595e-07,8.881784197001252e-16,0.011600000000001387,False
Cu2Ca0.5Sr0.5Zr1S4_kesterite,1.2343749578036523e-08,9.875000017700586e-08,3.333333342681044e-08,,False
Cu2Ca0.5Sr0.5Zr1S4_stannite,5.1250000243641125e-08,4.099999983964153e-07,3.333333253863202e-08,,False
Cu2Ca0.5Sr0.5Zr1Se4_kesterite,3.2656250592566494e-08,2.612499940823909e-07,0.0,0.0,True
Cu2Ca0.5Sr0.5Zr1Se4_stannite,2.5781250467815653e-08,2.0624999308438419e-07,3.333333342681044e-08,0.0,True
Cu2Ca0.5Sr0.5Zr1Te4_kesterite,3.078124910516067e-08,2.4624999639399903e-07,3.333333342681044e-08,0.0,True
Cu2Ca0.5Sr0.5Zr1Te4_stannite,5.250000034706659e-08,4.1999999922381903e-07,3.333333431498886e-08,0.0,True
Cu2Ca0.5Zn0.5Ge1S4_kesterite,4.656249918966182e-08,3.7249999707000825e-07,3.333333431498886e-08,0.0,True
Cu2Ca0.5Zn0.5Ge1S4_stannite,7.500001064641992e-09,6.000000496442226e-08,3.333333342681044e-08,0.0,True
Cu2Ca0.5Zn0.5Ge1Se4_kesterite,2.8125000550716095e-08,2.2499999374758772e-07,3.333333253863202e-08,0.0,True
Cu2Ca0.5Zn0.5Ge1Se4_stannite,1.7031249743837407e-08,1.362500086088403e-07,3.333333342681044e-08,0.0,True
Cu2Ca0.5Zn0.5Ge1Te4_kesterite,5.0937500883918574e-08,4.0749999641320755e-07,0.0,,False
Cu2Ca0.5Zn0.5Ge1Te4_stannite,5.453125018206606e-08,4.362500121146695e-07,1.7763568394002505e-15,0.0,True
Cu2Ca0.5Zn0.5Sn1S4_kesterite,3.1250002585636594e-09,2.4999998515795596e-08,0.0,0.0,True
Cu2Ca0.5Zn0.5Sn1S4_stannite,4.109374929228693e-08,3.287499978910091e-07,3.333333342681044e-08,0.0,True
Cu2Ca0.5Zn0.5Sn1Se4_kesterite,3.4062499043585603e-08,2.724999959013985e-07,3.333333431498886e-08,0.0,True
Cu2Ca0.5Zn0.5Sn1Se4_stannite,2.281249988911327e-08,1.8250000266561983e-07,0.0,0.0,True
Cu2Ca0.5Zn0.5Sn1Te4_kesterite,7.499999954418968e-08,6.000000070116585e-07,0.0,0.0,True
Cu2Ca0.5Zn0.5Sn1Te4_stannite,5.4375000946293994e-08,4.349999969122109e-07,3.333333253863202e-08,0.0,True
Cu2Ca0.5Zn0.5Zr1S4_kesterite,1.515625003278842e-08,1.212499967095937e-07,0.0,,False
Cu2Ca0.5Zn0.5Zr1S4_stannite,2.0781249165935378e-08,1.662499968801967e-07,3.333333342681044e-08,0.0,True
Cu2Ca0.5Zn0.5Zr1Se4_kesterite,3.4375000179664994e-08,2.7499999788460627e-07,3.333333342681044e-08,0.0,True
Cu2Ca0.5Zn0.5Zr1Se4_stannite,2.9218749642012654e-08,2.337500006888149e-07,8.881784197001252e-16,0.0,True
Cu2Ca0.5Zn0.5Zr1Te4_kesterite,1.4531249536986479e-08,1.1624999984860551e-07,0.0,0.0,True
Cu2Ca0.5Zn0.5Zr1Te4_stannite,7.812499536186124e-09,6.249999984220267e-08,3.333333253863202e-08,0.0,True
Cu2Ca1Ge0.5Zr0.5S4_kesterite,4.562499977822654e-08,3.649999982258123e-07,3.333333342681044e-08,,False
Cu2Ca1Ge0.5Zr0.5S4_stannite,7.515625011222937e-08,6.01250000897835e-07,0.0,,False
Cu2Ca1Ge0.5Zr0.5Se4_kesterite,4.312500045955403e-08,3.450000107818596e-07,0.0,0.0,True
Cu2Ca1Ge0.5Zr0.5Te4_stannite,2.5312499651874987e-08,2.024999972149999e-07,8.881784197001252e-16,0.0,True
Cu2Ca1Ge1S2Se1Te1_kesterite,1.765624935146093e-08,1.412499983644011e-07,0.0,0.0,True
Cu2Ca1Ge1S2Se2_kesterite,2.7031249683062697e-08,2.1625000101721525e-07,0.0,0.0,True
Cu2Ca1Ge1S2Se2_stannite,3.8437500737842356e-08,3.0750000235002517e-07,4.440892098500626e-16,0.0,True
Cu2Ca1Ge1S2Te2_kesterite,5.421874993416509e-08,4.337500030260344e-07,0.0,0.0,True
Cu2Ca1Ge1S2Te2_stannite,5.625000465414587e-09,4.5000000170603016e-08,3.333333253863202e-08,,False
Cu2Ca1Ge1S3Te1_kesterite,4.5781249902177024e-08,3.662499992174162e-07,0.0,0.0,True
Cu2Ca1Ge1S3Te1_stannite,2.17187503537275e-08,1.7375000282982e-07,3.333333342681044e-08,0.0,True
Cu2Ca1Ge1S4_kesterite,8.124999784087095e-09,6.500000182541044e-08,3.333333342681044e-08,0.0,True
Cu2Ca1Ge1S4_stannite,8.125000672265514e-09,6.500000182541044e-08,0.0,0.0,True
Cu2Ca1Ge1Se1Te3_kesterite,5.4843749763833216e-08,4.3874999988702257e-07,3.333333431498886e-08,,False
Cu2Ca1Ge1Se2Te2_kesterite,2.1562499785687805e-08,1.7249999473278876e-07,3.333333342681044e-08,0.0,True
Cu2Ca1Ge1Se3Te1_kesterite,3.062500031347781e-08,2.450000025078225e-07,3.333333431498886e-08,,False
Cu2Ca1Ge1Se4_kesterite,2.2500000529390718e-08,1.8000000068241206e-07,3.333333342681044e-08,0.0,True
Cu2Ca1Ge1Se4_stannite,2.8749999270161197e-08,2.2999999771400326e-07,3.333333298272123e-08,0.0,True
Cu2Ca1Ge1Te4_kesterite,1.2500005475146736e-09,1.000000082740371e-08,3.333333342681044e-08,0.0,True
Cu2Ca1Ge1Te4_stannite,2.312500102519266e-08,1.850000046488276e-07,3.333333253863202e-08,0.0,True
Cu2Ca1Sn0.5Ge0.5S4_kesterite,7.093750031827994e-08,5.675000025462396e-07,3.333333342681044e-08,,False
Cu2Ca1Sn0.5Ge0.5S4_stannite,5.5000000109828306e-08,4.4000000087862645e-07,3.333333342681044e-08,0.0,True
Cu2Ca1Sn0.5Ge0.5Se4_kesterite,2.7499999610824943e-08,2.1999999688659955e-07,4.440892098500626e-16,0.0,True
Cu2Ca1Sn0.5Ge0.5Te4_kesterite,6.468750068933105e-08,5.175000055146484e-07,3.333333342681044e-08,0.051499999999997215,False
Cu2Ca1Sn0.5Zr0.5S4_kesterite,4.06250002527031e-08,3.250000020216248e-07,3.333333342681044e-08,,False
Cu2Ca1Sn0.5Zr0.5S4_stannite,4.9531250212453415e-08,3.962500016996273e-07,3.333333342681044e-08,0.0,True
Cu2Ca1Sn0.5Zr0.5Se4_kesterite,2.687500000320142e-08,2.1500000713103873e-07,4.440892098500626e-16,,False
Cu2Ca1Sn0.5Zr0.5Se4_stannite,5.7812500564580205e-08,4.624999974112143e-07,3.333333253863202e-08,0.0,True
Cu2Ca1Sn0.5Zr0.5Te4_kesterite,1.7656250683728558e-08,1.4125000546982847e-07,3.333333431498886e-08,0.0,True
Cu2Ca1Sn0.5Zr0.5Te4_stannite,2.9843749693725385e-08,2.387499975498031e-07,3.333333431498886e-08,0.0,True
Cu2Ca1Sn1S1Se2Te1_kesterite,6.250000073038109e-09,5.000000413701855e-08,3.333333342681044e-08,0.0,True
Cu2Ca1Sn1S1Se2Te1_stannite,6.93749995228643e-08,5.549999997356281e-07,8.881784197001252e-16,0.0,True
Cu2Ca1Sn1S1Se3_kesterite,2.7343750375052878e-08,2.1875000300042302e-07,0.0,0.0,True
Cu2Ca1Sn1S1Te3_kesterite,6.0937499490876235e-09,4.8750003145414667e-08,3.333333342681044e-08,0.06109999999999971,False
Cu2Ca1Sn1S1Te3_stannite,3.906249101959247e-09,3.1249996368387656e-08,3.333333342681044e-08,0.0,True
Cu2Ca1Sn1S2Se1Te1_kesterite,1.7499999227510443e-08,1.3999999737279722e-07,3.333333342681044e-08,,False
Cu2Ca1Sn1S2Se1Te1_stannite,7.250000022551717e-08,5.799999982514237e-07,8.881784197001252e-16,0.0,True
Cu2Ca1Sn1S2Se2_kesterite,1.312500108596737e-08,1.0500000513502528e-07,3.333333342681044e-08,0.0,True
Cu2Ca1Sn1S2Se2_stannite,6.515624972891487e-08,5.212500013840327e-07,3.333333387089965e-08,0.0,True
Cu2Ca1Sn1S2Te2_kesterite,1.4062500941491862e-08,1.1250000397922122e-07,0.0,0.0,True
Cu2Ca1Sn1S2Te2_stannite,4.374999962308834e-08,3.500000005374204e-07,0.0,0.0,True
Cu2Ca1Sn1S3Se1_kesterite,5.937499381047928e-09,4.7499995048383425e-08,4.440892098500626e-16,0.0,True
Cu2Ca1Sn1S3Te1_kesterite,2.3906249424499038e-08,1.912499953959923e-07,3.333333431498886e-08,0.0,True
Cu2Ca1Sn1S4_kesterite,1.2499998813808588e-08,9.999999406318238e-08,3.333333342681044e-08,0.0,True
Cu2Ca1Sn1Se1Te3_kesterite,6.671875074637512e-08,5.337500041946441e-07,3.333333076227518e-08,0.012900000000000134,False
Cu2Ca1Sn1Se1Te3_stannite,3.7656250340134534e-08,3.012500044974331e-07,0.0,0.0,True
Cu2Ca1Sn1Se2Te2_kesterite,3.5781249518862523e-08,2.8624999970361387e-07,0.0,0.06720000000000326,False
Cu2Ca1Sn1Se3Te1_kesterite,6.921874984300302e-08,5.537499987440242e-07,3.333333342681044e-08,0.0,True
Cu2Ca1Sn1Se4_kesterite,5.625000465414587e-09,4.5000000170603016e-08,3.333333342681044e-08,0.0,True
Cu2Ca1Sn1Se4_stannite,9.374998999334139e-09,7.499999554738679e-08,3.333333342681044e-08,0.0,True
Cu2Ca1Sn1Te4_kesterite,1.1249999598561544e-08,9.000000034120603e-08,3.333333431498886e-08,0.0020000000000024443,True
Cu2Ca1Sn1Te4_stannite,2.5624999455686748e-08,2.0499999919820766e-07,3.333333431498886e-08,0.0,True
Cu2Ca1Zr1S1Se2Te1_kesterite,2.7343749042785248e-08,2.1874999589499566e-07,0.0,0.0,True
Cu2Ca1Zr1S1Se2Te1_stannite,7.625000053579356e-08,6.100000007336348e-07,3.333333342681044e-08,0.0,True
Cu2Ca1Zr1S1Se3_kesterite,1.3906250373452167e-08,1.1125000298761734e-07,3.333333253863202e-08,0.0,True
Cu2Ca1Zr1S1Se3_stannite,5.625000021325377e-09,4.5000000170603016e-08,3.333333387089965e-08,0.0,True
Cu2Ca1Zr1S1Te3_kesterite,6.656249995629082e-08,5.325000032030403e-07,3.333333431498886e-08,0.9889999999999999,False
Cu2Ca1Zr1S1Te3_stannite,1.2499999701987008e-08,1.0000000116860974e-07,3.333333431498886e-08,0.0,True
Cu2Ca1Zr1S2Se1Te1_kesterite,2.7500000054914153e-08,2.200000039920269e-07,0.0,0.0,True
Cu2Ca1Zr1S2Se2_kesterite,1.968750007463882e-08,1.5750000414982424e-07,3.333333342681044e-08,0.0,True
Cu2Ca1Zr1S2Te2_stannite,5.031250038811663e-08,4.024999995522194e-07,0.0,0.0,True
Cu2Ca1Zr1S3Se1_stannite,4.593750002612751e-08,3.6750000020902007e-07,3.333333342681044e-08,0.0,True
Cu2Ca1Zr1S4_kesterite,2.7500000943092573e-08,2.200000039920269e-07,3.333333387089965e-08,,False
Cu2Ca1Zr1S4_stannite,6.343750014181637e-08,5.075000046872447e-07,8.881784197001252e-16,0.0,True
Cu2Ca1Zr1Se1Te3_stannite,2.921874986405726e-08,2.337500006888149e-07,3.333333342681044e-08,0.0,True
Cu2Ca1Zr1Se2Te2_kesterite,6.718750045209276e-08,5.375000000640284e-07,3.333333342681044e-08,0.0,True
Cu2Ca1Zr1Se3Te1_kesterite,5.42187503782543e-08,4.337500030260344e-07,0.0,0.0,True
Cu2Ca1Zr1Se3Te1_stannite,2.2187499837400537e-08,1.774999986992043e-07,3.333333431498886e-08,0.0,True
Cu2Ca1Zr1Se4_kesterite,1.2187500342264457e-08,9.749999918540198e-08,3.333333342681044e-08,0.0,True
Cu2Ca1Zr1Se4_stannite,7.218749908943778e-08,5.774999962682159e-07,0.0,,False
Cu2Ca1Zr1Te4_kesterite,5.359374943836315e-08,4.2874999905961886e-07,0.0,0.0,True
Cu2Ca1Zr1Te4_stannite,6.062500057524289e-08,4.850000010492295e-07,3.333333253863202e-08,0.0,True
Cu2Cd1Ge0.5Zr0.5S4_kesterite,5.734374930455033e-08,4.5875000154183e-07,3.333333342681044e-08,0.0,True
Cu2Cd1Ge0.5Zr0.5S4_stannite,5.249999901479896e-08,4.1999999922381903e-07,0.0,0.0,True
Cu2Cd1Ge0.5Zr0.5Se4_kesterite,2.656250330801413e-09,2.1250002646411303e-08,0.0,0.0,True
Cu2Cd1Ge0.5Zr0.5Se4_stannite,2.7499998722646524e-08,2.199999897811722e-07,3.333333431498886e-08,0.0,True
Cu2Cd1Ge0.5Zr0.5Te4_kesterite,2.7187500251102392e-08,2.1749999490339178e-07,3.333333431498886e-08,0.0,True
Cu2Cd1Ge0.5Zr0.5Te4_stannite,7.312499850087306e-08,5.849999951124119e-07,3.333333253863202e-08,0.0,True
Cu2Cd1Ge1S1Se1Te2_kesterite,7.671874979742199e-08,6.137500037084465e-07,3.333333253863202e-08,,False
Cu2Cd1Ge1S1Se1Te2_stannite,2.984374902759157e-08,2.387499975498031e-07,3.333333253863202e-08,0.002700000000000813,True
Cu2Cd1Ge1S1Se2Te1_kesterite,7.312499983314069e-08,5.850000022178392e-07,3.333333431498886e-08,0.0,True
Cu2Cd1Ge1S1Se2Te1_stannite,6.578125022471681e-08,5.262499982450208e-07,3.333333342681044e-08,0.08840000000000003,False
Cu2Cd1Ge1S1Se3_kesterite,2.4374999796350494e-08,1.950000054762313e-07,3.333333342681044e-08,0.0,True
Cu2Cd1Ge1S1Se3_stannite,2.500001095029347e-09,2.000000165480742e-08,0.0,0.0,True
Cu2Cd1Ge1S1Te3_kesterite,7.562500092817004e-08,6.050000038726466e-07,3.333333431498886e-08,0.03870000000000218,False
Cu2Cd1Ge1S1Te3_stannite,7.703125026736757e-08,6.162499985862269e-07,3.333333253863202e-08,0.01150000000000162,False
Cu2Cd1Ge1S2Se1Te1_kesterite,2.125000064800986e-08,1.6999999985500835e-07,3.333333253863202e-08,0.0,True
Cu2Cd1Ge1S2Se2_kesterite,3.06249998693886e-08,2.450000025078225e-07,0.0,0.0,True
Cu2Cd1Ge1S2Se2_stannite,6.609374958443937e-08,5.287500002282286e-07,3.333333342681044e-08,0.0,True
Cu2Cd1Ge1S2Te2_kesterite,7.359375109317057e-08,5.887500051926509e-07,3.333333342681044e-08,1.0026000000000002,False
Cu2Cd1Ge1S2Te2_stannite,5.9218750347866944e-08,4.737499992302219e-07,3.333333431498886e-08,0.9370000000000003,False
Cu2Cd1Ge1S3Se1_kesterite,2.859375136665676e-08,2.2875000382782673e-07,3.333333342681044e-08,0.0,True
Cu2Cd1Ge1S3Se1_stannite,7.781249955485237e-08,6.225000035442463e-07,3.333333342681044e-08,0.0,True
Cu2Cd1Ge1S3Te1_kesterite,1.796874915527269e-08,1.4375000034760888e-07,3.333333431498886e-08,0.0,True
Cu2Cd1Ge1S3Te1_stannite,6.39062491814002e-08,5.11250000556629e-07,3.333333431498886e-08,,False
Cu2Cd1Ge1S4_kesterite,1.0624999102759602e-08,8.49999963747905e-08,8.881784197001252e-16,0.0,True
Cu2Cd1Ge1S4_stannite,1.1875000094363486e-08,9.500000430762157e-08,8.881784197001252e-16,0.0,True
Cu2Cd1Ge1Se1Te3_kesterite,7.140625157830982e-08,5.712500055210512e-07,3.333333253863202e-08,0.12959999999999994,False
Cu2Cd1Ge1Se1Te3_stannite,7.640624932747642e-08,6.112500017252387e-07,3.333333253863202e-08,,False
Cu2Cd1Ge1Se2Te2_kesterite,7.718749950313963e-08,6.174999995778307e-07,3.333333431498886e-08,0.0,True
Cu2Cd1Ge1Se2Te2_stannite,5.390625057444254e-08,4.312500010428266e-07,0.0,,False
Cu2Cd1Ge1Se3Te1_kesterite,4.968749856004706e-08,3.9749999558580384e-07,3.333333431498886e-08,0.015800000000002257,False
Cu2Cd1Ge1Se3Te1_stannite,1.5625101212890513e-10,1.2500009916038834e-09,3.333333342681044e-08,0.0,True
Cu2Cd1Ge1Se4_kesterite,2.1250000425965254e-08,1.6999999985500835e-07,3.333333342681044e-08,0.0,True
Cu2Cd1Ge1Se4_stannite,4.440892098500626e-16,0.0,3.333333342681044e-08,0.0,True
Cu2Cd1Ge1Te4_kesterite,3.1250002585636594e-09,2.4999998515795596e-08,3.333333431498886e-08,0.0,True
Cu2Cd1Ge1Te4_stannite,2.937500065414156e-08,2.350000016804188e-07,3.333333253863202e-08,0.2768999999999995,False
Cu2Cd1Sn0.5Ge0.5S4_kesterite,1.9062500022926088e-08,1.525000001834087e-07,3.333333342681044e-08,0.0,True
Cu2Cd1Sn0.5Ge0.5S4_stannite,7.968750104225819e-09,6.375000083380655e-08,3.333333342681044e-08,0.0,True
Cu2Cd1Sn0.5Ge0.5Se4_kesterite,4.06250002527031e-08,3.250000020216248e-07,3.333333431498886e-08,0.0,True
Cu2Cd1Sn0.5Ge0.5Se4_stannite,3.546874971505076e-08,2.837499977204061e-07,3.333333342681044e-08,0.0,True
Cu2Cd1Sn0.5Ge0.5Te4_kesterite,4.421875043902901e-08,3.5375000351223207e-07,3.333333253863202e-08,1.0507,False
Cu2Cd1Sn0.5Ge0.5Te4_stannite,5.4687499861927336e-08,4.374999988954187e-07,1.7763568394002505e-15,0.21110000000000007,False
Cu2Cd1Sn0.5Zr0.5S4_kesterite,4.85937494687505e-08,3.887500028554314e-07,8.881784197001252e-16,0.0,True
Cu2Cd1Sn0.5Zr0.5S4_stannite,3.484375099560566e-08,2.787500008594179e-07,0.0,0.0,True
Cu2Cd1Sn0.5Zr0.5Se4_kesterite,4.374999917899913e-08,3.500000005374204e-07,3.333333253863202e-08,0.0,True
Cu2Cd1Sn0.5Zr0.5Te4_kesterite,3.859375041770363e-08,3.087499962362017e-07,3.333333253863202e-08,0.0,True
Cu2Cd1Sn0.5Zr0.5Te4_stannite,6.187500112275757e-08,4.950000018766332e-07,3.333333431498886e-08,0.0,True
Cu2Cd1Sn1S1Se1Te2_kesterite,4.890625127096371e-08,3.9125000483863914e-07,3.333333253863202e-08,0.4089999999999998,False
Cu2Cd1Sn1S1Se1Te2_stannite,3.546875038118458e-08,2.837499977204061e-07,0.0,0.015699999999998937,False
Cu2Cd1Sn1S1Se2Te1_kesterite,5.937498936958718e-09,4.7499995048383425e-08,8.881784197001252e-16,0.033900000000002706,False
Cu2Cd1Sn1S1Se2Te1_stannite,3.515624902306058e-08,2.8124999573719833e-07,8.881784197001252e-16,0.0018999999999991246,True
Cu2Cd1Sn1S1Se3_kesterite,3.2656251036655704e-08,2.6125000118781827e-07,3.333333342681044e-08,0.0002999999999993008,True
Cu2Cd1Sn1S1Se3_stannite,5.625000909503797e-09,4.5000000170603016e-08,3.333333431498886e-08,0.0,True
Cu2Cd1Sn1S1Te3_kesterite,3.515624902306058e-08,2.8124999573719833e-07,3.333333253863202e-08,0.08220000000000027,False
Cu2Cd1Sn1S1Te3_stannite,7.343750052513087e-09,5.8750003972818376e-08,1.7763568394002505e-15,0.013400000000000745,False
Cu2Cd1Sn1S2Se1Te1_kesterite,5.015624915394312e-08,4.012499985606155e-07,0.0,0.2126999999999999,False
Cu2Cd1Sn1S2Se2_kesterite,5.968749983153998e-08,4.775000022050335e-07,3.333333342681044e-08,0.0,True
Cu2Cd1Sn1S2Se2_stannite,6.703124943996386e-08,5.362499990724245e-07,8.881784197001252e-16,0.0,True
Cu2Cd1Sn1S2Te2_kesterite,6.59375003486673e-08,5.274999992366247e-07,3.333333342681044e-08,0.13289999999999935,False
Cu2Cd1Sn1S2Te2_stannite,1.171874908223458e-08,9.374999621059033e-08,3.333333253863202e-08,0.11700000000000088,False
Cu2Cd1Sn1S3Se1_kesterite,6.281250009010364e-08,5.025000007208291e-07,3.333333342681044e-08,,False
Cu2Cd1Sn1S3Se1_stannite,5.4374999614026365e-08,4.349999969122109e-07,0.0,0.0,True
Cu2Cd1Sn1S3Te1_kesterite,2.1562499341598595e-08,1.7250000183821612e-07,3.333333342681044e-08,0.0,True
Cu2Cd1Sn1S3Te1_stannite,2.9218750974280283e-08,2.337500006888149e-07,3.333333253863202e-08,0.0,True
Cu2Cd1Sn1S4_stannite,1.2500000590165428e-08,1.0000000116860974e-07,8.881784197001252e-16,0.0,True
Cu2Cd1Sn1Se1Te3_kesterite,5.374999956231363e-08,4.3000000005122274e-07,1.7763568394002505e-15,0.0,True
Cu2Cd1Sn1Se1Te3_stannite,3.859374997361442e-08,3.0875000334162905e-07,3.333333253863202e-08,0.0,True
Cu2Cd1Sn1Se2Te2_stannite,7.484375030841761e-08,5.987499989146272e-07,3.333333253863202e-08,0.0,True
Cu2Cd1Sn1Se3Te1_kesterite,6.140624897454927e-08,4.912499989018215e-07,3.333333431498886e-08,0.08649999999999913,False
Cu2Cd1Sn1Se3Te1_stannite,5.531249946955086e-08,4.425000028618342e-07,3.333333342681044e-08,0.0,True
Cu2Cd1Sn1Se4_stannite,8.124999784087095e-09,6.500000182541044e-08,3.33333360913457e-08,0.020899999999999253,False
Cu2Cd1Sn1Te4_kesterite,9.374999887512558e-09,7.500000265281415e-08,3.333333431498886e-08,0.0,True
Cu2Cd1Sn1Te4_stannite,6.875000568840051e-09,5.5000000998006726e-08,3.333333431498886e-08,0.0,True
Cu2Cd1Zr1S1Se1Te2_kesterite,4.062499003865128e-09,3.249999735999154e-08,0.0,0.0,True
Cu2Cd1Zr1S1Se1Te2_stannite,3.1406250711185635e-08,2.5125000036041456e-07,3.333333342681044e-08,0.0,True
Cu2Cd1Zr1S1Se2Te1_kesterite,4.76562491691368e-08,3.812499969058081e-07,3.333333253863202e-08,0.0,True
Cu2Cd1Zr1S1Se2Te1_stannite,6.249999184859689e-09,4.999999703159119e-08,3.333333342681044e-08,0.0,True
Cu2Cd1Zr1S1Se3_stannite,7.562499870772399e-08,6.049999967672193e-07,3.333333253863202e-08,0.0,True
Cu2Cd1Zr1S1Te3_kesterite,3.203125009676455e-08,2.5624999722140274e-07,3.333333342681044e-08,,False
Cu2Cd1Zr1S1Te3_stannite,2.765625017886464e-08,2.212500049836308e-07,3.333333342681044e-08,0.0,True
Cu2Cd1Zr1S2Se1Te1_kesterite,6.718750045209276e-08,5.375000000640284e-07,8.881784197001252e-16,0.0,True
Cu2Cd1Zr1S2Se1Te1_stannite,1.5312499268560487e-08,1.2249999770119757e-07,0.0,,False
Cu2Cd1Zr1S2Se2_stannite,1.312500019778895e-08,1.0499999802959792e-07,3.333333431498886e-08,0.0,True
Cu2Cd1Zr1S2Te2_stannite,5.140625036759161e-08,4.112499993880192e-07,0.0,,False
Cu2Cd1Zr1S3Se1_stannite,1.6406249692124675e-08,1.312499975369974e-07,0.0,,False
Cu2Cd1Zr1S3Te1_kesterite,7.062499918220055e-08,5.650000005630318e-07,0.0,0.0,True
Cu2Cd1Zr1S3Te1_stannite,2.8437500354527856e-08,2.274999957307955e-07,8.881784197001252e-16,0.0,True
Cu2Cd1Zr1S4_stannite,3.7812499353861995e-08,3.0249999838360964e-07,0.0,0.0,True
Cu2Cd1Zr1Se1Te3_kesterite,3.1249991483406347e-09,2.4999998515795596e-08,0.0,0.0,True
Cu2Cd1Zr1Se1Te3_stannite,4.437499900866726e-08,3.549999973984086e-07,0.0,0.0,True
Cu2Cd1Zr1Se2Te2_kesterite,4.890625016074068e-08,3.912499977332118e-07,3.333333342681044e-08,0.0,True
Cu2Cd1Zr1Se2Te2_stannite,6.515624884073645e-08,5.212499942786053e-07,3.333333342681044e-08,0.0,True
Cu2Cd1Zr1Se3Te1_kesterite,7.296875015327942e-08,5.83749994120808e-07,3.333333342681044e-08,0.0,True
Cu2Cd1Zr1Se3Te1_stannite,4.7499998601097104e-08,3.799999959142042e-07,3.333333253863202e-08,0.0,True
Cu2Cd1Zr1Se4_kesterite,7.421875070079409e-08,5.93750002053639e-07,8.881784197001252e-16,0.0,True
Cu2Cd1Zr1Se4_stannite,4.562500022231575e-08,3.649999982258123e-07,3.333333342681044e-08,0.0,True
Cu2Cd1Zr1Te4_kesterite,5.4062499810214604e-08,4.325000020344305e-07,8.881784197001252e-16,0.0,True
Cu2Cd1Zr1Te4_stannite,4.796875119339461e-08,3.837500059944432e-07,1.7763568394002505e-15,0.0,True
Cu2Mg0.5Ba0.5Ge1S4_stannite,1.7656251127817768e-08,1.4125000546982847e-07,3.333333342681044e-08,,False
Cu2Mg0.5Ba0.5Ge1Se4_kesterite,4.203124914781142e-08,3.3624999673520506e-07,0.0,0.0,True
Cu2Mg0.5Ba0.5Ge1Se4_stannite,1.8750000219114327e-08,1.4999999820020093e-07,3.333333431498886e-08,0.0,True
Cu2Mg0.5Ba0.5Ge1Te4_kesterite,6.375000038971734e-08,5.099999995650251e-07,3.333333253863202e-08,0.7068999999999992,False
Cu2Mg0.5Ba0.5Ge1Te4_stannite,2.3906250756766667e-08,1.9125000250141966e-07,0.0,0.0,True
Cu2Mg0.5Ba0.5Sn1S4_kesterite,3.9843750965218305e-08,3.1875000416903276e-07,0.0,,False
Cu2Mg0.5Ba0.5Sn1S4_stannite,2.343749949673679e-08,1.87499999526608e-07,3.333333342681044e-08,0.0,True
Cu2Mg0.5Ba0.5Sn1Se4_kesterite,1.171875085859142e-08,9.375000331601768e-08,3.333333342681044e-08,0.0,True
Cu2Mg0.5Ba0.5Sn1Se4_stannite,2.8125000550716095e-08,2.2500000085301508e-07,3.333333342681044e-08,0.0,True
Cu2Mg0.5Ba0.5Sn1Te4_kesterite,5.8125000368391966e-08,4.6499999939442205e-07,3.33333360913457e-08,0.39780000000000015,False
Cu2Mg0.5Ba0.5Sn1Te4_stannite,6.249999939811346e-08,4.999999987376214e-07,3.333333431498886e-08,0.0,True
Cu2Mg0.5Ba0.5Zr1S4_kesterite,4.828124966493874e-08,3.8624999376679625e-07,0.0,,False
Cu2Mg0.5Ba0.5Zr1S4_stannite,2.281249988911327e-08,1.8249999556019247e-07,3.333333342681044e-08,0.0,True
Cu2Mg0.5Ba0.5Zr1Se4_kesterite,1.3906249929362957e-08,1.1125000298761734e-07,3.333333431498886e-08,0.0,True
Cu2Mg0.5Ba0.5Zr1Se4_stannite,2.8437499022260226e-08,2.274999957307955e-07,8.881784197001252e-16,0.0,True
Cu2Mg0.5Ba0.5Zr1Te4_kesterite,7.406249880048676e-08,5.924999939566078e-07,0.0,0.0,True
Cu2Mg0.5Ba0.5Zr1Te4_stannite,5.624999577236167e-09,4.5000000170603016e-08,3.333333431498886e-08,0.0,True
Cu2Mg0.5Ca0.5Ge1S4_kesterite,3.6093749766763494e-08,2.8875000168682163e-07,2.220446049250313e-16,,False
Cu2Mg0.5Ca0.5Ge1S4_stannite,7.04687503905177e-08,5.637499995714279e-07,3.333333298272123e-08,0.0,True
Cu2Mg0.5Ca0.5Ge1Se4_kesterite,6.437499910916245e-08,5.149999964260132e-07,3.333333342681044e-08,0.0,True
Cu2Mg0.5Ca0.5Ge1Se4_stannite,7.21874999776162e-08,5.774999962682159e-07,3.333333342681044e-08,0.0,True
Cu2Mg0.5Ca0.5Ge1Te4_kesterite,5.4687499417838126e-08,4.374999988954187e-07,1.7763568394002505e-15,0.1512999999999991,False
Cu2Mg0.5Ca0.5Ge1Te4_stannite,1.937499982673785e-08,1.549999950611891e-07,8.881784197001252e-16,0.0,True
Cu2Mg0.5Ca0.5Sn1S4_kesterite,1.515625003278842e-08,1.212499967095937e-07,3.333333342681044e-08,0.0,True
Cu2Mg0.5Ca0.5Sn1Se4_kesterite,6.093750837266043e-09,4.8750003145414667e-08,3.333333342681044e-08,0.0,True
Cu2Mg0.5Ca0.5Sn1Te4_kesterite,7.156249948181426e-08,5.724999994072277e-07,3.333333431498886e-08,0.0,True
Cu2Mg0.5Ca0.5Sn1Te4_stannite,6.531250074104378e-08,5.225000023756365e-07,3.333333253863202e-08,0.0,True
Cu2Mg0.5Ca0.5Zr1S4_kesterite,7.468750018446713e-08,5.974999979230233e-07,8.881784197001252e-16,,False
Cu2Mg0.5Ca0.5Zr1S4_stannite,2.656250019938966e-08,2.1250000514783096e-07,3.333333342681044e-08,0.0,True
Cu2Mg0.5Ca0.5Zr1Se4_kesterite,3.4062499043585603e-08,2.724999959013985e-07,3.333333342681044e-08,0.0,True
Cu2Mg0.5Ca0.5Zr1Se4_stannite,6.5625012091174995e-09,5.250000612022632e-08,3.333333342681044e-08,0.0,True
Cu2Mg0.5Ca0.5Zr1Te4_kesterite,3.2656250592566494e-08,2.6125000118781827e-07,0.0,0.0,True
Cu2Mg0.5Ca0.5Zr1Te4_stannite,6.874999680661631e-09,5.5000000998006726e-08,3.333333431498886e-08,0.0,True
Cu2Mg0.5Cd0.5Ge1S4_kesterite,7.234374921338826e-08,5.787499972598198e-07,3.333333431498886e-08,0.0,True
Cu2Mg0.5Cd0.5Ge1S4_stannite,9.218749763562073e-09,7.375000166121026e-08,3.333333342681044e-08,0.0,True
Cu2Mg0.5Cd0.5Ge1Se4_kesterite,2.8124999662537675e-08,2.2500000085301508e-07,3.333333431498886e-08,0.0,True
Cu2Mg0.5Cd0.5Ge1Se4_stannite,1.0937500238838993e-08,8.749999835799827e-08,3.333333342681044e-08,0.0,True
Cu2Mg0.5Cd0.5Ge1Te4_kesterite,1.656249937198595e-08,1.3249999852860128e-07,3.333333431498886e-08,0.06620000000000026,False
Cu2Mg0.5Cd0.5Ge1Te4_stannite,3.250000046861601e-08,2.600000001962144e-07,3.333333253863202e-08,0.05129999999999768,False
Cu2Mg0.5Cd0.5Sn1S4_kesterite,4.375001250167543e-09,3.5000006448626664e-08,3.333333253863202e-08,0.0,True
Cu2Mg0.5Cd0.5Sn1S4_stannite,1.4062500053313443e-08,1.1250000397922122e-07,3.333333342681044e-08,0.0,True
Cu2Mg0.5Cd0.5Sn1Se4_kesterite,7.640624977156563e-08,6.112500017252387e-07,3.333333342681044e-08,0.0,True
Cu2Mg0.5Cd0.5Sn1Se4_stannite,6.218750092656933e-08,4.975000038598409e-07,3.333333342681044e-08,0.0,True
Cu2Mg0.5Cd0.5Sn1Te4_kesterite,1.5781249640411943e-08,1.2625000067600922e-07,3.333333431498886e-08,0.0,True
Cu2Mg0.5Cd0.5Sn1Te4_stannite,5.203124997521513e-08,4.1625000335443474e-07,3.333333253863202e-08,0.0,True
Cu2Mg0.5Cd0.5Zr1S4_kesterite,5.937500047181743e-08,4.7500000022182576e-07,3.333333342681044e-08,,False
Cu2Mg0.5Cd0.5Zr1S4_stannite,3.3281249312011596e-08,2.6624999804880645e-07,3.333333342681044e-08,0.0,True
Cu2Mg0.5Cd0.5Zr1Se4_kesterite,5.859374896388658e-08,4.6874999526380634e-07,3.333333253863202e-08,,False
Cu2Mg0.5Cd0.5Zr1Se4_stannite,1.6406250136213885e-08,1.312499975369974e-07,3.333333342681044e-08,0.0,True
Cu2Mg0.5Cd0.5Zr1Te4_kesterite,7.125000101027013e-08,5.700000045294473e-07,3.333333431498886e-08,0.0,True
Cu2Mg0.5Cd0.5Zr1Te4_stannite,2.1875004030391665e-09,1.7499999671599653e-08,3.333333253863202e-08,0.0,True
Cu2Mg0.5Sr0.5Ge1S4_kesterite,6.218749915021249e-08,4.974999967544136e-07,3.333333342681044e-08,,False
Cu2Mg0.5Sr0.5Ge1S4_stannite,5.015625026416615e-08,4.012499985606155e-07,4.440892098500626e-16,0.0,True
Cu2Mg0.5Sr0.5Ge1Se4_kesterite,4.796875030521619e-08,3.8374999888901584e-07,0.0,0.0,True
Cu2Mg0.5Sr0.5Ge1Se4_stannite,5.1562499603363676e-08,4.125000003796231e-07,3.333333342681044e-08,0.0,True
Cu2Mg0.5Sr0.5Ge1Te4_stannite,4.687500609890094e-09,3.750000132640707e-08,3.333333342681044e-08,,False
Cu2Mg0.5Sr0.5Sn1S4_kesterite,6.65624990681124e-08,5.324999960976129e-07,3.333333431498886e-08,0.0,True
Cu2Mg0.5Sr0.5Sn1S4_stannite,3.1562499724913096e-08,2.5250000135201844e-07,3.333333342681044e-08,0.0,True
Cu2Mg0.5Sr0.5Sn1Se4_kesterite,1.4218751065442348e-08,1.137500049708251e-07,3.333333431498886e-08,0.0,True
Cu2Mg0.5Sr0.5Sn1Se4_stannite,6.562499921258791e-08,5.24999997253417e-07,3.333333431498886e-08,0.0,True
Cu2Mg0.5Sr0.5Sn1Te4_kesterite,5.42187503782543e-08,4.337500030260344e-07,3.333333431498886e-08,0.0,True
Cu2Mg0.5Sr0.5Sn1Te4_stannite,3.1249935972255116e-10,2.4999948777804093e-09,3.333333253863202e-08,0.0,True
Cu2Mg0.5Sr0.5Zr1S4_kesterite,3.578125040704094e-08,2.8624999970361387e-07,3.333333342681044e-08,,False
Cu2Mg0.5Sr0.5Zr1S4_stannite,6.828124954338932e-08,5.462499998998283e-07,3.333333342681044e-08,0.0,True
Cu2Mg0.5Sr0.5Zr1Se4_kesterite,4.5781249458087814e-08,3.662499992174162e-07,0.0,,False
Cu2Mg0.5Sr0.5Zr1Te4_kesterite,7.156249948181426e-08,5.724999994072277e-07,3.333333253863202e-08,0.0,True
Cu2Mg0.5Sr0.5Zr1Te4_stannite,1.7187498979609472e-08,1.3749999538958946e-07,8.881784197001252e-16,0.0,True
Cu2Mg0.5Zn0.5Ge1S4_kesterite,8.59375104411697e-09,6.875000480022209e-08,3.333333298272123e-08,0.0,True
Cu2Mg0.5Zn0.5Ge1S4_stannite,6.312499900573698e-08,5.049999955986095e-07,3.333333342681044e-08,0.0,True
Cu2Mg0.5Zn0.5Ge1Se4_kesterite,6.812499941943884e-08,5.449999989082244e-07,3.333333253863202e-08,0.0,True
Cu2Mg0.5Zn0.5Ge1Se4_stannite,5.7812501008669415e-08,4.6250000451664164e-07,3.333333342681044e-08,0.0,True
Cu2Mg0.5Zn0.5Ge1Te4_kesterite,5.5000000553917516e-08,4.399999937731991e-07,3.333333431498886e-08,0.10600000000000165,False
Cu2Mg0.5Zn0.5Ge1Te4_stannite,3.4687500427565965e-08,2.774999927623867e-07,0.0,0.02999999999999936,False
Cu2Mg0.5Zn0.5Sn1S4_kesterite,8.593749267760131e-09,6.874999769479473e-08,0.0,0.0,True
Cu2Mg0.5Zn0.5Sn1S4_stannite,6.140624941863848e-08,4.912499989018215e-07,8.881784197001252e-16,0.0,True
Cu2Mg0.5Zn0.5Sn1Se4_kesterite,5.734375063681796e-08,4.5875000154183e-07,0.0,0.0,True
Cu2Mg0.5Zn0.5Sn1Se4_stannite,6.875000568840051e-09,5.5000000998006726e-08,3.333333342681044e-08,0.0,True
Cu2Mg0.5Zn0.5Sn1Te4_kesterite,7.171875049394316e-08,5.737499932934043e-07,3.333333431498886e-08,0.0,True
Cu2Mg0.5Zn0.5Sn1Te4_stannite,4.9218750408641654e-08,3.937499926109922e-07,0.0,0.0,True
Cu2Mg0.5Zn0.5Zr1S4_kesterite,7.328124995709118e-08,5.862500032094431e-07,3.333333253863202e-08,,False
Cu2Mg0.5Zn0.5Zr1S4_stannite,2.6718749435161726e-08,2.137499990340075e-07,3.333333342681044e-08,0.0,True
Cu2Mg0.5Zn0.5Zr1Se4_kesterite,4.062500114088152e-09,3.25000044654189e-08,3.333333431498886e-08,,False
Cu2Mg0.5Zn0.5Zr1Se4_stannite,4.4062499870989313e-08,3.525000025206282e-07,8.881784197001252e-16,0.0,True
Cu2Mg0.5Zn0.5Zr1Te4_kesterite,3.453125030361548e-08,2.7624999887621016e-07,8.881784197001252e-16,0.0,True
Cu2Mg0.5Zn0.5Zr1Te4_stannite,2.2343749517261813e-08,1.7874999969080818e-07,3.333333253863202e-08,0.0,True
Cu2Mg1Ge0.5Zr0.5S4_kesterite,1.1718748638145371e-08,9.374999621059033e-08,3.333333342681044e-08,,False
Cu2Mg1Ge0.5Zr0.5S4_stannite,4.3281249695326096e-08,3.4625000466803613e-07,3.333333298272123e-08,0.0,True
Cu2Mg1Ge0.5Zr0.5Se4_kesterite,2.3593750952954906e-08,1.887500005182119e-07,8.881784197001252e-16,,False
Cu2Mg1Ge0.5Zr0.5Se4_stannite,6.406250641077804e-09,5.1249998023195076e-08,0.0,0.0,True
Cu2Mg1Ge0.5Zr0.5Te4_kesterite,1.999999899027216e-08,1.5999999902760464e-07,0.0,0.0,True
Cu2Mg1Ge0.5Zr0.5Te4_stannite,5.250000167933422e-08,4.200000063292464e-07,3.333333342681044e-08,0.0,True
Cu2Mg1Ge1S1Se1Te2_kesterite,2.0624998819940288e-08,1.6499999588859282e-07,0.0,0.0,True
Cu2Mg1Ge1S1Se1Te2_stannite,1.781249925336681e-08,1.42499999356005e-07,3.333333342681044e-08,0.0,True
Cu2Mg1Ge1S1Se2Te1_kesterite,6.078124892283654e-08,4.86249994935406e-07,0.0,0.0,True
Cu2Mg1Ge1S1Se2Te1_stannite,1.8906250343064812e-08,1.5125000629723218e-07,0.0,0.0,True
Cu2Mg1Ge1S1Se3_kesterite,5.2968748498471996e-08,4.237499950932033e-07,3.333333298272123e-08,0.0,True
Cu2Mg1Ge1S1Se3_stannite,2.4687500932429884e-08,1.9750000035401172e-07,0.0,0.0,True
Cu2Mg1Ge1S1Te3_kesterite,4.046874968466341e-08,3.237499939245936e-07,3.333333342681044e-08,0.0,True
Cu2Mg1Ge1S1Te3_stannite,2.0624999930163312e-08,1.6500000299402018e-07,8.881784197001252e-16,,False
Cu2Mg1Ge1S2Se1Te1_kesterite,2.7187499584968577e-08,2.1750000200881914e-07,3.333333342681044e-08,0.0,True
Cu2Mg1Ge1S2Se1Te1_stannite,5.546875025963516e-08,4.4374999674801074e-07,0.0,0.0,True
Cu2Mg1Ge1S2Se2_kesterite,3.250000046861601e-08,2.600000001962144e-07,3.333333298272123e-08,0.0,True
Cu2Mg1Ge1S2Se2_stannite,1.937499982673785e-08,1.5500000216661647e-07,3.333333298272123e-08,0.0,True
Cu2Mg1Ge1S2Te2_kesterite,7.593749939971417e-08,6.07499998750427e-07,3.333333342681044e-08,0.0,True
Cu2Mg1Ge1S2Te2_stannite,4.687499943756279e-08,3.74999999053216e-07,3.333333342681044e-08,0.0,True
Cu2Mg1Ge1S3Se1_kesterite,5.671874880874839e-08,4.5374999757541445e-07,3.333333342681044e-08,0.0,True
Cu2Mg1Ge1S3Se1_stannite,6.78125005038055e-08,5.424999969250166e-07,3.333333342681044e-08,0.0,True
Cu2Mg1Ge1S3Te1_kesterite,2.593749925949851e-08,2.0750000118141543e-07,8.881784197001252e-16,0.0,True
Cu2Mg1Ge1S3Te1_stannite,5.859374940797579e-08,4.687500023692337e-07,3.333333431498886e-08,0.0,True
Cu2Mg1Ge1S4_kesterite,4.999999969612645e-09,3.999999620418748e-08,0.0,0.0,True
Cu2Mg1Ge1S4_stannite,2.2500000529390718e-08,1.8000000068241206e-07,3.333333431498886e-08,0.0,True
Cu2Mg1Ge1Se1Te3_kesterite,7.218750108783922e-08,5.775000033736433e-07,3.333333342681044e-08,0.1971999999999987,False
Cu2Mg1Ge1Se1Te3_stannite,3.3437499213917476e-08,2.6749999904041033e-07,3.333333431498886e-08,0.002200000000001978,True
Cu2Mg1Ge1Se2Te2_kesterite,6.23437501623414e-08,4.987499977460175e-07,3.333333342681044e-08,0.0,True
Cu2Mg1Ge1Se2Te2_stannite,3.906249990137667e-09,3.1249996368387656e-08,3.333333342681044e-08,0.0,True
Cu2Mg1Ge1Se3Te1_kesterite,1.687499917579771e-08,1.3500000051180905e-07,3.333333431498886e-08,,False
Cu2Mg1Ge1Se3Te1_stannite,5.468750785553311e-09,4.374999917899913e-08,3.333333431498886e-08,9.999999999976694e-05,True
Cu2Mg1Ge1Se4_kesterite,1.2500000146076218e-08,1.0000000116860974e-07,3.333333342681044e-08,0.0,True
Cu2Mg1Ge1Se4_stannite,1.312499975369974e-08,1.0499999802959792e-07,3.333333342681044e-08,0.0,True
Cu2Mg1Ge1Te4_kesterite,1.999999987845058e-08,1.5999999902760464e-07,3.333333253863202e-08,0.0,True
Cu2Mg1Ge1Te4_stannite,1.999999943436137e-08,1.5999999902760464e-07,3.333333253863202e-08,0.0,True
Cu2Mg1Sn0.5Ge0.5S4_kesterite,2.9531250334002834e-08,2.3625000267202267e-07,3.333333342681044e-08,0.0,True
Cu2Mg1Sn0.5Ge0.5S4_stannite,6.12499997387772e-08,4.899999979102176e-07,3.333333298272123e-08,0.0,True
Cu2Mg1Sn0.5Ge0.5Se4_kesterite,7.015624969852752e-08,5.612500046936475e-07,8.881784197001252e-16,0.0,True
Cu2Mg1Sn0.5Ge0.5Se4_stannite,1.2343750022125732e-08,9.875000728243322e-08,0.0,0.0,True
Cu2Mg1Sn0.5Ge0.5Te4_kesterite,3.1562499280823886e-08,2.524999942465911e-07,3.333333431498886e-08,0.3551000000000002,False
Cu2Mg1Sn0.5Ge0.5Te4_stannite,3.593750186325906e-09,2.8750001490607247e-08,1.7763568394002505e-15,0.0,True
Cu2Mg1Sn0.5Zr0.5S4_kesterite,5.7812501452758625e-08,4.6250000451664164e-07,3.333333253863202e-08,0.0,True
Cu2Mg1Sn0.5Zr0.5S4_stannite,1.9531250394777544e-08,1.56249996052793e-07,0.0,0.0,True
Cu2Mg1Sn0.5Zr0.5Se4_kesterite,3.968749862082177e-08,3.175000031774289e-07,0.0,0.0,True
Cu2Mg1Sn0.5Zr0.5Se4_stannite,8.28124946394837e-09,6.625000992244168e-08,3.333333431498886e-08,0.0,True
Cu2Mg1Sn0.5Zr0.5Te4_kesterite,6.499999916087518e-08,5.200000003924288e-07,3.333333342681044e-08,0.0,True
Cu2Mg1Sn0.5Zr0.5Te4_stannite,5.98437512877581e-08,4.787500031966374e-07,3.333333342681044e-08,0.0,True
Cu2Mg1Sn1S1Se1Te2_kesterite,5.9687500941763e-08,4.775000022050335e-07,3.333333342681044e-08,0.0,True
Cu2Mg1Sn1S1Se1Te2_stannite,7.343750030308627e-08,5.874999970956196e-07,3.333333342681044e-08,0.0,True
Cu2Mg1Sn1S1Se2Te1_kesterite,3.562499939491204e-08,2.8499999871201e-07,3.333333342681044e-08,0.003900000000001569,True
Cu2Mg1Sn1S1Se2Te1_stannite,7.531249979209065e-08,6.025000018894389e-07,8.881784197001252e-16,0.0,True
Cu2Mg1Sn1S1Se3_kesterite,1.140624927842282e-08,9.125000133280992e-08,3.333333431498886e-08,0.0,True
Cu2Mg1Sn1S1Se3_stannite,5.078124942770046e-08,4.0625000252703103e-07,3.333333342681044e-08,0.0,True
Cu2Mg1Sn1S1Te3_kesterite,5.312499329335196e-09,4.249999818739525e-08,3.333333431498886e-08,0.03359999999999985,False
Cu2Mg1Sn1S2Se1Te1_kesterite,3.296874973024444e-08,2.6375000317102604e-07,3.333333342681044e-08,0.0,True
Cu2Mg1Sn1S2Se1Te1_stannite,3.921875069146097e-08,3.1375000020261723e-07,3.333333253863202e-08,0.0,True
Cu2Mg1Sn1S2Se2_kesterite,7.546875080421955e-08,6.037500028810427e-07,3.333333298272123e-08,0.0,True
Cu2Mg1Sn1S2Te2_kesterite,2.3906249868588247e-08,1.9125000250141966e-07,8.881784197001252e-16,0.001200000000000756,True
Cu2Mg1Sn1S2Te2_stannite,5.531249991364007e-08,4.425000028618342e-07,3.333333342681044e-08,0.0,True
Cu2Mg1Sn1S3Se1_kesterite,2.2187499837400537e-08,1.774999986992043e-07,0.0,0.0,True
Cu2Mg1Sn1S3Te1_kesterite,6.234374883007376e-08,4.987499977460175e-07,8.881784197001252e-16,0.0,True
Cu2Mg1Sn1S3Te1_stannite,5.937499381047928e-09,4.750000215381078e-08,3.333333342681044e-08,0.0,True
Cu2Mg1Sn1Se1Te3_kesterite,5.3437500424635687e-08,4.27499998068015e-07,3.333333431498886e-08,0.10219999999999985,False
Cu2Mg1Sn1Se1Te3_stannite,9.84375003731941e-09,7.87500056276258e-08,3.333333342681044e-08,0.0,True
Cu2Mg1Sn1Se2Te2_kesterite,2.515625086019213e-08,2.0125000332882337e-07,3.333333253863202e-08,0.0,True
Cu2Mg1Sn1Se2Te2_stannite,2.312499924883582e-08,1.8499999754340024e-07,0.0,0.0,True
Cu2Mg1Sn1Se3Te1_kesterite,1.9062500911104507e-08,1.525000001834087e-07,3.333333253863202e-08,0.0,True
Cu2Mg1Sn1Se3Te1_stannite,7.375000077303184e-08,5.899999990788274e-07,3.333333342681044e-08,0.0,True
Cu2Mg1Sn1Se4_stannite,2.8749999714250407e-08,2.2999999771400326e-07,8.881784197001252e-16,0.0,True
Cu2Mg1Sn1Te4_kesterite,2.687500000320142e-08,2.1500000002561137e-07,0.0,0.0,True
Cu2Mg1Sn1Te4_stannite,1.3749999805412472e-08,1.099999948905861e-07,0.0,0.0,True
Cu2Mg1Zr1S1Se1Te2_kesterite,6.34375012520394e-08,5.075000046872447e-07,0.0,0.0,True
Cu2Mg1Zr1S1Se1Te2_stannite,1.2187500564309062e-08,9.749999918540198e-08,8.881784197001252e-16,0.0,True
Cu2Mg1Zr1S1Se2Te1_kesterite,6.249999184859689e-09,4.999999703159119e-08,3.333333342681044e-08,0.0,True
Cu2Mg1Zr1S1Se2Te1_stannite,4.140625042836632e-08,3.312499998742169e-07,3.333333253863202e-08,0.0,True
Cu2Mg1Zr1S1Se3_stannite,7.328124951300197e-08,5.862500032094431e-07,3.333333342681044e-08,0.0,True
Cu2Mg1Zr1S1Te3_kesterite,3.3281249312011596e-08,2.6624999804880645e-07,3.333333342681044e-08,0.0,True
Cu2Mg1Zr1S1Te3_stannite,2.343750526989652e-09,1.8750000663203537e-08,3.333333342681044e-08,0.0,True
Cu2Mg1Zr1S2Se1Te1_kesterite,3.140625048914103e-08,2.5125000036041456e-07,3.333333342681044e-08,0.0,True
Cu2Mg1Zr1S2Se1Te1_stannite,1.8749999330935907e-08,1.4999999820020093e-07,3.333333253863202e-08,0.0,True
Cu2Mg1Zr1S2Se2_kesterite,2.2187500281489747e-08,1.774999986992043e-07,3.333333342681044e-08,0.0,True
Cu2Mg1Zr1S2Se2_stannite,4.1249999416237415e-08,3.29999998882613e-07,0.0,0.0,True
Cu2Mg1Zr1S2Te2_kesterite,5.281249970678914e-08,4.225000012070268e-07,3.333333342681044e-08,0.0,True
Cu2Mg1Zr1S2Te2_stannite,2.859375003438913e-08,2.2875000382782673e-07,0.0,0.0,True
Cu2Mg1Zr1S3Se1_stannite,1.2500000146076218e-08,1.0000000116860974e-07,3.333333342681044e-08,0.0,True
Cu2Mg1Zr1S3Te1_kesterite,5.937500002772822e-08,4.749999931163984e-07,3.333333253863202e-08,0.0,True
Cu2Mg1Zr1S3Te1_stannite,5.0937500439829364e-08,4.0749999641320755e-07,3.333333253863202e-08,0.0,True
Cu2Mg1Zr1S4_kesterite,4.375000051126676e-08,3.500000005374204e-07,3.333333342681044e-08,0.0,True
Cu2Mg1Zr1S4_stannite,7.406249968866518e-08,5.925000010620352e-07,0.0,0.0,True
Cu2Mg1Zr1Se1Te3_kesterite,5.312501327736641e-09,4.250000529282261e-08,0.0,0.0,True
Cu2Mg1Zr1Se1Te3_stannite,3.593749520192091e-09,2.8750001490607247e-08,3.333333431498886e-08,0.0,True
Cu2Mg1Zr1Se2Te2_kesterite,4.999999925203724e-08,3.999999975690116e-07,8.881784197001252e-16,0.0,True
Cu2Mg1Zr1Se2Te2_stannite,3.2968749064110625e-08,2.637499960655987e-07,0.0,0.0,True
Cu2Mg1Zr1Se3Te1_kesterite,7.812500157911018e-08,6.25000005527454e-07,3.333333342681044e-08,0.0,True
Cu2Mg1Zr1Se3Te1_stannite,4.8125000873255885e-08,3.849999998806197e-07,3.333333342681044e-08,0.0,True
Cu2Mg1Zr1Se4_kesterite,4.8437507338405794e-09,3.8750002318010957e-08,0.0,0.0,True
Cu2Mg1Zr1Se4_stannite,1.5624999516461457e-08,1.2499999968440534e-07,3.333333342681044e-08,0.0,True
Cu2Mg1Zr1Te4_kesterite,5.5000000553917516e-08,4.4000000087862645e-07,0.0,0.0,True
Cu2Mg1Zr1Te4_stannite,1.3749999805412472e-08,1.099999948905861e-07,3.333333342681044e-08,0.0,True
Cu2Sr0.5Ba0.5Ge1S4_kesterite,7.343749919286324e-08,5.87500004201047e-07,3.333333431498886e-08,,False
Cu2Sr0.5Ba0.5Ge1S4_stannite,4.906250117286959e-08,3.9249999872481567e-07,8.881784197001252e-16,0.0,True
Cu2Sr0.5Ba0.5Ge1Se4_kesterite,4.0937500944693284e-08,3.2749999689940523e-07,3.333333342681044e-08,,False
Cu2Sr0.5Ba0.5Ge1Te4_kesterite,4.937499786805688e-08,3.949999936025961e-07,0.0,1.4612999999999996,False
Cu2Sr0.5Ba0.5Ge1Te4_stannite,7.187501704919441e-09,5.750000298121449e-08,3.333333431498886e-08,0.33340000000000014,False
Cu2Sr0.5Ba0.5Sn1S4_kesterite,1.2812499949887979e-08,1.0250000315181751e-07,3.333333342681044e-08,0.0,True
Cu2Sr0.5Ba0.5Sn1S4_stannite,3.5156249911239e-08,2.8124999573719833e-07,8.881784197001252e-16,,False
Cu2Sr0.5Ba0.5Sn1Se4_kesterite,2.5781249579637233e-08,2.0625000018981154e-07,0.0,,False
Cu2Sr0.5Ba0.5Sn1Se4_stannite,1.7187500311877102e-09,1.3749996696788003e-08,3.333333342681044e-08,0.0,True
Cu2Sr0.5Ba0.5Sn1Te4_kesterite,1.1249999598561544e-08,9.000000034120603e-08,3.333333253863202e-08,0.5592000000000006,False
Cu2Sr0.5Ba0.5Sn1Te4_stannite,1.62500000122634e-08,1.2999999654539351e-07,3.333333253863202e-08,0.0,True
Cu2Sr0.5Ba0.5Zr1S4_kesterite,4.42187499949398e-08,3.5375000351223207e-07,0.0,,False
Cu2Sr0.5Ba0.5Zr1S4_stannite,6.796875107184519e-08,5.437500050220478e-07,0.0,,False
Cu2Sr0.5Ba0.5Zr1Se4_kesterite,7.671874913128818e-08,6.137499966030191e-07,8.881784197001252e-16,0.0,True
Cu2Sr0.5Ba0.5Zr1Se4_stannite,2.171874902145987e-08,1.7374999572439265e-07,8.881784197001252e-16,0.0,True
Cu2Sr0.5Ba0.5Zr1Te4_kesterite,7.437499993656616e-08,5.950000030452429e-07,3.333333342681044e-08,0.0,True
Cu2Sr0.5Ba0.5Zr1Te4_stannite,5.140625036759161e-08,4.112499993880192e-07,0.0,0.0,True
Cu2Sr0.5Cd0.5Ge1S4_stannite,7.015625103079515e-08,5.612500046936475e-07,3.333333298272123e-08,0.0,True
Cu2Sr0.5Cd0.5Ge1Se4_kesterite,3.031250050966605e-08,2.4250000052461473e-07,0.0,0.0,True
Cu2Sr0.5Cd0.5Ge1Se4_stannite,5.8124999480213546e-08,4.6499999939442205e-07,0.0,0.0,True
Cu2Sr0.5Cd0.5Ge1Te4_kesterite,2.031250279088681e-09,1.6250005785423127e-08,3.333333431498886e-08,0.11519999999999975,False
Cu2Sr0.5Cd0.5Ge1Te4_stannite,2.6093750715716624e-08,2.087500021730193e-07,3.333333431498886e-08,,False
Cu2Sr0.5Cd0.5Sn1S4_kesterite,3.96874999530894e-08,3.175000031774289e-07,3.333333342681044e-08,0.0,True
Cu2Sr0.5Cd0.5Sn1S4_stannite,8.28124901985916e-09,6.624999571158696e-08,0.0,0.0,True
Cu2Sr0.5Cd0.5Sn1Se4_kesterite,1.3749999805412472e-08,1.1000000199601345e-07,3.333333253863202e-08,0.0,True
Cu2Sr0.5Cd0.5Sn1Se4_stannite,7.499999954418968e-08,5.999999999062311e-07,3.333333253863202e-08,,False
Cu2Sr0.5Cd0.5Sn1Te4_kesterite,2.796875087085482e-08,2.2375000696683855e-07,3.333333431498886e-08,,False
Cu2Sr0.5Cd0.5Sn1Te4_stannite,3.625000033480319e-08,2.900000026784255e-07,3.333333253863202e-08,0.0,True
Cu2Sr0.5Cd0.5Zr1S4_kesterite,2.0781249165935378e-08,1.662499968801967e-07,3.333333342681044e-08,0.0,True
Cu2Sr0.5Cd0.5Zr1S4_stannite,2.2499999641212298e-08,1.8000000068241206e-07,3.333333342681044e-08,0.0,True
Cu2Sr0.5Cd0.5Zr1Se4_kesterite,3.546874927096155e-08,2.837499977204061e-07,0.0,0.0,True
Cu2Sr0.5Cd0.5Zr1Se4_stannite,4.187499991203936e-08,3.349999957436012e-07,8.881784197001252e-16,0.0,True
Cu2Sr0.5Cd0.5Zr1Te4_stannite,5.7812500120490995e-08,4.6250000451664164e-07,0.0,0.0,True
Cu2Sr0.5Zn0.5Ge1S4_kesterite,2.2187499393311327e-08,1.774999986992043e-07,0.0,0.0,True
Cu2Sr0.5Zn0.5Ge1S4_stannite,3.343749943596208e-08,2.6749999904041033e-07,3.333333342681044e-08,0.0,True
Cu2Sr0.5Zn0.5Ge1Se4_kesterite,7.812492874847976e-10,6.24999785259206e-09,0.0,0.0,True
Cu2Sr0.5Zn0.5Ge1Te4_stannite,5.5781249397313104e-08,4.462499987312185e-07,3.333333253863202e-08,,False
Cu2Sr0.5Zn0.5Sn1S4_kesterite,2.4999999848063226e-08,2.0000000233721948e-07,4.440892098500626e-16,0.0,True
Cu2Sr0.5Zn0.5Sn1S4_stannite,1.4218750177263928e-08,1.1374999786539775e-07,0.0,0.0,True
Cu2Sr0.5Zn0.5Sn1Se4_kesterite,7.609375041184308e-08,6.087499997420309e-07,3.333333253863202e-08,,False
Cu2Sr0.5Zn0.5Sn1Se4_stannite,2.343750526989652e-09,1.8750000663203537e-08,8.881784197001252e-16,0.0,True
Cu2Sr0.5Zn0.5Sn1Te4_kesterite,3.2968750396378255e-08,2.637499960655987e-07,3.333333253863202e-08,0.0,True
Cu2Sr0.5Zn0.5Sn1Te4_stannite,4.390624930294962e-08,3.512500015290243e-07,0.0,0.0,True
Cu2Sr0.5Zn0.5Zr1S4_kesterite,5.656249912888711e-08,4.5249999658381057e-07,8.881784197001252e-16,,False
Cu2Sr0.5Zn0.5Zr1S4_stannite,4.171875067626729e-08,3.3375000185742465e-07,3.333333342681044e-08,0.0,True
Cu2Sr0.5Zn0.5Zr1Se4_kesterite,3.562499939491204e-08,2.8499999871201e-07,0.0,0.0,True
Cu2Sr0.5Zn0.5Zr1Se4_stannite,4.312500001546482e-08,3.4500000367643224e-07,3.333333342681044e-08,0.0,True
Cu2Sr0.5Zn0.5Zr1Te4_kesterite,1.6093749888312914e-08,1.28750002659217e-07,3.333333342681044e-08,0.0,True
Cu2Sr0.5Zn0.5Zr1Te4_stannite,6.093749060909204e-09,4.874999603998731e-08,3.333333431498886e-08,0.0,True
Cu2Sr1Ge0.5Zr0.5S4_kesterite,4.796874897294856e-08,3.8374999888901584e-07,3.333333298272123e-08,0.0,True
Cu2Sr1Ge0.5Zr0.5S4_stannite,7.015624969852752e-08,5.612500046936475e-07,3.333333342681044e-08,0.0,True
Cu2Sr1Ge0.5Zr0.5Se4_kesterite,7.781249866667395e-08,6.224999964388189e-07,3.333333342681044e-08,0.0,True
Cu2Sr1Ge0.5Zr0.5Te4_kesterite,6.57812497806276e-08,5.262500124558755e-07,8.881784197001252e-16,0.0,True
Cu2Sr1Ge1S1Se1Te2_stannite,5.859375096228803e-08,4.687500023692337e-07,0.0,0.0,True
Cu2Sr1Ge1S1Se2Te1_kesterite,9.531250899641464e-09,7.625000364441803e-08,3.333333342681044e-08,0.0,True
Cu2Sr1Ge1S2Se2_kesterite,1.0781250114888508e-08,8.625000447182174e-08,3.333333253863202e-08,,False
Cu2Sr1Ge1S2Se2_stannite,6.57812493365384e-08,5.262499982450208e-07,3.333333253863202e-08,0.0,True
Cu2Sr1Ge1S2Te2_kesterite,3.687500038651592e-08,2.949999995394137e-07,3.333333342681044e-08,,False
Cu2Sr1Ge1S2Te2_stannite,2.9218748753834234e-08,2.3374999358338755e-07,3.333333253863202e-08,0.0,True
Cu2Sr1Ge1S3Se1_kesterite,4.562499977822654e-08,3.649999982258123e-07,3.333333298272123e-08,0.0,True
Cu2Sr1Ge1S3Se1_stannite,6.04687500072032e-08,4.837500000576256e-07,3.333333342681044e-08,0.0,True
Cu2Sr1Ge1S3Te1_kesterite,4.484375093483095e-08,3.5875000037322025e-07,3.333333253863202e-08,0.0,True
Cu2Sr1Ge1S4_kesterite,3.000000026176508e-08,2.400000056468343e-07,3.333333431498886e-08,0.0,True
Cu2Sr1Ge1S4_stannite,3.1250002585636594e-09,2.4999998515795596e-08,8.881784197001252e-16,0.0,True
Cu2Sr1Ge1Se4_kesterite,6.24999607623522e-10,4.999996860988176e-09,3.333333342681044e-08,0.0,True
Cu2Sr1Ge1Se4_stannite,2.687500000320142e-08,2.1500000002561137e-07,0.0,0.0,True
Cu2Sr1Ge1Te4_kesterite,2.62500003955779e-08,2.100000031646232e-07,1.7763568394002505e-15,0.08440000000000047,False
Cu2Sr1Sn0.5Ge0.5S4_stannite,5.046875006797791e-08,4.0375000054382326e-07,3.333333298272123e-08,0.0,True
Cu2Sr1Sn0.5Ge0.5Se4_kesterite,3.8125000045852175e-08,3.050000003668174e-07,3.333333342681044e-08,,False
Cu2Sr1Sn0.5Ge0.5Se4_stannite,2.453124992030098e-08,1.9624999936240783e-07,3.333333342681044e-08,0.0,True
Cu2Sr1Sn0.5Ge0.5Te4_stannite,3.3593750004001777e-08,2.687500000320142e-07,0.0,0.0,True
Cu2Sr1Sn0.5Zr0.5S4_kesterite,7.078125108250788e-08,5.662500015546357e-07,3.333333342681044e-08,,False
Cu2Sr1Sn0.5Zr0.5S4_stannite,3.2812508266033547e-09,2.624999950739948e-08,3.333333342681044e-08,,False
Cu2Sr1Sn0.5Zr0.5Se4_kesterite,4.9218750852730864e-08,3.9374999971641955e-07,3.333333342681044e-08,,False
Cu2Sr1Sn0.5Zr0.5Se4_stannite,4.9531250212453415e-08,3.9624999459419996e-07,3.333333342681044e-08,0.0,True
Cu2Sr1Sn1S1Se3_stannite,7.76562503190803e-08,6.21249995447215e-07,8.881784197001252e-16,0.0,True
Cu2Sr1Sn1S1Te3_kesterite,1.34374995575115e-08,1.0750000001280569e-07,3.333333253863202e-08,0.18149999999999977,False
Cu2Sr1Sn1S1Te3_stannite,1.1718749970413e-08,9.375000331601768e-08,3.333333253863202e-08,0.0,True
Cu2Sr1Sn1S2Se1Te1_kesterite,2.4999999848063226e-08,1.9999999523179213e-07,0.0,0.0,True
Cu2Sr1Sn1S2Se1Te1_stannite,3.390624980781354e-08,2.712499949097946e-07,0.0,0.0,True
Cu2Sr1Sn1S2Se2_stannite,2.8125000106626885e-09,2.249999653258783e-08,3.333333342681044e-08,0.0,True
Cu2Sr1Sn1S2Te2_kesterite,7.156249948181426e-08,5.724999994072277e-07,3.333333342681044e-08,0.0,True
Cu2Sr1Sn1S3Se1_kesterite,6.23437506064306e-08,4.987500048514448e-07,3.333333431498886e-08,0.0,True
Cu2Sr1Sn1S3Te1_kesterite,1.7343750435827587e-08,1.3874999638119334e-07,3.333333342681044e-08,,False
Cu2Sr1Sn1S4_kesterite,8.750000279889036e-09,7.000000579182597e-08,3.333333342681044e-08,0.0,True
Cu2Sr1Sn1S4_stannite,4.375000361989123e-09,3.4999999343199306e-08,0.0,0.0,True
Cu2Sr1Sn1Se1Te3_kesterite,3.85937488633914e-08,3.087499962362017e-07,3.333333253863202e-08,0.08699999999999974,False
Cu2Sr1Sn1Se2Te2_kesterite,6.875000568840051e-09,5.5000000998006726e-08,3.333333342681044e-08,0.5436999999999994,False
Cu2Sr1Sn1Se4_kesterite,1.687500006397613e-08,1.3500000051180905e-07,3.333333253863202e-08,0.0,True
Cu2Sr1Zr1S1Te3_kesterite,1.5312500156738906e-08,1.2249999770119757e-07,3.333333342681044e-08,0.0,True
Cu2Sr1Zr1S2Se2_kesterite,3.6718750262565436e-08,2.9375000565323717e-07,0.0,,False
Cu2Sr1Zr1S2Te2_kesterite,2.203125104571768e-08,1.7625000481302777e-07,3.333333342681044e-08,0.0,True
Cu2Sr1Zr1S3Se1_kesterite,2.8125004547518984e-09,2.2500003638015187e-08,0.0,0.0,True
Cu2Sr1Zr1S4_kesterite,1.0156249619086566e-08,8.12500005054062e-08,3.333333342681044e-08,,False
Cu2Sr1Zr1S4_stannite,6.171875055471787e-08,4.937500008850293e-07,0.0,0.0,True
Cu2Sr1Zr1Se2Te2_kesterite,4.7500000821543154e-08,3.8000000301963155e-07,3.333333342681044e-08,0.0,True
Cu2Sr1Zr1Se4_kesterite,6.874999680661631e-09,5.5000000998006726e-08,3.333333342681044e-08,0.0,True
Cu2Sr1Zr1Se4_stannite,6.03124994391635e-08,4.824999990660217e-07,3.333333253863202e-08,0.0,True
Cu2Sr1Zr1Te4_stannite,3.281249494335725e-09,2.624999950739948e-08,3.333333342681044e-08,0.0,True
Cu2Zn0.5Cd0.5Ge1S4_kesterite,2.937499887778472e-08,2.3499999457499143e-07,3.333333253863202e-08,0.0,True
Cu2Zn0.5Cd0.5Ge1S4_stannite,7.718749950313963e-08,6.174999995778307e-07,3.333333431498886e-08,,False
Cu2Zn0.5Cd0.5Ge1Se4_kesterite,5.140625036759161e-08,4.112499993880192e-07,3.333333342681044e-08,0.0,True
Cu2Zn0.5Cd0.5Ge1Se4_stannite,6.343750102999479e-08,5.075000046872447e-07,0.0,0.0,True
Cu2Zn0.5Cd0.5Ge1Te4_kesterite,1.9062499578836878e-08,1.5250000728883606e-07,3.333333253863202e-08,0.016000000000000014,False
Cu2Zn0.5Cd0.5Ge1Te4_stannite,1.8906250343064812e-08,1.5124999208637746e-07,1.7763568394002505e-15,0.004899999999999238,True
Cu2Zn0.5Cd0.5Sn1S4_kesterite,5.937499825137138e-09,4.750000215381078e-08,3.333333342681044e-08,0.0,True
Cu2Zn0.5Cd0.5Sn1S4_stannite,5.421875082234351e-08,4.337500030260344e-07,8.881784197001252e-16,0.0,True
Cu2Zn0.5Cd0.5Sn1Se4_kesterite,4.906250028469117e-08,3.9249999872481567e-07,3.333333253863202e-08,0.0,True
Cu2Zn0.5Cd0.5Sn1Se4_stannite,2.4218750116489218e-08,1.9375000448462742e-07,3.333333431498886e-08,0.0,True
Cu2Zn0.5Cd0.5Sn1Te4_kesterite,6.2031249026262e-08,4.962500028682371e-07,3.333333253863202e-08,,False
Cu2Zn0.5Cd0.5Sn1Te4_stannite,7.687499925523866e-08,6.150000047000503e-07,3.333333431498886e-08,0.0,True
Cu2Zn0.5Cd0.5Zr1S4_stannite,2.8750001046518037e-08,2.3000000481943061e-07,3.333333342681044e-08,0.0,True
Cu2Zn0.5Cd0.5Zr1Se4_kesterite,5.703125038891699e-08,4.562499995586222e-07,3.333333431498886e-08,0.0,True
Cu2Zn0.5Cd0.5Zr1Se4_stannite,7.421874981261567e-08,5.93750002053639e-07,3.333333253863202e-08,0.0,True
Cu2Zn0.5Cd0.5Zr1Te4_kesterite,5.109375011969064e-08,4.0875001161566615e-07,8.881784197001252e-16,0.0,True
Cu2Zn0.5Cd0.5Zr1Te4_stannite,1.5781250528590363e-08,1.2624999357058186e-07,0.0,0.0,True
Cu2Zn1Ge0.5Zr0.5S4_kesterite,3.593750008690222e-08,2.8750000069521775e-07,3.333333431498886e-08,0.0,True
Cu2Zn1Ge0.5Zr0.5S4_stannite,5.312499773424406e-09,4.249999818739525e-08,3.333333342681044e-08,0.0,True
Cu2Zn1Ge0.5Zr0.5Se4_stannite,2.8906249838200893e-08,2.3124999870560714e-07,3.333333342681044e-08,0.0,True
Cu2Zn1Ge0.5Zr0.5Te4_kesterite,6.937499996695351e-08,5.549999997356281e-07,3.333333431498886e-08,0.0,True
Cu2Zn1Ge0.5Zr0.5Te4_stannite,3.9531249385049705e-08,3.1624999508039764e-07,3.333333253863202e-08,0.09019999999999939,False
Cu2Zn1Ge1S1Se1Te2_kesterite,5.999999985739635e-08,4.799999970828139e-07,3.333333342681044e-08,0.033299999999997,False
Cu2Zn1Ge1S1Se1Te2_stannite,6.859374956924569e-08,5.487499947776087e-07,3.333333431498886e-08,,False
Cu2Zn1Ge1S1Se2Te1_kesterite,2.8906250282290102e-08,2.312500058110345e-07,3.333333342681044e-08,,False
Cu2Zn1Ge1S1Se2Te1_stannite,4.359374949913786e-08,3.4874999954581654e-07,3.333333253863202e-08,,False
Cu2Zn1Ge1S1Se3_kesterite,2.1874999589499566e-09,1.7499999671599653e-08,3.333333342681044e-08,0.0,True
Cu2Zn1Ge1S1Se3_stannite,3.890624977742618e-08,3.1124999821940946e-07,8.881784197001252e-16,0.0,True
Cu2Zn1Ge1S1Te3_kesterite,7.171874960576474e-08,5.737500003988316e-07,3.333333076227518e-08,0.003700000000002035,True
Cu2Zn1Ge1S1Te3_stannite,7.718750039131805e-08,6.174999995778307e-07,3.333333431498886e-08,1.0241000000000007,False
Cu2Zn1Ge1S2Se1Te1_kesterite,7.812499758230729e-09,6.249999984220267e-08,3.333333342681044e-08,0.0,True
Cu2Zn1Ge1S2Se1Te1_stannite,4.125000052646044e-08,3.3000000598804036e-07,0.0,0.0,True
Cu2Zn1Ge1S2Se2_kesterite,2.140624966173732e-08,1.7124999374118488e-07,0.0,0.0,True
Cu2Zn1Ge1S2Se2_stannite,6.187499979048994e-08,4.950000018766332e-07,8.881784197001252e-16,0.0,True
Cu2Zn1Ge1S2Te2_kesterite,6.437499910916245e-08,5.149999964260132e-07,3.333333520316728e-08,0.0,True
Cu2Zn1Ge1S2Te2_stannite,7.703125026736757e-08,6.162499985862269e-07,3.333333253863202e-08,0.0,True
Cu2Zn1Ge1S3Se1_kesterite,5.31249995106009e-08,4.249999960848072e-07,3.333333342681044e-08,0.0,True
Cu2Zn1Ge1S3Se1_stannite,4.421875043902901e-08,3.5375000351223207e-07,0.0,0.0,True
Cu2Zn1Ge1S3Te1_kesterite,7.437500038065537e-08,5.950000030452429e-07,3.333333431498886e-08,0.0,True
Cu2Zn1Ge1S3Te1_stannite,5.546875048167976e-08,4.437500038534381e-07,3.333333253863202e-08,0.0,True
Cu2Zn1Ge1S4_kesterite,1.5625001292818297e-08,1.250000067898327e-07,0.0,0.0,True
Cu2Zn1Ge1S4_stannite,2.4999999848063226e-08,2.0000000233721948e-07,3.333333431498886e-08,0.0,True
Cu2Zn1Ge1Se1Te3_kesterite,2.656250064347887e-08,2.1250000514783096e-07,3.333333431498886e-08,0.1828000000000003,False
Cu2Zn1Ge1Se1Te3_stannite,4.203125048007905e-08,3.362500038406324e-07,3.333333431498886e-08,0.08290000000000042,False
Cu2Zn1Ge1Se2Te2_kesterite,3.203125009676455e-08,2.562500043268301e-07,3.333333253863202e-08,9.999999999976694e-05,True
Cu2Zn1Ge1Se2Te2_stannite,7.812500424364544e-09,6.249999984220267e-08,3.333333253863202e-08,0.021699999999999164,False
Cu2Zn1Ge1Se3Te1_kesterite,3.281250027242777e-08,2.6250000217942215e-07,1.7763568394002505e-15,0.0,True
Cu2Zn1Ge1Se3Te1_stannite,4.375000006717755e-08,3.500000005374204e-07,3.333333431498886e-08,0.2622,False
Cu2Zn1Ge1Se4_kesterite,2.0625000374252522e-08,1.6499999588859282e-07,0.0,0.0,True
Cu2Zn1Ge1Se4_stannite,1.1249999154472334e-08,9.000000034120603e-08,3.333333342681044e-08,0.0,True
Cu2Zn1Ge1Te4_kesterite,3.12499892629603e-09,2.4999998515795596e-08,0.0,0.0,True
Cu2Zn1Ge1Te4_stannite,2.8124999662537675e-08,2.2500000085301508e-07,0.0,0.0,True
Cu2Zn1Sn0.25Zr0.75S2Se2_kesterite,6.203125035852963e-08,4.962500028682371e-07,3.333333387089965e-08,,False
Cu2Zn1Sn0.25Zr0.75S2Se2_stannite,7.437499949247695e-08,5.949999959398156e-07,0.0,,False
Cu2Zn1Sn0.25Zr0.75S4_kesterite,3.078124954924988e-08,2.462500034994264e-07,3.333333342681044e-08,0.0,True
Cu2Zn1Sn0.25Zr0.75S4_stannite,7.499999998827889e-08,6.000000070116585e-07,3.333333342681044e-08,,False
Cu2Zn1Sn0.25Zr0.75Se4_kesterite,7.421874936852646e-08,5.93750002053639e-07,0.0,,False
Cu2Zn1Sn0.25Zr0.75Se4_stannite,7.187500372651812e-09,5.7499995875787135e-08,0.0,0.0,True
Cu2Zn1Sn0.5Ge0.5S4_kesterite,7.640624932747642e-08,6.112499946198113e-07,3.333333342681044e-08,0.0,True
Cu2Zn1Sn0.5Ge0.5S4_stannite,6.265624996615315e-08,5.012499997292252e-07,3.333333342681044e-08,0.0,True
Cu2Zn1Sn0.5Ge0.5Se4_kesterite,3.7812499797951205e-08,3.02500005489037e-07,3.333333253863202e-08,0.0,True
Cu2Zn1Sn0.5Ge0.5Se4_stannite,5.562499971745183e-08,4.4499999063418727e-07,0.0,0.0,True
Cu2Zn1Sn0.5Ge0.5Te4_kesterite,1.4687500105026174e-08,1.175000008402094e-07,3.333333253863202e-08,0.7874999999999996,False
Cu2Zn1Sn0.5Ge0.5Te4_stannite,7.156249992590347e-08,5.724999994072277e-07,3.333333253863202e-08,0.12230000000000008,False
Cu2Zn1Sn0.5Zr0.5S2Se2_stannite,2.1874999589499566e-09,1.7499999671599653e-08,3.333333342681044e-08,0.0,True
Cu2Zn1Sn0.5Zr0.5S4_kesterite,4.9531249324274995e-08,3.9624999459419996e-07,3.333333342681044e-08,0.0,True
Cu2Zn1Sn0.5Zr0.5S4_stannite,6.187500023457915e-08,4.950000018766332e-07,4.440892098500626e-16,0.0,True
Cu2Zn1Sn0.5Zr0.5Se4_kesterite,1.4687500105026174e-08,1.175000008402094e-07,3.333333253863202e-08,0.0,True
Cu2Zn1Sn0.5Zr0.5Se4_stannite,4.531250041850399e-08,3.625000033480319e-07,0.0,0.08010000000000161,False
Cu2Zn1Sn0.5Zr0.5Te4_kesterite,7.109375044223043e-08,5.687499964324161e-07,8.881784197001252e-16,0.0,True
Cu2Zn1Sn0.5Zr0.5Te4_stannite,2.5468749775825472e-08,2.0375000531203113e-07,3.333333431498886e-08,0.004799999999999471,True
Cu2Zn1Sn0.75Zr0.25S2Se2_kesterite,5.5781249841402314e-08,4.462500129420732e-07,3.333333342681044e-08,0.0,True
Cu2Zn1Sn0.75Zr0.25S2Se2_stannite,5.531250035772928e-08,4.4250001707268893e-07,3.333333342681044e-08,0.0,True
Cu2Zn1Sn0.75Zr0.25S4_kesterite,9.68749969132432e-09,7.749999753059456e-08,3.333333342681044e-08,0.0,True
Cu2Zn1Sn0.75Zr0.25Se4_kesterite,3.312499963215032e-08,2.6499999705720256e-07,3.333333342681044e-08,0.0,True
Cu2Zn1Sn0.75Zr0.25Se4_stannite,7.078124930615104e-08,5.662499944492083e-07,3.333333431498886e-08,1.0888,False
Cu2Zn1Sn1S1Se1Te2_kesterite,4.9374999866458325e-08,3.9500000070802344e-07,0.0,0.09539999999999793,False
Cu2Zn1Sn1S1Se1Te2_stannite,3.812499937971836e-08,3.0499999326139005e-07,0.0,0.4146000000000001,False
Cu2Zn1Sn1S1Se2Te1_kesterite,9.843750259364015e-09,7.874999852219844e-08,0.0,0.0,True
Cu2Zn1Sn1S1Se2Te1_stannite,5.968749983153998e-08,4.775000022050335e-07,0.0,0.4380999999999986,False
Cu2Zn1Sn1S1Se3_kesterite,4.2656250087702574e-08,3.412500007016206e-07,3.333333342681044e-08,0.0,True
Cu2Zn1Sn1S1Se3_stannite,1.7812499919500624e-08,1.42499999356005e-07,3.333333253863202e-08,0.00019999999999953388,True
Cu2Zn1Sn1S1Te3_kesterite,3.703125051046641e-08,2.962500005310176e-07,3.333333431498886e-08,0.13390000000000057,False
Cu2Zn1Sn1S1Te3_stannite,4.9218750408641654e-08,3.9374999971641955e-07,3.333333431498886e-08,0.7984,False
Cu2Zn1Sn1S2Se1Te1_kesterite,4.031249978275753e-08,3.2250000003841706e-07,3.333333253863202e-08,0.016199999999997772,False
Cu2Zn1Sn1S2Se1Te1_stannite,1.5625034599509036e-10,1.2500009916038834e-09,3.333333253863202e-08,0.05549999999999855,False
Cu2Zn1Sn1S2Te2_kesterite,8.593749267760131e-09,6.874999769479473e-08,3.333333431498886e-08,0.0,True
Cu2Zn1Sn1S3Se1_kesterite,2.6406250519528385e-08,2.1125000415622708e-07,3.333333253863202e-08,0.0,True
Cu2Zn1Sn1S3Se1_stannite,5.187499940717544e-08,4.149999952574035e-07,3.333333253863202e-08,0.0,True
Cu2Zn1Sn1S3Te1_kesterite,3.7812499797951205e-08,3.0249999838360964e-07,3.333333342681044e-08,0.0,True
Cu2Zn1Sn1S3Te1_stannite,6.56249987684987e-09,5.249999901479896e-08,3.333333342681044e-08,1.0590000000000002,False
Cu2Zn1Sn1S4_kesterite,4.440892098500626e-16,0.0,3.333333342681044e-08,0.0,True
Cu2Zn1Sn1S4_stannite,1.999999943436137e-08,1.5999999902760464e-07,3.333333342681044e-08,0.0,True
Cu2Zn1Sn1Se1Te3_kesterite,3.6875000164471317e-08,2.949999995394137e-07,3.333333431498886e-08,0.0,True
Cu2Zn1Sn1Se1Te3_stannite,1.4062493391975295e-09,1.1249994713580236e-08,3.333333431498886e-08,,False
Cu2Zn1Sn1Se2Te2_kesterite,4.440892098500626e-16,0.0,0.0,0.0,True
Cu2Zn1Sn1Se2Te2_stannite,5.5000000553917516e-08,4.4000000087862645e-07,0.0,0.0,True
Cu2Zn1Sn1Se3Te1_kesterite,6.609375002852858e-08,5.287500002282286e-07,8.881784197001252e-16,0.004100000000001103,True
Cu2Zn1Sn1Se3Te1_stannite,1.7499999671599653e-08,1.3999999737279722e-07,3.333333431498886e-08,0.06869999999999976,False
Cu2Zn1Sn1Se4_stannite,3.7499994220979715e-09,2.999999537678377e-08,3.333333342681044e-08,0.4368999999999996,False
Cu2Zn1Sn1Te4_kesterite,8.125000672265514e-09,6.500000182541044e-08,0.0,0.0,True
Cu2Zn1Sn1Te4_stannite,2.3750000188726972e-08,1.9000000150981577e-07,3.333333253863202e-08,0.0,True
Cu2Zn1Zr1S1Se1Te2_kesterite,4.8281249886983346e-08,3.862500008722236e-07,3.333333342681044e-08,0.0,True
Cu2Zn1Zr1S1Se1Te2_stannite,5.359374966040775e-08,4.2874999905961886e-07,3.333333253863202e-08,0.0,True
Cu2Zn1Zr1S1Se2Te1_kesterite,4.218749349860218e-09,3.374999835159542e-08,8.881784197001252e-16,0.0,True
Cu2Zn1Zr1S1Se2Te1_stannite,2.0624999930163312e-08,1.6500000299402018e-07,3.333333342681044e-08,0.0,True
Cu2Zn1Zr1S1Se3_kesterite,5.937500269226348e-09,4.750000215381078e-08,3.333333342681044e-08,,False
Cu2Zn1Zr1S1Se3_stannite,2.5624999899775958e-08,2.0499999919820766e-07,3.333333342681044e-08,,False
Cu2Zn1Zr1S1Te3_kesterite,1.937499982673785e-08,1.5500000216661647e-07,0.0,0.0,True
Cu2Zn1Zr1S1Te3_stannite,5.218750098734404e-08,4.175000043460386e-07,3.333333431498886e-08,,False
Cu2Zn1Zr1S2Se1Te1_kesterite,7.500000176463573e-09,6.000000496442226e-08,8.881784197001252e-16,0.0,True
Cu2Zn1Zr1S2Se1Te1_stannite,1.6406250136213885e-08,1.312499975369974e-07,3.333333342681044e-08,0.0,True
Cu2Zn1Zr1S2Se2_kesterite,1.0937495353857685e-09,8.749999835799827e-09,0.0,,False
Cu2Zn1Zr1S2Se2_stannite,1.9531249062509914e-08,1.56249996052793e-07,0.0,0.0,True
Cu2Zn1Zr1S2Te2_kesterite,4.89062510489191e-08,3.9125000483863914e-07,0.0,0.0,True
Cu2Zn1Zr1S3Se1_stannite,5.234375066720531e-08,4.187500053376425e-07,8.881784197001252e-16,,False
Cu2Zn1Zr1S3Te1_kesterite,6.968750021485448e-08,5.575000017188358e-07,3.333333431498886e-08,0.0,True
Cu2Zn1Zr1S3Te1_stannite,3.5000000231377726e-08,2.800000018510218e-07,8.881784197001252e-16,0.0,True
Cu2Zn1Zr1S4_kesterite,6.843749966733981e-08,5.475000008914321e-07,3.333333253863202e-08,,False
Cu2Zn1Zr1S4_stannite,5.765624999654051e-08,4.612499964196104e-07,3.33333316504536e-08,0.0,True
Cu2Zn1Zr1Se1Te3_kesterite,4.40624992048555e-08,3.5249999541520083e-07,3.333333342681044e-08,0.0,True
Cu2Zn1Zr1Se1Te3_stannite,2.2031250823673076e-08,1.7625000481302777e-07,8.881784197001252e-16,,False
Cu2Zn1Zr1Se2Te2_kesterite,2.5624999455686748e-08,2.0499999919820766e-07,8.881784197001252e-16,0.0,True
Cu2Zn1Zr1Se2Te2_stannite,7.625000053579356e-08,6.100000007336348e-07,3.33333316504536e-08,,False
Cu2Zn1Zr1Se3Te1_kesterite,7.234374965747747e-08,5.787499972598198e-07,3.333333431498886e-08,0.0,True
Cu2Zn1Zr1Se3Te1_stannite,4.562499977822654e-08,3.649999982258123e-07,3.333333342681044e-08,0.0,True
Cu2Zn1Zr1Se4_kesterite,6.203124991444042e-08,4.962500028682371e-07,3.333333342681044e-08,,False
Cu2Zn1Zr1Se4_stannite,3.656249925043653e-08,2.924999975562059e-07,0.0,0.0,True
Cu2Zn1Zr1Te4_kesterite,2.031249968226234e-08,1.625000010108124e-07,3.333333253863202e-08,0.0,True
Cu2Zn1Zr1Te4_stannite,7.234375010156668e-08,5.787500043652472e-07,0.0,0.0,True
K0.5Ag0.5Al0.5Ga0.5S1Te1_kesterite,2.140625010582653e-08,8.562500042330612e-08,8.881784197001252e-16,0.0,True
K0.5Ag0.5Al0.5Ga0.5S1Te1_stannite,2.6406249631349965e-08,1.0562499852539986e-07,3.333333342681044e-08,0.0,True
K0.5Ag0.5Al0.5In0.5S2_kesterite,3.203124965267534e-08,1.2812499861070137e-07,0.0,0.0,True
K0.5Ag0.5Al1S1Te1_kesterite,4.8124999985077466e-08,1.9249999994030986e-07,0.0,0.0,True
K0.5Ag0.5Al1S1Te1_stannite,4.249999996375209e-08,1.6999999985500835e-07,3.333333342681044e-08,0.0,True
K0.5Ag0.5Al1S2_kesterite,4.9531250212453415e-08,1.9812500084981366e-07,3.333333342681044e-08,0.0,True
K0.5Ag0.5Al1Se1Te1_kesterite,8.906249959750312e-09,3.562499983900125e-08,0.0,0.0,True
K0.5Ag0.5Al1Se1Te1_stannite,5.843750017220373e-08,2.337500006888149e-07,3.333333253863202e-08,0.0,True
K0.5Ag0.5Al1Se2_kesterite,4.531249953032557e-08,1.8124999812130227e-07,3.333333342681044e-08,0.0,True
K0.5Ag0.5Al1Se2_stannite,6.093750393176833e-09,2.4375001572707333e-08,3.333333342681044e-08,0.0,True
K0.5Ag0.5Al1Te2_kesterite,1.7812500807679044e-08,7.125000323071617e-08,3.333333342681044e-08,0.0,True
K0.5Ag0.5Al1Te2_stannite,1.2812500393977189e-08,5.1250001575908755e-08,0.0,0.0,True
K0.5Ag0.5Ga0.5In0.5S1Se1_kesterite,5.203124953112592e-08,2.081249981245037e-07,3.333333253863202e-08,0.0,True
K0.5Ag0.5Ga0.5In0.5S1Se1_stannite,1.5937500208451638e-08,6.375000083380655e-08,3.333333342681044e-08,0.0,True
K0.5Ag0.5Ga0.5In0.5Se1Te1_kesterite,3.2968750396378255e-08,1.3187500158551302e-07,0.0,0.0,True
K0.5Ag0.5Ga0.5In0.5Se1Te1_stannite,4.5000000170603016e-08,1.8000000068241206e-07,3.333333342681044e-08,0.06300000000000061,False
K0.5Ag0.5Ga0.5In0.5Se2_kesterite,2.3750000188726972e-08,9.500000075490789e-08,0.0,0.0,True
K0.5Ag0.5Ga0.5In0.5Se2_stannite,1.2968750517927674e-08,5.1875002071710696e-08,3.333333342681044e-08,0.013700000000000045,False
K0.5Ag0.5Ga1S2_kesterite,2.2656250209251994e-08,9.062500083700797e-08,8.881784197001252e-16,0.0,True
K0.5Ag0.5Ga1S2_stannite,5.9218749903777734e-08,2.3687499961511094e-07,0.0,0.0,True
K0.5Ag0.5Ga1Se2_kesterite,3.06249998693886e-08,1.2250000125391125e-07,3.333333342681044e-08,0.0,True
K0.5Ag0.5Ga1Se2_stannite,5.7812500120490995e-08,2.3125000225832082e-07,3.333333342681044e-08,0.00039999999999906777,True
K0.5Ag0.5Ga1Te2_kesterite,6.249999184859689e-09,2.4999998515795596e-08,3.333333253863202e-08,0.0,True
K0.5Ag0.5Ga1Te2_stannite,1.140625061069045e-08,4.562500066640496e-08,3.333333253863202e-08,0.3623000000000003,False
K0.5Ag0.5In1S1Te1_kesterite,5.625000021325377e-08,2.2500000085301508e-07,3.333333342681044e-08,0.0,True
K0.5Ag0.5In1S1Te1_stannite,3.593750008690222e-08,1.4375000034760888e-07,3.333333342681044e-08,0.01419999999999888,False
K0.5Ag0.5In1S2_stannite,3.312500052032874e-08,1.3250000208131496e-07,3.333333298272123e-08,0.0,True
K0.5Ag0.5In1Se2_kesterite,2.109374985792556e-08,8.437499943170224e-08,3.333333342681044e-08,,False
K0.5Ag0.5In1Se2_stannite,7.734374918300091e-08,3.0937499673200364e-07,3.333333298272123e-08,0.04279999999999973,False
K0.5Ag0.5In1Te2_kesterite,2.9218750086101863e-08,1.1687500034440745e-07,3.333333431498886e-08,0.0,True
K0.5Ag0.5In1Te2_stannite,1.9218750146876573e-08,7.687500058750629e-08,3.333333342681044e-08,0.0,True
K0.5Ag1.5Ba1Ge1S4_stannite,1.484374889670903e-08,1.1874999472638592e-07,3.333333342681044e-08,0.0,True
K0.5Ag1.5Ba1Sn1Te4_kesterite,7.687500014341708e-08,6.150000047000503e-07,3.333333342681044e-08,0.0,True
K0.5Ag1.5Ba1Zr1S4_kesterite,5.7499999872590024e-08,4.6000000253343387e-07,0.0,0.0,True
K0.5Ag1.5Ba1Zr1Se4_kesterite,2.281250077729169e-08,1.8250000266561983e-07,0.0,0.0,True
K0.5Ag1.5Ba1Zr1Te4_kesterite,4.9218750408641654e-08,3.9374999971641955e-07,3.333333253863202e-08,0.0,True
K0.5Ag1.5Ca1Ge1Se4_stannite,5.593749952126359e-08,4.474999997228224e-07,0.0,0.0,True
K0.5Ag1.5Ca1Sn1S4_kesterite,6.375000038971734e-08,5.099999995650251e-07,4.440892098500626e-16,0.0,True
K0.5Ag1.5Ca1Sn1Se4_stannite,4.828125010902795e-08,3.862500008722236e-07,8.881784197001252e-16,0.0,True
K0.5Ag1.5Ca1Sn1Te4_kesterite,6.156249998667818e-08,4.924999998934254e-07,3.333333342681044e-08,0.0,True
K0.5Ag1.5Ca1Sn1Te4_stannite,4.6093750150077994e-08,3.6875000120062396e-07,8.881784197001252e-16,0.0,True
K0.5Ag1.5Ca1Zr1S4_kesterite,2.624999995148869e-08,2.100000031646232e-07,3.333333387089965e-08,0.0,True
K0.5Ag1.5Ca1Zr1S4_stannite,2.0156250446490276e-08,1.6125000001920853e-07,3.333333342681044e-08,0.0,True
K0.5Ag1.5Ca1Zr1Se4_kesterite,5.625000065734298e-08,4.5000000170603016e-07,0.0,0.0,True
K0.5Ag1.5Ca1Zr1Te4_stannite,4.4687499478612835e-08,3.5749999938161636e-07,3.333333253863202e-08,0.0,True
K0.5Ag1.5Cd1Ge1S4_kesterite,5.9531251039857125e-08,4.7625000121342964e-07,3.333333342681044e-08,0.0,True
K0.5Ag1.5Cd1Ge1S4_stannite,1.7187500311877102e-08,1.3749999538958946e-07,3.333333342681044e-08,,False
K0.5Ag1.5Cd1Ge1Se4_kesterite,1.2500001034254637e-08,1.0000000116860974e-07,3.333333253863202e-08,0.0,True
K0.5Ag1.5Cd1Ge1Se4_stannite,2.765625062295385e-08,2.2124999787820343e-07,3.333333253863202e-08,0.0,True
K0.5Ag1.5Cd1Ge1Te4_stannite,1.4062500497402652e-08,1.1250000042650754e-07,0.0,0.009000000000000341,True
K0.5Ag1.5Cd1Sn1S4_kesterite,4.078125126483201e-08,3.262500030132287e-07,4.440892098500626e-16,0.0,True
K0.5Ag1.5Cd1Sn1S4_stannite,6.437499955325166e-08,5.150000035314406e-07,3.333333342681044e-08,0.0,True
K0.5Ag1.5Cd1Sn1Se4_kesterite,2.8125000994805305e-08,2.2500000085301508e-07,8.881784197001252e-16,0.0,True
K0.5Ag1.5Cd1Sn1Se4_stannite,2.2187500725578957e-08,1.774999986992043e-07,3.333333342681044e-08,0.0,True
K0.5Ag1.5Cd1Sn1Te4_kesterite,1.79687495993619e-08,1.4375000034760888e-07,3.333333342681044e-08,0.0,True
K0.5Ag1.5Cd1Sn1Te4_stannite,2.6406250519528385e-08,2.112500006035134e-07,3.333333253863202e-08,0.0,True
K0.5Ag1.5Cd1Zr1S4_kesterite,7.015625014261673e-08,5.612499975882201e-07,0.0,,False
K0.5Ag1.5Cd1Zr1S4_stannite,6.499999960496439e-08,5.200000003924288e-07,3.333333342681044e-08,0.0,True
K0.5Ag1.5Cd1Zr1Se4_kesterite,1.4687499660936965e-08,1.1749999373478204e-07,8.881784197001252e-16,0.0,True
K0.5Ag1.5Cd1Zr1Se4_stannite,1.5937500652540848e-08,1.275000016676131e-07,3.333333342681044e-08,0.0,True
K0.5Ag1.5Cd1Zr1Te4_kesterite,4.015624899267323e-08,3.2124999904681317e-07,3.333333342681044e-08,0.0,True
K0.5Ag1.5Cd1Zr1Te4_stannite,6.56249987684987e-08,5.24999997253417e-07,3.333333253863202e-08,0.0,True
K0.5Ag1.5Mg1Ge1S4_kesterite,4.015624943676244e-08,3.2124999904681317e-07,0.0,0.0,True
K0.5Ag1.5Mg1Ge1S4_stannite,4.968750078049311e-08,3.975000026912312e-07,3.333333342681044e-08,0.0,True
K0.5Ag1.5Mg1Ge1Se4_kesterite,5.156248761295501e-09,4.1249997195791366e-08,3.333333253863202e-08,0.0,True
K0.5Ag1.5Mg1Ge1Se4_stannite,1.0312501075304681e-08,8.250000149701009e-08,3.333333342681044e-08,0.0,True
K0.5Ag1.5Mg1Ge1Te4_kesterite,2.2343749517261813e-08,1.7874999969080818e-07,3.333333431498886e-08,0.0,True
K0.5Ag1.5Mg1Ge1Te4_stannite,2.0468750694391247e-08,1.637500020024163e-07,3.333333342681044e-08,9.999999999976694e-05,True
K0.5Ag1.5Mg1Sn1S4_kesterite,5.4062499810214604e-08,4.325000020344305e-07,3.333333387089965e-08,0.0,True
K0.5Ag1.5Mg1Sn1S4_stannite,6.390624962548941e-08,5.11250000556629e-07,3.333333342681044e-08,0.0,True
K0.5Ag1.5Mg1Sn1Se4_kesterite,4.906250028469117e-08,3.92500005830243e-07,3.333333342681044e-08,0.0,True
K0.5Ag1.5Mg1Sn1Se4_stannite,6.390625051366783e-08,5.11250000556629e-07,4.440892098500626e-16,0.0,True
K0.5Ag1.5Mg1Sn1Te4_kesterite,1.3593749681461986e-08,1.0874999745169589e-07,0.0,0.0,True
K0.5Ag1.5Mg1Sn1Te4_stannite,2.1249999981876044e-08,1.6999999985500835e-07,0.0,0.0,True
K0.5Ag1.5Mg1Zr1S4_kesterite,3.031250050966605e-08,2.4250000052461473e-07,3.333333298272123e-08,0.0,True
K0.5Ag1.5Mg1Zr1S4_stannite,1.4218749289085508e-08,1.1374999786539775e-07,3.333333253863202e-08,0.0,True
K0.5Ag1.5Mg1Zr1Se4_kesterite,3.68749994983375e-08,2.949999995394137e-07,4.440892098500626e-16,0.0,True
K0.5Ag1.5Mg1Zr1Se4_stannite,4.187499902386094e-08,3.349999957436012e-07,0.0,0.0,True
K0.5Ag1.5Mg1Zr1Te4_kesterite,4.890625016074068e-08,3.912499977332118e-07,3.333333342681044e-08,0.0,True
K0.5Ag1.5Mg1Zr1Te4_stannite,2.5625000343865167e-08,2.0500000630363502e-07,8.881784197001252e-16,0.0,True
K0.5Ag1.5Sr1Ge1S4_stannite,7.250000022551717e-08,5.799999982514237e-07,3.333333431498886e-08,0.0,True
K0.5Ag1.5Sr1Sn1S4_kesterite,5.312499906651169e-08,4.249999960848072e-07,8.881784197001252e-16,0.0,True
K0.5Ag1.5Sr1Sn1Se4_kesterite,3.4687499539387545e-08,2.7749999986781404e-07,3.333333342681044e-08,0.0,True
K0.5Ag1.5Sr1Sn1Te4_kesterite,5.000000413701855e-09,4.000000330961484e-08,0.0,0.0,True
K0.5Ag1.5Sr1Zr1S4_stannite,6.14062503068169e-08,4.912499989018215e-07,3.333333342681044e-08,0.0,True
K0.5Ag1.5Sr1Zr1Se4_kesterite,1.7187500755966312e-08,1.3750000249501682e-07,3.333333342681044e-08,0.0,True
K0.5Ag1.5Sr1Zr1Te4_kesterite,2.171875079781671e-08,1.7375000282982e-07,0.0,0.0,True
K0.5Ag1.5Zn1Ge1S4_kesterite,2.3437499940826e-08,1.87499999526608e-07,0.0,0.0,True
K0.5Ag1.5Zn1Ge1S4_stannite,4.484375004665253e-08,3.5875000037322025e-07,0.0,0.0,True
K0.5Ag1.5Zn1Ge1Se4_kesterite,4.7500000377453944e-08,3.8000000301963155e-07,3.333333298272123e-08,0.0,True
K0.5Ag1.5Zn1Ge1Se4_stannite,7.687499969932787e-08,6.14999997594623e-07,0.0,0.0,True
K0.5Ag1.5Zn1Ge1Te4_kesterite,1.5937499764362428e-08,1.275000016676131e-07,3.333333342681044e-08,0.0,True
K0.5Ag1.5Zn1Sn1S4_kesterite,1.7500000559778073e-08,1.4000000447822458e-07,3.333333253863202e-08,0.0,True
K0.5Ag1.5Zn1Sn1S4_stannite,2.7812500746904334e-08,2.2250000597523467e-07,3.333333342681044e-08,0.0,True
K0.5Ag1.5Zn1Sn1Se4_kesterite,3.796874992190169e-08,3.037499993752135e-07,3.333333342681044e-08,0.0,True
K0.5Ag1.5Zn1Sn1Se4_stannite,6.984374945062655e-08,5.587499956050124e-07,0.0,0.24099999999999966,False
K0.5Ag1.5Zn1Sn1Te4_kesterite,3.109375024124006e-08,2.487499983772068e-07,3.333333253863202e-08,,False
K0.5Ag1.5Zn1Sn1Te4_stannite,1.6093749444223704e-08,1.287499991065033e-07,3.333333253863202e-08,0.004100000000000215,True
K0.5Ag1.5Zn1Zr1S4_kesterite,6.499999960496439e-08,5.200000003924288e-07,3.333333342681044e-08,0.0,True
K0.5Ag1.5Zn1Zr1S4_stannite,4.859374991283971e-08,3.887500028554314e-07,0.0,0.0,True
K0.5Ag1.5Zn1Zr1Se4_kesterite,5.7499999872590024e-08,4.6000000253343387e-07,3.333333342681044e-08,0.0,True
K0.5Ag1.5Zn1Zr1Se4_stannite,1.3593750569640406e-08,1.0875000100440957e-07,0.0,0.0,True
K0.5Ag1.5Zn1Zr1Te4_kesterite,9.843749815274805e-09,7.874999852219844e-08,3.333333342681044e-08,0.0,True
K0.5Ag1.5Zn1Zr1Te4_stannite,1.5625003513264346e-09,1.2500002810611477e-08,8.881784197001252e-16,0.0,True
K0.5Cs0.5Ag1Ba1Ge1Se4_kesterite,3.2968749952289045e-08,2.6375000317102604e-07,0.0,0.0,True
K0.5Cs0.5Ag1Ba1Ge1Te4_kesterite,1.5468749392510972e-08,1.2374999869280146e-07,3.333333431498886e-08,0.0,True
K0.5Cs0.5Ag1Ba1Ge1Te4_stannite,6.265624952206394e-08,5.012499997292252e-07,3.333333342681044e-08,0.0,True
K0.5Cs0.5Ag1Ba1Zr1S4_stannite,7.031250071065642e-08,5.625000056852514e-07,3.333333342681044e-08,0.0,True
K0.5Cs0.5Ag1Ba1Zr1Te4_kesterite,3.078124910516067e-08,2.4624999639399903e-07,3.333333253863202e-08,0.0,True
K0.5Cs0.5Ag1Ba1Zr1Te4_stannite,6.718749956391434e-08,5.375000000640284e-07,3.333333342681044e-08,0.0,True
K0.5Cs0.5Ag1Ca1Sn1S4_stannite,6.296874976996492e-08,5.03750001712433e-07,3.333333253863202e-08,0.0,True
K0.5Cs0.5Ag1Ca1Sn1Se4_stannite,6.906249971905254e-08,5.524999977524203e-07,0.0,0.0,True
K0.5Cs0.5Ag1Ca1Sn1Te4_stannite,3.87499996534757e-08,3.099999972278056e-07,0.0,0.0,True
K0.5Cs0.5Ag1Ca1Zr1S4_stannite,9.375000331601768e-09,7.500000265281415e-08,3.333333298272123e-08,0.0,True
K0.5Cs0.5Ag1Ca1Zr1Te4_stannite,6.812500030761726e-08,5.450000060136517e-07,3.333333342681044e-08,0.0,True
K0.5Cs0.5Ag1Cd1Ge1S4_stannite,7.640625065974405e-08,6.112500017252387e-07,3.333333342681044e-08,0.0,True
K0.5Cs0.5Ag1Cd1Ge1Te4_stannite,2.171874990963829e-08,1.7374999927710633e-07,3.333333431498886e-08,0.10870000000000068,False
K0.5Cs0.5Ag1Cd1Sn1S4_stannite,7.703125115554599e-08,6.162500056916542e-07,3.333333342681044e-08,0.0,True
K0.5Cs0.5Ag1Cd1Sn1Se4_stannite,6.640624938825113e-08,5.312500022114364e-07,0.0,0.012800000000002143,False
K0.5Cs0.5Ag1Cd1Zr1S4_kesterite,3.234375034466552e-08,2.587499992046105e-07,3.333333342681044e-08,0.0,True
K0.5Cs0.5Ag1Cd1Zr1S4_stannite,4.375000361989123e-09,3.4999999343199306e-08,3.333333342681044e-08,0.0,True
K0.5Cs0.5Ag1Cd1Zr1Se4_stannite,3.4687500427565965e-08,2.7749999986781404e-07,3.333333342681044e-08,0.0,True
K0.5Cs0.5Ag1Cd1Zr1Te4_stannite,7.343749919286324e-08,5.874999970956196e-07,0.0,0.0,True
K0.5Cs0.5Ag1Mg1Ge1S4_stannite,1.3906249041184537e-08,1.1124999588218998e-07,3.333333342681044e-08,,False
K0.5Cs0.5Ag1Mg1Ge1Se4_stannite,6.578125066880602e-08,5.262499982450208e-07,3.333333298272123e-08,0.0,True
K0.5Cs0.5Ag1Mg1Sn1S4_stannite,1.1874999206185066e-08,9.499999720219421e-08,0.0,0.0,True
K0.5Cs0.5Ag1Mg1Sn1Se4_stannite,4.1250000304415835e-08,3.29999998882613e-07,3.333333298272123e-08,0.0,True
K0.5Cs0.5Ag1Mg1Sn1Te4_stannite,6.125000062695563e-08,4.900000014629313e-07,0.0,0.028300000000001546,False
K0.5Cs0.5Ag1Mg1Zr1S4_kesterite,3.703125051046641e-08,2.962500005310176e-07,0.0,0.0,True
K0.5Cs0.5Ag1Mg1Zr1S4_stannite,1.4687499660936965e-08,1.175000008402094e-07,3.333333253863202e-08,0.0,True
K0.5Cs0.5Ag1Mg1Zr1Se4_kesterite,6.7187495567111455e-09,5.375000000640284e-08,3.333333342681044e-08,0.0,True
K0.5Cs0.5Ag1Mg1Zr1Se4_stannite,6.48437494810139e-08,5.187499994008249e-07,0.0,0.0,True
K0.5Cs0.5Ag1Mg1Zr1Te4_kesterite,6.718749956391434e-08,5.375000000640284e-07,8.881784197001252e-16,0.0,True
K0.5Cs0.5Ag1Mg1Zr1Te4_stannite,2.7500000943092573e-08,2.200000039920269e-07,0.0,0.0,True
K0.5Cs0.5Ag1Sr1Ge1S4_stannite,3.453124941543706e-08,2.7624999887621016e-07,0.0,0.0,True
K0.5Cs0.5Ag1Sr1Ge1Se4_kesterite,7.750000108330823e-08,6.200000015610385e-07,3.333333342681044e-08,0.0,True
K0.5Cs0.5Ag1Sr1Ge1Se4_stannite,7.12499996780025e-08,5.700000045294473e-07,0.0,0.0,True
K0.5Cs0.5Ag1Zn1Ge1S4_stannite,1.0468749866987537e-08,8.374999538318662e-08,0.0,0.0,True
K0.5Cs0.5Ag1Zn1Ge1Se4_stannite,1.4062502273759492e-09,1.1250001819007593e-08,3.333333298272123e-08,0.0367999999999995,False
K0.5Cs0.5Ag1Zn1Ge1Te4_stannite,1.4218749733174718e-08,1.1374999786539775e-07,0.0,0.5960999999999999,False
K0.5Cs0.5Ag1Zn1Sn1S4_stannite,1.0468749866987537e-08,8.375000248861397e-08,3.333333342681044e-08,0.0,True
K0.5Cs0.5Ag1Zn1Sn1Se4_stannite,3.593750186325906e-09,2.8750001490607247e-08,3.333333431498886e-08,0.0,True
K0.5Cs0.5Ag1Zn1Sn1Te4_kesterite,6.234374971825218e-08,4.987499977460175e-07,3.333333431498886e-08,0.0,True
K0.5Cs0.5Ag1Zn1Sn1Te4_stannite,7.046874950233928e-08,5.637499995714279e-07,1.7763568394002505e-15,0.09480000000000022,False
K0.5Cs0.5Ag1Zn1Zr1S4_kesterite,1.0625000879116442e-08,8.500000348021786e-08,3.333333342681044e-08,0.0,True
K0.5Cs0.5Ag1Zn1Zr1S4_stannite,5.4687499417838126e-08,4.374999988954187e-07,3.333333342681044e-08,0.0,True
K0.5Cs0.5Ag1Zn1Zr1Se4_kesterite,6.328125001786589e-08,5.062500036956408e-07,4.440892098500626e-16,0.0,True
K0.5Cs0.5Ag1Zn1Zr1Te4_stannite,3.656249925043653e-08,2.924999975562059e-07,3.333333342681044e-08,0.0,True
K0.5Cs0.5Al0.5Ga0.5S1Se1_kesterite,4.96875003364039e-08,1.987500013456156e-07,0.0,0.0,True
K0.5Cs0.5Al0.5Ga0.5S1Se1_stannite,3.828125061389187e-08,1.5312500067921064e-07,3.333333342681044e-08,0.0,True
K0.5Cs0.5Al0.5Ga0.5S1Te1_stannite,7.1875008167410215e-09,2.8750001490607247e-08,3.333333387089965e-08,0.0,True
K0.5Cs0.5Al0.5Ga0.5S2_kesterite,4.453125024284077e-08,1.7812499919500624e-07,3.333333342681044e-08,0.0,True
K0.5Cs0.5Al0.5Ga0.5Se2_kesterite,4.0937499612425654e-08,1.6374999844970262e-07,3.3333333204765836e-08,0.0,True
K0.5Cs0.5Al0.5Ga0.5Se2_stannite,7.203124985366571e-08,2.881250011910197e-07,3.333333387089965e-08,0.0,True
K0.5Cs0.5Al0.5In0.5S1Se1_kesterite,4.687508159406661e-10,1.875001487405825e-09,3.333333342681044e-08,0.0,True
K0.5Cs0.5Al0.5In0.5S1Se1_stannite,2.968749690523964e-09,1.1874998762095856e-08,0.0,0.0,True
K0.5Cs0.5Al0.5In0.5Se1Te1_kesterite,1.7031250632015826e-08,6.812500075170647e-08,3.333333253863202e-08,0.0,True
K0.5Cs0.5Al0.5In0.5Se1Te1_stannite,2.171874946554908e-08,8.687499786219632e-08,3.333333342681044e-08,0.0,True
K0.5Cs0.5Al0.5In0.5Te2_kesterite,7.000000001866624e-08,2.7999999829830813e-07,3.333333342681044e-08,0.0,True
K0.5Cs0.5Al0.5In0.5Te2_stannite,2.281250033320248e-08,9.124999955645308e-08,0.0,0.0,True
K0.5Cs0.5Al1S2_kesterite,3.6093750210852704e-08,1.4437500084341082e-07,3.333333342681044e-08,0.0,True
K0.5Cs0.5Al1Se2_kesterite,9.843749371185595e-09,3.937499926109922e-08,3.3333333204765836e-08,0.0,True
K0.5Cs0.5Al1Se2_stannite,2.7343749486874458e-08,1.0937499794749783e-07,0.0,0.0,True
K0.5Cs0.5Al1Te2_kesterite,3.2656249704388074e-08,1.3062499704119546e-07,3.333333342681044e-08,0.0,True
K0.5Cs0.5Al1Te2_stannite,6.937499996695351e-08,2.7749999986781404e-07,3.333333342681044e-08,0.0,True
K0.5Cs0.5Cu0.5Ag0.5Ba0.5Zn0.5Ge1S1Se1Te2_kesterite,2.609375093776123e-08,2.087500021730193e-07,3.333333342681044e-08,0.0,True
K0.5Cs0.5Cu0.5Ag0.5Ba0.5Zn0.5Ge1S1Se1Te2_stannite,1.3437499335466896e-08,1.0750000001280569e-07,0.0,0.05030000000000001,False
K0.5Cs0.5Cu0.5Ag0.5Ba1Ge1Se4_stannite,6.984374900653734e-08,5.587499956050124e-07,3.333333298272123e-08,0.0,True
K0.5Cs0.5Cu0.5Ag0.5Ba1Sn1Te4_stannite,4.9218750408641654e-08,3.9374999971641955e-07,8.881784197001252e-16,0.0,True
K0.5Cs0.5Cu0.5Ag0.5Ca1Ge1S4_kesterite,3.484374966333803e-08,2.787500008594179e-07,4.440892098500626e-16,0.0,True
K0.5Cs0.5Cu0.5Ag0.5Ca1Ge1S4_stannite,2.7031249683062697e-08,2.1625000101721525e-07,3.333333342681044e-08,0.0,True
K0.5Cs0.5Cu0.5Ag0.5Cd1Ge1S4_stannite,2.7812500302815124e-08,2.2249999886980731e-07,3.333333342681044e-08,0.0,True
K0.5Cs0.5Cu0.5Ag0.5Cd1Ge1Te4_stannite,6.187500023457915e-08,4.950000018766332e-07,3.333333342681044e-08,0.002200000000000202,True
K0.5Cs0.5Cu0.5Ag0.5Cd1Sn1S4_stannite,7.031249937838879e-08,5.62499998579824e-07,0.0,0.0,True
K0.5Cs0.5Cu0.5Ag0.5Cd1Zr1Se4_stannite,7.187500061789365e-08,5.750000013904355e-07,3.333333253863202e-08,0.0,True
K0.5Cs0.5Cu0.5Ag0.5Cd1Zr1Te4_stannite,2.312500102519266e-08,1.850000046488276e-07,8.881784197001252e-16,0.0,True
K0.5Cs0.5Cu0.5Ag0.5Mg0.5Zn0.5Ge1S1Se1Te2_kesterite,2.328125003892012e-08,1.8625000564043148e-07,0.0,0.0,True
K0.5Cs0.5Cu0.5Ag0.5Mg0.5Zn0.5Ge1S1Se1Te2_stannite,3.8281249947758056e-08,3.0624999425299393e-07,0.0,0.001100000000000989,True
K0.5Cs0.5Cu0.5Ag0.5Mg1Ge1Se4_stannite,2.593749837132009e-08,2.0749999407598807e-07,3.333333342681044e-08,0.0,True
K0.5Cs0.5Cu0.5Ag0.5Mg1Sn1S4_stannite,2.765625017886464e-08,2.212500049836308e-07,3.333333342681044e-08,0.0,True
K0.5Cs0.5Cu0.5Ag0.5Mg1Sn1Se4_stannite,7.50000004323681e-08,5.999999999062311e-07,3.333333342681044e-08,0.0,True
K0.5Cs0.5Cu0.5Ag0.5Mg1Zr1S4_stannite,9.062500527790007e-09,7.250000066960638e-08,4.440892098500626e-16,0.0,True
K0.5Cs0.5Cu0.5Ag0.5Mg1Zr1Se4_stannite,3.062500075756702e-08,2.450000025078225e-07,3.333333342681044e-08,0.0,True
K0.5Cs0.5Cu0.5Ag0.5Sr0.5Zn0.5Sn0.5Ge0.5S4_stannite,5.375000000640284e-08,4.3000000005122274e-07,3.333333342681044e-08,0.0,True
K0.5Cs0.5Cu0.5Ag0.5Sr1Ge1Se4_stannite,1.249999659336254e-09,1.000000082740371e-08,3.333333342681044e-08,0.0,True
K0.5Cs0.5Cu0.5Ag0.5Zn1Ge1Te4_stannite,4.734375025350346e-08,3.78750009133455e-07,3.33333360913457e-08,0.7756999999999996,False
K0.5Cs0.5Cu0.5Ag0.5Zn1Sn1Se1Te3_kesterite,7.406249991070979e-08,5.925000010620352e-07,3.333333253863202e-08,0.0,True
K0.5Cs0.5Cu0.5Ag0.5Zn1Sn1Se1Te3_stannite,7.812499758230729e-09,6.249999984220267e-08,3.333333253863202e-08,0.6088000000000005,False
K0.5Cs0.5Cu0.5Ag0.5Zn1Sn1Se4_stannite,2.421874967240001e-08,1.9374999737920007e-07,4.440892098500626e-16,0.00019999999999953388,True
K0.5Cs0.5Cu0.5Ag0.5Zn1Sn1Te4_stannite,2.8125000106626885e-09,2.249999297987415e-08,3.333333342681044e-08,0.25019999999999953,False
K0.5Cs0.5Cu0.5Ag0.5Zn1Zr1S4_stannite,3.4375000179664994e-08,2.7499999788460627e-07,0.0,0.0,True
K0.5Cs0.5Cu1Ba1Sn1S4_stannite,6.718749956391434e-08,5.375000000640284e-07,3.333333342681044e-08,0.0,True
K0.5Cs0.5Cu1Ca1Sn1Te4_kesterite,7.218749953352699e-08,5.774999962682159e-07,3.333333342681044e-08,0.0,True
K0.5Cs0.5Cu1Cd1Ge1S4_stannite,1.9843749310410885e-08,1.5874999803600076e-07,3.333333253863202e-08,0.0,True
K0.5Cs0.5Cu1Cd1Sn1S4_stannite,4.4062499426900104e-08,3.525000025206282e-07,0.0,0.0,True
K0.5Cs0.5Cu1Mg1Ge1S4_stannite,6.906250105132017e-08,5.525000048578477e-07,3.333333253863202e-08,0.0,True
K0.5Cs0.5Cu1Mg1Ge1Se4_stannite,4.1250000748505045e-08,3.29999998882613e-07,3.333333253863202e-08,0.0,True
K0.5Cs0.5Cu1Mg1Ge1Te4_stannite,6.640625027642955e-08,5.312500022114364e-07,3.333333342681044e-08,0.031200000000001893,False
K0.5Cs0.5Cu1Mg1Sn1Se4_stannite,3.187499864054644e-08,2.5499999622979885e-07,3.333333342681044e-08,0.0,True
K0.5Cs0.5Cu1Mg1Zr1S4_stannite,4.031250044889134e-08,3.2250000003841706e-07,4.440892098500626e-16,0.0,True
K0.5Cs0.5Cu1Sr1Sn1Se4_kesterite,2.624999950739948e-08,2.100000031646232e-07,3.333333431498886e-08,0.0,True
K0.5Cs0.5Cu1Zn1Ge1S4_stannite,4.937500053259214e-08,3.9500000070802344e-07,3.333333342681044e-08,0.0,True
K0.5Cs0.5Cu1Zn1Ge1Se4_stannite,4.656249918966182e-08,3.7249999707000825e-07,3.333333387089965e-08,0.0,True
K0.5Cs0.5Cu1Zn1Ge1Te4_stannite,4.687499277622464e-10,3.749995869384293e-09,3.333333431498886e-08,0.5003000000000002,False
K0.5Cs0.5Cu1Zn1Sn1S4_stannite,4.890625016074068e-08,3.9125000483863914e-07,0.0,,False
K0.5Cs0.5Cu1Zn1Zr1S4_kesterite,3.1718750737042e-08,2.5375000234362233e-07,3.333333342681044e-08,,False
K0.5Cs0.5Cu1Zn1Zr1S4_stannite,7.499999954418968e-08,5.999999999062311e-07,3.333333342681044e-08,0.0,True
K0.5Cs0.5Cu1Zn1Zr1Te4_stannite,1.484375067306587e-08,1.1875000183181328e-07,3.333333342681044e-08,0.0,True
K0.5Cs0.5Ga0.5In0.5S1Se1_stannite,6.796875018366677e-08,2.7187499895831024e-07,3.333333342681044e-08,0.0,True
K0.5Cs0.5Ga0.5In0.5S2_kesterite,5.625000021325377e-09,2.2500003638015187e-08,3.333333387089965e-08,0.0,True
K0.5Cs0.5Ga0.5In0.5S2_stannite,3.937499970518843e-08,1.5749999704439688e-07,3.333333342681044e-08,0.0,True
K0.5Cs0.5Ga1S2_kesterite,7.14062506901314e-08,2.856250027605256e-07,3.333333342681044e-08,0.0,True
K0.5Cs0.5Ga1S2_stannite,1.687499961988692e-08,6.750000025590452e-08,0.0,0.0,True
K0.5Cs0.5Ga1Se2_stannite,4.046874879648499e-08,1.618749969622968e-07,0.0,0.0,True
K0.5Cs0.5Ga1Te2_kesterite,5.203125041930434e-08,2.0812500167721737e-07,3.333333253863202e-08,0.0,True
K0.5Cs0.5Ga1Te2_stannite,3.6093749766763494e-08,1.4437499906705398e-07,0.0,0.9165000000000001,False
K0.5Cs0.5In1S1Se1_stannite,4.4374999674801074e-08,1.7749999514649062e-07,3.333333342681044e-08,0.0,True
K0.5Cs0.5In1S2_kesterite,3.7812499353861995e-08,1.5124999919180482e-07,3.333333342681044e-08,0.0,True
K0.5Cs0.5In1S2_stannite,2.937500021005235e-08,1.175000008402094e-07,3.333333342681044e-08,0.0,True
K0.5Cs0.5In1Se2_kesterite,6.171874966653945e-08,2.4687500044251465e-07,3.333333342681044e-08,0.0,True
K0.5Cs0.5In1Se2_stannite,4.1250000748505045e-08,1.6500000299402018e-07,3.333333342681044e-08,0.0,True
K0.5Cs0.5In1Te2_kesterite,6.56249943276066e-09,2.624999950739948e-08,3.333333298272123e-08,0.0,True
K0.5Cs0.5In1Te2_stannite,2.1874999589499566e-08,8.75000001343551e-08,4.440892098500626e-16,0.3880000000000017,False
K0.5Cs1.5Ba1Ge1S4_kesterite,5.1250000243641125e-08,4.099999983964153e-07,3.333333342681044e-08,0.0,True
K0.5Cs1.5Ba1Ge1S4_stannite,2.7187499807013182e-08,2.1750000200881914e-07,3.333333342681044e-08,0.0,True
K0.5Cs1.5Ba1Sn1Se4_stannite,5.796875024444148e-08,4.6374999840281816e-07,2.220446049250313e-16,0.0,True
K0.5Cs1.5Ba1Zr1S4_kesterite,1.1562501178730145e-08,9.25000023244138e-08,3.333333342681044e-08,0.0,True
K0.5Cs1.5Ba1Zr1S4_stannite,1.0312501075304681e-08,8.250000149701009e-08,0.0,0.0,True
K0.5Cs1.5Ba1Zr1Se4_kesterite,1.3281250321739435e-08,1.062499990212018e-07,3.3333333204765836e-08,0.0,True
K0.5Cs1.5Ba1Zr1Se4_stannite,1.687500050806534e-08,1.3500000051180905e-07,3.3333333204765836e-08,0.0,True
K0.5Cs1.5Ca1Ge1Se4_stannite,1.6718749495936436e-08,1.3374999952020517e-07,3.333333342681044e-08,0.0,True
K0.5Cs1.5Ca1Sn1S4_kesterite,1.7499999227510443e-08,1.3999999737279722e-07,3.333333298272123e-08,0.0,True
K0.5Cs1.5Ca1Sn1S4_stannite,4.000000020099037e-08,3.199999980552093e-07,2.220446049250313e-16,0.0,True
K0.5Cs1.5Ca1Sn1Se4_kesterite,3.1562500613091515e-08,2.5250000135201844e-07,3.333333342681044e-08,0.0,True
K0.5Cs1.5Ca1Zr1S4_kesterite,5.0937500439829364e-08,4.075000035186349e-07,3.333333342681044e-08,0.0,True
K0.5Cs1.5Ca1Zr1S4_stannite,3.0937499673200364e-08,2.474999973856029e-07,3.3333333204765836e-08,0.0,True
K0.5Cs1.5Ca1Zr1Se4_kesterite,5.374999956231363e-08,4.3000000005122274e-07,3.333333342681044e-08,,False
K0.5Cs1.5Ca1Zr1Se4_stannite,1.8749999330935907e-08,1.4999999820020093e-07,3.3333333204765836e-08,0.0,True
K0.5Cs1.5Ca1Zr1Te4_stannite,1.9843750198589305e-08,1.5875000514142812e-07,3.333333342681044e-08,0.0,True
K0.5Cs1.5Cd1Ge1S4_stannite,3.8124999157673756e-08,3.050000003668174e-07,3.333333342681044e-08,0.0,True
K0.5Cs1.5Cd1Ge1Te4_kesterite,7.437499949247695e-08,5.949999994925292e-07,3.333333431498886e-08,0.0,True
K0.5Cs1.5Cd1Sn1S4_stannite,2.9218750974280283e-08,2.337500006888149e-07,1.1102230246251565e-16,0.0,True
K0.5Cs1.5Cd1Sn1Se4_stannite,8.125000672265514e-09,6.500000182541044e-08,3.333333342681044e-08,0.0,True
K0.5Cs1.5Cd1Zr1S4_kesterite,9.375000775690978e-09,7.500000265281415e-08,3.333333342681044e-08,0.0,True
K0.5Cs1.5Cd1Zr1S4_stannite,3.281250382514145e-09,2.624999950739948e-08,0.0,0.0,True
K0.5Cs1.5Cd1Zr1Se4_kesterite,6.93749995228643e-08,5.549999997356281e-07,3.333333342681044e-08,0.0,True
K0.5Cs1.5Cd1Zr1Se4_stannite,3.828124972571345e-08,3.062500013584213e-07,3.333333342681044e-08,,False
K0.5Cs1.5Cd1Zr1Te4_kesterite,7.0312493605229065e-09,5.625000198961061e-08,4.440892098500626e-16,0.0,True
K0.5Cs1.5Cd1Zr1Te4_stannite,2.3593749176598067e-08,1.887500005182119e-07,3.333333298272123e-08,0.0,True
K0.5Cs1.5Mg1Ge1S4_kesterite,5.53125012459077e-08,4.425000028618342e-07,3.333333342681044e-08,0.0,True
K0.5Cs1.5Mg1Ge1S4_stannite,1.3593751013729616e-08,1.0875000100440957e-07,1.1102230246251565e-16,0.0,True
K0.5Cs1.5Mg1Ge1Se4_kesterite,7.359374887272452e-08,5.887499980872235e-07,3.333333342681044e-08,0.0,True
K0.5Cs1.5Mg1Ge1Se4_stannite,1.9218751035054993e-08,1.5375000117501259e-07,3.333333342681044e-08,0.0,True
K0.5Cs1.5Mg1Sn1S4_stannite,1.2343749133947313e-08,9.875000017700586e-08,3.333333342681044e-08,0.0,True
K0.5Cs1.5Mg1Sn1Se4_kesterite,2.828125111875579e-08,2.2625000184461896e-07,4.440892098500626e-16,0.0,True
K0.5Cs1.5Mg1Sn1Te4_stannite,6.609375047261778e-08,5.287500002282286e-07,3.333333298272123e-08,0.0,True
K0.5Cs1.5Mg1Zr1S4_kesterite,5.218749965507641e-08,4.1749999724061126e-07,4.440892098500626e-16,0.0,True
K0.5Cs1.5Mg1Zr1S4_stannite,5.3124988852459865e-09,4.249999818739525e-08,2.220446049250313e-16,0.0,True
K0.5Cs1.5Mg1Zr1Se4_kesterite,2.2499999641212298e-08,1.8000000068241206e-07,3.333333298272123e-08,0.0,True
K0.5Cs1.5Mg1Zr1Se4_stannite,5.187500073944307e-08,4.1500000236283086e-07,3.333333342681044e-08,0.0,True
K0.5Cs1.5Mg1Zr1Te4_stannite,7.343750496602297e-09,5.874999686739102e-08,3.333333342681044e-08,0.0,True
K0.5Cs1.5Sr1Ge1S4_stannite,6.968750021485448e-08,5.574999946134085e-07,3.333333331578814e-08,0.0,True
K0.5Cs1.5Sr1Ge1Te4_kesterite,2.453124947621177e-08,1.9624999936240783e-07,0.0,0.0,True
K0.5Cs1.5Sr1Sn1S4_kesterite,4.390624974703883e-08,3.512500015290243e-07,3.333333298272123e-08,0.0,True
K0.5Cs1.5Sr1Sn1S4_stannite,2.9843751025993015e-08,2.3875000465523044e-07,3.333333342681044e-08,0.0,True
K0.5Cs1.5Sr1Sn1Se4_kesterite,6.25000011744703e-08,5.000000058430487e-07,0.0,0.0,True
K0.5Cs1.5Sr1Sn1Se4_stannite,7.421874981261567e-08,5.937499949482117e-07,2.220446049250313e-16,0.0,True
K0.5Cs1.5Sr1Sn1Te4_kesterite,6.750000025590452e-08,5.400000020472362e-07,0.0,0.0,True
K0.5Cs1.5Sr1Zr1S4_kesterite,3.109374979715085e-08,2.4875000548263415e-07,3.333333342681044e-08,0.0,True
K0.5Cs1.5Sr1Zr1S4_stannite,6.624999926430064e-08,5.300000012198325e-07,2.220446049250313e-16,0.0,True
K0.5Cs1.5Sr1Zr1Se4_kesterite,3.968749906491098e-08,3.174999960720015e-07,4.440892098500626e-16,0.0,True
K0.5Cs1.5Sr1Zr1Se4_stannite,3.171874984886358e-08,2.5374999523819497e-07,3.333333342681044e-08,0.0,True
K0.5Cs1.5Sr1Zr1Te4_kesterite,5.171875061549258e-08,4.1375000137122697e-07,3.333333342681044e-08,0.0,True
K0.5Cs1.5Sr1Zr1Te4_stannite,5.000000014021566e-08,3.999999975690116e-07,3.333333342681044e-08,0.0,True
K0.5Cs1.5Zn1Ge1S4_kesterite,4.625000071811769e-08,3.7000000219222784e-07,3.333333298272123e-08,0.0,True
K0.5Cs1.5Zn1Ge1S4_stannite,2.3906248980409828e-08,1.912499953959923e-07,3.333333342681044e-08,0.0,True
K0.5Cs1.5Zn1Ge1Se4_kesterite,6.468749935706342e-08,5.17499998409221e-07,3.333333342681044e-08,0.0,True
K0.5Cs1.5Zn1Ge1Se4_stannite,3.5156249911239e-08,2.8124999573719833e-07,0.0,0.0,True
K0.5Cs1.5Zn1Sn1S4_kesterite,5.468750785553311e-09,4.375000628442649e-08,3.333333387089965e-08,0.0,True
K0.5Cs1.5Zn1Sn1S4_stannite,1.0781250558977717e-08,8.625000447182174e-08,3.333333387089965e-08,0.0,True
K0.5Cs1.5Zn1Sn1Se4_kesterite,7.765624987499109e-08,6.212500025526424e-07,4.440892098500626e-16,0.0,True
K0.5Cs1.5Zn1Sn1Se4_stannite,1.4531249981075689e-08,1.1624999984860551e-07,3.333333298272123e-08,,False
K0.5Cs1.5Zn1Zr1S4_kesterite,7.484375030841761e-08,5.987499989146272e-07,0.0,0.0,True
K0.5Cs1.5Zn1Zr1S4_stannite,7.093749987419073e-08,5.675000025462396e-07,3.333333342681044e-08,0.0,True
K0.5Cs1.5Zn1Zr1Se4_kesterite,2.5625000343865167e-08,2.0499999919820766e-07,3.333333298272123e-08,0.0,True
K0.5Cs1.5Zn1Zr1Se4_stannite,6.531250074104378e-08,5.225000023756365e-07,2.220446049250313e-16,0.0,True
K0.5Cs1Ag0.5Ba1Sn1S4_stannite,7.656249989551611e-08,6.124999956114152e-07,3.333333342681044e-08,0.0,True
K0.5Cs1Ag0.5Ba1Zr1S4_stannite,3.4687499983476755e-08,2.7749999986781404e-07,4.440892098500626e-16,0.0,True
K0.5Cs1Ag0.5Ba1Zr1Se4_stannite,5.031250038811663e-08,4.024999995522194e-07,3.333333298272123e-08,0.0,True
K0.5Cs1Ag0.5Ca1Ge1Te4_stannite,2.1249999981876044e-08,1.6999999985500835e-07,3.333333253863202e-08,0.0,True
K0.5Cs1Ag0.5Ca1Sn1S4_stannite,5.390625057444254e-08,4.312500010428266e-07,3.333333342681044e-08,0.0,True
K0.5Cs1Ag0.5Ca1Sn1Se4_stannite,2.2187500281489747e-08,1.774999986992043e-07,3.333333342681044e-08,0.0,True
K0.5Cs1Ag0.5Ca1Zr1S4_stannite,2.8124995665734787e-09,2.2500003638015187e-08,3.333333298272123e-08,0.0,True
K0.5Cs1Ag0.5Ca1Zr1Se4_kesterite,1.140624972251203e-08,9.125000133280992e-08,3.333333387089965e-08,0.0,True
K0.5Cs1Ag0.5Ca1Zr1Se4_stannite,3.5937506304151157e-09,2.8750001490607247e-08,0.0,0.0,True
K0.5Cs1Ag0.5Ca1Zr1Te4_kesterite,5.9531250595767915e-08,4.7625000121342964e-07,3.333333342681044e-08,0.0,True
K0.5Cs1Ag0.5Ca1Zr1Te4_stannite,3.1250002585636594e-09,2.4999998515795596e-08,3.333333387089965e-08,0.0,True
K0.5Cs1Ag0.5Cd1Ge1S4_stannite,1.3906250817541377e-08,1.1125000298761734e-07,3.333333298272123e-08,0.0,True
K0.5Cs1Ag0.5Cd1Sn1S4_stannite,5.0937500883918574e-08,4.075000035186349e-07,0.0,0.0,True
K0.5Cs1Ag0.5Cd1Zr1Se4_stannite,5.2656249582838655e-08,4.212500002154229e-07,4.440892098500626e-16,0.0,True
K0.5Cs1Ag0.5Cd1Zr1Te4_kesterite,5.343749931441266e-08,4.27499998068015e-07,8.881784197001252e-16,0.0,True
K0.5Cs1Ag0.5Cd1Zr1Te4_stannite,2.8749999270161197e-08,2.2999999771400326e-07,0.0,0.0,True
K0.5Cs1Ag0.5Mg1Ge1S4_kesterite,4.859374991283971e-08,3.887500028554314e-07,3.333333387089965e-08,0.0,True
K0.5Cs1Ag0.5Mg1Ge1S4_stannite,4.890625016074068e-08,3.9125000483863914e-07,3.333333298272123e-08,0.0,True
K0.5Cs1Ag0.5Mg1Ge1Se4_kesterite,5.781248813008233e-09,4.624999405677954e-08,0.0,0.0,True
K0.5Cs1Ag0.5Mg1Ge1Se4_stannite,6.76562499357658e-08,5.412500030388401e-07,3.333333342681044e-08,0.0,True
K0.5Cs1Ag0.5Mg1Sn1S4_stannite,6.249999184859689e-09,4.999999703159119e-08,0.0,0.0,True
K0.5Cs1Ag0.5Mg1Sn1Se4_kesterite,2.1875004030391665e-09,1.7499999671599653e-08,3.333333253863202e-08,0.0,True
K0.5Cs1Ag0.5Mg1Sn1Se4_stannite,3.1562498836734676e-08,2.524999942465911e-07,8.881784197001252e-16,0.0,True
K0.5Cs1Ag0.5Mg1Zr1S4_kesterite,3.06249998693886e-08,2.450000025078225e-07,3.333333298272123e-08,0.0,True
K0.5Cs1Ag0.5Mg1Zr1S4_stannite,5.2343750223116103e-08,4.1874999823221515e-07,3.333333342681044e-08,0.0,True
K0.5Cs1Ag0.5Mg1Zr1Se4_stannite,1.5624999516461457e-08,1.2499999968440534e-07,3.333333342681044e-08,0.0,True
K0.5Cs1Ag0.5Mg1Zr1Te4_stannite,4.765625005731522e-08,3.812499969058081e-07,3.333333253863202e-08,0.0,True
K0.5Cs1Ag0.5Sr1Ge1Se4_stannite,3.9218749581237944e-08,3.1375000020261723e-07,4.440892098500626e-16,0.0,True
K0.5Cs1Ag0.5Sr1Ge1Te4_stannite,3.687499994242671e-08,2.949999995394137e-07,3.333333431498886e-08,0.0,True
K0.5Cs1Ag0.5Sr1Sn1Se4_stannite,6.67187496361521e-08,5.337499970892168e-07,3.333333298272123e-08,0.0,True
K0.5Cs1Ag0.5Sr1Zr1S4_stannite,5.9218750791956154e-08,4.737499992302219e-07,0.0,0.0,True
K0.5Cs1Ag0.5Sr1Zr1Se4_stannite,1.2812500838066399e-08,1.0250000315181751e-07,3.333333342681044e-08,0.0,True
K0.5Cs1Ag0.5Sr1Zr1Te4_stannite,6.749999981181531e-08,5.400000020472362e-07,3.333333342681044e-08,0.0,True
K0.5Cs1Ag0.5Zn1Ge1S3Te1_stannite,6.624999926430064e-08,5.299999941144051e-07,8.881784197001252e-16,0.0,True
K0.5Cs1Ag0.5Zn1Ge1Se4_stannite,4.4062499426900104e-08,3.5249999541520083e-07,3.333333253863202e-08,0.0,True
K0.5Cs1Ag0.5Zn1Zr1S4_stannite,5.2656250471017074e-08,4.212500002154229e-07,3.333333342681044e-08,0.0,True
K0.5Cs1Ag0.5Zn1Zr1Se4_stannite,2.2500000529390718e-08,1.8000000068241206e-07,3.333333298272123e-08,0.0,True
K0.5Cs1Ag0.5Zn1Zr1Te4_stannite,6.984375078289418e-08,5.587500027104397e-07,3.333333342681044e-08,0.0,True
K0.5Cs1Cu0.5Ca1Ge1Se4_kesterite,2.484375016820195e-08,1.987500013456156e-07,3.333333253863202e-08,0.0,True
K0.5Cs1Cu0.5Ca1Ge1Se4_stannite,5.7500000316679234e-08,4.6000000253343387e-07,3.333333253863202e-08,0.0,True
K0.5Cs1Cu0.5Ca1Zr1S4_kesterite,6.734375013195404e-08,5.38749993950205e-07,3.333333342681044e-08,0.0,True
K0.5Cs1Cu0.5Ca1Zr1Se4_kesterite,5.624999976916456e-08,4.5000000170603016e-07,0.0,0.009199999999999875,True
K0.5Cs1Cu0.5Ca1Zr1Te4_stannite,7.56249991518132e-08,6.049999967672193e-07,3.333333342681044e-08,0.0,True
K0.5Cs1Cu0.5Cd1Ge1Te4_stannite,3.140625004505182e-08,2.5125000036041456e-07,3.333333253863202e-08,0.0,True
K0.5Cs1Cu0.5Cd1Sn1S4_stannite,3.031249962148763e-08,2.4250000052461473e-07,3.333333342681044e-08,0.0,True
K0.5Cs1Cu0.5Cd1Zr1S4_stannite,6.562500098894475e-08,5.250000043588443e-07,4.440892098500626e-16,,False
K0.5Cs1Cu0.5Cd1Zr1Te4_stannite,3.281250382514145e-09,2.624999950739948e-08,3.333333253863202e-08,0.0,True
K0.5Cs1Cu0.5Mg1Ge1S4_stannite,4.453125024284077e-08,3.5625000549543984e-07,3.333333342681044e-08,0.0,True
K0.5Cs1Cu0.5Mg1Ge1Te4_stannite,1.3593749681461986e-08,1.0874999745169589e-07,0.0,0.0,True
K0.5Cs1Cu0.5Mg1Sn1S4_stannite,5.468749897374892e-09,4.374999917899913e-08,3.333333342681044e-08,0.0,True
K0.5Cs1Cu0.5Mg1Sn1Se4_stannite,7.187499928562602e-08,5.749999942850081e-07,3.333333298272123e-08,0.0,True
K0.5Cs1Cu0.5Mg1Sn1Te4_stannite,6.250000517127319e-09,5.000000058430487e-08,3.333333253863202e-08,1.0474999999999994,False
K0.5Cs1Cu0.5Mg1Zr1S4_stannite,7.359374931681373e-08,5.887499980872235e-07,3.333333342681044e-08,0.0,True
K0.5Cs1Cu0.5Mg1Zr1Se4_stannite,4.6093749705988785e-08,3.6875000120062396e-07,3.333333298272123e-08,0.0,True
K0.5Cs1Cu0.5Sr1Zr1Te4_kesterite,4.718750057364218e-08,3.775000010364238e-07,3.333333387089965e-08,0.0,True
K0.5Cs1Cu0.5Zn1Ge1Se4_kesterite,1.3593749681461986e-08,1.0875000100440957e-07,3.333333342681044e-08,0.0,True
K0.5Cs1Cu0.5Zn1Sn1S4_stannite,4.796874941703777e-08,3.8374999888901584e-07,3.333333387089965e-08,0.0,True
K0.5Cs1Cu0.5Zn1Sn1Te4_stannite,7.968750104225819e-09,6.375000083380655e-08,3.33333360913457e-08,0.058100000000000485,False
K0.5Cs1Cu0.5Zn1Zr1S4_stannite,3.4687500427565965e-08,2.7749999986781404e-07,3.333333342681044e-08,0.0,True
K0.5Cs1Cu0.5Zn1Zr1Se4_kesterite,4.2968750779692755e-08,3.4375000268482836e-07,4.440892098500626e-16,0.0,True
K0.5Cs1Cu0.5Zn1Zr1Se4_stannite,6.796875018366677e-08,5.437499979166205e-07,3.333333253863202e-08,0.0,True
K0.5Cu0.5Ag1Ba1Ge1Se4_kesterite,6.437500088551928e-08,5.150000035314406e-07,3.333333431498886e-08,0.0,True
K0.5Cu0.5Ag1Ba1Ge1Se4_stannite,7.078124975024025e-08,5.662500015546357e-07,3.333333431498886e-08,0.0,True
K0.5Cu0.5Ag1Ca1Zr1S4_kesterite,5.343749975850187e-08,4.27499998068015e-07,3.333333342681044e-08,,False
K0.5Cu0.5Ag1Ca1Zr1S4_stannite,2.0468749806212827e-08,1.6374999489698894e-07,3.333333342681044e-08,0.0,True
K0.5Cu0.5Ag1Cd1Ge1S4_kesterite,1.0937499350660573e-08,8.749999835799827e-08,3.333333342681044e-08,,False
K0.5Cu0.5Ag1Cd1Ge1S4_stannite,7.031250692790536e-09,5.625000198961061e-08,0.0,0.0,True
K0.5Cu0.5Ag1Cd1Ge1Se4_stannite,5.7499999872590024e-08,4.6000000253343387e-07,8.881784197001252e-16,,False
K0.5Cu0.5Ag1Cd1Sn1S4_kesterite,4.140625042836632e-08,3.312499998742169e-07,4.440892098500626e-16,,False
K0.5Cu0.5Ag1Cd1Sn1S4_stannite,4.859374991283971e-08,3.887500028554314e-07,8.881784197001252e-16,,False
K0.5Cu0.5Ag1Cd1Sn1Se4_kesterite,2.7187500251102392e-08,2.1750000200881914e-07,3.333333342681044e-08,0.0,True
K0.5Cu0.5Ag1Cd1Sn1Te4_stannite,4.031250000480213e-08,3.2250000003841706e-07,1.7763568394002505e-15,0.2444999999999986,False
K0.5Cu0.5Ag1Cd1Zr1S4_kesterite,1.9062500467015298e-08,1.525000001834087e-07,0.0,0.0,True
K0.5Cu0.5Ag1Cd1Zr1S4_stannite,2.687499955911221e-08,2.1500000002561137e-07,8.881784197001252e-16,,False
K0.5Cu0.5Ag1Cd1Zr1Se4_stannite,6.328125001786589e-08,5.062500036956408e-07,0.0,0.0,True
K0.5Cu0.5Ag1Cd1Zr1Te4_stannite,7.640624977156563e-08,6.112500017252387e-07,3.333333342681044e-08,0.0,True
K0.5Cu0.5Ag1Mg0.5Zn0.5Ge1Se4_kesterite,4.171875023217808e-08,3.3375000185742465e-07,3.333333342681044e-08,,False
K0.5Cu0.5Ag1Mg0.5Zn0.5Ge1Se4_stannite,1.5624923577206573e-10,1.2499938861765258e-09,3.333333253863202e-08,0.0,True
K0.5Cu0.5Ag1Mg0.5Zn0.5Ge1Te4_kesterite,5.4687499861927336e-08,4.374999988954187e-07,0.0,0.0,True
K0.5Cu0.5Ag1Mg0.5Zn0.5Ge1Te4_stannite,4.375000006717755e-08,3.500000005374204e-07,3.333333431498886e-08,0.1606999999999994,False
K0.5Cu0.5Ag1Mg1Ge1S4_stannite,4.218749349860218e-09,3.374999835159542e-08,0.0,0.0,True
K0.5Cu0.5Ag1Mg1Ge1Se4_kesterite,2.624999995148869e-08,2.100000031646232e-07,3.333333342681044e-08,0.0,True
K0.5Cu0.5Ag1Mg1Ge1Se4_stannite,2.624999995148869e-08,2.0999999605919584e-07,3.333333342681044e-08,0.0,True
K0.5Cu0.5Ag1Mg1Ge1Te4_kesterite,2.5468750219914682e-08,2.0374999820660378e-07,3.333333342681044e-08,0.0,True
K0.5Cu0.5Ag1Mg1Ge1Te4_stannite,1.2656249825937493e-08,1.0124999505478627e-07,3.333333431498886e-08,0.055399999999998784,False
K0.5Cu0.5Ag1Mg1Sn1S4_stannite,4.31249991272864e-08,3.449999965710049e-07,0.0,0.0,True
K0.5Cu0.5Ag1Mg1Sn1Se4_stannite,8.593749711849341e-09,6.874999769479473e-08,3.333333342681044e-08,0.0,True
K0.5Cu0.5Ag1Mg1Sn1Te4_kesterite,3.750000310276391e-09,3.000000248221113e-08,3.333333253863202e-08,0.0,True
K0.5Cu0.5Ag1Mg1Sn1Te4_stannite,5.703124994482778e-08,4.562499995586222e-07,3.333333342681044e-08,0.0,True
K0.5Cu0.5Ag1Mg1Zr1S4_kesterite,5.4062499810214604e-08,4.325000020344305e-07,3.333333342681044e-08,0.0,True
K0.5Cu0.5Ag1Mg1Zr1S4_stannite,1.5624967986127558e-10,1.2500009916038834e-09,3.333333253863202e-08,0.0,True
K0.5Cu0.5Ag1Mg1Zr1Se4_kesterite,3.421875005571451e-08,2.737499968930024e-07,3.333333431498886e-08,0.0,True
K0.5Cu0.5Ag1Mg1Zr1Se4_stannite,3.8593749085436e-08,3.087499962362017e-07,0.0,0.0,True
K0.5Cu0.5Ag1Mg1Zr1Te4_kesterite,3.9218750469416364e-08,3.1375000020261723e-07,3.333333342681044e-08,0.0,True
K0.5Cu0.5Ag1Mg1Zr1Te4_stannite,7.125000101027013e-08,5.700000045294473e-07,8.881784197001252e-16,0.0,True
K0.5Cu0.5Ag1Sr1Zr1Se4_kesterite,4.109375018046535e-08,3.287499978910091e-07,3.333333342681044e-08,0.0,True
K0.5Cu0.5Ag1Zn0.5Cd0.5Sn1Te4_kesterite,6.703125077223149e-08,5.362500061778519e-07,3.333333342681044e-08,0.0,True
K0.5Cu0.5Ag1Zn0.5Cd0.5Sn1Te4_stannite,3.734375031427817e-08,2.9875000251422534e-07,3.33333360913457e-08,0.0,True
K0.5Cu0.5Ag1Zn1Ge1S4_stannite,7.234375010156668e-08,5.787499972598198e-07,3.333333298272123e-08,0.0,True
K0.5Cu0.5Ag1Zn1Ge1Se4_kesterite,3.3281251088368435e-08,2.662500051542338e-07,3.333333253863202e-08,0.0,True
K0.5Cu0.5Ag1Zn1Ge1Se4_stannite,6.56249943276066e-09,5.249999901479896e-08,3.333333342681044e-08,0.0,True
K0.5Cu0.5Ag1Zn1Sn1S4_kesterite,6.218750003839091e-08,4.975000038598409e-07,3.333333342681044e-08,,False
K0.5Cu0.5Ag1Zn1Sn1S4_stannite,5.5781250285491524e-08,4.4625000583664587e-07,3.333333342681044e-08,0.0,True
K0.5Cu0.5Ag1Zn1Sn1Se4_kesterite,7.39062495647147e-08,5.912500000704313e-07,3.333333253863202e-08,0.0,True
K0.5Cu0.5Ag1Zn1Sn1Se4_stannite,2.42187492283108e-08,1.9374999737920007e-07,8.881784197001252e-16,,False
K0.5Cu0.5Ag1Zn1Zr1Se4_kesterite,5.624999577236167e-09,4.5000000170603016e-08,3.333333298272123e-08,0.0,True
K0.5Cu0.5Ag1Zn1Zr1Se4_stannite,9.062499639611588e-09,7.250000066960638e-08,3.333333342681044e-08,0.0,True
K0.5Cu0.5Al0.5Ga0.5S1Se1_stannite,5.968749938745077e-08,2.387499939970894e-07,3.333333342681044e-08,0.0,True
K0.5Cu0.5Al0.5Ga0.5Se1Te1_kesterite,2.109374985792556e-08,8.437499943170224e-08,3.333333431498886e-08,0.0,True
K0.5Cu0.5Al0.5Ga0.5Se1Te1_stannite,1.5624967986127558e-10,6.250004958019417e-10,0.0,,False
K0.5Cu0.5Al0.5Ga0.5Se2_kesterite,8.28124946394837e-09,3.312499785579348e-08,3.333333253863202e-08,,False
K0.5Cu0.5Al0.5Ga0.5Se2_stannite,2.9531250334002834e-08,1.1812500133601134e-07,3.333333342681044e-08,0.0,True
K0.5Cu0.5Al0.5In0.5S2_kesterite,3.0937499229111154e-08,1.2374999869280146e-07,3.333333342681044e-08,0.0,True
K0.5Cu0.5Al0.5In0.5S2_stannite,5.7812500564580205e-08,2.3125000225832082e-07,4.440892098500626e-16,0.0,True
K0.5Cu0.5Al1S2_kesterite,3.359374955991257e-08,1.343750000160071e-07,4.440892098500626e-16,0.0,True
K0.5Cu0.5Al1S2_stannite,2.9843750581903805e-08,1.1937500232761522e-07,4.440892098500626e-16,0.0,True
K0.5Cu0.5Al1Se2_kesterite,8.28125035212679e-09,3.312500140850716e-08,3.333333342681044e-08,0.0,True
K0.5Cu0.5Al1Se2_stannite,2.453124992030098e-08,9.812499968120392e-08,0.0,0.0,True
K0.5Cu0.5Al1Te2_kesterite,1.4218749733174718e-08,5.687499893269887e-08,3.333333342681044e-08,0.0,True
K0.5Cu0.5Al1Te2_stannite,4.8125000429166676e-08,1.9249999994030986e-07,3.333333253863202e-08,0.0,True
K0.5Cu0.5Ga0.5In0.5S1Se1_kesterite,3.07812504374283e-08,1.231250017497132e-07,0.0,0.0,True
K0.5Cu0.5Ga0.5In0.5S1Se1_stannite,2.4375000684528914e-08,9.750000273811565e-08,8.881784197001252e-16,0.0,True
K0.5Cu0.5Ga0.5In0.5Se1Te1_kesterite,3.6718749818476226e-08,1.468749992739049e-07,8.881784197001252e-16,0.0,True
K0.5Cu0.5Ga0.5In0.5Se1Te1_stannite,4.687500609890094e-09,1.8750000663203537e-08,8.881784197001252e-16,0.0,True
K0.5Cu0.5Ga1S2_kesterite,4.5781249902177024e-08,1.831249996087081e-07,3.333333342681044e-08,,False
K0.5Cu0.5Ga1S2_stannite,7.062500007037897e-08,2.825000002815159e-07,0.0,0.0,True
K0.5Cu0.5Ga1Se2_kesterite,7.328125040118039e-08,2.9312500160472155e-07,4.440892098500626e-16,,False
K0.5Cu0.5Ga1Se2_stannite,3.1249935972255116e-10,1.2499974388902046e-09,3.333333342681044e-08,0.0,True
K0.5Cu0.5Ga1Te2_kesterite,4.2656250087702574e-08,1.706250003508103e-07,3.333333342681044e-08,0.0,True
K0.5Cu0.5Ga1Te2_stannite,2.1875000033588776e-08,8.750000191071194e-08,3.333333342681044e-08,0.09880000000000067,False
K0.5Cu0.5In1S2_kesterite,5.453124973797685e-08,2.181249989519074e-07,4.440892098500626e-16,0.0,True
K0.5Cu0.5In1S2_stannite,6.828124998747853e-08,2.7312499994991413e-07,3.333333253863202e-08,0.0,True
K0.5Cu0.5In1Se2_kesterite,7.359375064908136e-08,2.9437500259632543e-07,8.881784197001252e-16,0.0,True
K0.5Cu0.5In1Se2_stannite,3.593749875463459e-08,1.437499967948952e-07,3.333333342681044e-08,0.0,True
K0.5Cu0.5In1Te2_kesterite,5.015624982007694e-08,2.0062499928030775e-07,3.333333253863202e-08,0.0,True
K0.5Cu0.5In1Te2_stannite,3.406250037585323e-08,1.3625000150341293e-07,3.333333431498886e-08,0.0,True
K0.5Cu1.5Ba1Ge1Se4_kesterite,3.828125016980266e-08,3.062500013584213e-07,0.0,0.0,True
K0.5Cu1.5Ba1Sn1Te4_kesterite,1.8749997110489858e-09,1.4999997688391886e-08,1.7763568394002505e-15,0.07819999999999983,False
K0.5Cu1.5Ba1Zr1S4_kesterite,3.0156250385715566e-08,2.4124999953301085e-07,0.0,0.0,True
K0.5Cu1.5Ca0.5Ba0.5Sn1S3Se1_stannite,4.421875043902901e-08,3.5375000351223207e-07,3.333333342681044e-08,0.0,True
K0.5Cu1.5Ca0.5Sr0.5Ge1S4_kesterite,6.531249896468694e-08,5.224999952702092e-07,3.333333342681044e-08,0.0,True
K0.5Cu1.5Ca1Sn1Te4_kesterite,7.546875036013034e-08,6.037500028810427e-07,8.881784197001252e-16,0.0,True
K0.5Cu1.5Ca1Zr1S4_kesterite,1.2343749578036523e-08,9.875000017700586e-08,0.0,0.0,True
K0.5Cu1.5Ca1Zr1Te4_stannite,1.7499999227510443e-08,1.3999999737279722e-07,3.333333253863202e-08,0.0,True
K0.5Cu1.5Cd1Ge1S4_kesterite,7.218749953352699e-08,5.775000033736433e-07,3.333333298272123e-08,0.0,True
K0.5Cu1.5Cd1Ge1S4_stannite,4.3749990297214936e-09,3.4999999343199306e-08,3.333333431498886e-08,0.0,True
K0.5Cu1.5Cd1Ge1Se4_kesterite,7.796874879062443e-08,6.237499974304228e-07,8.881784197001252e-16,0.0,True
K0.5Cu1.5Cd1Ge1Se4_stannite,6.531249940877615e-08,5.225000023756365e-07,3.333333253863202e-08,0.0,True
K0.5Cu1.5Cd1Sn1S4_kesterite,6.828124909930011e-08,5.462499998998283e-07,0.0,0.0,True
K0.5Cu1.5Cd1Sn1S4_stannite,7.343749963695245e-08,5.87500004201047e-07,3.333333342681044e-08,0.0,True
K0.5Cu1.5Cd1Sn1Se4_kesterite,2.5312499207785777e-08,2.024999972149999e-07,0.0,0.0,True
K0.5Cu1.5Cd1Sn1Se4_stannite,6.50000004931428e-08,5.200000003924288e-07,0.0,0.0,True
K0.5Cu1.5Cd1Sn1Te4_stannite,7.265624990537844e-08,5.812499992430276e-07,3.333333431498886e-08,0.0,True
K0.5Cu1.5Cd1Zr1S4_kesterite,3.203125009676455e-08,2.5624999722140274e-07,3.333333342681044e-08,,False
K0.5Cu1.5Cd1Zr1S4_stannite,9.218747987205234e-09,7.37499945557829e-08,8.881784197001252e-16,,False
K0.5Cu1.5Cd1Zr1Se4_kesterite,1.8906249454886392e-08,1.5124999919180482e-07,0.0,0.0,True
K0.5Cu1.5Cd1Zr1Se4_stannite,7.281249958523972e-08,5.825000002346314e-07,8.881784197001252e-16,,False
K0.5Cu1.5Mg1Ge1S4_kesterite,5.781249701186653e-09,4.624999405677954e-08,3.333333342681044e-08,0.0,True
K0.5Cu1.5Mg1Ge1S4_stannite,7.031248916433697e-09,5.625000198961061e-08,0.0,,False
K0.5Cu1.5Mg1Ge1Se4_kesterite,7.468749974037792e-08,5.975000050284507e-07,3.333333342681044e-08,0.0,True
K0.5Cu1.5Mg1Ge1Se4_stannite,5.171874928322495e-08,4.1375000137122697e-07,3.333333431498886e-08,0.0,True
K0.5Cu1.5Mg1Ge1Te4_kesterite,3.0156250385715566e-08,2.4124999953301085e-07,3.333333431498886e-08,0.0,True
K0.5Cu1.5Mg1Ge1Te4_stannite,3.8124999601762966e-08,3.050000003668174e-07,3.333333253863202e-08,0.05339999999999989,False
K0.5Cu1.5Mg1Sn1S4_kesterite,8.437500920166485e-09,6.75000038086182e-08,3.333333342681044e-08,0.0,True
K0.5Cu1.5Mg1Sn1S4_stannite,2.7812498526458285e-08,2.2249999886980731e-07,3.333333253863202e-08,0.0,True
K0.5Cu1.5Mg1Sn1Se4_kesterite,3.687500127469434e-08,2.9500000664484105e-07,3.333333342681044e-08,0.0,True
K0.5Cu1.5Mg1Sn1Se4_stannite,6.937500129922114e-08,5.550000068410554e-07,3.333333253863202e-08,0.0,True
K0.5Cu1.5Mg1Sn1Te4_kesterite,2.6406250519528385e-08,2.1125000415622708e-07,3.333333253863202e-08,0.0,True
K0.5Cu1.5Mg1Sn1Te4_stannite,4.187499991203936e-08,3.3500000284902853e-07,3.333333431498886e-08,0.0,True
K0.5Cu1.5Mg1Zr1S4_kesterite,4.765625183367206e-08,3.8125000401123543e-07,3.333333253863202e-08,0.0,True
K0.5Cu1.5Mg1Zr1Se4_kesterite,1.8906250343064812e-08,1.5124999919180482e-07,8.881784197001252e-16,0.0,True
K0.5Cu1.5Mg1Zr1Te4_kesterite,6.343750058590558e-08,5.074999975818173e-07,3.333333253863202e-08,0.0,True
K0.5Cu1.5Sr0.5Zn0.5Sn1S3Se1_kesterite,4.796874897294856e-08,3.8374999888901584e-07,4.440892098500626e-16,0.0,True
K0.5Cu1.5Sr1Sn1S4_kesterite,1.6406250136213885e-08,1.312499975369974e-07,3.333333342681044e-08,0.0,True
K0.5Cu1.5Sr1Zr1Se4_kesterite,7.187500150607207e-08,5.750000013904355e-07,8.881784197001252e-16,0.0,True
K0.5Cu1.5Sr1Zr1Te4_kesterite,5.703124950073857e-08,4.562499995586222e-07,3.333333342681044e-08,0.0,True
K0.5Cu1.5Zn0.5Cd0.5Sn1S2Se1Te1_stannite,1.0625001101161047e-08,8.500000348021786e-08,3.333333253863202e-08,0.9549000000000003,False
K0.5Cu1.5Zn1Ge1S4_kesterite,7.515625055631858e-08,6.01250000897835e-07,3.333333342681044e-08,0.0,True
K0.5Cu1.5Zn1Ge1S4_stannite,3.593749964281301e-08,2.8750000069521775e-07,3.333333387089965e-08,0.0,True
K0.5Cu1.5Zn1Ge1Se4_kesterite,5.42187503782543e-08,4.337500030260344e-07,3.333333342681044e-08,0.0,True
K0.5Cu1.5Zn1Ge1Se4_stannite,6.593749990457809e-08,5.274999992366247e-07,8.881784197001252e-16,,False
K0.5Cu1.5Zn1Ge1Te4_kesterite,5.5000000553917516e-08,4.4000000087862645e-07,3.333333253863202e-08,0.0,True
K0.5Cu1.5Zn1Ge1Te4_stannite,2.656249886712203e-09,2.1250002646411303e-08,0.0,0.00590000000000046,True
K0.5Cu1.5Zn1Sn1S4_stannite,2.2656250209251994e-08,1.8125000167401595e-07,3.333333342681044e-08,0.0,True
K0.5Cu1.5Zn1Sn1Se4_kesterite,1.7812499919500624e-08,1.42499999356005e-07,3.333333342681044e-08,0.0,True
K0.5Cu1.5Zn1Sn1Se4_stannite,6.468749980115263e-08,5.17499998409221e-07,3.333333342681044e-08,0.0,True
K0.5Cu1.5Zn1Sn1Te4_kesterite,7.171874960576474e-08,5.737500003988316e-07,0.0,0.0,True
K0.5Cu1.5Zn1Sn1Te4_stannite,2.0468750694391247e-08,1.637500020024163e-07,3.333333253863202e-08,0.0,True
K0.5Cu1.5Zn1Zr1S4_kesterite,1.4218751065442348e-08,1.137500049708251e-07,8.881784197001252e-16,0.0,True
K0.5Cu1.5Zn1Zr1Se4_kesterite,1.5468749392510972e-08,1.2374999869280146e-07,3.333333342681044e-08,0.0,True
K0.5Cu1.5Zn1Zr1Se4_stannite,5.6406250781293465e-08,4.5125000269763405e-07,3.333333342681044e-08,,False
K0.5Cu1.5Zn1Zr1Te4_kesterite,2.968749690523964e-09,2.3749997524191713e-08,3.333333253863202e-08,0.0,True
K0.5Cu1.5Zn1Zr1Te4_stannite,2.1562500229777015e-08,1.7250000183821612e-07,0.0,0.0,True
K0.5Cu1Ag0.5Ba1Ge1Te4_stannite,4.375000361989123e-09,3.4999999343199306e-08,3.333333342681044e-08,0.0,True
K0.5Cu1Ag0.5Ba1Zr1S4_kesterite,6.828125043156774e-08,5.462499927944009e-07,0.0,,False
K0.5Cu1Ag0.5Ba1Zr1Te4_stannite,4.5312504859396086e-09,3.625000033480319e-08,0.0,0.0,True
K0.5Cu1Ag0.5Ca1Ge1Te4_kesterite,5.1249999799551915e-08,4.099999983964153e-07,3.333333253863202e-08,,False
K0.5Cu1Ag0.5Ca1Zr1S4_kesterite,1.3593749681461986e-08,1.0875000100440957e-07,3.333333342681044e-08,0.0,True
K0.5Cu1Ag0.5Ca1Zr1Se4_kesterite,7.187499972971523e-08,5.749999871795808e-07,0.0,0.0,True
K0.5Cu1Ag0.5Ca1Zr1Te4_kesterite,6.78125009478947e-08,5.42500004030444e-07,3.333333253863202e-08,0.0,True
K0.5Cu1Ag0.5Ca1Zr1Te4_stannite,3.109375024124006e-08,2.487499983772068e-07,3.333333342681044e-08,0.0,True
K0.5Cu1Ag0.5Cd1Ge1S1Se2Te1_stannite,2.343750082900442e-08,1.87499999526608e-07,8.881784197001252e-16,,False
K0.5Cu1Ag0.5Cd1Ge1S4_stannite,3.203124965267534e-08,2.562500043268301e-07,0.0,0.0,True
K0.5Cu1Ag0.5Cd1Ge1Se4_stannite,7.23437505456559e-08,5.787499972598198e-07,3.333333431498886e-08,0.0,True
K0.5Cu1Ag0.5Cd1Ge1Te4_kesterite,5.593750040944201e-08,4.474999997228224e-07,3.333333253863202e-08,0.0,True
K0.5Cu1Ag0.5Cd1Sn0.5Ge0.5Se1Te3_kesterite,1.3281249433561015e-08,1.062499990212018e-07,3.333333253863202e-08,0.0,True
K0.5Cu1Ag0.5Cd1Sn0.5Ge0.5Se1Te3_stannite,6.968749977076527e-08,5.575000017188358e-07,0.0,0.10829999999999984,False
K0.5Cu1Ag0.5Cd1Sn1S4_kesterite,3.6406250458753675e-08,2.9124999656460204e-07,8.881784197001252e-16,,False
K0.5Cu1Ag0.5Cd1Sn1S4_stannite,7.140624891377456e-08,5.712499984156238e-07,0.0,0.0,True
K0.5Cu1Ag0.5Cd1Sn1Se4_kesterite,5.421874993416509e-08,4.3374999592060703e-07,0.0,0.0031999999999996476,True
K0.5Cu1Ag0.5Cd1Sn1Se4_stannite,5.359375032654157e-08,4.2874999905961886e-07,8.881784197001252e-16,,False
K0.5Cu1Ag0.5Cd1Zr1S4_stannite,5.625000065734298e-08,4.5000000170603016e-07,3.333333342681044e-08,0.0,True
K0.5Cu1Ag0.5Cd1Zr1Te4_stannite,5.468749009196472e-09,4.374999917899913e-08,0.0,0.0,True
K0.5Cu1Ag0.5Mg0.5Ca0.5Sn1S4_stannite,4.968749989231469e-08,3.975000026912312e-07,3.333333253863202e-08,0.0,True
K0.5Cu1Ag0.5Mg1Ge1S4_stannite,4.1250000304415835e-08,3.29999998882613e-07,3.333333342681044e-08,0.0,True
K0.5Cu1Ag0.5Mg1Ge1Se4_stannite,5.000000413701855e-09,3.999999620418748e-08,3.333333253863202e-08,0.0,True
K0.5Cu1Ag0.5Mg1Ge1Te4_kesterite,5.656250001706553e-08,4.5249999658381057e-07,3.333333342681044e-08,0.0,True
K0.5Cu1Ag0.5Mg1Ge1Te4_stannite,1.5624999072372248e-09,1.2500002810611477e-08,0.0,0.06299999999999883,False
K0.5Cu1Ag0.5Mg1Sn1S4_kesterite,6.874999991524078e-08,5.500000028746399e-07,3.333333342681044e-08,0.0,True
K0.5Cu1Ag0.5Mg1Sn1S4_stannite,5.390624968626412e-08,4.312500010428266e-07,3.333333253863202e-08,0.0,True
K0.5Cu1Ag0.5Mg1Sn1Se4_kesterite,5.109375011969064e-08,4.087500045102388e-07,3.333333342681044e-08,0.0,True
K0.5Cu1Ag0.5Mg1Sn1Te4_kesterite,9.68749969132432e-09,7.749999753059456e-08,8.881784197001252e-16,0.0,True
K0.5Cu1Ag0.5Mg1Sn1Te4_stannite,6.093750837266043e-09,4.8750003145414667e-08,3.333333342681044e-08,0.0,True
K0.5Cu1Ag0.5Mg1Zr1S4_kesterite,2.0468750694391247e-08,1.6375000910784365e-07,3.333333298272123e-08,0.0,True
K0.5Cu1Ag0.5Mg1Zr1Se4_kesterite,3.828124972571345e-08,3.062500013584213e-07,0.0,0.0,True
K0.5Cu1Ag0.5Mg1Zr1Se4_stannite,1.140625061069045e-08,9.125000133280992e-08,3.333333342681044e-08,0.0,True
K0.5Cu1Ag0.5Mg1Zr1Te4_kesterite,2.9843750137814595e-08,2.3875000465523044e-07,3.333333342681044e-08,0.0,True
K0.5Cu1Ag0.5Mg1Zr1Te4_stannite,5.2343749334937684e-08,4.1874999823221515e-07,3.333333342681044e-08,0.0,True
K0.5Cu1Ag0.5Sr0.5Zn0.5Ge1S3Se1_kesterite,3.765624967400072e-08,3.012499902865784e-07,3.333333342681044e-08,0.0,True
K0.5Cu1Ag0.5Sr1Ge1Se4_stannite,1.8750000663203537e-08,1.4999999820020093e-07,3.333333342681044e-08,,False
K0.5Cu1Ag0.5Sr1Sn1Se3Te1_stannite,4.6718751089969146e-08,3.737500051670395e-07,3.333333342681044e-08,0.0,True
K0.5Cu1Ag0.5Zn1Ge1S4_stannite,4.3281250139415306e-08,3.4624999756260877e-07,3.333333342681044e-08,0.0,True
K0.5Cu1Ag0.5Zn1Ge1Se4_kesterite,7.343750496602297e-09,5.8750003972818376e-08,3.333333342681044e-08,0.0,True
K0.5Cu1Ag0.5Zn1Ge1Se4_stannite,7.703124982327836e-08,6.162499985862269e-07,3.333333342681044e-08,0.0016999999999995907,True
K0.5Cu1Ag0.5Zn1Sn0.5Ge0.5Se4_kesterite,7.359375064908136e-08,5.887500122980782e-07,0.0,0.0,True
K0.5Cu1Ag0.5Zn1Sn0.5Ge0.5Se4_stannite,6.406250641077804e-09,5.125001223404979e-08,3.333333431498886e-08,0.0052000000000003155,True
K0.5Cu1Ag0.5Zn1Sn1S4_kesterite,2.3437499940826e-08,1.8749999242118065e-07,3.333333342681044e-08,,False
K0.5Cu1Ag0.5Zn1Sn1S4_stannite,4.546874965427605e-08,3.637500043396358e-07,3.333333342681044e-08,0.0,True
K0.5Cu1Ag0.5Zn1Sn1Se4_kesterite,3.4687499983476755e-08,2.7749999986781404e-07,3.333333342681044e-08,0.0,True
K0.5Cu1Ag0.5Zn1Sn1Se4_stannite,1.562499463148015e-09,1.249999570518412e-08,3.333333342681044e-08,0.08230000000000004,False
K0.5Cu1Ag0.5Zn1Sn1Te4_kesterite,1.2031249330135552e-08,9.624999819379809e-08,3.333333253863202e-08,0.0,True
K0.5Cu1Ag0.5Zn1Sn1Te4_stannite,8.281250796216e-09,6.625000281701432e-08,3.333333253863202e-08,0.19620000000000015,False
K0.5Cu1Ag0.5Zn1Zr1S4_kesterite,7.343750008104166e-08,5.874999970956196e-07,3.333333342681044e-08,,False
K0.5Cu1Ag0.5Zn1Zr1S4_stannite,7.531249979209065e-08,6.025000018894389e-07,3.333333342681044e-08,0.0,True
K0.5Rb0.5Ag1Ba1Ge1Se4_stannite,2.3437496388112322e-09,1.8750000663203537e-08,0.0,0.0,True
K0.5Rb0.5Ag1Ba1Sn1S4_stannite,1.0937499350660573e-08,8.749999835799827e-08,3.333333298272123e-08,0.0,True
K0.5Rb0.5Ag1Ba1Sn1Se4_kesterite,4.874999914861178e-08,3.899999967416079e-07,0.0,0.0,True
K0.5Rb0.5Ag1Ba1Zr1S4_stannite,6.671875052433052e-08,5.337499970892168e-07,3.333333253863202e-08,0.0,True
K0.5Rb0.5Ag1Ba1Zr1Se4_stannite,5.656249912888711e-08,4.5249999658381057e-07,3.333333342681044e-08,0.0,True
K0.5Rb0.5Ag1Ba1Zr1Te4_stannite,3.1250000365190544e-08,2.499999993688107e-07,3.333333298272123e-08,0.0,True
K0.5Rb0.5Ag1Ca0.5Sr0.5Sn0.5Ge0.5S1Se3_stannite,4.140625042836632e-08,3.312499998742169e-07,3.333333298272123e-08,0.0,True
K0.5Rb0.5Ag1Ca0.5Sr0.5Sn0.5Ge0.5Se1Te3_stannite,5.687500048701111e-08,4.550000056724457e-07,0.0,0.0,True
K0.5Rb0.5Ag1Ca1Ge1Se4_stannite,2.9218748753834234e-08,2.3374999358338755e-07,3.333333342681044e-08,0.0,True
K0.5Rb0.5Ag1Ca1Ge1Te4_kesterite,5.906249933573804e-08,4.72499998238618e-07,3.333333431498886e-08,0.14300000000000068,False
K0.5Rb0.5Ag1Ca1Ge1Te4_stannite,3.359374955991257e-08,2.687500000320142e-07,3.333333342681044e-08,0.0,True
K0.5Rb0.5Ag1Ca1Sn1S4_stannite,7.390625045289312e-08,5.912500000704313e-07,3.333333342681044e-08,0.0,True
K0.5Rb0.5Ag1Ca1Sn1Se4_stannite,4.0624998920435473e-08,3.2499999491619747e-07,4.440892098500626e-16,0.0,True
K0.5Rb0.5Ag1Ca1Zr1S4_kesterite,2.2968749568974545e-08,1.8374999655179636e-07,4.440892098500626e-16,0.0,True
K0.5Rb0.5Ag1Ca1Zr1S4_stannite,4.031250000480213e-08,3.2250000003841706e-07,3.333333342681044e-08,0.0,True
K0.5Rb0.5Ag1Ca1Zr1Te4_stannite,5.0937499995740154e-08,4.075000035186349e-07,3.333333342681044e-08,0.0,True
K0.5Rb0.5Ag1Cd1Ge1S4_stannite,5.718750051286747e-08,4.575000005502261e-07,3.333333342681044e-08,0.0,True
K0.5Rb0.5Ag1Cd1Sn1S4_kesterite,1.1249999598561544e-08,9.000000034120603e-08,4.440892098500626e-16,0.0,True
K0.5Rb0.5Ag1Cd1Sn1S4_stannite,6.843749966733981e-08,5.475000008914321e-07,3.333333431498886e-08,0.0,True
K0.5Rb0.5Ag1Cd1Sn1Se4_kesterite,5.593749907717438e-08,4.474999997228224e-07,0.0,0.0,True
K0.5Rb0.5Ag1Cd1Sn1Se4_stannite,4.656249874557261e-08,3.7249999707000825e-07,3.333333342681044e-08,0.0,True
K0.5Rb0.5Ag1Cd1Sn1Te4_kesterite,7.343750052513087e-09,5.87500004201047e-08,0.0,0.0,True
K0.5Rb0.5Ag1Cd1Zr1S4_stannite,1.5625000404639877e-08,1.2499999968440534e-07,0.0,0.0,True
K0.5Rb0.5Ag1Cd1Zr1Se4_stannite,9.531249123284624e-09,7.624999653899067e-08,4.440892098500626e-16,0.0,True
K0.5Rb0.5Ag1Cd1Zr1Te4_kesterite,4.4687500366791255e-08,3.5749999938161636e-07,3.333333342681044e-08,0.0,True
K0.5Rb0.5Ag1Mg0.5Zn0.5Ge1S3Te1_kesterite,7.500000620552782e-09,6.000000496442226e-08,0.0,0.0,True
K0.5Rb0.5Ag1Mg0.5Zn0.5Ge1Se3Te1_kesterite,5.546874959350134e-08,4.4374999674801074e-07,3.333333342681044e-08,0.0,True
K0.5Rb0.5Ag1Mg1Ge1S4_kesterite,4.765625005731522e-08,3.812499969058081e-07,3.333333298272123e-08,0.0,True
K0.5Rb0.5Ag1Mg1Ge1S4_stannite,4.249999951966288e-08,3.399999997100167e-07,3.333333298272123e-08,0.0,True
K0.5Rb0.5Ag1Mg1Ge1Se4_stannite,3.859374952952521e-08,3.087499962362017e-07,3.333333298272123e-08,0.0,True
K0.5Rb0.5Ag1Mg1Ge1Te4_kesterite,5.859375029615421e-08,4.687500023692337e-07,3.333333253863202e-08,0.0,True
K0.5Rb0.5Ag1Mg1Ge1Te4_stannite,6.250000517127319e-09,5.000000413701855e-08,3.333333342681044e-08,0.014399999999998414,False
K0.5Rb0.5Ag1Mg1Sn1S4_kesterite,5.3281250966819016e-08,4.2625000418183845e-07,3.333333342681044e-08,0.0,True
K0.5Rb0.5Ag1Mg1Sn1S4_stannite,3.593749742236696e-09,2.874999438517989e-08,3.333333342681044e-08,0.0,True
K0.5Rb0.5Ag1Mg1Sn1Se4_stannite,3.1875000416903276e-08,2.550000033352262e-07,3.333333298272123e-08,0.0,True
K0.5Rb0.5Ag1Mg1Sn1Te4_stannite,1.7187495870985003e-09,1.3749996696788003e-08,3.333333431498886e-08,0.009299999999999642,True
K0.5Rb0.5Ag1Mg1Zr1S4_kesterite,3.828124972571345e-08,3.062500013584213e-07,3.333333387089965e-08,0.0,True
K0.5Rb0.5Ag1Mg1Zr1S4_stannite,5.0937499995740154e-08,4.0749999641320755e-07,3.333333342681044e-08,0.0,True
K0.5Rb0.5Ag1Mg1Zr1Se4_kesterite,7.812492874847976e-10,6.24999785259206e-09,0.0,0.0,True
K0.5Rb0.5Ag1Mg1Zr1Se4_stannite,2.8437500798617066e-08,2.2750000283622285e-07,3.333333342681044e-08,0.0,True
K0.5Rb0.5Ag1Mg1Zr1Te4_kesterite,3.312500007623953e-08,2.6499999705720256e-07,3.333333342681044e-08,0.0,True
K0.5Rb0.5Ag1Mg1Zr1Te4_stannite,3.2656250592566494e-08,2.6125000118781827e-07,3.333333342681044e-08,0.0,True
K0.5Rb0.5Ag1Sr1Ge1Te4_kesterite,4.4062499426900104e-08,3.525000025206282e-07,3.333333342681044e-08,0.0,True
K0.5Rb0.5Ag1Sr1Sn1Se4_stannite,4.078125037665359e-08,3.262500030132287e-07,0.0,0.0,True
K0.5Rb0.5Ag1Sr1Zr1S4_kesterite,3.9531249385049705e-08,3.1624999508039764e-07,4.440892098500626e-16,0.0,True
K0.5Rb0.5Ag1Sr1Zr1Se4_kesterite,4.140625042836632e-08,3.312499998742169e-07,0.0,0.0,True
K0.5Rb0.5Ag1Zn1Ge1S4_kesterite,6.562500010076633e-08,5.250000043588443e-07,3.333333342681044e-08,,False
K0.5Rb0.5Ag1Zn1Ge1Se4_stannite,1.3281249433561015e-08,1.062499990212018e-07,3.333333298272123e-08,0.07949999999999946,False
K0.5Rb0.5Ag1Zn1Sn1S4_kesterite,5.624999577236167e-09,4.5000000170603016e-08,3.333333342681044e-08,0.0,True
K0.5Rb0.5Ag1Zn1Sn1S4_stannite,7.40625005768436e-08,5.925000010620352e-07,3.333333431498886e-08,0.0,True
K0.5Rb0.5Ag1Zn1Sn1Se4_kesterite,2.2187500281489747e-08,1.7750000580463166e-07,0.0,0.0,True
K0.5Rb0.5Ag1Zn1Sn1Se4_stannite,4.687508159406661e-10,3.75000297481165e-09,0.0,0.0,True
K0.5Rb0.5Ag1Zn1Sn1Te4_kesterite,5.203125041930434e-08,4.1624999980172106e-07,3.333333342681044e-08,0.0,True
K0.5Rb0.5Ag1Zn1Sn1Te4_stannite,2.3750000632816182e-08,1.9000000150981577e-07,8.881784197001252e-16,0.3309999999999995,False
K0.5Rb0.5Ag1Zn1Zr1S4_kesterite,6.046874956311399e-08,4.837500000576256e-07,0.0,0.0,True
K0.5Rb0.5Ag1Zn1Zr1S4_stannite,1.2812500838066399e-08,1.0250000315181751e-07,3.333333342681044e-08,0.0,True
K0.5Rb0.5Ag1Zn1Zr1Se4_kesterite,3.406249993176402e-08,2.7250000300682586e-07,0.0,0.0,True
K0.5Rb0.5Ag1Zn1Zr1Se4_stannite,7.000000001866624e-08,5.600000037020436e-07,3.333333342681044e-08,0.0,True
K0.5Rb0.5Ag1Zn1Zr1Te4_stannite,4.70312504496917e-08,3.762500000448199e-07,3.333333253863202e-08,0.0,True
K0.5Rb0.5Al0.5Ga0.5Se2_stannite,3.250000091270522e-08,1.300000000981072e-07,0.0,0.0,True
K0.5Rb0.5Al1S2_kesterite,3.765625145035756e-08,1.5062500224871656e-07,0.0,0.0,True
K0.5Rb0.5Al1Se1Te1_kesterite,4.51562502945535e-08,1.80625001178214e-07,3.333333342681044e-08,0.0,True
K0.5Rb0.5Al1Se1Te1_stannite,5.312500039877932e-08,2.124999980424036e-07,4.440892098500626e-16,0.0,True
K0.5Rb0.5Al1Se2_kesterite,3.281249938424935e-08,1.312499975369974e-07,0.0,0.0,True
K0.5Rb0.5Al1Se2_stannite,6.96875011030329e-08,2.787500008594179e-07,3.333333342681044e-08,0.0,True
K0.5Rb0.5Al1Te2_kesterite,1.3750000249501682e-08,5.5000000998006726e-08,0.0,0.0,True
K0.5Rb0.5Al1Te2_stannite,4.656250007784024e-08,1.8624999853500412e-07,3.333333298272123e-08,0.0,True
K0.5Rb0.5Cs0.5Ag0.5Ba1Zr1S4_stannite,7.499999998827889e-08,5.999999999062311e-07,0.0,0.0,True
K0.5Rb0.5Cs0.5Ag0.5Ba1Zr1Se4_stannite,1.4218749289085508e-08,1.1374999786539775e-07,4.440892098500626e-16,0.0,True
K0.5Rb0.5Cs0.5Ag0.5Ca1Sn1S4_stannite,1.3750000249501682e-08,1.1000000199601345e-07,0.0,0.0,True
K0.5Rb0.5Cs0.5Ag0.5Ca1Sn1Se4_stannite,5.000000413701855e-09,4.000000330961484e-08,0.0,0.0,True
K0.5Rb0.5Cs0.5Ag0.5Ca1Zr1S4_stannite,3.171875118113121e-08,2.5375000234362233e-07,0.0,0.0,True
K0.5Rb0.5Cs0.5Ag0.5Ca1Zr1Se4_stannite,7.781249911076316e-08,6.224999964388189e-07,4.440892098500626e-16,0.0,True
K0.5Rb0.5Cs0.5Ag0.5Ca1Zr1Te4_stannite,5.4687499417838126e-08,4.374999988954187e-07,4.440892098500626e-16,0.0,True
K0.5Rb0.5Cs0.5Ag0.5Cd1Ge1S4_stannite,6.250000073038109e-09,4.999999703159119e-08,3.333333298272123e-08,0.0,True
K0.5Rb0.5Cs0.5Ag0.5Cd1Ge1Se4_kesterite,1.1249999598561544e-08,8.999999323577867e-08,3.333333431498886e-08,0.0,True
K0.5Rb0.5Cs0.5Ag0.5Cd1Ge1Se4_stannite,3.750000754365601e-09,3.000000248221113e-08,0.0,0.0,True
K0.5Rb0.5Cs0.5Ag0.5Cd1Ge1Te4_kesterite,3.9218750025327154e-08,3.1375000020261723e-07,0.0,0.03570000000000206,False
K0.5Rb0.5Cs0.5Ag0.5Cd1Sn1S4_stannite,4.453125024284077e-08,3.562499983900125e-07,3.333333342681044e-08,0.0,True
K0.5Rb0.5Cs0.5Ag0.5Cd1Sn1Te4_stannite,2.968749690523964e-09,2.3749997524191713e-08,0.0,0.00140000000000029,True
K0.5Rb0.5Cs0.5Ag0.5Cd1Zr1S4_stannite,7.734375051526854e-08,6.187500005694346e-07,3.333333342681044e-08,0.0,True
K0.5Rb0.5Cs0.5Ag0.5Cd1Zr1Se4_stannite,5.06250006360176e-08,4.0500000153542715e-07,3.333333342681044e-08,0.0,True
K0.5Rb0.5Cs0.5Ag0.5Cd1Zr1Te4_stannite,4.9843750460354386e-08,3.987500036828351e-07,3.333333342681044e-08,0.0,True
K0.5Rb0.5Cs0.5Ag0.5Mg1Ge1S4_stannite,6.718750045209276e-08,5.375000000640284e-07,3.333333342681044e-08,0.0,True
K0.5Rb0.5Cs0.5Ag0.5Mg1Ge1Se4_stannite,7.687499969932787e-08,6.14999997594623e-07,4.440892098500626e-16,0.0,True
K0.5Rb0.5Cs0.5Ag0.5Mg1Sn1S4_kesterite,3.1874999972814066e-08,2.550000033352262e-07,0.0,0.0,True
K0.5Rb0.5Cs0.5Ag0.5Mg1Sn1S4_stannite,7.281249958523972e-08,5.825000002346314e-07,4.440892098500626e-16,0.0,True
K0.5Rb0.5Cs0.5Ag0.5Mg1Sn1Se4_kesterite,3.250000046861601e-08,2.600000001962144e-07,3.333333342681044e-08,0.0,True
K0.5Rb0.5Cs0.5Ag0.5Mg1Sn1Se4_stannite,2.3593750064776486e-08,1.887500005182119e-07,3.333333342681044e-08,0.0,True
K0.5Rb0.5Cs0.5Ag0.5Mg1Sn1Te4_stannite,1.7187495870985003e-09,1.3749996696788003e-08,3.333333253863202e-08,0.0,True
K0.5Rb0.5Cs0.5Ag0.5Mg1Zr1S4_stannite,5.703124950073857e-08,4.562499995586222e-07,3.333333387089965e-08,0.0,True
K0.5Rb0.5Cs0.5Ag0.5Mg1Zr1Se4_kesterite,4.4375001007068704e-08,3.5500000450383595e-07,3.333333342681044e-08,,False
K0.5Rb0.5Cs0.5Ag0.5Mg1Zr1Se4_stannite,1.2343750466214942e-08,9.875000017700586e-08,3.333333342681044e-08,0.0,True
K0.5Rb0.5Cs0.5Ag0.5Mg1Zr1Te4_stannite,3.203125009676455e-08,2.5624999722140274e-07,3.333333431498886e-08,0.0,True
K0.5Rb0.5Cs0.5Ag0.5Sr1Ge1S4_stannite,3.9843750077039886e-08,3.1875000416903276e-07,3.333333342681044e-08,0.0,True
K0.5Rb0.5Cs0.5Ag0.5Sr1Sn1S4_stannite,5.171874972731416e-08,4.1375000137122697e-07,0.0,0.0,True
K0.5Rb0.5Cs0.5Ag0.5Sr1Zr1S4_stannite,1.8750005992274055e-09,1.5000004793819244e-08,0.0,0.0,True
K0.5Rb0.5Cs0.5Ag0.5Sr1Zr1Se4_stannite,7.359375109317057e-08,5.887500051926509e-07,3.333333342681044e-08,0.0,True
K0.5Rb0.5Cs0.5Ag0.5Zn1Ge1S4_kesterite,1.828124984726287e-08,1.4625000233081664e-07,3.333333298272123e-08,0.0,True
K0.5Rb0.5Cs0.5Ag0.5Zn1Ge1S4_stannite,3.9218749581237944e-08,3.1375000020261723e-07,4.440892098500626e-16,,False
K0.5Rb0.5Cs0.5Ag0.5Zn1Ge1Se4_kesterite,7.078125019432946e-08,5.662500015546357e-07,3.333333342681044e-08,0.0,True
K0.5Rb0.5Cs0.5Ag0.5Zn1Ge1Se4_stannite,4.359374994322707e-08,3.4874999954581654e-07,3.333333431498886e-08,0.07710000000000061,False
K0.5Rb0.5Cs0.5Ag0.5Zn1Sn1S4_stannite,2.1874999589499566e-09,1.7499999671599653e-08,0.0,0.0,True
K0.5Rb0.5Cs0.5Ag0.5Zn1Sn1Se4_stannite,7.796874967880285e-08,6.237499974304228e-07,3.333333253863202e-08,0.0,True
K0.5Rb0.5Cs0.5Ag0.5Zn1Sn1Te4_stannite,5.687499982087729e-08,4.55000002119732e-07,3.333333342681044e-08,0.0,True
K0.5Rb0.5Cs0.5Ag0.5Zn1Zr1S4_stannite,5.593749952126359e-08,4.474999997228224e-07,3.333333342681044e-08,0.0,True
K0.5Rb0.5Cs0.5Ag0.5Zn1Zr1Se4_stannite,3.8437500737842356e-08,3.0750000235002517e-07,0.0,0.0,True
K0.5Rb0.5Cs0.5Ag0.5Zn1Zr1Te4_stannite,6.515624972891487e-08,5.212500013840327e-07,3.333333342681044e-08,0.0,True
K0.5Rb0.5Cs0.5Cu0.5Ba1Zr1Se4_kesterite,2.171874902145987e-08,1.7374999572439265e-07,8.881784197001252e-16,0.0,True
K0.5Rb0.5Cs0.5Cu0.5Ba1Zr1Se4_stannite,5.421874993416509e-08,4.3374999592060703e-07,8.881784197001252e-16,0.0,True
K0.5Rb0.5Cs0.5Cu0.5Ca1Ge1S4_stannite,1.5468749392510972e-08,1.2374999869280146e-07,4.440892098500626e-16,0.0,True
K0.5Rb0.5Cs0.5Cu0.5Ca1Zr1Te4_kesterite,2.343750526989652e-09,1.8750000663203537e-08,3.333333342681044e-08,0.0,True
K0.5Rb0.5Cs0.5Cu0.5Ca1Zr1Te4_stannite,6.65624990681124e-08,5.324999960976129e-07,3.333333342681044e-08,0.0,True
K0.5Rb0.5Cs0.5Cu0.5Cd1Ge1S4_stannite,7.109375088631964e-08,5.687500035378434e-07,3.333333342681044e-08,0.0,True
K0.5Rb0.5Cs0.5Cu0.5Cd1Ge1Se4_stannite,6.390624962548941e-08,5.11250000556629e-07,0.0,0.0,True
K0.5Rb0.5Cs0.5Cu0.5Cd1Sn1Se4_stannite,4.3281250583504516e-08,3.4625000466803613e-07,0.0,0.0,True
K0.5Rb0.5Cs0.5Cu0.5Cd1Zr1Se4_stannite,4.562499933413733e-08,3.649999982258123e-07,0.0,,False
K0.5Rb0.5Cs0.5Cu0.5Cd1Zr1Te4_stannite,5.312499995469011e-08,4.2500000319023457e-07,0.0,0.0,True
K0.5Rb0.5Cs0.5Cu0.5Mg0.5Sr0.5Sn1S4_stannite,1.4218750621353138e-08,1.137500049708251e-07,0.0,,False
K0.5Rb0.5Cs0.5Cu0.5Mg1Ge1S4_stannite,6.750000069999373e-08,5.400000020472362e-07,3.333333342681044e-08,0.0,True
K0.5Rb0.5Cs0.5Cu0.5Mg1Ge1Se4_stannite,3.874999920938649e-08,3.099999972278056e-07,3.333333342681044e-08,0.0,True
K0.5Rb0.5Cs0.5Cu0.5Mg1Sn0.5Ge0.5S3Te1_stannite,6.04687500072032e-08,4.837500000576256e-07,3.333333342681044e-08,0.0,True
K0.5Rb0.5Cs0.5Cu0.5Mg1Sn1S4_stannite,3.1562499724913096e-08,2.5250000135201844e-07,3.333333298272123e-08,0.0,True
K0.5Rb0.5Cs0.5Cu0.5Mg1Sn1Se4_kesterite,5.187499896308623e-08,4.149999952574035e-07,3.333333342681044e-08,0.0,True
K0.5Rb0.5Cs0.5Cu0.5Mg1Sn1Se4_stannite,4.078124948847517e-08,3.2624999590780135e-07,3.333333342681044e-08,0.0,True
K0.5Rb0.5Cs0.5Cu0.5Mg1Zr1S4_stannite,6.687500020419179e-08,5.35000005186248e-07,3.333333298272123e-08,0.0,True
K0.5Rb0.5Cs0.5Cu0.5Mg1Zr1Te4_stannite,5.000000014021566e-08,3.999999975690116e-07,0.0,0.0,True
K0.5Rb0.5Cs0.5Cu0.5Sr1Zr1Se4_kesterite,3.9531249829138915e-08,3.16250002185825e-07,0.0,0.0,True
K0.5Rb0.5Cs0.5Cu0.5Zn1Ge1Te4_kesterite,6.374999950153892e-08,5.099999995650251e-07,3.333333431498886e-08,0.0,True
K0.5Rb0.5Cs0.5Cu0.5Zn1Ge1Te4_stannite,2.6406250519528385e-08,2.112500006035134e-07,3.333333253863202e-08,0.0,True
K0.5Rb0.5Cs0.5Cu0.5Zn1Sn1S4_stannite,3.484375010742724e-08,2.787500008594179e-07,0.0,0.0,True
K0.5Rb0.5Cs0.5Cu0.5Zn1Zr1S4_kesterite,5.624999976916456e-08,4.499999946006028e-07,0.0,0.0,True
K0.5Rb0.5Cs0.5Cu0.5Zn1Zr1S4_stannite,5.187499985126465e-08,4.1500000236283086e-07,3.333333387089965e-08,0.0,True
K0.5Rb0.5Cs0.5Cu0.5Zn1Zr1Se4_stannite,2.6406250963617595e-08,2.1125000415622708e-07,3.333333431498886e-08,0.0,True
K0.5Rb0.5Cs1Ba0.5Cd0.5Sn1S4_stannite,7.812499980275334e-08,6.249999984220267e-07,3.333333342681044e-08,0.0,True
K0.5Rb0.5Cs1Ba1Ge1S4_kesterite,1.2656250270026703e-08,1.0125000216021363e-07,3.333333342681044e-08,0.0,True
K0.5Rb0.5Cs1Ba1Ge1S4_stannite,5.937500269226348e-09,4.750000215381078e-08,3.333333331578814e-08,0.0,True
K0.5Rb0.5Cs1Ba1Sn1S4_kesterite,2.0781250942292218e-08,1.6625000398562406e-07,3.333333342681044e-08,0.0,True
K0.5Rb0.5Cs1Ba1Sn1S4_stannite,9.062500527790007e-09,7.250000066960638e-08,2.220446049250313e-16,0.0,True
K0.5Rb0.5Cs1Ba1Sn1Se4_stannite,3.656250013861495e-08,2.924999975562059e-07,3.3333333204765836e-08,0.0,True
K0.5Rb0.5Cs1Ba1Sn1Te4_stannite,2.4062500436627943e-08,1.9250000349302354e-07,3.333333342681044e-08,0.0,True
K0.5Rb0.5Cs1Ba1Zr1S4_kesterite,6.531250029695457e-08,5.224999952702092e-07,3.333333342681044e-08,0.0,True
K0.5Rb0.5Cs1Ba1Zr1S4_stannite,5.5781248953223894e-08,4.462499987312185e-07,3.3333333648855046e-08,0.0,True
K0.5Rb0.5Cs1Ba1Zr1Se4_kesterite,4.046875057284183e-08,3.2375000103002094e-07,4.440892098500626e-16,0.0,True
K0.5Rb0.5Cs1Ba1Zr1Se4_stannite,3.406249993176402e-08,2.724999959013985e-07,3.333333298272123e-08,0.0,True
K0.5Rb0.5Cs1Ba1Zr1Te4_stannite,7.656250078369453e-08,6.125000027168426e-07,3.333333342681044e-08,0.0,True
K0.5Rb0.5Cs1Ca1Sn1S4_stannite,1.4375000301214413e-08,1.1499999885700163e-07,0.0,0.0,True
K0.5Rb0.5Cs1Ca1Zr1S4_kesterite,4.3437500707455e-08,3.4749999855421265e-07,3.333333342681044e-08,0.0,True
K0.5Rb0.5Cs1Ca1Zr1S4_stannite,3.718750019032768e-08,2.9750000152262146e-07,3.333333298272123e-08,,False
K0.5Rb0.5Cs1Ca1Zr1Se4_kesterite,2.9218749642012654e-08,2.337500006888149e-07,4.440892098500626e-16,0.0,True
K0.5Rb0.5Cs1Ca1Zr1Se4_stannite,2.3437496388112322e-09,1.8750000663203537e-08,2.220446049250313e-16,0.0,True
K0.5Rb0.5Cs1Ca1Zr1Te4_stannite,5.984375084366889e-08,4.787500031966374e-07,3.333333342681044e-08,0.0,True
K0.5Rb0.5Cs1Cd1Ge1S4_stannite,7.796875012289206e-08,6.237499974304228e-07,3.333333298272123e-08,0.0,True
K0.5Rb0.5Cs1Cd1Ge1Se4_stannite,6.156250043076739e-08,4.924999998934254e-07,3.333333298272123e-08,0.0,True
K0.5Rb0.5Cs1Cd1Sn1S4_stannite,6.968750021485448e-08,5.575000017188358e-07,0.0,0.0,True
K0.5Rb0.5Cs1Cd1Sn1Se4_stannite,2.1874999589499566e-09,1.7499999671599653e-08,0.0,0.0,True
K0.5Rb0.5Cs1Cd1Sn1Te4_stannite,6.843750011142902e-08,5.475000008914321e-07,8.881784197001252e-16,0.0,True
K0.5Rb0.5Cs1Cd1Zr1S4_kesterite,7.625000053579356e-08,6.100000007336348e-07,3.333333342681044e-08,0.0,True
K0.5Rb0.5Cs1Cd1Zr1S4_stannite,1.4687500549115384e-08,1.175000008402094e-07,3.333333342681044e-08,0.0,True
K0.5Rb0.5Cs1Cd1Zr1Se4_kesterite,7.499999288285153e-09,5.99999978589949e-08,3.333333342681044e-08,0.0,True
K0.5Rb0.5Cs1Cd1Zr1Se4_stannite,1.96874991864604e-08,1.5749999704439688e-07,3.333333298272123e-08,0.0,True
K0.5Rb0.5Cs1Cd1Zr1Te4_stannite,1.968749963054961e-08,1.5749999704439688e-07,0.0,0.0,True
K0.5Rb0.5Cs1Mg1Ge1S4_kesterite,1.4062502273759492e-09,1.1250001819007593e-08,4.440892098500626e-16,0.0,True
K0.5Rb0.5Cs1Mg1Ge1S4_stannite,7.015624969852752e-08,5.612499975882201e-07,4.440892098500626e-16,0.0,True
K0.5Rb0.5Cs1Mg1Ge1Te4_stannite,4.9843750016265176e-08,3.987500001301214e-07,3.333333387089965e-08,0.0,True
K0.5Rb0.5Cs1Mg1Sn1S4_stannite,1.312499975369974e-08,1.0499999802959792e-07,3.333333326027699e-08,0.0,True
K0.5Rb0.5Cs1Mg1Sn1Se4_kesterite,7.74999993069514e-08,6.199999944556112e-07,0.0,0.0,True
K0.5Rb0.5Cs1Mg1Sn1Se4_stannite,4.1562500552316806e-08,3.3250000086582077e-07,3.333333342681044e-08,0.0,True
K0.5Rb0.5Cs1Mg1Sn1Te4_stannite,4.4374999674801074e-08,3.549999973984086e-07,3.333333298272123e-08,0.0,True
K0.5Rb0.5Cs1Mg1Zr1S4_kesterite,3.89062506656046e-08,3.112500053248368e-07,0.0,0.0,True
K0.5Rb0.5Cs1Mg1Zr1S4_stannite,6.390625006957862e-08,5.11250000556629e-07,2.220446049250313e-16,0.0,True
K0.5Rb0.5Cs1Mg1Zr1Se4_kesterite,1.5468749392510972e-08,1.2374999869280146e-07,3.333333342681044e-08,0.0,True
K0.5Rb0.5Cs1Mg1Zr1Se4_stannite,5.5000000553917516e-08,4.4000000087862645e-07,3.333333342681044e-08,0.0,True
K0.5Rb0.5Cs1Mg1Zr1Te4_kesterite,6.57812497806276e-08,5.262499982450208e-07,3.333333342681044e-08,0.0,True
K0.5Rb0.5Cs1Mg1Zr1Te4_stannite,4.9843749572175966e-08,3.9874999657740773e-07,0.0,0.0,True
K0.5Rb0.5Cs1Sr1Ge1Se4_kesterite,7.390625000880391e-08,5.912500000704313e-07,3.333333342681044e-08,0.0,True
K0.5Rb0.5Cs1Sr1Ge1Se4_stannite,1.0468749422898327e-08,8.374999538318662e-08,0.0,0.0,True
K0.5Rb0.5Cs1Sr1Sn1S4_kesterite,9.99999993922529e-09,7.999999951380232e-08,0.0,0.0,True
K0.5Rb0.5Cs1Sr1Sn1S4_stannite,2.0781250498203008e-08,1.6625000398562406e-07,3.333333298272123e-08,0.0,True
K0.5Rb0.5Cs1Sr1Sn1Se4_stannite,4.546874965427605e-08,3.637499972342084e-07,3.333333342681044e-08,0.0,True
K0.5Rb0.5Cs1Sr1Zr1S4_kesterite,5.468749897374892e-09,4.374999917899913e-08,0.0,0.0,True
K0.5Rb0.5Cs1Sr1Zr1S4_stannite,3.3593750004001777e-08,2.687500000320142e-07,3.3333333204765836e-08,0.0,True
K0.5Rb0.5Cs1Sr1Zr1Se4_kesterite,9.375002996137027e-10,7.499998844195943e-09,0.0,0.0,True
K0.5Rb0.5Cs1Sr1Zr1Se4_stannite,3.8437500737842356e-08,3.0750000235002517e-07,3.3333333204765836e-08,0.0,True
K0.5Rb0.5Cs1Sr1Zr1Te4_stannite,2.624999950739948e-08,2.0999999605919584e-07,3.333333342681044e-08,0.0,True
K0.5Rb0.5Cs1Zn1Ge1Se4_stannite,1.624999956817419e-08,1.2999999654539351e-07,3.333333387089965e-08,,False
K0.5Rb0.5Cs1Zn1Sn1S4_kesterite,1.546875116886781e-08,1.237500057982288e-07,3.333333342681044e-08,0.0,True
K0.5Rb0.5Cs1Zn1Sn1S4_stannite,3.140625048914103e-08,2.5125000036041456e-07,0.0,0.0,True
K0.5Rb0.5Cs1Zn1Sn1Se4_kesterite,6.874999991524078e-08,5.499999957692125e-07,3.333333253863202e-08,0.0,True
K0.5Rb0.5Cs1Zn1Zr1S4_kesterite,2.9062499962151378e-08,2.3249999969721102e-07,0.0,0.0,True
K0.5Rb0.5Cs1Zn1Zr1S4_stannite,4.6093750594167204e-08,3.6875000120062396e-07,0.0,0.0,True
K0.5Rb0.5Cs1Zn1Zr1Se4_kesterite,6.921874939891381e-08,5.537499987440242e-07,3.333333342681044e-08,0.0,True
K0.5Rb0.5Cs1Zn1Zr1Se4_stannite,3.109375024124006e-08,2.487499983772068e-07,0.0,0.0,True
K0.5Rb0.5Cs1Zn1Zr1Te4_stannite,7.140625024604219e-08,5.712500055210512e-07,0.0,0.0,True
K0.5Rb0.5Cu0.5Ag0.5Ba0.5Cd0.5Sn1Se2Te2_kesterite,7.718749950313963e-08,6.174999995778307e-07,0.0,0.0,True
K0.5Rb0.5Cu0.5Ag0.5Ba0.5Cd0.5Sn1Se2Te2_stannite,5.499999877756068e-08,4.399999937731991e-07,3.333333342681044e-08,0.0,True
K0.5Rb0.5Cu0.5Ag0.5Ba1Sn1Se4_stannite,3.000000026176508e-08,2.3999999854140697e-07,3.333333298272123e-08,0.0,True
K0.5Rb0.5Cu0.5Ag0.5Ba1Sn1Te4_stannite,6.890624959510205e-08,5.512499967608164e-07,3.333333342681044e-08,0.0,True
K0.5Rb0.5Cu0.5Ag0.5Ca1Zr1S4_kesterite,1.2343750910304152e-08,9.875000017700586e-08,3.333333298272123e-08,,False
K0.5Rb0.5Cu0.5Ag0.5Cd1Ge1Se4_stannite,5.078125031587888e-08,4.0625000252703103e-07,3.333333342681044e-08,0.0,True
K0.5Rb0.5Cu0.5Ag0.5Cd1Ge1Te4_kesterite,2.171874990963829e-08,1.7374999927710633e-07,3.333333342681044e-08,0.0,True
K0.5Rb0.5Cu0.5Ag0.5Cd1Zr1S4_stannite,5.4999999665739097e-08,4.4000000087862645e-07,3.333333342681044e-08,0.0,True
K0.5Rb0.5Cu0.5Ag0.5Cd1Zr1Se4_kesterite,7.46874992962887e-08,5.974999979230233e-07,3.333333253863202e-08,0.0,True
K0.5Rb0.5Cu0.5Ag0.5Cd1Zr1Te4_stannite,6.40624997494399e-08,5.124999944428055e-07,3.333333253863202e-08,0.0,True
K0.5Rb0.5Cu0.5Ag0.5Mg0.5Ba0.5Ge1S2Te2_kesterite,4.6406250397978965e-08,3.7124999607840437e-07,3.333333342681044e-08,0.0,True
K0.5Rb0.5Cu0.5Ag0.5Mg0.5Ba0.5Ge1S2Te2_stannite,1.5781250084501153e-08,1.2624999357058186e-07,0.0,0.0,True
K0.5Rb0.5Cu0.5Ag0.5Mg0.5Cd0.5Ge1S1Se2Te1_stannite,6.031250077143113e-08,4.824999990660217e-07,8.881784197001252e-16,0.0,True
K0.5Rb0.5Cu0.5Ag0.5Mg1Ge1S4_stannite,3.0156250385715566e-08,2.4124999953301085e-07,3.333333342681044e-08,0.0,True
K0.5Rb0.5Cu0.5Ag0.5Mg1Ge1Se4_stannite,5.984374951140126e-08,4.7874999609121e-07,3.333333342681044e-08,0.0,True
K0.5Rb0.5Cu0.5Ag0.5Mg1Ge1Te4_stannite,6.000000052353016e-08,4.800000041882413e-07,3.333333342681044e-08,0.007200000000000983,True
K0.5Rb0.5Cu0.5Ag0.5Mg1Sn1S4_stannite,3.1250000365190544e-08,2.499999993688107e-07,0.0,0.0,True
K0.5Rb0.5Cu0.5Ag0.5Mg1Sn1Se4_kesterite,2.140625010582653e-08,1.7125000084661224e-07,3.333333342681044e-08,0.0,True
K0.5Rb0.5Cu0.5Ag0.5Mg1Sn1Se4_stannite,5.0624999303749973e-08,4.049999944299998e-07,3.333333342681044e-08,0.0,True
K0.5Rb0.5Cu0.5Ag0.5Mg1Sn1Te4_kesterite,7.343750496602297e-09,5.8750003972818376e-08,3.333333253863202e-08,0.0,True
K0.5Rb0.5Cu0.5Ag0.5Mg1Zr1S4_kesterite,3.031250050966605e-08,2.4250000052461473e-07,3.333333342681044e-08,0.0,True
K0.5Rb0.5Cu0.5Ag0.5Mg1Zr1S4_stannite,7.281249958523972e-08,5.825000002346314e-07,3.333333387089965e-08,0.0,True
K0.5Rb0.5Cu0.5Ag0.5Mg1Zr1Te4_stannite,4.84374984566216e-09,3.8750002318010957e-08,3.333333342681044e-08,0.0,True
K0.5Rb0.5Cu0.5Ag0.5Sr1Sn1Te4_kesterite,5.234375111129452e-08,4.187500053376425e-07,3.333333342681044e-08,0.020599999999998175,False
K0.5Rb0.5Cu0.5Ag0.5Sr1Sn1Te4_stannite,2.1562499785687805e-08,1.7250000183821612e-07,3.333333342681044e-08,0.0,True
K0.5Rb0.5Cu0.5Ag0.5Zn0.5Cd0.5Ge1Se4_stannite,3.0156249941626356e-08,2.4124999953301085e-07,0.0,0.0,True
K0.5Rb0.5Cu0.5Ag0.5Zn1Ge1S4_stannite,4.9843750016265176e-08,3.9874999657740773e-07,0.0,0.0,True
K0.5Rb0.5Cu0.5Ag0.5Zn1Ge1Te4_stannite,7.203125029775492e-08,5.762499988293257e-07,0.0,0.5350999999999999,False
K0.5Rb0.5Cu0.5Ag0.5Zn1Sn1Se4_stannite,4.375000361989123e-09,3.4999999343199306e-08,0.0,0.0,True
K0.5Rb0.5Cu0.5Ag0.5Zn1Zr1S4_stannite,4.8125000429166676e-08,3.849999998806197e-07,3.333333342681044e-08,0.0,True
K0.5Rb0.5Cu0.5Ag0.5Zn1Zr1Te4_stannite,6.03124994391635e-08,4.824999990660217e-07,8.881784197001252e-16,0.0,True
K0.5Rb0.5Cu1Ba0.5Cd0.5Ge1S3Te1_kesterite,3.796874992190169e-08,3.037499993752135e-07,0.0,1.5293,False
K0.5Rb0.5Cu1Ba0.5Cd0.5Ge1S3Te1_stannite,4.8437502897513696e-09,3.8750002318010957e-08,3.333333342681044e-08,0.0,True
K0.5Rb0.5Cu1Ba1Zr1S4_kesterite,4.2656249199524154e-08,3.412500007016206e-07,0.0,0.0,True
K0.5Rb0.5Cu1Ba1Zr1S4_stannite,7.375000077303184e-08,5.899999990788274e-07,3.333333342681044e-08,0.0,True
K0.5Rb0.5Cu1Ba1Zr1Te4_stannite,7.421875070079409e-08,5.93750002053639e-07,0.0,0.0,True
K0.5Rb0.5Cu1Ca1Zr1Se4_stannite,2.484375061229116e-08,1.987500013456156e-07,3.333333342681044e-08,0.0,True
K0.5Rb0.5Cu1Cd1Ge1S4_stannite,5.624999577236167e-09,4.5000000170603016e-08,3.333333342681044e-08,0.0,True
K0.5Rb0.5Cu1Cd1Sn1S4_kesterite,1.484374934079824e-08,1.1874999472638592e-07,0.0,0.0,True
K0.5Rb0.5Cu1Cd1Sn1S4_stannite,3.656249969452574e-08,2.924999975562059e-07,3.333333431498886e-08,0.0,True
K0.5Rb0.5Cu1Cd1Sn1Te4_kesterite,6.750000025590452e-08,5.399999984945225e-07,3.333333342681044e-08,0.018900000000002137,False
K0.5Rb0.5Cu1Cd1Sn1Te4_stannite,6.562500098894475e-08,5.250000043588443e-07,3.333333342681044e-08,0.0893999999999977,False
K0.5Rb0.5Cu1Mg0.5Ca0.5Ge1S1Se2Te1_kesterite,7.531250023617986e-08,6.025000018894389e-07,8.881784197001252e-16,0.0,True
K0.5Rb0.5Cu1Mg0.5Ca0.5Ge1S1Se2Te1_stannite,1.4531249981075689e-08,1.1624999984860551e-07,3.333333342681044e-08,0.0,True
K0.5Rb0.5Cu1Mg1Ge1S4_stannite,7.765624987499109e-08,6.212500025526424e-07,3.333333342681044e-08,0.0,True
K0.5Rb0.5Cu1Mg1Ge1Se4_stannite,3.375000057204147e-08,2.700000010236181e-07,0.0,0.0,True
K0.5Rb0.5Cu1Mg1Sn1S4_stannite,2.0624999930163312e-08,1.6500000299402018e-07,0.0,0.0,True
K0.5Rb0.5Cu1Mg1Sn1Se4_stannite,3.125006919901807e-10,2.500001983207767e-09,3.333333253863202e-08,0.0,True
K0.5Rb0.5Cu1Mg1Sn1Te4_kesterite,2.8593749146210712e-08,2.2874999672239937e-07,3.333333431498886e-08,0.0,True
K0.5Rb0.5Cu1Mg1Sn1Te4_stannite,7.796875012289206e-08,6.237499974304228e-07,8.881784197001252e-16,0.0,True
K0.5Rb0.5Cu1Mg1Zr1S4_stannite,4.76562491691368e-08,3.812499969058081e-07,0.0,0.0,True
K0.5Rb0.5Cu1Mg1Zr1Se4_stannite,4.5000000614692226e-08,3.6000000136482413e-07,3.333333431498886e-08,0.0,True
K0.5Rb0.5Cu1Sr0.5Cd0.5Sn0.5Ge0.5S2Se2_stannite,4.9843749572175966e-08,3.9874999657740773e-07,3.333333253863202e-08,0.0,True
K0.5Rb0.5Cu1Sr0.5Zn0.5Sn0.5Ge0.5Se3Te1_kesterite,5.250000123524501e-08,4.2000001343467375e-07,3.333333342681044e-08,0.0,True
K0.5Rb0.5Cu1Sr0.5Zn0.5Sn0.5Ge0.5Se3Te1_stannite,6.249999184859689e-09,4.9999989926163835e-08,3.333333253863202e-08,0.012699999999998823,False
K0.5Rb0.5Cu1Sr1Ge1Te4_stannite,4.484374960256332e-08,3.5875000037322025e-07,8.881784197001252e-16,0.0,True
K0.5Rb0.5Cu1Zn1Ge1S4_stannite,6.156250043076739e-08,4.925000069988528e-07,3.333333342681044e-08,0.0,True
K0.5Rb0.5Cu1Zn1Ge1Se4_stannite,2.9062499962151378e-08,2.3249999969721102e-07,3.333333342681044e-08,0.0,True
K0.5Rb0.5Cu1Zn1Ge1Te4_stannite,6.67187496361521e-08,5.337500041946441e-07,3.333333431498886e-08,0.1365999999999996,False
K0.5Rb0.5Cu1Zn1Sn1S4_stannite,5.515624978968958e-08,4.41249994764803e-07,3.333333431498886e-08,0.0,True
K0.5Rb0.5Cu1Zn1Zr1S4_kesterite,5.874999997601549e-08,4.700000033608376e-07,8.881784197001252e-16,0.0,True
K0.5Rb0.5Cu1Zn1Zr1S4_stannite,1.0624999102759602e-08,8.49999963747905e-08,3.333333342681044e-08,0.0,True
K0.5Rb0.5Ga0.5In0.5S1Se1_kesterite,6.968750021485448e-08,2.787500008594179e-07,3.333333387089965e-08,0.0,True
K0.5Rb0.5Ga0.5In0.5S1Se1_stannite,5.562500060563025e-08,2.2249999886980731e-07,3.333333298272123e-08,0.0,True
K0.5Rb0.5Ga0.5In0.5Se1Te1_kesterite,4.062499669998942e-09,1.624999867999577e-08,3.333333342681044e-08,0.0,True
K0.5Rb0.5Ga0.5In0.5Se1Te1_stannite,1.3281249877650225e-08,5.31249995106009e-08,0.0,0.0,True
K0.5Rb0.5Ga0.5In0.5Se2_stannite,2.2968748680796125e-08,9.187499827589818e-08,3.333333342681044e-08,0.0,True
K0.5Rb0.5Ga0.5In0.5Te2_stannite,7.140624980195298e-08,2.856249992078119e-07,8.881784197001252e-16,0.17609999999999815,False
K0.5Rb0.5Ga1S1Se1_kesterite,1.656250070425358e-08,6.625000281701432e-08,0.0,0.0,True
K0.5Rb0.5Ga1S1Se1_stannite,3.6093751099031124e-08,1.4437500084341082e-07,3.333333342681044e-08,0.0,True
K0.5Rb0.5Ga1S2_kesterite,7.218749953352699e-08,2.8874999813410795e-07,3.333333298272123e-08,,False
K0.5Rb0.5Ga1S2_stannite,9.687500579502739e-09,3.874999876529728e-08,3.333333253863202e-08,0.0,True
K0.5Rb0.5Ga1Se1Te1_kesterite,3.656249969452574e-08,1.4624999877810296e-07,3.333333342681044e-08,0.0,True
K0.5Rb0.5Ga1Se1Te1_stannite,7.296875015327942e-08,2.9187500061311766e-07,8.881784197001252e-16,0.0,True
K0.5Rb0.5Ga1Se2_kesterite,7.109375044223043e-08,2.843750017689217e-07,3.333333342681044e-08,0.0,True
K0.5Rb0.5Ga1Se2_stannite,3.3281249312011596e-08,1.3312499902440322e-07,0.0,0.0,True
K0.5Rb0.5Ga1Te2_kesterite,5.281249926269993e-08,2.1124999705079972e-07,3.333333298272123e-08,0.0,True
K0.5Rb0.5Ga1Te2_stannite,2.7343749930963668e-08,1.0937499972385467e-07,3.333333342681044e-08,,False
K0.5Rb0.5In1S2_kesterite,6.156249998667818e-08,2.462499999467127e-07,3.333333342681044e-08,0.0,True
K0.5Rb0.5In1S2_stannite,7.656250744503268e-09,3.062499942529939e-08,3.333333342681044e-08,0.0,True
K0.5Rb0.5In1Se2_kesterite,5.703124994482778e-08,2.281249997793111e-07,0.0,0.0,True
K0.5Rb0.5In1Se2_stannite,2.5937500591766138e-08,1.0375000059070771e-07,8.881784197001252e-16,0.0,True
K0.5Rb0.5In1Te2_kesterite,1.8750000219114327e-08,7.500000087645731e-08,3.333333342681044e-08,0.0,True
K0.5Rb0.5In1Te2_stannite,1.1718749970413e-08,4.6874999881652e-08,3.333333342681044e-08,0.012500000000002842,False
K0.5Rb1.5Ba0.5Zn0.5Ge1S1Se1Te2_kesterite,3.2031251206987577e-08,2.562500043268301e-07,3.333333342681044e-08,0.0,True
K0.5Rb1.5Ba0.5Zn0.5Ge1S1Se1Te2_stannite,8.906249293616497e-09,7.12499996780025e-08,3.333333342681044e-08,0.0,True
K0.5Rb1.5Ba1Ge1S4_kesterite,6.171875055471787e-08,4.937500008850293e-07,3.333333342681044e-08,0.0,True
K0.5Rb1.5Ba1Ge1S4_stannite,1.406250671465159e-09,1.1250001819007593e-08,2.220446049250313e-16,0.0,True
K0.5Rb1.5Ba1Ge1Se4_kesterite,7.187499972971523e-08,5.750000013904355e-07,3.3333333399054865e-08,0.0,True
K0.5Rb1.5Ba1Ge1Te4_stannite,7.531250068026907e-08,6.025000018894389e-07,3.333333342681044e-08,0.0,True
K0.5Rb1.5Ba1Sn1S4_kesterite,2.0937499733975073e-08,1.674999978718006e-07,3.333333342681044e-08,0.0,True
K0.5Rb1.5Ba1Sn1S4_stannite,4.421875043902901e-08,3.5375000351223207e-07,3.3333333204765836e-08,0.0,True
K0.5Rb1.5Ba1Sn1Se4_stannite,3.593750186325906e-09,2.8750001490607247e-08,3.3333333204765836e-08,0.0,True
K0.5Rb1.5Ba1Zr1S4_kesterite,3.734375031427817e-08,2.9875000251422534e-07,0.0,0.0,True
K0.5Rb1.5Ba1Zr1S4_stannite,3.031249828922e-08,2.424999934191874e-07,3.333333331578814e-08,0.0,True
K0.5Rb1.5Ba1Zr1Se4_kesterite,7.546874991604113e-08,6.037500028810427e-07,3.3333333204765836e-08,0.0,True
K0.5Rb1.5Ba1Zr1Se4_stannite,2.42187492283108e-08,1.9374999737920007e-07,3.333333342681044e-08,0.0,True
K0.5Rb1.5Ba1Zr1Te4_stannite,5.562500104971946e-08,4.45000004845042e-07,0.0,0.0,True
K0.5Rb1.5Ca0.5Sr0.5Sn0.5Ge0.5S2Te2_kesterite,2.031249834999471e-09,1.6250005785423127e-08,3.333333342681044e-08,0.0,True
K0.5Rb1.5Ca0.5Sr0.5Sn0.5Ge0.5S2Te2_stannite,1.9531250394777544e-08,1.562500102636477e-07,0.0,0.0,True
K0.5Rb1.5Ca1Ge1S4_stannite,6.796875062775598e-08,5.437500050220478e-07,0.0,0.0,True
K0.5Rb1.5Ca1Ge1Se4_stannite,3.765624967400072e-08,3.0124999739200575e-07,3.333333298272123e-08,0.0,True
K0.5Rb1.5Ca1Ge1Te4_stannite,2.7031250127151907e-08,2.1625000101721525e-07,3.333333298272123e-08,0.0,True
K0.5Rb1.5Ca1Sn1S4_stannite,9.374998555244929e-10,7.499998844195943e-09,3.3333333204765836e-08,0.0,True
K0.5Rb1.5Ca1Sn1Se4_kesterite,2.687500000320142e-08,2.1500000002561137e-07,0.0,0.0,True
K0.5Rb1.5Ca1Sn1Se4_stannite,4.6406250397978965e-08,3.712500031838317e-07,3.333333331578814e-08,0.0,True
K0.5Rb1.5Ca1Sn1Te4_stannite,4.4999999282424596e-08,3.5999999425939677e-07,3.333333342681044e-08,0.0,True
K0.5Rb1.5Ca1Zr1S4_kesterite,7.187499484473392e-09,5.7499995875787135e-08,0.0,0.0,True
K0.5Rb1.5Ca1Zr1S4_stannite,4.375000806078333e-09,3.4999999343199306e-08,3.333333342681044e-08,0.0,True
K0.5Rb1.5Ca1Zr1Se4_kesterite,7.031249937838879e-08,5.62499998579824e-07,3.333333298272123e-08,0.0,True
K0.5Rb1.5Ca1Zr1Se4_stannite,2.8906250282290102e-08,2.3124999870560714e-07,3.3333333204765836e-08,0.0,True
K0.5Rb1.5Ca1Zr1Te4_kesterite,4.406250031507852e-08,3.525000025206282e-07,3.333333298272123e-08,0.0,True
K0.5Rb1.5Ca1Zr1Te4_stannite,4.968749944822548e-08,3.9749999558580384e-07,3.333333298272123e-08,0.0,True
K0.5Rb1.5Cd1Ge1S4_stannite,4.5781249013998604e-08,3.662499992174162e-07,4.440892098500626e-16,0.0,True
K0.5Rb1.5Cd1Ge1Se4_kesterite,2.5000001180330855e-08,2.0000000233721948e-07,3.333333298272123e-08,0.0,True
K0.5Rb1.5Cd1Ge1Te4_kesterite,2.140624966173732e-08,1.7125000084661224e-07,3.333333253863202e-08,0.0,True
K0.5Rb1.5Cd1Sn1S4_stannite,5.3281249190462177e-08,4.262499970764111e-07,3.333333342681044e-08,0.0,True
K0.5Rb1.5Cd1Sn1Se4_stannite,6.453125012129135e-08,5.162500009703308e-07,3.333333342681044e-08,0.0,True
K0.5Rb1.5Cd1Sn1Te4_kesterite,3.890625022151539e-08,3.1125000177212314e-07,3.333333298272123e-08,0.0,True
K0.5Rb1.5Cd1Zr1S4_kesterite,2.343749949673679e-08,1.87499999526608e-07,3.333333342681044e-08,0.0,True
K0.5Rb1.5Cd1Zr1S4_stannite,4.859375080101813e-08,3.887500028554314e-07,2.220446049250313e-16,0.0,True
K0.5Rb1.5Cd1Zr1Se4_stannite,3.656250013861495e-08,2.924999975562059e-07,4.440892098500626e-16,0.0,True
K0.5Rb1.5Cd1Zr1Te4_kesterite,1.6406249248035465e-08,1.312499975369974e-07,3.333333342681044e-08,0.0,True
K0.5Rb1.5Cd1Zr1Te4_stannite,4.2968749891514335e-08,3.43749995579401e-07,0.0,0.0,True
K0.5Rb1.5Mg0.5Sr0.5Sn0.5Ge0.5S1Se1Te2_stannite,3.218749955458122e-08,2.574999982130066e-07,3.333333342681044e-08,0.0,True
K0.5Rb1.5Mg1Ge1S4_stannite,5.7187499180599843e-08,4.575000005502261e-07,3.3333333204765836e-08,0.0,True
K0.5Rb1.5Mg1Ge1Se4_kesterite,6.000000141170858e-08,4.800000041882413e-07,3.333333253863202e-08,,False
K0.5Rb1.5Mg1Ge1Se4_stannite,4.531250130668241e-08,3.625000033480319e-07,3.333333298272123e-08,0.0,True
K0.5Rb1.5Mg1Ge1Te4_kesterite,5.624999932507535e-08,4.499999981533165e-07,4.440892098500626e-16,0.0,True
K0.5Rb1.5Mg1Sn1S4_stannite,1.0937499350660573e-08,8.749999835799827e-08,4.440892098500626e-16,0.0,True
K0.5Rb1.5Mg1Sn1Se4_kesterite,1.5312499268560487e-08,1.2249999770119757e-07,0.0,0.0,True
K0.5Rb1.5Mg1Sn1Se4_stannite,1.8749999330935907e-08,1.4999999820020093e-07,0.0,0.0,True
K0.5Rb1.5Mg1Sn1Te4_stannite,6.906249971905254e-08,5.524999977524203e-07,3.333333387089965e-08,0.0,True
K0.5Rb1.5Mg1Zr1S4_kesterite,5.874999953192628e-08,4.699999962554102e-07,0.0,0.0,True
K0.5Rb1.5Mg1Zr1S4_stannite,6.6875000648281e-08,5.349999980808207e-07,3.333333298272123e-08,0.0,True
K0.5Rb1.5Mg1Zr1Se4_kesterite,3.2968750840467465e-08,2.6375000317102604e-07,4.440892098500626e-16,0.0,True
K0.5Rb1.5Mg1Zr1Se4_stannite,3.546875015913997e-08,2.8375000482583346e-07,0.0,,False
K0.5Rb1.5Mg1Zr1Te4_kesterite,5.453125018206606e-08,4.362499979038148e-07,3.333333342681044e-08,0.0,True
K0.5Rb1.5Mg1Zr1Te4_stannite,7.265625123764607e-08,5.812500063484549e-07,3.333333342681044e-08,0.0,True
K0.5Rb1.5Sr0.5Zn0.5Sn0.5Ge0.5S2Se2_kesterite,3.343749943596208e-08,2.6750001325126505e-07,3.333333298272123e-08,0.0,True
K0.5Rb1.5Sr1Ge1S4_stannite,2.0156249558311856e-08,1.6125000001920853e-07,4.440892098500626e-16,0.0,True
K0.5Rb1.5Sr1Ge1Se1Te3_stannite,3.9375000371322244e-08,3.150000011942211e-07,0.0,0.0,True
K0.5Rb1.5Sr1Ge1Se4_kesterite,3.4687500427565965e-08,2.7749999986781404e-07,0.0,0.0,True
K0.5Rb1.5Sr1Ge1Se4_stannite,5.156249205384711e-09,4.1249997195791366e-08,3.3333333204765836e-08,0.0,True
K0.5Rb1.5Sr1Sn1S2Te2_kesterite,2.0781250054113798e-08,1.662499968801967e-07,3.333333298272123e-08,0.0,True
K0.5Rb1.5Sr1Sn1S4_kesterite,3.0937499229111154e-08,2.474999973856029e-07,3.333333342681044e-08,0.0,True
K0.5Rb1.5Sr1Sn1S4_stannite,2.4062499104360313e-08,1.9249999638759618e-07,4.440892098500626e-16,0.0,True
K0.5Rb1.5Sr1Sn1Se4_stannite,4.203125003598984e-08,3.3624999673520506e-07,3.333333342681044e-08,0.0,True
K0.5Rb1.5Sr1Zr1S4_kesterite,6.453124967720214e-08,5.162499974176171e-07,3.333333387089965e-08,0.0,True
K0.5Rb1.5Sr1Zr1S4_stannite,6.406250641077804e-09,5.1250005128622433e-08,3.3333333204765836e-08,0.0,True
K0.5Rb1.5Sr1Zr1Se4_stannite,2.515625086019213e-08,2.0125000332882337e-07,3.333333342681044e-08,0.0,True
K0.5Rb1.5Sr1Zr1Te4_stannite,1.2343749578036523e-08,9.875000017700586e-08,3.333333342681044e-08,0.0,True
K0.5Rb1.5Zn1Ge1S4_stannite,5.7499999428500814e-08,4.599999954280065e-07,3.333333342681044e-08,0.0,True
K0.5Rb1.5Zn1Ge1Te4_kesterite,2.312500058110345e-08,1.8500000109611392e-07,8.881784197001252e-16,0.0,True
K0.5Rb1.5Zn1Ge1Te4_stannite,7.453124961642743e-08,5.962500004841331e-07,3.333333342681044e-08,0.5656999999999996,False
K0.5Rb1.5Zn1Sn1S4_kesterite,1.2812500393977189e-08,1.0250000315181751e-07,3.333333342681044e-08,0.0,True
K0.5Rb1.5Zn1Sn1Se4_kesterite,8.28124946394837e-09,6.624999571158696e-08,3.333333342681044e-08,0.0,True
K0.5Rb1.5Zn1Sn1Te4_stannite,1.4531250425164899e-08,1.1624999984860551e-07,3.333333342681044e-08,0.4298000000000002,False
K0.5Rb1.5Zn1Zr1S4_stannite,3.624999900253556e-08,2.8999999557299816e-07,0.0,0.0,True
K0.5Rb1.5Zn1Zr1Se4_stannite,7.687500014341708e-08,6.14999997594623e-07,4.440892098500626e-16,0.0,True
K0.5Rb1.5Zn1Zr1Te4_kesterite,7.578125060803131e-08,6.062500048642505e-07,0.0,0.0,True
K0.5Rb1.5Zn1Zr1Te4_stannite,4.8437502897513696e-09,3.8750002318010957e-08,3.333333342681044e-08,0.0,True
K0.5Rb1Ag0.5Ba1Zr1Se4_stannite,7.406249968866518e-08,5.925000010620352e-07,3.333333342681044e-08,0.0,True
K0.5Rb1Ag0.5Ca1Sn1Se4_stannite,8.28124901985916e-09,6.624999571158696e-08,3.333333298272123e-08,0.0,True
K0.5Rb1Ag0.5Ca1Zr1Se4_stannite,1.5625056803969528e-10,1.2500009916038834e-09,3.333333298272123e-08,0.0,True
K0.5Rb1Ag0.5Ca1Zr1Te4_kesterite,4.375000051126676e-08,3.500000005374204e-07,3.333333342681044e-08,0.0,True
K0.5Rb1Ag0.5Ca1Zr1Te4_stannite,3.9843750965218305e-08,3.1875000416903276e-07,3.333333298272123e-08,0.0,True
K0.5Rb1Ag0.5Cd1Ge1S4_kesterite,4.203124870372221e-08,3.3624999673520506e-07,3.333333387089965e-08,0.0,True
K0.5Rb1Ag0.5Cd1Ge1S4_stannite,4.906249895242354e-08,3.9249999872481567e-07,0.0,0.0,True
K0.5Rb1Ag0.5Cd1Ge1Se4_stannite,6.281250053419285e-08,5.025000007208291e-07,3.333333342681044e-08,0.0,True
K0.5Rb1Ag0.5Cd1Sn1Te4_kesterite,7.656250033960532e-08,6.125000027168426e-07,3.333333253863202e-08,0.0,True
K0.5Rb1Ag0.5Cd1Sn1Te4_stannite,7.187499972971523e-08,5.749999978377218e-07,3.333333342681044e-08,0.0,True
K0.5Rb1Ag0.5Cd1Zr1S4_kesterite,6.953124964681479e-08,5.56250000727232e-07,0.0,0.0,True
K0.5Rb1Ag0.5Cd1Zr1S4_stannite,5.1562499603363676e-08,4.125000003796231e-07,4.440892098500626e-16,0.0,True
K0.5Rb1Ag0.5Cd1Zr1Se4_kesterite,1.3906249929362957e-08,1.1124999588218998e-07,4.440892098500626e-16,0.0,True
K0.5Rb1Ag0.5Cd1Zr1Se4_stannite,3.937499970518843e-08,3.150000011942211e-07,3.333333298272123e-08,0.0,True
K0.5Rb1Ag0.5Cd1Zr1Te4_stannite,2.3749999744637762e-08,1.9000000150981577e-07,3.333333253863202e-08,0.0,True
K0.5Rb1Ag0.5Mg0.5Ba0.5Sn1S1Se3_kesterite,4.515625073864271e-08,3.61250002356428e-07,3.333333342681044e-08,0.0,True
K0.5Rb1Ag0.5Mg0.5Ba0.5Sn1S1Se3_stannite,3.593749964281301e-08,2.8750000069521775e-07,3.333333342681044e-08,0.0,True
K0.5Rb1Ag0.5Mg1Ge1S2Te2_kesterite,5.890625054405518e-08,4.712499972470141e-07,3.333333342681044e-08,0.0,True
K0.5Rb1Ag0.5Mg1Ge1S4_kesterite,6.703125032814228e-08,5.362500061778519e-07,3.333333298272123e-08,0.0,True
K0.5Rb1Ag0.5Mg1Ge1Se4_stannite,1.7187499867787892e-08,1.3749999538958946e-07,3.333333342681044e-08,0.0,True
K0.5Rb1Ag0.5Mg1Sn1S4_kesterite,2.7499999610824943e-08,2.200000039920269e-07,3.333333342681044e-08,0.0,True
K0.5Rb1Ag0.5Mg1Sn1S4_stannite,5.6093750977481704e-08,4.487500007144263e-07,3.333333342681044e-08,0.0,True
K0.5Rb1Ag0.5Mg1Sn1Se4_stannite,2.687500044729063e-08,2.1500000002561137e-07,0.0,0.0,True
K0.5Rb1Ag0.5Mg1Sn1Te4_stannite,5.421874993416509e-08,4.337499994733207e-07,3.333333342681044e-08,0.00030000000000285354,True
K0.5Rb1Ag0.5Mg1Zr1S4_stannite,4.937499964441372e-08,3.9500000070802344e-07,0.0,0.0,True
K0.5Rb1Ag0.5Mg1Zr1Se4_stannite,7.640625065974405e-08,6.112500017252387e-07,0.0,0.0,True
K0.5Rb1Ag0.5Mg1Zr1Te4_stannite,5.3281250078640596e-08,4.2625000418183845e-07,3.333333342681044e-08,0.0,True
K0.5Rb1Ag0.5Sr0.5Ba0.5Sn1Se1Te3_stannite,2.6875000225246026e-08,2.1500000002561137e-07,3.333333253863202e-08,0.5498000000000003,False
K0.5Rb1Ag0.5Sr1Sn1Se4_stannite,4.0937501388782493e-08,3.275000040048326e-07,0.0,0.0,True
K0.5Rb1Ag0.5Sr1Zr1S4_kesterite,1.5625012395048543e-09,1.2500002810611477e-08,3.333333298272123e-08,0.0,True
K0.5Rb1Ag0.5Sr1Zr1Se4_stannite,6.078125069919338e-08,4.862500020408334e-07,0.0,0.0,True
K0.5Rb1Ag0.5Zn1Ge1S4_kesterite,2.3437496388112322e-09,1.8750000663203537e-08,0.0,0.0,True
K0.5Rb1Ag0.5Zn1Sn1S4_kesterite,4.0937499612425654e-08,3.2749999689940523e-07,3.333333342681044e-08,0.0,True
K0.5Rb1Ag0.5Zn1Sn1S4_stannite,3.203125054085376e-08,2.562500043268301e-07,3.333333253863202e-08,0.0,True
K0.5Rb1Ag0.5Zn1Sn1Se4_stannite,5.171874928322495e-08,4.137499942657996e-07,0.0,0.0,True
K0.5Rb1Ag0.5Zn1Sn1Te4_kesterite,6.265624996615315e-08,5.012499997292252e-07,3.333333431498886e-08,0.0020999999999986585,True
K0.5Rb1Ag0.5Zn1Sn1Te4_stannite,1.3281249877650225e-08,1.062499990212018e-07,0.0,0.10029999999999983,False
K0.5Rb1Ag0.5Zn1Zr1S4_stannite,5.906249933573804e-08,4.72499998238618e-07,3.333333342681044e-08,0.0,True
K0.5Rb1Ag0.5Zn1Zr1Se4_stannite,2.7500000054914153e-08,2.200000039920269e-07,3.333333342681044e-08,0.0,True
K0.5Rb1Cs0.5Ba1Ge1S4_kesterite,5.968749849927235e-08,4.774999950996062e-07,0.0,0.0,True
K0.5Rb1Cs0.5Ba1Ge1S4_stannite,2.7499998722646524e-08,2.1999999688659955e-07,3.333333298272123e-08,0.0,True
K0.5Rb1Cs0.5Ba1Ge1Te4_stannite,5.7812500564580205e-08,4.6250000451664164e-07,3.333333298272123e-08,0.0,True
K0.5Rb1Cs0.5Ba1Sn1S4_stannite,3.031250095375526e-08,2.4250000052461473e-07,3.333333342681044e-08,0.0,True
K0.5Rb1Cs0.5Ba1Sn1Se4_stannite,2.765624973477543e-08,2.2124999787820343e-07,3.333333342681044e-08,0.0,True
K0.5Rb1Cs0.5Ba1Zr1S4_stannite,2.0937500622153493e-08,1.6750000497722795e-07,3.333333342681044e-08,0.0,True
K0.5Rb1Cs0.5Ba1Zr1Se4_kesterite,4.4062498982810894e-08,3.5249999541520083e-07,3.333333342681044e-08,0.0,True
K0.5Rb1Cs0.5Ba1Zr1Se4_stannite,3.796874947781248e-08,3.037499993752135e-07,3.333333342681044e-08,0.0,True
K0.5Rb1Cs0.5Ba1Zr1Te4_stannite,2.968750001386411e-08,2.374999965581992e-07,3.333333298272123e-08,0.0,True
K0.5Rb1Cs0.5Ca1Ge1S4_stannite,4.687494836730366e-10,3.75000297481165e-09,4.440892098500626e-16,0.0,True
K0.5Rb1Cs0.5Ca1Sn1S4_stannite,1.2343750910304152e-08,9.875000017700586e-08,3.333333342681044e-08,0.0,True
K0.5Rb1Cs0.5Ca1Sn1Se4_stannite,1.515625047687763e-08,1.2125000381502105e-07,3.3333333204765836e-08,0.0,True
K0.5Rb1Cs0.5Ca1Zr1S4_stannite,6.015625064748065e-08,4.812499980744178e-07,3.333333331578814e-08,0.0,True
K0.5Rb1Cs0.5Ca1Zr1Se4_kesterite,3.9218749581237944e-08,3.1375000020261723e-07,3.333333342681044e-08,0.0,True
K0.5Rb1Cs0.5Ca1Zr1Se4_stannite,7.124999923391329e-08,5.6999999742402e-07,3.333333342681044e-08,0.0,True
K0.5Rb1Cs0.5Ca1Zr1Te4_kesterite,4.1875001244306986e-08,3.3500000284902853e-07,3.333333342681044e-08,0.0,True
K0.5Rb1Cs0.5Ca1Zr1Te4_stannite,4.375000095535597e-08,3.500000005374204e-07,3.333333342681044e-08,0.0,True
K0.5Rb1Cs0.5Cd1Ge1S4_stannite,4.843749890071081e-08,3.875000018638275e-07,0.0,,False
K0.5Rb1Cs0.5Cd1Ge1Se4_stannite,2.1874999589499566e-08,1.7499999671599653e-07,3.333333298272123e-08,0.0,True
K0.5Rb1Cs0.5Cd1Sn1S4_stannite,7.6406248439298e-08,6.112499946198113e-07,3.333333298272123e-08,0.0,True
K0.5Rb1Cs0.5Cd1Sn1Se4_stannite,7.187500017380444e-08,5.750000013904355e-07,0.0,0.0,True
K0.5Rb1Cs0.5Cd1Sn1Te4_stannite,4.765624961322601e-08,3.812499969058081e-07,8.881784197001252e-16,0.0,True
K0.5Rb1Cs0.5Cd1Zr1S4_stannite,4.875000181314704e-08,3.9000000384703526e-07,3.333333342681044e-08,0.0,True
K0.5Rb1Cs0.5Cd1Zr1Se4_stannite,6.265625129842078e-08,5.012499997292252e-07,3.333333387089965e-08,0.0,True
K0.5Rb1Cs0.5Cd1Zr1Te4_stannite,2.812499122484269e-09,2.2500003638015187e-08,3.333333342681044e-08,0.0,True
K0.5Rb1Cs0.5Mg1Ge1S4_kesterite,5.046875140024554e-08,4.0375000054382326e-07,3.333333342681044e-08,0.0,True
K0.5Rb1Cs0.5Mg1Ge1Se4_stannite,5.359375077063078e-08,4.2874999905961886e-07,8.881784197001252e-16,0.0,True
K0.5Rb1Cs0.5Mg1Ge1Te4_stannite,2.9843750137814595e-08,2.3875000110251676e-07,3.333333342681044e-08,0.0,True
K0.5Rb1Cs0.5Mg1Sn1Se4_stannite,7.171874960576474e-08,5.737500003988316e-07,0.0,0.0,True
K0.5Rb1Cs0.5Mg1Zr1S4_stannite,8.5937523763846e-09,6.875000480022209e-08,3.3333333093743533e-08,0.0,True
K0.5Rb1Cs0.5Mg1Zr1Se4_kesterite,6.187499890231152e-08,4.950000018766332e-07,3.333333387089965e-08,0.0,True
K0.5Rb1Cs0.5Mg1Zr1Se4_stannite,3.406250170812086e-08,2.7250000300682586e-07,3.333333342681044e-08,0.0,True
K0.5Rb1Cs0.5Mg1Zr1Te4_stannite,4.48437487143849e-08,3.5875000037322025e-07,3.333333298272123e-08,0.0,True
K0.5Rb1Cs0.5Sr0.5Cd0.5Sn1S4_kesterite,5.6718750141016017e-08,4.5374999757541445e-07,0.0,0.0,True
K0.5Rb1Cs0.5Sr0.5Cd0.5Sn1S4_stannite,3.343749899187287e-08,2.6749999904041033e-07,0.0,0.0,True
K0.5Rb1Cs0.5Sr1Ge1S4_stannite,4.796875119339461e-08,3.8374999888901584e-07,4.440892098500626e-16,0.0,True
K0.5Rb1Cs0.5Sr1Sn1S4_stannite,1.4687498772758545e-08,1.175000008402094e-07,1.1102230246251565e-16,0.0,True
K0.5Rb1Cs0.5Sr1Sn1Se4_stannite,6.796874929548835e-08,5.437499979166205e-07,3.333333342681044e-08,0.0,True
K0.5Rb1Cs0.5Sr1Sn1Te4_stannite,3.343749988005129e-08,2.6749999904041033e-07,3.333333342681044e-08,0.0,True
K0.5Rb1Cs0.5Sr1Zr1S4_stannite,2.656249975530045e-08,2.1250000514783096e-07,3.333333331578814e-08,0.0,True
K0.5Rb1Cs0.5Sr1Zr1Se4_stannite,4.187499902386094e-08,3.3500000284902853e-07,2.220446049250313e-16,0.0,True
K0.5Rb1Cs0.5Zn1Ge1Se4_stannite,2.6718750323340146e-08,2.137499990340075e-07,3.333333342681044e-08,0.0,True
K0.5Rb1Cs0.5Zn1Sn1S4_kesterite,7.093749898601232e-08,5.674999954408122e-07,4.440892098500626e-16,0.0,True
K0.5Rb1Cs0.5Zn1Sn1Se4_kesterite,7.656249989551611e-08,6.124999956114152e-07,0.0,0.0,True
K0.5Rb1Cs0.5Zn1Sn1Te4_kesterite,8.124999784087095e-09,6.499999827269676e-08,4.440892098500626e-16,0.0,True
K0.5Rb1Cs0.5Zn1Zr1S4_stannite,1.515625092096684e-08,1.2125000381502105e-07,4.440892098500626e-16,0.0,True
K0.5Rb1Cs0.5Zn1Zr1Se4_stannite,4.624999982993927e-08,3.7000000219222784e-07,3.333333342681044e-08,0.0,True
K0.5Rb1Cu0.5Ba1Ge1Se4_stannite,4.390625063521725e-08,3.512500015290243e-07,3.333333342681044e-08,0.0,True
K0.5Rb1Cu0.5Ca0.5Zn0.5Ge1S2Se1Te1_stannite,6.437499999734086e-08,5.150000035314406e-07,0.0,,False
K0.5Rb1Cu0.5Ca0.5Zn0.5Sn0.5Ge0.5Se2Te2_stannite,5.390624924217491e-08,4.3124999393739927e-07,8.881784197001252e-16,0.0,True
K0.5Rb1Cu0.5Ca1Ge1Te4_stannite,3.281249938424935e-08,2.624999950739948e-07,3.333333342681044e-08,0.0,True
K0.5Rb1Cu0.5Ca1Zr1Te4_stannite,1.0937504235641882e-09,8.749999835799827e-09,0.0,0.0,True
K0.5Rb1Cu0.5Cd1Ge1Te4_stannite,4.9531250212453415e-08,3.962500016996273e-07,3.333333342681044e-08,0.08319999999999972,False
K0.5Rb1Cu0.5Cd1Sn1Te4_stannite,5.656250001706553e-08,4.5250000013652425e-07,3.333333342681044e-08,0.03190000000000026,False
K0.5Rb1Cu0.5Cd1Zr1Te4_stannite,5.109375011969064e-08,4.087500045102388e-07,0.0,0.0,True
K0.5Rb1Cu0.5Mg1Ge1S1Te3_kesterite,2.9218750530191073e-08,2.3374999358338755e-07,3.333333253863202e-08,0.0,True
K0.5Rb1Cu0.5Mg1Ge1S1Te3_stannite,6.703124943996386e-08,5.362500061778519e-07,3.333333342681044e-08,0.0,True
K0.5Rb1Cu0.5Mg1Ge1Se4_stannite,1.8749998886846697e-08,1.4999999820020093e-07,3.333333342681044e-08,0.0,True
K0.5Rb1Cu0.5Mg1Ge1Te4_stannite,4.796875030521619e-08,3.837500024417295e-07,3.333333431498886e-08,0.10719999999999974,False
K0.5Rb1Cu0.5Zn1Sn1Se4_stannite,5.5000000553917516e-08,4.4000000087862645e-07,3.333333342681044e-08,0.0,True
K0.5Rb1Cu0.5Zn1Zr1Se4_stannite,2.5468749331736262e-08,2.0374999820660378e-07,3.333333342681044e-08,0.0,True
K1.5Ag0.5Ba1Ge1Se4_kesterite,7.546874991604113e-08,6.037500028810427e-07,4.440892098500626e-16,0.0,True
K1.5Ag0.5Ba1Sn1Se4_kesterite,6.828125043156774e-08,5.462499998998283e-07,3.333333298272123e-08,0.0,True
K1.5Ag0.5Ba1Zr1S4_kesterite,4.421875043902901e-08,3.537499964068047e-07,3.333333298272123e-08,0.0,True
K1.5Ag0.5Ca1Zr1S4_kesterite,6.234374971825218e-08,4.987499977460175e-07,3.333333298272123e-08,0.0,True
K1.5Ag0.5Ca1Zr1S4_stannite,2.2187499837400537e-08,1.774999986992043e-07,3.333333298272123e-08,0.0,True
K1.5Ag0.5Ca1Zr1Se4_kesterite,7.296874882101179e-08,5.83749994120808e-07,3.333333298272123e-08,0.0,True
K1.5Ag0.5Ca1Zr1Se4_stannite,2.968750090204253e-08,2.3750000366362656e-07,3.333333298272123e-08,0.0,True
K1.5Ag0.5Ca1Zr1Te4_stannite,1.7031250632015826e-08,1.3625000150341293e-07,0.0,0.0,True
K1.5Ag0.5Cd1Ge1S4_stannite,4.8437502897513696e-09,3.8750002318010957e-08,3.333333387089965e-08,0.0,True
K1.5Ag0.5Cd1Sn1S4_stannite,4.51562502945535e-08,3.61250002356428e-07,3.333333342681044e-08,0.0,True
K1.5Ag0.5Cd1Sn1Te4_stannite,2.687500000320142e-08,2.1500000002561137e-07,3.333333342681044e-08,0.0,True
K1.5Ag0.5Cd1Zr1S4_stannite,3.1249993703852397e-09,2.4999998515795596e-08,3.333333298272123e-08,0.0,True
K1.5Ag0.5Cd1Zr1Se4_stannite,2.3906249868588247e-08,1.9125000250141966e-07,0.0,0.0,True
K1.5Ag0.5Cd1Zr1Te4_stannite,8.124999784087095e-09,6.500000182541044e-08,3.333333342681044e-08,0.0,True
K1.5Ag0.5Mg1Ge1S4_kesterite,2.2187499393311327e-08,1.774999986992043e-07,3.333333342681044e-08,0.0,True
K1.5Ag0.5Mg1Ge1S4_stannite,5.2656249582838655e-08,4.212500002154229e-07,0.0,0.0,True
K1.5Ag0.5Mg1Ge1Se4_kesterite,4.531250041850399e-09,3.625000033480319e-08,0.0,0.0,True
K1.5Ag0.5Mg1Ge1Se4_stannite,3.906249990137667e-08,3.1249999921101335e-07,0.0,0.0,True
K1.5Ag0.5Mg1Ge1Te4_stannite,3.625000033480319e-08,2.900000026784255e-07,3.333333342681044e-08,0.0,True
K1.5Ag0.5Mg1Sn1S4_kesterite,6.609375002852858e-08,5.287500002282286e-07,0.0,0.0,True
K1.5Ag0.5Mg1Sn1S4_stannite,3.4687499983476755e-08,2.7749999986781404e-07,3.333333298272123e-08,0.0,True
K1.5Ag0.5Mg1Sn1Se4_stannite,1.4999999464748726e-08,1.199999957179898e-07,3.333333387089965e-08,0.0,True
K1.5Ag0.5Mg1Sn1Te4_kesterite,3.6093750210852704e-08,2.8875000168682163e-07,3.333333342681044e-08,0.0,True
K1.5Ag0.5Mg1Sn1Te4_stannite,1.5624999960550667e-08,1.2499999968440534e-07,0.0,0.0,True
K1.5Ag0.5Mg1Zr1S4_kesterite,2.828125023057737e-08,2.2625000184461896e-07,3.333333342681044e-08,0.0,True
K1.5Ag0.5Mg1Zr1S4_stannite,4.890625149300831e-08,3.9125000483863914e-07,3.333333342681044e-08,0.0,True
K1.5Ag0.5Mg1Zr1Se4_kesterite,6.015624931521302e-08,4.812499980744178e-07,0.0,0.0,True
K1.5Ag0.5Mg1Zr1Se4_stannite,5.015625026416615e-08,4.012499985606155e-07,3.333333253863202e-08,0.0,True
K1.5Ag0.5Mg1Zr1Te4_kesterite,4.7499999933364734e-08,3.799999959142042e-07,8.881784197001252e-16,0.0,True
K1.5Ag0.5Mg1Zr1Te4_stannite,3.1562499724913096e-08,2.524999942465911e-07,3.333333253863202e-08,0.0,True
K1.5Ag0.5Sr1Ge1Se4_stannite,4.6406249509800546e-08,3.7124999607840437e-07,0.0,0.0,True
K1.5Ag0.5Sr1Sn1Se4_kesterite,2.031249834999471e-09,1.624999867999577e-08,3.333333342681044e-08,0.0,True
K1.5Ag0.5Sr1Zr1S4_kesterite,4.718749924137455e-08,3.774999939309964e-07,3.333333342681044e-08,0.0,True
K1.5Ag0.5Sr1Zr1Te4_stannite,2.343750526989652e-09,1.8750000663203537e-08,3.333333342681044e-08,0.0,True
K1.5Ag0.5Zn1Ge1S4_kesterite,9.374998999334139e-09,7.499999554738679e-08,3.333333298272123e-08,0.0,True
K1.5Ag0.5Zn1Ge1S4_stannite,2.0781250054113798e-08,1.662499968801967e-07,4.440892098500626e-16,0.0,True
K1.5Ag0.5Zn1Ge1Se4_stannite,2.0625000374252522e-08,1.6500000299402018e-07,3.333333253863202e-08,0.0,True
K1.5Ag0.5Zn1Sn1S4_kesterite,2.9062499073972958e-08,2.3249999969721102e-07,3.333333342681044e-08,0.0,True
K1.5Ag0.5Zn1Sn1S4_stannite,7.453124961642743e-08,5.962500040368468e-07,0.0,0.0,True
K1.5Ag0.5Zn1Sn1Te4_kesterite,3.593750008690222e-08,2.8750000069521775e-07,3.333333431498886e-08,0.0,True
K1.5Ag0.5Zn1Zr1S4_kesterite,4.703124956151328e-08,3.762500000448199e-07,0.0,0.0,True
K1.5Ag0.5Zn1Zr1S4_stannite,1.515625003278842e-08,1.2125000381502105e-07,3.333333342681044e-08,0.0,True
K1.5Ag0.5Zn1Zr1Se4_stannite,1.828124984726287e-08,1.4624999522538928e-07,3.333333342681044e-08,0.0,True
K1.5Cs0.5Ba1Ge1S4_kesterite,5.87500004201047e-08,4.700000033608376e-07,2.220446049250313e-16,0.0,True
K1.5Cs0.5Ba1Sn1S4_kesterite,5.031249994402742e-08,4.024999995522194e-07,3.333333298272123e-08,0.0,True
K1.5Cs0.5Ba1Sn1S4_stannite,9.062500083700797e-09,7.250000066960638e-08,3.333333342681044e-08,,False
K1.5Cs0.5Ba1Sn1Se4_kesterite,5.218749965507641e-08,4.1749999724061126e-07,3.3333333204765836e-08,0.0,True
K1.5Cs0.5Ba1Sn1Se4_stannite,3.2968749508199835e-08,2.637499960655987e-07,3.333333298272123e-08,0.0,True
K1.5Cs0.5Ba1Zr1S4_kesterite,3.859375130588205e-08,3.0875000334162905e-07,0.0,0.0,True
K1.5Cs0.5Ba1Zr1S4_stannite,3.6718748930297807e-08,2.937499985478098e-07,3.333333342681044e-08,0.0,True
K1.5Cs0.5Ba1Zr1Se4_kesterite,2.343750038491521e-08,1.87499999526608e-07,3.3333333204765836e-08,0.0,True
K1.5Cs0.5Ba1Zr1Se4_stannite,4.140625042836632e-08,3.312499998742169e-07,3.333333342681044e-08,0.0,True
K1.5Cs0.5Ba1Zr1Te4_kesterite,2.000000032253979e-08,1.5999999902760464e-07,3.333333342681044e-08,0.0,True
K1.5Cs0.5Ba1Zr1Te4_stannite,6.406249308810175e-09,5.1249998023195076e-08,3.333333298272123e-08,0.0,True
K1.5Cs0.5Ca1Ge1S4_stannite,3.937500014927764e-08,3.150000011942211e-07,3.333333342681044e-08,,False
K1.5Cs0.5Ca1Ge1Se4_stannite,1.6718749940025646e-08,1.3374999952020517e-07,0.0,0.0,True
K1.5Cs0.5Ca1Sn1S4_kesterite,4.0937500500604074e-08,3.275000040048326e-07,3.333333342681044e-08,0.0,True
K1.5Cs0.5Ca1Sn1S4_stannite,3.1250024790097086e-10,2.500001983207767e-09,4.440892098500626e-16,0.0,True
K1.5Cs0.5Ca1Sn1Se4_kesterite,5.593750040944201e-08,4.474999997228224e-07,3.333333342681044e-08,0.0,True
K1.5Cs0.5Ca1Sn1Se4_stannite,5.9218749459688524e-08,4.737499992302219e-07,3.333333342681044e-08,0.0,True
K1.5Cs0.5Ca1Zr1S4_kesterite,4.687499899347358e-08,3.74999999053216e-07,3.333333342681044e-08,0.0,True
K1.5Cs0.5Ca1Zr1S4_stannite,3.765625145035756e-08,3.012500044974331e-07,3.333333342681044e-08,0.0,True
K1.5Cs0.5Ca1Zr1Se4_stannite,1.5937500652540848e-08,1.275000016676131e-07,3.333333342681044e-08,0.0,True
K1.5Cs0.5Ca1Zr1Te4_kesterite,3.656249969452574e-08,2.924999975562059e-07,0.0,0.0,True
K1.5Cs0.5Ca1Zr1Te4_stannite,3.4375000623754204e-09,2.7500000499003363e-08,0.0,0.0,True
K1.5Cs0.5Cd1Ge1S4_kesterite,6.843749966733981e-08,5.475000008914321e-07,0.0,0.0,True
K1.5Cs0.5Cd1Ge1S4_stannite,4.484375049074174e-08,3.5875000037322025e-07,3.333333342681044e-08,,False
K1.5Cs0.5Cd1Ge1Se4_stannite,3.687499994242671e-08,2.949999995394137e-07,4.440892098500626e-16,0.0,True
K1.5Cs0.5Cd1Sn1S4_stannite,6.765625037985501e-08,5.412500030388401e-07,4.440892098500626e-16,0.0,True
K1.5Cs0.5Cd1Sn1Se4_stannite,1.9843749754500095e-08,1.5874999803600076e-07,0.0,0.0,True
K1.5Cs0.5Cd1Sn1Te4_stannite,8.750000279889036e-09,7.000000223911229e-08,3.333333253863202e-08,0.0,True
K1.5Cs0.5Cd1Zr1S4_kesterite,1.7343749991738378e-08,1.387500034866207e-07,3.333333298272123e-08,0.0,True
K1.5Cs0.5Cd1Zr1S4_stannite,3.593750053099143e-08,2.8750000069521775e-07,3.333333298272123e-08,0.0,True
K1.5Cs0.5Cd1Zr1Se4_kesterite,7.734374962709012e-08,6.187500005694346e-07,3.333333342681044e-08,0.0,True
K1.5Cs0.5Cd1Zr1Se4_stannite,1.3906250817541377e-08,1.1125000298761734e-07,3.333333342681044e-08,0.0,True
K1.5Cs0.5Cd1Zr1Te4_kesterite,4.281249976756385e-08,3.425000016932245e-07,3.333333342681044e-08,0.0,True
K1.5Cs0.5Cd1Zr1Te4_stannite,7.312500072131911e-08,5.850000022178392e-07,3.333333342681044e-08,0.0,True
K1.5Cs0.5Mg1Ge1S4_kesterite,2.968750134613174e-09,2.375000462961907e-08,3.333333342681044e-08,0.0,True
K1.5Cs0.5Mg1Ge1Se4_kesterite,9.062500083700797e-09,7.250000066960638e-08,3.333333387089965e-08,0.0,True
K1.5Cs0.5Mg1Ge1Se4_stannite,4.875000092496862e-08,3.9000000384703526e-07,3.333333342681044e-08,0.0,True
K1.5Cs0.5Mg1Sn1S4_kesterite,7.656249989551611e-08,6.124999956114152e-07,3.333333387089965e-08,0.0,True
K1.5Cs0.5Mg1Sn1S4_stannite,4.6093749705988785e-08,3.687499940951966e-07,3.333333387089965e-08,0.0,True
K1.5Cs0.5Mg1Sn1Se4_kesterite,2.796874953858719e-08,2.237499998614112e-07,3.333333298272123e-08,0.0,True
K1.5Cs0.5Mg1Sn1Se4_stannite,2.6718749435161726e-08,2.137499990340075e-07,0.0,0.0,True
K1.5Cs0.5Mg1Zr1S4_kesterite,3.0156249941626356e-08,2.4124999953301085e-07,3.333333342681044e-08,0.0,True
K1.5Cs0.5Mg1Zr1S4_stannite,1.4531250869254109e-08,1.1624999984860551e-07,3.333333342681044e-08,0.0,True
K1.5Cs0.5Mg1Zr1Se4_kesterite,4.8125000429166676e-08,3.849999998806197e-07,3.333333342681044e-08,0.0,True
K1.5Cs0.5Mg1Zr1Se4_stannite,7.812501756632173e-10,6.24999785259206e-09,3.333333342681044e-08,0.0,True
K1.5Cs0.5Mg1Zr1Te4_kesterite,7.453125006051664e-08,5.962499969314194e-07,3.333333342681044e-08,0.0,True
K1.5Cs0.5Mg1Zr1Te4_stannite,2.140624966173732e-08,1.7125000084661224e-07,3.333333342681044e-08,0.0,True
K1.5Cs0.5Sr1Sn1S4_kesterite,7.031249937838879e-08,5.62499998579824e-07,0.0,0.0,True
K1.5Cs0.5Sr1Sn1S4_stannite,2.2968750901242174e-08,1.8375000365722371e-07,0.0,0.0,True
K1.5Cs0.5Sr1Sn1Se4_kesterite,5.828125004825324e-08,4.6625000038602593e-07,4.440892098500626e-16,0.0,True
K1.5Cs0.5Sr1Sn1Se4_stannite,5.203125041930434e-08,4.1625000335443474e-07,4.440892098500626e-16,0.0,True
K1.5Cs0.5Sr1Zr1S4_stannite,5.593749907717438e-08,4.474999997228224e-07,3.333333342681044e-08,0.0,True
K1.5Cs0.5Sr1Zr1Se4_stannite,1.2031249330135552e-08,9.624999819379809e-08,0.0,0.0,True
K1.5Cs0.5Sr1Zr1Te4_kesterite,6.7187495567111455e-09,5.375000000640284e-08,0.0,0.0,True
K1.5Cs0.5Sr1Zr1Te4_stannite,4.6718749313612307e-08,3.7374999806161213e-07,3.333333342681044e-08,0.0,True
K1.5Cs0.5Zn1Ge1S4_stannite,5.140625081168082e-08,4.1125000649344656e-07,3.333333387089965e-08,0.0,True
K1.5Cs0.5Zn1Ge1Se4_stannite,2.515624997201371e-08,2.01249996223396e-07,0.0,0.0,True
K1.5Cs0.5Zn1Ge1Te4_kesterite,7.656250033960532e-08,6.124999991641289e-07,3.333333253863202e-08,0.0,True
K1.5Cs0.5Zn1Sn1S4_kesterite,4.859375080101813e-08,3.887500028554314e-07,3.333333342681044e-08,0.0,True
K1.5Cs0.5Zn1Sn1S4_stannite,8.437499143809646e-09,6.749999670319085e-08,0.0,0.0,True
K1.5Cs0.5Zn1Sn1Se2Te2_kesterite,1.765624979555014e-08,1.412499983644011e-07,3.333333253863202e-08,0.0,True
K1.5Cs0.5Zn1Sn1Se2Te2_stannite,7.109374999814122e-08,5.687499999851298e-07,3.333333253863202e-08,0.0,True
K1.5Cs0.5Zn1Sn1Se4_kesterite,3.859374997361442e-08,3.087499962362017e-07,8.881784197001252e-16,0.0,True
K1.5Cs0.5Zn1Sn1Se4_stannite,2.828125023057737e-08,2.2625000184461896e-07,0.0,,False
K1.5Cs0.5Zn1Sn1Te4_stannite,4.8124999985077466e-08,3.849999998806197e-07,3.333333342681044e-08,,False
K1.5Cs0.5Zn1Zr1S4_kesterite,6.624999970838985e-08,5.300000012198325e-07,4.440892098500626e-16,0.0,True
K1.5Cs0.5Zn1Zr1S4_stannite,4.375000361989123e-09,3.4999999343199306e-08,3.333333298272123e-08,0.0,True
K1.5Cs0.5Zn1Zr1Se4_kesterite,7.421875070079409e-08,5.93750002053639e-07,3.333333298272123e-08,0.0,True
K1.5Cs0.5Zn1Zr1Se4_stannite,2.9843751025993015e-08,2.3875000465523044e-07,3.333333342681044e-08,0.0,True
K1.5Cs0.5Zn1Zr1Te4_kesterite,3.9531248940960495e-08,3.1624999508039764e-07,3.333333342681044e-08,0.0,True
K1.5Cs0.5Zn1Zr1Te4_stannite,7.078125063841867e-08,5.662500015546357e-07,8.881784197001252e-16,0.0,True
K1.5Cu0.5Ba0.5Zn0.5Sn1S4_kesterite,7.062500051446818e-08,5.650000005630318e-07,3.333333342681044e-08,0.0,True
K1.5Cu0.5Ba1Sn1Te4_kesterite,2.7499999610824943e-08,2.1999999688659955e-07,3.333333342681044e-08,0.0,True
K1.5Cu0.5Ca1Zr1S4_kesterite,6.062499835479684e-08,4.849999939438021e-07,3.333333298272123e-08,0.0,True
K1.5Cu0.5Ca1Zr1Se4_kesterite,2.3281249372786306e-08,1.8624999853500412e-07,0.0,0.0,True
K1.5Cu0.5Cd1Ge1Se4_kesterite,4.046875012875262e-08,3.2375000103002094e-07,3.333333342681044e-08,0.0,True
K1.5Cu0.5Cd1Ge1Se4_stannite,7.1875008167410215e-09,5.750000298121449e-08,3.333333342681044e-08,0.0,True
K1.5Cu0.5Cd1Ge1Te4_kesterite,6.718750000800355e-09,5.375000000640284e-08,3.333333342681044e-08,0.0,True
K1.5Cu0.5Cd1Zr1Se4_stannite,6.375000038971734e-08,5.099999995650251e-07,3.333333342681044e-08,,False
K1.5Cu0.5Mg1Sn0.5Ge0.5S3Se1_stannite,1.624999912408498e-08,1.3000000365082087e-07,4.440892098500626e-16,0.0,True
K1.5Cu0.5Sr1Zr1Se4_kesterite,4.76562491691368e-08,3.812499969058081e-07,0.0,,False
K1.5Cu0.5Zn0.5Cd0.5Sn1Te4_stannite,1.5937500208451638e-08,1.275000016676131e-07,3.333333253863202e-08,0.02289999999999992,False
K1.5Cu0.5Zn1Ge1Te4_stannite,6.390624962548941e-08,5.11250000556629e-07,3.333333431498886e-08,0.8827999999999996,False
K1.5Cu0.5Zn1Sn0.5Ge0.5S3Se1_stannite,3.14062491568734e-08,2.5125000036041456e-07,3.333333298272123e-08,0.0,True
K1.5Cu0.5Zn1Sn1Te4_stannite,3.484375010742724e-08,2.787500008594179e-07,0.0,0.07610000000000028,False
K1.5Cu0.5Zn1Zr1Se4_kesterite,5.078124987178967e-08,4.0625000252703103e-07,3.333333342681044e-08,0.001100000000000101,True
K1.5Cu0.5Zn1Zr1Se4_stannite,1.140624972251203e-08,9.125000133280992e-08,3.333333342681044e-08,0.0,True
K1.5Cu0.5Zn1Zr1Te4_stannite,3.281249494335725e-09,2.624999950739948e-08,8.881784197001252e-16,0.0,True
K1.5Rb0.5Ba1Ge1S4_kesterite,4.734375069759267e-08,3.7875000202802767e-07,3.3333333204765836e-08,0.0,True
K1.5Rb0.5Ba1Ge1S4_stannite,4.656250007784024e-08,3.725000041754356e-07,3.333333342681044e-08,0.0,True
K1.5Rb0.5Ba1Ge1Se4_kesterite,3.6406250014664465e-08,2.912500036700294e-07,3.333333253863202e-08,0.0,True
K1.5Rb0.5Ba1Sn1S4_kesterite,6.890625092736968e-08,5.512500038662438e-07,3.333333342681044e-08,0.0,True
K1.5Rb0.5Ba1Sn1S4_stannite,5.3281249190462177e-08,4.262499970764111e-07,3.3333333204765836e-08,0.0,True
K1.5Rb0.5Ba1Sn1Se4_kesterite,6.203125035852963e-08,4.962500028682371e-07,3.333333337129929e-08,0.0,True
K1.5Rb0.5Ba1Sn1Se4_stannite,5.671874969692681e-08,4.5374999757541445e-07,3.333333331578814e-08,0.0,True
K1.5Rb0.5Ba1Zr1S4_kesterite,5.796874980035227e-08,4.6374999840281816e-07,4.440892098500626e-16,0.0,True
K1.5Rb0.5Ba1Zr1S4_stannite,5.375000089458126e-08,4.3000000005122274e-07,2.220446049250313e-16,0.0,True
K1.5Rb0.5Ba1Zr1Se4_kesterite,7.265625123764607e-08,5.812500063484549e-07,3.333333331578814e-08,0.0,True
K1.5Rb0.5Ba1Zr1Se4_stannite,1.0625000879116442e-08,8.500000348021786e-08,3.333333342681044e-08,0.0,True
K1.5Rb0.5Ba1Zr1Te4_kesterite,4.59374995820383e-08,3.6750000020902007e-07,0.0,0.0,True
K1.5Rb0.5Ba1Zr1Te4_stannite,2.484374972411274e-08,1.987500013456156e-07,3.333333342681044e-08,0.0,True
K1.5Rb0.5Ca0.5Zn0.5Sn1Se3Te1_kesterite,4.5000000170603016e-08,3.6000000136482413e-07,3.333333253863202e-08,0.0,True
K1.5Rb0.5Ca0.5Zn0.5Sn1Se3Te1_stannite,5.656250046115474e-08,4.5250000368923793e-07,3.333333387089965e-08,0.0,True
K1.5Rb0.5Ca1Ge1S4_stannite,5.8125000368391966e-08,4.650000064998494e-07,3.333333342681044e-08,0.0,True
K1.5Rb0.5Ca1Zr1S4_kesterite,5.8125000812481176e-08,4.650000064998494e-07,3.333333431498886e-08,0.0,True
K1.5Rb0.5Ca1Zr1S4_stannite,2.6718749879250936e-08,2.137499990340075e-07,0.0,0.0,True
K1.5Rb0.5Ca1Zr1Se4_kesterite,7.187499040384182e-09,5.7499995875787135e-08,3.333333342681044e-08,0.0,True
K1.5Rb0.5Ca1Zr1Se4_stannite,3.531250003518949e-08,2.825000038342296e-07,0.0,0.0,True
K1.5Rb0.5Ca1Zr1Te4_stannite,4.109375062455456e-08,3.287499978910091e-07,3.333333298272123e-08,0.0,True
K1.5Rb0.5Cd1Ge1S4_stannite,3.171874940477437e-08,2.5374999523819497e-07,0.0,0.0,True
K1.5Rb0.5Cd1Ge1Se4_stannite,6.109375005891593e-08,4.887500040240411e-07,0.0,0.0,True
K1.5Rb0.5Cd1Ge1Te4_kesterite,7.593750028789259e-08,6.07499998750427e-07,0.0,0.0,True
K1.5Rb0.5Cd1Sn1S4_stannite,6.734375057604325e-08,5.387500010556323e-07,3.333333298272123e-08,,False
K1.5Rb0.5Cd1Sn1Se4_stannite,3.0937499673200364e-08,2.474999973856029e-07,3.333333387089965e-08,0.0,True
K1.5Rb0.5Cd1Sn1Te4_stannite,7.031249804612116e-09,5.624999843689693e-08,0.0,0.0,True
K1.5Rb0.5Cd1Zr1S4_kesterite,3.0937499229111154e-08,2.474999973856029e-07,0.0,0.0,True
K1.5Rb0.5Cd1Zr1S4_stannite,1.7187499867787892e-08,1.3750000249501682e-07,3.333333342681044e-08,0.0,True
K1.5Rb0.5Cd1Zr1Se4_kesterite,5.7499999872590024e-08,4.6000000253343387e-07,3.333333342681044e-08,0.0,True
K1.5Rb0.5Cd1Zr1Se4_stannite,6.734375057604325e-08,5.387500010556323e-07,3.333333342681044e-08,,False
K1.5Rb0.5Cd1Zr1Te4_kesterite,2.828124978648816e-08,2.262499947391916e-07,3.333333342681044e-08,0.0,True
K1.5Rb0.5Cd1Zr1Te4_stannite,6.078125069919338e-08,4.862500020408334e-07,0.0,0.0,True
K1.5Rb0.5Mg1Ge1S4_stannite,7.718749994722884e-08,6.174999995778307e-07,3.333333342681044e-08,0.0,True
K1.5Rb0.5Mg1Ge1Se4_stannite,8.749998947621407e-09,6.999999868639861e-08,0.0,0.0,True
K1.5Rb0.5Mg1Ge1Te4_stannite,1.7500000115688863e-08,1.3999999737279722e-07,0.0,0.0,True
K1.5Rb0.5Mg1Sn1S4_stannite,3.1874999972814066e-08,2.5499999622979885e-07,3.333333342681044e-08,0.0,True
K1.5Rb0.5Mg1Sn1Se4_kesterite,7.67187500194666e-08,6.137500037084465e-07,3.333333342681044e-08,0.0,True
K1.5Rb0.5Mg1Sn1Se4_stannite,3.703125051046641e-08,2.962500005310176e-07,3.333333342681044e-08,0.0,True
K1.5Rb0.5Mg1Sn1Te4_kesterite,5.718750006877826e-08,4.575000005502261e-07,0.0,0.0,True
K1.5Rb0.5Mg1Zr1S4_kesterite,2.1249999981876044e-08,1.6999999985500835e-07,3.333333342681044e-08,0.0,True
K1.5Rb0.5Mg1Zr1S4_stannite,6.765624949167659e-08,5.412500030388401e-07,4.440892098500626e-16,0.0,True
K1.5Rb0.5Mg1Zr1Se4_kesterite,4.59374995820383e-08,3.6750000020902007e-07,3.333333342681044e-08,0.0,True
K1.5Rb0.5Mg1Zr1Se4_stannite,7.437499993656616e-08,5.950000030452429e-07,3.333333253863202e-08,0.0,True
K1.5Rb0.5Mg1Zr1Te4_kesterite,6.609375047261778e-08,5.287500002282286e-07,3.333333342681044e-08,0.0,True
K1.5Rb0.5Mg1Zr1Te4_stannite,3.140625048914103e-08,2.5125000036041456e-07,3.333333431498886e-08,0.0,True
K1.5Rb0.5Sr1Ge1Se4_stannite,1.1093749474611059e-08,8.874999934960215e-08,3.333333298272123e-08,,False
K1.5Rb0.5Sr1Sn1S4_stannite,2.0156249558311856e-08,1.6125000001920853e-07,0.0,,False
K1.5Rb0.5Sr1Sn1Se4_stannite,6.750000025590452e-08,5.400000020472362e-07,3.333333253863202e-08,0.0,True
K1.5Rb0.5Sr1Zr1S4_kesterite,2.2187499837400537e-08,1.774999986992043e-07,3.333333342681044e-08,0.0,True
K1.5Rb0.5Sr1Zr1S4_stannite,2.828124845422053e-08,2.262499947391916e-07,3.333333298272123e-08,0.0,True
K1.5Rb0.5Sr1Zr1Se4_kesterite,7.312499983314069e-08,5.850000022178392e-07,0.0,0.0,True
K1.5Rb0.5Sr1Zr1Se4_stannite,6.062499968706447e-08,4.850000010492295e-07,3.333333342681044e-08,0.0,True
K1.5Rb0.5Sr1Zr1Te4_kesterite,5.015624937598773e-08,4.012499985606155e-07,3.333333431498886e-08,0.0,True
K1.5Rb0.5Sr1Zr1Te4_stannite,2.0468748918034407e-08,1.6374999489698894e-07,3.333333298272123e-08,0.0,True
K1.5Rb0.5Zn1Ge1S4_stannite,9.374989673460732e-10,7.499998844195943e-09,3.333333342681044e-08,0.0,True
K1.5Rb0.5Zn1Ge1Se4_kesterite,3.109374979715085e-08,2.487499983772068e-07,3.333333342681044e-08,0.0,True
K1.5Rb0.5Zn1Ge1Se4_stannite,6.640625027642955e-08,5.312500022114364e-07,3.333333342681044e-08,0.0,True
K1.5Rb0.5Zn1Sn1S1Se2Te1_kesterite,3.374999923977384e-08,2.6999999391819074e-07,0.0,0.0,True
K1.5Rb0.5Zn1Sn1Se4_kesterite,4.203124959190063e-08,3.3624999673520506e-07,0.0,0.0,True
K1.5Rb0.5Zn1Sn1Se4_stannite,3.3281250644279226e-08,2.662500051542338e-07,0.0,0.0,True
K1.5Rb0.5Zn1Sn1Te4_kesterite,4.718750057364218e-08,3.775000010364238e-07,3.333333387089965e-08,0.0,True
K1.5Rb0.5Zn1Sn1Te4_stannite,2.4374999796350494e-08,1.9500000192351763e-07,3.333333342681044e-08,0.21729999999999983,False
K1.5Rb0.5Zn1Zr1S4_stannite,3.749999866187181e-09,3.000000248221113e-08,3.333333253863202e-08,0.0,True
K1.5Rb0.5Zn1Zr1Se4_kesterite,2.6562507748906228e-09,2.1250002646411303e-08,3.333333298272123e-08,0.0,True
K1.5Rb0.5Zn1Zr1Se4_stannite,4.890625016074068e-08,3.912499977332118e-07,3.333333298272123e-08,0.0,True
K1.5Rb0.5Zn1Zr1Te4_kesterite,2.4374999796350494e-08,1.950000054762313e-07,0.0,0.0,True
K1.5Rb0.5Zn1Zr1Te4_stannite,5.3281250522729806e-08,4.262499970764111e-07,3.333333431498886e-08,0.0,True
K1Ag1Ba1Ge1S4_stannite,6.48437494810139e-08,5.187499994008249e-07,3.333333298272123e-08,0.0,True
K1Ag1Ba1Sn1Se4_stannite,5.281250015087835e-08,4.225000012070268e-07,3.333333298272123e-08,0.0,True
K1Ag1Ba1Zr1S4_stannite,5.109375056377985e-08,4.087500045102388e-07,4.440892098500626e-16,0.0,True
K1Ag1Ba1Zr1Se4_stannite,1.249999659336254e-09,9.999993721976352e-09,3.333333342681044e-08,0.0,True
K1Ag1Ba1Zr1Te4_stannite,5.281249970678914e-08,4.225000012070268e-07,4.440892098500626e-16,0.0,True
K1Ag1Ca1Ge1Se4_stannite,4.859375035692892e-08,3.887500028554314e-07,3.333333342681044e-08,0.0,True
K1Ag1Ca1Ge1Te4_kesterite,3.7812500686129624e-08,3.02500005489037e-07,3.333333342681044e-08,0.0,True
K1Ag1Ca1Ge1Te4_stannite,2.8437499466349436e-08,2.274999957307955e-07,8.881784197001252e-16,0.0,True
K1Ag1Ca1Sn1Se4_stannite,1.1562500290551725e-08,9.25000023244138e-08,3.333333253863202e-08,0.0,True
K1Ag1Ca1Zr1S4_kesterite,6.609375002852858e-08,5.287500002282286e-07,3.333333342681044e-08,0.0,True
K1Ag1Ca1Zr1S4_stannite,8.28124946394837e-09,6.625000281701432e-08,3.333333342681044e-08,0.0,True
K1Ag1Ca1Zr1Se4_kesterite,5.312500217513616e-09,4.249999818739525e-08,0.0,0.0,True
K1Ag1Ca1Zr1Te4_stannite,2.5624999455686748e-08,2.0499999919820766e-07,3.333333342681044e-08,0.0,True
K1Ag1Cd1Ge1Se4_stannite,2.515624908383529e-08,2.01249996223396e-07,3.333333342681044e-08,0.0,True
K1Ag1Cd1Ge1Te4_stannite,5.859375029615421e-08,4.687500023692337e-07,3.333333342681044e-08,0.06609999999999872,False
K1Ag1Cd1Sn1S4_kesterite,2.7187498918834763e-08,2.1749999490339178e-07,3.333333342681044e-08,0.0,True
K1Ag1Cd1Sn1S4_stannite,7.640625065974405e-08,6.112500017252387e-07,3.333333342681044e-08,0.0,True
K1Ag1Cd1Sn1Se4_kesterite,4.6406249953889755e-08,3.7124999607840437e-07,3.333333298272123e-08,0.0,True
K1Ag1Cd1Sn1Se4_stannite,5.1562500491542096e-08,4.125000003796231e-07,0.0,0.0,True
K1Ag1Cd1Sn1Te4_kesterite,8.124999784087095e-09,6.499999827269676e-08,3.333333342681044e-08,0.0,True
K1Ag1Cd1Zr1S4_kesterite,2.3750000632816182e-08,1.9000000150981577e-07,0.0,0.0,True
K1Ag1Cd1Zr1S4_stannite,2.000000032253979e-08,1.5999999902760464e-07,3.333333342681044e-08,0.0,True
K1Ag1Cd1Zr1Se4_kesterite,1.2500000590165428e-08,1.0000000116860974e-07,3.333333342681044e-08,0.0,True
K1Ag1Cd1Zr1Se4_stannite,5.7499999872590024e-08,4.6000000253343387e-07,8.881784197001252e-16,0.0,True
K1Ag1Cd1Zr1Te4_kesterite,6.624999970838985e-08,5.300000012198325e-07,3.333333342681044e-08,0.0,True
K1Ag1Cd1Zr1Te4_stannite,2.9062499518062168e-08,2.3249999969721102e-07,3.333333253863202e-08,0.0,True
K1Ag1Mg1Ge1S4_stannite,4.718750057364218e-08,3.775000010364238e-07,3.333333298272123e-08,0.0,True
K1Ag1Mg1Ge1Se4_stannite,4.2656249643613364e-08,3.412500007016206e-07,4.440892098500626e-16,0.0,True
K1Ag1Mg1Ge1Te4_kesterite,6.515624972891487e-08,5.212500013840327e-07,3.333333342681044e-08,,False
K1Ag1Mg1Ge1Te4_stannite,5.000000014021566e-08,4.000000011217253e-07,0.0,,False
K1Ag1Mg1Sn1S4_kesterite,5.8124999480213546e-08,4.6499999939442205e-07,0.0,0.0,True
K1Ag1Mg1Sn1S4_stannite,4.6093750594167204e-08,3.6875000120062396e-07,3.333333387089965e-08,0.0,True
K1Ag1Mg1Sn1Se4_kesterite,1.9531250838866754e-08,1.5625000315822035e-07,3.333333342681044e-08,0.0,True
K1Ag1Mg1Sn1Se4_stannite,2.0156249558311856e-08,1.6125000001920853e-07,3.333333342681044e-08,0.0,True
K1Ag1Mg1Sn1Te4_kesterite,4.390624974703883e-08,3.512500015290243e-07,0.0,0.0,True
K1Ag1Mg1Sn1Te4_stannite,1.0937499794749783e-09,8.749999835799827e-09,3.333333342681044e-08,0.0,True
K1Ag1Mg1Zr1S4_kesterite,4.218750238038638e-09,3.374999835159542e-08,3.333333298272123e-08,0.0,True
K1Ag1Mg1Zr1S4_stannite,1.656250026016437e-08,1.3249999852860128e-07,3.333333342681044e-08,0.0,True
K1Ag1Mg1Zr1Se4_kesterite,2.0937500178064283e-08,1.674999978718006e-07,3.333333342681044e-08,0.0,True
K1Ag1Mg1Zr1Se4_stannite,2.968750090204253e-08,2.3750000366362656e-07,3.333333342681044e-08,0.0,True
K1Ag1Mg1Zr1Te4_kesterite,4.312500090364324e-08,3.4500000367643224e-07,3.333333342681044e-08,0.0,True
K1Ag1Mg1Zr1Te4_stannite,7.124999923391329e-08,5.6999999742402e-07,3.333333342681044e-08,0.0,True
K1Ag1Sr0.5Cd0.5Ge1S2Se2_kesterite,6.765624949167659e-08,5.412499959334127e-07,0.0,0.0,True
K1Ag1Sr0.5Cd0.5Ge1S2Se2_stannite,1.1093749918700269e-08,8.874999934960215e-08,0.0,0.0,True
K1Ag1Sr1Ge1Se4_stannite,2.7187499807013182e-08,2.1749999490339178e-07,3.333333342681044e-08,0.0,True
K1Ag1Sr1Sn1S4_stannite,4.4374999230711865e-08,3.549999973984086e-07,3.333333298272123e-08,0.0,True
K1Ag1Sr1Zr1S4_kesterite,3.343750076822971e-08,2.6749999904041033e-07,3.333333298272123e-08,0.0,True
K1Ag1Sr1Zr1Se4_kesterite,5.8906249211787554e-08,4.712499972470141e-07,3.333333387089965e-08,0.0,True
K1Ag1Zn0.5Cd0.5Ge1Se1Te3_kesterite,7.593749962175877e-08,6.07499998750427e-07,3.333333342681044e-08,0.0,True
K1Ag1Zn0.5Cd0.5Ge1Se1Te3_stannite,3.9999999978945766e-08,3.199999980552093e-07,0.0,0.12790000000000035,False
K1Ag1Zn1Ge1S4_kesterite,3.7812499353861995e-08,3.0249999838360964e-07,3.333333431498886e-08,,False
K1Ag1Zn1Ge1S4_stannite,2.4999999848063226e-08,2.0000000233721948e-07,3.333333342681044e-08,0.0,True
K1Ag1Zn1Ge1Se4_stannite,3.87499996534757e-08,3.099999972278056e-07,4.440892098500626e-16,0.01419999999999888,False
K1Ag1Zn1Ge1Te4_stannite,1.0781250114888508e-08,8.624999736639438e-08,3.333333342681044e-08,,False
K1Ag1Zn1Sn1S4_kesterite,7.04687503905177e-08,5.637499995714279e-07,3.333333342681044e-08,0.0,True
K1Ag1Zn1Sn1S4_stannite,1.0156250507264986e-08,8.12500005054062e-08,3.333333342681044e-08,0.0,True
K1Ag1Zn1Sn1Se4_kesterite,7.609374996775387e-08,6.087499997420309e-07,3.333333298272123e-08,0.0,True
K1Ag1Zn1Sn1Se4_stannite,6.67187496361521e-08,5.337499970892168e-07,3.333333253863202e-08,0.040200000000002234,False
K1Ag1Zn1Sn1Te4_kesterite,4.6093750594167204e-08,3.6875000120062396e-07,3.333333342681044e-08,0.0,True
K1Ag1Zn1Sn1Te4_stannite,7.0312493605229065e-09,5.624999843689693e-08,3.333333253863202e-08,0.0051000000000005485,True
K1Ag1Zn1Zr1S4_kesterite,7.187499928562602e-09,5.7499995875787135e-08,3.333333342681044e-08,,False
K1Ag1Zn1Zr1S4_stannite,4.796875030521619e-08,3.8374999888901584e-07,3.333333342681044e-08,0.0,True
K1Ag1Zn1Zr1Se4_stannite,1.624999912408498e-08,1.2999999654539351e-07,3.333333342681044e-08,0.0,True
K1Ag1Zn1Zr1Te4_stannite,4.84374984566216e-09,3.8750002318010957e-08,8.881784197001252e-16,0.0,True
K1Al0.5Ga0.5Se1Te1_kesterite,2.656250064347887e-08,1.0625000257391548e-07,0.0,0.0,True
K1Al0.5Ga0.5Se1Te1_stannite,4.281249932347464e-08,1.7124999729389856e-07,3.333333342681044e-08,0.00019999999999953388,True
K1Al0.5Ga0.5Se2_kesterite,5.000000413701855e-09,2.000000165480742e-08,3.333333298272123e-08,0.0,True
K1Al0.5Ga0.5Se2_stannite,3.406250037585323e-08,1.3625000150341293e-07,3.333333342681044e-08,0.0,True
K1Al0.5In0.5S2_kesterite,6.031249988325271e-08,2.4124999953301085e-07,3.333333342681044e-08,0.0,True
K1Al0.5In0.5Se2_kesterite,1.3750000249501682e-08,5.5000000998006726e-08,3.333333253863202e-08,0.0,True
K1Al0.5In0.5Se2_stannite,4.687494836730366e-10,1.8749979346921464e-09,3.333333342681044e-08,0.0,True
K1Al0.5In0.5Te2_kesterite,7.625000009170435e-08,3.050000039195311e-07,3.333333342681044e-08,0.0,True
K1Al0.5In0.5Te2_stannite,6.640624938825113e-08,2.656250011057182e-07,0.0,0.0,True
K1Al1S1Se1_kesterite,1.7187500311877102e-08,6.874999769479473e-08,3.333333342681044e-08,0.0,True
K1Al1S1Te1_kesterite,2.3437499940826e-08,9.3749999763304e-08,3.333333342681044e-08,0.0,True
K1Al1S1Te1_stannite,2.9843750581903805e-08,1.1937500232761522e-07,3.333333298272123e-08,0.0,True
K1Al1S2_stannite,1.687500006397613e-08,6.750000025590452e-08,3.3333333204765836e-08,0.0,True
K1Al1Se1Te1_kesterite,3.0937499673200364e-08,1.2374999869280146e-07,3.333333342681044e-08,0.0,True
K1Al1Se1Te1_stannite,6.04687500072032e-08,2.418750000288128e-07,4.440892098500626e-16,0.0,True
K1Al1Se2_stannite,8.124999339997885e-09,3.249999735999154e-08,0.0,0.0,True
K1Al1Te2_stannite,1.624999956817419e-08,6.499999827269676e-08,0.0,0.0,True
K1Cs0.5Ag0.5Ba1Ge1Se4_kesterite,2.3281249372786306e-08,1.8624999853500412e-07,3.333333298272123e-08,0.0,True
K1Cs0.5Ag0.5Ba1Sn1Se4_stannite,2.8125000106626885e-09,2.2500003638015187e-08,3.333333298272123e-08,0.0,True
K1Cs0.5Ag0.5Ba1Zr1Se4_stannite,5.078124898361125e-08,4.0624999542160367e-07,0.0,0.0,True
K1Cs0.5Ag0.5Ca1Ge1S4_stannite,2.968750001386411e-08,2.374999965581992e-07,4.440892098500626e-16,0.0,True
K1Cs0.5Ag0.5Ca1Ge1Se4_stannite,5.4062499810214604e-08,4.325000020344305e-07,0.0,0.0,True
K1Cs0.5Ag0.5Ca1Sn1S4_stannite,3.109374935306164e-08,2.487499983772068e-07,3.333333298272123e-08,0.0,True
K1Cs0.5Ag0.5Ca1Sn1Se4_stannite,5.8437500616292937e-08,4.675000013776298e-07,3.333333298272123e-08,,False
K1Cs0.5Ag0.5Ca1Sn1Te4_stannite,6.703124943996386e-08,5.362499990724245e-07,0.0,0.0,True
K1Cs0.5Ag0.5Ca1Zr1S4_stannite,6.187499934640073e-08,4.949999947712058e-07,3.333333298272123e-08,0.0,True
K1Cs0.5Ag0.5Ca1Zr1Se4_stannite,5.250000034706659e-08,4.1999999922381903e-07,3.333333298272123e-08,0.0,True
K1Cs0.5Ag0.5Ca1Zr1Te4_stannite,1.7500000115688863e-08,1.3999999737279722e-07,0.0,0.0,True
K1Cs0.5Ag0.5Cd1Ge1S4_stannite,7.79687518992489e-08,6.237500045358502e-07,3.333333342681044e-08,0.0,True
K1Cs0.5Ag0.5Cd1Sn1S4_stannite,4.0937499612425654e-08,3.275000040048326e-07,3.333333342681044e-08,0.0,True
K1Cs0.5Ag0.5Cd1Sn1Se4_stannite,7.296875015327942e-08,5.837500012262353e-07,3.333333431498886e-08,0.0,True
K1Cs0.5Ag0.5Cd1Sn1Te4_kesterite,4.3281249251236886e-08,3.4624999756260877e-07,3.333333342681044e-08,,False
K1Cs0.5Ag0.5Cd1Zr1S4_kesterite,2.3593751397044116e-08,1.887500005182119e-07,0.0,0.0,True
K1Cs0.5Ag0.5Cd1Zr1S4_stannite,1.5937500652540848e-08,1.2749999456218575e-07,3.333333298272123e-08,0.0,True
K1Cs0.5Ag0.5Cd1Zr1Se4_kesterite,7.187500150607207e-08,5.750000013904355e-07,3.333333431498886e-08,0.0,True
K1Cs0.5Ag0.5Cd1Zr1Se4_stannite,4.062498337731313e-09,3.249999735999154e-08,8.881784197001252e-16,0.0,True
K1Cs0.5Ag0.5Mg1Ge1S4_kesterite,1.3281248545382596e-08,1.062499990212018e-07,4.440892098500626e-16,0.0,True
K1Cs0.5Ag0.5Mg1Ge1S4_stannite,7.750000152739744e-08,6.200000015610385e-07,4.440892098500626e-16,0.0,True
K1Cs0.5Ag0.5Mg1Sn1S4_kesterite,4.04687492405742e-08,3.2375000103002094e-07,3.333333342681044e-08,0.0,True
K1Cs0.5Ag0.5Mg1Sn1S4_stannite,5.468750785553311e-09,4.374999917899913e-08,0.0,0.0,True
K1Cs0.5Ag0.5Mg1Sn1Se4_stannite,7.187499484473392e-09,5.7499995875787135e-08,0.0,0.0,True
K1Cs0.5Ag0.5Mg1Sn1Te4_stannite,3.4374999735575784e-08,2.7500000143731995e-07,1.7763568394002505e-15,0.7913000000000006,False
K1Cs0.5Ag0.5Mg1Zr1S4_kesterite,5.656249779661948e-08,4.5249999658381057e-07,3.333333298272123e-08,0.0,True
K1Cs0.5Ag0.5Mg1Zr1S4_stannite,9.843751147542434e-09,7.874999852219844e-08,4.440892098500626e-16,0.0,True
K1Cs0.5Ag0.5Mg1Zr1Se4_stannite,4.828124877676032e-08,3.862500008722236e-07,0.0,0.0,True
K1Cs0.5Ag0.5Mg1Zr1Te4_stannite,1.2656248937759074e-08,1.0125000216021363e-07,8.881784197001252e-16,0.0,True
K1Cs0.5Ag0.5Sr1Ge1S4_kesterite,2.8125008988411082e-09,2.249999653258783e-08,0.0,0.0,True
K1Cs0.5Ag0.5Sr1Ge1S4_stannite,4.968750078049311e-08,3.9749999558580384e-07,3.333333342681044e-08,0.0,True
K1Cs0.5Ag0.5Sr1Ge1Se4_stannite,2.5781250911904863e-08,2.0625000018981154e-07,0.0,0.0,True
K1Cs0.5Ag0.5Sr1Sn1S4_stannite,9.218750207651283e-09,7.37499945557829e-08,0.0,,False
K1Cs0.5Ag0.5Sr1Sn1Se4_stannite,9.374998555244929e-09,7.499999554738679e-08,3.333333342681044e-08,0.0,True
K1Cs0.5Ag0.5Sr1Zr1Se4_stannite,4.171874978808887e-08,3.3375000185742465e-07,3.333333298272123e-08,0.0,True
K1Cs0.5Ag0.5Sr1Zr1Te4_stannite,7.484374942023919e-08,5.987499989146272e-07,3.333333342681044e-08,0.0,True
K1Cs0.5Ag0.5Zn1Ge1S4_kesterite,5.562499927336262e-08,4.4499999773961463e-07,4.440892098500626e-16,0.0,True
K1Cs0.5Ag0.5Zn1Ge1S4_stannite,9.687501023591949e-09,7.750000463602191e-08,3.333333342681044e-08,0.0,True
K1Cs0.5Ag0.5Zn1Ge1Se4_kesterite,2.109374941383635e-08,1.6874999886340447e-07,3.333333387089965e-08,0.0,True
K1Cs0.5Ag0.5Zn1Sn1S4_stannite,4.453125113101919e-08,3.5625000549543984e-07,3.333333387089965e-08,0.0,True
K1Cs0.5Ag0.5Zn1Sn1Se4_stannite,6.765625037985501e-08,5.412500030388401e-07,3.333333387089965e-08,0.0,True
K1Cs0.5Ag0.5Zn1Sn1Te4_kesterite,6.625000015247906e-08,5.300000012198325e-07,3.333333342681044e-08,0.0,True
K1Cs0.5Ag0.5Zn1Zr1S4_kesterite,6.656249995629082e-08,5.324999960976129e-07,3.3333333204765836e-08,0.0,True
K1Cs0.5Ag0.5Zn1Zr1S4_stannite,4.531249908623636e-08,3.6249999624260454e-07,3.333333342681044e-08,0.0,True
K1Cs0.5Ag0.5Zn1Zr1Se4_kesterite,2.1562498897509386e-08,1.7249999473278876e-07,3.333333298272123e-08,0.0,True
K1Cs0.5Ag0.5Zn1Zr1Se4_stannite,3.1718750737042e-08,2.5375000234362233e-07,0.0,0.0,True
K1Cs0.5Ag0.5Zn1Zr1Te4_stannite,7.406249968866518e-08,5.924999939566078e-07,3.333333253863202e-08,0.0,True
K1Cs0.5Cu0.5Ba1Ge1Se4_kesterite,7.437499993656616e-08,5.949999959398156e-07,3.333333342681044e-08,0.0,True
K1Cs0.5Cu0.5Ca1Ge1Se4_stannite,8.906249515661102e-09,7.12499996780025e-08,3.333333387089965e-08,0.0,True
K1Cs0.5Cu0.5Ca1Sn0.5Ge0.5Se3Te1_stannite,6.51562510611825e-08,5.212500013840327e-07,3.333333342681044e-08,,False
K1Cs0.5Cu0.5Ca1Zr1Te4_stannite,7.312499983314069e-08,5.850000022178392e-07,0.0,0.0,True
K1Cs0.5Cu0.5Cd1Ge1S4_stannite,1.2500001478343847e-08,1.0000000116860974e-07,3.333333298272123e-08,0.0,True
K1Cs0.5Cu0.5Cd1Zr1Te4_stannite,5.968750160789682e-08,4.775000022050335e-07,0.0,0.0,True
K1Cs0.5Cu0.5Mg1Ge1S4_stannite,7.140625113422061e-08,5.712499984156238e-07,0.0,0.0,True
K1Cs0.5Cu0.5Mg1Ge1Se4_stannite,3.9843749188861466e-08,3.187499970636054e-07,3.333333298272123e-08,0.0,True
K1Cs0.5Cu0.5Mg1Sn1S4_stannite,6.640624938825113e-08,5.312500022114364e-07,4.440892098500626e-16,0.0,True
K1Cs0.5Cu0.5Mg1Sn1Se4_stannite,7.640624932747642e-08,6.112500017252387e-07,3.333333298272123e-08,0.0,True
K1Cs0.5Cu0.5Mg1Zr1S4_stannite,4.3281251027593726e-08,3.4624999756260877e-07,3.333333342681044e-08,0.0,True
K1Cs0.5Cu0.5Mg1Zr1Se4_stannite,5.6250013535930066e-09,4.5000000170603016e-08,3.333333342681044e-08,0.0,True
K1Cs0.5Cu0.5Zn1Ge1S4_stannite,4.562500022231575e-08,3.649999982258123e-07,3.333333342681044e-08,0.0,True
K1Cs0.5Cu0.5Zn1Sn1S4_stannite,7.656250300414058e-09,6.124999885059879e-08,3.333333298272123e-08,0.0,True
K1Cs0.5Cu0.5Zn1Zr1S4_stannite,7.359375020499215e-08,5.887500051926509e-07,3.333333298272123e-08,0.0,True
K1Cs0.5Cu0.5Zn1Zr1Se4_stannite,5.906249933573804e-08,4.72499998238618e-07,3.333333342681044e-08,0.0,True
K1Cs1Ba0.5Zn0.5Sn1S3Te1_kesterite,3.515624813488216e-08,2.8124999573719833e-07,3.333333342681044e-08,0.0,True
K1Cs1Ba1Sn1S4_kesterite,5.968749938745077e-08,4.774999950996062e-07,3.3333333204765836e-08,0.0,True
K1Cs1Ba1Sn1S4_stannite,2.9531249445824415e-08,2.3624999556659532e-07,3.333333342681044e-08,0.0,True
K1Cs1Ba1Sn1Se4_stannite,1.593749932027322e-08,1.2749999456218575e-07,3.333333298272123e-08,0.0,True
K1Cs1Ba1Sn1Te4_stannite,1.656249937198595e-08,1.3249999852860128e-07,3.333333342681044e-08,0.0,True
K1Cs1Ba1Zr1S4_kesterite,7.250000066960638e-08,5.80000005356851e-07,3.333333298272123e-08,0.0,True
K1Cs1Ba1Zr1S4_stannite,5.76562495524513e-08,4.612499964196104e-07,3.3333333204765836e-08,0.0,True
K1Cs1Ba1Zr1Se4_kesterite,3.281250382514145e-09,2.624999950739948e-08,3.333333431498886e-08,0.0,True
K1Cs1Ba1Zr1Se4_stannite,5.6406249893115046e-08,4.5125000269763405e-07,3.333333298272123e-08,0.0,True
K1Cs1Ca1Ge1S4_stannite,2.484374928002353e-08,1.9874999424018824e-07,3.333333342681044e-08,0.0,True
K1Cs1Ca1Ge1Se4_stannite,2.4374999796350494e-08,1.9499999837080395e-07,3.3333333204765836e-08,0.0,True
K1Cs1Ca1Sn1S4_stannite,1.4687500105026174e-08,1.175000008402094e-07,0.0,0.0,True
K1Cs1Ca1Sn1Se4_kesterite,1.5312500600828116e-08,1.2250000480662493e-07,3.333333342681044e-08,0.0,True
K1Cs1Ca1Sn1Se4_stannite,4.374999917899913e-09,3.4999999343199306e-08,3.3333333204765836e-08,0.0,True
K1Cs1Ca1Zr1S4_stannite,4.4687499922702045e-08,3.5749999938161636e-07,0.0,0.0,True
K1Cs1Ca1Zr1Se4_stannite,6.56249943276066e-09,5.249999901479896e-08,3.3333333648855046e-08,0.0,True
K1Cs1Ca1Zr1Te4_stannite,1.5312500600828116e-08,1.2250000480662493e-07,0.0,0.0,True
K1Cs1Cd1Ge1S4_stannite,5.25000007911558e-08,4.1999999922381903e-07,3.333333298272123e-08,0.0,True
K1Cs1Cd1Ge1Te4_kesterite,1.5624967986127558e-10,1.2499974388902046e-09,3.333333342681044e-08,0.0,True
K1Cs1Cd1Sn1Se4_stannite,4.062499936452468e-08,3.2499999846891114e-07,3.333333342681044e-08,0.0,True
K1Cs1Cd1Zr1S4_stannite,7.093750076236915e-08,5.675000025462396e-07,0.0,0.0,True
K1Cs1Cd1Zr1Se4_kesterite,1.859375009516384e-08,1.487500043140244e-07,3.333333298272123e-08,0.0,True
K1Cs1Cd1Zr1Se4_stannite,2.968750090204253e-08,2.3750000366362656e-07,3.333333253863202e-08,0.0,True
K1Cs1Cd1Zr1Te4_stannite,1.7187498979609472e-08,1.3749999538958946e-07,0.0,0.0,True
K1Cs1Mg1Ge1S4_kesterite,1.6093749888312914e-08,1.28750002659217e-07,5.551115123125783e-17,0.0,True
K1Cs1Mg1Ge1S4_stannite,1.62500000122634e-08,1.2999999654539351e-07,0.0,0.0,True
K1Cs1Mg1Ge1Se4_stannite,7.187499928562602e-09,5.7499995875787135e-08,3.333333387089965e-08,0.0,True
K1Cs1Mg1Sn1S4_kesterite,1.8906250343064812e-08,1.5124999919180482e-07,3.333333342681044e-08,0.0,True
K1Cs1Mg1Sn1S4_stannite,3.8125000489941385e-08,3.050000003668174e-07,3.333333387089965e-08,0.0,True
K1Cs1Mg1Sn1Se3Te1_kesterite,4.6874988335332546e-09,3.7499994220979715e-08,3.333333298272123e-08,0.0,True
K1Cs1Mg1Sn1Se3Te1_stannite,1.2187499898175247e-08,9.749999918540198e-08,3.333333342681044e-08,0.0,True
K1Cs1Mg1Sn1Se4_kesterite,1.1250000486739964e-08,9.000000034120603e-08,3.333333342681044e-08,0.0,True
K1Cs1Mg1Sn1Se4_stannite,2.5468749775825472e-08,2.0374999820660378e-07,3.333333298272123e-08,0.0,True
K1Cs1Mg1Zr1S4_kesterite,1.1875000538452696e-08,9.500000430762157e-08,3.333333298272123e-08,0.0,True
K1Cs1Mg1Zr1S4_stannite,5.1250001575908755e-08,4.100000055018427e-07,3.3333333204765836e-08,0.0,True
K1Cs1Mg1Zr1Se4_kesterite,9.37499411435283e-10,7.499998844195943e-09,3.333333342681044e-08,0.0,True
K1Cs1Mg1Zr1Se4_stannite,3.390624980781354e-08,2.712499949097946e-07,3.3333333204765836e-08,0.0,True
K1Cs1Mg1Zr1Te4_stannite,1.5781250528590363e-08,1.2625000067600922e-07,3.333333298272123e-08,,False
K1Cs1Sr1Ge1S4_stannite,1.9062500467015298e-08,1.525000001834087e-07,2.220446049250313e-16,0.0,True
K1Cs1Sr1Ge1Se4_stannite,1.3906249929362957e-08,1.1125000298761734e-07,0.0,0.0,True
K1Cs1Sr1Sn1S4_stannite,6.875000568840051e-09,5.5000000998006726e-08,3.333333342681044e-08,0.0,True
K1Cs1Sr1Sn1Se4_stannite,6.14062503068169e-08,4.912499989018215e-07,3.333333387089965e-08,0.0,True
K1Cs1Sr1Zr1S4_stannite,6.374999994562813e-08,5.099999995650251e-07,3.333333342681044e-08,0.0,True
K1Cs1Sr1Zr1Se4_kesterite,1.484374978488745e-08,1.1875000183181328e-07,3.333333342681044e-08,0.0,True
K1Cs1Sr1Zr1Se4_stannite,4.562500022231575e-08,3.649999982258123e-07,2.220446049250313e-16,0.0,True
K1Cs1Sr1Zr1Te4_stannite,5.2343750223116103e-08,4.187500053376425e-07,3.333333298272123e-08,0.0,True
K1Cs1Zn1Ge1S4_stannite,1.2187499898175247e-08,9.749999918540198e-08,3.333333387089965e-08,,False
K1Cs1Zn1Ge1Se4_stannite,1.1562499402373305e-08,9.249999521898644e-08,3.333333298272123e-08,0.0,True
K1Cs1Zn1Sn1Se4_stannite,1.9531249950688334e-08,1.56249996052793e-07,4.440892098500626e-16,0.0,True
K1Cs1Zn1Sn1Te4_kesterite,2.6406250075439175e-08,2.112500006035134e-07,0.0,0.0,True
K1Cs1Zn1Sn1Te4_stannite,5.68750002649665e-08,4.55000002119732e-07,3.333333342681044e-08,0.0,True
K1Cs1Zn1Zr1S4_stannite,4.343749937518737e-08,3.4749999855421265e-07,2.220446049250313e-16,0.0,True
K1Cs1Zn1Zr1Te4_stannite,2.8593749590299922e-08,2.2874999672239937e-07,0.0,0.0,True
K1Cu0.5Ag0.5Ba1Sn1Te4_stannite,3.687500038651592e-08,2.9500000664484105e-07,0.0,,False
K1Cu0.5Ag0.5Ca1Ge1Te4_stannite,6.343750014181637e-08,5.074999975818173e-07,3.333333431498886e-08,0.0,True
K1Cu0.5Ag0.5Ca1Sn1Te4_stannite,1.0624999102759602e-08,8.49999963747905e-08,3.333333253863202e-08,0.0,True
K1Cu0.5Ag0.5Ca1Zr1S4_stannite,6.656250128855845e-08,5.324999960976129e-07,3.333333298272123e-08,0.0,True
K1Cu0.5Ag0.5Ca1Zr1Se4_kesterite,4.42187499949398e-08,3.537499964068047e-07,3.333333342681044e-08,0.0,True
K1Cu0.5Ag0.5Ca1Zr1Se4_stannite,3.68749994983375e-08,2.949999995394137e-07,3.333333342681044e-08,0.0,True
K1Cu0.5Ag0.5Cd1Ge1Te4_stannite,6.531249940877615e-08,5.224999988229229e-07,3.333333431498886e-08,0.0,True
K1Cu0.5Ag0.5Cd1Zr1Se4_kesterite,1.7500000115688863e-08,1.4000000447822458e-07,3.333333342681044e-08,,False
K1Cu0.5Ag0.5Cd1Zr1Te4_kesterite,6.874999991524078e-08,5.499999957692125e-07,3.333333342681044e-08,0.0,True
K1Cu0.5Ag0.5Cd1Zr1Te4_stannite,5.7499999872590024e-08,4.6000000253343387e-07,3.333333253863202e-08,0.0,True
K1Cu0.5Ag0.5Mg1Ge1S4_stannite,8.281250796216e-09,6.625000281701432e-08,4.440892098500626e-16,0.0,True
K1Cu0.5Ag0.5Mg1Ge1Se4_stannite,2.8124999662537675e-08,2.2500000085301508e-07,3.333333298272123e-08,0.0,True
K1Cu0.5Ag0.5Mg1Sn1S4_stannite,1.2343750466214942e-08,9.875000728243322e-08,0.0,0.0,True
K1Cu0.5Ag0.5Mg1Sn1Se4_stannite,7.718750039131805e-08,6.175000066832581e-07,8.881784197001252e-16,0.0,True
K1Cu0.5Ag0.5Mg1Sn1Te4_kesterite,4.4375000118890284e-08,3.5500000450383595e-07,3.333333342681044e-08,0.0,True
K1Cu0.5Ag0.5Mg1Sn1Te4_stannite,1.515625003278842e-08,1.212499967095937e-07,8.881784197001252e-16,0.0,True
K1Cu0.5Ag0.5Mg1Zr1S4_kesterite,6.781249917153787e-08,5.424999969250166e-07,0.0,,False
K1Cu0.5Ag0.5Mg1Zr1S4_stannite,7.734374962709012e-08,6.187500005694346e-07,3.333333342681044e-08,0.0,True
K1Cu0.5Ag0.5Mg1Zr1Se4_kesterite,7.812500424364544e-09,6.249999984220267e-08,4.440892098500626e-16,0.0,True
K1Cu0.5Ag0.5Mg1Zr1Se4_stannite,3.8125000489941385e-08,3.050000003668174e-07,3.333333342681044e-08,0.0,True
K1Cu0.5Ag0.5Mg1Zr1Te4_kesterite,6.828124954338932e-08,5.462499998998283e-07,0.0,0.0,True
K1Cu0.5Ag0.5Sr1Ge1Te4_stannite,1.7500001003867283e-08,1.4000000447822458e-07,3.333333431498886e-08,0.0,True
K1Cu0.5Ag0.5Zn1Ge1S4_stannite,7.015625014261673e-08,5.612499904827928e-07,8.881784197001252e-16,,False
K1Cu0.5Ag0.5Zn1Ge1Te4_kesterite,7.718749994722884e-08,6.174999995778307e-07,8.881784197001252e-16,0.0,True
K1Cu0.5Ag0.5Zn1Ge1Te4_stannite,6.24999607623522e-10,4.999996860988176e-09,1.7763568394002505e-15,0.4337,False
K1Cu0.5Ag0.5Zn1Sn1Te4_kesterite,4.5000000170603016e-08,3.6000000136482413e-07,3.333333342681044e-08,0.0,True
K1Cu0.5Ag0.5Zn1Zr1Se4_kesterite,6.015625020339144e-08,4.812500051798452e-07,3.333333431498886e-08,0.0,True
K1Cu0.5Ag0.5Zn1Zr1Se4_stannite,1.656250026016437e-08,1.3249999852860128e-07,3.333333342681044e-08,0.0,True
K1Cu1Ba1Ge1Se4_stannite,3.3281250200190016e-08,2.662500051542338e-07,0.0,0.0,True
K1Cu1Ba1Ge1Te4_stannite,4.9843750904443596e-08,3.987500036828351e-07,3.333333342681044e-08,,False
K1Cu1Ba1Sn1Te4_stannite,4.8437502897513696e-09,3.8750002318010957e-08,3.333333342681044e-08,0.0,True
K1Cu1Ca0.5Sr0.5Sn0.5Ge0.5Te4_stannite,3.484374966333803e-08,2.787500008594179e-07,3.333333342681044e-08,0.0,True
K1Cu1Ca1Zr1S4_kesterite,1.1874999650274276e-08,9.500000430762157e-08,0.0,,False
K1Cu1Cd1Ge1Se4_stannite,7.74999993069514e-08,6.200000015610385e-07,3.333333342681044e-08,0.0,True
K1Cu1Cd1Ge1Te4_stannite,7.093750031827994e-08,5.675000025462396e-07,3.333333431498886e-08,0.02639999999999887,False
K1Cu1Cd1Sn1S4_kesterite,4.999999880794803e-08,3.999999975690116e-07,3.333333342681044e-08,,False
K1Cu1Cd1Sn1Se4_stannite,2.3593750952954906e-08,1.887500005182119e-07,3.333333253863202e-08,0.0,True
K1Cu1Cd1Sn1Te4_kesterite,7.796875012289206e-08,6.237500009831365e-07,3.333333342681044e-08,0.0002999999999993008,True
K1Cu1Mg1Ge1S4_stannite,2.7031250571241117e-08,2.1625000101721525e-07,3.333333298272123e-08,0.0,True
K1Cu1Mg1Ge1Se4_stannite,1.8125001055580015e-08,1.4500000133921276e-07,0.0,0.0,True
K1Cu1Mg1Ge1Te4_kesterite,5.562499971745183e-08,4.4499999773961463e-07,3.333333253863202e-08,0.0,True
K1Cu1Mg1Sn1S4_stannite,6.843749966733981e-08,5.474999937860048e-07,8.881784197001252e-16,,False
K1Cu1Mg1Sn1Se4_kesterite,4.2656248311345735e-08,3.4124999359619324e-07,3.333333342681044e-08,0.0,True
K1Cu1Mg1Sn1Se4_stannite,3.9218749137148734e-08,3.1375000020261723e-07,3.333333342681044e-08,0.0,True
K1Cu1Mg1Sn1Te4_kesterite,1.4531249981075689e-08,1.1624999984860551e-07,0.0,0.0,True
K1Cu1Mg1Sn1Te4_stannite,1.0624999546848812e-08,8.49999963747905e-08,0.0,0.00019999999999953388,True
K1Cu1Mg1Zr1S4_kesterite,1.0156250507264986e-08,8.12500005054062e-08,3.333333342681044e-08,0.0,True
K1Cu1Mg1Zr1S4_stannite,5.374999956231363e-08,4.3000000005122274e-07,0.0,0.0,True
K1Cu1Mg1Zr1Se4_kesterite,7.531249979209065e-08,6.024999947840115e-07,8.881784197001252e-16,0.0,True
K1Cu1Mg1Zr1Se4_stannite,6.140624941863848e-08,4.912499989018215e-07,3.333333342681044e-08,0.0,True
K1Cu1Mg1Zr1Te4_kesterite,1.6718751272293275e-08,1.3375000662563252e-07,8.881784197001252e-16,0.0,True
K1Cu1Zn1Ge1S4_stannite,1.3749998917234052e-08,1.099999948905861e-07,0.0,0.0,True
K1Cu1Zn1Ge1Se4_stannite,4.062499980861389e-08,3.250000020216248e-07,3.333333342681044e-08,0.0,True
K1Cu1Zn1Ge1Te4_stannite,5.9531249707589495e-08,4.7625000121342964e-07,3.333333431498886e-08,0.34670000000000023,False
K1Cu1Zn1Sn1S4_kesterite,2.3281250705053935e-08,1.8625000564043148e-07,3.333333342681044e-08,,False
K1Cu1Zn1Sn1S4_stannite,2.9843749249636176e-08,2.387499975498031e-07,0.0,0.0,True
K1Cu1Zn1Sn1Se4_kesterite,7.57812497198529e-08,6.062499977588232e-07,3.333333253863202e-08,0.0,True
K1Cu1Zn1Sn1Se4_stannite,5.2343749779026894e-08,4.1874999823221515e-07,3.333333342681044e-08,0.0,True
K1Cu1Zn1Sn1Te4_stannite,9.375000331601768e-09,7.500000265281415e-08,0.0,0.05710000000000193,False
K1Cu1Zn1Zr1S4_stannite,4.9531249768364205e-08,3.962500016996273e-07,0.0,0.0,True
K1Ga0.5In0.5S1Se1_stannite,7.609374996775387e-08,3.0437499987101546e-07,8.881784197001252e-16,0.0,True
K1Ga0.5In0.5S2_kesterite,1.8906249898975602e-08,7.562499959590241e-08,4.440892098500626e-16,0.0,True
K1Ga0.5In0.5S2_stannite,1.4374999857125204e-08,5.7499999428500814e-08,0.0,0.0,True
K1Ga0.5In0.5Se2_kesterite,2.624999950739948e-08,1.0499999802959792e-07,0.0,0.0,True
K1Ga0.5In0.5Se2_stannite,7.421875025670488e-08,2.968750010268195e-07,3.333333342681044e-08,0.0,True
K1Ga0.5In0.5Te2_stannite,4.5781249902177024e-08,1.831249996087081e-07,3.333333342681044e-08,0.0,True
K1Ga1S1Se1_kesterite,4.6874992776224644e-09,1.8749997110489858e-08,3.333333387089965e-08,0.0,True
K1Ga1S1Se1_stannite,5.9218749903777734e-08,2.3687499961511094e-07,0.0,0.0,True
K1Ga1S1Te1_kesterite,2.7031250127151907e-08,1.0812500050860763e-07,8.881784197001252e-16,0.0,True
K1Ga1S1Te1_stannite,3.281250027242777e-08,1.3125000108971108e-07,3.333333342681044e-08,0.9172000000000002,False
K1Ga1S2_stannite,1.8125000167401595e-08,7.250000066960638e-08,0.0,0.0,True
K1Ga1Se1Te1_kesterite,1.2812500393977189e-08,5.1250001575908755e-08,4.440892098500626e-16,0.0,True
K1Ga1Se1Te1_stannite,7.343749963695245e-08,2.937499985478098e-07,3.333333253863202e-08,0.0,True
K1Ga1Se2_stannite,6.875000124750841e-09,2.7500000499003363e-08,0.0,0.0,True
K1Ga1Te2_stannite,6.250000517127319e-10,2.5000002068509275e-09,0.0,0.0,True
K1In1S1Se1_kesterite,7.765624943090188e-08,3.106249977236075e-07,3.3333333204765836e-08,0.0,True
K1In1S1Se1_stannite,6.21874995943017e-08,2.487499983772068e-07,3.333333342681044e-08,0.0,True
K1In1S1Te1_kesterite,2.6718749879250936e-08,1.0687499951700374e-07,3.333333342681044e-08,,False
K1In1S1Te1_stannite,2.6718749879250936e-08,1.0687499951700374e-07,3.333333342681044e-08,0.0,True
K1In1S2_kesterite,1.625000045635261e-08,6.500000182541044e-08,3.333333298272123e-08,0.0,True
K1In1S2_stannite,1.8749999775025117e-08,7.499999910010047e-08,4.440892098500626e-16,0.0,True
K1In1Se1Te1_kesterite,3.062500031347781e-08,1.2250000125391125e-07,3.333333342681044e-08,0.0,True
K1In1Se2_kesterite,2.5624999899775958e-08,1.0249999959910383e-07,0.0,0.0,True
K1In1Se2_stannite,3.7499994220979715e-09,1.4999997688391886e-08,3.333333342681044e-08,0.0,True
K1In1Te2_stannite,9.374999887512558e-09,3.7499999550050234e-08,3.333333342681044e-08,0.0,True
K1Rb0.5Ag0.5Ba1Ge1S4_kesterite,4.765625005731522e-08,3.812499969058081e-07,3.333333298272123e-08,0.0,True
K1Rb0.5Ag0.5Ba1Ge1S4_stannite,4.687500032574121e-08,3.74999999053216e-07,4.440892098500626e-16,0.0,True
K1Rb0.5Ag0.5Ba1Zr1S4_stannite,5.7500000316679234e-08,4.599999954280065e-07,3.333333342681044e-08,0.0,True
K1Rb0.5Ag0.5Ba1Zr1Se4_kesterite,2.0156249558311856e-08,1.6125000001920853e-07,3.333333342681044e-08,0.0,True
K1Rb0.5Ag0.5Ba1Zr1Se4_stannite,7.078125063841867e-08,5.662500015546357e-07,3.333333342681044e-08,0.0,True
K1Rb0.5Ag0.5Ca0.5Zn0.5Ge1S2Te2_kesterite,6.437499999734086e-08,5.149999893205859e-07,3.333333342681044e-08,0.0,True
K1Rb0.5Ag0.5Ca0.5Zn0.5Ge1S2Te2_stannite,6.578125066880602e-08,5.262499911395935e-07,8.881784197001252e-16,0.021099999999998786,False
K1Rb0.5Ag0.5Ca1Ge1Se4_stannite,5.7812499676401785e-08,4.624999974112143e-07,3.333333298272123e-08,0.0,True
K1Rb0.5Ag0.5Ca1Zr1Se4_kesterite,4.2656250531791784e-08,3.412500007016206e-07,4.440892098500626e-16,0.0,True
K1Rb0.5Ag0.5Ca1Zr1Se4_stannite,5.156249205384711e-09,4.1249997195791366e-08,3.333333342681044e-08,0.0,True
K1Rb0.5Ag0.5Cd1Ge1Se4_stannite,7.50000004323681e-08,5.999999999062311e-07,3.333333342681044e-08,,False
K1Rb0.5Ag0.5Cd1Sn1Se4_stannite,5.15625098174155e-09,4.1250004301218723e-08,3.333333342681044e-08,0.0,True
K1Rb0.5Ag0.5Cd1Zr1S4_stannite,1.0312499743037051e-08,8.250000149701009e-08,0.0,0.0,True
K1Rb0.5Ag0.5Cd1Zr1Se4_stannite,8.906250403839522e-09,7.12499996780025e-08,3.333333342681044e-08,0.0,True
K1Rb0.5Ag0.5Cd1Zr1Te4_stannite,6.484375036919232e-08,5.187500065062522e-07,3.333333253863202e-08,0.0,True
K1Rb0.5Ag0.5Mg0.5Ca0.5Ge1S1Se2Te1_kesterite,8.437499143809646e-09,6.749999670319085e-08,8.881784197001252e-16,0.0,True
K1Rb0.5Ag0.5Mg0.5Ca0.5Ge1S1Se2Te1_stannite,5.718749962468905e-08,4.575000005502261e-07,0.0,0.0,True
K1Rb0.5Ag0.5Mg0.5Sr0.5Sn1Se1Te3_kesterite,2.7187499140879368e-08,2.1749999490339178e-07,3.333333431498886e-08,0.0,True
K1Rb0.5Ag0.5Mg1Ge1S4_stannite,1.656249937198595e-08,1.3249999852860128e-07,3.333333342681044e-08,0.0,True
K1Rb0.5Ag0.5Mg1Ge1Se4_stannite,2.765624884659701e-08,2.2124999787820343e-07,3.333333253863202e-08,0.0,True
K1Rb0.5Ag0.5Mg1Ge1Te4_kesterite,5.656250046115474e-08,4.5250000368923793e-07,3.333333342681044e-08,0.0,True
K1Rb0.5Ag0.5Mg1Ge1Te4_stannite,7.750000019512981e-08,6.200000015610385e-07,3.333333253863202e-08,,False
K1Rb0.5Ag0.5Mg1Sn1S4_kesterite,6.328124912968747e-08,5.062499965902134e-07,0.0,0.0,True
K1Rb0.5Ag0.5Mg1Sn1S4_stannite,4.046874968466341e-08,3.2375000103002094e-07,3.333333342681044e-08,0.0,True
K1Rb0.5Ag0.5Mg1Sn1Se4_kesterite,4.890624927256226e-08,3.912499977332118e-07,3.333333298272123e-08,0.0,True
K1Rb0.5Ag0.5Mg1Sn1Se4_stannite,4.765625005731522e-08,3.8125000401123543e-07,3.333333342681044e-08,0.0,True
K1Rb0.5Ag0.5Mg1Sn1Te4_kesterite,1.8749999775025117e-08,1.4999999820020093e-07,3.333333298272123e-08,0.0,True
K1Rb0.5Ag0.5Mg1Sn1Te4_stannite,6.4062497528993845e-09,5.1249998023195076e-08,0.0,0.0007999999999981355,True
K1Rb0.5Ag0.5Mg1Zr1S4_kesterite,4.031250000480213e-08,3.2250000003841706e-07,3.333333342681044e-08,0.0,True
K1Rb0.5Ag0.5Mg1Zr1S4_stannite,3.5156249911239e-08,2.812500028426257e-07,3.333333431498886e-08,0.0,True
K1Rb0.5Ag0.5Mg1Zr1Se4_stannite,5.390625057444254e-08,4.312500010428266e-07,8.881784197001252e-16,0.0,True
K1Rb0.5Ag0.5Mg1Zr1Te4_stannite,2.968750090204253e-08,2.3750000366362656e-07,0.0,0.0,True
K1Rb0.5Ag0.5Sr0.5Cd0.5Sn0.5Ge0.5S2Se1Te1_kesterite,4.8124999540988256e-08,3.849999998806197e-07,3.333333253863202e-08,0.0,True
K1Rb0.5Ag0.5Sr0.5Cd0.5Sn0.5Ge0.5S2Se1Te1_stannite,1.7187500755966312e-08,1.3750000249501682e-07,0.0,0.0,True
K1Rb0.5Ag0.5Sr0.5Zn0.5Ge1S1Se3_stannite,1.2812499949887979e-08,1.0249999604639015e-07,3.333333342681044e-08,0.0,True
K1Rb0.5Ag0.5Sr1Ge1Te4_kesterite,1.8750000219114327e-08,1.500000053056283e-07,8.881784197001252e-16,0.0,True
K1Rb0.5Ag0.5Sr1Sn0.5Ge0.5S1Se1Te2_kesterite,3.749999932800563e-08,3.0000000350582923e-07,0.0,0.0,True
K1Rb0.5Ag0.5Sr1Sn0.5Ge0.5S1Se1Te2_stannite,4.546874987632066e-08,3.6374999012878106e-07,3.333333387089965e-08,0.0,True
K1Rb0.5Ag0.5Sr1Sn1S4_stannite,1.0624999102759602e-08,8.49999963747905e-08,3.333333342681044e-08,0.0,True
K1Rb0.5Ag0.5Sr1Zr1Se4_stannite,7.265625034946765e-08,5.812499992430276e-07,0.0,0.0,True
K1Rb0.5Ag0.5Zn1Ge1S4_kesterite,3.546875104731839e-08,2.8375000482583346e-07,3.333333387089965e-08,0.0,True
K1Rb0.5Ag0.5Zn1Ge1S4_stannite,3.453124941543706e-08,2.7624999887621016e-07,0.0,,False
K1Rb0.5Ag0.5Zn1Ge1Te4_stannite,5.453125018206606e-08,4.362499979038148e-07,0.0,0.47439999999999927,False
K1Rb0.5Ag0.5Zn1Sn1S4_kesterite,1.0312500631215471e-08,8.250000149701009e-08,3.333333298272123e-08,0.0,True
K1Rb0.5Ag0.5Zn1Zr1S4_stannite,2.1249999537786834e-08,1.6999999985500835e-07,4.440892098500626e-16,0.0,True
K1Rb0.5Ag0.5Zn1Zr1Se4_stannite,4.718749968546376e-08,3.774999939309964e-07,3.333333253863202e-08,0.0,True
K1Rb0.5Cs0.5Ba1Ge1S4_stannite,6.718750045209276e-08,5.375000000640284e-07,8.881784197001252e-16,0.0,True
K1Rb0.5Cs0.5Ba1Sn1S2Se2_kesterite,6.265624952206394e-08,5.012499997292252e-07,3.333333298272123e-08,0.0,True
K1Rb0.5Cs0.5Ba1Sn1S2Se2_stannite,2.343750038491521e-08,1.87499999526608e-07,3.333333342681044e-08,0.0,True
K1Rb0.5Cs0.5Ba1Sn1Se4_stannite,4.6406249065711336e-08,3.7124999607840437e-07,3.333333342681044e-08,0.0,True
K1Rb0.5Cs0.5Ba1Zr1S4_kesterite,6.593749901639967e-08,5.274999992366247e-07,3.333333342681044e-08,0.0,True
K1Rb0.5Cs0.5Ba1Zr1S4_stannite,5.546875048167976e-08,4.437500038534381e-07,2.220446049250313e-16,0.0,True
K1Rb0.5Cs0.5Ba1Zr1Se4_kesterite,2.2343749517261813e-08,1.7874999969080818e-07,2.220446049250313e-16,,False
K1Rb0.5Cs0.5Ba1Zr1Se4_stannite,4.078124904438596e-08,3.2624999590780135e-07,3.3333333204765836e-08,0.0,True
K1Rb0.5Cs0.5Ba1Zr1Te4_stannite,1.4062500053313443e-08,1.1249999687379386e-07,3.333333342681044e-08,0.0,True
K1Rb0.5Cs0.5Ca1Ge1S4_stannite,5.562499927336262e-08,4.4499999773961463e-07,3.333333342681044e-08,0.0,True
K1Rb0.5Cs0.5Ca1Sn1S4_stannite,3.718750063441689e-08,2.9750000152262146e-07,0.0,0.0,True
K1Rb0.5Cs0.5Ca1Sn1Se4_stannite,7.703124982327836e-08,6.162499985862269e-07,3.333333342681044e-08,0.0,True
K1Rb0.5Cs0.5Ca1Zr1S4_stannite,4.04687492405742e-08,3.237499939245936e-07,3.333333342681044e-08,,False
K1Rb0.5Cs0.5Ca1Zr1Se4_stannite,7.437500082474457e-08,5.950000030452429e-07,0.0,0.0,True
K1Rb0.5Cs0.5Ca1Zr1Te4_stannite,2.9843751025993015e-08,2.3875000465523044e-07,0.0,0.0,True
K1Rb0.5Cs0.5Cd1Ge1S4_kesterite,4.3749990297214936e-09,3.4999999343199306e-08,0.0,0.0,True
K1Rb0.5Cs0.5Cd1Ge1S4_stannite,7.656250033960532e-08,6.124999956114152e-07,8.881784197001252e-16,0.0,True
K1Rb0.5Cs0.5Cd1Ge1Se4_stannite,4.484375004665253e-08,3.5875000037322025e-07,4.440892098500626e-16,0.0,True
K1Rb0.5Cs0.5Cd1Ge1Te4_stannite,1.140624972251203e-08,9.124999778009624e-08,3.333333298272123e-08,0.0,True
K1Rb0.5Cs0.5Cd1Sn1S4_kesterite,6.953125097908242e-08,5.56250000727232e-07,3.333333298272123e-08,0.0,True
K1Rb0.5Cs0.5Cd1Sn1S4_stannite,1.093750867653398e-09,8.749999835799827e-09,3.333333431498886e-08,,False
K1Rb0.5Cs0.5Cd1Sn1Se4_stannite,7.32812508452696e-08,5.862500032094431e-07,0.0,,False
K1Rb0.5Cs0.5Cd1Zr1S4_stannite,5.7500000760768444e-08,4.6000000253343387e-07,3.333333298272123e-08,0.0,True
K1Rb0.5Cs0.5Cd1Zr1Se4_kesterite,7.187500061789365e-08,5.750000013904355e-07,3.333333298272123e-08,0.0,True
K1Rb0.5Cs0.5Cd1Zr1Se4_stannite,3.390625069599196e-08,2.71250002015222e-07,4.440892098500626e-16,0.0,True
K1Rb0.5Cs0.5Cd1Zr1Te4_stannite,1.9531250394777544e-08,1.56249996052793e-07,3.333333342681044e-08,0.0,True
K1Rb0.5Cs0.5Mg0.5Ba0.5Sn0.5Ge0.5S2Se2_kesterite,5.203124953112592e-08,4.1624998914358e-07,0.0,0.0,True
K1Rb0.5Cs0.5Mg0.5Ba0.5Sn0.5Ge0.5S2Se2_stannite,6.9531250090904e-08,5.562500078326593e-07,0.0,,False
K1Rb0.5Cs0.5Mg1Ge1Se4_stannite,6.546875042090505e-08,5.237499962618131e-07,3.333333342681044e-08,0.0,True
K1Rb0.5Cs0.5Mg1Sn1S4_kesterite,5.453125062615527e-08,4.362499979038148e-07,3.333333342681044e-08,0.0,True
K1Rb0.5Cs0.5Mg1Sn1S4_stannite,4.890625060482989e-08,3.912499977332118e-07,4.440892098500626e-16,0.0,True
K1Rb0.5Cs0.5Mg1Sn1Se4_kesterite,4.281250109983148e-08,3.425000016932245e-07,0.0,0.0,True
K1Rb0.5Cs0.5Mg1Sn1Se4_stannite,4.9843750016265176e-08,3.987500036828351e-07,0.0,0.0,True
K1Rb0.5Cs0.5Mg1Zr1S4_kesterite,5.7812501452758625e-09,4.62500011622069e-08,4.440892098500626e-16,0.0,True
K1Rb0.5Cs0.5Mg1Zr1S4_stannite,3.421875138798214e-08,2.7375000399842975e-07,3.333333298272123e-08,0.0,True
K1Rb0.5Cs0.5Mg1Zr1Se4_kesterite,1.7812500363589834e-08,1.4250000646143235e-07,4.440892098500626e-16,0.0,True
K1Rb0.5Cs0.5Mg1Zr1Se4_stannite,4.312500001546482e-08,3.4500000367643224e-07,3.333333298272123e-08,0.0,True
K1Rb0.5Cs0.5Mg1Zr1Te4_stannite,5.015624982007694e-08,4.0125000566604285e-07,0.0,0.0,True
K1Rb0.5Cs0.5Sr0.5Ba0.5Ge1S3Te1_kesterite,4.874999826043336e-08,3.899999967416079e-07,0.0,0.0,True
K1Rb0.5Cs0.5Sr0.5Ba0.5Ge1S3Te1_stannite,4.281249887938543e-08,3.425000016932245e-07,3.333333298272123e-08,0.0,True
K1Rb0.5Cs0.5Sr1Sn1S4_stannite,3.31249987439719e-08,2.6499999705720256e-07,3.3333333204765836e-08,0.0,True
K1Rb0.5Cs0.5Sr1Sn1Se4_stannite,1.7656250683728558e-08,1.412499983644011e-07,3.333333298272123e-08,0.0,True
K1Rb0.5Cs0.5Sr1Zr1S4_stannite,4.625000027402848e-08,3.7000000219222784e-07,3.3333333204765836e-08,0.0,True
K1Rb0.5Cs0.5Sr1Zr1Se4_stannite,8.749999391710617e-09,6.999999868639861e-08,3.333333342681044e-08,0.0,True
K1Rb0.5Cs0.5Sr1Zr1Te4_stannite,2.8750000602428827e-08,2.2999999771400326e-07,0.0,0.0,True
K1Rb0.5Cs0.5Zn1Ge1Se4_stannite,7.531250068026907e-08,6.025000018894389e-07,3.333333253863202e-08,0.0,True
K1Rb0.5Cs0.5Zn1Ge1Te4_kesterite,5.984374906731205e-08,4.7874999609121e-07,3.333333342681044e-08,0.0,True
K1Rb0.5Cs0.5Zn1Sn1S4_kesterite,3.375000012795226e-08,2.700000010236181e-07,3.333333298272123e-08,0.0,True
K1Rb0.5Cs0.5Zn1Sn1S4_stannite,4.1562500108227596e-08,3.3250000086582077e-07,3.333333342681044e-08,0.0,True
K1Rb0.5Cs0.5Zn1Sn1Se4_kesterite,3.4375000623754204e-09,2.7500000499003363e-08,4.440892098500626e-16,0.0,True
K1Rb0.5Cs0.5Zn1Zr1S4_kesterite,4.171874934399966e-08,3.3375000185742465e-07,3.333333253863202e-08,0.0,True
K1Rb0.5Cs0.5Zn1Zr1S4_stannite,4.109374929228693e-08,3.287499978910091e-07,8.881784197001252e-16,0.0,True
K1Rb0.5Cs0.5Zn1Zr1Se4_stannite,3.9062508783160865e-09,3.1250003473815013e-08,3.333333253863202e-08,0.0,True
K1Rb0.5Cs0.5Zn1Zr1Te4_kesterite,5.203124953112592e-08,4.162499962490074e-07,0.0,0.0,True
K1Rb0.5Cs0.5Zn1Zr1Te4_stannite,5.890625009996597e-08,4.712499972470141e-07,8.881784197001252e-16,0.0,True
K1Rb0.5Cu0.5Ca1Sn1Te4_kesterite,4.7812500181265705e-08,3.825000050028393e-07,3.333333342681044e-08,0.0,True
K1Rb0.5Cu0.5Ca1Zr1Se4_kesterite,2.8125008988411082e-09,2.2500003638015187e-08,3.333333342681044e-08,0.0,True
K1Rb0.5Cu0.5Ca1Zr1Te4_stannite,2.937499887778472e-08,2.3499999457499143e-07,0.0,0.0,True
K1Rb0.5Cu0.5Cd1Sn1Te4_stannite,2.8593749590299922e-08,2.2874999672239937e-07,3.333333431498886e-08,0.0,True
K1Rb0.5Cu0.5Cd1Zr1Se4_stannite,3.999999931281195e-08,3.199999980552093e-07,3.333333431498886e-08,0.0,True
K1Rb0.5Cu0.5Cd1Zr1Te4_stannite,9.062498751433168e-09,7.249999356417902e-08,8.881784197001252e-16,0.0,True
K1Rb0.5Cu0.5Mg1Ge1S4_stannite,1.62500000122634e-08,1.2999999654539351e-07,3.333333387089965e-08,0.0,True
K1Rb0.5Cu0.5Mg1Ge1Se4_stannite,3.0156249497537146e-08,2.4124999953301085e-07,3.333333342681044e-08,0.0,True
K1Rb0.5Cu0.5Mg1Sn1Te4_stannite,2.937500021005235e-08,2.350000016804188e-07,3.333333342681044e-08,0.6705000000000001,False
K1Rb0.5Cu0.5Mg1Zr1Te4_stannite,2.140624966173732e-08,1.7125000084661224e-07,3.333333342681044e-08,0.0,True
K1Rb0.5Cu0.5Sr1Ge1Se4_kesterite,1.7187500311877102e-09,1.3749996696788003e-08,0.0,0.0,True
K1Rb0.5Cu0.5Sr1Zr1S4_kesterite,5.281250015087835e-08,4.225000012070268e-07,0.0,0.0,True
K1Rb0.5Cu0.5Sr1Zr1Se4_kesterite,3.531250003518949e-08,2.824999967288022e-07,3.333333298272123e-08,0.0,True
K1Rb0.5Cu0.5Zn1Ge1Te4_stannite,6.343749969772716e-08,5.074999975818173e-07,3.333333253863202e-08,,False
K1Rb0.5Cu0.5Zn1Zr1Se4_stannite,1.3281249433561015e-08,1.062499990212018e-07,3.333333342681044e-08,,False
K1Rb1Ba1Ge1S4_kesterite,3.1249999032922915e-08,2.499999993688107e-07,4.440892098500626e-16,0.0,True
K1Rb1Ba1Ge1S4_stannite,4.203124870372221e-08,3.3624999673520506e-07,0.0,,False
K1Rb1Ba1Ge1Te4_stannite,7.031250248701326e-09,5.625000198961061e-08,3.333333253863202e-08,0.0,True
K1Rb1Ba1Sn1S4_stannite,3.4999998899110096e-08,2.7999999474559445e-07,0.0,0.0,True
K1Rb1Ba1Sn1Se4_stannite,7.562499959590241e-08,6.049999967672193e-07,3.3333333204765836e-08,0.0,True
K1Rb1Ba1Zr1S4_kesterite,2.499999318672508e-09,2.000000165480742e-08,0.0,0.0,True
K1Rb1Ba1Zr1S4_stannite,3.749998533919552e-09,2.999999537678377e-08,3.333333342681044e-08,0.0,True
K1Rb1Ba1Zr1Se4_kesterite,5.015625026416615e-08,4.012499985606155e-07,3.333333331578814e-08,0.0,True
K1Rb1Ba1Zr1Se4_stannite,2.687499955911221e-08,2.1500000002561137e-07,3.3333333204765836e-08,0.0,True
K1Rb1Ba1Zr1Te4_stannite,6.468750024524184e-08,5.17499998409221e-07,3.333333342681044e-08,0.0,True
K1Rb1Ca0.5Cd0.5Sn0.5Ge0.5Se1Te3_stannite,2.2187499615355932e-08,1.7749999159377694e-07,8.881784197001252e-16,0.0,True
K1Rb1Ca1Ge1S4_stannite,1.0625000879116442e-08,8.500000348021786e-08,3.333333342681044e-08,0.0,True
K1Rb1Ca1Ge1Se4_stannite,9.68750013541353e-09,7.749999753059456e-08,3.333333342681044e-08,0.0,True
K1Rb1Ca1Ge1Te4_stannite,7.187499040384182e-09,5.7499995875787135e-08,0.0,0.0,True
K1Rb1Ca1Sn0.5Ge0.5S1Se2Te1_stannite,4.312499957137561e-08,3.449999965710049e-07,3.333333298272123e-08,0.0,True
K1Rb1Ca1Sn1Se4_stannite,6.531250029695457e-08,5.225000023756365e-07,3.333333342681044e-08,0.0,True
K1Rb1Ca1Zr1S4_stannite,1.0937500682928203e-08,8.749999835799827e-08,3.3333333204765836e-08,,False
K1Rb1Ca1Zr1Se4_stannite,2.4218751004667638e-08,1.9375000448462742e-07,3.333333342681044e-08,0.0,True
K1Rb1Ca1Zr1Te4_stannite,4.2656249643613364e-08,3.412500007016206e-07,3.333333342681044e-08,0.0,True
K1Rb1Cd1Ge1S4_stannite,6.296875154632176e-08,5.03750001712433e-07,3.333333342681044e-08,0.0,True
K1Rb1Cd1Ge1Se4_stannite,7.062500007037897e-08,5.650000005630318e-07,3.333333298272123e-08,0.0,True
K1Rb1Cd1Sn1S4_stannite,5.781251033454282e-09,4.62500011622069e-08,3.333333298272123e-08,,False
K1Rb1Cd1Sn1Se4_kesterite,5.6406250337204256e-08,4.5125000269763405e-07,3.333333342681044e-08,0.0,True
K1Rb1Cd1Sn1Se4_stannite,1.2187499898175247e-08,9.750000273811565e-08,0.0,0.0,True
K1Rb1Cd1Sn1Te4_stannite,6.000000007944095e-08,4.799999970828139e-07,3.333333342681044e-08,0.0,True
K1Rb1Cd1Zr1S4_stannite,4.249999863148446e-08,3.399999997100167e-07,4.440892098500626e-16,0.0,True
K1Rb1Cd1Zr1Se4_stannite,4.0156251213119276e-08,3.2124999904681317e-07,3.333333253863202e-08,0.0,True
K1Rb1Cd1Zr1Te4_stannite,7.421875025670488e-08,5.93750002053639e-07,0.0,0.0,True
K1Rb1Mg1Ge1S4_stannite,4.906249850833433e-08,3.9249999872481567e-07,3.333333342681044e-08,0.0,True
K1Rb1Mg1Ge1Se4_stannite,3.593750186325906e-09,2.874999438517989e-08,3.333333342681044e-08,0.0,True
K1Rb1Mg1Sn1S4_stannite,4.374999917899913e-08,3.500000005374204e-07,3.333333342681044e-08,0.0,True
K1Rb1Mg1Sn1Te4_stannite,3.6093750654941914e-08,2.8875000168682163e-07,3.333333342681044e-08,0.0,True
K1Rb1Mg1Zr1S4_kesterite,6.250002293484158e-09,5.000000413701855e-08,3.333333298272123e-08,0.0,True
K1Rb1Mg1Zr1S4_stannite,1.9843749754500095e-08,1.5875000514142812e-07,3.333333342681044e-08,0.0,True
K1Rb1Mg1Zr1Se4_stannite,2.8437498134081807e-08,2.274999957307955e-07,3.333333342681044e-08,0.0,True
K1Rb1Mg1Zr1Te4_stannite,3.390624936372433e-08,2.71250002015222e-07,0.0,0.0,True
K1Rb1Sr1Ge1S1Se1Te2_stannite,6.453125123151437e-08,5.162500045230445e-07,3.333333342681044e-08,0.0,True
K1Rb1Sr1Ge1S4_stannite,3.171874940477437e-08,2.5375000234362233e-07,3.333333342681044e-08,0.0,True
K1Rb1Sr1Ge1Te4_stannite,4.3749994738107034e-09,3.4999999343199306e-08,0.0,0.0,True
K1Rb1Sr1Sn1S4_stannite,2.5000000292152436e-08,1.9999999523179213e-07,3.333333298272123e-08,0.0,True
K1Rb1Sr1Sn1Se4_stannite,9.843749371185595e-09,7.874999852219844e-08,3.333333342681044e-08,0.0,True
K1Rb1Sr1Sn1Te4_stannite,3.546875015913997e-08,2.837499977204061e-07,3.333333342681044e-08,0.0,True
K1Rb1Sr1Zr1S4_stannite,1.0312498410769422e-08,8.250000149701009e-08,2.220446049250313e-16,0.0,True
K1Rb1Sr1Zr1Se4_stannite,1.1093751250967898e-08,8.874999934960215e-08,4.440892098500626e-16,0.0,True
K1Rb1Sr1Zr1Te4_stannite,2.375000107690539e-08,1.9000000150981577e-07,3.333333298272123e-08,0.0,True
K1Rb1Zn1Ge1S4_kesterite,1.6093749000134494e-08,1.2874999555378963e-07,3.333333342681044e-08,0.0,True
K1Rb1Zn1Ge1Se4_stannite,5.937500002772822e-08,4.7500000022182576e-07,4.440892098500626e-16,0.0,True
K1Rb1Zn1Sn1S4_kesterite,4.5781249458087814e-08,3.662499992174162e-07,3.333333342681044e-08,0.0,True
K1Rb1Zn1Sn1S4_stannite,7.593750028789259e-08,6.07499998750427e-07,3.333333342681044e-08,0.0,True
K1Rb1Zn1Sn1Se4_stannite,1.1093749918700269e-08,8.874999934960215e-08,0.0,0.0,True
K1Rb1Zn1Zr1S4_stannite,6.750000069999373e-08,5.400000020472362e-07,3.333333342681044e-08,0.0,True
K1Rb1Zn1Zr1Se4_kesterite,5.04687496238887e-08,4.0375000054382326e-07,3.333333342681044e-08,,False
K1Rb1Zn1Zr1Se4_stannite,3.968750084126782e-08,3.175000031774289e-07,3.333333342681044e-08,0.0,True
K1Rb1Zn1Zr1Te4_stannite,4.421874955085059e-08,3.537499964068047e-07,3.333333431498886e-08,0.0,True
K2Ba0.5Cd0.5Ge1S4_stannite,5.000000413701855e-09,4.000000330961484e-08,0.0,0.0,True
K2Ba0.5Cd0.5Ge1Se4_stannite,4.906249984060196e-08,3.9249999872481567e-07,3.333333342681044e-08,,False
K2Ba0.5Cd0.5Sn1Se4_stannite,1.7812499919500624e-08,1.42499999356005e-07,3.333333342681044e-08,0.0,True
K2Ba0.5Cd0.5Zr1S4_stannite,4.0156249880851647e-08,3.2124999904681317e-07,3.333333342681044e-08,0.0,True
K2Ba0.5Cd0.5Zr1Se4_stannite,3.140624960096261e-08,2.5125000036041456e-07,3.333333298272123e-08,0.0,True
K2Ba0.5Cd0.5Zr1Te4_stannite,6.23437506064306e-08,4.987500048514448e-07,0.0,0.0,True
K2Ba0.5Zn0.5Ge1Te4_stannite,7.249999978142796e-08,5.799999911459963e-07,3.333333342681044e-08,0.0,True
K2Ba0.5Zn0.5Sn1Te4_stannite,3.593749964281301e-08,2.874999935897904e-07,3.333333342681044e-08,0.0,True
K2Ba0.5Zn0.5Zr1S4_stannite,1.1874999650274276e-08,9.499999720219421e-08,4.440892098500626e-16,0.0,True
K2Ba0.5Zn0.5Zr1Se4_stannite,7.3437491643346675e-09,5.874999686739102e-08,3.333333298272123e-08,0.0,True
K2Ba0.5Zn0.5Zr1Te4_stannite,1.7343749991738378e-08,1.3874998927576598e-07,3.333333387089965e-08,0.0,True
K2Ba1Ge0.5Zr0.5S4_kesterite,1.656249981607516e-08,1.3249999852860128e-07,4.440892098500626e-16,0.0,True
K2Ba1Ge0.5Zr0.5S4_stannite,6.390625006957862e-08,5.11250000556629e-07,3.333333342681044e-08,0.0,True
K2Ba1Ge0.5Zr0.5Se4_kesterite,3.203124965267534e-08,2.5624999722140274e-07,3.333333298272123e-08,0.0,True
K2Ba1Ge0.5Zr0.5Se4_stannite,6.546875042090505e-08,5.237500033672404e-07,3.333333298272123e-08,0.0,True
K2Ba1Ge1S1Te3_stannite,1.2968749629749254e-08,1.0374999703799404e-07,3.333333298272123e-08,0.0,True
K2Ba1Ge1S2Se1Te1_stannite,4.687499277622464e-10,3.75000297481165e-09,3.333333342681044e-08,0.0,True
K2Ba1Ge1S2Te2_kesterite,3.484375010742724e-08,2.787500008594179e-07,3.333333342681044e-08,0.0,True
K2Ba1Ge1S2Te2_stannite,5.3281249634551386e-08,4.262499970764111e-07,0.0,0.0,True
K2Ba1Sn0.5Ge0.5S4_kesterite,2.2968750013063755e-08,1.8375000365722371e-07,4.440892098500626e-16,0.0,True
K2Ba1Sn0.5Ge0.5S4_stannite,5.546875092576897e-08,4.437500038534381e-07,3.333333342681044e-08,,False
K2Ba1Sn0.5Ge0.5Se4_kesterite,5.04687496238887e-08,4.037499934383959e-07,0.0,0.0,True
K2Ba1Sn0.5Ge0.5Se4_stannite,3.281250382514145e-09,2.6250006612826837e-08,3.333333298272123e-08,0.0,True
K2Ba1Sn0.5Zr0.5S4_kesterite,4.1562500108227596e-08,3.3250000086582077e-07,0.0,0.0,True
K2Ba1Sn0.5Zr0.5S4_stannite,2.109374985792556e-08,1.6874999886340447e-07,8.881784197001252e-16,0.0,True
K2Ba1Sn0.5Zr0.5Se4_stannite,6.328124957377668e-08,5.062499894847861e-07,3.3333333204765836e-08,0.0,True
K2Ba1Sn0.5Zr0.5Te4_stannite,6.937499996695351e-08,5.549999997356281e-07,4.440892098500626e-16,0.0,True
K2Ba1Sn1S1Se2Te1_stannite,6.48437494810139e-08,5.187499994008249e-07,3.333333298272123e-08,0.0,True
K2Ba1Sn1S2Se1Te1_stannite,7.187500061789365e-08,5.750000013904355e-07,3.333333342681044e-08,0.0,True
K2Ba1Sn1S2Se2_stannite,7.546874902786271e-08,6.037499957756154e-07,0.0,0.0,True
K2Ba1Sn1S3Te1_stannite,2.8437500354527856e-08,2.2750000283622285e-07,3.333333298272123e-08,0.0,True
K2Ba1Sn1Se2Te2_stannite,2.1875000033588776e-08,1.7499999671599653e-07,3.333333298272123e-08,0.0,True
K2Ba1Sn1Se3Te1_stannite,6.921874984300302e-08,5.537499987440242e-07,3.333333298272123e-08,0.0,True
K2Ba1Sn1Se4_stannite,1.2499999701987008e-08,9.999999406318238e-08,3.333333387089965e-08,0.0,True
K2Ba1Zr1S1Se1Te2_stannite,2.5781250245771048e-08,2.0625000018981154e-07,4.440892098500626e-16,0.0,True
K2Ba1Zr1S1Se2Te1_stannite,3.109375024124006e-08,2.487499983772068e-07,4.440892098500626e-16,0.0,True
K2Ba1Zr1S2Se1Te1_stannite,6.781250005971629e-08,5.42500004030444e-07,3.333333342681044e-08,0.0,True
K2Ba1Zr1S2Te2_stannite,7.421874981261567e-08,5.93750002053639e-07,3.333333342681044e-08,0.0,True
K2Ba1Zr1S3Te1_kesterite,7.015625058670594e-08,5.612499975882201e-07,0.0,0.0,True
K2Ba1Zr1S3Te1_stannite,7.09374985419231e-08,5.674999954408122e-07,3.333333342681044e-08,0.0,True
K2Ba1Zr1S4_kesterite,1.3749998473144842e-08,1.099999948905861e-07,3.333333342681044e-08,0.0,True
K2Ba1Zr1S4_stannite,5.000000058430487e-08,3.999999975690116e-07,3.333333342681044e-08,0.0,True
K2Ba1Zr1Se1Te3_stannite,5.4531249515932245e-08,4.362499979038148e-07,0.0,0.0,True
K2Ba1Zr1Se2Te2_stannite,4.218749349860218e-09,3.374999835159542e-08,3.333333342681044e-08,0.0,True
K2Ba1Zr1Se3Te1_stannite,6.421875031747959e-08,5.137500025398367e-07,3.333333298272123e-08,0.0,True
K2Ba1Zr1Se4_kesterite,4.718750057364218e-08,3.775000010364238e-07,0.0,0.0,True
K2Ba1Zr1Se4_stannite,5.765624999654051e-08,4.612499964196104e-07,3.333333331578814e-08,0.0,True
K2Ba1Zr1Te4_stannite,1.656250026016437e-08,1.3249999852860128e-07,0.0,0.0,True
K2Ca0.5Ba0.5Ge1S4_stannite,5.1249999355462705e-08,4.099999983964153e-07,3.333333298272123e-08,0.0,True
K2Ca0.5Ba0.5Ge1Se4_stannite,5.5156250677868e-08,4.4125000187023034e-07,3.333333342681044e-08,,False
K2Ca0.5Ba0.5Sn1S4_stannite,4.000000064507958e-08,3.2000000516063665e-07,0.0,0.0,True
K2Ca0.5Ba0.5Sn1Se4_stannite,5.968750027562919e-08,4.775000022050335e-07,3.333333342681044e-08,0.0,True
K2Ca0.5Ba0.5Sn1Te4_stannite,3.859375086179284e-08,3.0875000334162905e-07,0.0,0.0,True
K2Ca0.5Ba0.5Zr1S4_stannite,3.93749983729208e-08,3.1499999408879376e-07,0.0,0.0,True
K2Ca0.5Ba0.5Zr1Se4_stannite,4.171875067626729e-08,3.3375000185742465e-07,3.333333342681044e-08,0.0,True
K2Ca0.5Ba0.5Zr1Te4_kesterite,5.781250589365072e-09,4.62500011622069e-08,3.333333298272123e-08,0.0,True
K2Ca0.5Ba0.5Zr1Te4_stannite,2.1875004030391665e-09,1.750000677702701e-08,3.333333298272123e-08,0.0,True
K2Ca0.5Cd0.5Ge1S4_stannite,3.875000098574333e-08,3.1000000433323294e-07,3.333333342681044e-08,0.0,True
K2Ca0.5Cd0.5Ge1Se4_stannite,3.750000754365601e-09,3.000000248221113e-08,4.440892098500626e-16,0.0,True
K2Ca0.5Cd0.5Sn1S4_stannite,5.6093749645214075e-08,4.487500007144263e-07,3.333333342681044e-08,0.0,True
K2Ca0.5Cd0.5Sn1Se4_stannite,4.70312504496917e-08,3.762500000448199e-07,3.333333342681044e-08,0.0,True
K2Ca0.5Cd0.5Sn1Te4_stannite,3.5000000231377726e-08,2.800000018510218e-07,0.0,0.0,True
K2Ca0.5Cd0.5Zr1S4_kesterite,3.0937499673200364e-08,2.474999973856029e-07,0.0,,False
K2Ca0.5Cd0.5Zr1S4_stannite,6.687499887192416e-08,5.349999980808207e-07,3.333333298272123e-08,,False
K2Ca0.5Cd0.5Zr1Se4_stannite,6.921875028709223e-08,5.537499987440242e-07,0.0,0.0,True
K2Ca0.5Cd0.5Zr1Te4_stannite,3.281250382514145e-09,2.624999950739948e-08,3.333333431498886e-08,0.0,True
K2Ca0.5Sr0.5Ge1S4_stannite,7.578125060803131e-08,6.062500048642505e-07,3.333333387089965e-08,0.0,True
K2Ca0.5Sr0.5Ge1Se4_stannite,9.218750207651283e-09,7.375000166121026e-08,3.333333342681044e-08,0.0,True
K2Ca0.5Sr0.5Ge1Te4_stannite,2.4999997627617176e-09,1.999999810209374e-08,0.0,0.0,True
K2Ca0.5Sr0.5Sn1S1Se2Te1_kesterite,3.312499963215032e-08,2.6499999705720256e-07,3.333333342681044e-08,0.0,True
K2Ca0.5Sr0.5Sn1S1Se2Te1_stannite,2.9218750086101863e-08,2.337500006888149e-07,3.333333342681044e-08,0.0,True
K2Ca0.5Sr0.5Sn1Se4_stannite,7.968750104225819e-09,6.375000083380655e-08,0.0,0.0,True
K2Ca0.5Sr0.5Sn1Te4_stannite,5.218750054325483e-08,4.175000043460386e-07,3.333333298272123e-08,0.0,True
K2Ca0.5Sr0.5Zr1S4_stannite,2.828124934239895e-08,2.2625000184461896e-07,3.333333387089965e-08,0.0,True
K2Ca0.5Sr0.5Zr1Se4_stannite,6.249999939811346e-08,4.999999987376214e-07,3.333333342681044e-08,0.0,True
K2Ca0.5Sr0.5Zr1Te4_kesterite,1.5625012395048543e-10,1.2500009916038834e-09,3.333333342681044e-08,0.0,True
K2Ca0.5Sr0.5Zr1Te4_stannite,5.9218749903777734e-08,4.737499992302219e-07,4.440892098500626e-16,0.0,True
K2Ca0.5Zn0.5Ge1S4_stannite,6.468750068933105e-08,5.175000055146484e-07,0.0,0.0,True
K2Ca0.5Zn0.5Ge1Se4_kesterite,5.218750054325483e-08,4.175000043460386e-07,3.333333342681044e-08,0.0,True
K2Ca0.5Zn0.5Ge1Se4_stannite,2.765624973477543e-08,2.2124999787820343e-07,3.333333387089965e-08,0.0,True
K2Ca0.5Zn0.5Sn1Se4_stannite,6.718750000800355e-09,5.375000000640284e-08,3.333333342681044e-08,0.0,True
K2Ca0.5Zn0.5Sn1Te4_stannite,1.6718750384114855e-08,1.3374999952020517e-07,4.440892098500626e-16,0.0,True
K2Ca0.5Zn0.5Zr1S4_stannite,6.437499955325166e-08,5.149999964260132e-07,3.333333253863202e-08,0.0,True
K2Ca0.5Zn0.5Zr1Te4_stannite,5.2343749779026894e-08,4.1874999823221515e-07,3.333333298272123e-08,0.0,True
K2Ca1Ge0.5Zr0.5S4_stannite,7.390625000880391e-08,5.912500000704313e-07,0.0,0.0,True
K2Ca1Ge0.5Zr0.5Se4_kesterite,3.6093749766763494e-08,2.887499945813943e-07,3.333333342681044e-08,0.0,True
K2Ca1Ge0.5Zr0.5Se4_stannite,6.499999960496439e-08,5.200000003924288e-07,4.440892098500626e-16,0.0,True
K2Ca1Ge1S1Se3_stannite,2.687500000320142e-08,2.1500000002561137e-07,3.333333342681044e-08,0.0,True
K2Ca1Ge1S2Se1Te1_stannite,7.593749939971417e-08,6.07499998750427e-07,3.333333298272123e-08,0.0,True
K2Ca1Ge1S2Se2_stannite,6.85937502353795e-08,5.48750001883036e-07,3.333333298272123e-08,0.0,True
K2Ca1Ge1S3Se1_stannite,4.687500032574121e-08,3.74999999053216e-07,4.440892098500626e-16,0.0,True
K2Ca1Ge1S3Te1_stannite,2.7812499858725914e-08,2.2249999886980731e-07,3.333333342681044e-08,0.0,True
K2Ca1Ge1S4_stannite,1.624999956817419e-08,1.2999999654539351e-07,3.333333298272123e-08,0.0,True
K2Ca1Ge1Se3Te1_stannite,6.703124988405307e-08,5.362499990724245e-07,3.333333298272123e-08,0.0,True
K2Ca1Sn0.5Ge0.5S4_kesterite,6.29687493258757e-08,5.037499946070056e-07,3.333333253863202e-08,0.0,True
K2Ca1Sn0.5Ge0.5Te4_stannite,2.28125012213809e-08,1.8250000266561983e-07,3.333333298272123e-08,0.0,True
K2Ca1Sn0.5Zr0.5S4_stannite,3.9843750521129095e-08,3.1875000416903276e-07,3.333333298272123e-08,0.0,True
K2Ca1Sn0.5Zr0.5Se4_stannite,1.140624972251203e-08,9.124999422738256e-08,3.333333342681044e-08,0.0,True
K2Ca1Sn0.5Zr0.5Te4_stannite,3.6718749374387016e-08,2.9374999144238245e-07,3.333333342681044e-08,0.0,True
K2Ca1Sn1S1Se1Te2_stannite,3.43750004017096e-08,2.7499999788460627e-07,3.333333342681044e-08,0.0,True
K2Ca1Sn1S1Se2Te1_stannite,2.2187500281489747e-08,1.774999986992043e-07,0.0,0.0,True
K2Ca1Sn1S1Se3_stannite,9.99999949513608e-09,7.999999951380232e-08,3.333333342681044e-08,,False
K2Ca1Sn1S1Te3_stannite,1.3281250321739435e-08,1.062499990212018e-07,3.333333387089965e-08,0.0,True
K2Ca1Sn1S2Se1Te1_stannite,1.2656248493669864e-08,1.0124999505478627e-07,3.333333342681044e-08,0.0,True
K2Ca1Sn1S2Se2_stannite,6.40624997494399e-08,5.125000015482328e-07,3.333333342681044e-08,,False
K2Ca1Sn1S2Te2_stannite,5.859375074024342e-08,4.687500023692337e-07,3.333333342681044e-08,0.0,True
K2Ca1Sn1S3Se1_stannite,2.343750526989652e-09,1.8750000663203537e-08,3.333333342681044e-08,0.0,True
K2Ca1Sn1S3Te1_stannite,3.593750186325906e-09,2.8750001490607247e-08,3.333333342681044e-08,0.0,True
K2Ca1Sn1S4_stannite,2.4375000240439704e-08,1.9499999837080395e-07,0.0,0.0,True
K2Ca1Sn1Se2Te2_stannite,7.687499925523866e-08,6.14999997594623e-07,3.333333342681044e-08,0.0,True
K2Ca1Sn1Se3Te1_stannite,2.484374883593432e-08,1.9874999424018824e-07,0.0,0.0,True
K2Ca1Sn1Se4_stannite,1.0625000879116442e-08,8.500000348021786e-08,3.333333342681044e-08,0.0,True
K2Ca1Zr1S1Se1Te2_stannite,5.78125003425356e-08,4.6250000451664164e-07,4.440892098500626e-16,0.0,True
K2Ca1Zr1S1Se2Te1_stannite,6.937500041104272e-08,5.549999997356281e-07,3.333333387089965e-08,0.0,True
K2Ca1Zr1S1Se3_stannite,1.609375055444673e-08,1.28750002659217e-07,4.440892098500626e-16,0.0,True
K2Ca1Zr1S1Te3_stannite,1.343750044568992e-08,1.0750000001280569e-07,3.333333298272123e-08,0.0,True
K2Ca1Zr1S2Se1Te1_stannite,1.8750001107292746e-08,1.500000053056283e-07,0.0,0.0,True
K2Ca1Zr1S2Se2_stannite,3.453124985952627e-08,2.7624999887621016e-07,0.0,0.0,True
K2Ca1Zr1S2Te2_stannite,4.42187499949398e-08,3.5375000351223207e-07,3.333333342681044e-08,0.0,True
K2Ca1Zr1S3Se1_stannite,4.843751177929789e-09,3.8750002318010957e-08,3.333333387089965e-08,0.0,True
K2Ca1Zr1S3Te1_stannite,4.562500066640496e-08,3.6500000533123966e-07,3.333333387089965e-08,0.0,True
K2Ca1Zr1S4_kesterite,4.4374999674801074e-08,3.549999973984086e-07,3.333333342681044e-08,0.0,True
K2Ca1Zr1S4_stannite,1.1562499402373305e-08,9.249999521898644e-08,3.333333342681044e-08,0.0,True
K2Ca1Zr1Se1Te3_kesterite,7.078125041637406e-08,5.662500015546357e-07,3.333333298272123e-08,0.0,True
K2Ca1Zr1Se1Te3_stannite,5.984375062162428e-08,4.787500031966374e-07,3.333333387089965e-08,0.0,True
K2Ca1Zr1Se2Te2_stannite,6.7187495567111455e-09,5.375000000640284e-08,3.333333298272123e-08,0.0,True
K2Ca1Zr1Se3Te1_stannite,5.8906249655876763e-08,4.712499972470141e-07,3.333333387089965e-08,0.0,True
K2Ca1Zr1Se4_kesterite,6.562500098894475e-08,5.250000043588443e-07,3.333333342681044e-08,0.0,True
K2Ca1Zr1Se4_stannite,6.750000069999373e-08,5.400000020472362e-07,4.440892098500626e-16,0.0,True
K2Ca1Zr1Te4_kesterite,2.109375030201477e-08,1.6874999886340447e-07,3.333333342681044e-08,0.0,True
K2Ca1Zr1Te4_stannite,2.453124947621177e-08,1.9624999936240783e-07,3.333333342681044e-08,0.0,True
K2Cd1Ge0.5Zr0.5S4_stannite,4.1249999860326625e-08,3.29999998882613e-07,0.0,0.0,True
K2Cd1Ge0.5Zr0.5Se4_stannite,7.515625055631858e-08,6.01250000897835e-07,0.0,0.0,True
K2Cd1Ge0.5Zr0.5Te4_stannite,1.7500001003867283e-08,1.4000000447822458e-07,3.333333342681044e-08,0.14610000000000056,False
K2Cd1Ge1S1Se1Te2_stannite,5.609375031134789e-08,4.487500007144263e-07,3.333333342681044e-08,0.0,True
K2Cd1Ge1S1Se2Te1_stannite,3.1249999921101335e-08,2.499999993688107e-07,3.333333342681044e-08,0.0,True
K2Cd1Ge1S1Se3_stannite,6.718750444889565e-09,5.375000000640284e-08,3.333333342681044e-08,0.0,True
K2Cd1Ge1S1Te3_stannite,5.734375019272875e-08,4.5875000154183e-07,3.333333342681044e-08,0.0,True
K2Cd1Ge1S2Se2_stannite,6.718750444889565e-09,5.375000000640284e-08,3.333333387089965e-08,0.0,True
K2Cd1Ge1S2Te2_stannite,7.000000046275545e-08,5.600000037020436e-07,8.881784197001252e-16,0.0,True
K2Cd1Ge1S3Se1_stannite,5.078124942770046e-08,4.0624999542160367e-07,3.333333298272123e-08,0.0,True
K2Cd1Ge1S3Te1_stannite,3.125006919901807e-10,2.500001983207767e-09,4.440892098500626e-16,0.0,True
K2Cd1Ge1S4_stannite,8.749999391710617e-09,6.999999868639861e-08,4.440892098500626e-16,0.0,True
K2Cd1Ge1Se3Te1_stannite,6.296875021405413e-08,5.03750001712433e-07,3.333333342681044e-08,0.0,True
K2Cd1Ge1Se4_stannite,1.687500006397613e-08,1.3500000051180905e-07,3.333333342681044e-08,0.052300000000002456,False
K2Cd1Ge1Te4_stannite,2.5624999899775958e-08,2.0499999919820766e-07,3.333333342681044e-08,1.1845000000000008,False
K2Cd1Sn0.5Ge0.5S4_stannite,7.546874947195192e-08,6.037499957756154e-07,3.333333342681044e-08,0.0,True
K2Cd1Sn0.5Ge0.5Se4_stannite,4.562499977822654e-08,3.649999982258123e-07,3.333333342681044e-08,0.0,True
K2Cd1Sn0.5Zr0.5S4_stannite,5.625000021325377e-09,4.5000007276030374e-08,3.333333387089965e-08,0.0,True
K2Cd1Sn0.5Zr0.5Se4_stannite,2.031250012635155e-08,1.625000010108124e-07,3.333333342681044e-08,0.0,True
K2Cd1Sn0.5Zr0.5Te4_stannite,4.421875043902901e-08,3.5375001061765943e-07,0.0,0.0,True
K2Cd1Sn1S1Se1Te2_stannite,5.468749963988273e-08,4.374999988954187e-07,0.0,0.0,True
K2Cd1Sn1S1Se2Te1_stannite,7.249999933733875e-08,5.799999982514237e-07,3.333333342681044e-08,0.0,True
K2Cd1Sn1S1Te3_stannite,4.656250007784024e-08,3.7250000062272193e-07,3.333333342681044e-08,0.0,True
K2Cd1Sn1S2Se1Te1_stannite,4.07812508207428e-08,3.262500030132287e-07,4.440892098500626e-16,0.0,True
K2Cd1Sn1S2Se2_stannite,3.281249494335725e-09,2.624999950739948e-08,0.0,0.0,True
K2Cd1Sn1S2Te2_stannite,2.3906249868588247e-08,1.9124999894870598e-07,0.0,0.0,True
K2Cd1Sn1S3Se1_stannite,3.406250037585323e-08,2.7250000300682586e-07,3.333333298272123e-08,0.0,True
K2Cd1Sn1S3Te1_stannite,1.4687500549115384e-08,1.175000008402094e-07,4.440892098500626e-16,0.0,True
K2Cd1Sn1S4_stannite,1.687499961988692e-08,1.3500000051180905e-07,0.0,0.0,True
K2Cd1Sn1Se4_stannite,1.1250000042650754e-08,9.000000034120603e-08,0.0,0.0,True
K2Cd1Zr1S1Se1Te2_stannite,1.1406250388645844e-08,9.125000133280992e-08,3.333333342681044e-08,0.0,True
K2Cd1Zr1S1Se2Te1_stannite,4.718750057364218e-08,3.775000010364238e-07,3.333333431498886e-08,0.0,True
K2Cd1Zr1S1Se3_stannite,2.828125023057737e-08,2.2625000184461896e-07,0.0,0.0,True
K2Cd1Zr1S1Te3_stannite,5.7812501008669415e-08,4.6250000451664164e-07,3.333333387089965e-08,0.0,True
K2Cd1Zr1S3Se1_stannite,7.734375007117933e-08,6.187500005694346e-07,3.333333342681044e-08,0.0,True
K2Cd1Zr1S4_kesterite,1.2187500342264457e-08,9.749999918540198e-08,3.333333342681044e-08,0.0,True
K2Cd1Zr1S4_stannite,1.4218749289085508e-08,1.1374999786539775e-07,3.333333342681044e-08,0.0,True
K2Cd1Zr1Se2Te2_stannite,5.999999919126253e-08,4.799999970828139e-07,3.333333342681044e-08,0.0,True
K2Cd1Zr1Se3Te1_stannite,1.9843749754500095e-08,1.5874999803600076e-07,3.333333342681044e-08,0.0,True
K2Cd1Zr1Se4_stannite,5.140624947941319e-08,4.112499993880192e-07,3.333333342681044e-08,0.0,True
K2Cd1Zr1Te4_stannite,4.0937500944693284e-08,3.275000040048326e-07,0.0,0.0,True
K2Mg0.5Ba0.5Ge1Se4_stannite,2.6406249631349965e-08,2.1124999705079972e-07,3.333333298272123e-08,0.0,True
K2Mg0.5Ba0.5Ge1Te4_stannite,6.140624986272769e-08,4.912499989018215e-07,8.881784197001252e-16,0.45190000000000197,False
K2Mg0.5Ba0.5Sn1Te4_stannite,6.50000000490536e-08,5.200000003924288e-07,0.0,0.0,True
K2Mg0.5Ba0.5Zr1S4_stannite,6.21874995943017e-08,4.974999967544136e-07,3.3333333204765836e-08,0.0,True
K2Mg0.5Ba0.5Zr1Se4_stannite,6.609375047261778e-08,5.287500002282286e-07,3.333333298272123e-08,0.0,True
K2Mg0.5Ba0.5Zr1Te4_stannite,2.5624999899775958e-08,2.0499999919820766e-07,3.333333298272123e-08,0.0,True
K2Mg0.5Ca0.5Ge1S4_stannite,5.796874935626306e-08,4.6374999840281816e-07,3.333333253863202e-08,0.0,True
K2Mg0.5Ca0.5Ge1Se4_stannite,6.828125043156774e-08,5.462499998998283e-07,4.440892098500626e-16,0.0,True
K2Mg0.5Ca0.5Ge1Te4_stannite,6.0937499490876235e-09,4.874999959270099e-08,0.0,0.0,True
K2Mg0.5Ca0.5Sn1Te4_stannite,5.468749897374892e-09,4.374999917899913e-08,0.0,0.0,True
K2Mg0.5Ca0.5Zr1S4_stannite,3.312499963215032e-08,2.6499999705720256e-07,0.0,0.0,True
K2Mg0.5Ca0.5Zr1Se4_stannite,5.624999577236167e-09,4.5000000170603016e-08,0.0,0.0,True
K2Mg0.5Ca0.5Zr1Te4_stannite,2.9843750137814595e-08,2.3875000465523044e-07,8.881784197001252e-16,0.0,True
K2Mg0.5Cd0.5Ge1S4_kesterite,2.4218750116489218e-08,1.9374999737920007e-07,3.333333298272123e-08,0.0,True
K2Mg0.5Cd0.5Ge1S4_stannite,6.156249954258897e-08,4.924999998934254e-07,4.440892098500626e-16,0.0,True
K2Mg0.5Cd0.5Ge1Se4_stannite,6.468750024524184e-08,5.175000055146484e-07,3.333333342681044e-08,0.0,True
K2Mg0.5Cd0.5Sn1Se4_stannite,2.9062500850329798e-08,2.3249999969721102e-07,3.333333298272123e-08,0.0,True
K2Mg0.5Cd0.5Sn1Te4_stannite,3.1249999921101335e-08,2.5000000647423803e-07,0.0,0.0,True
K2Mg0.5Cd0.5Zr1S4_kesterite,7.718749905905042e-08,6.174999924724034e-07,3.333333342681044e-08,0.0,True
K2Mg0.5Cd0.5Zr1S4_stannite,3.5000000675466936e-08,2.8000000895644916e-07,3.333333342681044e-08,,False
K2Mg0.5Cd0.5Zr1Se4_kesterite,3.203124920858613e-08,2.5624999722140274e-07,3.333333298272123e-08,0.0,True
K2Mg0.5Cd0.5Zr1Se4_stannite,1.0937500238838993e-08,8.749999835799827e-08,3.333333342681044e-08,0.0,True
K2Mg0.5Cd0.5Zr1Te4_kesterite,5.171874928322495e-08,4.1375000847665433e-07,3.333333342681044e-08,0.0,True
K2Mg0.5Cd0.5Zr1Te4_stannite,7.249999889324954e-08,5.80000005356851e-07,3.333333342681044e-08,0.0,True
K2Mg0.5Sr0.5Ge1Se4_stannite,4.2656250087702574e-08,3.4125000780704795e-07,3.333333298272123e-08,0.0,True
K2Mg0.5Sr0.5Sn1Se4_stannite,6.203125080261884e-08,4.962500028682371e-07,3.333333342681044e-08,,False
K2Mg0.5Sr0.5Sn1Te4_kesterite,3.281249982833856e-08,2.624999986267085e-07,3.333333342681044e-08,0.0,True
K2Mg0.5Sr0.5Zr1S4_kesterite,4.374999917899913e-08,3.4999999343199306e-07,0.0,0.0,True
K2Mg0.5Sr0.5Zr1S4_stannite,3.43750095055384e-09,2.750000760443072e-08,3.333333298272123e-08,0.0,True
K2Mg0.5Sr0.5Zr1Se4_stannite,7.624999964761514e-08,6.100000007336348e-07,3.333333342681044e-08,0.0,True
K2Mg0.5Sr0.5Zr1Te4_stannite,2.2499999641212298e-08,1.8000000068241206e-07,3.333333342681044e-08,0.0,True
K2Mg0.5Zn0.5Ge1S4_stannite,6.890625048328047e-08,5.512500038662438e-07,3.333333298272123e-08,,False
K2Mg0.5Zn0.5Ge1Se4_kesterite,5.843750017220373e-08,4.675000013776298e-07,4.440892098500626e-16,0.0,True
K2Mg0.5Zn0.5Ge1Se4_stannite,3.0156249941626356e-08,2.4124999953301085e-07,4.440892098500626e-16,0.0,True
K2Mg0.5Zn0.5Ge1Te4_stannite,1.515625003278842e-08,1.2125000026230737e-07,3.333333342681044e-08,0.0,True
K2Mg0.5Zn0.5Sn1Te4_stannite,7.624999964761514e-08,6.099999971809211e-07,3.333333298272123e-08,0.0,True
K2Mg0.5Zn0.5Zr1S4_kesterite,2.1562501117955435e-08,1.7250000183821612e-07,3.333333342681044e-08,0.0,True
K2Mg0.5Zn0.5Zr1S4_stannite,1.1562499402373305e-08,9.25000023244138e-08,3.333333298272123e-08,0.0,True
K2Mg0.5Zn0.5Zr1Se4_kesterite,7.562500092817004e-08,6.050000038726466e-07,3.333333298272123e-08,0.0,True
K2Mg0.5Zn0.5Zr1Se4_stannite,2.3281251149143145e-08,1.8625000564043148e-07,3.333333387089965e-08,0.0,True
K2Mg0.5Zn0.5Zr1Te4_stannite,5.546875048167976e-08,4.437500038534381e-07,3.333333342681044e-08,0.0,True
K2Mg1Ge0.5Zr0.5S4_stannite,5.375000000640284e-08,4.3000000005122274e-07,3.333333342681044e-08,0.0,True
K2Mg1Ge0.5Zr0.5Se4_stannite,7.093750031827994e-08,5.675000025462396e-07,0.0,0.0,True
K2Mg1Ge0.5Zr0.5Te4_stannite,2.5000000292152436e-08,2.0000000233721948e-07,3.333333298272123e-08,0.0,True
K2Mg1Ge1S1Se1Te2_stannite,5.359374966040775e-08,4.2874999905961886e-07,0.0,0.0,True
K2Mg1Ge1S1Se2Te1_stannite,6.874998792483211e-09,5.499999389257937e-08,3.333333298272123e-08,0.0,True
K2Mg1Ge1S1Se3_stannite,4.687499721711674e-09,3.750000132640707e-08,3.333333342681044e-08,0.0,True
K2Mg1Ge1S2Se1Te1_stannite,2.4062499548449523e-08,1.9249999638759618e-07,0.0,0.0,True
K2Mg1Ge1S2Se2_stannite,4.765625094549364e-08,3.8125000401123543e-07,0.0,0.0,True
K2Mg1Ge1S2Te2_stannite,1.8125000611490805e-08,1.4500000133921276e-07,3.333333342681044e-08,0.0,True
K2Mg1Ge1S3Se1_stannite,2.999999981767587e-08,2.3999999854140697e-07,3.333333342681044e-08,0.0,True
K2Mg1Ge1S3Te1_stannite,7.171874960576474e-08,5.737500003988316e-07,3.333333298272123e-08,0.0,True
K2Mg1Ge1S4_stannite,1.0624999990938022e-08,8.500000348021786e-08,3.3333333204765836e-08,0.0,True
K2Mg1Ge1Se3Te1_stannite,5.2343750223116103e-08,4.1874999823221515e-07,3.333333342681044e-08,0.0,True
K2Mg1Ge1Se4_kesterite,3.1249993703852397e-09,2.4999998515795596e-08,3.333333342681044e-08,0.0,True
K2Mg1Ge1Se4_stannite,2.5624999455686748e-08,2.0499999919820766e-07,3.333333342681044e-08,0.0,True
K2Mg1Sn0.5Ge0.5S4_stannite,5.1562499159274466e-08,4.125000003796231e-07,0.0,,False
K2Mg1Sn0.5Ge0.5Te4_kesterite,5.3281250078640596e-08,4.2625000062912477e-07,3.333333342681044e-08,0.0,True
K2Mg1Sn0.5Ge0.5Te4_stannite,3.906249945728746e-08,3.1249999921101335e-07,3.333333342681044e-08,0.0,True
K2Mg1Sn0.5Zr0.5S4_stannite,4.062500558177362e-09,3.25000044654189e-08,3.333333342681044e-08,0.0,True
K2Mg1Sn0.5Zr0.5Se4_stannite,6.015624975930223e-08,4.812499980744178e-07,3.333333342681044e-08,0.0,True
K2Mg1Sn0.5Zr0.5Te4_stannite,1.2968749629749254e-08,1.0375000414342139e-07,3.333333387089965e-08,0.0,True
K2Mg1Sn1S1Se1Te2_stannite,1.7187500089832497e-08,1.3750000249501682e-07,3.333333298272123e-08,0.0,True
K2Mg1Sn1S1Se2Te1_stannite,5.7812500564580205e-08,4.6250000451664164e-07,0.0,0.0,True
K2Mg1Sn1S1Te3_stannite,1.00000003833145e-08,7.999999951380232e-08,3.333333342681044e-08,0.0,True
K2Mg1Sn1S2Se1Te1_stannite,4.546874921018684e-08,3.637499972342084e-07,3.333333298272123e-08,0.0,True
K2Mg1Sn1S2Se2_stannite,4.4999999282424596e-08,3.5999999425939677e-07,0.0,0.0,True
K2Mg1Sn1S2Te2_stannite,5.2343749779026894e-08,4.1874999823221515e-07,0.0,0.0,True
K2Mg1Sn1S3Se1_stannite,5.453124973797685e-08,4.362499979038148e-07,0.0,0.0,True
K2Mg1Sn1S3Te1_stannite,3.578125040704094e-08,2.8624999970361387e-07,0.0,0.0,True
K2Mg1Sn1S4_stannite,3.1250000809279754e-08,2.5000000647423803e-07,3.333333342681044e-08,0.0,True
K2Mg1Sn1Se1Te3_stannite,5.999999985739635e-08,4.800000006355276e-07,3.333333342681044e-08,0.0,True
K2Mg1Sn1Se2Te2_stannite,4.453125024284077e-08,3.562499983900125e-07,3.333333342681044e-08,0.0,True
K2Mg1Sn1Se3Te1_stannite,6.625000059656827e-08,5.300000012198325e-07,0.0,0.0,True
K2Mg1Sn1Se4_stannite,2.5000006509401373e-09,2.000000165480742e-08,0.0,0.0,True
K2Mg1Zr1S1Se1Te2_stannite,4.046874990670801e-08,3.2375000103002094e-07,0.0,0.0,True
K2Mg1Zr1S1Se2Te1_stannite,2.8125000106626885e-09,2.249999653258783e-08,3.333333342681044e-08,0.0,True
K2Mg1Zr1S1Se3_stannite,1.3750000249501682e-08,1.1000000199601345e-07,3.333333298272123e-08,0.0,True
K2Mg1Zr1S1Te3_stannite,4.4687499478612835e-08,3.5749999938161636e-07,0.0,0.0,True
K2Mg1Zr1S2Se1Te1_kesterite,2.0468750694391247e-08,1.637500020024163e-07,3.333333342681044e-08,0.0,True
K2Mg1Zr1S2Se1Te1_stannite,4.000000020099037e-08,3.199999980552093e-07,3.333333298272123e-08,0.0,True
K2Mg1Zr1S2Se2_stannite,2.2343750405440232e-08,1.7874999969080818e-07,0.0,0.0,True
K2Mg1Zr1S2Te2_stannite,5.281249881861072e-08,4.2249999410159944e-07,0.0,0.0,True
K2Mg1Zr1S3Se1_stannite,5.109374967560143e-08,4.0874999740481144e-07,0.0,0.0,True
K2Mg1Zr1S3Te1_stannite,3.484374921924882e-08,2.7874999375399057e-07,3.333333342681044e-08,0.0,True
K2Mg1Zr1S4_kesterite,5.2968749386650416e-08,4.237499950932033e-07,3.333333298272123e-08,0.0,True
K2Mg1Zr1S4_stannite,2.8437500354527856e-08,2.2750000283622285e-07,3.333333342681044e-08,0.0,True
K2Mg1Zr1Se1Te3_stannite,4.078125059869819e-08,3.262500030132287e-07,0.0,0.0,True
K2Mg1Zr1Se2Te2_stannite,6.187499979048994e-08,4.950000018766332e-07,3.333333387089965e-08,0.0,True
K2Mg1Zr1Se3Te1_stannite,7.062500007037897e-08,5.650000005630318e-07,3.333333298272123e-08,0.0,True
K2Mg1Zr1Se4_kesterite,1.9531250838866754e-08,1.5625000315822035e-07,4.440892098500626e-16,0.0,True
K2Mg1Zr1Se4_stannite,5.718749962468905e-08,4.575000005502261e-07,3.333333342681044e-08,0.0,True
K2Mg1Zr1Te4_kesterite,5.171875017140337e-08,4.1375000137122697e-07,3.333333298272123e-08,0.0,True
K2Mg1Zr1Te4_stannite,3.6093749322674284e-08,2.887499945813943e-07,3.333333342681044e-08,0.0,True
K2Sr0.5Ba0.5Ge1S4_kesterite,5.4999999665739097e-08,4.4000000087862645e-07,3.333333342681044e-08,0.0,True
K2Sr0.5Ba0.5Ge1S4_stannite,7.203125074184413e-08,5.762500023820394e-07,0.0,0.0,True
K2Sr0.5Ba0.5Ge1Se4_stannite,7.390625045289312e-08,5.912500000704313e-07,3.333333342681044e-08,0.0,True
K2Sr0.5Ba0.5Sn1S4_stannite,4.6093749705988785e-08,3.6875000120062396e-07,3.333333342681044e-08,0.0,True
K2Sr0.5Ba0.5Zr1S4_kesterite,4.656249963375103e-08,3.7249999707000825e-07,0.0,0.0,True
K2Sr0.5Ba0.5Zr1S4_stannite,4.406250120325694e-08,3.525000025206282e-07,0.0,,False
K2Sr0.5Ba0.5Zr1Se4_kesterite,4.703124956151328e-08,3.762500000448199e-07,3.333333342681044e-08,0.0,True
K2Sr0.5Ba0.5Zr1Se4_stannite,4.42187499949398e-08,3.5375000351223207e-07,3.333333342681044e-08,0.0,True
K2Sr0.5Ba0.5Zr1Te4_kesterite,2.0468748918034407e-08,1.6374999489698894e-07,3.333333298272123e-08,0.0,True
K2Sr0.5Cd0.5Ge1S4_stannite,4.078125037665359e-08,3.262500030132287e-07,3.333333298272123e-08,0.0,True
K2Sr0.5Cd0.5Ge1Se4_stannite,4.406250031507852e-08,3.525000025206282e-07,3.333333342681044e-08,0.0,True
K2Sr0.5Cd0.5Zr1Se4_stannite,6.921875028709223e-08,5.537499987440242e-07,3.333333342681044e-08,0.0,True
K2Sr0.5Zn0.5Ge1S4_stannite,6.328125001786589e-08,5.062499965902134e-07,3.333333342681044e-08,,False
K2Sr0.5Zn0.5Ge1Te4_kesterite,7.656250033960532e-08,6.125000027168426e-07,3.333333253863202e-08,0.022499999999999076,False
K2Sr0.5Zn0.5Zr1S4_stannite,1.1562499402373305e-08,9.25000023244138e-08,3.333333342681044e-08,0.0,True
K2Sr0.5Zn0.5Zr1Se4_stannite,5.421875082234351e-08,4.3375001013146175e-07,0.0,0.0,True
K2Sr0.5Zn0.5Zr1Te4_stannite,4.2343749395712393e-08,3.3874999161298547e-07,3.333333253863202e-08,0.0,True
K2Sr1Ge0.5Zr0.5S4_kesterite,7.281250002932893e-08,5.825000002346314e-07,3.333333298272123e-08,0.0,True
K2Sr1Ge0.5Zr0.5S4_stannite,7.468749974037792e-08,5.974999979230233e-07,0.0,0.0,True
K2Sr1Ge0.5Zr0.5Se4_stannite,4.9843750460354386e-08,3.987500036828351e-07,0.0,0.0,True
K2Sr1Ge1S1Se2Te1_stannite,6.218750003839091e-08,4.974999967544136e-07,3.333333342681044e-08,0.0,True
K2Sr1Ge1S3Se1_kesterite,4.687503718514563e-10,3.75000297481165e-09,3.333333387089965e-08,0.0,True
K2Sr1Ge1S3Se1_stannite,2.5468750664003892e-08,2.0375000531203113e-07,4.440892098500626e-16,0.0,True
K2Sr1Ge1S3Te1_stannite,2.3593749620687277e-08,1.887500005182119e-07,3.333333342681044e-08,0.0,True
K2Sr1Ge1S4_stannite,2.687499955911221e-08,2.1500000002561137e-07,4.440892098500626e-16,0.0,True
K2Sr1Ge1Se4_stannite,2.312499924883582e-08,1.8499999754340024e-07,3.333333342681044e-08,0.0,True
K2Sr1Sn0.5Ge0.5Se4_kesterite,1.4062500053313443e-08,1.1250000397922122e-07,0.0,0.0,True
K2Sr1Sn0.5Ge0.5Se4_stannite,2.343750038491521e-08,1.8750000663203537e-07,3.333333298272123e-08,,False
K2Sr1Sn0.5Zr0.5Se4_kesterite,1.1093749918700269e-08,8.874999224417479e-08,3.333333342681044e-08,0.0,True
K2Sr1Sn0.5Zr0.5Se4_stannite,4.9843749572175966e-08,3.9874998947198037e-07,0.0,0.0,True
K2Sr1Sn1S1Se2Te1_stannite,5.906249977982725e-08,4.72499998238618e-07,3.333333342681044e-08,0.0,True
K2Sr1Sn1S1Se3_kesterite,7.374999988485342e-08,5.899999990788274e-07,3.333333298272123e-08,,False
K2Sr1Sn1S1Se3_stannite,2.1875000477677986e-08,1.750000038214239e-07,0.0,0.0,True
K2Sr1Sn1S3Se1_stannite,2.3750000188726972e-08,1.9000000150981577e-07,4.440892098500626e-16,0.0,True
K2Sr1Sn1S4_stannite,2.7499999610824943e-08,2.1999999688659955e-07,0.0,,False
K2Sr1Zr1S1Se1Te2_stannite,1.2499999924031613e-08,1.0000000116860974e-07,3.333333342681044e-08,0.0,True
K2Sr1Zr1S1Se2Te1_stannite,5.828125049234245e-08,4.6625000038602593e-07,4.440892098500626e-16,0.0,True
K2Sr1Zr1S1Se3_stannite,9.999999717180685e-09,7.999999951380232e-08,0.0,0.0,True
K2Sr1Zr1S2Se2_stannite,2.3593750952954906e-08,1.887500005182119e-07,3.333333298272123e-08,0.0,True
K2Sr1Zr1S3Te1_stannite,7.656250744503268e-09,6.125000595602614e-08,3.333333342681044e-08,0.0,True
K2Sr1Zr1S4_kesterite,1.484374934079824e-08,1.1874999472638592e-07,3.333333342681044e-08,0.0,True
K2Sr1Zr1S4_stannite,6.500000093723202e-08,5.200000003924288e-07,3.333333298272123e-08,0.0,True
K2Sr1Zr1Se3Te1_stannite,2.6093750271627414e-08,2.087500021730193e-07,3.333333342681044e-08,0.0,True
K2Sr1Zr1Se4_stannite,4.999999969612645e-09,4.000000330961484e-08,0.0,0.0,True
K2Sr1Zr1Te4_kesterite,1.8750000663203537e-08,1.500000053056283e-07,4.440892098500626e-16,0.0,True
K2Sr1Zr1Te4_stannite,2.2968749568974545e-08,1.8374999655179636e-07,0.0,0.0,True
K2Zn0.5Cd0.5Ge1S4_stannite,4.249999996375209e-08,3.399999997100167e-07,3.333333342681044e-08,0.0,True
K2Zn0.5Cd0.5Ge1Se4_stannite,6.031250077143113e-08,4.825000061714491e-07,0.0,0.0,True
K2Zn0.5Cd0.5Sn1Te4_stannite,6.531250029695457e-08,5.225000023756365e-07,3.333333342681044e-08,0.0,True
K2Zn0.5Cd0.5Zr1S4_kesterite,3.171874984886358e-08,2.5374999523819497e-07,3.333333342681044e-08,,False
K2Zn0.5Cd0.5Zr1S4_stannite,3.593750053099143e-08,2.8750000069521775e-07,3.333333342681044e-08,0.0,True
K2Zn0.5Cd0.5Zr1Se4_stannite,3.765624922991151e-08,3.0124999739200575e-07,3.333333342681044e-08,0.0,True
K2Zn0.5Cd0.5Zr1Te4_stannite,5.718750006877826e-08,4.575000005502261e-07,3.333333342681044e-08,0.0,True
K2Zn1Ge0.5Zr0.5Se4_stannite,8.906249515661102e-09,7.12499996780025e-08,3.333333342681044e-08,0.0,True
K2Zn1Ge1S1Se1Te2_stannite,4.984375023830978e-08,3.987500036828351e-07,0.0,0.09890000000000043,False
K2Zn1Ge1S1Se2Te1_stannite,7.109374999814122e-08,5.687500035378434e-07,3.333333342681044e-08,0.0,True
K2Zn1Ge1S1Se3_stannite,5.874999908783707e-08,4.699999962554102e-07,3.333333298272123e-08,0.0,True
K2Zn1Ge1S2Se2_stannite,6.687500109237021e-08,5.35000005186248e-07,3.333333342681044e-08,0.0,True
K2Zn1Ge1S2Te2_stannite,5.468749897374892e-09,4.374999917899913e-08,3.333333342681044e-08,0.0,True
K2Zn1Ge1S3Se1_stannite,5.796874935626306e-08,4.6374999840281816e-07,3.333333342681044e-08,0.0,True
K2Zn1Ge1S3Te1_stannite,6.171875011062866e-08,4.937500008850293e-07,3.333333387089965e-08,0.0,True
K2Zn1Ge1S4_stannite,2.1249999537786834e-08,1.6999999985500835e-07,0.0,0.0,True
K2Zn1Ge1Se2Te2_stannite,3.4687499983476755e-08,2.7749999986781404e-07,3.333333253863202e-08,0.0,True
K2Zn1Ge1Se4_stannite,2.4374999796350494e-08,1.9499999837080395e-07,4.440892098500626e-16,0.0,True
K2Zn1Ge1Te4_stannite,2.312500013701424e-08,1.8500000109611392e-07,0.0,0.10519999999999996,False
K2Zn1Sn0.5Ge0.5S4_stannite,2.0312498349994712e-08,1.6249999390538505e-07,4.440892098500626e-16,0.0,True
K2Zn1Sn0.5Ge0.5Se4_kesterite,2.2187501613757377e-08,1.77500012910059e-07,3.333333342681044e-08,0.0,True
K2Zn1Sn0.5Ge0.5Se4_stannite,5.828125093643166e-08,4.662500074914533e-07,3.333333342681044e-08,0.0,True
K2Zn1Sn0.5Ge0.5Te4_stannite,9.218750207651283e-09,7.374999810849658e-08,3.333333342681044e-08,0.0,True
K2Zn1Sn0.5Zr0.5Te4_stannite,5.281249970678914e-08,4.2250000831245416e-07,3.333333298272123e-08,0.0,True
K2Zn1Sn1S1Se1Te2_stannite,2.953125011195823e-08,2.36249999119309e-07,3.333333342681044e-08,0.0,True
K2Zn1Sn1S1Se2Te1_stannite,4.6093749705988785e-08,3.6875000120062396e-07,3.333333342681044e-08,0.0,True
K2Zn1Sn1S1Te3_stannite,2.7343750375052878e-08,2.1875000300042302e-07,3.333333253863202e-08,0.0,True
K2Zn1Sn1S3Se1_stannite,1.5937500652540848e-08,1.275000016676131e-07,4.440892098500626e-16,0.0,True
K2Zn1Sn1S3Te1_stannite,4.4374999674801074e-08,3.549999973984086e-07,0.0,0.0,True
K2Zn1Sn1S4_stannite,7.500001064641992e-09,6.000000496442226e-08,0.0,0.0,True
K2Zn1Sn1Se3Te1_stannite,7.343750496602297e-09,5.8750003972818376e-08,8.881784197001252e-16,0.0,True
K2Zn1Sn1Se4_stannite,2.8749999714250407e-08,2.2999999771400326e-07,3.333333253863202e-08,0.0,True
K2Zn1Sn1Te4_stannite,1.1250000042650754e-08,9.000000034120603e-08,3.333333342681044e-08,1.1966999999999999,False
K2Zn1Zr1S1Se1Te2_stannite,4.531249930828096e-08,3.6249999624260454e-07,8.881784197001252e-16,0.0,True
K2Zn1Zr1S1Se2Te1_stannite,6.76562499357658e-08,5.412500030388401e-07,3.333333342681044e-08,0.0,True
K2Zn1Zr1S2Se1Te1_stannite,1.7187499867787892e-08,1.3749999538958946e-07,4.440892098500626e-16,0.0,True
K2Zn1Zr1S2Se2_stannite,2.484375061229116e-08,1.987500013456156e-07,0.0,0.0,True
K2Zn1Zr1S2Te2_stannite,4.249999951966288e-08,3.399999997100167e-07,3.333333342681044e-08,0.0,True
K2Zn1Zr1S3Se1_stannite,6.718749911982513e-08,5.375000000640284e-07,3.333333342681044e-08,0.0,True
K2Zn1Zr1S3Te1_stannite,3.343749988005129e-08,2.6749999904041033e-07,0.0,0.0,True
K2Zn1Zr1S4_kesterite,2.140625054991574e-08,1.7125000084661224e-07,3.333333431498886e-08,0.0,True
K2Zn1Zr1S4_stannite,2.171875079781671e-08,1.7375000282982e-07,3.333333342681044e-08,0.0,True
K2Zn1Zr1Se1Te3_stannite,3.125000058723515e-08,2.499999993688107e-07,3.333333342681044e-08,0.0,True
K2Zn1Zr1Se2Te2_stannite,3.875000098574333e-08,3.1000000433323294e-07,3.333333253863202e-08,,False
K2Zn1Zr1Se3Te1_stannite,1.5312499712649696e-08,1.2249999770119757e-07,3.333333342681044e-08,0.0,True
K2Zn1Zr1Se4_kesterite,3.5000000675466936e-08,2.800000018510218e-07,0.0,0.0,True
K2Zn1Zr1Se4_stannite,6.203124991444042e-08,4.962499957628097e-07,0.0,0.0,True
K2Zn1Zr1Te4_kesterite,4.25000004078413e-08,3.399999997100167e-07,0.0,0.0,True
K2Zn1Zr1Te4_stannite,2.6093749827538204e-08,2.087500021730193e-07,3.333333431498886e-08,0.0,True
Na0.5Ag0.5Al0.5Ga0.5Te2_kesterite,2.5625000343865167e-08,1.0249999959910383e-07,3.333333342681044e-08,0.0,True
Na0.5Ag0.5Al0.5Ga0.5Te2_stannite,6.078124892283654e-08,2.43124997467703e-07,3.333333342681044e-08,0.00140000000000029,True
Na0.5Ag0.5Al0.5In0.5S1Se1_kesterite,2.687500000320142e-08,1.0750000001280569e-07,3.333333342681044e-08,0.0,True
Na0.5Ag0.5Al0.5In0.5S1Se1_stannite,5.453125062615527e-08,2.181249989519074e-07,8.881784197001252e-16,0.0,True
Na0.5Ag0.5Al0.5In0.5S1Te1_kesterite,2.0625000818341732e-08,8.250000149701009e-08,0.0,0.0,True
Na0.5Ag0.5Al0.5In0.5S1Te1_stannite,2.8125000550716095e-08,1.1250000042650754e-07,0.0,0.0,True
Na0.5Ag0.5Al0.5In0.5Se1Te1_kesterite,7.187499972971523e-08,2.8750000424793143e-07,0.0,0.0,True
Na0.5Ag0.5Al0.5In0.5Se1Te1_stannite,6.312499900573698e-08,2.524999942465911e-07,3.333333342681044e-08,0.0,True
Na0.5Ag0.5Al1S1Te1_kesterite,5.078125031587888e-08,2.0312500126351551e-07,0.0,0.0,True
Na0.5Ag0.5Al1S1Te1_stannite,5.9375011574047676e-09,2.375000107690539e-08,3.333333342681044e-08,0.0,True
Na0.5Ag0.5Al1S2_kesterite,4.9531249324274995e-08,1.9812500084981366e-07,3.333333342681044e-08,0.0,True
Na0.5Ag0.5Al1Se2_kesterite,5.984375039957968e-08,2.393750015983187e-07,4.440892098500626e-16,0.0,True
Na0.5Ag0.5Al1Se2_stannite,5.015624893189852e-08,2.0062499928030775e-07,3.333333431498886e-08,0.0,True
Na0.5Ag0.5Al1Te2_kesterite,6.749999981181531e-08,2.699999974709044e-07,3.333333342681044e-08,0.0,True
Na0.5Ag0.5Al1Te2_stannite,5.218750009916562e-08,2.087500021730193e-07,0.0,0.0,True
Na0.5Ag0.5Ga0.5In0.5S1Te1_kesterite,5.140625036759161e-08,2.056249996940096e-07,0.0,0.0,True
Na0.5Ag0.5Ga0.5In0.5S1Te1_stannite,4.062500114088152e-09,1.624999867999577e-08,3.333333253863202e-08,0.0,True
Na0.5Ag0.5Ga0.5In0.5Se2_kesterite,4.624999982993927e-08,1.8500000109611392e-07,3.333333342681044e-08,0.0,True
Na0.5Ag0.5Ga0.5In0.5Se2_stannite,7.624999964761514e-08,3.050000003668174e-07,3.333333342681044e-08,0.0,True
Na0.5Ag0.5Ga1S2_kesterite,7.500000087645731e-08,2.9999999995311555e-07,3.333333431498886e-08,0.0,True
Na0.5Ag0.5Ga1Se1Te1_kesterite,5.625000465414587e-09,2.2500000085301508e-08,3.333333253863202e-08,0.0,True
Na0.5Ag0.5Ga1Se1Te1_stannite,2.6406250075439175e-08,1.0562499852539986e-07,3.333333342681044e-08,0.03549999999999898,False
Na0.5Ag0.5Ga1Se2_kesterite,2.203125104571768e-08,8.812500240651389e-08,3.333333253863202e-08,0.0,True
Na0.5Ag0.5Ga1Se2_stannite,3.6718750262565436e-08,1.468749992739049e-07,4.440892098500626e-16,0.0,True
Na0.5Ag0.5Ga1Te2_kesterite,6.984374989471576e-08,2.7937500135521987e-07,0.0,0.0,True
Na0.5Ag0.5Ga1Te2_stannite,1.2499999701987008e-08,5.000000058430487e-08,3.333333253863202e-08,0.11490000000000045,False
Na0.5Ag0.5In1S1Se1_kesterite,3.453125030361548e-08,1.3812499943810508e-07,3.333333298272123e-08,0.0,True
Na0.5Ag0.5In1S1Se1_stannite,5.21874992109872e-08,2.0874999862030563e-07,0.0,0.0,True
Na0.5Ag0.5In1S1Te1_kesterite,4.5312504859396086e-09,1.8124996614687916e-08,0.0,0.0,True
Na0.5Ag0.5In1S1Te1_stannite,2.4375001128618123e-08,9.750000629082933e-08,3.333333342681044e-08,,False
Na0.5Ag0.5In1S2_kesterite,1.7031250187926616e-08,6.812500075170647e-08,0.0,0.0,True
Na0.5Ag0.5In1S2_stannite,6.437500044143007e-08,2.574999982130066e-07,3.333333298272123e-08,0.0,True
Na0.5Ag0.5In1Se2_kesterite,2.031250279088681e-09,8.125002892711564e-09,3.333333342681044e-08,0.0,True
Na0.5Ag0.5In1Se2_stannite,7.312499983314069e-08,2.925000011089196e-07,3.333333342681044e-08,0.047100000000000364,False
Na0.5Ag0.5In1Te2_kesterite,3.0156250385715566e-08,1.2062499976650543e-07,0.0,0.0,True
Na0.5Ag0.5In1Te2_stannite,2.7343749930963668e-08,1.0937500150021151e-07,1.7763568394002505e-15,0.0,True
Na0.5Ag1.5Ba1Ge1S4_kesterite,7.609374952366466e-08,6.087499997420309e-07,3.333333431498886e-08,0.0,True
Na0.5Ag1.5Ba1Sn0.5Ge0.5S1Se1Te2_kesterite,6.124999907264339e-08,4.899999979102176e-07,3.333333342681044e-08,0.0,True
Na0.5Ag1.5Ba1Sn1S4_stannite,2.9843750137814595e-08,2.387499975498031e-07,3.333333342681044e-08,0.0,True
Na0.5Ag1.5Ba1Zr1S4_stannite,2.656250019938966e-08,2.124999980424036e-07,3.333333387089965e-08,0.0,True
Na0.5Ag1.5Ba1Zr1Se4_kesterite,6.703125032814228e-08,5.362500061778519e-07,3.333333342681044e-08,,False
Na0.5Ag1.5Ba1Zr1Te4_stannite,6.234375105051981e-08,4.987500048514448e-07,3.333333342681044e-08,0.0,True
Na0.5Ag1.5Ca0.5Ba0.5Sn0.5Ge0.5Te4_kesterite,6.484374992510311e-08,5.187499994008249e-07,3.333333342681044e-08,0.0,True
Na0.5Ag1.5Ca0.5Ba0.5Sn0.5Ge0.5Te4_stannite,6.484374903692469e-08,5.187499994008249e-07,0.0,0.0,True
Na0.5Ag1.5Ca1Ge1S4_kesterite,5.281249970678914e-08,4.225000012070268e-07,3.333333298272123e-08,0.0,True
Na0.5Ag1.5Ca1Ge1S4_stannite,4.3281251027593726e-08,3.4625000466803613e-07,0.0,0.0,True
Na0.5Ag1.5Ca1Ge1Se4_kesterite,1.8750005992274055e-09,1.5000004793819244e-08,0.0,0.0,True
Na0.5Ag1.5Ca1Ge1Se4_stannite,3.828125016980266e-08,3.062500013584213e-07,3.333333387089965e-08,0.0,True
Na0.5Ag1.5Ca1Ge1Te4_kesterite,6.390625006957862e-08,5.11250000556629e-07,3.333333253863202e-08,0.0,True
Na0.5Ag1.5Ca1Ge1Te4_stannite,2.343750082900442e-09,1.8750000663203537e-08,3.333333253863202e-08,0.0,True
Na0.5Ag1.5Ca1Sn1S4_kesterite,4.6406249953889755e-08,3.712500031838317e-07,3.333333342681044e-08,0.0,True
Na0.5Ag1.5Ca1Sn1S4_stannite,2.0312511672671008e-09,1.6250005785423127e-08,3.333333298272123e-08,0.0,True
Na0.5Ag1.5Ca1Sn1Se4_kesterite,7.046874950233928e-08,5.637499995714279e-07,8.881784197001252e-16,,False
Na0.5Ag1.5Ca1Sn1Se4_stannite,6.187499979048994e-08,4.950000018766332e-07,3.333333342681044e-08,0.0,True
Na0.5Ag1.5Ca1Zr1S4_kesterite,8.906250403839522e-09,7.12499996780025e-08,3.333333342681044e-08,0.0,True
Na0.5Ag1.5Ca1Zr1S4_stannite,2.968750001386411e-08,2.3750000366362656e-07,0.0,0.0,True
Na0.5Ag1.5Ca1Zr1Se4_kesterite,4.968749989231469e-08,3.9749999558580384e-07,3.333333298272123e-08,0.0,True
Na0.5Ag1.5Ca1Zr1Se4_stannite,6.515624972891487e-08,5.212500013840327e-07,3.333333342681044e-08,0.0,True
Na0.5Ag1.5Ca1Zr1Te4_kesterite,4.109375018046535e-08,3.2875000499643647e-07,3.333333342681044e-08,0.0,True
Na0.5Ag1.5Cd1Ge1S4_kesterite,2.171874946554908e-08,1.7375000282982e-07,3.333333298272123e-08,0.0,True
Na0.5Ag1.5Cd1Ge1S4_stannite,9.375007437029126e-10,7.499998844195943e-09,0.0,0.0,True
Na0.5Ag1.5Cd1Ge1Se4_kesterite,1.515624958869921e-08,1.2125000381502105e-07,3.333333431498886e-08,0.0,True
Na0.5Ag1.5Cd1Ge1Se4_stannite,4.171874934399966e-08,3.3375000185742465e-07,8.881784197001252e-16,0.0,True
Na0.5Ag1.5Cd1Ge1Te4_kesterite,5.656250001706553e-08,4.5250000013652425e-07,0.0,0.0,True
Na0.5Ag1.5Cd1Ge1Te4_stannite,1.7343749991738378e-08,1.3874999993390702e-07,3.333333253863202e-08,0.0,True
Na0.5Ag1.5Cd1Sn1S4_kesterite,7.218749864534857e-08,5.774999962682159e-07,3.333333387089965e-08,0.0,True
Na0.5Ag1.5Cd1Sn1S4_stannite,7.531249934800144e-08,6.025000018894389e-07,0.0,0.0,True
Na0.5Ag1.5Cd1Sn1Se4_kesterite,1.0937500682928203e-08,8.749999835799827e-08,3.333333431498886e-08,0.0,True
Na0.5Ag1.5Cd1Sn1Se4_stannite,2.6562494426229932e-09,2.1250002646411303e-08,0.0,0.0,True
Na0.5Ag1.5Cd1Sn1Te4_kesterite,3.828125016980266e-08,3.062500013584213e-07,3.333333342681044e-08,0.0,True
Na0.5Ag1.5Cd1Sn1Te4_stannite,6.000000007944095e-08,4.800000006355276e-07,3.333333342681044e-08,0.0,True
Na0.5Ag1.5Cd1Zr1S4_kesterite,6.32812509060443e-08,5.062500036956408e-07,3.333333342681044e-08,0.0,True
Na0.5Ag1.5Cd1Zr1S4_stannite,5.312500217513616e-09,4.250000529282261e-08,3.333333298272123e-08,0.0,True
Na0.5Ag1.5Cd1Zr1Se4_kesterite,1.765624935146093e-08,1.412499983644011e-07,3.333333342681044e-08,0.0,True
Na0.5Ag1.5Cd1Zr1Se4_stannite,4.343750026336579e-08,3.4749999855421265e-07,0.0,0.0,True
Na0.5Ag1.5Cd1Zr1Te4_kesterite,9.687500579502739e-09,7.749999753059456e-08,0.0,0.0,True
Na0.5Ag1.5Cd1Zr1Te4_stannite,2.500001095029347e-09,2.000000165480742e-08,8.881784197001252e-16,,False
Na0.5Ag1.5Mg1Ge1S4_kesterite,4.6406249065711336e-08,3.7124999607840437e-07,3.333333342681044e-08,0.0,True
Na0.5Ag1.5Mg1Ge1S4_stannite,4.859374991283971e-08,3.887500028554314e-07,8.881784197001252e-16,0.0,True
Na0.5Ag1.5Mg1Ge1Se4_kesterite,3.593749298147486e-09,2.8750001490607247e-08,3.333333298272123e-08,0.0,True
Na0.5Ag1.5Mg1Ge1Se4_stannite,5.9374984928695085e-09,4.7499995048383425e-08,0.0,0.0,True
Na0.5Ag1.5Mg1Ge1Te4_stannite,7.625000009170435e-08,6.100000007336348e-07,3.333333253863202e-08,0.0007999999999981355,True
Na0.5Ag1.5Mg1Sn1S4_kesterite,1.9218749702787363e-08,1.5375000117501259e-07,3.333333342681044e-08,0.0,True
Na0.5Ag1.5Mg1Sn1S4_stannite,1.140625061069045e-08,9.125000133280992e-08,3.333333342681044e-08,0.0,True
Na0.5Ag1.5Mg1Sn1Se4_kesterite,7.812500069093176e-08,6.249999984220267e-07,4.440892098500626e-16,0.0,True
Na0.5Ag1.5Mg1Sn1Se4_stannite,6.765624860349817e-08,5.412499959334127e-07,0.0,0.0,True
Na0.5Ag1.5Mg1Sn1Te4_kesterite,1.8437500415302566e-08,1.4750000332242053e-07,3.333333253863202e-08,0.0,True
Na0.5Ag1.5Mg1Sn1Te4_stannite,4.140624998427711e-08,3.312499998742169e-07,8.881784197001252e-16,0.0,True
Na0.5Ag1.5Mg1Zr1S4_kesterite,3.6718749374387016e-08,2.937499985478098e-07,4.440892098500626e-16,0.0,True
Na0.5Ag1.5Mg1Zr1S4_stannite,5.734374974863954e-08,4.5875000154183e-07,0.0,0.0,True
Na0.5Ag1.5Mg1Zr1Se4_kesterite,1.3593748793283567e-08,1.0874999389898221e-07,0.0,0.0,True
Na0.5Ag1.5Mg1Zr1Se4_stannite,4.0156250324940856e-08,3.2125000615224053e-07,3.333333253863202e-08,0.0,True
Na0.5Ag1.5Mg1Zr1Te4_stannite,4.203125136825747e-08,3.362500038406324e-07,3.333333342681044e-08,0.0,True
Na0.5Ag1.5Sr1Ge1S4_kesterite,9.68750013541353e-09,7.749999753059456e-08,3.333333342681044e-08,0.0,True
Na0.5Ag1.5Sr1Ge1Se4_kesterite,6.890624870692363e-08,5.512499967608164e-07,3.333333342681044e-08,0.0,True
Na0.5Ag1.5Sr1Sn1S4_kesterite,4.562499933413733e-08,3.649999982258123e-07,3.333333342681044e-08,0.0,True
Na0.5Ag1.5Sr1Sn1Se4_stannite,5.6406249449025836e-08,4.5125000269763405e-07,3.333333342681044e-08,0.0,True
Na0.5Ag1.5Sr1Zr1S4_kesterite,4.843749978888923e-08,3.875000018638275e-07,0.0,0.0,True
Na0.5Ag1.5Sr1Zr1S4_stannite,4.000000020099037e-08,3.199999980552093e-07,3.333333387089965e-08,0.0,True
Na0.5Ag1.5Sr1Zr1Se4_kesterite,3.765625100626835e-08,3.012500044974331e-07,8.881784197001252e-16,0.0,True
Na0.5Ag1.5Sr1Zr1Se4_stannite,6.812499941943884e-08,5.449999989082244e-07,3.333333387089965e-08,0.0,True
Na0.5Ag1.5Sr1Zr1Te4_stannite,4.31249991272864e-08,3.449999965710049e-07,3.333333342681044e-08,0.0,True
Na0.5Ag1.5Zn1Ge1S4_kesterite,6.062499968706447e-08,4.850000010492295e-07,3.333333298272123e-08,0.0,True
Na0.5Ag1.5Zn1Ge1S4_stannite,2.5312500540053406e-08,2.0250000432042725e-07,3.333333431498886e-08,0.0,True
Na0.5Ag1.5Zn1Ge1Se4_kesterite,2.4687499600162255e-08,1.9750000035401172e-07,0.0,0.0,True
Na0.5Ag1.5Zn1Ge1Se4_stannite,2.1562499785687805e-08,1.7250000183821612e-07,3.333333342681044e-08,0.0,True
Na0.5Ag1.5Zn1Ge1Te4_kesterite,1.1874999206185066e-08,9.499999720219421e-08,8.881784197001252e-16,0.0,True
Na0.5Ag1.5Zn1Ge1Te4_stannite,7.10937491099628e-08,5.687499964324161e-07,3.333333253863202e-08,0.23030000000000062,False
Na0.5Ag1.5Zn1Sn1S4_kesterite,5.312500661602826e-09,4.250000529282261e-08,3.333333387089965e-08,0.0,True
Na0.5Ag1.5Zn1Sn1S4_stannite,1.4062502273759492e-09,1.1250001819007593e-08,3.333333342681044e-08,0.0,True
Na0.5Ag1.5Zn1Sn1Se4_kesterite,1.687500006397613e-08,1.3500000051180905e-07,3.333333253863202e-08,0.0,True
Na0.5Ag1.5Zn1Sn1Se4_stannite,2.5781250023726443e-08,2.0625000018981154e-07,8.881784197001252e-16,0.0,True
Na0.5Ag1.5Zn1Sn1Te4_kesterite,3.109375024124006e-08,2.4875000192992047e-07,3.333333342681044e-08,0.0,True
Na0.5Ag1.5Zn1Sn1Te4_stannite,7.031249804612116e-09,5.624999843689693e-08,0.0,0.0,True
Na0.5Ag1.5Zn1Zr1S4_kesterite,1.7499999227510443e-08,1.3999999737279722e-07,3.333333342681044e-08,0.0,True
Na0.5Ag1.5Zn1Zr1S4_stannite,5.343750020259108e-08,4.27499998068015e-07,0.0,0.0,True
Na0.5Ag1.5Zn1Zr1Se4_kesterite,3.9531248940960495e-08,3.1624999508039764e-07,3.333333342681044e-08,0.0,True
Na0.5Ag1.5Zn1Zr1Se4_stannite,1.7343749991738378e-08,1.387500034866207e-07,3.333333253863202e-08,0.0,True
Na0.5Ag1.5Zn1Zr1Te4_kesterite,1.2500001034254637e-09,1.000000082740371e-08,3.333333342681044e-08,0.0,True
Na0.5Ag1.5Zn1Zr1Te4_stannite,1.656249981607516e-08,1.3249999852860128e-07,3.333333342681044e-08,0.0,True
Na0.5Cs0.5Ag1Ba1Sn1S4_kesterite,4.93749987562353e-08,3.949999936025961e-07,0.0,0.0,True
Na0.5Cs0.5Ag1Ba1Zr1Te4_kesterite,7.39062495647147e-08,5.912500000704313e-07,8.881784197001252e-16,0.0,True
Na0.5Cs0.5Ag1Ba1Zr1Te4_stannite,2.0312498794083922e-08,1.6249999390538505e-07,3.333333387089965e-08,0.0,True
Na0.5Cs0.5Ag1Ca1Ge1S4_stannite,7.249999933733875e-08,5.799999982514237e-07,3.333333342681044e-08,0.0,True
Na0.5Cs0.5Ag1Ca1Ge1Se4_stannite,6.968749977076527e-08,5.575000017188358e-07,3.333333342681044e-08,,False
Na0.5Cs0.5Ag1Ca1Zr1S4_kesterite,3.23437494564871e-08,2.587499992046105e-07,4.440892098500626e-16,0.0,True
Na0.5Cs0.5Ag1Cd1Ge1Se4_stannite,3.1562499280823886e-08,2.5250000135201844e-07,0.0,0.0,True
Na0.5Cs0.5Ag1Cd1Ge1Te4_kesterite,5.968750027562919e-08,4.774999986523198e-07,3.333333342681044e-08,0.0,True
Na0.5Cs0.5Ag1Cd1Ge1Te4_stannite,5.8125000368391966e-08,4.6499999939442205e-07,3.333333431498886e-08,0.01019999999999932,False
Na0.5Cs0.5Ag1Cd1Sn1S4_stannite,3.484374966333803e-08,2.787500008594179e-07,8.881784197001252e-16,0.0,True
Na0.5Cs0.5Ag1Cd1Sn1Se4_stannite,9.68749969132432e-09,7.749999753059456e-08,3.333333342681044e-08,0.0,True
Na0.5Cs0.5Ag1Cd1Sn1Te4_kesterite,1.7812499475411414e-08,1.42499999356005e-07,0.0,9.999999999976694e-05,True
Na0.5Cs0.5Ag1Cd1Sn1Te4_stannite,7.96874966013661e-09,6.374999728109287e-08,3.333333253863202e-08,0.0,True
Na0.5Cs0.5Ag1Cd1Zr1Se4_kesterite,8.749999391710617e-09,6.999999868639861e-08,3.333333342681044e-08,0.0,True
Na0.5Cs0.5Ag1Cd1Zr1Te4_stannite,2.8125000550716095e-08,2.2500000085301508e-07,3.333333342681044e-08,,False
Na0.5Cs0.5Ag1Mg1Ge1S4_stannite,4.9843750904443596e-08,3.9874999657740773e-07,3.333333298272123e-08,0.0,True
Na0.5Cs0.5Ag1Mg1Ge1Se4_stannite,7.531249934800144e-08,6.025000018894389e-07,4.440892098500626e-16,0.0,True
Na0.5Cs0.5Ag1Mg1Ge1Te4_stannite,4.765624961322601e-08,3.812499969058081e-07,0.0,0.008800000000000807,True
Na0.5Cs0.5Ag1Mg1Sn1S4_stannite,4.078124993256438e-08,3.2624999590780135e-07,3.333333342681044e-08,0.0,True
Na0.5Cs0.5Ag1Mg1Sn1Se4_kesterite,5.687499893269887e-08,4.5499999856701834e-07,3.333333342681044e-08,0.0,True
Na0.5Cs0.5Ag1Mg1Sn1Se4_stannite,6.6093750916707e-08,5.287500002282286e-07,3.333333298272123e-08,0.0,True
Na0.5Cs0.5Ag1Mg1Zr1S4_stannite,8.593750155938551e-09,6.874999769479473e-08,0.0,0.0,True
Na0.5Cs0.5Ag1Sr1Zr1S4_kesterite,8.125000672265514e-09,6.500000182541044e-08,3.333333342681044e-08,0.0,True
Na0.5Cs0.5Ag1Sr1Zr1Se4_kesterite,2.3437496388112322e-09,1.8750000663203537e-08,0.0,0.0,True
Na0.5Cs0.5Ag1Zn1Ge1Te4_stannite,4.4999999726513806e-08,3.5999999781211045e-07,1.7763568394002505e-15,0.5211999999999994,False
Na0.5Cs0.5Ag1Zn1Sn1S4_kesterite,4.6406249065711336e-08,3.7124999607840437e-07,8.881784197001252e-16,0.0,True
Na0.5Cs0.5Ag1Zn1Sn1S4_stannite,3.968750084126782e-08,3.175000031774289e-07,3.333333342681044e-08,0.0,True
Na0.5Cs0.5Ag1Zn1Sn1Se4_stannite,8.28124946394837e-09,6.625000281701432e-08,3.333333342681044e-08,0.0,True
Na0.5Cs0.5Ag1Zn1Sn1Te4_stannite,4.859374991283971e-08,3.887499993027177e-07,3.333333431498886e-08,0.2748999999999988,False
Na0.5Cs0.5Ag1Zn1Zr1S4_stannite,3.6718749374387016e-08,2.937499985478098e-07,3.333333342681044e-08,0.0,True
Na0.5Cs0.5Ag1Zn1Zr1Se4_kesterite,5.0937499995740154e-08,4.075000035186349e-07,3.333333298272123e-08,0.0,True
Na0.5Cs0.5Ag1Zn1Zr1Se4_stannite,7.750000063921902e-08,6.200000015610385e-07,0.0,0.0,True
Na0.5Cs0.5Al0.5In0.5S1Te1_kesterite,7.687499969932787e-08,3.074999987973115e-07,4.440892098500626e-16,0.0,True
Na0.5Cs0.5Al0.5In0.5S1Te1_stannite,5.3281249190462177e-08,2.1312499853820555e-07,0.0,0.0,True
Na0.5Cs0.5Al0.5In0.5Se1Te1_kesterite,3.5000000231377726e-08,1.4000000447822458e-07,0.0,0.0,True
Na0.5Cs0.5Al0.5In0.5Se1Te1_stannite,6.562500010076633e-08,2.624999986267085e-07,3.333333342681044e-08,0.0,True
Na0.5Cs0.5Al0.5In0.5Te2_stannite,7.640625021565484e-08,3.0562500086261934e-07,3.333333342681044e-08,0.0,True
Na0.5Cs0.5Al1S1Se1_kesterite,6.265624996615315e-08,2.506249998646126e-07,3.333333342681044e-08,0.0,True
Na0.5Cs0.5Al1S2_kesterite,5.546875048167976e-08,2.2187500192671905e-07,3.333333342681044e-08,0.0,True
Na0.5Cs0.5Cu0.5Ag0.5Ba1Ge1S4_stannite,4.70312504496917e-08,3.762500000448199e-07,3.333333342681044e-08,,False
Na0.5Cs0.5Cu0.5Ag0.5Ba1Ge1Se4_stannite,3.4687500427565965e-08,2.7749999986781404e-07,0.0,0.0,True
Na0.5Cs0.5Cu0.5Ag0.5Ca1Sn1Se4_kesterite,1.656249937198595e-08,1.3249999852860128e-07,3.333333342681044e-08,,False
Na0.5Cs0.5Cu0.5Ag0.5Cd1Ge1Se4_stannite,1.249999215247044e-09,1.000000082740371e-08,3.333333253863202e-08,0.0,True
Na0.5Cs0.5Cu0.5Ag0.5Cd1Ge1Te4_stannite,7.281249958523972e-08,5.825000002346314e-07,3.333333253863202e-08,0.010500000000000398,False
Na0.5Cs0.5Cu0.5Ag0.5Cd1Sn1S4_stannite,3.9531249829138915e-08,3.16250002185825e-07,3.333333342681044e-08,0.0,True
Na0.5Cs0.5Cu0.5Ag0.5Cd1Sn1Se4_kesterite,5.999999963535174e-08,4.799999970828139e-07,3.333333253863202e-08,0.0,True
Na0.5Cs0.5Cu0.5Ag0.5Cd1Sn1Se4_stannite,1.171875085859142e-08,9.375000331601768e-08,3.333333342681044e-08,0.0,True
Na0.5Cs0.5Cu0.5Ag0.5Cd1Sn1Te4_kesterite,2.9062499518062168e-08,2.3249999969721102e-07,3.333333253863202e-08,0.01249999999999929,False
Na0.5Cs0.5Cu0.5Ag0.5Cd1Zr1S4_stannite,4.343750115154421e-08,3.4750000565964e-07,3.333333342681044e-08,0.0,True
Na0.5Cs0.5Cu0.5Ag0.5Cd1Zr1Se4_stannite,4.2656249643613364e-08,3.412500007016206e-07,3.333333342681044e-08,0.0,True
Na0.5Cs0.5Cu0.5Ag0.5Cd1Zr1Te4_stannite,1.5625007954156445e-09,1.2500002810611477e-08,3.333333342681044e-08,0.0,True
Na0.5Cs0.5Cu0.5Ag0.5Mg0.5Cd0.5Ge1S1Se2Te1_kesterite,7.515625011222937e-08,6.012499937924076e-07,8.881784197001252e-16,0.0,True
Na0.5Cs0.5Cu0.5Ag0.5Mg0.5Cd0.5Ge1S1Se2Te1_stannite,7.140624980195298e-08,5.712500055210512e-07,3.333333253863202e-08,0.0,True
Na0.5Cs0.5Cu0.5Ag0.5Mg1Ge1S4_stannite,1.4999999908837935e-08,1.2000000282341716e-07,3.333333342681044e-08,0.0,True
Na0.5Cs0.5Cu0.5Ag0.5Mg1Ge1Se4_kesterite,4.562500066640496e-08,3.649999982258123e-07,3.333333253863202e-08,,False
Na0.5Cs0.5Cu0.5Ag0.5Mg1Ge1Se4_stannite,7.078124930615104e-08,5.662500015546357e-07,3.333333342681044e-08,0.0,True
Na0.5Cs0.5Cu0.5Ag0.5Mg1Ge1Te4_kesterite,4.687499721711674e-09,3.7499994220979715e-08,3.333333342681044e-08,0.00019999999999953388,True
Na0.5Cs0.5Cu0.5Ag0.5Mg1Sn1S4_stannite,4.484375049074174e-08,3.5875000037322025e-07,8.881784197001252e-16,0.0,True
Na0.5Cs0.5Cu0.5Ag0.5Mg1Sn1Se4_kesterite,4.687494836730366e-10,3.75000297481165e-09,3.333333342681044e-08,0.0,True
Na0.5Cs0.5Cu0.5Ag0.5Mg1Sn1Se4_stannite,7.203125118593334e-08,5.762500023820394e-07,3.333333342681044e-08,0.0,True
Na0.5Cs0.5Cu0.5Ag0.5Mg1Sn1Te4_kesterite,6.74999993677261e-08,5.399999984945225e-07,3.333333342681044e-08,0.0,True
Na0.5Cs0.5Cu0.5Ag0.5Mg1Sn1Te4_stannite,6.48437494810139e-08,5.187499994008249e-07,3.333333431498886e-08,0.007200000000000983,True
Na0.5Cs0.5Cu0.5Ag0.5Mg1Zr1S4_kesterite,4.7812500181265705e-08,3.8249999789741196e-07,3.333333342681044e-08,0.0,True
Na0.5Cs0.5Cu0.5Ag0.5Mg1Zr1S4_stannite,3.0156249497537146e-08,2.4124999953301085e-07,3.333333342681044e-08,0.0,True
Na0.5Cs0.5Cu0.5Ag0.5Mg1Zr1Se4_kesterite,3.312500096441795e-08,2.650000041626299e-07,3.333333342681044e-08,,False
Na0.5Cs0.5Cu0.5Ag0.5Mg1Zr1Se4_stannite,3.0937500117289574e-08,2.474999973856029e-07,3.333333342681044e-08,0.0,True
Na0.5Cs0.5Cu0.5Ag0.5Mg1Zr1Te4_stannite,3.1718750737042e-08,2.5375000234362233e-07,8.881784197001252e-16,0.0,True
Na0.5Cs0.5Cu0.5Ag0.5Sr1Ge1Se4_stannite,5.656250134933316e-08,4.5250000368923793e-07,3.333333298272123e-08,0.0,True
Na0.5Cs0.5Cu0.5Ag0.5Sr1Sn1S1Te3_kesterite,4.109375062455456e-08,3.287499978910091e-07,3.333333431498886e-08,1.1601,False
Na0.5Cs0.5Cu0.5Ag0.5Sr1Sn1S1Te3_stannite,4.4062499426900104e-08,3.525000025206282e-07,3.333333253863202e-08,0.23080000000000034,False
Na0.5Cs0.5Cu0.5Ag0.5Zn1Ge1Te4_stannite,3.828125016980266e-08,3.062500013584213e-07,3.333333431498886e-08,0.4452999999999996,False
Na0.5Cs0.5Cu0.5Ag0.5Zn1Sn1Te4_stannite,6.140624941863848e-08,4.912499989018215e-07,3.333333253863202e-08,0.23019999999999996,False
Na0.5Cs0.5Cu0.5Ag0.5Zn1Zr1Te4_kesterite,1.7812500363589834e-08,1.42499999356005e-07,3.333333342681044e-08,0.0,True
Na0.5Cs0.5Cu1Ba1Zr1Se4_kesterite,2.4999999848063226e-08,2.0000000233721948e-07,3.333333342681044e-08,0.0,True
Na0.5Cs0.5Cu1Ca1Sn1Se4_kesterite,4.796874941703777e-08,3.8374999888901584e-07,3.333333342681044e-08,,False
Na0.5Cs0.5Cu1Ca1Zr1S4_kesterite,5.171874972731416e-08,4.1375000137122697e-07,3.333333298272123e-08,0.0,True
Na0.5Cs0.5Cu1Ca1Zr1Se4_kesterite,2.9062500406240588e-08,2.3249999969721102e-07,8.881784197001252e-16,0.0,True
Na0.5Cs0.5Cu1Cd1Ge1S4_stannite,6.937500129922114e-08,5.550000068410554e-07,8.881784197001252e-16,0.0,True
Na0.5Cs0.5Cu1Cd1Ge1Se4_kesterite,2.9687519109700133e-09,2.375000462961907e-08,3.333333342681044e-08,,False
Na0.5Cs0.5Cu1Cd1Ge1Se4_stannite,1.9531248174331495e-08,1.56249996052793e-07,0.0,0.0,True
Na0.5Cs0.5Cu1Cd1Ge1Te4_kesterite,3.6093750210852704e-08,2.8875000168682163e-07,3.333333253863202e-08,0.09940000000000104,False
Na0.5Cs0.5Cu1Cd1Sn1S4_kesterite,5.687500159723413e-08,4.550000056724457e-07,8.881784197001252e-16,,False
Na0.5Cs0.5Cu1Cd1Sn1S4_stannite,5.406250114248223e-08,4.325000020344305e-07,8.881784197001252e-16,0.0,True
Na0.5Cs0.5Cu1Cd1Sn1Se4_kesterite,1.6406251468481514e-08,1.3125000464242476e-07,3.333333387089965e-08,0.0,True
Na0.5Cs0.5Cu1Cd1Sn1Se4_stannite,6.531250074104378e-08,5.224999952702092e-07,3.333333342681044e-08,,False
Na0.5Cs0.5Cu1Cd1Sn1Te4_kesterite,2.9062499962151378e-08,2.3249999969721102e-07,3.333333342681044e-08,0.23040000000000305,False
Na0.5Cs0.5Cu1Cd1Sn1Te4_stannite,6.250000517127319e-10,5.000000413701855e-09,3.333333342681044e-08,0.013799999999999812,False
Na0.5Cs0.5Cu1Cd1Zr1S4_kesterite,6.406249308810175e-09,5.1249998023195076e-08,3.333333342681044e-08,0.0,True
Na0.5Cs0.5Cu1Cd1Zr1S4_stannite,3.1562499724913096e-08,2.5250000135201844e-07,0.0,0.0,True
Na0.5Cs0.5Cu1Cd1Zr1Se4_kesterite,1.1093750362789478e-08,8.874999934960215e-08,3.333333342681044e-08,0.0,True
Na0.5Cs0.5Cu1Cd1Zr1Se4_stannite,7.40625005768436e-08,5.925000010620352e-07,3.333333253863202e-08,0.0,True
Na0.5Cs0.5Cu1Mg0.5Zn0.5Sn1S2Te2_stannite,2.5468750664003892e-08,2.0374999820660378e-07,0.0,1.5209000000000001,False
Na0.5Cs0.5Cu1Mg1Ge1S4_stannite,2.2656250653341203e-08,1.8125000167401595e-07,3.333333431498886e-08,0.0,True
Na0.5Cs0.5Cu1Mg1Ge1Se4_stannite,6.625000148474669e-08,5.300000012198325e-07,3.333333342681044e-08,0.0,True
Na0.5Cs0.5Cu1Mg1Ge1Te4_kesterite,4.3281250583504516e-08,3.4625000466803613e-07,0.0,0.0,True
Na0.5Cs0.5Cu1Mg1Ge1Te4_stannite,3.859374952952521e-08,3.087499962362017e-07,3.333333342681044e-08,0.0,True
Na0.5Cs0.5Cu1Mg1Sn1S4_kesterite,3.765624922991151e-08,3.0124999739200575e-07,3.333333387089965e-08,,False
Na0.5Cs0.5Cu1Mg1Sn1S4_stannite,5.2968750718918045e-08,4.237500021986307e-07,3.333333342681044e-08,0.0,True
Na0.5Cs0.5Cu1Mg1Sn1Se4_stannite,1.7812502139946673e-08,1.4250000646143235e-07,3.333333342681044e-08,0.0,True
Na0.5Cs0.5Cu1Mg1Sn1Te4_stannite,2.0937500622153493e-08,1.6750000497722795e-07,3.333333342681044e-08,,False
Na0.5Cs0.5Cu1Mg1Zr1S4_kesterite,3.6406250014664465e-08,2.9124999656460204e-07,0.0,0.0,True
Na0.5Cs0.5Cu1Mg1Zr1S4_stannite,7.031250115474563e-08,5.625000056852514e-07,3.333333431498886e-08,0.0,True
Na0.5Cs0.5Cu1Mg1Zr1Se4_kesterite,5.8593749852065e-08,4.687500023692337e-07,0.0,0.0,True
Na0.5Cs0.5Cu1Mg1Zr1Se4_stannite,4.562500022231575e-08,3.649999982258123e-07,3.333333342681044e-08,0.0,True
Na0.5Cs0.5Cu1Mg1Zr1Te4_stannite,2.5624999455686748e-08,2.0499999919820766e-07,3.333333253863202e-08,,False
Na0.5Cs0.5Cu1Sr1Zr1S4_kesterite,5.96875007197184e-08,4.775000022050335e-07,3.333333298272123e-08,0.0,True
Na0.5Cs0.5Cu1Zn1Ge1S4_stannite,1.1093750362789478e-08,8.874999934960215e-08,3.333333342681044e-08,0.0,True
Na0.5Cs0.5Cu1Zn1Ge1Te4_stannite,9.218750207651283e-09,7.375000166121026e-08,3.333333431498886e-08,0.4049000000000005,False
Na0.5Cs0.5Cu1Zn1Sn1Te4_kesterite,4.062499980861389e-08,3.2499999846891114e-07,3.333333431498886e-08,0.0,True
Na0.5Cs0.5Cu1Zn1Sn1Te4_stannite,1.5468750280689392e-08,1.2375000224551513e-07,3.333333253863202e-08,0.08450000000000024,False
Na0.5Cs0.5Cu1Zn1Zr1S4_kesterite,7.703125026736757e-08,6.162499985862269e-07,3.333333342681044e-08,,False
Na0.5Cs0.5Cu1Zn1Zr1Se4_kesterite,5.7812501008669415e-08,4.6250000451664164e-07,0.0,,False
Na0.5Cs0.5Cu1Zn1Zr1Se4_stannite,7.265625034946765e-08,5.812499992430276e-07,3.333333342681044e-08,0.0,True
Na0.5Cs0.5Cu1Zn1Zr1Te4_kesterite,5.562499971745183e-08,4.45000004845042e-07,0.0,0.0,True
Na0.5Cs0.5Cu1Zn1Zr1Te4_stannite,6.921874984300302e-08,5.537500058494516e-07,3.333333342681044e-08,0.0,True
Na0.5Cs0.5Ga0.5In0.5S1Se1_kesterite,7.578125060803131e-08,3.0312500243212526e-07,3.333333342681044e-08,0.0,True
Na0.5Cs0.5Ga0.5In0.5S1Se1_stannite,6.671874919206289e-08,2.668749985446084e-07,0.0,0.0,True
Na0.5Cs0.5Ga0.5In0.5Te2_stannite,1.765624979555014e-08,7.062499918220055e-08,3.333333342681044e-08,9.999999999976694e-05,True
Na0.5Cs0.5Ga1S1Te1_kesterite,2.4062500436627943e-08,9.624999819379809e-08,0.0,0.0,True
Na0.5Cs0.5Ga1S1Te1_stannite,7.50000004323681e-08,2.9999999640040187e-07,3.333333342681044e-08,0.0,True
Na0.5Cs0.5Ga1Te2_stannite,5.531250035772928e-08,2.212500014309171e-07,3.333333253863202e-08,0.49370000000000047,False
Na0.5Cs0.5In1S1Te1_kesterite,1.4062502273759492e-09,5.625000909503797e-09,3.333333342681044e-08,0.0,True
Na0.5Cs0.5In1S1Te1_stannite,4.7499999045186314e-08,1.899999979571021e-07,3.333333342681044e-08,0.0,True
Na0.5Cs0.5In1S2_kesterite,1.1875000538452696e-08,4.750000215381078e-08,3.333333298272123e-08,0.0,True
Na0.5Cs0.5In1S2_stannite,3.078124910516067e-08,1.2312499819699951e-07,3.333333342681044e-08,0.0,True
Na0.5Cs1.5Ba1Ge1S4_kesterite,5.703125038891699e-08,4.562499995586222e-07,0.0,0.0,True
Na0.5Cs1.5Ca1Ge1S4_stannite,1.6406249248035465e-08,1.312499975369974e-07,3.3333333204765836e-08,0.0,True
Na0.5Cs1.5Cd1Ge1S4_stannite,7.375000077303184e-08,5.899999990788274e-07,0.0,,False
Na0.5Cs1.5Cd1Zr1Se4_stannite,9.687501911770369e-09,7.750000463602191e-08,0.0,0.0,True
Na0.5Cs1.5Mg0.5Zn0.5Ge1S1Se1Te2_kesterite,6.661338147750939e-16,0.0,8.881784197001252e-16,0.0,True
Na0.5Cs1.5Mg0.5Zn0.5Ge1S1Se1Te2_stannite,2.984374947168078e-08,2.387499977718477e-07,3.333333342681044e-08,0.20559999999999956,False
Na0.5Cs1.5Mg1Ge1S4_stannite,3.71875010785061e-08,2.9750000152262146e-07,3.333333342681044e-08,0.0,True
Na0.5Cs1.5Mg1Ge1Se4_stannite,6.375000083380655e-08,5.099999995650251e-07,3.333333342681044e-08,0.0,True
Na0.5Cs1.5Mg1Sn1S4_kesterite,6.249999895402425e-08,4.999999987376214e-07,0.0,0.0,True
Na0.5Cs1.5Mg1Zr1S4_kesterite,5.343749975850187e-08,4.27499998068015e-07,0.0,0.0,True
Na0.5Cs1.5Mg1Zr1Se4_kesterite,4.734375069759267e-08,3.7875000202802767e-07,0.0,0.0,True
Na0.5Cs1.5Sr1Zr1S4_kesterite,6.828125087565695e-08,5.462499998998283e-07,3.333333342681044e-08,0.0,True
Na0.5Cs1.5Sr1Zr1Se4_kesterite,2.7031249683062697e-08,2.1625000101721525e-07,3.333333342681044e-08,0.0,True
Na0.5Cs1.5Zn1Ge1S4_kesterite,7.12500001220917e-08,5.6999999742402e-07,0.0,0.0,True
Na0.5Cs1.5Zn1Ge1Se4_kesterite,1.9843750198589305e-08,1.5874999803600076e-07,3.333333342681044e-08,0.0,True
Na0.5Cs1.5Zn1Ge1Se4_stannite,7.812500024684255e-08,6.25000005527454e-07,3.333333342681044e-08,0.0,True
Na0.5Cs1.5Zn1Sn1S4_stannite,2.42187492283108e-08,1.9374999737920007e-07,3.333333298272123e-08,0.0,True
Na0.5Cs1.5Zn1Sn1Se4_stannite,5.703125038891699e-08,4.562500066640496e-07,0.0,0.0,True
Na0.5Cs1.5Zn1Zr1S4_stannite,6.703125032814228e-08,5.362499990724245e-07,0.0,0.0,True
Na0.5Cs1.5Zn1Zr1Se4_kesterite,1.0156249619086566e-08,8.12500005054062e-08,3.333333298272123e-08,0.0,True
Na0.5Cs1.5Zn1Zr1Se4_stannite,6.609375047261778e-08,5.287500002282286e-07,0.0,0.0,True
Na0.5Cs1Ag0.5Ba1Ge1Se4_stannite,7.046874994642849e-08,5.637499995714279e-07,0.0,0.0,True
Na0.5Cs1Ag0.5Ca1Ge1S4_stannite,3.218750022071504e-08,2.574999982130066e-07,4.440892098500626e-16,0.0,True
Na0.5Cs1Ag0.5Ca1Ge1Se4_stannite,3.406250037585323e-08,2.7250000300682586e-07,3.333333298272123e-08,0.0,True
Na0.5Cs1Ag0.5Cd1Ge1S4_stannite,5.96875007197184e-08,4.775000022050335e-07,3.333333342681044e-08,0.0,True
Na0.5Cs1Ag0.5Cd1Ge1Se4_stannite,7.109374999814122e-08,5.687500035378434e-07,3.333333342681044e-08,0.0,True
Na0.5Cs1Ag0.5Cd1Sn1S4_stannite,6.249999939811346e-08,4.999999987376214e-07,3.333333387089965e-08,0.0,True
Na0.5Cs1Ag0.5Cd1Sn1Se4_stannite,2.5468750219914682e-08,2.0374999820660378e-07,3.333333298272123e-08,0.0,True
Na0.5Cs1Ag0.5Cd1Zr1S4_stannite,5.250000123524501e-08,4.200000063292464e-07,0.0,0.0,True
Na0.5Cs1Ag0.5Cd1Zr1Se4_stannite,1.5625000404639877e-08,1.2499999968440534e-07,3.333333342681044e-08,0.0,True
Na0.5Cs1Ag0.5Mg0.5Cd0.5Sn0.5Ge0.5S1Se2Te1_kesterite,7.046875083460691e-08,5.637499995714279e-07,3.333333253863202e-08,0.0,True
Na0.5Cs1Ag0.5Mg1Ge1S4_kesterite,2.625000083966711e-08,2.100000031646232e-07,4.440892098500626e-16,0.0,True
Na0.5Cs1Ag0.5Mg1Ge1S4_stannite,2.5781250467815653e-08,2.0625000018981154e-07,3.333333342681044e-08,0.0,True
Na0.5Cs1Ag0.5Mg1Ge1Se4_stannite,3.312499918806111e-08,2.6499999705720256e-07,3.333333342681044e-08,0.0,True
Na0.5Cs1Ag0.5Mg1Sn1S4_kesterite,6.874999991524078e-08,5.499999957692125e-07,0.0,0.0,True
Na0.5Cs1Ag0.5Mg1Sn1S4_stannite,3.12499803811761e-10,2.500001983207767e-09,0.0,0.0,True
Na0.5Cs1Ag0.5Mg1Zr1S4_kesterite,7.203124985366571e-08,5.762500023820394e-07,0.0,0.0,True
Na0.5Cs1Ag0.5Mg1Zr1S4_stannite,5.078125075996809e-08,4.0625000252703103e-07,3.333333342681044e-08,0.0,True
Na0.5Cs1Ag0.5Sr1Ge1S4_stannite,7.812499935866413e-08,6.249999984220267e-07,3.333333298272123e-08,0.0,True
Na0.5Cs1Ag0.5Sr1Ge1Se4_stannite,5.187500073944307e-08,4.1500000236283086e-07,3.333333342681044e-08,,False
Na0.5Cs1Ag0.5Zn1Ge1S4_kesterite,6.218749915021249e-08,4.974999967544136e-07,3.333333342681044e-08,0.0,True
Na0.5Cs1Ag0.5Zn1Ge1S4_stannite,2.9062499518062168e-08,2.3249999969721102e-07,0.0,0.0,True
Na0.5Cs1Ag0.5Zn1Ge1Se4_stannite,4.5781249902177024e-08,3.662499992174162e-07,3.333333253863202e-08,0.0,True
Na0.5Cs1Ag0.5Zn1Sn1S4_kesterite,3.593750008690222e-08,2.8750000069521775e-07,3.333333387089965e-08,0.0,True
Na0.5Cs1Ag0.5Zn1Sn1S4_stannite,2.3281249816875516e-08,1.8624999853500412e-07,3.333333298272123e-08,0.0,True
Na0.5Cs1Ag0.5Zn1Sn1Se4_kesterite,1.0937500238838993e-08,8.749999835799827e-08,3.333333342681044e-08,0.0,True
Na0.5Cs1Ag0.5Zn1Sn1Se4_stannite,3.171875029295279e-08,2.5375000234362233e-07,0.0,0.10460000000000136,False
Na0.5Cs1Ag0.5Zn1Zr1S4_stannite,4.5781249458087814e-08,3.662499992174162e-07,3.333333298272123e-08,0.0,True
Na0.5Cs1Ag0.5Zn1Zr1Se4_stannite,3.12499803811761e-10,2.500001983207767e-09,3.333333298272123e-08,0.0,True
Na0.5Cs1Cu0.5Ca0.5Zn0.5Sn1S2Se2_kesterite,2.937499976596314e-08,2.3499998746956408e-07,0.0,0.0,True
Na0.5Cs1Cu0.5Ca1Ge1Se4_stannite,7.625000009170435e-08,6.100000007336348e-07,4.440892098500626e-16,0.0,True
Na0.5Cs1Cu0.5Ca1Sn1S4_stannite,1.4531250425164899e-08,1.1624999984860551e-07,4.440892098500626e-16,,False
Na0.5Cs1Cu0.5Ca1Sn1Se4_stannite,2.0156250002401066e-08,1.6125000001920853e-07,0.0,0.0,True
Na0.5Cs1Cu0.5Ca1Zr1S4_stannite,4.8437502897513696e-09,3.8750002318010957e-08,0.0,0.0,True
Na0.5Cs1Cu0.5Ca1Zr1Se4_stannite,4.4687499478612835e-08,3.5749999938161636e-07,3.333333342681044e-08,,False
Na0.5Cs1Cu0.5Cd1Ge1S4_stannite,7.703125026736757e-08,6.162499985862269e-07,3.333333253863202e-08,0.0,True
Na0.5Cs1Cu0.5Cd1Sn1S4_stannite,2.5000000736241645e-08,2.0000000233721948e-07,4.440892098500626e-16,,False
Na0.5Cs1Cu0.5Cd1Sn1Se4_stannite,4.440892098500626e-16,0.0,3.333333431498886e-08,,False
Na0.5Cs1Cu0.5Cd1Zr1S4_stannite,9.37499411435283e-10,7.499998844195943e-09,3.333333253863202e-08,,False
Na0.5Cs1Cu0.5Cd1Zr1Se4_stannite,4.187499991203936e-08,3.3500000284902853e-07,8.881784197001252e-16,0.0,True
Na0.5Cs1Cu0.5Mg0.5Ca0.5Sn1S2Se2_kesterite,7.640624977156563e-08,6.112500017252387e-07,8.881784197001252e-16,0.0,True
Na0.5Cs1Cu0.5Mg1Ge1S4_kesterite,2.6093749827538204e-08,2.087500021730193e-07,3.333333298272123e-08,0.0,True
Na0.5Cs1Cu0.5Mg1Ge1S4_stannite,6.890625003919126e-08,5.512499967608164e-07,3.333333342681044e-08,0.0,True
Na0.5Cs1Cu0.5Mg1Ge1Se4_stannite,4.374999962308834e-08,3.500000005374204e-07,3.333333387089965e-08,0.0,True
Na0.5Cs1Cu0.5Mg1Sn1S4_stannite,5.562500104971946e-08,4.45000004845042e-07,3.333333342681044e-08,0.0,True
Na0.5Cs1Cu0.5Mg1Sn1Se4_stannite,6.624999970838985e-08,5.300000012198325e-07,3.333333342681044e-08,0.0,True
Na0.5Cs1Cu0.5Mg1Sn1Te4_stannite,3.046874930134891e-08,2.4374999796350494e-07,8.881784197001252e-16,1.114700000000001,False
Na0.5Cs1Cu0.5Mg1Zr1S4_stannite,7.1875008167410215e-09,5.750000298121449e-08,3.333333342681044e-08,0.0,True
Na0.5Cs1Cu0.5Mg1Zr1Se4_stannite,2.8125000106626885e-09,2.2500003638015187e-08,3.333333342681044e-08,0.0,True
Na0.5Cs1Cu0.5Mg1Zr1Te4_stannite,5.8125000368391966e-08,4.6499999939442205e-07,0.0,0.0,True
Na0.5Cs1Cu0.5Sr1Ge1Te4_stannite,4.593750047021672e-08,3.6750000020902007e-07,3.333333431498886e-08,0.0,True
Na0.5Cs1Cu0.5Zn1Ge1S4_stannite,4.9218750408641654e-08,3.9374999971641955e-07,3.333333298272123e-08,0.0,True
Na0.5Cs1Cu0.5Zn1Ge1Se4_stannite,6.093749949087623e-08,4.874999959270099e-07,3.333333342681044e-08,0.7104999999999997,False
Na0.5Cs1Cu0.5Zn1Sn1S4_stannite,1.4375001189392833e-08,1.1500000596242899e-07,3.333333298272123e-08,0.0,True
Na0.5Cs1Cu0.5Zn1Zr1S4_stannite,5.937499825137138e-09,4.7499995048383425e-08,3.333333342681044e-08,0.0,True
Na0.5Cs1Cu0.5Zn1Zr1Se4_stannite,8.28124990803758e-09,6.624999571158696e-08,3.333333431498886e-08,0.0,True
Na0.5Cs1Cu0.5Zn1Zr1Te4_stannite,6.390625051366783e-08,5.11250000556629e-07,3.333333342681044e-08,0.0,True
Na0.5Cu0.5Ag1Ba0.5Cd0.5Sn1S2Se2_kesterite,7.29687497091902e-08,5.837500012262353e-07,3.333333253863202e-08,0.0,True
Na0.5Cu0.5Ag1Ba1Ge1S4_stannite,1.6718750384114855e-08,1.3374999952020517e-07,3.333333298272123e-08,0.0,True
Na0.5Cu0.5Ag1Ba1Sn0.5Ge0.5S2Te2_stannite,5.4374998725847945e-08,4.3499998980678356e-07,3.333333342681044e-08,0.0,True
Na0.5Cu0.5Ag1Ba1Zr1Se4_kesterite,3.656250013861495e-08,2.924999975562059e-07,3.333333431498886e-08,,False
Na0.5Cu0.5Ag1Ca0.5Cd0.5Sn0.5Ge0.5S3Te1_kesterite,3.890624888924776e-08,3.1124999821940946e-07,3.333333342681044e-08,0.0,True
Na0.5Cu0.5Ag1Ca0.5Cd0.5Sn0.5Ge0.5S3Te1_stannite,7.078125108250788e-08,5.662500015546357e-07,3.333333342681044e-08,0.0,True
Na0.5Cu0.5Ag1Ca0.5Cd0.5Sn1Se1Te3_kesterite,6.84374994452952e-08,5.475000008914321e-07,0.0,0.0,True
Na0.5Cu0.5Ag1Ca0.5Cd0.5Sn1Se1Te3_stannite,6.828125065361235e-08,5.462499998998283e-07,3.333333431498886e-08,0.0,True
Na0.5Cu0.5Ag1Ca1Ge1Se4_stannite,6.718750444889565e-09,5.375000000640284e-08,4.440892098500626e-16,,False
Na0.5Cu0.5Ag1Ca1Sn1Se4_kesterite,5.843750017220373e-08,4.675000013776298e-07,3.333333342681044e-08,,False
Na0.5Cu0.5Ag1Ca1Sn1Se4_stannite,2.7031250127151907e-08,2.1625000101721525e-07,3.333333342681044e-08,0.0,True
Na0.5Cu0.5Ag1Ca1Zr1S4_stannite,6.187500067866836e-08,4.950000018766332e-07,3.333333342681044e-08,0.0,True
Na0.5Cu0.5Ag1Ca1Zr1Se4_stannite,7.39062495647147e-08,5.912500000704313e-07,3.333333342681044e-08,0.0,True
Na0.5Cu0.5Ag1Ca1Zr1Te4_kesterite,2.2343750405440232e-08,1.7874999969080818e-07,3.333333253863202e-08,0.0,True
Na0.5Cu0.5Ag1Cd1Ge1S4_kesterite,5.250000034706659e-08,4.1999999922381903e-07,8.881784197001252e-16,0.0,True
Na0.5Cu0.5Ag1Cd1Ge1S4_stannite,6.515624972891487e-08,5.212499942786053e-07,0.0,0.0,True
Na0.5Cu0.5Ag1Cd1Ge1Se4_kesterite,3.484374966333803e-08,2.787500008594179e-07,3.333333253863202e-08,0.0,True
Na0.5Cu0.5Ag1Cd1Ge1Se4_stannite,2.2343750405440232e-08,1.7874999969080818e-07,3.333333342681044e-08,0.0058000000000006935,True
Na0.5Cu0.5Ag1Cd1Sn1S4_kesterite,3.046874974543812e-08,2.4374999441079126e-07,3.333333253863202e-08,0.0,True
Na0.5Cu0.5Ag1Cd1Sn1S4_stannite,2.3593750508865696e-08,1.887500005182119e-07,3.333333342681044e-08,0.0,True
Na0.5Cu0.5Ag1Cd1Sn1Se4_kesterite,5.109374923151222e-08,4.0874999740481144e-07,3.333333342681044e-08,,False
Na0.5Cu0.5Ag1Cd1Sn1Se4_stannite,3.281250071651698e-08,2.6250000217942215e-07,3.333333342681044e-08,0.0,True
Na0.5Cu0.5Ag1Cd1Sn1Te4_kesterite,4.421875043902901e-08,3.537499999595184e-07,3.333333342681044e-08,0.0,True
Na0.5Cu0.5Ag1Cd1Sn1Te4_stannite,6.624999970838985e-08,5.299999976671188e-07,3.333333431498886e-08,0.0,True
Na0.5Cu0.5Ag1Cd1Zr1S4_kesterite,7.156250036999268e-08,5.725000065126551e-07,3.333333342681044e-08,0.0,True
Na0.5Cu0.5Ag1Cd1Zr1Se4_kesterite,7.312499894496227e-08,5.849999951124119e-07,8.881784197001252e-16,,False
Na0.5Cu0.5Ag1Cd1Zr1Se4_stannite,3.765625100626835e-08,3.012500044974331e-07,3.333333431498886e-08,0.0,True
Na0.5Cu0.5Ag1Cd1Zr1Te4_kesterite,2.1875000033588776e-08,1.7499999671599653e-07,3.333333342681044e-08,,False
Na0.5Cu0.5Ag1Cd1Zr1Te4_stannite,4.062500069679231e-08,3.250000020216248e-07,0.0,0.0,True
Na0.5Cu0.5Ag1Mg0.5Ba0.5Sn1S1Se2Te1_kesterite,3.9218750025327154e-08,3.1374999309718987e-07,3.333333342681044e-08,0.0,True
Na0.5Cu0.5Ag1Mg0.5Ba0.5Sn1S1Se2Te1_stannite,6.656250040038003e-08,5.325000103084676e-07,0.0,0.0,True
Na0.5Cu0.5Ag1Mg1Ge1S1Se2Te1_kesterite,2.4375000240439704e-08,1.9500001258165867e-07,8.881784197001252e-16,0.0,True
Na0.5Cu0.5Ag1Mg1Ge1S1Se2Te1_stannite,4.9218750408641654e-08,3.9375001392727427e-07,3.333333342681044e-08,0.0,True
Na0.5Cu0.5Ag1Mg1Ge1S4_kesterite,2.1250000425965254e-08,1.6999999985500835e-07,3.333333298272123e-08,0.0,True
Na0.5Cu0.5Ag1Mg1Ge1S4_stannite,4.9218750408641654e-08,3.9374999971641955e-07,8.881784197001252e-16,0.0,True
Na0.5Cu0.5Ag1Mg1Ge1Se4_kesterite,7.390625045289312e-08,5.912500000704313e-07,3.333333298272123e-08,,False
Na0.5Cu0.5Ag1Mg1Ge1Se4_stannite,6.718749956391434e-08,5.375000000640284e-07,0.0,0.0,True
Na0.5Cu0.5Ag1Mg1Ge1Te4_kesterite,6.65624990681124e-08,5.324999960976129e-07,3.333333431498886e-08,0.0,True
Na0.5Cu0.5Ag1Mg1Ge1Te4_stannite,5.375000045049205e-08,4.3000000005122274e-07,3.333333342681044e-08,0.00829999999999842,True
Na0.5Cu0.5Ag1Mg1Sn1S4_stannite,1.5625000404639877e-08,1.2499999968440534e-07,3.333333342681044e-08,0.0,True
Na0.5Cu0.5Ag1Mg1Sn1Se4_kesterite,1.1249999598561544e-08,9.000000034120603e-08,0.0,0.0,True
Na0.5Cu0.5Ag1Mg1Sn1Se4_stannite,2.8124999662537675e-08,2.2500000085301508e-07,3.333333342681044e-08,0.0,True
Na0.5Cu0.5Ag1Mg1Sn1Te4_kesterite,7.74999997510406e-08,6.200000015610385e-07,3.333333342681044e-08,0.0,True
Na0.5Cu0.5Ag1Mg1Sn1Te4_stannite,6.468750024524184e-08,5.17499998409221e-07,0.0,0.0,True
Na0.5Cu0.5Ag1Mg1Zr1S4_kesterite,1.6093749888312914e-08,1.28750002659217e-07,3.333333253863202e-08,0.0,True
Na0.5Cu0.5Ag1Mg1Zr1S4_stannite,2.4687498711983835e-08,1.9749999324858436e-07,0.0,0.0,True
Na0.5Cu0.5Ag1Mg1Zr1Se4_kesterite,2.5468749331736262e-08,2.0374999820660378e-07,3.333333342681044e-08,,False
Na0.5Cu0.5Ag1Mg1Zr1Te4_kesterite,7.812492874847976e-10,6.24999785259206e-09,3.333333253863202e-08,0.0,True
Na0.5Cu0.5Ag1Mg1Zr1Te4_stannite,5.3281250078640596e-08,4.262499970764111e-07,3.333333342681044e-08,0.0,True
Na0.5Cu0.5Ag1Sr1Ge1Te4_kesterite,5.656249912888711e-08,4.5249999658381057e-07,3.333333253863202e-08,0.0,True
Na0.5Cu0.5Ag1Sr1Sn1Se4_kesterite,1.7343749547649168e-08,1.3874999638119334e-07,3.333333253863202e-08,,False
Na0.5Cu0.5Ag1Sr1Sn1Te4_kesterite,7.656250033960532e-08,6.125000027168426e-07,0.0,0.0,True
Na0.5Cu0.5Ag1Sr1Zr1Se4_kesterite,3.4687501315744385e-08,2.775000069732414e-07,3.333333253863202e-08,,False
Na0.5Cu0.5Ag1Sr1Zr1Te4_kesterite,3.375000057204147e-08,2.700000010236181e-07,3.333333253863202e-08,0.0,True
Na0.5Cu0.5Ag1Zn1Ge1S4_kesterite,5.4687503414641014e-09,4.374999917899913e-08,3.333333253863202e-08,0.0,True
Na0.5Cu0.5Ag1Zn1Ge1S4_stannite,4.593750047021672e-08,3.6750000020902007e-07,8.881784197001252e-16,0.0,True
Na0.5Cu0.5Ag1Zn1Ge1Se4_kesterite,2.031250012635155e-08,1.625000010108124e-07,3.333333342681044e-08,0.0,True
Na0.5Cu0.5Ag1Zn1Ge1Se4_stannite,1.4531249981075689e-08,1.1624999984860551e-07,3.333333342681044e-08,0.0,True
Na0.5Cu0.5Ag1Zn1Ge1Te4_kesterite,7.765624943090188e-08,6.21249995447215e-07,3.333333342681044e-08,0.0,True
Na0.5Cu0.5Ag1Zn1Ge1Te4_stannite,3.078124954924988e-08,2.4624999639399903e-07,0.0,0.06040000000000134,False
Na0.5Cu0.5Ag1Zn1Sn1S3Te1_kesterite,1.0468750311076747e-08,8.375000248861397e-08,3.333333342681044e-08,0.0,True
Na0.5Cu0.5Ag1Zn1Sn1S3Te1_stannite,5.312499773424406e-09,4.249999818739525e-08,3.333333342681044e-08,0.8299000000000003,False
Na0.5Cu0.5Ag1Zn1Sn1S4_kesterite,7.046874950233928e-08,5.637499995714279e-07,3.333333342681044e-08,0.0,True
Na0.5Cu0.5Ag1Zn1Sn1S4_stannite,7.640624888338721e-08,6.112499946198113e-07,3.333333342681044e-08,0.0,True
Na0.5Cu0.5Ag1Zn1Sn1Se4_kesterite,5.4374999169937155e-08,4.349999969122109e-07,0.0,0.0,True
Na0.5Cu0.5Ag1Zn1Sn1Se4_stannite,1.937499893855943e-08,1.549999950611891e-07,8.881784197001252e-16,0.014099999999999113,False
Na0.5Cu0.5Ag1Zn1Sn1Te4_kesterite,2.312500013701424e-08,1.8499999754340024e-07,8.881784197001252e-16,0.0,True
Na0.5Cu0.5Ag1Zn1Sn1Te4_stannite,7.359375020499215e-08,5.887500051926509e-07,1.7763568394002505e-15,0.0,True
Na0.5Cu0.5Ag1Zn1Zr1S4_kesterite,1.4218749289085508e-08,1.1374999786539775e-07,3.333333253863202e-08,0.0,True
Na0.5Cu0.5Ag1Zn1Zr1Se4_kesterite,7.343750052513087e-09,5.874999686739102e-08,3.333333342681044e-08,0.0,True
Na0.5Cu0.5Ag1Zn1Zr1Te4_stannite,6.718749956391434e-08,5.375000000640284e-07,3.333333342681044e-08,0.0,True
Na0.5Cu0.5Al0.5Ga0.5S1Te1_kesterite,4.765624961322601e-08,1.9062499845290404e-07,3.333333253863202e-08,0.0,True
Na0.5Cu0.5Al0.5Ga0.5S1Te1_stannite,1.0937490912965586e-09,4.374999917899913e-09,0.0,0.0,True
Na0.5Cu0.5Al0.5Ga0.5Te2_kesterite,2.0156249558311856e-08,8.062500000960426e-08,8.881784197001252e-16,0.0,True
Na0.5Cu0.5Al0.5Ga0.5Te2_stannite,1.9531250394777544e-08,7.812500157911018e-08,8.881784197001252e-16,0.0,True
Na0.5Cu0.5Al0.5In0.5S1Se1_kesterite,6.249999984220267e-08,2.499999993688107e-07,3.333333253863202e-08,0.0,True
Na0.5Cu0.5Al0.5In0.5S1Se1_stannite,1.7812500807679044e-08,7.12499996780025e-08,3.333333342681044e-08,0.0,True
Na0.5Cu0.5Al0.5In0.5S2_kesterite,1.7500001003867283e-08,7.000000223911229e-08,3.333333342681044e-08,0.0,True
Na0.5Cu0.5Al0.5In0.5S2_stannite,1.7031249299748197e-08,6.812500075170647e-08,3.333333342681044e-08,0.0,True
Na0.5Cu0.5Al0.5In0.5Se2_kesterite,2.9843750137814595e-08,1.1937499877490154e-07,8.881784197001252e-16,0.0,True
Na0.5Cu0.5Al0.5In0.5Se2_stannite,2.4999997627617176e-09,1.000000082740371e-08,3.333333298272123e-08,0.0,True
Na0.5Cu0.5Al0.5In0.5Te2_kesterite,1.79687495993619e-08,7.187499662109076e-08,3.333333342681044e-08,0.0,True
Na0.5Cu0.5Al0.5In0.5Te2_stannite,4.1562500108227596e-08,1.662499968801967e-07,3.333333431498886e-08,0.0,True
Na0.5Cu0.5Al1S1Te1_kesterite,4.375000806078333e-09,1.7500003224313332e-08,3.333333253863202e-08,0.0,True
Na0.5Cu0.5Al1S1Te1_stannite,1.093750867653398e-09,4.374999917899913e-09,8.881784197001252e-16,0.0,True
Na0.5Cu0.5Al1S2_kesterite,2.8906250282290102e-08,1.1562499935280357e-07,0.0,0.0,True
Na0.5Cu0.5Al1Se1Te1_kesterite,7.187499484473392e-09,2.8749997937893568e-08,3.333333342681044e-08,0.0,True
Na0.5Cu0.5Al1Se1Te1_stannite,2.812501342930318e-09,1.1250001819007593e-08,3.333333342681044e-08,0.0,True
Na0.5Cu0.5Ga0.5In0.5S1Se1_kesterite,7.218750042170541e-08,2.8875000168682163e-07,3.333333253863202e-08,,False
Na0.5Cu0.5Ga0.5In0.5S1Se1_stannite,2.9531248557645995e-08,1.1812499778329766e-07,3.333333253863202e-08,0.0,True
Na0.5Cu0.5Ga1S1Se1_kesterite,1.4999999464748726e-08,5.99999978589949e-08,3.333333253863202e-08,,False
Na0.5Cu0.5Ga1S1Se1_stannite,5.7812501452758625e-08,2.3125000225832082e-07,3.333333298272123e-08,0.0,True
Na0.5Cu0.5Ga1S1Te1_kesterite,1.171875041450221e-08,4.687500165800884e-08,3.333333342681044e-08,0.0,True
Na0.5Cu0.5Ga1S1Te1_stannite,3.031250050966605e-08,1.2125000026230737e-07,0.0,0.2743000000000002,False
Na0.5Cu0.5Ga1Se2_kesterite,3.9843750077039886e-08,1.5937500208451638e-07,8.881784197001252e-16,0.0,True
Na0.5Cu0.5Ga1Se2_stannite,1.2968749185660045e-08,5.187499851899702e-08,0.0,0.0,True
Na0.5Cu0.5Ga1Te2_stannite,7.328124951300197e-08,2.9312499805200787e-07,3.333333342681044e-08,0.006000000000000227,True
Na0.5Cu0.5In1Se1Te1_kesterite,3.9843750077039886e-08,1.593749985318027e-07,3.333333342681044e-08,0.0,True
Na0.5Cu0.5In1Se1Te1_stannite,4.062499669998942e-09,1.624999867999577e-08,0.0,0.007799999999999585,True
Na0.5Cu1.5Ba1Ge1S4_stannite,6.531249985286536e-08,5.225000023756365e-07,3.333333298272123e-08,0.0,True
Na0.5Cu1.5Ba1Ge1Se4_stannite,5.5781249841402314e-08,4.462499987312185e-07,0.0,0.0,True
Na0.5Cu1.5Ba1Sn1S4_stannite,5.453124929388764e-08,4.362499979038148e-07,0.0,0.0,True
Na0.5Cu1.5Ba1Sn1Se4_kesterite,3.406250037585323e-08,2.7250000300682586e-07,3.333333342681044e-08,0.0,True
Na0.5Cu1.5Ba1Zr1S4_kesterite,1.140625061069045e-08,9.125000133280992e-08,3.333333342681044e-08,0.0,True
Na0.5Cu1.5Ba1Zr1Se4_kesterite,3.374999879568463e-08,2.6999999391819074e-07,3.333333342681044e-08,0.0,True
Na0.5Cu1.5Ca1Ge1Te4_kesterite,7.625000053579356e-08,6.100000007336348e-07,3.333333431498886e-08,0.0,True
Na0.5Cu1.5Ca1Sn1Se4_kesterite,3.937500014927764e-08,3.150000011942211e-07,3.333333387089965e-08,0.0,True
Na0.5Cu1.5Ca1Sn1Se4_stannite,3.281249938424935e-09,2.624999950739948e-08,0.0,0.0,True
Na0.5Cu1.5Ca1Sn1Te4_kesterite,3.546874971505076e-08,2.837499977204061e-07,3.333333342681044e-08,0.0,True
Na0.5Cu1.5Ca1Zr1S4_stannite,1.2500001034254637e-08,1.0000000116860974e-07,3.333333342681044e-08,0.0,True
Na0.5Cu1.5Ca1Zr1Se4_kesterite,3.1250000365190544e-08,2.499999993688107e-07,3.333333342681044e-08,0.0,True
Na0.5Cu1.5Ca1Zr1Se4_stannite,5.906250022391646e-08,4.72499998238618e-07,3.333333253863202e-08,0.0,True
Na0.5Cu1.5Cd1Ge1S4_kesterite,7.703125115554599e-08,6.162499985862269e-07,3.333333342681044e-08,,False
Na0.5Cu1.5Cd1Ge1S4_stannite,6.718750045209276e-08,5.375000000640284e-07,0.0,0.0,True
Na0.5Cu1.5Cd1Ge1Se4_kesterite,6.374999905744971e-08,5.099999995650251e-07,0.0,0.0,True
Na0.5Cu1.5Cd1Ge1Se4_stannite,1.8750005992274055e-09,1.4999997688391886e-08,3.333333342681044e-08,0.0,True
Na0.5Cu1.5Cd1Ge1Te4_kesterite,2.8125000106626885e-08,2.2500000085301508e-07,3.333333253863202e-08,0.00689999999999813,True
Na0.5Cu1.5Cd1Ge1Te4_stannite,5.906249977982725e-08,4.72499998238618e-07,3.333333253863202e-08,0.0,True
Na0.5Cu1.5Cd1Sn1S4_kesterite,2.6093751159805834e-08,2.087500021730193e-07,3.333333298272123e-08,0.0,True
Na0.5Cu1.5Cd1Sn1S4_stannite,5.70312508330062e-08,4.562499995586222e-07,0.0,0.0,True
Na0.5Cu1.5Cd1Sn1Se4_kesterite,7.9687492160474e-09,6.375000083380655e-08,8.881784197001252e-16,0.0,True
Na0.5Cu1.5Cd1Sn1Se4_stannite,3.2656249260298864e-08,2.6125000118781827e-07,3.333333431498886e-08,0.0,True
Na0.5Cu1.5Cd1Sn1Te4_kesterite,4.593750002612751e-08,3.6750000020902007e-07,3.333333253863202e-08,0.0,True
Na0.5Cu1.5Cd1Sn1Te4_stannite,7.515625011222937e-08,6.01250000897835e-07,3.333333253863202e-08,0.0,True
Na0.5Cu1.5Cd1Zr1S4_kesterite,2.0468750694391247e-08,1.637500020024163e-07,3.333333431498886e-08,,False
Na0.5Cu1.5Cd1Zr1Se4_kesterite,7.12500001220917e-08,5.6999999742402e-07,3.333333253863202e-08,,False
Na0.5Cu1.5Cd1Zr1Se4_stannite,1.031250151939389e-08,8.250000149701009e-08,8.881784197001252e-16,0.0,True
Na0.5Cu1.5Cd1Zr1Te4_stannite,4.7500000377453944e-08,3.799999959142042e-07,3.333333342681044e-08,0.0,True
Na0.5Cu1.5Mg0.5Ca0.5Sn0.5Ge0.5Se2Te2_stannite,7.20312494095765e-08,5.76249995276612e-07,0.0,0.0,True
Na0.5Cu1.5Mg1Ge1S4_kesterite,4.4999998838335387e-08,3.6000000136482413e-07,3.333333342681044e-08,0.0,True
Na0.5Cu1.5Mg1Ge1S4_stannite,9.37499411435283e-10,7.499998844195943e-09,0.0,0.0,True
Na0.5Cu1.5Mg1Ge1Se4_kesterite,1.562499463148015e-09,1.2500002810611477e-08,3.333333342681044e-08,0.0,True
Na0.5Cu1.5Mg1Ge1Se4_stannite,6.515625017300408e-08,5.212499942786053e-07,3.333333253863202e-08,0.0,True
Na0.5Cu1.5Mg1Ge1Te4_kesterite,3.718749930214926e-08,2.9750000152262146e-07,0.0,9.999999999976694e-05,True
Na0.5Cu1.5Mg1Ge1Te4_stannite,2.1562500229777015e-08,1.7249999473278876e-07,8.881784197001252e-16,0.018700000000002603,False
Na0.5Cu1.5Mg1Sn1S4_kesterite,7.484374853206077e-08,5.987499989146272e-07,3.333333342681044e-08,0.0,True
Na0.5Cu1.5Mg1Sn1S4_stannite,4.218749927176191e-08,3.3749999772680894e-07,3.333333342681044e-08,0.0,True
Na0.5Cu1.5Mg1Sn1Se4_kesterite,5.0624999747839183e-08,4.0500000153542715e-07,3.333333253863202e-08,0.0,True
Na0.5Cu1.5Mg1Sn1Se4_stannite,1.2343749578036523e-08,9.875000017700586e-08,4.440892098500626e-16,0.0,True
Na0.5Cu1.5Mg1Sn1Te4_kesterite,4.999999525523435e-09,3.999999620418748e-08,3.333333253863202e-08,0.0,True
Na0.5Cu1.5Mg1Sn1Te4_stannite,4.9531250212453415e-08,3.962500016996273e-07,0.0,0.0,True
Na0.5Cu1.5Mg1Zr1S4_kesterite,6.453125189764819e-08,5.162500045230445e-07,3.333333431498886e-08,0.0,True
Na0.5Cu1.5Mg1Zr1S4_stannite,5.171875061549258e-08,4.137499942657996e-07,0.0,0.0,True
Na0.5Cu1.5Mg1Zr1Se4_kesterite,1.0937500238838993e-08,8.749999835799827e-08,0.0,,False
Na0.5Cu1.5Mg1Zr1Se4_stannite,1.3749998029055632e-08,1.099999948905861e-07,3.333333342681044e-08,0.0,True
Na0.5Cu1.5Mg1Zr1Te4_kesterite,5.828124871598561e-08,4.6625000038602593e-07,3.333333253863202e-08,0.0,True
Na0.5Cu1.5Mg1Zr1Te4_stannite,2.5781249579637233e-08,2.0625000018981154e-07,3.333333342681044e-08,0.0,True
Na0.5Cu1.5Sr0.5Cd0.5Sn1Se3Te1_kesterite,3.593750008690222e-08,2.875000006674622e-07,8.881784197001252e-16,0.0,True
Na0.5Cu1.5Sr1Ge1Se4_stannite,1.9843750642678515e-08,1.5874999803600076e-07,0.0,0.0,True
Na0.5Cu1.5Sr1Sn1Te4_kesterite,7.562499959590241e-08,6.049999967672193e-07,3.333333342681044e-08,0.0,True
Na0.5Cu1.5Sr1Zr1S4_kesterite,7.328125173344802e-08,5.862500032094431e-07,0.0,0.0,True
Na0.5Cu1.5Sr1Zr1Se4_kesterite,5.4687503414641014e-09,4.374999917899913e-08,8.881784197001252e-16,0.0,True
Na0.5Cu1.5Zn1Ge1S4_kesterite,3.765625011808993e-08,3.012500044974331e-07,3.333333342681044e-08,,False
Na0.5Cu1.5Zn1Ge1S4_stannite,2.312500013701424e-08,1.8499999754340024e-07,3.333333387089965e-08,0.0,True
Na0.5Cu1.5Zn1Ge1Se4_kesterite,9.374998555244929e-10,7.499998844195943e-09,0.0,0.0,True
Na0.5Cu1.5Zn1Ge1Se4_stannite,2.0468750250302037e-08,1.637500020024163e-07,0.0,0.0,True
Na0.5Cu1.5Zn1Ge1Te4_kesterite,6.781250005971629e-08,5.424999969250166e-07,3.333333431498886e-08,0.0,True
Na0.5Cu1.5Zn1Ge1Te4_stannite,3.3281250200190016e-08,2.6624999804880645e-07,0.0,0.007500000000000284,True
Na0.5Cu1.5Zn1Sn1S4_kesterite,1.171875041450221e-08,9.375000331601768e-08,3.333333342681044e-08,0.0,True
Na0.5Cu1.5Zn1Sn1S4_stannite,2.828125023057737e-08,2.2625000184461896e-07,3.333333342681044e-08,0.0,True
Na0.5Cu1.5Zn1Sn1Se4_kesterite,5.734374930455033e-08,4.5874999443640263e-07,3.333333253863202e-08,,False
Na0.5Cu1.5Zn1Sn1Se4_stannite,7.812499980275334e-09,6.249999984220267e-08,3.333333342681044e-08,0.0,True
Na0.5Cu1.5Zn1Sn1Te4_kesterite,6.57812497806276e-08,5.262499982450208e-07,0.0,0.0,True
Na0.5Cu1.5Zn1Sn1Te4_stannite,1.0312500187126261e-08,8.250000149701009e-08,3.333333253863202e-08,0.0,True
Na0.5Cu1.5Zn1Zr1S4_kesterite,1.6093749000134494e-08,1.2874999555378963e-07,3.333333342681044e-08,,False
Na0.5Cu1.5Zn1Zr1S4_stannite,2.6093748939359784e-08,2.0874999506759195e-07,0.0,0.0,True
Na0.5Cu1.5Zn1Zr1Se4_kesterite,5.218750009916562e-08,4.175000043460386e-07,3.333333253863202e-08,0.0,True
Na0.5Cu1.5Zn1Zr1Te4_kesterite,2.17187503537275e-08,1.7375000282982e-07,3.333333253863202e-08,0.0,True
Na0.5Cu1.5Zn1Zr1Te4_stannite,6.875000124750841e-09,5.5000000998006726e-08,3.333333342681044e-08,0.0,True
Na0.5Cu1Ag0.5Ba1Ge1S4_stannite,2.2656249765162784e-08,1.8125000167401595e-07,3.333333431498886e-08,,False
Na0.5Cu1Ag0.5Ba1Ge1Se4_kesterite,6.796874973957756e-08,5.437499979166205e-07,3.333333298272123e-08,,False
Na0.5Cu1Ag0.5Ba1Ge1Se4_stannite,6.40625001935291e-08,5.125000015482328e-07,3.333333298272123e-08,0.0,True
Na0.5Cu1Ag0.5Ba1Zr1S4_kesterite,7.281250047341814e-08,5.825000002346314e-07,0.0,,False
Na0.5Cu1Ag0.5Ba1Zr1Se4_kesterite,1.968750007463882e-08,1.5749999704439688e-07,3.333333342681044e-08,0.0,True
Na0.5Cu1Ag0.5Ca1Ge1S4_kesterite,5.874999997601549e-08,4.700000033608376e-07,3.333333342681044e-08,,False
Na0.5Cu1Ag0.5Ca1Sn1Se4_kesterite,7.203125029775492e-08,5.762500023820394e-07,8.881784197001252e-16,0.0,True
Na0.5Cu1Ag0.5Ca1Sn1Te4_kesterite,1.4999999020659516e-08,1.199999957179898e-07,3.333333431498886e-08,0.0,True
Na0.5Cu1Ag0.5Ca1Zr1S4_kesterite,5.484374954178861e-08,4.3874999988702257e-07,3.333333342681044e-08,0.0,True
Na0.5Cu1Ag0.5Ca1Zr1Se4_kesterite,7.718749950313963e-08,6.174999995778307e-07,3.333333342681044e-08,0.0,True
Na0.5Cu1Ag0.5Ca1Zr1Te4_kesterite,3.734374987018896e-08,2.98749995408798e-07,3.333333342681044e-08,0.0,True
Na0.5Cu1Ag0.5Cd1Ge1S4_kesterite,3.562499895082283e-08,2.8499999871201e-07,3.333333253863202e-08,0.0,True
Na0.5Cu1Ag0.5Cd1Ge1Se4_kesterite,2.3281249816875516e-08,1.8625000564043148e-07,3.333333342681044e-08,0.0,True
Na0.5Cu1Ag0.5Cd1Ge1Se4_stannite,4.593750091430593e-08,3.6750000020902007e-07,3.333333342681044e-08,0.0,True
Na0.5Cu1Ag0.5Cd1Sn1S4_kesterite,6.406250641077804e-09,5.1250005128622433e-08,3.333333342681044e-08,0.0,True
Na0.5Cu1Ag0.5Cd1Sn1S4_stannite,2.6093749383448994e-08,2.0874999506759195e-07,3.333333342681044e-08,0.0,True
Na0.5Cu1Ag0.5Cd1Sn1Te4_kesterite,4.484375004665253e-08,3.5875000037322025e-07,3.333333253863202e-08,0.0,True
Na0.5Cu1Ag0.5Cd1Sn1Te4_stannite,3.9843749632950676e-08,3.187499970636054e-07,3.333333342681044e-08,0.0,True
Na0.5Cu1Ag0.5Cd1Zr1S4_kesterite,5.875000086419391e-08,4.700000033608376e-07,3.333333342681044e-08,0.0,True
Na0.5Cu1Ag0.5Cd1Zr1S4_stannite,1.171874908223458e-08,9.374999621059033e-08,0.0,0.0,True
Na0.5Cu1Ag0.5Cd1Zr1Se4_kesterite,4.218751126217057e-09,3.375000545702278e-08,8.881784197001252e-16,0.0,True
Na0.5Cu1Ag0.5Cd1Zr1Te4_kesterite,3.890624888924776e-08,3.1124999821940946e-07,3.333333253863202e-08,,False
Na0.5Cu1Ag0.5Cd1Zr1Te4_stannite,7.500000087645731e-08,5.999999999062311e-07,3.333333342681044e-08,0.0,True
Na0.5Cu1Ag0.5Mg0.5Cd0.5Sn0.5Ge0.5Se2Te2_kesterite,2.5312499651874987e-08,2.024999972149999e-07,8.881784197001252e-16,0.0,True
Na0.5Cu1Ag0.5Mg0.5Cd0.5Sn0.5Ge0.5Se2Te2_stannite,2.3437499940826e-08,1.87499999526608e-07,3.333333342681044e-08,0.0,True
Na0.5Cu1Ag0.5Mg0.5Sr0.5Sn1Se2Te2_kesterite,3.453124985952627e-08,2.762499917707828e-07,8.881784197001252e-16,0.015699999999998937,False
Na0.5Cu1Ag0.5Mg0.5Sr0.5Sn1Se2Te2_stannite,1.968749963054961e-08,1.5749998993896952e-07,3.333333431498886e-08,0.0,True
Na0.5Cu1Ag0.5Mg1Ge1S4_kesterite,7.312500072131911e-08,5.850000022178392e-07,0.0,0.0,True
Na0.5Cu1Ag0.5Mg1Ge1S4_stannite,1.6718749495936436e-08,1.3374999952020517e-07,8.881784197001252e-16,0.0,True
Na0.5Cu1Ag0.5Mg1Ge1Se4_kesterite,1.0156248286818936e-08,8.124999339997885e-08,3.33333316504536e-08,,False
Na0.5Cu1Ag0.5Mg1Ge1Se4_stannite,2.5781249135548023e-08,2.0625000018981154e-07,3.333333342681044e-08,0.0,True
Na0.5Cu1Ag0.5Mg1Ge1Te4_kesterite,6.687499931601337e-08,5.349999980808207e-07,0.0,0.0,True
Na0.5Cu1Ag0.5Mg1Sn1S4_kesterite,6.562500010076633e-08,5.24999997253417e-07,3.333333342681044e-08,,False
Na0.5Cu1Ag0.5Mg1Sn1S4_stannite,3.125006919901807e-10,2.500001983207767e-09,3.333333342681044e-08,0.0,True
Na0.5Cu1Ag0.5Mg1Sn1Se4_kesterite,3.2656250592566494e-08,2.6125000118781827e-07,3.333333253863202e-08,0.0,True
Na0.5Cu1Ag0.5Mg1Sn1Se4_stannite,6.718750045209276e-08,5.375000000640284e-07,3.333333298272123e-08,0.0,True
Na0.5Cu1Ag0.5Mg1Sn1Te4_kesterite,1.484374978488745e-08,1.1875000183181328e-07,3.333333431498886e-08,0.0,True
Na0.5Cu1Ag0.5Mg1Sn1Te4_stannite,1.4218749733174718e-08,1.1374999786539775e-07,3.333333342681044e-08,0.0,True
Na0.5Cu1Ag0.5Mg1Zr1S4_kesterite,2.484375061229116e-08,1.987500013456156e-07,3.333333342681044e-08,,False
Na0.5Cu1Ag0.5Mg1Zr1S4_stannite,2.5781249579637233e-08,2.0625000018981154e-07,3.333333342681044e-08,0.0,True
Na0.5Cu1Ag0.5Mg1Zr1Se4_kesterite,4.9531249768364205e-08,3.9624999459419996e-07,8.881784197001252e-16,0.0,True
Na0.5Cu1Ag0.5Mg1Zr1Se4_stannite,3.703124962228799e-08,2.962500005310176e-07,0.0,0.0,True
Na0.5Cu1Ag0.5Mg1Zr1Te4_kesterite,3.109375024124006e-08,2.487499983772068e-07,3.333333253863202e-08,0.0,True
Na0.5Cu1Ag0.5Mg1Zr1Te4_stannite,1.406250671465159e-09,1.1250001819007593e-08,3.333333431498886e-08,0.0,True
Na0.5Cu1Ag0.5Sr0.5Zn0.5Ge1S1Se3_stannite,5.39062487980857e-08,4.3125001525368134e-07,3.333333342681044e-08,0.0,True
Na0.5Cu1Ag0.5Sr0.5Zn0.5Sn1S4_kesterite,5.796874935626306e-08,4.6374999840281816e-07,3.333333342681044e-08,0.0,True
Na0.5Cu1Ag0.5Sr0.5Zn0.5Sn1S4_stannite,7.499999954418968e-08,5.999999999062311e-07,3.333333342681044e-08,0.0,True
Na0.5Cu1Ag0.5Sr1Ge1S3Te1_kesterite,1.7812499031322204e-08,1.42499999356005e-07,3.333333342681044e-08,0.0,True
Na0.5Cu1Ag0.5Sr1Ge1S3Te1_stannite,4.062499936452468e-08,3.250000020216248e-07,3.333333431498886e-08,0.0,True
Na0.5Cu1Ag0.5Sr1Ge1Te4_kesterite,1.5781250972679572e-08,1.2625000067600922e-07,3.333333253863202e-08,0.0032999999999994145,True
Na0.5Cu1Ag0.5Sr1Zr1S4_kesterite,7.406249968866518e-08,5.925000010620352e-07,8.881784197001252e-16,0.0,True
Na0.5Cu1Ag0.5Sr1Zr1Se4_kesterite,4.2343749395712393e-08,3.387499987184128e-07,8.881784197001252e-16,0.0,True
Na0.5Cu1Ag0.5Zn1Ge1S4_kesterite,3.578125040704094e-08,2.8624999970361387e-07,8.881784197001252e-16,0.0,True
Na0.5Cu1Ag0.5Zn1Ge1Se4_kesterite,5.0937499551650944e-08,4.0749999641320755e-07,3.333333342681044e-08,0.0,True
Na0.5Cu1Ag0.5Zn1Ge1Se4_stannite,5.2343749779026894e-08,4.1874999823221515e-07,3.333333342681044e-08,0.0,True
Na0.5Cu1Ag0.5Zn1Ge1Te4_kesterite,1.625000045635261e-08,1.3000000365082087e-07,3.333333431498886e-08,0.0,True
Na0.5Cu1Ag0.5Zn1Ge1Te4_stannite,2.8125004547518984e-09,2.2500003638015187e-08,3.333333431498886e-08,0.023900000000000254,False
Na0.5Cu1Ag0.5Zn1Sn1S4_kesterite,4.203125048007905e-08,3.362500038406324e-07,3.333333342681044e-08,0.0,True
Na0.5Cu1Ag0.5Zn1Sn1S4_stannite,6.85937502353795e-08,5.48750001883036e-07,0.0,0.0,True
Na0.5Cu1Ag0.5Zn1Sn1Se4_stannite,6.796874973957756e-08,5.437499979166205e-07,3.333333253863202e-08,0.0,True
Na0.5Cu1Ag0.5Zn1Sn1Te4_kesterite,6.109375050300514e-08,4.887500040240411e-07,3.333333253863202e-08,0.0,True
Na0.5Cu1Ag0.5Zn1Sn1Te4_stannite,5.2343749779026894e-08,4.1874999823221515e-07,0.0,0.0,True
Na0.5Cu1Ag0.5Zn1Zr1S4_kesterite,3.7812500242040414e-08,3.0249999838360964e-07,3.333333342681044e-08,,False
Na0.5Cu1Ag0.5Zn1Zr1Se4_kesterite,1.7812499475411414e-08,1.42499999356005e-07,3.333333342681044e-08,,False
Na0.5Cu1Ag0.5Zn1Zr1Se4_stannite,3.7499999994139444e-08,3.0000000350582923e-07,8.881784197001252e-16,0.0,True
Na0.5Cu1Ag0.5Zn1Zr1Te4_kesterite,2.593750014767693e-08,2.0750000118141543e-07,3.333333431498886e-08,0.0,True
Na0.5Cu1Ag0.5Zn1Zr1Te4_stannite,2.8437499466349436e-08,2.274999957307955e-07,3.333333253863202e-08,0.0,True
Na0.5K0.5Ag1Ba1Ge1S4_kesterite,2.5781250467815653e-08,2.0625000018981154e-07,3.333333342681044e-08,0.0,True
Na0.5K0.5Ag1Ba1Ge1Se4_kesterite,6.95312505349932e-08,5.56250000727232e-07,3.333333253863202e-08,0.0,True
Na0.5K0.5Ag1Ba1Ge1Se4_stannite,1.0624999990938022e-08,8.500000348021786e-08,4.440892098500626e-16,0.0,True
Na0.5K0.5Ag1Ca1Ge1S4_kesterite,6.296874976996492e-08,5.03750001712433e-07,4.440892098500626e-16,0.0,True
Na0.5K0.5Ag1Ca1Ge1S4_stannite,1.687500050806534e-08,1.3500000051180905e-07,3.333333342681044e-08,0.0,True
Na0.5K0.5Ag1Ca1Ge1Se4_kesterite,2.1250000425965254e-08,1.6999999985500835e-07,3.333333298272123e-08,0.0,True
Na0.5K0.5Ag1Ca1Sn1S4_kesterite,6.312500078209382e-08,5.050000027040369e-07,0.0,0.0,True
Na0.5K0.5Ag1Ca1Sn1Se4_kesterite,6.734375013195404e-08,5.387500010556323e-07,0.0,0.0,True
Na0.5K0.5Ag1Ca1Zr1S4_kesterite,4.203124959190063e-08,3.3624999673520506e-07,3.333333342681044e-08,0.0,True
Na0.5K0.5Ag1Ca1Zr1Se4_kesterite,2.109374941383635e-08,1.6874999886340447e-07,0.0,0.0,True
Na0.5K0.5Ag1Ca1Zr1Te4_kesterite,1.6406251024392304e-08,1.3125000464242476e-07,0.0,0.0,True
Na0.5K0.5Ag1Cd1Ge1S4_kesterite,2.6718751211518565e-08,2.1375000613943484e-07,3.333333253863202e-08,0.0,True
Na0.5K0.5Ag1Cd1Ge1Se4_kesterite,1.3437499113422291e-08,1.0750000001280569e-07,3.333333342681044e-08,0.0,True
Na0.5K0.5Ag1Cd1Ge1Se4_stannite,4.4687499922702045e-08,3.575000064870437e-07,0.0,0.0,True
Na0.5K0.5Ag1Cd1Ge1Te4_kesterite,5.2968749830739625e-08,4.237500021986307e-07,3.333333253863202e-08,0.0,True
Na0.5K0.5Ag1Cd1Ge1Te4_stannite,4.2656250531791784e-08,3.412500007016206e-07,3.333333253863202e-08,0.00030000000000285354,True
Na0.5K0.5Ag1Cd1Sn1S4_stannite,2.8124998774359256e-08,2.2499999374758772e-07,0.0,0.0,True
Na0.5K0.5Ag1Cd1Sn1Se4_kesterite,2.2187499393311327e-08,1.774999986992043e-07,3.333333342681044e-08,0.0,True
Na0.5K0.5Ag1Cd1Sn1Se4_stannite,3.906250034546588e-08,3.1249999921101335e-07,3.333333342681044e-08,0.0,True
Na0.5K0.5Ag1Cd1Sn1Te4_kesterite,6.953124964681479e-08,5.56250000727232e-07,0.0,0.0,True
Na0.5K0.5Ag1Cd1Zr1S4_kesterite,9.68749924723511e-09,7.749999753059456e-08,0.0,0.0,True
Na0.5K0.5Ag1Cd1Zr1S4_stannite,2.3750000632816182e-08,1.9000000150981577e-07,3.333333253863202e-08,0.0,True
Na0.5K0.5Ag1Cd1Zr1Se4_kesterite,5.156249205384711e-09,4.1249997195791366e-08,3.333333342681044e-08,0.0,True
Na0.5K0.5Ag1Cd1Zr1Se4_stannite,1.7031249743837407e-08,1.3625000150341293e-07,0.0,0.0,True
Na0.5K0.5Ag1Mg0.5Sr0.5Ge1S2Se1Te1_kesterite,6.203125035852963e-08,4.962500028682371e-07,4.440892098500626e-16,0.0,True
Na0.5K0.5Ag1Mg0.5Sr0.5Ge1S2Se1Te1_stannite,9.99999993922529e-09,7.999999951380232e-08,0.0,0.0,True
Na0.5K0.5Ag1Mg1Ge1Se4_stannite,1.4999998576570306e-08,1.199999957179898e-07,0.0,0.0,True
Na0.5K0.5Ag1Mg1Ge1Te4_kesterite,5.828125004825324e-08,4.6625000038602593e-07,0.0,0.0,True
Na0.5K0.5Ag1Mg1Sn1S4_kesterite,6.812499941943884e-08,5.449999989082244e-07,3.333333342681044e-08,0.0,True
Na0.5K0.5Ag1Mg1Sn1S4_stannite,8.749999391710617e-09,6.999999868639861e-08,3.333333342681044e-08,0.0,True
Na0.5K0.5Ag1Mg1Sn1Se4_kesterite,2.6562489985337834e-09,2.1249995540983946e-08,4.440892098500626e-16,0.0,True
Na0.5K0.5Ag1Mg1Sn1Se4_stannite,6.23437501623414e-08,4.987499977460175e-07,4.440892098500626e-16,0.0,True
Na0.5K0.5Ag1Mg1Zr1S4_kesterite,1.8124999723312385e-08,1.4500000133921276e-07,3.333333342681044e-08,,False
Na0.5K0.5Ag1Mg1Zr1S4_stannite,4.390625063521725e-08,3.512500015290243e-07,3.333333342681044e-08,0.0,True
Na0.5K0.5Ag1Mg1Zr1Se4_kesterite,7.578125105212052e-08,6.062500048642505e-07,3.333333342681044e-08,0.0,True
Na0.5K0.5Ag1Sr1Ge1S4_kesterite,7.687500014341708e-08,6.14999997594623e-07,3.333333342681044e-08,0.0,True
Na0.5K0.5Ag1Sr1Ge1Se4_kesterite,9.218750651740493e-09,7.375000166121026e-08,3.333333387089965e-08,0.0,True
Na0.5K0.5Ag1Sr1Sn1S4_kesterite,1.3593749681461986e-08,1.0875000100440957e-07,0.0,0.0,True
Na0.5K0.5Ag1Sr1Zr1S4_kesterite,5.765625044062972e-08,4.612499964196104e-07,3.333333342681044e-08,0.0,True
Na0.5K0.5Ag1Sr1Zr1Se4_kesterite,2.203125015753926e-08,1.7624999770760041e-07,3.333333342681044e-08,0.0,True
Na0.5K0.5Ag1Zn1Ge1Se4_kesterite,1.9531250394777544e-08,1.5625000315822035e-07,3.333333342681044e-08,0.0,True
Na0.5K0.5Ag1Zn1Ge1Se4_stannite,3.9218750025327154e-08,3.1375000020261723e-07,3.333333298272123e-08,0.0,True
Na0.5K0.5Ag1Zn1Ge1Te4_kesterite,7.140625024604219e-08,5.712499984156238e-07,3.333333253863202e-08,0.0,True
Na0.5K0.5Ag1Zn1Sn0.5Ge0.5S2Se1Te1_kesterite,3.406250015380863e-08,2.7250000300682586e-07,3.333333342681044e-08,0.0,True
Na0.5K0.5Ag1Zn1Sn0.5Ge0.5S2Se1Te1_stannite,2.5781249801681838e-08,2.0625000018981154e-07,0.0,0.6059000000000001,False
Na0.5K0.5Ag1Zn1Sn1S4_kesterite,5.5156250677868e-08,4.4125000187023034e-07,3.333333298272123e-08,0.0,True
Na0.5K0.5Ag1Zn1Sn1S4_stannite,5.015625026416615e-08,4.012499985606155e-07,3.333333298272123e-08,0.0,True
Na0.5K0.5Ag1Zn1Sn1Se4_kesterite,7.781250044303079e-08,6.225000035442463e-07,3.333333342681044e-08,0.0,True
Na0.5K0.5Ag1Zn1Sn1Se4_stannite,3.999999975690116e-08,3.199999980552093e-07,3.333333253863202e-08,,False
Na0.5K0.5Ag1Zn1Sn1Te4_kesterite,6.093749993496544e-08,4.874999994797236e-07,8.881784197001252e-16,0.0,True
Na0.5K0.5Ag1Zn1Sn1Te4_stannite,5.703124950073857e-08,4.562499995586222e-07,8.881784197001252e-16,0.011099999999999,False
Na0.5K0.5Ag1Zn1Zr1S4_stannite,2.2187500281489747e-08,1.774999986992043e-07,3.333333253863202e-08,0.0,True
Na0.5K0.5Ag1Zn1Zr1Se4_kesterite,4.015624943676244e-08,3.2124999904681317e-07,3.333333342681044e-08,0.0,True
Na0.5K0.5Ag1Zn1Zr1Te4_kesterite,7.437499993656616e-08,5.950000030452429e-07,8.881784197001252e-16,0.0,True
Na0.5K0.5Al0.5Ga0.5S1Se1_kesterite,5.76562495524513e-08,2.306249982098052e-07,3.3333333204765836e-08,0.0,True
Na0.5K0.5Al0.5Ga0.5S1Se1_stannite,1.937500027082706e-08,7.750000108330823e-08,0.0,0.0,True
Na0.5K0.5Al0.5Ga0.5S2_kesterite,3.828125061389187e-08,1.5312500067921064e-07,3.333333342681044e-08,0.0,True
Na0.5K0.5Al0.5Ga0.5Se2_kesterite,5.7500000316679234e-08,2.3000000126671694e-07,3.333333342681044e-08,0.0,True
Na0.5K0.5Al0.5Ga0.5Se2_stannite,4.999999969612645e-08,1.999999987845058e-07,3.333333342681044e-08,0.0,True
Na0.5K0.5Al0.5In0.5S1Se1_kesterite,7.656249856324848e-09,3.062500297801307e-08,3.333333387089965e-08,0.0,True
Na0.5K0.5Al0.5In0.5S1Se1_stannite,4.687500165800884e-09,1.8750004215917215e-08,3.333333342681044e-08,0.0,True
Na0.5K0.5Al1S1Te1_kesterite,3.2656250148477284e-08,1.3062500059390914e-07,3.333333342681044e-08,0.0,True
Na0.5K0.5Al1S1Te1_stannite,1.765624979555014e-08,7.062499918220055e-08,3.333333342681044e-08,0.0,True
Na0.5K0.5Al1Se1Te1_kesterite,6.609375002852858e-08,2.643750001141143e-07,3.333333431498886e-08,0.0,True
Na0.5K0.5Al1Se1Te1_stannite,6.765624949167659e-08,2.7062499796670636e-07,0.0,0.0,True
Na0.5K0.5Cs0.5Ag0.5Ca0.5Zn0.5Sn0.5Ge0.5S3Se1_stannite,4.453125068692998e-08,3.562500126008672e-07,3.333333387089965e-08,0.0,True
Na0.5K0.5Cs0.5Ag0.5Ca0.5Zn0.5Sn1S3Te1_kesterite,2.078124827775696e-08,1.662499968801967e-07,3.333333298272123e-08,0.0,True
Na0.5K0.5Cs0.5Ag0.5Ca0.5Zn0.5Sn1S3Te1_stannite,4.703124867333486e-08,3.762500000448199e-07,0.0,0.0813000000000006,False
Na0.5K0.5Cs0.5Ag0.5Ca1Ge1S4_stannite,6.953124964681479e-08,5.56250000727232e-07,0.0,0.0,True
Na0.5K0.5Cs0.5Ag0.5Ca1Ge1Se4_stannite,7.031250071065642e-08,5.62499998579824e-07,3.333333342681044e-08,0.0,True
Na0.5K0.5Cs0.5Ag0.5Ca1Sn1S4_stannite,1.0156250507264986e-08,8.12500005054062e-08,3.333333387089965e-08,0.0,True
Na0.5K0.5Cs0.5Ag0.5Ca1Sn1Se4_stannite,4.406250075916773e-08,3.525000025206282e-07,3.333333342681044e-08,0.0,True
Na0.5K0.5Cs0.5Ag0.5Cd1Ge1S4_stannite,2.7187501583370022e-08,2.1750000200881914e-07,0.0,0.0,True
Na0.5K0.5Cs0.5Ag0.5Cd1Ge1Se4_stannite,4.484374960256332e-08,3.5875000037322025e-07,3.333333253863202e-08,0.0,True
Na0.5K0.5Cs0.5Ag0.5Cd1Sn1S4_stannite,3.625000166707082e-08,2.900000026784255e-07,3.333333298272123e-08,0.0,True
Na0.5K0.5Cs0.5Ag0.5Cd1Sn1Se4_stannite,6.109375050300514e-08,4.887500040240411e-07,3.333333431498886e-08,0.0,True
Na0.5K0.5Cs0.5Ag0.5Cd1Zr1S4_stannite,5.203124819885829e-08,4.162499962490074e-07,3.333333298272123e-08,0.0,True
Na0.5K0.5Cs0.5Ag0.5Cd1Zr1Se4_stannite,3.375000146021989e-08,2.700000010236181e-07,3.333333342681044e-08,0.0,True
Na0.5K0.5Cs0.5Ag0.5Mg0.5Ca0.5Sn0.5Ge0.5S2Se1Te1_kesterite,1.625000045635261e-08,1.3000001075624823e-07,3.333333253863202e-08,0.0,True
Na0.5K0.5Cs0.5Ag0.5Mg1Ge1S4_stannite,7.375000121712105e-08,5.899999990788274e-07,0.0,0.0,True
Na0.5K0.5Cs0.5Ag0.5Mg1Ge1Se4_stannite,2.5468750664003892e-08,2.0374999820660378e-07,0.0,0.0,True
Na0.5K0.5Cs0.5Ag0.5Mg1Sn1S4_stannite,1.0937498906571363e-08,8.749999835799827e-08,0.0,0.0,True
Na0.5K0.5Cs0.5Ag0.5Mg1Sn1Se4_stannite,4.484375049074174e-08,3.5875000037322025e-07,0.0,0.0,True
Na0.5K0.5Cs0.5Ag0.5Mg1Zr1S4_kesterite,3.734374809383212e-08,2.98749995408798e-07,3.333333342681044e-08,0.0,True
Na0.5K0.5Cs0.5Ag0.5Mg1Zr1S4_stannite,5.656249824070869e-08,4.5249999658381057e-07,0.0,0.0,True
Na0.5K0.5Cs0.5Ag0.5Mg1Zr1Se4_stannite,1.6406248359857045e-08,1.312499975369974e-07,4.440892098500626e-16,0.0,True
Na0.5K0.5Cs0.5Ag0.5Sr1Ge1S4_stannite,1.5625001292818297e-08,1.2499999968440534e-07,3.333333298272123e-08,0.0,True
Na0.5K0.5Cs0.5Ag0.5Zn1Ge1S4_stannite,4.375000361989123e-09,3.5000006448626664e-08,3.333333298272123e-08,0.0,True
Na0.5K0.5Cs0.5Ag0.5Zn1Ge1Se4_stannite,7.468750018446713e-08,5.974999979230233e-07,3.333333253863202e-08,0.0,True
Na0.5K0.5Cs0.5Ag0.5Zn1Sn1S4_stannite,2.4687499600162255e-08,1.9750000035401172e-07,0.0,0.0,True
Na0.5K0.5Cs0.5Ag0.5Zn1Sn1Se4_stannite,6.937499996695351e-08,5.549999997356281e-07,3.333333342681044e-08,0.0,True
Na0.5K0.5Cs0.5Ag0.5Zn1Zr1S4_stannite,5.859375074024342e-08,4.687500023692337e-07,4.440892098500626e-16,0.0,True
Na0.5K0.5Cs0.5Ag0.5Zn1Zr1Se4_kesterite,2.937499976596314e-08,2.350000016804188e-07,0.0,0.0,True
Na0.5K0.5Cs0.5Ag0.5Zn1Zr1Se4_stannite,4.734375069759267e-08,3.7875000202802767e-07,3.333333298272123e-08,0.0,True
Na0.5K0.5Cs0.5Cu0.5Ba1Sn0.5Ge0.5Se4_kesterite,5.4687500306016545e-08,4.375000131062734e-07,0.0,0.0,True
Na0.5K0.5Cs0.5Cu0.5Ca1Ge1S4_stannite,7.640625065974405e-08,6.112500017252387e-07,3.333333298272123e-08,0.0,True
Na0.5K0.5Cs0.5Cu0.5Ca1Ge1Se4_stannite,1.0312499743037051e-08,8.250000149701009e-08,3.333333342681044e-08,0.0,True
Na0.5K0.5Cs0.5Cu0.5Ca1Sn1S4_stannite,2.937500065414156e-08,2.350000016804188e-07,3.333333342681044e-08,,False
Na0.5K0.5Cs0.5Cu0.5Ca1Sn1Se4_stannite,7.531249979209065e-08,6.024999947840115e-07,0.0,,False
Na0.5K0.5Cs0.5Cu0.5Ca1Sn1Te4_stannite,4.656250007784024e-08,3.7249999707000825e-07,3.333333342681044e-08,0.0,True
Na0.5K0.5Cs0.5Cu0.5Cd1Ge1S4_stannite,2.812499122484269e-09,2.2500003638015187e-08,3.333333298272123e-08,0.0,True
Na0.5K0.5Cs0.5Cu0.5Cd1Ge1Se4_stannite,5.249999945888817e-08,4.1999999922381903e-07,3.333333342681044e-08,0.0,True
Na0.5K0.5Cs0.5Cu0.5Cd1Ge1Te4_stannite,4.9218749964552444e-08,3.9374999971641955e-07,1.7763568394002505e-15,,False
Na0.5K0.5Cs0.5Cu0.5Cd1Sn1S4_stannite,3.875000142983254e-08,3.1000000433323294e-07,3.333333342681044e-08,,False
Na0.5K0.5Cs0.5Cu0.5Cd1Sn1Te4_stannite,1.8125000611490805e-08,1.4500000133921276e-07,0.0,0.5108999999999995,False
Na0.5K0.5Cs0.5Cu0.5Cd1Zr1Se4_stannite,5.1249998467284286e-08,4.099999983964153e-07,0.0,0.0,True
Na0.5K0.5Cs0.5Cu0.5Cd1Zr1Te4_stannite,2.828124801013132e-08,2.262499947391916e-07,3.333333431498886e-08,0.0,True
Na0.5K0.5Cs0.5Cu0.5Mg1Ge1S4_stannite,1.859374920698542e-08,1.487500043140244e-07,3.333333342681044e-08,0.0,True
Na0.5K0.5Cs0.5Cu0.5Mg1Ge1Se4_stannite,2.3281250705053935e-08,1.8624999853500412e-07,3.333333342681044e-08,0.0,True
Na0.5K0.5Cs0.5Cu0.5Mg1Sn1Te4_stannite,6.875000124750841e-09,5.499999744529305e-08,3.333333342681044e-08,0.329699999999999,False
Na0.5K0.5Cs0.5Cu0.5Mg1Zr1S4_stannite,1.9843749310410885e-08,1.5875000514142812e-07,3.333333342681044e-08,0.0,True
Na0.5K0.5Cs0.5Cu0.5Mg1Zr1Te4_stannite,5.859374896388658e-08,4.687500023692337e-07,3.333333342681044e-08,0.0,True
Na0.5K0.5Cs0.5Cu0.5Zn1Ge1Se4_stannite,6.937500041104272e-08,5.549999997356281e-07,3.333333342681044e-08,0.0,True
Na0.5K0.5Cs0.5Cu0.5Zn1Sn1S4_stannite,1.828125073544129e-08,1.4625000233081664e-07,3.333333298272123e-08,0.0,True
Na0.5K0.5Cs0.5Cu0.5Zn1Sn1Se4_stannite,2.9218749642012654e-08,2.337500006888149e-07,8.881784197001252e-16,0.0,True
Na0.5K0.5Cs0.5Cu0.5Zn1Zr1S4_stannite,7.23437509897451e-08,5.787500043652472e-07,8.881784197001252e-16,,False
Na0.5K0.5Cs0.5Cu0.5Zn1Zr1Se4_kesterite,1.9218749702787363e-08,1.5374999406958523e-07,0.0,,False
Na0.5K0.5Cs0.5Cu0.5Zn1Zr1Te4_stannite,4.0937499168336444e-08,3.2749999689940523e-07,3.333333431498886e-08,0.0,True
Na0.5K0.5Cs1Ba1Ge1S4_kesterite,2.343750038491521e-08,1.8750000663203537e-07,0.0,0.0,True
Na0.5K0.5Cs1Cd1Zr1S4_stannite,6.984374989471576e-08,5.587500027104397e-07,0.0,,False
Na0.5K0.5Cs1Cd1Zr1Se4_stannite,1.1093750362789478e-08,8.874999934960215e-08,3.333333387089965e-08,,False
Na0.5K0.5Cs1Mg1Ge1S4_stannite,1.3906250373452167e-08,1.1124999588218998e-07,3.333333342681044e-08,0.0,True
Na0.5K0.5Cs1Mg1Ge1Se4_stannite,2.9687488023455444e-09,2.3749997524191713e-08,3.333333298272123e-08,0.0,True
Na0.5K0.5Cs1Mg1Sn1S4_kesterite,7.296875059736863e-08,5.837500012262353e-07,3.333333298272123e-08,0.0,True
Na0.5K0.5Cs1Sr1Zr1S4_kesterite,7.624999831534751e-08,6.099999936282074e-07,3.333333342681044e-08,,False
Na0.5K0.5Cs1Zn1Ge1S4_kesterite,5.703124994482778e-08,4.562499995586222e-07,3.333333298272123e-08,0.0,True
Na0.5K0.5Cs1Zn1Ge1S4_stannite,3.656249969452574e-08,2.924999975562059e-07,0.0,0.0,True
Na0.5K0.5Cs1Zn1Ge1Se4_kesterite,5.6093750089303285e-08,4.487500007144263e-07,0.0,0.0,True
Na0.5K0.5Cs1Zn1Zr1S4_stannite,7.000000090684466e-08,5.600000037020436e-07,3.333333431498886e-08,0.0,True
Na0.5K0.5Cs1Zn1Zr1Se4_stannite,3.281250071651698e-08,2.6250000217942215e-07,4.440892098500626e-16,0.0,True
Na0.5K0.5Cu0.5Ag0.5Ba1Ge1Se4_stannite,2.7500000943092573e-08,2.200000039920269e-07,0.0,0.0,True
Na0.5K0.5Cu0.5Ag0.5Ba1Zr1Se4_kesterite,6.906249927496333e-08,5.524999977524203e-07,3.333333253863202e-08,0.0,True
Na0.5K0.5Cu0.5Ag0.5Ca1Sn1Se4_stannite,4.7499999489275524e-08,3.799999959142042e-07,0.0,0.0,True
Na0.5K0.5Cu0.5Ag0.5Ca1Sn1Te4_kesterite,4.42187499949398e-08,3.537499964068047e-07,8.881784197001252e-16,0.0,True
Na0.5K0.5Cu0.5Ag0.5Ca1Sn1Te4_stannite,4.562499933413733e-08,3.649999982258123e-07,3.333333342681044e-08,0.0,True
Na0.5K0.5Cu0.5Ag0.5Ca1Zr1S4_stannite,5.171874928322495e-08,4.1375000137122697e-07,0.0,0.0,True
Na0.5K0.5Cu0.5Ag0.5Ca1Zr1Se4_kesterite,7.187499928562602e-09,5.750000298121449e-08,3.333333342681044e-08,0.0,True
Na0.5K0.5Cu0.5Ag0.5Cd1Ge1S4_stannite,5.484375042996703e-08,4.387500069924499e-07,3.333333253863202e-08,0.0,True
Na0.5K0.5Cu0.5Ag0.5Cd1Ge1Se4_kesterite,3.359374911582336e-08,2.687500000320142e-07,3.333333298272123e-08,,False
Na0.5K0.5Cu0.5Ag0.5Cd1Ge1Se4_stannite,4.765625050140443e-08,3.812499969058081e-07,3.333333253863202e-08,0.0,True
Na0.5K0.5Cu0.5Ag0.5Cd1Ge1Te4_kesterite,6.015624975930223e-08,4.812499980744178e-07,8.881784197001252e-16,0.0,True
Na0.5K0.5Cu0.5Ag0.5Cd1Sn1S4_stannite,6.359375026576686e-08,5.087499985734212e-07,3.333333342681044e-08,0.0,True
Na0.5K0.5Cu0.5Ag0.5Cd1Sn1Te4_stannite,5.8124999480213546e-08,4.6499999939442205e-07,3.333333342681044e-08,0.0,True
Na0.5K0.5Cu0.5Ag0.5Cd1Zr1Te4_kesterite,4.453124935466235e-08,3.562499983900125e-07,0.0,0.0,True
Na0.5K0.5Cu0.5Ag0.5Mg0.5Sr0.5Sn0.5Ge0.5Se4_kesterite,5.734374974863954e-08,4.5874999443640263e-07,2.220446049250313e-16,0.0,True
Na0.5K0.5Cu0.5Ag0.5Mg0.5Sr0.5Sn0.5Ge0.5Se4_stannite,5.4062499810214604e-08,4.3249999492900315e-07,0.0,0.0,True
Na0.5K0.5Cu0.5Ag0.5Mg1Ge1S4_stannite,5.359374943836315e-08,4.2874999905961886e-07,0.0,0.0,True
Na0.5K0.5Cu0.5Ag0.5Mg1Ge1Se1Te3_kesterite,1.8906249232841787e-08,1.5124999919180482e-07,3.333333253863202e-08,0.0,True
Na0.5K0.5Cu0.5Ag0.5Mg1Ge1Se1Te3_stannite,1.0156249397041961e-08,8.12500005054062e-08,3.333333342681044e-08,0.0020000000000024443,True
Na0.5K0.5Cu0.5Ag0.5Mg1Ge1Se4_kesterite,4.109375018046535e-08,3.287499978910091e-07,3.333333342681044e-08,,False
Na0.5K0.5Cu0.5Ag0.5Mg1Ge1Se4_stannite,3.234375034466552e-08,2.587499992046105e-07,0.0,0.0,True
Na0.5K0.5Cu0.5Ag0.5Mg1Sn1S4_stannite,7.343750052513087e-09,5.874999686739102e-08,4.440892098500626e-16,0.0,True
Na0.5K0.5Cu0.5Ag0.5Mg1Sn1Se4_kesterite,4.4687500366791255e-08,3.5749999938161636e-07,3.333333342681044e-08,0.0,True
Na0.5K0.5Cu0.5Ag0.5Mg1Sn1Te4_stannite,2.7031249683062697e-08,2.1625000101721525e-07,3.333333342681044e-08,0.0,True
Na0.5K0.5Cu0.5Ag0.5Mg1Zr1S4_kesterite,5.4062498922036184e-08,4.3249999492900315e-07,0.0,0.0,True
Na0.5K0.5Cu0.5Ag0.5Mg1Zr1S4_stannite,1.2343749578036523e-08,9.875000017700586e-08,0.0,0.0,True
Na0.5K0.5Cu0.5Ag0.5Mg1Zr1Se4_kesterite,1.6093749888312914e-08,1.28750002659217e-07,0.0,0.0,True
Na0.5K0.5Cu0.5Ag0.5Mg1Zr1Se4_stannite,7.250000022551717e-08,5.799999982514237e-07,3.333333342681044e-08,0.0,True
Na0.5K0.5Cu0.5Ag0.5Mg1Zr1Te4_stannite,9.062499639611588e-09,7.250000066960638e-08,0.0,0.0,True
Na0.5K0.5Cu0.5Ag0.5Sr0.5Zn0.5Ge1S2Se1Te1_kesterite,6.437499999734086e-08,5.150000035314406e-07,3.333333342681044e-08,0.0,True
Na0.5K0.5Cu0.5Ag0.5Sr1Sn1Te4_kesterite,3.218750022071504e-08,2.574999982130066e-07,3.333333253863202e-08,0.0,True
Na0.5K0.5Cu0.5Ag0.5Zn1Ge1S1Se2Te1_kesterite,7.718749994722884e-08,6.174999995778307e-07,0.0,0.0,True
Na0.5K0.5Cu0.5Ag0.5Zn1Ge1S1Se2Te1_stannite,5.4374999614026365e-08,4.349999969122109e-07,3.333333342681044e-08,0.0,True
Na0.5K0.5Cu0.5Ag0.5Zn1Ge1S4_stannite,7.609375041184308e-08,6.087499997420309e-07,3.333333342681044e-08,0.0,True
Na0.5K0.5Cu0.5Ag0.5Zn1Ge1Se4_kesterite,6.32812504619551e-08,5.062500036956408e-07,3.333333342681044e-08,,False
Na0.5K0.5Cu0.5Ag0.5Zn1Ge1Se4_stannite,3.1874999528724857e-08,2.5499999622979885e-07,3.333333342681044e-08,0.0,True
Na0.5K0.5Cu0.5Ag0.5Zn1Ge1Te4_kesterite,1.8125000167401595e-08,1.4500000133921276e-07,3.333333342681044e-08,0.0,True
Na0.5K0.5Cu0.5Ag0.5Zn1Sn1S4_stannite,1.5937499764362428e-08,1.275000016676131e-07,3.333333253863202e-08,0.0,True
Na0.5K0.5Cu0.5Ag0.5Zn1Sn1Se4_kesterite,3.937500014927764e-08,3.150000011942211e-07,3.333333342681044e-08,0.0,True
Na0.5K0.5Cu0.5Ag0.5Zn1Sn1Se4_stannite,3.1249999921101335e-08,2.499999993688107e-07,3.333333342681044e-08,0.0,True
Na0.5K0.5Cu0.5Ag0.5Zn1Sn1Te4_stannite,2.7812499858725914e-08,2.2249999886980731e-07,3.333333431498886e-08,0.00039999999999906777,True
Na0.5K0.5Cu0.5Ag0.5Zn1Zr1S4_kesterite,2.9843751025993015e-08,2.3875000465523044e-07,3.333333342681044e-08,0.0,True
Na0.5K0.5Cu0.5Ag0.5Zn1Zr1Se4_kesterite,3.9843749188861466e-08,3.187499970636054e-07,3.333333342681044e-08,,False
Na0.5K0.5Cu0.5Ag0.5Zn1Zr1Se4_stannite,3.0937500117289574e-08,2.4750000449103027e-07,3.333333253863202e-08,0.0,True
Na0.5K0.5Cu0.5Ag0.5Zn1Zr1Te4_stannite,5.7499999872590024e-08,4.6000000253343387e-07,3.333333342681044e-08,0.0,True
Na0.5K0.5Cu1Ba1Zr1S4_kesterite,2.1562500229777015e-08,1.7250000183821612e-07,0.0,0.0,True
Na0.5K0.5Cu1Ba1Zr1Se4_kesterite,6.375000038971734e-08,5.099999995650251e-07,3.333333342681044e-08,0.0,True
Na0.5K0.5Cu1Ca1Ge1S1Te3_kesterite,5.3281249190462177e-08,4.262499970764111e-07,3.333333342681044e-08,0.012999999999998124,False
Na0.5K0.5Cu1Ca1Ge1S1Te3_stannite,2.7343749930963668e-08,2.1874999589499566e-07,3.333333342681044e-08,0.0,True
Na0.5K0.5Cu1Ca1Ge1S4_kesterite,2.656250019938966e-08,2.124999980424036e-07,0.0,0.0,True
Na0.5K0.5Cu1Ca1Zr1S4_kesterite,5.109374878742301e-08,4.0874999740481144e-07,0.0,0.0,True
Na0.5K0.5Cu1Ca1Zr1S4_stannite,7.218750042170541e-08,5.774999962682159e-07,3.333333342681044e-08,0.0,True
Na0.5K0.5Cu1Cd1Ge1S4_kesterite,1.1875000094363486e-08,9.499999720219421e-08,8.881784197001252e-16,,False
Na0.5K0.5Cu1Cd1Ge1S4_stannite,2.2968750013063755e-08,1.8374999655179636e-07,3.333333342681044e-08,0.0,True
Na0.5K0.5Cu1Cd1Sn1S4_kesterite,5.624999133146957e-09,4.5000000170603016e-08,3.333333342681044e-08,,False
Na0.5K0.5Cu1Cd1Sn1Se4_kesterite,1.796875004345111e-08,1.4374999324218152e-07,3.333333342681044e-08,0.0,True
Na0.5K0.5Cu1Cd1Sn1Se4_stannite,7.640625110383326e-08,6.112500017252387e-07,8.881784197001252e-16,0.0,True
Na0.5K0.5Cu1Cd1Sn1Te4_stannite,4.687499277622464e-10,3.7499994220979715e-09,0.0,0.0,True
Na0.5K0.5Cu1Cd1Zr1S4_kesterite,7.40625005768436e-08,5.925000010620352e-07,3.333333342681044e-08,0.0,True
Na0.5K0.5Cu1Cd1Zr1S4_stannite,6.95312505349932e-08,5.56250000727232e-07,0.0,0.0,True
Na0.5K0.5Cu1Cd1Zr1Se4_stannite,5.421875082234351e-08,4.337500030260344e-07,0.0,,False
Na0.5K0.5Cu1Cd1Zr1Te4_stannite,4.734375025350346e-08,3.787499949226003e-07,3.333333253863202e-08,0.0,True
Na0.5K0.5Cu1Mg0.5Ba0.5Sn1S3Te1_kesterite,4.687500076983042e-08,3.74999999053216e-07,3.333333253863202e-08,0.0,True
Na0.5K0.5Cu1Mg0.5Ba0.5Sn1S3Te1_stannite,6.453124878902372e-08,5.162499974176171e-07,3.333333342681044e-08,0.0,True
Na0.5K0.5Cu1Mg1Ge1S4_kesterite,6.984375078289418e-08,5.587500027104397e-07,3.333333342681044e-08,,False
Na0.5K0.5Cu1Mg1Ge1Se4_stannite,5.515624934560037e-08,4.4125000187023034e-07,4.440892098500626e-16,,False
Na0.5K0.5Cu1Mg1Ge1Te4_stannite,6.453124967720214e-08,5.162499974176171e-07,3.333333253863202e-08,0.0,True
Na0.5K0.5Cu1Mg1Sn1S4_kesterite,5.484374954178861e-08,4.3874999988702257e-07,3.333333342681044e-08,0.0,True
Na0.5K0.5Cu1Mg1Sn1S4_stannite,6.515624972891487e-08,5.212500013840327e-07,0.0,0.0,True
Na0.5K0.5Cu1Mg1Sn1Se4_kesterite,4.718750101773139e-08,3.775000010364238e-07,3.333333431498886e-08,0.0,True
Na0.5K0.5Cu1Mg1Sn1Se4_stannite,2.796875087085482e-08,2.237499998614112e-07,3.333333342681044e-08,0.0,True
Na0.5K0.5Cu1Mg1Sn1Te4_kesterite,3.109374979715085e-08,2.487499983772068e-07,3.333333342681044e-08,0.0,True
Na0.5K0.5Cu1Mg1Sn1Te4_stannite,5.8124999924302756e-08,4.6499999939442205e-07,0.0,0.0,True
Na0.5K0.5Cu1Mg1Zr1S4_kesterite,7.343750052513087e-09,5.8750003972818376e-08,3.333333298272123e-08,0.0,True
Na0.5K0.5Cu1Mg1Zr1Se4_kesterite,2.0156249558311856e-08,1.6125000001920853e-07,3.333333342681044e-08,0.0,True
Na0.5K0.5Cu1Mg1Zr1Se4_stannite,9.531250899641464e-09,7.625000364441803e-08,0.0,0.0,True
Na0.5K0.5Cu1Mg1Zr1Te4_stannite,4.218750015994033e-08,3.3749999772680894e-07,8.881784197001252e-16,0.0,True
Na0.5K0.5Cu1Sr1Zr1S4_kesterite,5.625000909503797e-09,4.5000000170603016e-08,0.0,0.0,True
Na0.5K0.5Cu1Zn1Ge1Se2Te2_kesterite,3.0937501005467993e-08,2.4750000449103027e-07,0.0,0.0,True
Na0.5K0.5Cu1Zn1Ge1Se2Te2_stannite,2.203125015753926e-08,1.7624999770760041e-07,0.0,0.010300000000000864,False
Na0.5K0.5Cu1Zn1Ge1Se4_stannite,4.515624985046429e-08,3.61250002356428e-07,3.333333298272123e-08,0.0,True
Na0.5K0.5Cu1Zn1Ge1Te4_stannite,7.656249989551611e-08,6.125000027168426e-07,3.333333253863202e-08,0.013600000000000279,False
Na0.5K0.5Cu1Zn1Sn1S4_kesterite,3.859374952952521e-08,3.087499962362017e-07,3.333333431498886e-08,,False
Na0.5K0.5Cu1Zn1Sn1S4_stannite,2.1875000033588776e-08,1.7499999671599653e-07,0.0,0.0,True
Na0.5K0.5Cu1Zn1Sn1Se4_kesterite,3.62500007788924e-08,2.900000026784255e-07,3.333333253863202e-08,,False
Na0.5K0.5Cu1Zn1Sn1Se4_stannite,8.906249515661102e-09,7.12499996780025e-08,3.333333342681044e-08,0.0002000000000030866,True
Na0.5K0.5Cu1Zn1Sn1Te4_kesterite,1.140624972251203e-08,9.125000133280992e-08,3.333333342681044e-08,0.01810000000000045,False
Na0.5K0.5Cu1Zn1Zr1S4_kesterite,2.5781249579637233e-08,2.0625000018981154e-07,3.333333342681044e-08,0.0,True
Na0.5K0.5Cu1Zn1Zr1Se4_kesterite,2.312500013701424e-08,1.8499999754340024e-07,3.333333342681044e-08,0.0,True
Na0.5K0.5Ga0.5In0.5S1Te1_kesterite,5.656250046115474e-08,2.2625000184461896e-07,0.0,0.0,True
Na0.5K0.5Ga0.5In0.5S1Te1_stannite,4.0156249880851647e-08,1.6062499952340659e-07,3.333333253863202e-08,0.0,True
Na0.5K0.5Ga0.5In0.5Se2_kesterite,4.5781249902177024e-08,1.831249996087081e-07,3.333333342681044e-08,0.0,True
Na0.5K0.5Ga0.5In0.5Se2_stannite,4.1249999860326625e-08,1.649999994413065e-07,3.333333342681044e-08,0.0,True
Na0.5K0.5Ga1S2_kesterite,4.171875023217808e-08,1.6687500092871232e-07,3.333333298272123e-08,0.0,True
Na0.5K0.5In1S1Se1_kesterite,1.6718749940025646e-08,6.687499976010258e-08,3.333333387089965e-08,0.0,True
Na0.5K0.5In1S1Se1_stannite,7.57812497198529e-08,3.031249988794116e-07,3.333333342681044e-08,,False
Na0.5K0.5In1Te2_kesterite,7.640624977156563e-08,3.056249990862625e-07,0.0,0.0,True
Na0.5K0.5In1Te2_stannite,3.234374990057631e-08,1.2937499960230525e-07,3.333333342681044e-08,0.0,True
Na0.5K0.5Rb0.5Ag0.5Ba1Sn1S4_kesterite,1.3906249041184537e-08,1.1124999588218998e-07,0.0,0.0,True
Na0.5K0.5Rb0.5Ag0.5Ba1Zr1Se4_kesterite,2.281249988911327e-08,1.8249999556019247e-07,3.333333253863202e-08,0.0,True
Na0.5K0.5Rb0.5Ag0.5Cd1Ge1S4_kesterite,1.515625003278842e-08,1.2125000381502105e-07,0.0,0.0,True
Na0.5K0.5Rb0.5Ag0.5Cd1Sn1S4_kesterite,4.3281251027593726e-08,3.4625000466803613e-07,3.333333342681044e-08,0.0,True
Na0.5K0.5Rb0.5Ag0.5Cd1Sn1Se4_kesterite,5.359374988245236e-08,4.2874999905961886e-07,3.333333342681044e-08,0.0,True
Na0.5K0.5Rb0.5Ag0.5Cd1Zr1S4_kesterite,6.093749904678702e-08,4.874999959270099e-07,3.333333342681044e-08,0.0,True
Na0.5K0.5Rb0.5Ag0.5Cd1Zr1S4_stannite,5.4062499810214604e-08,4.325000020344305e-07,3.333333342681044e-08,0.0,True
Na0.5K0.5Rb0.5Ag0.5Cd1Zr1Se4_kesterite,6.562500010076633e-08,5.250000043588443e-07,3.333333253863202e-08,0.0,True
Na0.5K0.5Rb0.5Ag0.5Cd1Zr1Se4_stannite,2.1249999537786834e-08,1.6999999985500835e-07,8.881784197001252e-16,0.0,True
Na0.5K0.5Rb0.5Ag0.5Cd1Zr1Te4_stannite,6.74999989236369e-08,5.399999949418088e-07,3.333333342681044e-08,0.0,True
Na0.5K0.5Rb0.5Ag0.5Mg1Ge1S4_stannite,1.546875116886781e-08,1.237500057982288e-07,3.333333298272123e-08,0.0,True
Na0.5K0.5Rb0.5Ag0.5Mg1Sn1S4_kesterite,3.359374955991257e-08,2.687500000320142e-07,0.0,0.0,True
Na0.5K0.5Rb0.5Ag0.5Mg1Sn1Se4_kesterite,2.5468750664003892e-08,2.0374999820660378e-07,4.440892098500626e-16,0.0,True
Na0.5K0.5Rb0.5Ag0.5Mg1Zr1S4_kesterite,3.656250102679337e-08,2.925000046616333e-07,4.440892098500626e-16,0.0,True
Na0.5K0.5Rb0.5Ag0.5Mg1Zr1Se4_kesterite,7.546874902786271e-08,6.037499957756154e-07,0.0,0.0,True
Na0.5K0.5Rb0.5Ag0.5Sr0.5Cd0.5Sn0.5Ge0.5S4_kesterite,3.281250382514145e-09,2.624999950739948e-08,3.333333298272123e-08,0.0,True
Na0.5K0.5Rb0.5Ag0.5Sr0.5Cd0.5Sn0.5Ge0.5S4_stannite,3.2968750840467465e-08,2.6375000317102604e-07,0.0,0.0,True
Na0.5K0.5Rb0.5Ag0.5Sr1Sn1S2Se1Te1_kesterite,3.6718749818476226e-08,2.937499985478098e-07,0.0,0.0,True
Na0.5K0.5Rb0.5Ag0.5Sr1Sn1S2Se1Te1_stannite,1.593749932027322e-08,1.2749999456218575e-07,0.0,0.0,True
Na0.5K0.5Rb0.5Ag0.5Sr1Zr1S4_kesterite,8.437499587898856e-09,6.75000038086182e-08,0.0,,False
Na0.5K0.5Rb0.5Ag0.5Zn1Ge1Te4_stannite,1.7343750435827587e-08,1.3874999993390702e-07,0.0,0.4944000000000006,False
Na0.5K0.5Rb0.5Ag0.5Zn1Sn1Se4_kesterite,6.734375013195404e-08,5.387500010556323e-07,0.0,0.0,True
Na0.5K0.5Rb0.5Ag0.5Zn1Sn1Se4_stannite,5.1250000243641125e-08,4.099999983964153e-07,0.0,0.0,True
Na0.5K0.5Rb0.5Ag0.5Zn1Zr1S4_kesterite,2.937500065414156e-08,2.350000016804188e-07,3.333333298272123e-08,0.0,True
Na0.5K0.5Rb0.5Ag0.5Zn1Zr1S4_stannite,5.937499825137138e-09,4.750000215381078e-08,3.333333342681044e-08,0.0,True
Na0.5K0.5Rb0.5Ag0.5Zn1Zr1Se4_kesterite,4.796875030521619e-08,3.8374999888901584e-07,3.333333387089965e-08,0.0,True
Na0.5K0.5Rb0.5Ag0.5Zn1Zr1Se4_stannite,5.937499958363901e-08,4.7500000022182576e-07,8.881784197001252e-16,0.0,True
Na0.5K0.5Rb0.5Ag0.5Zn1Zr1Te4_stannite,4.218750238038638e-09,3.374999835159542e-08,3.333333342681044e-08,0.0,True
Na0.5K0.5Rb0.5Cs0.5Ba1Ge1S4_kesterite,6.093749904678702e-08,4.874999959270099e-07,2.220446049250313e-16,0.0,True
Na0.5K0.5Rb0.5Cs0.5Ba1Zr1S4_kesterite,7.531250023617986e-08,6.025000018894389e-07,0.0,0.0,True
Na0.5K0.5Rb0.5Cs0.5Cd1Sn1S4_stannite,1.4687500549115384e-08,1.175000008402094e-07,3.333333342681044e-08,,False
Na0.5K0.5Rb0.5Cs0.5Cd1Zr1S4_stannite,1.546875205704623e-08,1.2375002000908353e-07,3.333333253863202e-08,0.0,True
Na0.5K0.5Rb0.5Cs0.5Cd1Zr1Se4_stannite,4.0624998920435473e-08,3.250000020216248e-07,3.333333253863202e-08,0.0,True
Na0.5K0.5Rb0.5Cs0.5Mg0.5Zn0.5Sn1S2Te2_stannite,2.0781250498203008e-08,1.6625000398562406e-07,3.333333342681044e-08,0.0,True
Na0.5K0.5Rb0.5Cs0.5Mg1Ge1S4_kesterite,2.0468749362123617e-08,1.637500020024163e-07,3.333333298272123e-08,0.0,True
Na0.5K0.5Rb0.5Cs0.5Mg1Ge1S4_stannite,7.593750162016022e-08,6.075000058558544e-07,3.333333387089965e-08,0.0,True
Na0.5K0.5Rb0.5Cs0.5Mg1Zr1S4_kesterite,4.375000095535597e-08,3.500000005374204e-07,3.333333342681044e-08,0.0,True
Na0.5K0.5Rb0.5Cs0.5Sr0.5Ba0.5Ge1S4_stannite,5.703124861256015e-08,4.5624999245319486e-07,3.333333342681044e-08,0.0,True
Na0.5K0.5Rb0.5Cs0.5Zn1Ge1S4_stannite,6.249999184859689e-09,4.999999703159119e-08,0.0,0.0,True
Na0.5K0.5Rb0.5Cs0.5Zn1Ge1Se4_kesterite,4.140625042836632e-08,3.312499998742169e-07,3.333333342681044e-08,0.0,True
Na0.5K0.5Rb0.5Cs0.5Zn1Ge1Se4_stannite,4.546875054245447e-08,3.637500043396358e-07,0.0,,False
Na0.5K0.5Rb0.5Cs0.5Zn1Zr1S4_kesterite,7.50000004323681e-08,5.999999999062311e-07,4.440892098500626e-16,0.0,True
Na0.5K0.5Rb0.5Cs0.5Zn1Zr1S4_stannite,4.937499964441372e-08,3.9500000070802344e-07,8.881784197001252e-16,0.0,True
Na0.5K0.5Rb0.5Cs0.5Zn1Zr1Se4_stannite,5.906249933573804e-08,4.72499998238618e-07,3.333333342681044e-08,0.0,True
Na0.5K0.5Rb0.5Cs0.5Zn1Zr1Te4_stannite,6.4062497528993845e-09,5.1249998023195076e-08,0.0,0.0,True
Na0.5K0.5Rb0.5Cu0.5Ba1Zr1S4_stannite,1.9218750146876573e-08,1.5374999406958523e-07,0.0,,False
Na0.5K0.5Rb0.5Cu0.5Ca0.5Sr0.5Sn0.5Ge0.5S3Se1_stannite,5.984375039957968e-08,4.787500103020648e-07,2.220446049250313e-16,0.0,True
Na0.5K0.5Rb0.5Cu0.5Cd1Zr1Se4_kesterite,1.3749999805412472e-08,1.099999948905861e-07,0.0,0.0,True
Na0.5K0.5Rb0.5Cu0.5Cd1Zr1Se4_stannite,1.0312499743037051e-08,8.250000149701009e-08,3.333333342681044e-08,0.0,True
Na0.5K0.5Rb0.5Cu0.5Cd1Zr1Te4_stannite,1.7031249743837407e-08,1.3625000150341293e-07,0.0,0.0,True
Na0.5K0.5Rb0.5Cu0.5Mg0.5Ba0.5Ge1S3Te1_kesterite,4.79687507493054e-08,3.8374999888901584e-07,3.333333342681044e-08,0.027499999999999858,False
Na0.5K0.5Rb0.5Cu0.5Mg0.5Ba0.5Ge1S3Te1_stannite,2.0781248721846168e-08,1.662499968801967e-07,0.0,0.0,True
Na0.5K0.5Rb0.5Cu0.5Mg0.5Cd0.5Sn0.5Ge0.5S3Te1_stannite,5.8124999036124336e-08,4.6499999939442205e-07,3.333333342681044e-08,0.025100000000000122,False
Na0.5K0.5Rb0.5Cu0.5Mg0.5Zn0.5Sn1S2Se2_stannite,2.5000000292152436e-08,2.0000000233721948e-07,0.0,0.0,True
Na0.5K0.5Rb0.5Cu0.5Mg1Ge1Te4_stannite,1.4999999908837935e-08,1.1999999927070348e-07,3.333333342681044e-08,0.0,True
Na0.5K0.5Rb0.5Cu0.5Sr0.5Cd0.5Sn1S4_kesterite,6.156249998667818e-08,4.924999998934254e-07,3.333333342681044e-08,0.0,True
Na0.5K0.5Rb0.5Cu0.5Sr0.5Cd0.5Sn1S4_stannite,6.984374945062655e-08,5.587499956050124e-07,3.333333298272123e-08,0.0,True
Na0.5K0.5Rb0.5Cu0.5Sr1Ge1Te4_stannite,1.5781250084501153e-08,1.2625000067600922e-07,4.440892098500626e-16,0.0,True
Na0.5K0.5Rb0.5Cu0.5Zn1Ge1Se4_kesterite,2.0781249165935378e-08,1.662499968801967e-07,8.881784197001252e-16,0.0,True
Na0.5K0.5Rb0.5Cu0.5Zn1Sn0.5Ge0.5S4_stannite,5.531249946955086e-08,4.425000028618342e-07,3.333333342681044e-08,,False
Na0.5K0.5Rb0.5Cu0.5Zn1Zr1Se4_kesterite,6.437500088551928e-08,5.150000035314406e-07,0.0,,False
Na0.5K0.5Rb0.5Cu0.5Zn1Zr1Te4_stannite,1.0312500631215471e-08,8.250000149701009e-08,3.333333253863202e-08,0.0,True
Na0.5K0.5Rb1Ba0.5Cd0.5Ge1S2Se2_stannite,6.796874840730993e-08,5.437499979166205e-07,3.333333342681044e-08,0.0,True
Na0.5K0.5Rb1Ba1Ge1S4_kesterite,3.750000132640707e-08,3.0000000350582923e-07,3.333333342681044e-08,0.0,True
Na0.5K0.5Rb1Ba1Ge1Se4_stannite,1.7187513634553397e-09,1.375000380221536e-08,0.0,0.0,True
Na0.5K0.5Rb1Ba1Sn1S4_kesterite,5.8125000812481176e-08,4.6499999939442205e-07,3.333333342681044e-08,0.0,True
Na0.5K0.5Rb1Ba1Zr1Se4_kesterite,1.0468749866987537e-08,8.374999538318662e-08,3.333333342681044e-08,0.0,True
Na0.5K0.5Rb1Ca1Ge1Te4_stannite,5.4687503414641014e-09,4.375000273171281e-08,0.0,0.0,True
Na0.5K0.5Rb1Cd1Ge1S4_stannite,4.71875014618206e-08,3.775000010364238e-07,3.333333298272123e-08,0.0,True
Na0.5K0.5Rb1Cd1Ge1Se4_stannite,1.5312499712649696e-08,1.2249999770119757e-07,3.333333342681044e-08,0.0,True
Na0.5K0.5Rb1Cd1Sn0.5Ge0.5Te4_stannite,4.7812499737176495e-08,3.8249999789741196e-07,3.333333253863202e-08,0.0,True
Na0.5K0.5Rb1Cd1Zr1S4_stannite,1.031250151939389e-08,8.250000149701009e-08,0.0,0.0,True
Na0.5K0.5Rb1Cd1Zr1Se4_stannite,2.9531251666270464e-08,2.3625000267202267e-07,3.333333298272123e-08,0.0,True
Na0.5K0.5Rb1Mg0.5Cd0.5Sn0.5Ge0.5S1Se1Te2_stannite,1.53124999346943e-08,1.2249999059577021e-07,0.0,0.018400000000001526,False
Na0.5K0.5Rb1Mg0.5Cd0.5Sn1S2Te2_kesterite,2.687500000320142e-08,2.1500000002561137e-07,3.333333342681044e-08,0.0,True
Na0.5K0.5Rb1Mg0.5Cd0.5Sn1S2Te2_stannite,3.9843750077039886e-08,3.187499970636054e-07,0.0,0.0,True
Na0.5K0.5Rb1Mg0.5Cd0.5Sn1S4_kesterite,4.2656250531791784e-08,3.412500007016206e-07,0.0,0.0,True
Na0.5K0.5Rb1Mg0.5Cd0.5Sn1S4_stannite,7.750000063921902e-08,6.200000015610385e-07,3.333333298272123e-08,0.0,True
Na0.5K0.5Rb1Mg1Ge1S4_stannite,7.359375109317057e-08,5.887499980872235e-07,3.333333342681044e-08,0.0,True
Na0.5K0.5Rb1Mg1Ge1Se4_stannite,7.20312494095765e-08,5.762500023820394e-07,3.333333342681044e-08,0.0,True
Na0.5K0.5Rb1Mg1Ge1Te4_stannite,6.125000018286642e-08,4.900000014629313e-07,3.333333431498886e-08,0.08160000000000167,False
Na0.5K0.5Rb1Mg1Zr1S4_kesterite,5.765625044062972e-08,4.612499964196104e-07,3.333333342681044e-08,0.0,True
Na0.5K0.5Rb1Mg1Zr1Se4_kesterite,7.781250088712e-08,6.224999964388189e-07,3.333333342681044e-08,0.0,True
Na0.5K0.5Rb1Sr1Ge1Te4_stannite,6.609374958443937e-08,5.287499966755149e-07,3.333333342681044e-08,0.0,True
Na0.5K0.5Rb1Zn1Ge1S4_stannite,2.5468750664003892e-08,2.0374999820660378e-07,3.333333387089965e-08,0.0,True
Na0.5K0.5Rb1Zn1Ge1Se4_stannite,4.281249932347464e-08,3.424999945877971e-07,0.0,0.0,True
Na0.5K0.5Rb1Zn1Zr1S4_stannite,1.4687500549115384e-08,1.175000008402094e-07,3.333333342681044e-08,0.0,True
Na0.5K0.5Rb1Zn1Zr1Se4_stannite,3.45312511917939e-08,2.762500059816375e-07,0.0,0.0,True
Na0.5K0.5Rb1Zn1Zr1Te4_stannite,1.2500001034254637e-09,1.000000082740371e-08,3.333333342681044e-08,0.0,True
Na0.5K1.5Ba1Ge1S4_kesterite,5.218749965507641e-08,4.1749999724061126e-07,3.333333342681044e-08,,False
Na0.5K1.5Ba1Ge1Se4_kesterite,5.734374930455033e-08,4.5874999443640263e-07,3.333333331578814e-08,0.0,True
Na0.5K1.5Ba1Sn1S4_kesterite,6.875000035932999e-08,5.500000028746399e-07,0.0,0.0,True
Na0.5K1.5Ba1Zr1S4_kesterite,5.5000000109828306e-08,4.4000000087862645e-07,0.0,0.0,True
Na0.5K1.5Cd1Zr1S4_kesterite,9.374999887512558e-09,7.500000265281415e-08,3.333333342681044e-08,0.0,True
Na0.5K1.5Cd1Zr1S4_stannite,6.703125032814228e-08,5.362499990724245e-07,4.440892098500626e-16,0.0,True
Na0.5K1.5Cd1Zr1Se4_kesterite,5.203124997521513e-08,4.162499962490074e-07,0.0,,False
Na0.5K1.5Cd1Zr1Te4_kesterite,2.656249886712203e-08,2.124999980424036e-07,0.0,0.0,True
Na0.5K1.5Cd1Zr1Te4_stannite,7.515624922405095e-08,6.01250000897835e-07,3.333333342681044e-08,0.0,True
Na0.5K1.5Mg1Ge1S4_stannite,6.859374890311187e-08,5.487499947776087e-07,3.333333342681044e-08,0.0,True
Na0.5K1.5Mg1Ge1Se4_stannite,1.4062484510191098e-09,1.1249994713580236e-08,3.333333298272123e-08,0.0,True
Na0.5K1.5Mg1Ge1Te4_kesterite,4.203125003598984e-08,3.3625000028791874e-07,3.333333342681044e-08,0.0,True
Na0.5K1.5Mg1Ge1Te4_stannite,3.281249982833856e-08,2.624999986267085e-07,0.0,0.0,True
Na0.5K1.5Mg1Zr1S4_kesterite,7.281249914115051e-08,5.825000002346314e-07,3.333333342681044e-08,0.0,True
Na0.5K1.5Sr1Ge1Se4_kesterite,1.6093749000134494e-08,1.2874999555378963e-07,0.0,0.0,True
Na0.5K1.5Sr1Zr1S4_kesterite,4.0937500500604074e-08,3.275000040048326e-07,3.333333342681044e-08,0.0,True
Na0.5K1.5Zn1Ge1S4_stannite,5.1249999799551915e-08,4.099999983964153e-07,3.333333342681044e-08,0.0,True
Na0.5K1.5Zn1Ge1Se4_stannite,9.99999993922529e-09,7.999999951380232e-08,3.333333342681044e-08,0.0,True
Na0.5K1.5Zn1Ge1Te4_stannite,5.562499971745183e-08,4.450000012923283e-07,8.881784197001252e-16,0.0,True
Na0.5K1.5Zn1Sn1Te4_stannite,4.6874999881652e-08,3.74999999053216e-07,3.333333342681044e-08,0.0,True
Na0.5K1.5Zn1Zr1S4_kesterite,7.12500001220917e-08,5.6999999742402e-07,3.333333431498886e-08,,False
Na0.5K1.5Zn1Zr1S4_stannite,1.687500050806534e-08,1.3500000051180905e-07,3.333333298272123e-08,0.0,True
Na0.5K1.5Zn1Zr1Se4_kesterite,4.3281249251236886e-08,3.4624999756260877e-07,0.0,0.0,True
Na0.5K1.5Zn1Zr1Se4_stannite,2.0781249165935378e-08,1.662499968801967e-07,4.440892098500626e-16,0.0,True
Na0.5K1Ag0.5Ba1Sn1S4_kesterite,4.109374929228693e-08,3.287499978910091e-07,3.333333387089965e-08,0.0,True
Na0.5K1Ag0.5Ca0.5Ba0.5Ge1S2Te2_stannite,1.828124940317366e-08,1.4624999522538928e-07,3.333333298272123e-08,0.0,True
Na0.5K1Ag0.5Ca1Ge1Se4_stannite,5.3281249190462177e-08,4.262499970764111e-07,0.0,,False
Na0.5K1Ag0.5Ca1Zr1Se4_kesterite,3.0156249497537146e-08,2.4124999953301085e-07,0.0,0.0,True
Na0.5K1Ag0.5Cd1Ge1S2Se2_kesterite,7.125000145435934e-08,5.6999999742402e-07,0.0,,False
Na0.5K1Ag0.5Cd1Ge1S2Se2_stannite,1.2968748741570835e-08,1.0375000414342139e-07,3.333333342681044e-08,0.0,True
Na0.5K1Ag0.5Cd1Ge1S4_stannite,6.156249865441055e-08,4.924999998934254e-07,3.333333342681044e-08,0.0,True
Na0.5K1Ag0.5Cd1Ge1Se4_kesterite,3.2968749952289045e-08,2.6375000317102604e-07,3.333333298272123e-08,0.0,True
Na0.5K1Ag0.5Cd1Ge1Se4_stannite,1.9531249506599124e-08,1.56249996052793e-07,3.333333342681044e-08,0.0,True
Na0.5K1Ag0.5Cd1Sn1Se1Te3_stannite,4.812500020712207e-08,3.849999998806197e-07,0.0,0.00019999999999953388,True
Na0.5K1Ag0.5Cd1Zr1S4_kesterite,5.343749842623424e-08,4.27499998068015e-07,0.0,0.0,True
Na0.5K1Ag0.5Cd1Zr1S4_stannite,3.9843748300683046e-08,3.187499970636054e-07,3.333333342681044e-08,0.0,True
Na0.5K1Ag0.5Cd1Zr1Se4_kesterite,3.625000166707082e-08,2.900000026784255e-07,3.333333342681044e-08,0.0,True
Na0.5K1Ag0.5Cd1Zr1Se4_stannite,3.171874896068516e-08,2.5375000234362233e-07,3.333333253863202e-08,0.0,True
Na0.5K1Ag0.5Mg0.5Ca0.5Sn0.5Ge0.5S3Te1_stannite,9.531250899641464e-09,7.624999653899067e-08,3.333333298272123e-08,0.0,True
Na0.5K1Ag0.5Mg0.5Ca0.5Sn1S2Se1Te1_kesterite,4.6406249065711336e-08,3.7124999607840437e-07,4.440892098500626e-16,0.0,True
Na0.5K1Ag0.5Mg0.5Ca0.5Sn1S2Se1Te1_stannite,3.421875005571451e-08,2.737499968930024e-07,3.333333298272123e-08,0.0,True
Na0.5K1Ag0.5Mg1Ge1Se4_stannite,7.484374897614998e-08,5.987499989146272e-07,3.333333387089965e-08,0.0,True
Na0.5K1Ag0.5Mg1Sn0.5Ge0.5S1Se3_kesterite,3.890625022151539e-08,3.1124999821940946e-07,0.0,0.0,True
Na0.5K1Ag0.5Mg1Sn0.5Ge0.5S1Se3_stannite,4.531249597761189e-09,3.625000033480319e-08,3.333333342681044e-08,0.0,True
Na0.5K1Ag0.5Mg1Sn1Se4_kesterite,4.249999951966288e-08,3.399999997100167e-07,3.333333342681044e-08,0.0,True
Na0.5K1Ag0.5Mg1Zr1S4_kesterite,5.031249816767058e-08,4.024999995522194e-07,3.333333342681044e-08,0.0,True
Na0.5K1Ag0.5Mg1Zr1Se4_kesterite,5.7499998984411604e-08,4.6000000253343387e-07,0.0,0.0,True
Na0.5K1Ag0.5Sr1Zr1Se4_kesterite,3.031249962148763e-08,2.4250000052461473e-07,3.333333342681044e-08,0.0,True
Na0.5K1Ag0.5Zn0.5Cd0.5Ge1S4_kesterite,7.04687503905177e-08,5.637499995714279e-07,0.0,0.0,True
Na0.5K1Ag0.5Zn0.5Cd0.5Ge1S4_stannite,2.7187499807013182e-08,2.1750000200881914e-07,4.440892098500626e-16,0.0,True
Na0.5K1Ag0.5Zn1Ge1S4_stannite,7.21874999776162e-08,5.775000033736433e-07,3.333333298272123e-08,0.0,True
Na0.5K1Ag0.5Zn1Ge1Se4_stannite,6.984375033880497e-08,5.587500027104397e-07,0.0,0.0,True
Na0.5K1Ag0.5Zn1Ge1Te4_stannite,5.562499971745183e-08,4.4499999773961463e-07,3.333333253863202e-08,0.1211999999999982,False
Na0.5K1Ag0.5Zn1Sn1Se1Te3_kesterite,3.593749076102881e-09,2.8750001490607247e-08,8.881784197001252e-16,0.0,True
Na0.5K1Ag0.5Zn1Sn1Se1Te3_stannite,3.1250002585636594e-10,2.5000055359214457e-09,0.0,0.10229999999999961,False
Na0.5K1Ag0.5Zn1Sn1Se4_kesterite,5.9218750347866944e-08,4.737499992302219e-07,3.333333431498886e-08,0.0,True
Na0.5K1Ag0.5Zn1Sn1Te4_stannite,6.328125001786589e-08,5.062500001429271e-07,0.0,0.0,True
Na0.5K1Ag0.5Zn1Zr1S4_stannite,4.53125008625932e-08,3.625000033480319e-07,3.333333342681044e-08,0.0,True
Na0.5K1Ag0.5Zn1Zr1Se4_kesterite,4.4062499870989313e-08,3.525000025206282e-07,3.333333298272123e-08,0.0,True
Na0.5K1Ag0.5Zn1Zr1Se4_stannite,5.078124987178967e-08,4.0625000252703103e-07,0.0,0.0,True
Na0.5K1Ag0.5Zn1Zr1Te4_stannite,5.7812501008669415e-08,4.6250000451664164e-07,3.333333342681044e-08,0.0,True
Na0.5K1Cs0.5Ba1Ge1S4_kesterite,4.890625149300831e-08,3.9125000483863914e-07,2.220446049250313e-16,0.0,True
Na0.5K1Cs0.5Ba1Ge1Se4_stannite,2.5312501428231826e-08,2.0250000432042725e-07,3.333333342681044e-08,0.0,True
Na0.5K1Cs0.5Ba1Sn0.5Ge0.5S1Se3_stannite,7.156250036999268e-08,5.724999994072277e-07,3.333333342681044e-08,0.0,True
Na0.5K1Cs0.5Ba1Zr1S4_kesterite,6.171874833427182e-08,4.937499937796019e-07,3.333333342681044e-08,0.0,True
Na0.5K1Cs0.5Ba1Zr1Se4_kesterite,6.765624904758738e-08,5.412500030388401e-07,0.0,0.0,True
Na0.5K1Cs0.5Ca1Ge1Se4_stannite,9.531248679195414e-09,7.624999653899067e-08,4.440892098500626e-16,0.0,True
Na0.5K1Cs0.5Cd1Ge1S4_stannite,1.3749998917234052e-08,1.1000000199601345e-07,3.333333387089965e-08,0.0,True
Na0.5K1Cs0.5Cd1Ge1Se4_stannite,5.359374943836315e-08,4.2874999905961886e-07,4.440892098500626e-16,0.0,True
Na0.5K1Cs0.5Cd1Sn1S4_stannite,3.796875125416932e-08,3.037499993752135e-07,3.333333342681044e-08,,False
Na0.5K1Cs0.5Cd1Zr1Se4_stannite,5.6406251669471885e-08,4.5125000269763405e-07,4.440892098500626e-16,0.0,True
Na0.5K1Cs0.5Mg0.5Cd0.5Sn1S1Se2Te1_stannite,7.031250071065642e-08,5.625000056852514e-07,0.0,0.0,True
Na0.5K1Cs0.5Mg1Zr1S4_kesterite,6.2500014053057384e-09,5.000000413701855e-08,0.0,0.0,True
Na0.5K1Cs0.5Mg1Zr1S4_stannite,1.796874826709427e-08,1.4375000034760888e-07,3.333333298272123e-08,0.0,True
Na0.5K1Cs0.5Mg1Zr1Se4_kesterite,6.953125142317162e-08,5.56250000727232e-07,3.333333342681044e-08,0.0,True
Na0.5K1Cs0.5Zn1Ge1S4_stannite,3.3281249756100806e-08,2.662500051542338e-07,4.440892098500626e-16,0.0,True
Na0.5K1Cs0.5Zn1Ge1Se4_stannite,2.6562489985337834e-09,2.1249995540983946e-08,3.333333342681044e-08,0.0,True
Na0.5K1Cs0.5Zn1Zr1S4_stannite,8.593749267760131e-09,6.874999769479473e-08,3.333333342681044e-08,0.0,True
Na0.5K1Cs0.5Zn1Zr1Te4_stannite,4.687485954946169e-10,3.749995869384293e-09,0.0,0.0,True
Na0.5K1Cu0.5Ba1Zr1S4_stannite,6.56250076502829e-09,5.249999901479896e-08,3.333333342681044e-08,0.0,True
Na0.5K1Cu0.5Ca0.5Sr0.5Sn0.5Ge0.5S3Te1_stannite,6.546874953272663e-08,5.237499891563857e-07,3.333333298272123e-08,0.0,True
Na0.5K1Cu0.5Cd1Ge1Te4_stannite,3.79687503659909e-08,3.037499993752135e-07,3.333333342681044e-08,0.0,True
Na0.5K1Cu0.5Cd1Zr1Se4_kesterite,1.796875137571874e-08,1.4375000034760888e-07,8.881784197001252e-16,,False
Na0.5K1Cu0.5Mg0.5Ca0.5Sn0.5Ge0.5S1Se1Te2_stannite,4.609374992803339e-08,3.687499940951966e-07,3.333333342681044e-08,0.0,True
Na0.5K1Cu0.5Mg0.5Ca0.5Sn0.5Ge0.5Te4_stannite,4.843751177929789e-09,3.8750002318010957e-08,3.333333342681044e-08,0.0,True
Na0.5K1Cu0.5Mg1Ge1Te4_kesterite,4.6718750201790726e-08,3.7374999806161213e-07,3.333333253863202e-08,0.0,True
Na0.5K1Cu0.5Mg1Sn1Te4_kesterite,7.171874960576474e-08,5.737500003988316e-07,3.333333253863202e-08,0.0,True
Na0.5K1Cu0.5Mg1Zr1Te4_kesterite,3.171874896068516e-08,2.5374999523819497e-07,0.0,0.0,True
Na0.5K1Cu0.5Mg1Zr1Te4_stannite,6.14062503068169e-08,4.912499989018215e-07,0.0,0.0,True
Na0.5K1Cu0.5Zn0.5Cd0.5Ge1S1Se3_stannite,3.6718749818476226e-08,2.9375000565323717e-07,3.333333342681044e-08,0.0,True
Na0.5K1Cu0.5Zn1Ge1Se4_stannite,7.515625011222937e-08,6.01250000897835e-07,3.333333342681044e-08,0.0,True
Na0.5K1Cu0.5Zn1Sn1S2Se1Te1_kesterite,2.0468750250302037e-08,1.637500020024163e-07,3.333333253863202e-08,0.0,True
Na0.5K1Cu0.5Zn1Sn1S2Se1Te1_stannite,9.062499861656192e-09,7.250000066960638e-08,0.0,0.5616999999999992,False
Na0.5K1Cu0.5Zn1Zr1Se4_kesterite,3.4999999787288516e-08,2.800000018510218e-07,8.881784197001252e-16,,False
Na0.5K1Cu0.5Zn1Zr1Te4_kesterite,2.593749970358772e-08,2.0749999407598807e-07,3.333333342681044e-08,0.0,True
Na0.5K1Cu0.5Zn1Zr1Te4_stannite,5.2656249582838655e-08,4.212500002154229e-07,0.0,0.0,True
Na0.5K1Rb0.5Ba1Ge1S4_kesterite,5.312500217513616e-09,4.249999818739525e-08,3.333333342681044e-08,0.0,True
Na0.5K1Rb0.5Ba1Ge1S4_stannite,6.171875055471787e-08,4.937500008850293e-07,3.333333342681044e-08,,False
Na0.5K1Rb0.5Ba1Ge1Se4_kesterite,5.1250000243641125e-08,4.0999999129098796e-07,1.1102230246251565e-16,0.0,True
Na0.5K1Rb0.5Ba1Sn1S4_kesterite,3.906249945728746e-08,3.1249999921101335e-07,0.0,0.0,True
Na0.5K1Rb0.5Ba1Zr1S4_kesterite,4.374999917899913e-09,3.4999999343199306e-08,3.333333342681044e-08,0.0,True
Na0.5K1Rb0.5Ba1Zr1Se4_kesterite,6.265625041024236e-08,5.012499997292252e-07,0.0,0.0,True
Na0.5K1Rb0.5Ca0.5Cd0.5Ge1S1Te3_kesterite,3.765625011808993e-08,3.012499902865784e-07,0.0,0.0,True
Na0.5K1Rb0.5Ca0.5Cd0.5Ge1S1Te3_stannite,1.4218750621353138e-08,1.1375001207625246e-07,8.881784197001252e-16,0.0,True
Na0.5K1Rb0.5Ca1Ge1S2Te2_stannite,1.0156250507264986e-08,8.125000761083356e-08,3.333333342681044e-08,0.0,True
Na0.5K1Rb0.5Cd1Ge1S4_stannite,1.3281250765828645e-08,1.062499990212018e-07,3.333333342681044e-08,0.0,True
Na0.5K1Rb0.5Cd1Ge1Se4_stannite,7.500000176463573e-09,5.99999978589949e-08,3.333333342681044e-08,0.0,True
Na0.5K1Rb0.5Cd1Sn0.5Ge0.5S3Te1_stannite,3.390625025190275e-08,2.71250002015222e-07,0.0,0.0,True
Na0.5K1Rb0.5Cd1Zr1S4_stannite,7.374999944076421e-08,5.899999990788274e-07,3.333333342681044e-08,0.0,True
Na0.5K1Rb0.5Cd1Zr1Se4_stannite,3.937500059336685e-08,3.150000011942211e-07,3.333333342681044e-08,0.0,True
Na0.5K1Rb0.5Mg1Ge1S4_stannite,2.3906249424499038e-08,1.9125000250141966e-07,0.0,0.0,True
Na0.5K1Rb0.5Mg1Ge1Se4_stannite,5.937500091590664e-08,4.7500000022182576e-07,3.333333387089965e-08,0.0,True
Na0.5K1Rb0.5Mg1Ge1Te4_stannite,4.6874999881652e-08,3.74999999053216e-07,3.333333342681044e-08,1.2019000000000002,False
Na0.5K1Rb0.5Mg1Zr1S4_kesterite,7.156249992590347e-08,5.724999994072277e-07,3.333333342681044e-08,0.0,True
Na0.5K1Rb0.5Mg1Zr1Te4_stannite,3.578125085113015e-08,2.8624999970361387e-07,3.333333253863202e-08,0.0,True
Na0.5K1Rb0.5Sr0.5Ba0.5Sn0.5Ge0.5Te4_stannite,7.703124937918915e-08,6.162499985862269e-07,3.333333076227518e-08,2.2389,False
Na0.5K1Rb0.5Sr0.5Cd0.5Sn0.5Ge0.5Se1Te3_stannite,4.499999994855841e-08,3.5999999425939677e-07,3.333333253863202e-08,0.0,True
Na0.5K1Rb0.5Sr1Ge1Se4_kesterite,3.796875081008011e-08,3.037499993752135e-07,3.333333342681044e-08,0.0,True
Na0.5K1Rb0.5Sr1Zr1Se4_kesterite,5.203124908703671e-08,4.162499962490074e-07,3.3333333648855046e-08,0.0,True
Na0.5K1Rb0.5Zn0.5Cd0.5Ge1S1Se2Te1_stannite,3.765625056217914e-08,3.012500044974331e-07,0.0,0.013199999999999434,False
Na0.5K1Rb0.5Zn1Ge1S4_stannite,6.250000073038109e-09,5.000000413701855e-08,0.0,0.0,True
Na0.5K1Rb0.5Zn1Ge1Se4_stannite,4.96875003364039e-08,3.975000026912312e-07,4.440892098500626e-16,0.0,True
Na0.5K1Rb0.5Zn1Ge1Te4_stannite,6.015625064748065e-08,4.812500016271315e-07,1.7763568394002505e-15,0.33830000000000027,False
Na0.5K1Rb0.5Zn1Zr1S4_stannite,1.3281251209917855e-08,1.0625000612662916e-07,3.333333342681044e-08,0.0,True
Na0.5K1Rb0.5Zn1Zr1Se4_kesterite,3.703124962228799e-08,2.962500005310176e-07,0.0,0.0,True
Na0.5K1Rb0.5Zn1Zr1Se4_stannite,3.281250071651698e-08,2.6250000217942215e-07,3.333333342681044e-08,0.0,True
Na0.5K1Rb0.5Zn1Zr1Te4_stannite,2.2343749961351023e-08,1.7874999969080818e-07,3.333333342681044e-08,0.0,True
Na0.5Rb0.5Ag1Ba1Ge1S4_stannite,4.3281250139415306e-08,3.4625000466803613e-07,4.440892098500626e-16,0.0,True
Na0.5Rb0.5Ag1Ba1Ge1Se4_stannite,5.859374940797579e-08,4.6874999526380634e-07,3.333333298272123e-08,0.0,True
Na0.5Rb0.5Ag1Ca0.5Ba0.5Sn1S1Se2Te1_stannite,6.359375070985607e-08,5.087499985734212e-07,0.0,0.0,True
Na0.5Rb0.5Ag1Ca0.5Sr0.5Ge1S2Se1Te1_kesterite,3.171874984886358e-08,2.5374999523819497e-07,0.0,0.0,True
Na0.5Rb0.5Ag1Ca1Ge1S4_kesterite,7.437499993656616e-08,5.950000030452429e-07,3.333333342681044e-08,,False
Na0.5Rb0.5Ag1Ca1Ge1S4_stannite,1.2968750073838464e-08,1.0374999703799404e-07,3.333333342681044e-08,0.0,True
Na0.5Rb0.5Ag1Ca1Ge1Se4_stannite,7.625000009170435e-08,6.100000007336348e-07,3.333333342681044e-08,0.0,True
Na0.5Rb0.5Ag1Ca1Sn1S4_kesterite,7.781249999894158e-08,6.224999964388189e-07,3.333333342681044e-08,0.0,True
Na0.5Rb0.5Ag1Ca1Sn1S4_stannite,4.687499721711674e-09,3.750000132640707e-08,3.333333342681044e-08,0.0,True
Na0.5Rb0.5Ag1Ca1Zr1Se4_kesterite,6.0937499490876235e-09,4.8750003145414667e-08,0.0,0.0,True
Na0.5Rb0.5Ag1Cd1Ge1S4_stannite,3.312500096441795e-08,2.650000041626299e-07,3.333333253863202e-08,0.0,True
Na0.5Rb0.5Ag1Cd1Ge1Se4_kesterite,6.609374869626095e-08,5.287500002282286e-07,0.0,0.0,True
Na0.5Rb0.5Ag1Cd1Ge1Te4_kesterite,2.2656249765162784e-08,1.8124999812130227e-07,0.0,,False
Na0.5Rb0.5Ag1Cd1Ge1Te4_stannite,1.687500006397613e-08,1.3500000051180905e-07,0.0,0.1051000000000002,False
Na0.5Rb0.5Ag1Cd1Sn1S4_kesterite,4.203125092416826e-08,3.362500038406324e-07,3.333333342681044e-08,0.0,True
Na0.5Rb0.5Ag1Cd1Sn1Se4_kesterite,7.343750052513087e-08,5.87500004201047e-07,0.0,0.0,True
Na0.5Rb0.5Ag1Cd1Sn1Se4_stannite,4.593750002612751e-08,3.6750000020902007e-07,8.881784197001252e-16,0.0,True
Na0.5Rb0.5Ag1Cd1Zr1S4_kesterite,1.343750044568992e-08,1.0750000001280569e-07,3.333333298272123e-08,0.0,True
Na0.5Rb0.5Ag1Cd1Zr1S4_stannite,4.4687500366791255e-08,3.5749999938161636e-07,3.333333253863202e-08,0.0,True
Na0.5Rb0.5Ag1Cd1Zr1Se4_kesterite,7.515625055631858e-08,6.01250000897835e-07,0.0,0.0,True
Na0.5Rb0.5Ag1Mg0.5Sr0.5Sn0.5Ge0.5S2Te2_kesterite,6.734374924377562e-08,5.387500010556323e-07,3.333333298272123e-08,0.0,True
Na0.5Rb0.5Ag1Mg0.5Sr0.5Sn0.5Ge0.5S2Te2_stannite,1.624999867999577e-08,1.2999999654539351e-07,3.333333253863202e-08,0.0,True
Na0.5Rb0.5Ag1Mg1Ge1S4_stannite,9.68749924723511e-09,7.749999753059456e-08,3.333333342681044e-08,0.0,True
Na0.5Rb0.5Ag1Mg1Ge1Se4_kesterite,6.828125043156774e-08,5.462499998998283e-07,3.333333342681044e-08,0.0,True
Na0.5Rb0.5Ag1Mg1Ge1Se4_stannite,7.281250047341814e-08,5.825000002346314e-07,3.333333342681044e-08,0.0,True
Na0.5Rb0.5Ag1Mg1Sn1S4_kesterite,3.4062499043585603e-08,2.724999959013985e-07,3.333333387089965e-08,0.0,True
Na0.5Rb0.5Ag1Mg1Sn1S4_stannite,2.140625054991574e-08,1.7125000084661224e-07,3.333333387089965e-08,0.0,True
Na0.5Rb0.5Ag1Mg1Zr1S4_kesterite,3.562500117126888e-08,2.8500000581743734e-07,3.333333298272123e-08,0.0,True
Na0.5Rb0.5Ag1Mg1Zr1Se4_kesterite,3.281249982833856e-08,2.6250000217942215e-07,3.333333342681044e-08,0.0,True
Na0.5Rb0.5Ag1Sr0.5Ba0.5Ge1S1Se2Te1_kesterite,5.4062498922036184e-08,4.3249999492900315e-07,3.333333342681044e-08,0.0,True
Na0.5Rb0.5Ag1Sr0.5Ba0.5Ge1S3Se1_kesterite,1.0937500682928203e-08,8.750000546342562e-08,3.333333342681044e-08,0.0,True
Na0.5Rb0.5Ag1Sr0.5Ba0.5Ge1S3Se1_stannite,4.546874965427605e-08,3.637499972342084e-07,3.333333298272123e-08,0.0,True
Na0.5Rb0.5Ag1Sr1Zr1S4_kesterite,1.5781249640411943e-08,1.2625000067600922e-07,3.333333298272123e-08,0.0,True
Na0.5Rb0.5Ag1Sr1Zr1Se4_kesterite,6.640624983234034e-08,5.31249995106009e-07,3.333333342681044e-08,,False
Na0.5Rb0.5Ag1Zn1Sn1S4_stannite,9.68749924723511e-09,7.749999753059456e-08,0.0,0.0,True
Na0.5Rb0.5Ag1Zn1Sn1Se4_kesterite,7.359375020499215e-08,5.887500051926509e-07,3.333333431498886e-08,0.0,True
Na0.5Rb0.5Ag1Zn1Sn1Se4_stannite,1.2499987711578342e-09,9.999993721976352e-09,3.333333342681044e-08,0.0022999999999981924,True
Na0.5Rb0.5Ag1Zn1Sn1Te4_kesterite,5.843750017220373e-08,4.675000013776298e-07,3.333333431498886e-08,0.0,True
Na0.5Rb0.5Ag1Zn1Sn1Te4_stannite,3.968749950900019e-08,3.174999996247152e-07,0.0,0.0813000000000006,False
Na0.5Rb0.5Ag1Zn1Zr1Se4_kesterite,3.4062499043585603e-08,2.724999959013985e-07,3.333333342681044e-08,0.0,True
Na0.5Rb0.5Al0.5In0.5S1Te1_kesterite,2.828125023057737e-08,1.1312500447502316e-07,4.440892098500626e-16,0.0,True
Na0.5Rb0.5Al0.5In0.5S1Te1_stannite,3.343750076822971e-08,1.3374999952020517e-07,0.0,0.0,True
Na0.5Rb0.5Al0.5In0.5S2_kesterite,5.796874980035227e-08,2.3187499920140908e-07,3.333333298272123e-08,0.0,True
Na0.5Rb0.5Al0.5In0.5Se1Te1_kesterite,6.4062497528993845e-09,2.562499545888386e-08,8.881784197001252e-16,0.0,True
Na0.5Rb0.5Al0.5In0.5Se1Te1_stannite,6.56249943276066e-09,2.62499959546858e-08,8.881784197001252e-16,0.0,True
Na0.5Rb0.5Al0.5In0.5Se2_kesterite,3.406249948767481e-08,1.3624999795069925e-07,3.333333298272123e-08,0.0,True
Na0.5Rb0.5Al0.5In0.5Se2_stannite,4.374999917899913e-09,1.7499999671599653e-08,3.333333342681044e-08,0.0,True
Na0.5Rb0.5Al0.5In0.5Te2_kesterite,2.687500000320142e-08,1.0750000001280569e-07,3.333333342681044e-08,0.0,True
Na0.5Rb0.5Al0.5In0.5Te2_stannite,5.8906249655876763e-08,2.3562499862350705e-07,3.333333342681044e-08,0.0,True
Na0.5Rb0.5Cs0.5Ag0.5Ca1Ge1S4_stannite,4.3281251027593726e-08,3.4624999756260877e-07,3.333333342681044e-08,0.0,True
Na0.5Rb0.5Cs0.5Ag0.5Cd1Ge1S4_stannite,3.8125000489941385e-08,3.050000003668174e-07,0.0,0.0,True
Na0.5Rb0.5Cs0.5Ag0.5Cd1Sn1S4_stannite,4.140624909609869e-08,3.312499998742169e-07,0.0,0.0,True
Na0.5Rb0.5Cs0.5Ag0.5Cd1Sn1Se4_stannite,2.5312500540053406e-08,2.0250000432042725e-07,0.0,0.0,True
Na0.5Rb0.5Cs0.5Ag0.5Cd1Zr1S4_stannite,6.921875028709223e-08,5.537499987440242e-07,3.333333298272123e-08,0.0,True
Na0.5Rb0.5Cs0.5Ag0.5Cd1Zr1Se4_stannite,5.874999997601549e-08,4.700000033608376e-07,3.333333342681044e-08,0.0,True
Na0.5Rb0.5Cs0.5Ag0.5Mg0.5Ba0.5Sn1S2Se1Te1_kesterite,2.4999999403974016e-08,1.9999999523179213e-07,0.0,0.0,True
Na0.5Rb0.5Cs0.5Ag0.5Mg1Ge1S4_stannite,1.484375067306587e-08,1.1874999472638592e-07,3.333333342681044e-08,0.0,True
Na0.5Rb0.5Cs0.5Ag0.5Mg1Ge1Se4_stannite,6.078125069919338e-08,4.862500020408334e-07,3.333333342681044e-08,,False
Na0.5Rb0.5Cs0.5Ag0.5Mg1Sn1S4_kesterite,2.0312493909102614e-09,1.624999867999577e-08,3.333333342681044e-08,0.0,True
Na0.5Rb0.5Cs0.5Ag0.5Mg1Sn1S4_stannite,2.7031250571241117e-08,2.1625000101721525e-07,4.440892098500626e-16,0.0,True
Na0.5Rb0.5Cs0.5Ag0.5Mg1Sn1Se4_stannite,7.031250248701326e-09,5.625000198961061e-08,0.0,0.0,True
Na0.5Rb0.5Cs0.5Ag0.5Mg1Zr1Se4_stannite,2.203125015753926e-08,1.7624999770760041e-07,3.333333298272123e-08,0.0,True
Na0.5Rb0.5Cs0.5Ag0.5Sr1Ge1S4_stannite,4.218751126217057e-09,3.374999835159542e-08,3.333333342681044e-08,0.0,True
Na0.5Rb0.5Cs0.5Ag0.5Zn1Ge1S4_stannite,6.921874939891381e-08,5.537500058494516e-07,4.440892098500626e-16,0.0,True
Na0.5Rb0.5Cs0.5Ag0.5Zn1Ge1Se4_stannite,6.14062503068169e-08,4.912500060072489e-07,3.333333298272123e-08,,False
Na0.5Rb0.5Cs0.5Ag0.5Zn1Sn1S4_kesterite,7.453124961642743e-08,5.962500111422742e-07,3.333333387089965e-08,0.0,True
Na0.5Rb0.5Cs0.5Ag0.5Zn1Sn1S4_stannite,5.625000021325377e-09,4.49999859597483e-08,3.333333342681044e-08,0.0,True
Na0.5Rb0.5Cs0.5Ag0.5Zn1Sn1Se4_stannite,7.234374965747747e-08,5.787499972598198e-07,0.0,0.0,True
Na0.5Rb0.5Cs0.5Ag0.5Zn1Sn1Te4_stannite,7.281250002932893e-08,5.825000002346314e-07,3.333333253863202e-08,1.1804999999999994,False
Na0.5Rb0.5Cs0.5Ag0.5Zn1Zr1S4_stannite,5.624999888098614e-08,4.499999946006028e-07,4.440892098500626e-16,0.0,True
Na0.5Rb0.5Cs0.5Ag0.5Zn1Zr1Se4_kesterite,2.4999997627617176e-09,2.000000165480742e-08,3.333333342681044e-08,0.0,True
Na0.5Rb0.5Cs0.5Cu0.5Ba1Sn1S3Se1_stannite,4.000000064507958e-08,3.2000000516063665e-07,3.333333342681044e-08,0.0,True
Na0.5Rb0.5Cs0.5Cu0.5Ca1Ge1S1Se3_kesterite,2.5468750664003892e-08,2.0375000531203113e-07,3.333333342681044e-08,0.0,True
Na0.5Rb0.5Cs0.5Cu0.5Ca1Ge1S4_stannite,7.078124975024025e-08,5.662500015546357e-07,3.333333298272123e-08,0.0,True
Na0.5Rb0.5Cs0.5Cu0.5Ca1Sn1S4_stannite,6.796875018366677e-08,5.437499979166205e-07,3.333333342681044e-08,0.0,True
Na0.5Rb0.5Cs0.5Cu0.5Ca1Sn1Te4_stannite,7.671874957537739e-08,6.137500001557328e-07,8.881784197001252e-16,0.0,True
Na0.5Rb0.5Cs0.5Cu0.5Cd1Ge1S4_stannite,1.9843749310410885e-08,1.5874999803600076e-07,3.333333298272123e-08,0.0,True
Na0.5Rb0.5Cs0.5Cu0.5Cd1Sn1S4_stannite,5.9218750347866944e-08,4.737499992302219e-07,3.333333342681044e-08,0.0,True
Na0.5Rb0.5Cs0.5Cu0.5Cd1Sn1Se4_stannite,1.6093749888312914e-08,1.28750002659217e-07,3.333333431498886e-08,,False
Na0.5Rb0.5Cs0.5Cu0.5Cd1Zr1S4_stannite,7.062500051446818e-08,5.650000005630318e-07,0.0,,False
Na0.5Rb0.5Cs0.5Cu0.5Cd1Zr1Se4_stannite,2.5312500095964197e-08,2.0250000432042725e-07,0.0,0.0,True
Na0.5Rb0.5Cs0.5Cu0.5Cd1Zr1Te4_stannite,2.312500013701424e-08,1.850000046488276e-07,3.333333342681044e-08,0.0,True
Na0.5Rb0.5Cs0.5Cu0.5Mg0.5Zn0.5Sn0.5Ge0.5Se1Te3_kesterite,5.6249999991209165e-08,4.5000000170603016e-07,3.333333253863202e-08,0.0,True
Na0.5Rb0.5Cs0.5Cu0.5Mg1Ge1S4_stannite,4.546875098654368e-08,3.637500043396358e-07,3.333333298272123e-08,0.0,True
Na0.5Rb0.5Cs0.5Cu0.5Mg1Ge1Se4_stannite,6.468750024524184e-08,5.17499998409221e-07,3.333333387089965e-08,0.0,True
Na0.5Rb0.5Cs0.5Cu0.5Mg1Sn1S4_stannite,2.9062500406240588e-08,2.3249999969721102e-07,4.440892098500626e-16,0.0,True
Na0.5Rb0.5Cs0.5Cu0.5Mg1Sn1Se4_stannite,7.812492874847976e-10,6.24999785259206e-09,3.333333342681044e-08,0.0,True
Na0.5Rb0.5Cs0.5Cu0.5Mg1Zr1S4_stannite,3.125006919901807e-10,2.500001983207767e-09,0.0,0.0,True
Na0.5Rb0.5Cs0.5Cu0.5Mg1Zr1Se4_stannite,2.031250057044076e-08,1.625000010108124e-07,0.0,,False
Na0.5Rb0.5Cs0.5Cu0.5Mg1Zr1Te4_stannite,3.968749906491098e-08,3.174999960720015e-07,3.333333342681044e-08,0.0,True
Na0.5Rb0.5Cs0.5Cu0.5Zn1Ge1Se4_stannite,3.890625022151539e-08,3.112500053248368e-07,3.333333342681044e-08,0.0,True
Na0.5Rb0.5Cs0.5Cu0.5Zn1Sn1S4_stannite,3.421875049980372e-08,2.7375000399842975e-07,3.333333298272123e-08,0.0,True
Na0.5Rb0.5Cs0.5Cu0.5Zn1Sn1Se4_stannite,2.4374999796350494e-08,1.9499999837080395e-07,3.333333342681044e-08,0.0,True
Na0.5Rb0.5Cs0.5Cu0.5Zn1Sn1Te4_stannite,3.5000000231377726e-08,2.800000018510218e-07,1.7763568394002505e-15,0.11319999999999997,False
Na0.5Rb0.5Cs0.5Cu0.5Zn1Zr1S4_stannite,6.874999991524078e-08,5.499999957692125e-07,3.333333342681044e-08,0.0,True
Na0.5Rb0.5Cs0.5Cu0.5Zn1Zr1Se4_stannite,6.734375057604325e-08,5.387500010556323e-07,3.333333342681044e-08,0.0,True
Na0.5Rb0.5Cs0.5Cu0.5Zn1Zr1Te4_stannite,6.843749966733981e-08,5.474999937860048e-07,3.333333342681044e-08,0.0,True
Na0.5Rb0.5Cs1Ca1Ge1S3Te1_stannite,3.3593750004001777e-08,2.687500000320142e-07,3.333333342681044e-08,0.0,True
Na0.5Rb0.5Cs1Ca1Ge1S4_stannite,2.96874995697749e-08,2.374999965581992e-07,3.333333298272123e-08,0.0,True
Na0.5Rb0.5Cs1Ca1Ge1Se4_stannite,5.42187503782543e-08,4.337500030260344e-07,3.333333342681044e-08,0.0,True
Na0.5Rb0.5Cs1Cd1Zr1S4_stannite,3.703125051046641e-08,2.962500005310176e-07,0.0,0.0,True
Na0.5Rb0.5Cs1Cd1Zr1Se4_stannite,7.499999288285153e-09,5.99999978589949e-08,3.333333342681044e-08,0.0,True
Na0.5Rb0.5Cs1Mg0.5Ca0.5Ge1S1Se2Te1_kesterite,2.0624999041984893e-08,1.6499999588859282e-07,0.0,0.0,True
Na0.5Rb0.5Cs1Mg1Ge1S4_stannite,7.74999997510406e-08,6.200000015610385e-07,3.333333342681044e-08,0.0,True
Na0.5Rb0.5Cs1Mg1Zr1S4_kesterite,3.562499895082283e-08,2.8499999871201e-07,3.333333387089965e-08,0.0,True
Na0.5Rb0.5Cs1Zn1Ge1S4_kesterite,5.218750009916562e-08,4.1749999724061126e-07,3.333333342681044e-08,0.0,True
Na0.5Rb0.5Cs1Zn1Zr1S4_stannite,3.734375075836738e-08,2.9875000251422534e-07,4.440892098500626e-16,0.0,True
Na0.5Rb0.5Cs1Zn1Zr1Se4_kesterite,2.312499924883582e-08,1.8499999754340024e-07,3.333333298272123e-08,0.0,True
Na0.5Rb0.5Cs1Zn1Zr1Se4_stannite,2.656250108756808e-08,2.1250000514783096e-07,3.333333431498886e-08,0.0,True
Na0.5Rb0.5Cu0.5Ag0.5Ba1Ge1Se4_stannite,5.625000021325377e-08,4.5000000170603016e-07,3.333333298272123e-08,0.0,True
Na0.5Rb0.5Cu0.5Ag0.5Ba1Sn1Se4_stannite,1.7343750879916797e-08,1.387500034866207e-07,3.333333298272123e-08,0.0,True
Na0.5Rb0.5Cu0.5Ag0.5Ba1Zr1Se4_kesterite,5.109374923151222e-08,4.0874999740481144e-07,3.333333342681044e-08,0.0,True
Na0.5Rb0.5Cu0.5Ag0.5Ca0.5Cd0.5Ge1Se4_kesterite,3.562500028309046e-08,2.8499999871201e-07,3.333333342681044e-08,,False
Na0.5Rb0.5Cu0.5Ag0.5Ca0.5Cd0.5Ge1Se4_stannite,7.031250026656721e-08,5.625000056852514e-07,3.333333342681044e-08,0.0,True
Na0.5Rb0.5Cu0.5Ag0.5Ca1Sn0.5Ge0.5Te4_kesterite,6.234374883007376e-08,4.987499977460175e-07,3.333333342681044e-08,0.0,True
Na0.5Rb0.5Cu0.5Ag0.5Ca1Sn1Se4_kesterite,7.703125026736757e-08,6.162499985862269e-07,0.0,0.0,True
Na0.5Rb0.5Cu0.5Ag0.5Ca1Sn1Te4_kesterite,7.562500003999162e-08,6.049999967672193e-07,8.881784197001252e-16,0.0,True
Na0.5Rb0.5Cu0.5Ag0.5Ca1Zr1S4_stannite,3.2968748620021415e-08,2.637499960655987e-07,3.333333298272123e-08,0.0,True
Na0.5Rb0.5Cu0.5Ag0.5Cd1Ge1Se4_kesterite,2.9062499518062168e-08,2.3249999969721102e-07,4.440892098500626e-16,,False
Na0.5Rb0.5Cu0.5Ag0.5Cd1Ge1Se4_stannite,5.1562500491542096e-08,4.125000003796231e-07,3.333333253863202e-08,0.0,True
Na0.5Rb0.5Cu0.5Ag0.5Cd1Ge1Te4_stannite,3.2968749952289045e-08,2.6374999961831236e-07,3.333333253863202e-08,0.0,True
Na0.5Rb0.5Cu0.5Ag0.5Cd1Sn1Se4_kesterite,1.4687500549115384e-08,1.175000008402094e-07,3.333333431498886e-08,,False
Na0.5Rb0.5Cu0.5Ag0.5Cd1Sn1Se4_stannite,2.8906251170468522e-08,2.312500058110345e-07,0.0,0.01529999999999987,False
Na0.5Rb0.5Cu0.5Ag0.5Cd1Sn1Te4_kesterite,4.8124999540988256e-08,3.849999998806197e-07,3.333333342681044e-08,0.0,True
Na0.5Rb0.5Cu0.5Ag0.5Cd1Sn1Te4_stannite,6.56249943276066e-09,5.249999901479896e-08,3.333333431498886e-08,0.0,True
Na0.5Rb0.5Cu0.5Ag0.5Cd1Zr1S4_stannite,1.3906249041184537e-08,1.1124999588218998e-07,3.333333342681044e-08,0.0,True
Na0.5Rb0.5Cu0.5Ag0.5Cd1Zr1Se4_stannite,1.656249937198595e-08,1.3249999852860128e-07,0.0,0.0,True
Na0.5Rb0.5Cu0.5Ag0.5Mg0.5Ba0.5Ge1S2Te2_stannite,6.171875011062866e-08,4.937500008850293e-07,3.333333342681044e-08,0.0,True
Na0.5Rb0.5Cu0.5Ag0.5Mg1Ge1S4_stannite,5.2968749830739625e-08,4.237499950932033e-07,3.333333298272123e-08,0.0,True
Na0.5Rb0.5Cu0.5Ag0.5Mg1Ge1Se4_kesterite,6.343750058590558e-08,5.075000046872447e-07,3.333333342681044e-08,0.0,True
Na0.5Rb0.5Cu0.5Ag0.5Mg1Sn1S4_stannite,2.859375003438913e-08,2.2875000382782673e-07,3.333333342681044e-08,0.0,True
Na0.5Rb0.5Cu0.5Ag0.5Mg1Sn1Se4_kesterite,3.453124985952627e-08,2.7624999887621016e-07,3.333333431498886e-08,,False
Na0.5Rb0.5Cu0.5Ag0.5Mg1Sn1Se4_stannite,3.890624977742618e-08,3.1124999821940946e-07,3.333333298272123e-08,0.0,True
Na0.5Rb0.5Cu0.5Ag0.5Mg1Sn1Te4_kesterite,4.9218750408641654e-08,3.9374999971641955e-07,3.333333253863202e-08,0.0,True
Na0.5Rb0.5Cu0.5Ag0.5Mg1Zr1S4_kesterite,3.9843750077039886e-08,3.1875000416903276e-07,3.333333342681044e-08,0.0,True
Na0.5Rb0.5Cu0.5Ag0.5Mg1Zr1Se4_kesterite,7.187500061789365e-08,5.750000013904355e-07,0.0,0.0,True
Na0.5Rb0.5Cu0.5Ag0.5Mg1Zr1Se4_stannite,3.046874974543812e-08,2.4374999441079126e-07,0.0,0.0,True
Na0.5Rb0.5Cu0.5Ag0.5Mg1Zr1Te4_kesterite,3.6718749374387016e-08,2.937499985478098e-07,3.333333342681044e-08,0.0,True
Na0.5Rb0.5Cu0.5Ag0.5Mg1Zr1Te4_stannite,8.906249515661102e-09,7.12499996780025e-08,3.333333342681044e-08,0.0,True
Na0.5Rb0.5Cu0.5Ag0.5Sr0.5Ba0.5Sn0.5Ge0.5S1Te3_kesterite,4.890624971665147e-08,3.912499977332118e-07,3.333333342681044e-08,0.0,True
Na0.5Rb0.5Cu0.5Ag0.5Sr0.5Ba0.5Sn0.5Ge0.5S1Te3_stannite,1.6093749444223704e-08,1.2874999555378963e-07,8.881784197001252e-16,0.0,True
Na0.5Rb0.5Cu0.5Ag0.5Sr1Ge1S4_stannite,2.109374941383635e-08,1.6874999886340447e-07,3.333333342681044e-08,0.0,True
Na0.5Rb0.5Cu0.5Ag0.5Sr1Ge1Se4_stannite,1.1093749918700269e-08,8.874999934960215e-08,4.440892098500626e-16,0.0,True
Na0.5Rb0.5Cu0.5Ag0.5Zn1Ge1S4_stannite,6.656249995629082e-08,5.325000032030403e-07,3.333333342681044e-08,,False
Na0.5Rb0.5Cu0.5Ag0.5Zn1Ge1Se4_kesterite,1.4375001189392833e-08,1.1500000596242899e-07,3.333333342681044e-08,,False
Na0.5Rb0.5Cu0.5Ag0.5Zn1Ge1Se4_stannite,3.8437499849663936e-08,3.0750000235002517e-07,3.333333342681044e-08,0.0,True
Na0.5Rb0.5Cu0.5Ag0.5Zn1Sn1S3Te1_kesterite,1.62500000122634e-08,1.2999999654539351e-07,0.0,0.0,True
Na0.5Rb0.5Cu0.5Ag0.5Zn1Sn1S4_stannite,1.6406249248035465e-08,1.312499975369974e-07,0.0,,False
Na0.5Rb0.5Cu0.5Ag0.5Zn1Sn1Se4_kesterite,7.0312499822478e-08,5.62499998579824e-07,0.0,,False
Na0.5Rb0.5Cu0.5Ag0.5Zn1Sn1Se4_stannite,2.171874990963829e-08,1.7375000282982e-07,8.881784197001252e-16,0.0,True
Na0.5Rb0.5Cu0.5Ag0.5Zn1Sn1Te4_kesterite,5.3281250078640596e-08,4.2625000062912477e-07,3.333333431498886e-08,0.0,True
Na0.5Rb0.5Cu0.5Ag0.5Zn1Zr1Se4_kesterite,5.7499999872590024e-08,4.599999954280065e-07,3.333333342681044e-08,,False
Na0.5Rb0.5Cu0.5Ag0.5Zn1Zr1Te4_kesterite,5.6406249004936626e-08,4.512499955922067e-07,3.333333253863202e-08,0.0,True
Na0.5Rb0.5Cu1Ca1Ge1S4_kesterite,5.828125049234245e-08,4.6625000038602593e-07,0.0,0.0,True
Na0.5Rb0.5Cu1Ca1Ge1Te4_kesterite,2.0156250002401066e-08,1.6125000001920853e-07,3.333333253863202e-08,0.012699999999998823,False
Na0.5Rb0.5Cu1Ca1Sn1Se4_kesterite,4.906250072878038e-08,3.92500005830243e-07,0.0,0.0,True
Na0.5Rb0.5Cu1Ca1Zr1Se4_kesterite,2.031250279088681e-09,1.6250005785423127e-08,8.881784197001252e-16,0.0,True
Na0.5Rb0.5Cu1Cd1Ge1S4_kesterite,3.4062498599496394e-08,2.724999959013985e-07,3.333333431498886e-08,,False
Na0.5Rb0.5Cu1Cd1Ge1Se4_kesterite,1.859375098334226e-08,1.487500043140244e-07,3.333333342681044e-08,,False
Na0.5Rb0.5Cu1Cd1Ge1Se4_stannite,4.249999951966288e-08,3.399999997100167e-07,0.0,,False
Na0.5Rb0.5Cu1Cd1Sn1Se4_kesterite,3.1249999032922915e-08,2.499999993688107e-07,8.881784197001252e-16,0.0,True
Na0.5Rb0.5Cu1Cd1Sn1Te4_stannite,1.0468749866987537e-08,8.37499989359003e-08,3.333333342681044e-08,0.0,True
Na0.5Rb0.5Cu1Cd1Zr1S4_kesterite,7.656249412235638e-09,6.124999885059879e-08,3.333333342681044e-08,0.0,True
Na0.5Rb0.5Cu1Cd1Zr1S4_stannite,5.2343749334937684e-08,4.1874999823221515e-07,8.881784197001252e-16,0.0,True
Na0.5Rb0.5Cu1Cd1Zr1Se4_kesterite,1.0312500631215471e-08,8.250000149701009e-08,3.333333253863202e-08,0.0,True
Na0.5Rb0.5Cu1Cd1Zr1Se4_stannite,3.000000026176508e-08,2.3999999854140697e-07,3.333333342681044e-08,0.0,True
Na0.5Rb0.5Cu1Mg0.5Ba0.5Sn0.5Ge0.5Se4_kesterite,2.7187498918834763e-08,2.1750000200881914e-07,0.0,0.0,True
Na0.5Rb0.5Cu1Mg0.5Ba0.5Sn0.5Ge0.5Se4_stannite,5.703124950073857e-08,4.562500066640496e-07,3.333333342681044e-08,0.0,True
Na0.5Rb0.5Cu1Mg0.5Zn0.5Sn1S4_stannite,3.875000009756491e-08,3.1000000433323294e-07,0.0,0.0,True
Na0.5Rb0.5Cu1Mg1Ge1S4_stannite,6.59375003486673e-08,5.274999992366247e-07,3.333333253863202e-08,0.0,True
Na0.5Rb0.5Cu1Mg1Ge1Se4_stannite,6.359375026576686e-08,5.087499985734212e-07,0.0,0.0,True
Na0.5Rb0.5Cu1Mg1Ge1Te4_kesterite,7.499999998827889e-08,5.999999999062311e-07,0.0,0.016899999999999693,False
Na0.5Rb0.5Cu1Mg1Ge1Te4_stannite,3.9531249385049705e-08,3.1624999508039764e-07,3.333333253863202e-08,0.0,True
Na0.5Rb0.5Cu1Mg1Sn1S4_kesterite,3.3281249312011596e-08,2.6624999804880645e-07,3.333333253863202e-08,0.0,True
Na0.5Rb0.5Cu1Mg1Sn1S4_stannite,4.171874978808887e-08,3.3375000185742465e-07,3.333333253863202e-08,0.0,True
Na0.5Rb0.5Cu1Mg1Sn1Se4_kesterite,1.0156249619086566e-08,8.12500005054062e-08,3.333333342681044e-08,,False
Na0.5Rb0.5Cu1Mg1Sn1Se4_stannite,5.5781249397313104e-08,4.462499987312185e-07,3.333333431498886e-08,0.0,True
Na0.5Rb0.5Cu1Mg1Sn1Te4_stannite,3.25000000245268e-08,2.600000001962144e-07,3.333333342681044e-08,0.0,True
Na0.5Rb0.5Cu1Mg1Zr1S4_kesterite,1.4062499165135023e-08,1.1249999687379386e-07,3.333333298272123e-08,0.0,True
Na0.5Rb0.5Cu1Mg1Zr1S4_stannite,8.750000279889036e-09,6.999999868639861e-08,3.333333342681044e-08,0.0,True
Na0.5Rb0.5Cu1Mg1Zr1Se4_kesterite,6.093749060909204e-09,4.874999603998731e-08,0.0,0.0,True
Na0.5Rb0.5Cu1Mg1Zr1Se4_stannite,2.343749949673679e-08,1.87499999526608e-07,8.881784197001252e-16,0.0,True
Na0.5Rb0.5Cu1Mg1Zr1Te4_stannite,8.906249515661102e-09,7.12499996780025e-08,0.0,,False
Na0.5Rb0.5Cu1Sr0.5Ba0.5Sn1S3Se1_stannite,5.531249946955086e-08,4.4249999575640686e-07,0.0,0.0,True
Na0.5Rb0.5Cu1Sr1Ge1Se4_kesterite,6.5625012091174995e-09,5.250000612022632e-08,3.333333342681044e-08,0.0,True
Na0.5Rb0.5Cu1Sr1Sn0.5Ge0.5S2Te2_stannite,5.765624999654051e-08,4.6124998931418304e-07,3.333333253863202e-08,0.0,True
Na0.5Rb0.5Cu1Sr1Zr1S4_kesterite,4.046875101693104e-08,3.2375000103002094e-07,3.333333342681044e-08,0.0,True
Na0.5Rb0.5Cu1Zn1Ge1S4_stannite,7.312499983314069e-08,5.849999951124119e-07,0.0,0.0,True
Na0.5Rb0.5Cu1Zn1Ge1Se4_stannite,3.4375000623754204e-09,2.7500000499003363e-08,3.333333431498886e-08,0.0,True
Na0.5Rb0.5Cu1Zn1Ge1Te4_stannite,7.562500092817004e-08,6.050000038726466e-07,0.0,0.0343,False
Na0.5Rb0.5Cu1Zn1Sn1S4_stannite,6.921874939891381e-08,5.537499987440242e-07,3.333333253863202e-08,0.0,True
Na0.5Rb0.5Cu1Zn1Sn1Se4_kesterite,5.671874969692681e-08,4.5374999757541445e-07,3.333333342681044e-08,0.0,True
Na0.5Rb0.5Cu1Zn1Sn1Se4_stannite,3.078124954924988e-08,2.4624999639399903e-07,3.333333253863202e-08,0.0,True
Na0.5Rb0.5Cu1Zn1Zr1S4_kesterite,5.06250006360176e-08,4.0500000153542715e-07,0.0,0.0,True
Na0.5Rb0.5Cu1Zn1Zr1S4_stannite,4.171875067626729e-08,3.3375000185742465e-07,8.881784197001252e-16,0.0,True
Na0.5Rb0.5Cu1Zn1Zr1Se4_kesterite,2.796875042676561e-08,2.237499998614112e-07,3.333333342681044e-08,,False
Na0.5Rb0.5Cu1Zn1Zr1Se4_stannite,1.4531250425164899e-08,1.1624999984860551e-07,3.333333342681044e-08,0.0,True
Na0.5Rb0.5Ga0.5In0.5S1Te1_kesterite,1.8749999775025117e-08,7.499999910010047e-08,3.333333342681044e-08,0.0,True
Na0.5Rb0.5Ga0.5In0.5S1Te1_stannite,5.68750002649665e-08,2.2749999928350917e-07,3.333333342681044e-08,0.0,True
Na0.5Rb0.5Ga0.5In0.5Te2_stannite,4.484375004665253e-08,1.7937500018661012e-07,3.333333342681044e-08,0.0,True
Na0.5Rb0.5Ga1S1Se1_kesterite,7.515625011222937e-08,3.006250004489175e-07,3.333333298272123e-08,0.0,True
Na0.5Rb0.5Ga1S1Se1_stannite,3.531249959110028e-08,1.412499983644011e-07,4.440892098500626e-16,0.0,True
Na0.5Rb0.5Ga1S1Te1_kesterite,7.562500048408083e-08,3.025000019363233e-07,3.333333342681044e-08,0.0,True
Na0.5Rb0.5Ga1S1Te1_stannite,1.4062502273759492e-09,5.625000909503797e-09,0.0,0.0,True
Na0.5Rb0.5Ga1S2_kesterite,4.484375004665253e-08,1.7937500018661012e-07,3.333333342681044e-08,0.0,True
Na0.5Rb0.5Ga1Se1Te1_kesterite,1.312499975369974e-08,5.249999901479896e-08,3.333333253863202e-08,0.0,True
Na0.5Rb0.5Ga1Se1Te1_stannite,5.109374967560143e-08,2.0437499870240572e-07,3.333333342681044e-08,0.0,True
Na0.5Rb0.5Ga1Se2_kesterite,5.828125004825324e-08,2.3312500019301297e-07,0.0,0.0,True
Na0.5Rb0.5Ga1Se2_stannite,4.3281249695326096e-08,1.7312499878130438e-07,3.333333342681044e-08,0.0,True
Na0.5Rb0.5In1S2_kesterite,4.999999969612645e-08,1.999999987845058e-07,3.333333342681044e-08,0.0,True
Na0.5Rb0.5In1S2_stannite,3.9218750025327154e-08,1.5687500010130861e-07,3.333333342681044e-08,0.0,True
Na0.5Rb0.5In1Se1Te1_kesterite,4.718750012955297e-08,1.887500005182119e-07,3.333333342681044e-08,0.0,True
Na0.5Rb0.5In1Se1Te1_stannite,7.515624922405095e-08,3.006249968962038e-07,3.333333342681044e-08,0.0,True
Na0.5Rb0.5In1Se2_kesterite,3.0156249941626356e-08,1.2062499976650543e-07,0.0,0.0,True
Na0.5Rb0.5In1Se2_stannite,1.0781251003066927e-08,4.312500223591087e-08,8.881784197001252e-16,0.0,True
Na0.5Rb1.5Ba1Ge1S4_kesterite,6.828125043156774e-08,5.462499998998283e-07,2.220446049250313e-16,0.0,True
Na0.5Rb1.5Ba1Ge1Se4_kesterite,5.9218749459688524e-08,4.737499992302219e-07,1.1102230246251565e-16,0.0,True
Na0.5Rb1.5Ba1Sn1Se4_kesterite,6.359374937758844e-08,5.087499985734212e-07,0.0,0.0,True
Na0.5Rb1.5Ba1Zr1S4_kesterite,5.031250083220584e-08,4.024999995522194e-07,3.333333342681044e-08,0.0,True
Na0.5Rb1.5Ba1Zr1Se4_kesterite,4.203125003598984e-08,3.362500038406324e-07,3.3333333204765836e-08,0.0,True
Na0.5Rb1.5Ca1Ge1S4_kesterite,6.421874987339038e-08,5.137500025398367e-07,3.333333342681044e-08,0.0,True
Na0.5Rb1.5Ca1Ge1Se4_kesterite,6.859375067946871e-08,5.48750001883036e-07,4.440892098500626e-16,0.0,True
Na0.5Rb1.5Ca1Zr1Se4_kesterite,6.156250043076739e-08,4.924999998934254e-07,2.220446049250313e-16,0.0,True
Na0.5Rb1.5Cd1Ge1Se4_stannite,5.046875006797791e-08,4.0375000054382326e-07,3.333333342681044e-08,0.0,True
Na0.5Rb1.5Cd1Zr1S4_stannite,1.2500005475146736e-09,1.000000082740371e-08,3.333333342681044e-08,0.0,True
Na0.5Rb1.5Mg1Ge1S4_stannite,2.9062499073972958e-08,2.3249999969721102e-07,3.333333342681044e-08,0.0,True
Na0.5Rb1.5Mg1Sn1S4_kesterite,4.593749913794909e-08,3.6750000020902007e-07,3.333333298272123e-08,0.0,True
Na0.5Rb1.5Mg1Zr1S4_kesterite,5.656249957297632e-08,4.5249999658381057e-07,4.440892098500626e-16,0.0,True
Na0.5Rb1.5Mg1Zr1Te4_kesterite,5.218750143143325e-08,4.175000043460386e-07,3.333333342681044e-08,0.0,True
Na0.5Rb1.5Zn1Ge1S4_stannite,2.6562507748906228e-09,2.1250002646411303e-08,0.0,0.0,True
Na0.5Rb1.5Zn1Zr1S4_kesterite,2.5937500591766138e-08,2.0750000118141543e-07,0.0,0.0,True
Na0.5Rb1.5Zn1Zr1S4_stannite,7.15625012581711e-08,5.725000065126551e-07,3.333333253863202e-08,0.0,True
Na0.5Rb1.5Zn1Zr1Se4_kesterite,1.999999943436137e-08,1.5999999902760464e-07,3.333333342681044e-08,0.0,True
Na0.5Rb1.5Zn1Zr1Se4_stannite,3.9531250717317334e-08,3.16250002185825e-07,4.440892098500626e-16,0.0,True
Na0.5Rb1.5Zn1Zr1Te4_stannite,7.093750031827994e-08,5.675000025462396e-07,8.881784197001252e-16,0.0,True
Na0.5Rb1Ag0.5Ca0.5Ba0.5Sn1S2Se1Te1_kesterite,1.4062497832867393e-09,1.1249994713580236e-08,0.0,0.0,True
Na0.5Rb1Ag0.5Ca0.5Ba0.5Sn1S2Se1Te1_stannite,6.968749977076527e-08,5.575000017188358e-07,3.333333342681044e-08,0.0,True
Na0.5Rb1Ag0.5Ca1Ge1Se4_stannite,5.718750051286747e-08,4.575000005502261e-07,3.333333298272123e-08,0.0,True
Na0.5Rb1Ag0.5Ca1Sn1S3Se1_kesterite,3.25000000245268e-08,2.600000001962144e-07,0.0,0.0,True
Na0.5Rb1Ag0.5Ca1Sn1S3Se1_stannite,2.0468749362123617e-08,1.6374999489698894e-07,3.333333342681044e-08,0.0,True
Na0.5Rb1Ag0.5Ca1Sn1S4_stannite,3.578125040704094e-08,2.8624999970361387e-07,4.440892098500626e-16,0.0,True
Na0.5Rb1Ag0.5Cd1Ge1S4_stannite,2.5156248195656872e-08,2.01249996223396e-07,3.333333342681044e-08,,False
Na0.5Rb1Ag0.5Cd1Ge1Se4_stannite,2.484375016820195e-08,1.987500013456156e-07,3.333333342681044e-08,0.0,True
Na0.5Rb1Ag0.5Cd1Sn1Se4_kesterite,5.3281250078640596e-08,4.262499970764111e-07,3.333333298272123e-08,,False
Na0.5Rb1Ag0.5Cd1Sn1Se4_stannite,1.4062500053313443e-08,1.1249999687379386e-07,8.881784197001252e-16,0.0,True
Na0.5Rb1Ag0.5Cd1Zr1S4_kesterite,2.968750179022095e-08,2.3750000366362656e-07,0.0,0.0,True
Na0.5Rb1Ag0.5Cd1Zr1S4_stannite,3.078124821698225e-08,2.4624999639399903e-07,3.333333342681044e-08,0.0,True
Na0.5Rb1Ag0.5Cd1Zr1Se4_stannite,6.937500129922114e-08,5.549999997356281e-07,3.333333342681044e-08,0.0,True
Na0.5Rb1Ag0.5Mg1Ge1Te4_kesterite,2.17187503537275e-08,1.7374999927710633e-07,0.0,0.0,True
Na0.5Rb1Ag0.5Mg1Zr1S4_kesterite,8.125000672265514e-09,6.500000182541044e-08,3.333333342681044e-08,0.0,True
Na0.5Rb1Ag0.5Sr1Ge1S4_stannite,2.8749998381982778e-08,2.2999999771400326e-07,3.333333342681044e-08,0.0,True
Na0.5Rb1Ag0.5Zn0.5Cd0.5Ge1S2Se2_kesterite,2.4375000684528914e-08,1.9499998415994924e-07,3.333333387089965e-08,0.0,True
Na0.5Rb1Ag0.5Zn0.5Cd0.5Ge1S2Se2_stannite,3.046874930134891e-08,2.4375001572707333e-07,3.333333431498886e-08,0.0,True
Na0.5Rb1Ag0.5Zn1Ge1S4_stannite,4.312500090364324e-08,3.4500000367643224e-07,0.0,0.0,True
Na0.5Rb1Ag0.5Zn1Ge1Se4_stannite,1.7187500311877102e-09,1.3749996696788003e-08,3.333333342681044e-08,0.0,True
Na0.5Rb1Ag0.5Zn1Ge1Te4_stannite,1.312499975369974e-08,1.0499999802959792e-07,3.333333431498886e-08,,False
Na0.5Rb1Ag0.5Zn1Zr1S4_kesterite,4.890625016074068e-08,3.9125000483863914e-07,3.333333342681044e-08,0.0,True
Na0.5Rb1Ag0.5Zn1Zr1Se4_stannite,6.03124994391635e-08,4.824999990660217e-07,4.440892098500626e-16,0.0,True
Na0.5Rb1Ag0.5Zn1Zr1Te4_stannite,8.437500031988066e-09,6.749999670319085e-08,3.333333431498886e-08,0.0,True
Na0.5Rb1Cs0.5Ba1Ge1S4_kesterite,5.781249257097443e-09,4.62500011622069e-08,3.333333342681044e-08,0.0,True
Na0.5Rb1Cs0.5Ba1Zr1S4_kesterite,6.000000141170858e-08,4.799999970828139e-07,3.333333298272123e-08,0.0,True
Na0.5Rb1Cs0.5Ca0.5Zn0.5Sn0.5Ge0.5S4_stannite,1.624999956817419e-08,1.3000000365082087e-07,3.333333342681044e-08,0.0,True
Na0.5Rb1Cs0.5Cd1Ge1Se4_stannite,5.312499995469011e-08,4.2500000319023457e-07,3.333333342681044e-08,0.0,True
Na0.5Rb1Cs0.5Mg0.5Sr0.5Sn0.5Ge0.5S2Se1Te1_stannite,3.23437494564871e-08,2.5874999209918315e-07,0.0,0.0,True
Na0.5Rb1Cs0.5Mg1Zr1S4_stannite,4.062498781820523e-09,3.25000044654189e-08,4.440892098500626e-16,0.0,True
Na0.5Rb1Cs0.5Mg1Zr1Se4_kesterite,3.843749896148552e-08,3.0750000235002517e-07,3.333333298272123e-08,0.0,True
Na0.5Rb1Cs0.5Zn1Ge1Se4_stannite,3.8125000045852175e-08,3.050000003668174e-07,3.333333342681044e-08,0.0,True
Na0.5Rb1Cs0.5Zn1Zr1S4_stannite,2.5000000736241645e-08,2.0000000233721948e-07,0.0,0.0,True
Na0.5Rb1Cs0.5Zn1Zr1Te4_stannite,1.1250000486739964e-08,9.000000034120603e-08,3.333333342681044e-08,0.0,True
Na0.5Rb1Cu0.5Cd1Sn1S1Te3_stannite,4.1562500552316806e-08,3.3250000086582077e-07,3.333333342681044e-08,0.06890000000000107,False
Na0.5Rb1Cu0.5Cd1Sn1Te4_kesterite,6.437499955325166e-08,5.149999999787269e-07,3.333333342681044e-08,0.0,True
Na0.5Rb1Cu0.5Mg1Ge1Se4_stannite,2.0625000818341732e-08,1.6500000299402018e-07,3.333333342681044e-08,0.0,True
Na0.5Rb1Cu0.5Mg1Sn1Te4_kesterite,5.937499958363901e-08,4.7500000022182576e-07,3.333333342681044e-08,0.0,True
Na0.5Rb1Cu0.5Sr0.5Zn0.5Sn0.5Ge0.5S4_stannite,4.9218749076374024e-08,3.9374999971641955e-07,3.333333298272123e-08,,False
Na0.5Rb1Cu0.5Zn1Ge1Te4_stannite,1.1093749918700269e-08,8.874999934960215e-08,0.0,0.0,True
Na0.5Rb1Cu0.5Zn1Sn1Te4_stannite,1.1874999650274276e-08,9.499999720219421e-08,0.0,0.0,True
Na0.5Rb1Cu0.5Zn1Zr1Te4_kesterite,5.6093749645214075e-08,4.487500007144263e-07,3.333333342681044e-08,0.0,True
Na0.5Rb1Cu0.5Zn1Zr1Te4_stannite,7.593750028789259e-08,6.07499998750427e-07,0.0,0.0,True
Na1.5Ag0.5Ba1Ge1S4_kesterite,2.7343749042785248e-08,2.1874999589499566e-07,3.333333253863202e-08,0.0,True
Na1.5Ag0.5Ba1Ge1S4_stannite,1.2812499061709559e-08,1.0249999604639015e-07,0.0,0.0,True
Na1.5Ag0.5Ca1Ge1S4_stannite,2.1562499785687805e-08,1.7249999473278876e-07,3.333333298272123e-08,0.0,True
Na1.5Ag0.5Ca1Ge1Te4_kesterite,1.484375022897666e-08,1.1875000183181328e-07,3.333333342681044e-08,0.0,True
Na1.5Ag0.5Cd1Ge1S4_stannite,7.406249968866518e-08,5.925000010620352e-07,4.440892098500626e-16,,False
Na1.5Ag0.5Cd1Ge1Se4_kesterite,4.562500022231575e-08,3.649999982258123e-07,3.333333342681044e-08,0.0,True
Na1.5Ag0.5Cd1Ge1Te4_stannite,3.5156249911239e-08,2.81249999289912e-07,3.333333342681044e-08,0.0,True
Na1.5Ag0.5Cd1Sn1S4_kesterite,3.4999998899110096e-08,2.7999999474559445e-07,0.0,,False
Na1.5Ag0.5Cd1Sn1S4_stannite,7.359375020499215e-08,5.887499980872235e-07,0.0,0.0,True
Na1.5Ag0.5Cd1Sn1Se4_kesterite,1.859375009516384e-08,1.487500043140244e-07,3.333333431498886e-08,0.0,True
Na1.5Ag0.5Cd1Sn1Se4_stannite,2.7343749930963668e-08,2.1874999589499566e-07,3.333333342681044e-08,24.730999999999998,False
Na1.5Ag0.5Cd1Sn1Te4_kesterite,1.7187499867787892e-08,1.3749999894230314e-07,3.333333342681044e-08,0.0,True
Na1.5Ag0.5Cd1Sn1Te4_stannite,9.375002996137027e-10,7.500002396909622e-09,0.0,0.0,True
Na1.5Ag0.5Cd1Zr1Se4_kesterite,8.593749267760131e-09,6.874999769479473e-08,0.0,0.0,True
Na1.5Ag0.5Cd1Zr1Se4_stannite,5.593750040944201e-08,4.474999997228224e-07,3.333333342681044e-08,0.0,True
Na1.5Ag0.5Cd1Zr1Te4_stannite,2.171875079781671e-08,1.7375000282982e-07,3.333333253863202e-08,0.0,True
Na1.5Ag0.5Mg0.5Cd0.5Ge1Se3Te1_kesterite,4.312500001546482e-08,3.449999965710049e-07,0.0,0.0,True
Na1.5Ag0.5Mg0.5Cd0.5Ge1Se3Te1_stannite,7.546875080421955e-08,6.037500028810427e-07,3.333333253863202e-08,0.0,True
Na1.5Ag0.5Mg0.5Cd0.5Ge1Se4_kesterite,7.640624888338721e-08,6.112499946198113e-07,8.881784197001252e-16,0.0,True
Na1.5Ag0.5Mg0.5Cd0.5Ge1Se4_stannite,2.7187499807013182e-08,2.1749999490339178e-07,0.0,0.0,True
Na1.5Ag0.5Mg1Ge1S4_kesterite,4.406250075916773e-08,3.525000025206282e-07,3.333333387089965e-08,0.0,True
Na1.5Ag0.5Mg1Ge1S4_stannite,1.7812499475411414e-08,1.42499999356005e-07,3.333333342681044e-08,0.0,True
Na1.5Ag0.5Mg1Ge1Se4_stannite,1.656250026016437e-08,1.3249999852860128e-07,4.440892098500626e-16,0.0,True
Na1.5Ag0.5Mg1Ge1Te4_kesterite,4.3281250583504516e-08,3.4625000466803613e-07,3.333333342681044e-08,0.0,True
Na1.5Ag0.5Mg1Ge1Te4_stannite,4.8437502897513696e-09,3.8750002318010957e-08,3.333333342681044e-08,0.0,True
Na1.5Ag0.5Mg1Zr1Se4_kesterite,7.375000032894263e-08,5.899999990788274e-07,3.333333342681044e-08,0.0,True
Na1.5Ag0.5Sr0.5Zn0.5Ge1S1Se3_kesterite,1.5312499268560487e-08,1.2249999770119757e-07,3.333333342681044e-08,0.0,True
Na1.5Ag0.5Sr0.5Zn0.5Ge1S1Se3_stannite,1.9531249950688334e-08,1.56249996052793e-07,4.440892098500626e-16,0.0,True
Na1.5Ag0.5Sr1Ge1S4_stannite,2.281249988911327e-08,1.8250000266561983e-07,3.333333387089965e-08,0.0,True
Na1.5Ag0.5Sr1Ge1Se4_stannite,5.4062500698393023e-08,4.325000020344305e-07,3.333333342681044e-08,0.0,True
Na1.5Ag0.5Zn1Ge1S4_kesterite,2.203125015753926e-08,1.7624999770760041e-07,3.333333342681044e-08,0.0,True
Na1.5Ag0.5Zn1Ge1Se4_kesterite,5.937500269226348e-09,4.750000215381078e-08,3.333333342681044e-08,0.0,True
Na1.5Ag0.5Zn1Ge1Se4_stannite,1.562499463148015e-09,1.249999570518412e-08,3.333333342681044e-08,0.0,True
Na1.5Ag0.5Zn1Ge1Te4_kesterite,5.4062499366125394e-08,4.3249999848171683e-07,8.881784197001252e-16,0.0,True
Na1.5Ag0.5Zn1Ge1Te4_stannite,4.6718749757701517e-08,3.737500016143258e-07,8.881784197001252e-16,0.0,True
Na1.5Ag0.5Zn1Sn1S4_stannite,3.0937500117289574e-08,2.474999973856029e-07,0.0,0.0,True
Na1.5Ag0.5Zn1Sn1Se4_kesterite,5.9218750347866944e-08,4.737499992302219e-07,3.333333298272123e-08,0.0,True
Na1.5Ag0.5Zn1Sn1Se4_stannite,4.593750047021672e-08,3.6750000020902007e-07,0.0,0.0,True
Na1.5Ag0.5Zn1Zr1S4_kesterite,4.359374949913786e-08,3.4874999954581654e-07,3.333333342681044e-08,0.0,True
Na1.5Ag0.5Zn1Zr1Se4_kesterite,7.625000053579356e-08,6.100000007336348e-07,0.0,0.0,True
Na1.5Ag0.5Zn1Zr1Se4_stannite,4.890624927256226e-08,3.912499977332118e-07,0.0,0.0,True
Na1.5Ag0.5Zn1Zr1Te4_kesterite,4.703124956151328e-08,3.762500000448199e-07,3.333333431498886e-08,0.0,True
Na1.5Ag0.5Zn1Zr1Te4_stannite,2.765625017886464e-08,2.2124999787820343e-07,3.333333342681044e-08,0.0,True
Na1.5Cs0.5Ba1Ge1S4_kesterite,6.406250063761831e-08,5.125000015482328e-07,3.333333342681044e-08,0.0,True
Na1.5Cs0.5Ba1Ge1Se4_kesterite,3.453125030361548e-08,2.762500059816375e-07,3.333333342681044e-08,0.0,True
Na1.5Cs0.5Ca1Ge1S4_stannite,6.343750102999479e-08,5.075000046872447e-07,3.333333342681044e-08,0.0,True
Na1.5Cs0.5Ca1Ge1Se4_stannite,5.4687503414641014e-09,4.375000628442649e-08,0.0,0.0,True
Na1.5Cs0.5Cd1Ge1S4_kesterite,6.171874922245024e-08,4.937500008850293e-07,0.0,0.0,True
Na1.5Cs0.5Cd1Ge1Se4_kesterite,2.7812500302815124e-08,2.2249999886980731e-07,3.333333342681044e-08,0.0,True
Na1.5Cs0.5Cd1Sn1S4_kesterite,3.171875118113121e-08,2.5375000234362233e-07,3.333333342681044e-08,0.0,True
Na1.5Cs0.5Cd1Sn1S4_stannite,5.53125012459077e-08,4.425000028618342e-07,3.333333298272123e-08,0.0,True
Na1.5Cs0.5Cd1Sn1Se4_stannite,2.1249999981876044e-08,1.6999999985500835e-07,3.333333342681044e-08,,False
Na1.5Cs0.5Cd1Zr1S4_stannite,6.546875086499426e-08,5.237500033672404e-07,0.0,0.0,True
Na1.5Cs0.5Cd1Zr1Se4_kesterite,1.0468749866987537e-08,8.375000248861397e-08,3.333333342681044e-08,0.0,True
Na1.5Cs0.5Cd1Zr1Se4_stannite,6.32812509060443e-08,5.062500036956408e-07,3.333333298272123e-08,0.0,True
Na1.5Cs0.5Mg1Ge1S4_stannite,2.9062500850329798e-08,2.3249999969721102e-07,3.333333342681044e-08,0.0,True
Na1.5Cs0.5Mg1Ge1Se4_stannite,8.125000672265514e-09,6.500000182541044e-08,3.333333342681044e-08,0.0,True
Na1.5Cs0.5Sr0.5Zn0.5Sn0.5Ge0.5S2Se1Te1_stannite,3.8124999601762966e-08,3.0499999326139005e-07,4.440892098500626e-16,0.0,True
Na1.5Cs0.5Sr1Ge1Se4_stannite,9.99999905104687e-09,7.999999951380232e-08,0.0,0.0,True
Na1.5Cs0.5Zn1Ge1S4_kesterite,7.73437487389117e-08,6.187499934640073e-07,0.0,0.0,True
Na1.5Cs0.5Zn1Ge1S4_stannite,5.984374995549047e-08,4.7874999609121e-07,3.333333387089965e-08,0.0,True
Na1.5Cs0.5Zn1Ge1Se4_stannite,4.687494836730366e-10,3.749995869384293e-09,3.333333253863202e-08,0.0,True
Na1.5Cs0.5Zn1Sn1S4_stannite,7.031250071065642e-08,5.625000056852514e-07,3.333333387089965e-08,0.0,True
Na1.5Cs0.5Zn1Sn1Se4_stannite,6.640625072051876e-08,5.312500022114364e-07,3.333333253863202e-08,0.0,True
Na1.5Cs0.5Zn1Zr1S4_stannite,6.359374937758844e-08,5.087499985734212e-07,3.333333342681044e-08,,False
Na1.5Cs0.5Zn1Zr1Se4_stannite,4.281249976756385e-08,3.425000016932245e-07,0.0,0.0,True
Na1.5Cu0.5Ba0.5Zn0.5Sn1S2Se1Te1_stannite,7.390625000880391e-08,5.912500000704313e-07,8.881784197001252e-16,0.0,True
Na1.5Cu0.5Ba1Ge1Se4_kesterite,0.0,0.0,3.333333342681044e-08,,False
Na1.5Cu0.5Ba1Zr1Te4_kesterite,4.8124999540988256e-08,3.849999998806197e-07,3.333333342681044e-08,0.0,True
Na1.5Cu0.5Ca1Zr1Se4_stannite,4.234375028389081e-08,3.387499987184128e-07,3.333333342681044e-08,,False
Na1.5Cu0.5Cd1Ge1Te4_kesterite,2.3749999744637762e-08,1.899999979571021e-07,3.333333342681044e-08,0.0,True
Na1.5Cu0.5Cd1Sn1Se4_kesterite,1.7500000115688863e-08,1.3999999737279722e-07,8.881784197001252e-16,0.0,True
Na1.5Cu0.5Cd1Sn1Se4_stannite,1.2968750962016884e-08,1.0375000414342139e-07,3.333333253863202e-08,0.0,True
Na1.5Cu0.5Cd1Sn1Te4_kesterite,3.484375010742724e-08,2.787500008594179e-07,8.881784197001252e-16,0.0,True
Na1.5Cu0.5Cd1Zr1S4_kesterite,5.9218751236045364e-08,4.7375000633564923e-07,4.440892098500626e-16,0.0,True
Na1.5Cu0.5Cd1Zr1Se4_kesterite,1.1093750362789478e-08,8.874999934960215e-08,8.881784197001252e-16,,False
Na1.5Cu0.5Cd1Zr1Te4_kesterite,7.656250300414058e-09,6.124999885059879e-08,0.0,0.0,True
Na1.5Cu0.5Cd1Zr1Te4_stannite,7.484374942023919e-08,5.987499989146272e-07,3.333333431498886e-08,0.0,True
Na1.5Cu0.5Mg1Ge1Se4_kesterite,4.375000051126676e-08,3.500000005374204e-07,3.333333253863202e-08,0.0,True
Na1.5Cu0.5Mg1Ge1Te4_kesterite,5.078125031587888e-08,4.0625000252703103e-07,8.881784197001252e-16,0.0,True
Na1.5Cu0.5Mg1Ge1Te4_stannite,1.343750000160071e-08,1.0750000001280569e-07,0.0,0.0,True
Na1.5Cu0.5Mg1Sn1Te4_kesterite,7.109375044223043e-08,5.687500035378434e-07,8.881784197001252e-16,0.0,True
Na1.5Cu0.5Mg1Sn1Te4_stannite,7.48437498643284e-08,5.987499989146272e-07,8.881784197001252e-16,0.0,True
Na1.5Cu0.5Mg1Zr1Se4_kesterite,1.34374995575115e-08,1.0750000001280569e-07,3.333333387089965e-08,,False
Na1.5Cu0.5Mg1Zr1Te4_kesterite,5.343750020259108e-08,4.2750000517344233e-07,8.881784197001252e-16,0.0,True
Na1.5Cu0.5Mg1Zr1Te4_stannite,4.281250065574227e-08,3.425000016932245e-07,3.333333342681044e-08,0.0,True
Na1.5Cu0.5Sr1Zr1Se4_stannite,6.187499979048994e-08,4.950000018766332e-07,3.333333387089965e-08,0.0,True
Na1.5Cu0.5Sr1Zr1Te4_kesterite,4.2656249643613364e-08,3.412500007016206e-07,0.0,0.0,True
Na1.5Cu0.5Zn1Ge1Se4_kesterite,4.375000051126676e-08,3.500000005374204e-07,3.333333253863202e-08,0.0,True
Na1.5Cu0.5Zn1Ge1Se4_stannite,4.531249997441478e-08,3.625000033480319e-07,8.881784197001252e-16,0.0,True
Na1.5Cu0.5Zn1Sn1Te4_kesterite,5.7812499676401785e-08,4.624999974112143e-07,3.333333342681044e-08,0.0,True
Na1.5Cu0.5Zn1Zr1S4_kesterite,3.421875005571451e-08,2.7375000399842975e-07,0.0,0.0,True
Na1.5Cu0.5Zn1Zr1Se4_kesterite,2.1562500673866225e-08,1.7250000183821612e-07,8.881784197001252e-16,0.0,True
Na1.5Cu0.5Zn1Zr1Te4_kesterite,3.6406250902842885e-08,2.912500036700294e-07,8.881784197001252e-16,0.0,True
Na1.5K0.5Ba1Ge1S3Te1_kesterite,3.1250002585636594e-09,2.4999998515795596e-08,3.333333342681044e-08,0.0,True
Na1.5K0.5Ba1Ge1S4_kesterite,9.062500527790007e-09,7.250000066960638e-08,0.0,,False
Na1.5K0.5Ba1Ge1Se4_kesterite,6.421874898521196e-08,5.137499954344094e-07,0.0,0.0,True
Na1.5K0.5Ca0.5Ba0.5Ge1S1Se3_kesterite,5.2656249138749445e-08,4.2125001442627763e-07,3.333333342681044e-08,0.0,True
Na1.5K0.5Ca0.5Ba0.5Ge1S1Se3_stannite,2.45312508084794e-08,1.9624998515155312e-07,3.333333342681044e-08,0.0,True
Na1.5K0.5Ca1Ge1Se4_stannite,7.812497315740075e-10,6.24999785259206e-09,3.333333342681044e-08,0.0,True
Na1.5K0.5Ca1Ge1Te4_stannite,5.562500060563025e-08,4.45000004845042e-07,8.881784197001252e-16,0.0,True
Na1.5K0.5Cd1Ge1S4_stannite,1.3593751013729616e-08,1.0875000100440957e-07,3.333333387089965e-08,0.0,True
Na1.5K0.5Cd1Ge1Se4_stannite,4.078125126483201e-08,3.262500030132287e-07,3.333333342681044e-08,0.0,True
Na1.5K0.5Cd1Ge1Te4_stannite,1.2500005475146736e-09,1.000000082740371e-08,0.0,0.0,True
Na1.5K0.5Cd1Sn1Se4_stannite,1.2187499898175247e-08,9.749999918540198e-08,3.333333253863202e-08,0.0,True
Na1.5K0.5Cd1Sn1Te4_stannite,6.328125001786589e-08,5.062500001429271e-07,3.333333342681044e-08,0.0,True
Na1.5K0.5Cd1Zr1S4_kesterite,6.562500098894475e-08,5.250000043588443e-07,3.333333387089965e-08,,False
Na1.5K0.5Cd1Zr1S4_stannite,3.218749933253662e-08,2.574999982130066e-07,3.333333342681044e-08,0.0,True
Na1.5K0.5Cd1Zr1Se4_kesterite,1.9843749310410885e-08,1.5874999803600076e-07,3.333333342681044e-08,0.0,True
Na1.5K0.5Cd1Zr1Se4_stannite,6.109375005891593e-08,4.887499969186138e-07,3.333333342681044e-08,0.0,True
Na1.5K0.5Cd1Zr1Te4_kesterite,6.531249985286536e-08,5.224999952702092e-07,3.333333253863202e-08,0.0,True
Na1.5K0.5Cd1Zr1Te4_stannite,7.031249804612116e-09,5.624999488418325e-08,3.333333342681044e-08,0.0,True
Na1.5K0.5Mg1Ge1S4_stannite,6.390625095775704e-08,5.11250000556629e-07,3.333333342681044e-08,0.0,True
Na1.5K0.5Mg1Ge1Se4_stannite,4.1562499220049176e-08,3.3250000086582077e-07,3.333333298272123e-08,0.0,True
Na1.5K0.5Mg1Ge1Te4_stannite,7.515624966814016e-08,6.01250000897835e-07,3.333333342681044e-08,0.0,True
Na1.5K0.5Sr0.5Cd0.5Sn1S1Se3_stannite,2.5312499651874987e-08,2.0249999718724432e-07,3.333333298272123e-08,0.0,True
Na1.5K0.5Sr1Ge1S4_kesterite,1.9218749702787363e-08,1.5375000117501259e-07,3.333333342681044e-08,0.0,True
Na1.5K0.5Sr1Ge1Se4_kesterite,3.734374987018896e-08,2.9875000251422534e-07,3.333333342681044e-08,0.0,True
Na1.5K0.5Zn0.5Cd0.5Ge1S1Se1Te2_kesterite,1.015624984113117e-08,8.12500005054062e-08,3.333333342681044e-08,0.0,True
Na1.5K0.5Zn0.5Cd0.5Ge1S1Se1Te2_stannite,1.0000000161269895e-08,7.999999951380232e-08,0.0,0.0,True
Na1.5K0.5Zn1Ge1S4_stannite,1.8906249898975602e-08,1.5124999919180482e-07,3.333333298272123e-08,0.0,True
Na1.5K0.5Zn1Ge1Te4_kesterite,1.3281250765828645e-08,1.0625000257391548e-07,0.0,0.0,True
Na1.5K0.5Zn1Ge1Te4_stannite,5.5781250285491524e-08,4.462499987312185e-07,3.333333342681044e-08,,False
Na1.5K0.5Zn1Sn1Te4_kesterite,5.453125062615527e-08,4.362500014565285e-07,3.333333253863202e-08,0.0,True
Na1.5K0.5Zn1Sn1Te4_stannite,2.7500000499003363e-08,2.2000000043931323e-07,3.333333342681044e-08,0.0,True
Na1.5K0.5Zn1Zr1S4_stannite,7.68750010315955e-08,6.150000047000503e-07,3.333333342681044e-08,0.0,True
Na1.5K0.5Zn1Zr1Se4_kesterite,4.421875088311822e-08,3.5375000351223207e-07,3.333333253863202e-08,0.0,True
Na1.5K0.5Zn1Zr1Se4_stannite,3.203125098494297e-08,2.562500043268301e-07,0.0,0.0,True
Na1.5K0.5Zn1Zr1Te4_stannite,1.515624958869921e-08,1.212499967095937e-07,0.0,0.0,True
Na1.5Rb0.5Ba1Ge1S4_kesterite,6.000000007944095e-08,4.799999970828139e-07,3.333333342681044e-08,0.0,True
Na1.5Rb0.5Ca0.5Sr0.5Sn0.5Ge0.5S3Te1_kesterite,4.375000806078333e-09,3.499999223777195e-08,0.0,0.0,True
Na1.5Rb0.5Ca0.5Sr0.5Sn0.5Ge0.5S3Te1_stannite,1.9531248618420705e-08,1.5625000315822035e-07,3.333333342681044e-08,0.0,True
Na1.5Rb0.5Cd1Ge1S4_kesterite,1.1249999598561544e-08,9.000000034120603e-08,3.333333342681044e-08,0.0,True
Na1.5Rb0.5Cd1Ge1S4_stannite,5.4687499417838126e-08,4.374999988954187e-07,3.333333387089965e-08,0.0,True
Na1.5Rb0.5Cd1Ge1Te4_kesterite,2.140624966173732e-08,1.7125000084661224e-07,0.0,0.0,True
Na1.5Rb0.5Cd1Sn1Te4_kesterite,4.6406249953889755e-08,3.7124999963111804e-07,3.333333253863202e-08,0.0,True
Na1.5Rb0.5Cd1Zr1S4_kesterite,6.03124994391635e-08,4.824999990660217e-07,3.333333298272123e-08,0.0,True
Na1.5Rb0.5Cd1Zr1S4_stannite,1.2656250714115913e-08,1.0125000216021363e-07,3.333333342681044e-08,0.0,True
Na1.5Rb0.5Cd1Zr1Se4_kesterite,1.828125073544129e-08,1.4625000233081664e-07,3.333333342681044e-08,0.0,True
Na1.5Rb0.5Cd1Zr1Se4_stannite,1.4374999413035994e-08,1.1499999885700163e-07,3.333333342681044e-08,0.0,True
Na1.5Rb0.5Mg0.5Zn0.5Ge1S1Te3_stannite,5.87500004201047e-08,4.700000033608376e-07,0.0,0.0,True
Na1.5Rb0.5Mg1Ge1S4_stannite,5.9218749459688524e-08,4.737499992302219e-07,3.333333342681044e-08,0.0,True
Na1.5Rb0.5Mg1Ge1Se4_stannite,5.187499940717544e-08,4.1500000236283086e-07,4.440892098500626e-16,0.0,True
Na1.5Rb0.5Mg1Ge1Te4_stannite,5.6718750141016017e-08,4.5374999757541445e-07,0.0,0.0,True
Na1.5Rb0.5Sr0.5Ba0.5Sn0.5Ge0.5S2Se2_kesterite,8.749999835799827e-09,6.999999158097125e-08,3.333333387089965e-08,0.0,True
Na1.5Rb0.5Sr1Ge1Se4_kesterite,4.3281250583504516e-08,3.4625000466803613e-07,3.333333387089965e-08,,False
Na1.5Rb0.5Zn1Ge1S4_stannite,2.9843750137814595e-08,2.387499975498031e-07,0.0,0.0,True
Na1.5Rb0.5Zn1Ge1Te4_stannite,1.2812500393977189e-08,1.0249999959910383e-07,3.333333342681044e-08,0.0,True
Na1.5Rb0.5Zn1Zr1S4_kesterite,2.828124978648816e-08,2.2625000184461896e-07,3.333333342681044e-08,0.0,True
Na1.5Rb0.5Zn1Zr1Se4_stannite,5.0624999747839183e-08,4.0500000153542715e-07,3.333333342681044e-08,0.0,True
Na1.5Rb0.5Zn1Zr1Te4_kesterite,7.640624977156563e-08,6.112499946198113e-07,3.333333431498886e-08,0.0,True
Na1.5Rb0.5Zn1Zr1Te4_stannite,4.687500032574121e-08,3.74999999053216e-07,3.333333342681044e-08,0.0,True
Na1Ag1Ba1Ge1S3Se1_kesterite,4.343749893109816e-08,3.4749999855421265e-07,3.333333431498886e-08,0.0,True
Na1Ag1Ba1Ge1S3Se1_stannite,4.8125000873255885e-08,3.849999998806197e-07,0.0,0.0,True
Na1Ag1Ba1Ge1S4_stannite,2.0156250446490276e-08,1.6125000001920853e-07,3.333333298272123e-08,0.0,True
Na1Ag1Ba1Ge1Se4_kesterite,6.156250043076739e-08,4.924999998934254e-07,3.333333431498886e-08,0.0,True
Na1Ag1Ba1Ge1Se4_stannite,5.4062499810214604e-08,4.325000020344305e-07,3.333333342681044e-08,0.0,True
Na1Ag1Ca1Ge1S3Te1_kesterite,3.109374979715085e-08,2.487499983772068e-07,3.333333342681044e-08,0.0,True
Na1Ag1Ca1Ge1S3Te1_stannite,6.515625017300408e-08,5.212500013840327e-07,8.881784197001252e-16,0.0,True
Na1Ag1Ca1Ge1S4_kesterite,4.0937500056514864e-08,3.2749999689940523e-07,3.333333342681044e-08,0.0,True
Na1Ag1Ca1Ge1S4_stannite,1.1875000094363486e-08,9.499999720219421e-08,3.333333342681044e-08,0.0,True
Na1Ag1Ca1Ge1Se4_kesterite,2.6406250963617595e-08,2.1125000415622708e-07,3.333333298272123e-08,0.0,True
Na1Ag1Ca1Ge1Se4_stannite,7.96874966013661e-09,6.375000083380655e-08,8.881784197001252e-16,0.0,True
Na1Ag1Ca1Ge1Te4_kesterite,3.250000046861601e-08,2.600000001962144e-07,3.333333342681044e-08,0.0,True
Na1Ag1Ca1Zr1S4_stannite,6.312499944982619e-08,5.049999955986095e-07,3.333333342681044e-08,0.0,True
Na1Ag1Cd1Ge1S4_kesterite,1.8437499971213356e-08,1.4750000332242053e-07,3.333333342681044e-08,0.0,True
Na1Ag1Cd1Ge1Se4_kesterite,5.2968749386650416e-08,4.237499950932033e-07,3.333333298272123e-08,0.0,True
Na1Ag1Cd1Ge1Se4_stannite,3.046875018952733e-08,2.437500015162186e-07,0.0,0.0,True
Na1Ag1Cd1Ge1Te4_stannite,1.8124999723312385e-08,1.4499999778649908e-07,3.333333342681044e-08,0.0,True
Na1Ag1Cd1Sn0.5Ge0.5S1Se2Te1_kesterite,6.718749956391434e-08,5.375000000640284e-07,0.0,0.0,True
Na1Ag1Cd1Sn0.5Ge0.5S1Se2Te1_stannite,6.515625061709329e-08,5.212500013840327e-07,0.0,0.24980000000000047,False
Na1Ag1Cd1Sn1S4_kesterite,6.343749925363795e-08,5.074999975818173e-07,3.333333431498886e-08,0.0,True
Na1Ag1Cd1Sn1S4_stannite,6.562500010076633e-08,5.250000043588443e-07,3.333333253863202e-08,0.0,True
Na1Ag1Cd1Sn1Se4_kesterite,5.140624903532398e-08,4.112499993880192e-07,3.333333342681044e-08,0.0,True
Na1Ag1Cd1Sn1Se4_stannite,2.5312500540053406e-08,2.024999972149999e-07,0.0,0.0,True
Na1Ag1Cd1Sn1Te4_stannite,1.249999659336254e-09,1.000000082740371e-08,3.333333342681044e-08,0.0,True
Na1Ag1Cd1Zr1S4_kesterite,3.7499999994139444e-08,2.9999999640040187e-07,3.333333342681044e-08,0.0,True
Na1Ag1Cd1Zr1S4_stannite,7.578124927576368e-08,6.062499977588232e-07,3.333333342681044e-08,0.0,True
Na1Ag1Cd1Zr1Se4_kesterite,3.890624933333697e-08,3.1124999821940946e-07,0.0,0.0,True
Na1Ag1Cd1Zr1Se4_stannite,5.281249970678914e-08,4.225000012070268e-07,3.333333431498886e-08,0.0,True
Na1Ag1Cd1Zr1Te4_stannite,3.2968749952289045e-08,2.6375000317102604e-07,3.333333342681044e-08,0.0,True
Na1Ag1Mg1Ge1S4_kesterite,3.249999958043759e-08,2.600000001962144e-07,3.333333298272123e-08,0.0,True
Na1Ag1Mg1Ge1S4_stannite,6.76562499357658e-08,5.412500030388401e-07,3.333333342681044e-08,0.0,True
Na1Ag1Mg1Ge1Se4_stannite,3.218749977662583e-08,2.574999982130066e-07,3.333333298272123e-08,0.0,True
Na1Ag1Mg1Ge1Te4_kesterite,3.70312500663772e-08,2.962500005310176e-07,0.0,0.0,True
Na1Ag1Mg1Ge1Te4_stannite,4.062499669998942e-09,3.249999735999154e-08,3.333333431498886e-08,0.019000000000001904,False
Na1Ag1Mg1Sn1S4_kesterite,6.656249995629082e-08,5.324999960976129e-07,0.0,0.0,True
Na1Ag1Mg1Sn1S4_stannite,3.8125000489941385e-08,3.050000003668174e-07,3.333333298272123e-08,0.0,True
Na1Ag1Mg1Sn1Se4_stannite,7.062500007037897e-08,5.650000005630318e-07,4.440892098500626e-16,0.0,True
Na1Ag1Mg1Zr1S4_stannite,7.50000004323681e-08,5.999999999062311e-07,8.881784197001252e-16,0.0,True
Na1Ag1Mg1Zr1Se4_kesterite,7.609374952366466e-08,6.087499997420309e-07,3.333333342681044e-08,0.0,True
Na1Ag1Mg1Zr1Te4_stannite,2.2656250653341203e-08,1.8125000167401595e-07,0.0,0.0,True
Na1Ag1Sr1Ge1S4_kesterite,6.749999981181531e-08,5.399999949418088e-07,0.0,0.0,True
Na1Ag1Sr1Ge1Se4_kesterite,5.8124999924302756e-08,4.6499999939442205e-07,3.333333342681044e-08,0.0,True
Na1Ag1Sr1Ge1Se4_stannite,3.343749988005129e-08,2.6749999904041033e-07,4.440892098500626e-16,0.0,True
Na1Ag1Sr1Ge1Te4_stannite,4.031249911662371e-08,3.2250000003841706e-07,3.333333342681044e-08,0.0,True
Na1Ag1Sr1Zr1S4_kesterite,3.6093751099031124e-08,2.8875000168682163e-07,3.333333342681044e-08,0.0,True
Na1Ag1Zn1Ge1S4_stannite,1.8750001551381956e-09,1.4999997688391886e-08,3.333333431498886e-08,0.0,True
Na1Ag1Zn1Ge1Se4_kesterite,3.2656249704388074e-08,2.6125000118781827e-07,3.333333342681044e-08,0.0,True
Na1Ag1Zn1Ge1Se4_stannite,1.7812499475411414e-08,1.42499999356005e-07,3.333333298272123e-08,0.0,True
Na1Ag1Zn1Ge1Te4_stannite,5.874999908783707e-08,4.699999998081239e-07,0.0,0.26149999999999984,False
Na1Ag1Zn1Sn1S4_stannite,5.9531250595767915e-08,4.7625000121342964e-07,0.0,0.0,True
Na1Ag1Zn1Sn1Se4_kesterite,7.656250033960532e-08,6.125000027168426e-07,3.333333342681044e-08,0.0,True
Na1Ag1Zn1Sn1Se4_stannite,6.296875021405413e-08,5.03750001712433e-07,3.333333253863202e-08,0.06579999999999941,False
Na1Ag1Zn1Sn1Te4_stannite,3.0937499673200364e-08,2.474999973856029e-07,0.0,0.024699999999999278,False
Na1Ag1Zn1Zr1S4_kesterite,1.2500005475146736e-09,1.000000082740371e-08,3.333333342681044e-08,0.0,True
Na1Ag1Zn1Zr1Se4_kesterite,4.7500000821543154e-08,3.8000000301963155e-07,3.333333342681044e-08,0.0,True
Na1Ag1Zn1Zr1Se4_stannite,3.875000009756491e-08,3.1000000433323294e-07,3.333333342681044e-08,0.0,True
Na1Ag1Zn1Zr1Te4_stannite,7.10937491099628e-08,5.687499964324161e-07,3.333333253863202e-08,0.0,True
Na1Al0.5In0.5S1Te1_kesterite,9.218749319472863e-09,3.687499727789145e-08,3.333333342681044e-08,0.0,True
Na1Al0.5In0.5S1Te1_stannite,2.2499999641212298e-08,8.999999678849235e-08,8.881784197001252e-16,0.0,True
Na1Al0.5In0.5Se1Te1_kesterite,4.562500066640496e-08,1.8250000266561983e-07,3.333333342681044e-08,0.0,True
Na1Al0.5In0.5Se1Te1_stannite,6.296875021405413e-08,2.518750008562165e-07,3.333333253863202e-08,0.0,True
Na1Al1S2_kesterite,1.937500027082706e-08,7.750000108330823e-08,0.0,0.0,True
Na1Al1S2_stannite,2.312499969292503e-08,9.249999877170012e-08,0.0,0.0,True
Na1Al1Se1Te1_kesterite,4.249999996375209e-08,1.6999999985500835e-07,0.0,0.0,True
Na1Al1Se1Te1_stannite,7.312499983314069e-08,2.925000011089196e-07,3.333333253863202e-08,0.0,True
Na1Al1Se2_kesterite,8.124998895908675e-09,3.249999735999154e-08,3.333333387089965e-08,0.0,True
Na1Al1Se2_stannite,2.1249999537786834e-08,8.499999992750418e-08,0.0,0.0,True
Na1Al1Te2_stannite,2.937500021005235e-08,1.175000008402094e-07,3.333333342681044e-08,0.0,True
Na1Cs0.5Ag0.5Ba0.5Zn0.5Sn0.5Ge0.5S2Se2_kesterite,6.718749956391434e-08,5.375000000640284e-07,3.333333342681044e-08,0.0,True
Na1Cs0.5Ag0.5Ba0.5Zn0.5Sn0.5Ge0.5S2Se2_stannite,3.1874999972814066e-08,2.550000033352262e-07,3.333333342681044e-08,0.0,True
Na1Cs0.5Ag0.5Ba1Ge1S4_stannite,2.7031250571241117e-08,2.1625000101721525e-07,0.0,0.0,True
Na1Cs0.5Ag0.5Ca0.5Sr0.5Sn1S2Se1Te1_kesterite,7.187499972971523e-08,5.750000013904355e-07,0.0,0.0,True
Na1Cs0.5Ag0.5Ca0.5Sr0.5Sn1S2Se1Te1_stannite,1.7187499867787892e-08,1.3750000249501682e-07,0.0,0.0,True
Na1Cs0.5Ag0.5Ca1Ge1S4_stannite,2.3906248980409828e-08,1.912499953959923e-07,3.333333342681044e-08,0.0,True
Na1Cs0.5Ag0.5Ca1Ge1Se4_stannite,9.68749969132432e-09,7.749999753059456e-08,3.333333342681044e-08,0.0,True
Na1Cs0.5Ag0.5Ca1Sn1S4_stannite,4.406250075916773e-08,3.525000025206282e-07,3.333333342681044e-08,0.0,True
Na1Cs0.5Ag0.5Cd1Ge1S4_kesterite,7.29687497091902e-08,5.837500012262353e-07,0.0,,False
Na1Cs0.5Ag0.5Cd1Ge1S4_stannite,1.5625000404639877e-08,1.250000067898327e-07,3.333333342681044e-08,,False
Na1Cs0.5Ag0.5Cd1Sn1S4_kesterite,7.624999964761514e-08,6.100000007336348e-07,3.333333298272123e-08,0.0,True
Na1Cs0.5Ag0.5Cd1Sn1Se4_kesterite,6.593750079275651e-08,5.275000063420521e-07,3.333333431498886e-08,,False
Na1Cs0.5Ag0.5Cd1Sn1Se4_stannite,3.4687499983476755e-08,2.7749999986781404e-07,3.333333342681044e-08,0.0,True
Na1Cs0.5Ag0.5Cd1Zr1S4_kesterite,5.000000014021566e-08,3.999999975690116e-07,3.333333342681044e-08,0.0,True
Na1Cs0.5Ag0.5Cd1Zr1S4_stannite,3.390625069599196e-08,2.71250002015222e-07,3.333333253863202e-08,0.0,True
Na1Cs0.5Ag0.5Cd1Zr1Te4_stannite,4.546874921018684e-08,3.637499972342084e-07,3.333333342681044e-08,0.0,True
Na1Cs0.5Ag0.5Mg1Ge1S3Te1_kesterite,2.2500000973479928e-08,1.8000000068241206e-07,4.440892098500626e-16,0.0,True
Na1Cs0.5Ag0.5Mg1Ge1S3Te1_stannite,5.671874880874839e-08,4.5374999757541445e-07,0.0,0.0,True
Na1Cs0.5Ag0.5Mg1Ge1Se4_kesterite,2.3281251149143145e-08,1.8625000564043148e-07,3.333333431498886e-08,0.0,True
Na1Cs0.5Ag0.5Mg1Ge1Te4_stannite,4.484375004665253e-08,3.5875000037322025e-07,3.333333342681044e-08,,False
Na1Cs0.5Ag0.5Mg1Sn1S4_kesterite,2.7343749042785248e-08,2.1874999589499566e-07,3.333333342681044e-08,0.0,True
Na1Cs0.5Ag0.5Mg1Sn1Se4_kesterite,6.765625037985501e-08,5.412500030388401e-07,0.0,0.0,True
Na1Cs0.5Ag0.5Mg1Zr1S4_kesterite,7.218750086579462e-08,5.775000033736433e-07,4.440892098500626e-16,0.0,True
Na1Cs0.5Ag0.5Mg1Zr1S4_stannite,1.0781250114888508e-08,8.625000447182174e-08,3.333333342681044e-08,0.0,True
Na1Cs0.5Ag0.5Sr1Ge1S4_stannite,3.1562500613091515e-08,2.5250000135201844e-07,3.333333342681044e-08,,False
Na1Cs0.5Ag0.5Zn1Ge1S4_kesterite,1.8750010433166153e-09,1.5000004793819244e-08,3.333333298272123e-08,0.0,True
Na1Cs0.5Ag0.5Zn1Ge1S4_stannite,4.7812499293087285e-08,3.8249999789741196e-07,0.0,0.0,True
Na1Cs0.5Ag0.5Zn1Ge1Se4_kesterite,6.531249896468694e-08,5.224999952702092e-07,3.333333253863202e-08,0.0,True
Na1Cs0.5Ag0.5Zn1Ge1Se4_stannite,2.5312500540053406e-08,2.0250000432042725e-07,3.333333342681044e-08,0.0,True
Na1Cs0.5Ag0.5Zn1Ge1Te4_stannite,4.171875067626729e-08,3.3375000185742465e-07,0.0,0.6566000000000001,False
Na1Cs0.5Ag0.5Zn1Sn1Se4_stannite,6.187499979048994e-08,4.950000018766332e-07,3.333333342681044e-08,0.0,True
Na1Cs0.5Ag0.5Zn1Sn1Te4_stannite,1.3749999805412472e-08,1.0999999844329977e-07,0.0,0.6352000000000002,False
Na1Cs0.5Ag0.5Zn1Zr1S4_kesterite,5.390624968626412e-08,4.312500010428266e-07,3.333333342681044e-08,0.0,True
Na1Cs0.5Ag0.5Zn1Zr1S4_stannite,1.0468750755165956e-08,8.375000248861397e-08,3.333333342681044e-08,0.0,True
Na1Cs0.5Ag0.5Zn1Zr1Se4_kesterite,3.8124999601762966e-08,3.050000003668174e-07,0.0,0.0,True
Na1Cs0.5Ag0.5Zn1Zr1Se4_stannite,3.218750110889346e-08,2.57500005318434e-07,3.333333298272123e-08,0.0,True
Na1Cs0.5Cu0.5Ca1Ge1S4_stannite,6.906250105132017e-08,5.525000048578477e-07,3.333333387089965e-08,,False
Na1Cs0.5Cu0.5Ca1Sn1Se4_stannite,2.8125000106626885e-08,2.2500000085301508e-07,4.440892098500626e-16,0.0,True
Na1Cs0.5Cu0.5Ca1Zr1Te4_stannite,3.1875000860992486e-08,2.550000033352262e-07,3.333333253863202e-08,0.0,True
Na1Cs0.5Cu0.5Cd1Ge1S4_stannite,7.187499884153681e-08,5.749999942850081e-07,3.333333342681044e-08,0.0,True
Na1Cs0.5Cu0.5Cd1Sn1S4_stannite,5.203124997521513e-08,4.1625000335443474e-07,3.333333342681044e-08,0.0,True
Na1Cs0.5Cu0.5Cd1Zr1Se4_kesterite,5.0937500883918574e-08,4.075000035186349e-07,3.333333342681044e-08,0.0,True
Na1Cs0.5Cu0.5Cd1Zr1Se4_stannite,5.874999997601549e-08,4.699999962554102e-07,3.333333342681044e-08,0.0,True
Na1Cs0.5Cu0.5Cd1Zr1Te4_stannite,1.4218749289085508e-08,1.1374999786539775e-07,3.333333342681044e-08,0.0,True
Na1Cs0.5Cu0.5Mg0.5Sr0.5Ge1Se4_kesterite,2.031250012635155e-08,1.625000010108124e-07,3.333333431498886e-08,0.0,True
Na1Cs0.5Cu0.5Mg1Ge1Se4_stannite,3.06249998693886e-08,2.450000025078225e-07,3.333333342681044e-08,0.0,True
Na1Cs0.5Cu0.5Mg1Ge1Te4_stannite,6.078125025510417e-08,4.862500020408334e-07,8.881784197001252e-16,1.5050999999999997,False
Na1Cs0.5Cu0.5Mg1Sn1S4_stannite,1.8125000611490805e-08,1.4500000133921276e-07,3.333333342681044e-08,0.0,True
Na1Cs0.5Cu0.5Mg1Sn1Se4_stannite,1.7812500807679044e-08,1.4250000646143235e-07,3.333333342681044e-08,0.0,True
Na1Cs0.5Cu0.5Mg1Sn1Te4_stannite,1.2187500342264457e-08,9.750000273811565e-08,3.333333342681044e-08,0.04480000000000217,False
Na1Cs0.5Cu0.5Mg1Zr1Se4_kesterite,6.453125100946977e-08,5.162500045230445e-07,3.333333342681044e-08,0.0,True
Na1Cs0.5Cu0.5Mg1Zr1Se4_stannite,3.828124883753503e-08,3.0624999425299393e-07,3.333333431498886e-08,0.0,True
Na1Cs0.5Cu0.5Mg1Zr1Te4_kesterite,4.546875009836526e-08,3.637499972342084e-07,3.333333342681044e-08,0.0,True
Na1Cs0.5Cu0.5Mg1Zr1Te4_stannite,6.437500088551928e-08,5.150000035314406e-07,3.333333342681044e-08,0.0,True
Na1Cs0.5Cu0.5Sr1Ge1S4_stannite,2.9531249889913624e-08,2.3625000267202267e-07,4.440892098500626e-16,,False
Na1Cs0.5Cu0.5Sr1Ge1Se4_stannite,2.7343749042785248e-08,2.1874999589499566e-07,0.0,0.0,True
Na1Cs0.5Cu0.5Sr1Sn1S4_stannite,3.624999989071398e-08,2.900000026784255e-07,0.0,,False
Na1Cs0.5Cu0.5Sr1Zr1S4_kesterite,7.749999841877298e-08,6.199999944556112e-07,4.440892098500626e-16,,False
Na1Cs0.5Cu0.5Sr1Zr1Te4_stannite,3.0156249497537146e-08,2.4124999953301085e-07,0.0,0.0,True
Na1Cs0.5Cu0.5Zn1Ge1S4_stannite,4.734374980941425e-08,3.7875000202802767e-07,3.333333342681044e-08,0.0,True
Na1Cs0.5Cu0.5Zn1Ge1Se4_stannite,1.2500001034254637e-09,1.000000082740371e-08,3.333333342681044e-08,0.0,True
Na1Cs0.5Cu0.5Zn1Ge1Te4_kesterite,6.734374968786483e-08,5.387500010556323e-07,3.333333342681044e-08,0.0,True
Na1Cs0.5Cu0.5Zn1Ge1Te4_stannite,6.40624997494399e-08,5.125000015482328e-07,0.0,2.3123999999999993,False
Na1Cs0.5Cu0.5Zn1Sn0.5Ge0.5S4_stannite,2.0468750250302037e-08,1.6374999489698894e-07,,,False
Na1Cs0.5Cu0.5Zn1Sn1S4_stannite,3.734374987018896e-08,2.9875000251422534e-07,8.881784197001252e-16,0.0,True
Na1Cs0.5Cu0.5Zn1Sn1Se4_kesterite,6.859374979129029e-08,5.48750001883036e-07,3.333333342681044e-08,0.0,True
Na1Cs0.5Cu0.5Zn1Sn1Se4_stannite,1.2968750073838464e-08,1.0375000414342139e-07,3.333333342681044e-08,0.0,True
Na1Cs0.5Cu0.5Zn1Zr1Se4_kesterite,1.2031249330135552e-08,9.624999819379809e-08,3.333333431498886e-08,,False
Na1Cs0.5Cu0.5Zn1Zr1Se4_stannite,1.0937500238838993e-08,8.749999835799827e-08,3.333333342681044e-08,0.0,True
Na1Cs1Cd1Ge1Se4_stannite,1.8906249454886392e-08,1.5124999919180482e-07,3.333333342681044e-08,0.0,True
Na1Cs1Cd1Ge1Te4_stannite,1.0781249670799298e-08,8.624999736639438e-08,3.333333342681044e-08,0.0,True
Na1Cs1Cd1Zr1Se4_stannite,1.0937504235641882e-09,8.749999835799827e-09,3.333333342681044e-08,0.0,True
Na1Cs1Mg0.5Ca0.5Ge1S1Se2Te1_stannite,7.593750028789259e-08,6.07499998750427e-07,3.333333387089965e-08,0.0,True
Na1Cs1Mg1Ge1Te4_stannite,5.4062500254303814e-08,4.325000020344305e-07,0.0,0.0,True
Na1Cs1Mg1Zr1S4_kesterite,6.171875011062866e-08,4.937500008850293e-07,0.0,0.0,True
Na1Cs1Sr1Ge1Se4_kesterite,1.9218750146876573e-08,1.5375000117501259e-07,3.333333298272123e-08,0.0,True
Na1Cs1Zn1Ge1S4_stannite,3.68749994983375e-08,2.949999995394137e-07,3.333333342681044e-08,0.0,True
Na1Cs1Zn1Ge1Te4_stannite,4.2968750335603545e-08,3.437499991321147e-07,3.333333342681044e-08,,False
Na1Cs1Zn1Sn1Se4_stannite,1.5937500652540848e-08,1.275000016676131e-07,3.333333387089965e-08,,False
Na1Cs1Zn1Zr1S4_kesterite,5.1562500491542096e-08,4.125000003796231e-07,3.333333298272123e-08,0.0,True
Na1Cs1Zn1Zr1Se4_stannite,6.015625020339144e-08,4.812499980744178e-07,3.333333298272123e-08,0.0,True
Na1Cu0.5Ag0.5Ba0.5Cd0.5Ge1S4_kesterite,7.96874877195819e-09,6.37499937283792e-08,3.333333342681044e-08,0.0,True
Na1Cu0.5Ag0.5Ba0.5Cd0.5Ge1S4_stannite,6.265624952206394e-08,5.012499997292252e-07,4.440892098500626e-16,0.0,True
Na1Cu0.5Ag0.5Ba1Ge1Se4_stannite,1.0312500631215471e-08,8.250000149701009e-08,3.333333342681044e-08,0.0,True
Na1Cu0.5Ag0.5Ba1Zr1Se4_kesterite,4.546875098654368e-08,3.637500043396358e-07,3.333333253863202e-08,,False
Na1Cu0.5Ag0.5Ca0.5Sr0.5Ge1S1Se1Te2_kesterite,2.124999931574223e-08,1.6999999985500835e-07,3.333333342681044e-08,0.0,True
Na1Cu0.5Ag0.5Ca1Zr1Se4_kesterite,2.7812501190993544e-08,2.2250000597523467e-07,0.0,0.0,True
Na1Cu0.5Ag0.5Cd1Ge1Se4_stannite,7.20312494095765e-08,5.76249995276612e-07,3.333333342681044e-08,0.0,True
Na1Cu0.5Ag0.5Cd1Sn1S4_kesterite,2.9062499518062168e-08,2.3249999969721102e-07,8.881784197001252e-16,,False
Na1Cu0.5Ag0.5Cd1Sn1S4_stannite,1.8437499971213356e-08,1.4749999621699317e-07,3.333333342681044e-08,0.0,True
Na1Cu0.5Ag0.5Cd1Sn1Se4_kesterite,4.875000048087941e-08,3.9000000384703526e-07,3.333333431498886e-08,,False
Na1Cu0.5Ag0.5Cd1Sn1Se4_stannite,4.375000006717755e-08,3.500000005374204e-07,3.333333342681044e-08,0.0,True
Na1Cu0.5Ag0.5Cd1Sn1Te4_kesterite,1.1562499846462515e-08,9.249999877170012e-08,3.333333342681044e-08,0.0,True
Na1Cu0.5Ag0.5Cd1Sn1Te4_stannite,4.4062499870989313e-08,3.524999989679145e-07,3.333333253863202e-08,0.0,True
Na1Cu0.5Ag0.5Cd1Zr1S4_kesterite,7.359375020499215e-08,5.887499980872235e-07,3.333333342681044e-08,0.0,True
Na1Cu0.5Ag0.5Cd1Zr1S4_stannite,6.546874997681584e-08,5.237500033672404e-07,3.333333342681044e-08,0.0,True
Na1Cu0.5Ag0.5Cd1Zr1Se4_kesterite,1.5624999072372248e-09,1.249999570518412e-08,3.333333342681044e-08,,False
Na1Cu0.5Ag0.5Cd1Zr1Te4_kesterite,7.015624925443831e-08,5.612499975882201e-07,3.333333253863202e-08,0.0,True
Na1Cu0.5Ag0.5Cd1Zr1Te4_stannite,2.1875004030391665e-09,1.7499999671599653e-08,0.0,0.0,True
Na1Cu0.5Ag0.5Mg1Ge1Te4_kesterite,2.765625062295385e-08,2.212500049836308e-07,3.333333342681044e-08,0.0,True
Na1Cu0.5Ag0.5Mg1Sn1Se4_stannite,2.421874967240001e-08,1.9374999737920007e-07,3.333333431498886e-08,0.0,True
Na1Cu0.5Ag0.5Mg1Sn1Te4_kesterite,2.8906249838200893e-08,2.3124999870560714e-07,0.0,0.0,True
Na1Cu0.5Ag0.5Mg1Zr1Se4_kesterite,1.484375067306587e-08,1.1875000183181328e-07,0.0,0.0,True
Na1Cu0.5Ag0.5Mg1Zr1Te4_kesterite,8.124999784087095e-09,6.499999471998308e-08,0.0,0.0,True
Na1Cu0.5Ag0.5Mg1Zr1Te4_stannite,6.515624972891487e-08,5.212499942786053e-07,3.333333342681044e-08,0.0,True
Na1Cu0.5Ag0.5Sr0.5Cd0.5Sn1S2Se2_stannite,6.234375105051981e-08,4.987500048514448e-07,3.333333431498886e-08,,False
Na1Cu0.5Ag0.5Sr1Ge1Te4_kesterite,3.109374935306164e-08,2.487499983772068e-07,3.333333342681044e-08,0.0,True
Na1Cu0.5Ag0.5Sr1Zr1Se4_kesterite,9.218749763562073e-09,7.375000166121026e-08,3.333333342681044e-08,0.0,True
Na1Cu0.5Ag0.5Zn1Ge1Se4_kesterite,5.531249991364007e-08,4.4249999575640686e-07,0.0,0.0,True
Na1Cu0.5Ag0.5Zn1Ge1Te4_kesterite,7.328124995709118e-08,5.862500032094431e-07,3.333333431498886e-08,0.0,True
Na1Cu0.5Ag0.5Zn1Sn1S4_kesterite,6.078125069919338e-08,4.86249994935406e-07,3.333333342681044e-08,,False
Na1Cu0.5Ag0.5Zn1Sn1S4_stannite,5.624999577236167e-09,4.5000007276030374e-08,3.333333342681044e-08,,False
Na1Cu0.5Ag0.5Zn1Sn1Se4_kesterite,6.859375112355792e-08,5.48750001883036e-07,3.333333342681044e-08,,False
Na1Cu0.5Ag0.5Zn1Sn1Se4_stannite,5.2656250915106284e-08,4.212500002154229e-07,3.333333342681044e-08,,False
Na1Cu0.5Ag0.5Zn1Sn1Te4_kesterite,1.515625003278842e-08,1.2125000026230737e-07,8.881784197001252e-16,0.0,True
Na1Cu0.5Ag0.5Zn1Sn1Te4_stannite,4.6874999881652e-08,3.74999999053216e-07,3.333333431498886e-08,0.0,True
Na1Cu0.5Ag0.5Zn1Zr1S4_stannite,4.4999999726513806e-08,3.6000000136482413e-07,8.881784197001252e-16,0.0,True
Na1Cu0.5Ag0.5Zn1Zr1Se4_kesterite,2.2968749124885335e-08,1.8374999655179636e-07,3.333333253863202e-08,,False
Na1Cu0.5Ag0.5Zn1Zr1Se4_stannite,1.5625007954156445e-09,1.2500002810611477e-08,3.333333253863202e-08,0.0,True
Na1Cu0.5Ag0.5Zn1Zr1Te4_kesterite,1.9531249950688334e-08,1.56249996052793e-07,0.0,0.0,True
Na1Cu0.5Ag0.5Zn1Zr1Te4_stannite,4.359374949913786e-08,3.4874999954581654e-07,0.0,0.0,True
Na1Cu1Ba0.5Zn0.5Sn0.5Ge0.5S1Se3_kesterite,2.828125067466658e-08,2.2625000184461896e-07,0.0,,False
Na1Cu1Ba0.5Zn0.5Sn0.5Ge0.5S1Se3_stannite,7.718750039131805e-08,6.174999995778307e-07,3.333333253863202e-08,0.0,True
Na1Cu1Ba1Ge1Se4_stannite,3.5000000231377726e-08,2.800000018510218e-07,0.0,0.0,True
Na1Cu1Ba1Zr1S4_kesterite,6.906249971905254e-08,5.525000048578477e-07,3.333333342681044e-08,,False
Na1Cu1Ba1Zr1Se4_kesterite,5.593749952126359e-08,4.474999997228224e-07,0.0,0.0,True
Na1Cu1Ba1Zr1Te4_stannite,7.328124906891276e-08,5.862499961040157e-07,3.333333253863202e-08,0.0,True
Na1Cu1Ca0.5Zn0.5Sn1Se2Te2_stannite,4.937500008850293e-08,3.9500000070802344e-07,3.333333431498886e-08,0.0,True
Na1Cu1Ca1Sn1Te4_kesterite,4.062499669998942e-09,3.249999735999154e-08,3.333333342681044e-08,0.0,True
Na1Cu1Ca1Zr1S4_kesterite,2.2187500725578957e-08,1.774999986992043e-07,8.881784197001252e-16,0.0,True
Na1Cu1Ca1Zr1S4_stannite,7.140625157830982e-08,5.712500055210512e-07,3.333333342681044e-08,0.0,True
Na1Cu1Cd1Ge1S4_stannite,2.8124999662537675e-08,2.2500000085301508e-07,0.0,0.0,True
Na1Cu1Cd1Ge1Te4_kesterite,9.843750259364015e-09,7.874999852219844e-08,0.0,0.10820000000000007,False
Na1Cu1Cd1Ge1Te4_stannite,1.2499999701987008e-08,1.0000000116860974e-07,3.333333342681044e-08,0.0254000000000012,False
Na1Cu1Cd1Sn0.5Ge0.5S3Se1_stannite,7.359374887272452e-08,5.887499980872235e-07,3.333333342681044e-08,0.0,True
Na1Cu1Cd1Sn1S4_kesterite,1.171875041450221e-08,9.375000331601768e-08,8.881784197001252e-16,,False
Na1Cu1Cd1Sn1S4_stannite,6.21874995943017e-08,4.974999967544136e-07,3.333333342681044e-08,,False
Na1Cu1Cd1Sn1Se4_kesterite,2.0468749806212827e-08,1.6374999489698894e-07,3.333333342681044e-08,0.0,True
Na1Cu1Cd1Sn1Se4_stannite,5.546875003759055e-08,4.437500038534381e-07,0.0,0.0,True
Na1Cu1Cd1Sn1Te4_kesterite,4.8437500677067646e-08,3.875000018638275e-07,3.333333342681044e-08,0.0,True
Na1Cu1Cd1Sn1Te4_stannite,5.906249933573804e-08,4.72499998238618e-07,3.333333431498886e-08,0.0,True
Na1Cu1Cd1Zr1S4_kesterite,4.078124993256438e-08,3.262500030132287e-07,3.333333342681044e-08,,False
Na1Cu1Cd1Zr1S4_stannite,1.3749999805412472e-08,1.1000000199601345e-07,8.881784197001252e-16,0.0,True
Na1Cu1Mg1Ge1S4_kesterite,6.875000568840051e-09,5.5000000998006726e-08,8.881784197001252e-16,,False
Na1Cu1Mg1Ge1Se4_stannite,1.2968750073838464e-08,1.0374999703799404e-07,3.333333342681044e-08,0.0,True
Na1Cu1Mg1Ge1Te4_stannite,6.984375122698339e-08,5.587500027104397e-07,3.333333342681044e-08,0.0,True
Na1Cu1Mg1Sn1S4_stannite,7.687500014341708e-08,6.14999997594623e-07,3.333333431498886e-08,0.0,True
Na1Cu1Mg1Sn1Se4_stannite,3.031250006557684e-08,2.4250000052461473e-07,3.333333253863202e-08,0.0,True
Na1Cu1Mg1Sn1Te4_kesterite,5.531250035772928e-08,4.425000028618342e-07,3.333333342681044e-08,0.0,True
Na1Cu1Mg1Sn1Te4_stannite,3.343749988005129e-08,2.6749999904041033e-07,0.0,0.0,True
Na1Cu1Mg1Zr1S4_kesterite,7.32812508452696e-08,5.862500032094431e-07,3.333333342681044e-08,0.0,True
Na1Cu1Mg1Zr1S4_stannite,7.000000001866624e-08,5.600000037020436e-07,3.333333431498886e-08,0.0,True
Na1Cu1Mg1Zr1Se4_kesterite,7.265624946128924e-08,5.812499992430276e-07,0.0,0.0,True
Na1Cu1Mg1Zr1Te4_stannite,4.453124935466235e-08,3.562499983900125e-07,3.333333253863202e-08,0.0,True
Na1Cu1Sr1Zr1S4_kesterite,7.765624943090188e-08,6.21249995447215e-07,0.0,0.0,True
Na1Cu1Zn1Ge1Se4_kesterite,6.40624997494399e-08,5.124999944428055e-07,3.333333342681044e-08,0.0,True
Na1Cu1Zn1Ge1Se4_stannite,2.4375001128618123e-08,1.950000054762313e-07,3.333333342681044e-08,0.0,True
Na1Cu1Zn1Ge1Te4_kesterite,5.796875024444148e-08,4.6374999840281816e-07,3.333333431498886e-08,0.0,True
Na1Cu1Zn1Sn1S4_kesterite,3.484375055151645e-08,2.787500008594179e-07,3.333333342681044e-08,0.0,True
Na1Cu1Zn1Sn1Se4_kesterite,1.140624972251203e-08,9.125000133280992e-08,0.0,0.0,True
Na1Cu1Zn1Sn1Se4_stannite,7.359375020499215e-08,5.887499980872235e-07,3.333333342681044e-08,0.0,True
Na1Cu1Zn1Sn1Te4_kesterite,4.6093750594167204e-08,3.6875000120062396e-07,0.0,0.0,True
Na1Cu1Zn1Sn1Te4_stannite,4.1250000304415835e-08,3.29999998882613e-07,3.333333431498886e-08,0.015800000000002257,False
Na1Cu1Zn1Zr1S4_kesterite,7.265625034946765e-08,5.812499992430276e-07,0.0,0.0,True
Na1Cu1Zn1Zr1S4_stannite,2.171875079781671e-08,1.7375000282982e-07,3.333333342681044e-08,0.0,True
Na1Cu1Zn1Zr1Te4_kesterite,3.1249999921101335e-08,2.499999993688107e-07,3.333333342681044e-08,0.0,True
Na1Cu1Zn1Zr1Te4_stannite,5.1250000687730335e-08,4.100000055018427e-07,3.333333342681044e-08,,False
Na1Ga1S1Se1_kesterite,2.8125004547518984e-09,1.1250001819007593e-08,3.333333342681044e-08,0.0,True
Na1Ga1S1Se1_stannite,3.343750121231892e-08,1.3375000307291884e-07,4.440892098500626e-16,0.0,True
Na1Ga1S2_kesterite,2.0625000818341732e-08,8.250000149701009e-08,0.0,0.0,True
Na1Ga1S2_stannite,7.499999288285153e-09,2.999999892949745e-08,3.3333333204765836e-08,0.0,True
Na1Ga1Se2_kesterite,1.8124999723312385e-08,7.250000066960638e-08,3.333333342681044e-08,0.0,True
Na1Ga1Se2_stannite,1.2500005475146736e-09,5.000000413701855e-09,3.333333342681044e-08,0.0,True
Na1In1S2_kesterite,1.8125000167401595e-08,7.250000066960638e-08,0.0,0.0,True
Na1In1S2_stannite,3.000000026176508e-08,1.1999999927070348e-07,0.0,0.0,True
Na1In1Se2_kesterite,2.937499976596314e-08,1.175000008402094e-07,0.0,0.0,True
Na1In1Se2_stannite,2.937499976596314e-08,1.1749999728749572e-07,8.881784197001252e-16,0.0,True
Na1K0.5Ag0.5Ba0.5Zn0.5Sn1S3Te1_kesterite,6.56250076502829e-09,5.249999901479896e-08,3.333333342681044e-08,0.0,True
Na1K0.5Ag0.5Ba0.5Zn0.5Sn1S3Te1_stannite,5.671874969692681e-08,4.537500046808418e-07,3.333333342681044e-08,0.0,True
Na1K0.5Ag0.5Ba1Ge1S1Se1Te2_stannite,3.2812510486479596e-09,2.6250006612826837e-08,3.333333342681044e-08,0.0,True
Na1K0.5Ag0.5Ba1Ge1Se4_kesterite,3.312500052032874e-08,2.650000041626299e-07,8.881784197001252e-16,0.0,True
Na1K0.5Ag0.5Ba1Ge1Se4_stannite,2.1562499341598595e-08,1.7249999473278876e-07,4.440892098500626e-16,0.0,True
Na1K0.5Ag0.5Ca0.5Cd0.5Sn0.5Ge0.5S1Se1Te2_kesterite,5.8281249382119427e-08,4.6625000038602593e-07,3.333333342681044e-08,0.0,True
Na1K0.5Ag0.5Ca1Ge1S4_stannite,6.578125022471681e-08,5.262500053504482e-07,3.333333342681044e-08,0.0,True
Na1K0.5Ag0.5Ca1Ge1Se4_stannite,7.015624969852752e-08,5.612499975882201e-07,3.333333342681044e-08,,False
Na1K0.5Ag0.5Cd1Ge1S4_kesterite,7.562500003999162e-08,6.050000038726466e-07,3.333333342681044e-08,0.0,True
Na1K0.5Ag0.5Cd1Ge1S4_stannite,5.859374896388658e-08,4.6874999526380634e-07,3.333333342681044e-08,,False
Na1K0.5Ag0.5Cd1Ge1Se4_kesterite,4.859374858057208e-08,3.88749995750004e-07,3.333333387089965e-08,,False
Na1K0.5Ag0.5Cd1Ge1Se4_stannite,7.078125019432946e-08,5.662499944492083e-07,3.333333342681044e-08,0.0,True
Na1K0.5Ag0.5Cd1Ge1Te4_kesterite,6.843750055551823e-08,5.475000008914321e-07,8.881784197001252e-16,0.0,True
Na1K0.5Ag0.5Cd1Ge1Te4_stannite,4.171874934399966e-08,3.3374999830471097e-07,8.881784197001252e-16,0.0,True
Na1K0.5Ag0.5Cd1Zr1S4_kesterite,1.7812499475411414e-08,1.42499999356005e-07,0.0,0.0,True
Na1K0.5Ag0.5Cd1Zr1Se4_stannite,8.749999391710617e-09,6.999999868639861e-08,3.333333342681044e-08,0.0,True
Na1K0.5Ag0.5Mg0.5Ba0.5Sn0.5Ge0.5S3Te1_kesterite,3.765625011808993e-08,3.012500044974331e-07,3.333333387089965e-08,0.0,True
Na1K0.5Ag0.5Mg0.5Ba0.5Sn0.5Ge0.5S3Te1_stannite,6.156250043076739e-08,4.924999998934254e-07,0.0,0.0,True
Na1K0.5Ag0.5Mg1Ge1S4_kesterite,2.9843750137814595e-08,2.3875000465523044e-07,0.0,0.0,True
Na1K0.5Ag0.5Sr0.5Ba0.5Sn1S4_kesterite,4.109374929228693e-08,3.287499978910091e-07,3.333333342681044e-08,0.0,True
Na1K0.5Ag0.5Sr0.5Ba0.5Sn1S4_stannite,4.906249939651275e-08,3.9249999872481567e-07,3.333333253863202e-08,0.0,True
Na1K0.5Cs0.5Sr1Ge1S1Se3_stannite,5.2656250915106284e-08,4.212500002154229e-07,3.333333298272123e-08,0.0,True
Na1K0.5Cu0.5Ba0.5Zn0.5Sn0.5Ge0.5S3Te1_stannite,9.218750207651283e-09,7.375000166121026e-08,3.333333342681044e-08,0.0,True
Na1K0.5Cu0.5Ba0.5Zn0.5Sn1S1Te3_kesterite,1.7187500311877102e-08,1.3749999538958946e-07,3.333333431498886e-08,0.0,True
Na1K0.5Cu0.5Ba0.5Zn0.5Sn1S1Te3_stannite,5.1250001575908755e-08,4.100000055018427e-07,3.333333342681044e-08,0.07030000000000314,False
Na1K0.5Cu0.5Zn1Sn0.5Ge0.5S2Se1Te1_kesterite,7.46874988521995e-08,5.974999979230233e-07,0.0,0.0,True
Na1K0.5Cu0.5Zn1Sn0.5Ge0.5S2Se1Te1_stannite,5.2500000569111194e-08,4.1999999922381903e-07,0.0,0.4096000000000002,False
Na1K0.5Rb0.5Ba0.5Zn0.5Ge1Se4_stannite,2.4687500932429884e-08,1.9749999324858436e-07,3.333333342681044e-08,0.0,True
Na1K0.5Rb0.5Ca0.5Ba0.5Sn0.5Ge0.5S1Se1Te2_stannite,6.328124890764286e-08,5.062499965902134e-07,0.0,0.0,True
Na1K0.5Rb0.5Ca0.5Sr0.5Sn0.5Ge0.5Se3Te1_stannite,1.343750044568992e-08,1.0750000711823304e-07,3.333333253863202e-08,0.0,True
Na1K0.5Rb0.5Cd1Ge1S1Se3_kesterite,5.203124908703671e-08,4.162499962490074e-07,0.0,0.0,True
Na1K0.5Rb0.5Cd1Ge1S1Se3_stannite,2.2968749124885335e-08,1.8374999655179636e-07,3.333333342681044e-08,0.0,True
Na1K0.5Rb0.5Mg0.5Ca0.5Sn1S3Se1_kesterite,5.9531251039857125e-08,4.762499941080023e-07,3.3333333648855046e-08,0.0,True
Na1K0.5Rb0.5Mg0.5Ca0.5Sn1S3Se1_stannite,7.031251136879746e-09,5.624999488418325e-08,3.333333387089965e-08,0.0,True
Na1K0.5Rb0.5Mg0.5Cd0.5Sn1Te4_stannite,6.171875099880708e-08,4.937500008850293e-07,3.333333342681044e-08,0.0,True
Na1K0.5Rb0.5Sr1Ge1S3Te1_kesterite,5.7499998984411604e-08,4.599999954280065e-07,3.333333387089965e-08,0.0,True
Na1K0.5Rb0.5Sr1Ge1S3Te1_stannite,5.703125038891699e-08,4.562499995586222e-07,3.333333298272123e-08,0.0,True
Na1K1Zn0.5Cd0.5Sn1S1Se2Te1_stannite,1.3749999361323262e-08,1.099999948905861e-07,3.333333342681044e-08,0.0,True
Na1Rb0.5Ag0.5Ca1Ge1S1Te3_stannite,1.2187499898175247e-08,9.749999918540198e-08,3.333333298272123e-08,0.0,True
Na1Rb0.5Ag0.5Cd1Sn0.5Ge0.5S1Se1Te2_kesterite,1.3749999583367867e-08,1.1000000199601345e-07,3.333333253863202e-08,0.0,True
Na1Rb0.5Ag0.5Mg0.5Ca0.5Sn0.5Ge0.5S1Te3_stannite,1.9531249062509914e-08,1.56249996052793e-07,3.333333253863202e-08,0.0,True
Na1Rb0.5Ag0.5Mg0.5Zn0.5Sn1S2Se2_kesterite,3.6718750262565436e-08,2.9375000565323717e-07,3.333333342681044e-08,,False
Na1Rb0.5Ag0.5Mg0.5Zn0.5Sn1S2Se2_stannite,4.890625016074068e-08,3.9125000483863914e-07,3.333333431498886e-08,0.0,True
Na1Rb0.5Ag0.5Sr0.5Zn0.5Ge1S1Se3_kesterite,1.3906250373452167e-08,1.1125000298761734e-07,3.333333342681044e-08,0.0,True
Na1Rb0.5Ag0.5Sr0.5Zn0.5Ge1S1Se3_stannite,7.20312494095765e-08,5.76249995276612e-07,0.0,0.0,True
Na1Rb0.5Cs0.5Ba1Sn1Se4_kesterite,3.9218750469416364e-08,3.1375000020261723e-07,3.333333342681044e-08,0.0,True
Na1Rb0.5Cs0.5Ba1Sn1Se4_stannite,7.015625014261673e-08,5.612499975882201e-07,0.0,0.0,True
Na1Rb0.5Cu0.5Ca0.5Cd0.5Sn1S3Te1_kesterite,3.1874999528724857e-08,2.550000033352262e-07,3.333333342681044e-08,0.0,True
Na1Rb0.5Cu0.5Ca0.5Cd0.5Sn1S3Te1_stannite,3.625000033480319e-08,2.8999999557299816e-07,0.0,0.0,True
Na1Rb0.5Cu0.5Ca0.5Cd0.5Sn1Se4_kesterite,6.140625163908453e-08,4.912500060072489e-07,3.333333253863202e-08,0.0,True
Na1Rb0.5Cu0.5Ca0.5Cd0.5Sn1Se4_stannite,1.9062500467015298e-08,1.525000001834087e-07,3.333333342681044e-08,0.0,True
Na1Rb0.5Cu0.5Ca0.5Zn0.5Ge1S2Se1Te1_kesterite,7.640625021565484e-08,6.112499946198113e-07,8.881784197001252e-16,0.0,True
Na1Rb0.5Cu0.5Ca1Sn1S3Se1_kesterite,5.4062499366125394e-08,4.325000020344305e-07,3.333333342681044e-08,0.0,True
Na1Rb0.5Cu0.5Mg0.5Cd0.5Sn1S1Se2Te1_kesterite,4.062500114088152e-08,3.250000020216248e-07,3.333333342681044e-08,0.0,True
Na1Rb0.5Cu0.5Mg0.5Cd0.5Sn1S1Se2Te1_stannite,5.187499985126465e-08,4.149999952574035e-07,3.333333431498886e-08,0.0,True
Na1Rb0.5Cu0.5Mg1Sn0.5Ge0.5Te4_stannite,2.3281249816875516e-08,1.8624999853500412e-07,3.333333342681044e-08,0.0,True
Na1Rb1Mg0.5Zn0.5Ge1S1Se2Te1_stannite,3.7499999994139444e-08,2.9999999640040187e-07,3.333333431498886e-08,0.0,True
Na2Ba1Ge1S4_kesterite,3.750000754365601e-09,3.000000248221113e-08,4.440892098500626e-16,0.0,True
Na2Ba1Sn1S2Se2_kesterite,4.3281250139415306e-08,3.4625000466803613e-07,3.333333342681044e-08,0.0,True
Na2Ba1Sn1S4_kesterite,1.7500000115688863e-08,1.3999999737279722e-07,3.333333298272123e-08,0.0,True
Na2Ba1Zr1S4_stannite,6.484374903692469e-08,5.187499994008249e-07,3.333333342681044e-08,,False
Na2Ca1Ge1S4_stannite,2.8125000550716095e-08,2.2500000085301508e-07,3.333333253863202e-08,0.0,True
Na2Ca1Ge1Se4_kesterite,3.749999866187181e-09,2.999999537678377e-08,3.333333342681044e-08,0.0,True
Na2Ca1Sn1S4_stannite,1.2500005475146736e-09,1.000000082740371e-08,3.333333342681044e-08,0.0,True
Na2Ca1Sn1Se4_stannite,1.8124999723312385e-08,1.4500000133921276e-07,4.440892098500626e-16,0.0,True
Na2Cd1Ge1S4_kesterite,1.874998822870566e-09,1.4999997688391886e-08,3.333333298272123e-08,0.0,True
Na2Cd1Ge1S4_stannite,1.4374998968946784e-08,1.1499999885700163e-07,0.0,0.0,True
Na2Cd1Ge1Se4_kesterite,1.8124999723312385e-08,1.4500000133921276e-07,3.333333342681044e-08,0.0,True
Na2Cd1Ge1Se4_stannite,7.500000176463573e-09,5.99999978589949e-08,0.0,0.0,True
Na2Cd1Ge1Te4_stannite,2.8125000106626885e-08,2.2500000085301508e-07,8.881784197001252e-16,0.0,True
Na2Cd1Sn1S4_kesterite,1.625000134453103e-08,1.3000000365082087e-07,0.0,0.0,True
Na2Cd1Sn1S4_stannite,2.5000001180330855e-08,2.0000000233721948e-07,0.0,0.0,True
Na2Cd1Sn1Se4_kesterite,1.7499999227510443e-08,1.3999999737279722e-07,0.0,0.0,True
Na2Cd1Sn1Se4_stannite,2.8750001046518037e-08,2.3000000481943061e-07,3.333333342681044e-08,0.0,True
Na2Mg0.5Sr0.5Sn1S2Te2_kesterite,9.99999993922529e-09,8.000000661922968e-08,3.333333298272123e-08,0.0,True
Na2Mg0.5Sr0.5Sn1S2Te2_stannite,1.0937499794749783e-08,8.750000546342562e-08,3.333333298272123e-08,0.0,True
Na2Mg1Ge1S3Se1_kesterite,6.437499999734086e-08,5.149999964260132e-07,0.0,0.0,True
Na2Mg1Ge1S3Se1_stannite,1.859375009516384e-08,1.4874999720859705e-07,3.333333387089965e-08,0.0,True
Na2Mg1Ge1Se4_kesterite,6.249987194451023e-10,4.999996860988176e-09,0.0,0.0,True
Na2Mg1Ge1Se4_stannite,2.3749999300548552e-08,1.9000000150981577e-07,3.333333342681044e-08,0.0,True
Na2Mg1Ge1Te4_stannite,2.2500000085301508e-08,1.8000000068241206e-07,0.0,0.0,True
Na2Mg1Sn1S4_kesterite,5.624999133146957e-09,4.5000000170603016e-08,3.333333298272123e-08,0.0,True
Na2Mg1Sn1S4_stannite,1.2500001034254637e-08,1.0000000116860974e-07,8.881784197001252e-16,0.0,True
Na2Mg1Sn1Se4_kesterite,1.8749997110489858e-09,1.5000004793819244e-08,3.333333342681044e-08,0.0,True
Na2Mg1Sn1Se4_stannite,5.624999577236167e-09,4.5000000170603016e-08,3.333333431498886e-08,0.0,True
Na2Sr1Ge1Se4_stannite,1.1250000930829174e-08,9.000000034120603e-08,3.333333342681044e-08,0.0,True
Na2Sr1Sn1S4_kesterite,4.375000361989123e-09,3.5000006448626664e-08,3.3333333204765836e-08,0.0,True
Na2Sr1Sn1S4_stannite,3.1249999477012125e-08,2.499999993688107e-07,3.333333298272123e-08,0.0,True
Na2Sr1Sn1Se4_stannite,1.1874999206185066e-08,9.499999720219421e-08,0.0,0.0,True
Na2Zn1Ge1S4_stannite,1.312499930961053e-08,1.0499999802959792e-07,3.333333298272123e-08,0.0,True
Na2Zn1Ge1Se2Te2_kesterite,6.421875031747959e-08,5.137500025398367e-07,3.333333342681044e-08,0.0,True
Na2Zn1Ge1Se2Te2_stannite,7.140624935786377e-08,5.712499984156238e-07,3.333333342681044e-08,0.0,True
Na2Zn1Ge1Se4_kesterite,2.8750000602428827e-08,2.2999999771400326e-07,3.333333431498886e-08,0.0,True
Na2Zn1Ge1Se4_stannite,1.8124999279223175e-08,1.4500000133921276e-07,3.333333431498886e-08,0.0,True
Na2Zn1Ge1Te4_stannite,3.062500031347781e-08,2.449999989551088e-07,8.881784197001252e-16,0.0,True
Na2Zn1Sn1S4_kesterite,1.1875000538452696e-08,9.500000430762157e-08,3.333333387089965e-08,0.0,True
Na2Zn1Sn1S4_stannite,2.0625000374252522e-08,1.6500000299402018e-07,4.440892098500626e-16,0.0,True
Na2Zn1Sn1Se4_kesterite,8.124999784087095e-09,6.500000182541044e-08,3.333333342681044e-08,0.0,True
Na2Zn1Sn1Se4_stannite,2.0624999486074103e-08,1.6499999588859282e-07,3.333333342681044e-08,0.0,True
Na2Zn1Sn1Te4_stannite,2.7500000054914153e-08,2.2000000043931323e-07,3.333333342681044e-08,0.0,True
Rb0.5Ag0.5Al0.5Ga0.5S1Se1_kesterite,2.9218750086101863e-08,1.1687499679169377e-07,3.333333298272123e-08,0.0,True
Rb0.5Ag0.5Al0.5Ga0.5S1Se1_stannite,4.078125037665359e-08,1.6312500505932803e-07,3.333333298272123e-08,0.0,True
Rb0.5Ag0.5Al0.5Ga0.5S1Te1_kesterite,4.171875023217808e-08,1.6687500092871232e-07,3.333333342681044e-08,0.0,True
Rb0.5Ag0.5Al0.5Ga0.5S1Te1_stannite,5.937500269226348e-09,2.375000107690539e-08,3.333333342681044e-08,0.32949999999999946,False
Rb0.5Ag0.5Al0.5Ga0.5Se2_kesterite,7.812500069093176e-08,3.12500002763727e-07,0.0,0.0,True
Rb0.5Ag0.5Al0.5Ga0.5Se2_stannite,6.21874995943017e-08,2.487499983772068e-07,3.333333342681044e-08,0.0,True
Rb0.5Ag0.5Al0.5Ga0.5Te2_kesterite,1.3281249877650225e-08,5.31249995106009e-08,0.0,0.0,True
Rb0.5Ag0.5Al0.5Ga0.5Te2_stannite,1.8437499527124146e-08,7.374999810849658e-08,3.333333253863202e-08,0.10309999999999953,False
Rb0.5Ag0.5Al0.5In0.5S1Se1_kesterite,6.781249961562708e-08,2.712499984625083e-07,3.333333253863202e-08,0.0,True
Rb0.5Ag0.5Al0.5In0.5S1Se1_stannite,6.187500023457915e-08,2.475000009383166e-07,0.0,0.0,True
Rb0.5Ag0.5Al0.5In0.5Te2_kesterite,1.0312500187126261e-08,4.1250004301218723e-08,0.0,0.0,True
Rb0.5Ag0.5Al0.5In0.5Te2_stannite,3.7500000438228653e-08,1.4999999820020093e-07,8.881784197001252e-16,0.0,True
Rb0.5Ag0.5Al1S1Te1_kesterite,2.5000002068509275e-09,1.000000082740371e-08,3.333333342681044e-08,0.0,True
Rb0.5Ag0.5Al1S1Te1_stannite,1.3593750125551196e-08,5.4375000502204784e-08,0.0,0.0,True
Rb0.5Ag0.5Al1S2_kesterite,6.453124967720214e-08,2.5812499870880856e-07,3.333333342681044e-08,0.0,True
Rb0.5Ag0.5Al1Te2_kesterite,1.6093750332402124e-08,6.43750013296085e-08,0.0,0.0,True
Rb0.5Ag0.5Ga0.5In0.5S2_kesterite,5.999999963535174e-08,2.3999999854140697e-07,3.333333253863202e-08,0.0,True
Rb0.5Ag0.5Ga0.5In0.5S2_stannite,5.109375056377985e-08,2.043750022551194e-07,3.333333298272123e-08,,False
Rb0.5Ag0.5Ga0.5In0.5Te2_kesterite,6.468750024524184e-08,2.5875000098096734e-07,3.333333342681044e-08,0.0,True
Rb0.5Ag0.5Ga0.5In0.5Te2_stannite,7.156249992590347e-08,2.8624999970361387e-07,3.333333253863202e-08,0.007600000000000051,True
Rb0.5Ag0.5Ga1S2_kesterite,1.4999999464748726e-08,5.99999978589949e-08,0.0,0.0,True
Rb0.5Ag0.5Ga1Se1Te1_kesterite,6.546874953272663e-08,2.6187499813090653e-07,8.881784197001252e-16,0.0,True
Rb0.5Ag0.5Ga1Se1Te1_stannite,6.85937502353795e-08,2.74375000941518e-07,8.881784197001252e-16,0.2225999999999999,False
Rb0.5Ag0.5Ga1Te2_stannite,9.531249567373834e-09,3.8124998269495336e-08,0.0,0.2273000000000005,False
Rb0.5Ag1.5Sr0.5Cd0.5Ge1S1Se3_kesterite,5.250000034706659e-08,4.1999999922381903e-07,4.440892098500626e-16,0.0,True
Rb0.5Ag1.5Sr0.5Cd0.5Ge1S1Se3_stannite,1.62500000122634e-08,1.2999999654539351e-07,3.333333342681044e-08,0.0,True
Rb0.5Ag1.5Zn1Sn1S1Se3_kesterite,2.7343749930963668e-08,2.1875000300042302e-07,0.0,,False
Rb0.5Ag1.5Zn1Sn1S1Se3_stannite,6.718750444889565e-09,5.375000000640284e-08,3.333333431498886e-08,0.0,True
Rb0.5Cs0.5Ag1Ca0.5Zn0.5Sn0.5Ge0.5S2Se2_stannite,1.2031251106492391e-08,9.625001240465281e-08,3.333333431498886e-08,0.0,True
Rb0.5Cs0.5Ag1Ca0.5Zn0.5Sn0.5Ge0.5Se1Te3_stannite,7.23437507677005e-08,5.787499972598198e-07,3.333333342681044e-08,0.0,True
Rb0.5Cs0.5Al0.5In0.5S2_kesterite,1.0312500187126261e-08,4.1249997195791366e-08,3.3333333204765836e-08,0.0,True
Rb0.5Cs0.5Al0.5In0.5Se1Te1_kesterite,5.374999956231363e-08,2.1500000002561137e-07,3.333333298272123e-08,0.0,True
Rb0.5Cs0.5Al0.5In0.5Se1Te1_stannite,7.109374955405201e-08,2.8437499821620804e-07,3.333333387089965e-08,0.0,True
Rb0.5Cs0.5Cu0.5Ag0.5Ba1Sn1S3Se1_kesterite,5.82812482718964e-08,4.662499932805986e-07,0.0,0.0,True
Rb0.5Cs0.5Cu0.5Ag0.5Ba1Sn1S3Se1_stannite,1.718750120005552e-08,1.3750000249501682e-07,3.333333298272123e-08,0.0,True
Rb0.5Cs0.5Cu0.5Ag0.5Ca1Ge1S2Se2_stannite,4.656250096601866e-08,3.725000041754356e-07,3.333333342681044e-08,,False
Rb0.5Cs0.5Cu0.5Ag0.5Mg0.5Cd0.5Ge1S2Se1Te1_stannite,2.3749999966682367e-08,1.8999999440438842e-07,0.0,0.0,True
Rb0.5Cs0.5Ga0.5In0.5S2_kesterite,9.843750259364015e-09,3.93750028138129e-08,0.0,0.0,True
Rb0.5Cs0.5Ga0.5In0.5S2_stannite,3.828125016980266e-08,1.5312499712649696e-07,3.333333342681044e-08,,False
Rb0.5Cs0.5In1S1Se1_kesterite,2.9062500406240588e-08,1.1624999984860551e-07,3.333333298272123e-08,0.0,True
Rb0.5Cs0.5In1S1Se1_stannite,2.5624999899775958e-08,1.0249999959910383e-07,0.0,0.0,True
Rb0.5Cs0.5In1Se2_kesterite,3.6718750262565436e-08,1.468749992739049e-07,3.333333431498886e-08,0.0,True
Rb0.5Cs0.5In1Se2_stannite,4.203124959190063e-08,1.6812499836760253e-07,3.333333342681044e-08,0.0,True
Rb0.5Cs1Ag0.5Zn1Ge1S1Se3_kesterite,9.687501467681159e-09,7.750000463602191e-08,3.333333342681044e-08,0.0,True
Rb0.5Cs1Ag0.5Zn1Ge1S1Se3_stannite,4.375000806078333e-09,3.4999999343199306e-08,3.333333387089965e-08,,False
Rb0.5Cu0.5Ag1Ba0.5Cd0.5Sn0.5Ge0.5Se1Te3_kesterite,5.843749950606991e-08,4.6750000848305717e-07,3.333333431498886e-08,0.0,True
Rb0.5Cu0.5Ag1Ba0.5Cd0.5Sn0.5Ge0.5Se1Te3_stannite,5.843749950606991e-08,4.6750000848305717e-07,3.333333342681044e-08,9.999999999976694e-05,True
Rb0.5Cu0.5Ag1Ca0.5Cd0.5Sn0.5Ge0.5Se1Te3_kesterite,1.2656248271625259e-08,1.0125000216021363e-07,8.881784197001252e-16,0.0,True
Rb0.5Cu0.5Ag1Ca0.5Cd0.5Sn0.5Ge0.5Se1Te3_stannite,1.6562500926298185e-08,1.3249999142317392e-07,8.881784197001252e-16,0.0,True
Rb0.5Cu0.5Ag1Ca1Sn1S2Te2_stannite,4.453124935466235e-08,3.562499983900125e-07,3.333333342681044e-08,0.0,True
Rb0.5Cu0.5Ag1Mg0.5Sr0.5Ge1Se3Te1_stannite,3.4374998847397364e-08,2.7499999788460627e-07,3.333333342681044e-08,,False
Rb0.5Cu0.5Al0.5Ga0.5S1Se1_kesterite,1.2812499505798769e-08,5.1250001575908755e-08,3.333333387089965e-08,0.0,True
Rb0.5Cu0.5Al0.5Ga0.5S1Se1_stannite,5.546875048167976e-08,2.2187500547943273e-07,3.333333342681044e-08,0.0,True
Rb0.5Cu0.5Al0.5Ga0.5S1Te1_kesterite,2.828124934239895e-08,1.131249973695958e-07,3.333333253863202e-08,0.0,True
Rb0.5Cu0.5Al0.5Ga0.5S1Te1_stannite,6.593749990457809e-08,2.6374999961831236e-07,3.333333342681044e-08,0.041499999999999204,False
Rb0.5Cu0.5Al0.5Ga0.5S2_stannite,1.5000000352927145e-08,6.000000141170858e-08,3.333333342681044e-08,0.0,True
Rb0.5Cu0.5Al0.5Ga0.5Se1Te1_kesterite,5.312500661602826e-09,2.1249999093697625e-08,3.333333431498886e-08,0.0,True
Rb0.5Cu0.5Al0.5Ga0.5Se1Te1_stannite,2.031250279088681e-09,8.124995787284206e-09,3.333333431498886e-08,0.0,True
Rb0.5Cu0.5Al0.5Ga0.5Se2_kesterite,4.187499946795015e-08,1.674999978718006e-07,4.440892098500626e-16,,False
Rb0.5Cu0.5Al0.5Ga0.5Se2_stannite,2.7499999610824943e-08,1.0999999844329977e-07,0.0,0.0,True
Rb0.5Cu0.5Al0.5Ga0.5Te2_kesterite,7.781249955485237e-08,3.1124999821940946e-07,3.333333342681044e-08,0.0,True
Rb0.5Cu0.5Al0.5Ga0.5Te2_stannite,5.187499985126465e-08,2.0750000118141543e-07,8.881784197001252e-16,0.0,True
Rb0.5Cu0.5Al0.5In0.5S1Te1_kesterite,4.1562499220049176e-08,1.662499968801967e-07,3.333333253863202e-08,0.0,True
Rb0.5Cu0.5Al0.5In0.5S1Te1_stannite,1.6718749940025646e-08,6.687499976010258e-08,3.333333342681044e-08,0.0,True
Rb0.5Cu0.5Al0.5In0.5S2_kesterite,3.828125061389187e-08,1.5312500067921064e-07,3.333333342681044e-08,,False
Rb0.5Cu0.5Al0.5In0.5S2_stannite,6.74999993677261e-08,2.699999974709044e-07,0.0,0.0,True
Rb0.5Cu0.5Al1S1Se1_kesterite,8.28125035212679e-09,3.312500140850716e-08,4.440892098500626e-16,0.0,True
Rb0.5Cu0.5Al1S1Se1_stannite,4.906249984060196e-08,1.9624999936240783e-07,3.333333342681044e-08,0.0,True
Rb0.5Cu0.5Al1S1Te1_kesterite,2.9687505787023838e-09,1.1875002314809535e-08,3.333333342681044e-08,0.0,True
Rb0.5Cu0.5Al1S1Te1_stannite,2.1874999589499566e-08,8.749999835799827e-08,3.333333342681044e-08,0.0,True
Rb0.5Cu0.5Al1Se1Te1_kesterite,4.4374999674801074e-08,1.774999986992043e-07,0.0,0.0,True
Rb0.5Cu0.5Al1Se1Te1_stannite,1.2656250270026703e-08,5.062500108010681e-08,3.333333342681044e-08,0.0,True
Rb0.5Cu0.5Ga0.5In0.5S1Te1_kesterite,4.374999917899913e-09,1.7499999671599653e-08,3.333333431498886e-08,0.0,True
Rb0.5Cu0.5Ga0.5In0.5S1Te1_stannite,3.140625048914103e-08,1.2562500018020728e-07,3.333333342681044e-08,0.4380000000000006,False
Rb0.5Cu0.5Ga0.5In0.5Se1Te1_kesterite,2.3906249424499038e-08,9.562499414528247e-08,3.333333342681044e-08,0.0,True
Rb0.5Cu0.5Ga0.5In0.5Se2_kesterite,2.312500058110345e-08,9.25000023244138e-08,3.333333253863202e-08,0.0,True
Rb0.5Cu0.5Ga0.5In0.5Se2_stannite,3.531249914701107e-08,1.412499983644011e-07,3.333333342681044e-08,0.0,True
Rb0.5Cu0.5Ga1Te2_kesterite,9.062500083700797e-09,3.625000033480319e-08,3.333333342681044e-08,0.0,True
Rb0.5Cu0.5Ga1Te2_stannite,3.031249962148763e-08,1.212499967095937e-07,3.333333253863202e-08,,False
Rb0.5Cu0.5In1S1Te1_stannite,3.046874974543812e-08,1.2187499720539563e-07,3.333333342681044e-08,,False
Rb0.5Cu1.5Mg0.5Cd0.5Sn1S2Se2_kesterite,7.437499949247695e-08,5.950000101506703e-07,3.333333342681044e-08,,False
Rb0.5Cu1.5Mg0.5Cd0.5Sn1S2Se2_stannite,7.468750062855634e-08,5.97499990817596e-07,8.881784197001252e-16,,False
Rb0.5Cu1.5Sr0.5Cd0.5Ge1S3Te1_stannite,2.0468748473945197e-08,1.6374999489698894e-07,0.0,,False
Rb0.5Cu1Ag0.5Ba1Ge1Se1Te3_kesterite,3.062500053552242e-08,2.4499999540239514e-07,0.0,,False
Rb0.5Cu1Ag0.5Ca0.5Ba0.5Sn0.5Ge0.5S3Se1_kesterite,8.749998947621407e-09,7.000001289725333e-08,3.333333431498886e-08,0.0,True
Rb0.5Cu1Ag0.5Ca0.5Ba0.5Sn0.5Ge0.5S3Se1_stannite,7.234375143383431e-08,5.787499901543924e-07,3.333333342681044e-08,,False
Rb0.5Cu1Ag0.5Mg0.5Ba0.5Sn1S4_kesterite,7.156249948181426e-08,5.724999994072277e-07,0.0,,False
Rb0.5Cu1Ag0.5Mg0.5Ba0.5Sn1S4_stannite,4.765625005731522e-08,3.8125000401123543e-07,0.0,,False
Rb0.5Cu1Ag0.5Sr0.5Zn0.5Ge1S2Se1Te1_kesterite,7.750000086126363e-08,6.200000157718932e-07,3.333333342681044e-08,,False
Rb0.5Cu1Ag0.5Sr0.5Zn0.5Ge1S2Se1Te1_stannite,3.421875116593753e-08,2.7375001820928446e-07,0.0,,False
Rb1.5Ag0.5Ca0.5Sr0.5Sn1Se3Te1_kesterite,7.750000019512981e-08,6.200000015610385e-07,3.333333342681044e-08,0.0,True
Rb1.5Ag0.5Ca0.5Sr0.5Sn1Se3Te1_stannite,5.6093750089303285e-08,4.487500007144263e-07,3.333333253863202e-08,0.0,True
Rb1.5Ag0.5Ca1Sn0.5Ge0.5S2Te2_stannite,3.23437494564871e-08,2.587499992046105e-07,3.333333342681044e-08,0.0,True
Rb1.5Ag0.5Ca1Sn1Se2Te2_kesterite,3.203124965267534e-08,2.5624999722140274e-07,3.333333342681044e-08,,False
Rb1.5Ag0.5Ca1Sn1Se2Te2_stannite,5.453124973797685e-08,4.362499979038148e-07,0.0,0.0,True
Rb1.5Ag0.5Mg0.5Ba0.5Sn1S1Se3_kesterite,4.6874999881652e-08,3.7500000615864337e-07,3.333333342681044e-08,0.0,True
Rb1.5Ag0.5Mg0.5Ba0.5Sn1S1Se3_stannite,7.343749963695245e-08,5.87500004201047e-07,3.333333342681044e-08,0.0,True
Rb1.5Ag0.5Mg1Sn0.5Ge0.5S1Se1Te2_kesterite,1.703124996588201e-08,1.3625000150341293e-07,8.881784197001252e-16,0.0,True
Rb1.5Ag0.5Mg1Sn0.5Ge0.5S1Se1Te2_stannite,8.750000946022851e-09,7.000000579182597e-08,3.333333342681044e-08,,False
Rb1.5Cs0.5Ca0.5Zn0.5Ge1S2Te2_kesterite,2.8124999218448465e-08,2.2500000085301508e-07,3.333333298272123e-08,,False
Rb1.5Cu0.5Cd1Sn1S2Se1Te1_stannite,1.843750019325796e-08,1.4750000332242053e-07,3.333333431498886e-08,,False
Rb1Ag1Mg0.5Sr0.5Ge1Se2Te2_kesterite,5.2656250026927864e-08,4.2125000732085027e-07,3.333333253863202e-08,0.0,True
Rb1Ag1Mg0.5Sr0.5Ge1Se2Te2_stannite,4.718750012955297e-08,3.7750000814185114e-07,3.333333342681044e-08,0.0,True
Rb1Ag1Sr0.5Cd0.5Ge1S1Se1Te2_kesterite,3.406249970971942e-08,2.724999959013985e-07,3.333333342681044e-08,,False
Rb1Ag1Sr0.5Cd0.5Ge1S1Se1Te2_stannite,3.70312502884218e-08,2.962500005310176e-07,3.333333342681044e-08,0.0,True
Rb1Ag1Zn0.5Cd0.5Sn0.5Ge0.5S3Se1_kesterite,6.85937502353795e-08,5.48750001883036e-07,3.333333342681044e-08,,False
Rb1Ag1Zn0.5Cd0.5Sn0.5Ge0.5S3Se1_stannite,5.859374940797579e-08,4.6874999526380634e-07,3.333333298272123e-08,,False
Rb1Al0.5In0.5S1Te1_kesterite,5.7812501452758625e-09,2.312500058110345e-08,3.333333342681044e-08,,False
Rb1Al1S1Se1_kesterite,6.21874995943017e-08,2.487499948244931e-07,3.3333333204765836e-08,0.0,True
Rb1Al1S2_stannite,1.1250000042650754e-08,4.5000000170603016e-08,0.0,0.0,True
Rb1Al1Se1Te1_kesterite,4.23437498398016e-08,1.693749993592064e-07,0.0,0.0,True
Rb1Al1Se1Te1_stannite,2.8906249838200893e-08,1.1562499935280357e-07,4.440892098500626e-16,0.0,True
Rb1Al1Se2_stannite,2.3750000188726972e-08,9.500000075490789e-08,3.333333298272123e-08,0.0,True
Rb1Al1Te2_stannite,1.8749997110489858e-09,7.499998844195943e-09,0.0,0.0,True
Rb1Cs0.5Ag0.5Ca0.5Ba0.5Ge1Se4_kesterite,6.312499856164777e-08,5.049999955986095e-07,3.333333342681044e-08,,False
Rb1Cs0.5Ag0.5Ca0.5Ba0.5Ge1Se4_stannite,7.343749874877403e-08,5.874999970956196e-07,3.333333298272123e-08,,False
Rb1Cs1Mg0.5Ba0.5Ge1Te4_stannite,2.1249999981876044e-08,1.6999999985500835e-07,4.440892098500626e-16,0.0,True
Rb1Cs1Sr0.5Zn0.5Sn0.5Ge0.5S1Se1Te2_stannite,6.609375069466239e-08,5.287500002282286e-07,3.333333342681044e-08,,False
Rb1Cu0.5Ag0.5Cd1Sn0.5Ge0.5S3Te1_stannite,7.312499938905148e-08,5.849999951124119e-07,3.333333342681044e-08,,False
Rb1Cu0.5Ag0.5Cd1Sn1S3Te1_stannite,4.140625087245553e-08,3.312499998742169e-07,3.333333342681044e-08,,False
Rb1Cu0.5Ag0.5Mg0.5Cd0.5Sn0.5Ge0.5S4_stannite,7.531250112435828e-08,6.025000018894389e-07,4.440892098500626e-16,,False
Rb1Cu0.5Ag0.5Mg0.5Zn0.5Sn1S3Se1_stannite,5.59374999653528e-08,4.4749999261739504e-07,3.333333387089965e-08,,False
Rb1Cu0.5Ag0.5Sr0.5Cd0.5Sn0.5Ge0.5S3Te1_kesterite,5.6093750977481704e-08,4.487500007144263e-07,3.333333342681044e-08,,False
Rb1Cu0.5Ag0.5Sr0.5Cd0.5Sn0.5Ge0.5S3Te1_stannite,5.781249257097443e-09,4.62500011622069e-08,3.333333253863202e-08,,False
Rb1Cu0.5Ag0.5Sr1Sn1S1Se3_kesterite,1.546875116886781e-08,1.237500057982288e-07,3.333333342681044e-08,,False
Rb1Cu1Ba1Sn1S1Se3_stannite,6.203124947035121e-08,4.962499957628097e-07,3.333333253863202e-08,,False
Rb1Cu1Ca0.5Zn0.5Sn0.5Ge0.5S1Se1Te2_kesterite,2.8749998604027382e-08,2.2999999771400326e-07,3.333333253863202e-08,,False
Rb1Cu1Ca0.5Zn0.5Sn0.5Ge0.5S1Se1Te2_stannite,4.093749939038105e-08,3.275000040048326e-07,8.881784197001252e-16,,False
Rb1Ga1S1Se1_kesterite,2.7343750375052878e-08,1.0937500150021151e-07,3.333333298272123e-08,,False
Rb1Ga1S1Se1_stannite,6.281250009010364e-08,2.5125000036041456e-07,0.0,,False
Rb1Ga1S1Te1_kesterite,7.250000066960638e-08,2.900000026784255e-07,3.333333342681044e-08,,False
Rb1Ga1S1Te1_stannite,4.000000064507958e-08,1.6000000258031832e-07,3.333333342681044e-08,,False
Rb1Ga1S2_stannite,2.1874999589499566e-08,8.749999835799827e-08,3.333333298272123e-08,0.0,True
Rb1Ga1Se2_kesterite,2.312500058110345e-08,9.25000023244138e-08,0.0,0.0,True
Rb1Ga1Se2_stannite,2.999999981767587e-08,1.1999999927070348e-07,3.333333342681044e-08,0.0,True
Rb1In1S2_stannite,1.8749999775025117e-08,7.499999910010047e-08,3.3333333204765836e-08,,False
Rb1In1Se2_kesterite,1.687500006397613e-08,6.750000025590452e-08,3.333333342681044e-08,0.0,True
Rb2Ba1Ge1S4_stannite,1.8125000167401595e-08,1.4500000133921276e-07,1.1102230246251565e-16,0.0,True
Rb2Ca1Ge1S4_stannite,2.999999937358666e-08,2.3999999854140697e-07,0.0,,False
Rb2Ca1Ge1Se4_stannite,3.06249998693886e-08,2.4499999540239514e-07,0.0,,False
Rb2Ca1Ge1Te4_stannite,1.4999999908837935e-08,1.2000000282341716e-07,0.0,,False
Rb2Ca1Sn1S4_kesterite,3.1250002585636594e-09,2.4999998515795596e-08,3.333333342681044e-08,,False
Rb2Ca1Sn1S4_stannite,1.2499999701987008e-08,1.0000000116860974e-07,3.333333342681044e-08,,False
Rb2Ca1Sn1Se4_stannite,3.1249993703852397e-09,2.4999998515795596e-08,3.3333333204765836e-08,,False
Rb2Ca1Sn1Te4_stannite,3.750000754365601e-09,3.000000248221113e-08,0.0,,False
Rb2Cd1Ge1S4_stannite,6.250000961216529e-09,5.000000413701855e-08,0.0,,False
Rb2Cd1Ge1Se4_stannite,6.874998792483211e-09,5.499999389257937e-08,4.440892098500626e-16,,False
Rb2Cd1Sn1S4_stannite,2.999999981767587e-08,2.3999999854140697e-07,3.333333342681044e-08,,False
Rb2Cd1Sn1Se4_kesterite,1.8749999775025117e-08,1.4999999820020093e-07,4.440892098500626e-16,,False
Rb2Cd1Sn1Se4_stannite,4.999999525523435e-09,3.999999620418748e-08,3.333333342681044e-08,,False
Rb2Mg1Ge1S4_stannite,4.440892098500626e-16,0.0,3.333333298272123e-08,,False
Rb2Mg1Ge1Se4_stannite,2.3750000188726972e-08,1.9000000150981577e-07,3.333333342681044e-08,,False
Rb2Mg1Sn1S4_stannite,5.000000413701855e-09,4.000000330961484e-08,3.333333298272123e-08,,False
Rb2Mg1Sn1Se4_stannite,6.249991635343122e-10,4.999996860988176e-09,4.440892098500626e-16,,False
Rb2Sr1Ge1S4_kesterite,2.4374999796350494e-08,1.9499999837080395e-07,3.333333298272123e-08,,False
Rb2Sr1Ge1S4_stannite,2.5000000292152436e-08,2.0000000233721948e-07,0.0,,False
Rb2Zn1Ge1S4_stannite,6.249999184859689e-09,4.999999703159119e-08,8.881784197001252e-16,,False
Rb2Zn1Ge1Se4_stannite,1.937499938264864e-08,1.549999950611891e-07,3.333333342681044e-08,,False
Rb2Zn1Ge1Te4_stannite,2.312500058110345e-08,1.8500000109611392e-07,3.333333431498886e-08,,False
Rb2Zn1Sn1S4_stannite,1.687499961988692e-08,1.3500000051180905e-07,3.333333298272123e-08,,False
Rb2Zn1Sn1Se4_stannite,6.875000124750841e-09,5.5000000998006726e-08,3.333333342681044e-08,,False
Rb2Zn1Sn1Te4_stannite,1.5000000797016355e-08,1.2000000282341716e-07,3.333333342681044e-08,,False
