theory,host,defect,cdir,nelect,F,E0,conv
pbesol,CdSe,As_Se,Charged+1,1942,-.66657388E+03,-.66653531E+03,1
pbesol,CdSe,As_Se,Charged+2,1941,-.66739767E+03,-.66735535E+03,1
pbesol,CdSe,As_Se,Charged-1,1944,-.66476891E+03,-.66476890E+03,1
pbesol,CdSe,As_Se,Charged-2,1945,-.66355797E+03,-.66354387E+03,1
pbesol,CdSe,As_Se,Neutral,1943.0000,-.66571024E+03,-.66568374E+03,1
pbesol,CdSe,As_Se+As_i,Charged+1,1947,-.67128092E+03,-.67126682E+03,1
pbesol,CdSe,As_Se+As_i,Charged+2,1946,-.67254926E+03,-.67254926E+03,1
pbesol,CdSe,As_Se+As_i,Charged-1,1949,-.66839546E+03,-.66839546E+03,1
pbesol,CdSe,As_Se+As_i,Charged-2,1950,-.66647747E+03,-.66647411E+03,1
pbesol,CdSe,As_Se+As_i,Neutral,1948.0000,-.67005367E+03,-.67005367E+03,1
pbesol,CdSe,As_Se+Cl_Se,Charged+1,1943,-.66580241E+03,-.66577886E+03,1
pbesol,CdSe,As_Se+Cl_Se,Charged+2,1942,-.66662852E+03,-.66659309E+03,1
pbesol,CdSe,As_Se+Cl_Se,Charged-1,1945,-.66370955E+03,-.66369544E+03,1
pbesol,CdSe,As_Se+Cl_Se,Charged-2,1946,-.66245542E+03,-.66245542E+03,1
pbesol,CdSe,As_Se+Cl_Se,Neutral,1944.0000,-.66491231E+03,-.66491231E+03,1
pbesol,CdSe,As_Se+Cl_i,Charged+1,1949,-.66920466E+03,-.66920466E+03,1
pbesol,CdSe,As_Se+Cl_i,Charged+2,1948,-.67006547E+03,-.67004106E+03,1
pbesol,CdSe,As_Se+Cl_i,Charged-1,1951,-.66633420E+03,-.66632009E+03,1
pbesol,CdSe,As_Se+Cl_i,Charged-2,1952,-.66503063E+03,-.66503063E+03,1
pbesol,CdSe,As_Se+Cl_i,Neutral,1950.0000,-.66758657E+03,-.66758642E+03,1
pbesol,CdSe,As_Se+O_Se,Charged+1,1942,-.66825874E+03,-.66822770E+03,1
pbesol,CdSe,As_Se+O_Se,Charged+2,1941,-.66904110E+03,-.66900493E+03,1
pbesol,CdSe,As_Se+O_Se,Charged-1,1944,-.66650494E+03,-.66650461E+03,1
pbesol,CdSe,As_Se+O_Se,Charged-2,1945,-.66536608E+03,-.66535198E+03,1
pbesol,CdSe,As_Se+O_Se,Neutral,1943.0000,-.66743310E+03,-.66741279E+03,1
pbesol,CdSe,As_Se+O_i,Charged+1,1948,-.67330287E+03,-.67330270E+03,1
pbesol,CdSe,As_Se+O_i,Charged+2,1947,-.67415806E+03,-.67413669E+03,1
pbesol,CdSe,As_Se+O_i,Charged-1,1950,-.67091757E+03,-.67089851E+03,1
pbesol,CdSe,As_Se+O_i,Charged-2,1951,-.66778915E+03,-.66777082E+03,1
pbesol,CdSe,As_Se+O_i,Neutral,1949.0000,-.67216941E+03,-.67215403E+03,1
pbesol,CdSe,As_i,Charged+1,1948,-.67053052E+03,-.67053052E+03,1
pbesol,CdSe,As_i,Charged+2,1947,-.67183153E+03,-.67181743E+03,1
pbesol,CdSe,As_i,Charged-1,1950,-.66714879E+03,-.66712952E+03,1
pbesol,CdSe,As_i,Charged-2,1951,-.66548532E+03,-.66548532E+03,1
pbesol,CdSe,As_i,Neutral,1949.0000,-.66951754E+03,-.66950343E+03,1
pbesol,CdSe,As_i+As_i,Charged+1,1953,-.67281782E+03,-.67281773E+03,1
pbesol,CdSe,As_i+As_i,Charged+2,1952,-.67495265E+03,-.67495265E+03,1
pbesol,CdSe,As_i+As_i,Charged-1,1955,-.67243590E+03,-.67243590E+03,1
pbesol,CdSe,As_i+As_i,Charged-2,1956,-.66723590E+03,-.66723551E+03,1
pbesol,CdSe,As_i+As_i,Neutral,1954.0000,-.67120201E+03,-.67120201E+03,1
pbesol,CdSe,As_i+Se_i,Charged+1,1954,-.67262443E+03,-.67260709E+03,1
pbesol,CdSe,As_i+Se_i,Charged+2,1953,-.67391919E+03,-.67391918E+03,1
pbesol,CdSe,As_i+Se_i,Charged-1,1956,-.66993765E+03,-.66993765E+03,1
pbesol,CdSe,As_i+Se_i,Charged-2,1957,-.66955254E+03,-.66955254E+03,1
pbesol,CdSe,As_i+Se_i,Neutral,1955.0000,-.67130246E+03,-.67128378E+03,1
pbesol,CdSe,Bi_Cd,Charged+1,1946,-.67011022E+03,-.67011022E+03,1
pbesol,CdSe,Bi_Cd,Charged+2,1945,-.67096644E+03,-.67093994E+03,1
pbesol,CdSe,Bi_Cd,Charged-1,1948,-.66741954E+03,-.66741954E+03,1
pbesol,CdSe,Bi_Cd,Charged-2,1949,-.66465116E+03,-.66462467E+03,1
pbesol,CdSe,Bi_Cd,Neutral,1947.0000,-.66879036E+03,-.66877625E+03,1
pbesol,CdSe,Bi_Cd+Bi_Se,Charged+1,1955,-.66798146E+03,-.66798121E+03,1
pbesol,CdSe,Bi_Cd+Bi_Se,Charged+2,1954,-.66904773E+03,-.66904508E+03,1
pbesol,CdSe,Bi_Cd+Bi_Se,Charged-1,1957,-.66535764E+03,-.66534334E+03,1
pbesol,CdSe,Bi_Cd+Bi_Se,Charged-2,1958,-.66394692E+03,-.66394692E+03,1
pbesol,CdSe,Bi_Cd+Bi_Se,Neutral,1956.0000,-.66671877E+03,-.66671216E+03,1
pbesol,CdSe,Bi_Cd+Bi_i,Charged+1,1961,-.67211688E+03,-.67211679E+03,1
pbesol,CdSe,Bi_Cd+Bi_i,Charged+2,1960,-.67410200E+03,-.67410200E+03,1
pbesol,CdSe,Bi_Cd+Bi_i,Charged-1,1963,-.66830670E+03,-.66830628E+03,1
pbesol,CdSe,Bi_Cd+Bi_i,Charged-2,1964,-.66618307E+03,-.66618307E+03,1
pbesol,CdSe,Bi_Cd+Bi_i,Neutral,1962.0000,-.67048587E+03,-.67048587E+03,1
pbesol,CdSe,Bi_Cd+Cl_Se,Charged+1,1947,-.66875215E+03,-.66873805E+03,1
pbesol,CdSe,Bi_Cd+Cl_Se,Charged+2,1946,-.67005722E+03,-.67005722E+03,1
pbesol,CdSe,Bi_Cd+Cl_Se,Charged-1,1949,-.66500330E+03,-.66500330E+03,1
pbesol,CdSe,Bi_Cd+Cl_Se,Charged-2,1950,-.66248755E+03,-.66248755E+03,1
pbesol,CdSe,Bi_Cd+Cl_Se,Neutral,1948.0000,-.66739543E+03,-.66739543E+03,1
pbesol,CdSe,Bi_Cd+Cl_i,Charged+1,1953,-.67115687E+03,-.67113049E+03,1
pbesol,CdSe,Bi_Cd+Cl_i,Charged+2,1952,-.67201018E+03,-.67197175E+03,1
pbesol,CdSe,Bi_Cd+Cl_i,Charged-1,1955,-.66890865E+03,-.66889455E+03,1
pbesol,CdSe,Bi_Cd+Cl_i,Charged-2,1956,-.66749548E+03,-.66749548E+03,1
pbesol,CdSe,Bi_Cd+Cl_i,Neutral,1954.0000,-.67026984E+03,-.67026984E+03,1
pbesol,CdSe,Bi_Cd+O_Se,Charged+1,1946,-.67179836E+03,-.67179836E+03,1
pbesol,CdSe,Bi_Cd+O_Se,Charged+2,1945,-.67262503E+03,-.67259854E+03,1
pbesol,CdSe,Bi_Cd+O_Se,Charged-1,1948,-.66927768E+03,-.66927768E+03,1
pbesol,CdSe,Bi_Cd+O_Se,Charged-2,1949,-.66673869E+03,-.66672458E+03,1
pbesol,CdSe,Bi_Cd+O_Se,Neutral,1947.0000,-.67056449E+03,-.67055039E+03,1
pbesol,CdSe,Bi_Cd+O_i,Charged+1,1952,-.67392589E+03,-.67388466E+03,1
pbesol,CdSe,Bi_Cd+O_i,Charged+2,1951,-.67475239E+03,-.67470087E+03,1
pbesol,CdSe,Bi_Cd+O_i,Charged-1,1954,-.67213258E+03,-.67213258E+03,1
pbesol,CdSe,Bi_Cd+O_i,Charged-2,1955,-.67079123E+03,-.67077712E+03,1
pbesol,CdSe,Bi_Cd+O_i,Neutral,1953.0000,-.67307237E+03,-.67304947E+03,1
pbesol,CdSe,Bi_Cd+Se_i,Charged+1,1952,-.67323459E+03,-.67323459E+03,1
pbesol,CdSe,Bi_Cd+Se_i,Charged+2,1951,-.67238832E+03,-.67238832E+03,1
pbesol,CdSe,Bi_Cd+Se_i,Charged-1,1954,-.66980859E+03,-.66980859E+03,1
pbesol,CdSe,Bi_Cd+Se_i,Charged-2,1955,-.66791747E+03,-.66791747E+03,1
pbesol,CdSe,Bi_Cd+Se_i,Neutral,1953.0000,-.67188761E+03,-.67187350E+03,1
pbesol,CdSe,Bi_Cd+V_Cd,Charged+1,1934,-.66601380E+03,-.66597585E+03,1
pbesol,CdSe,Bi_Cd+V_Cd,Charged+2,1933,-.66681209E+03,-.66677022E+03,1
pbesol,CdSe,Bi_Cd+V_Cd,Charged-1,1936,-.66432188E+03,-.66432188E+03,1
pbesol,CdSe,Bi_Cd+V_Cd,Charged-2,1937,-.66299404E+03,-.66297993E+03,1
pbesol,CdSe,Bi_Cd+V_Cd,Neutral,1935.0000,-.66518933E+03,-.66516346E+03,1
pbesol,CdSe,Bi_Cd+V_Se,Charged+1,1940,-.66415712E+03,-.66415712E+03,1
pbesol,CdSe,Bi_Cd+V_Se,Charged+2,1939,-.66549116E+03,-.66547706E+03,1
pbesol,CdSe,Bi_Cd+V_Se,Charged-1,1942,-.66103182E+03,-.66103182E+03,1
pbesol,CdSe,Bi_Cd+V_Se,Charged-2,1943,-.65870099E+03,-.65869938E+03,1
pbesol,CdSe,Bi_Cd+V_Se,Neutral,1941.0000,-.66247857E+03,-.66246446E+03,1
pbesol,CdSe,Bi_Se,Charged+1,1952,-.66543767E+03,-.66543324E+03,1
pbesol,CdSe,Bi_Se,Charged+2,1951,-.66631215E+03,-.66627236E+03,1
pbesol,CdSe,Bi_Se,Charged-1,1954,-.66312992E+03,-.66311060E+03,1
pbesol,CdSe,Bi_Se,Charged-2,1955,-.66186229E+03,-.66183907E+03,1
pbesol,CdSe,Bi_Se,Neutral,1953.0000,-.66436546E+03,-.66436500E+03,1
pbesol,CdSe,Bi_Se+Bi_i,Charged+1,1967,-.66976861E+03,-.66975451E+03,1
pbesol,CdSe,Bi_Se+Bi_i,Charged+2,1966,-.67109018E+03,-.67109018E+03,1
pbesol,CdSe,Bi_Se+Bi_i,Charged-1,1969,-.66614821E+03,-.66614816E+03,1
pbesol,CdSe,Bi_Se+Bi_i,Charged-2,1970,-.66435994E+03,-.66435994E+03,1
pbesol,CdSe,Bi_Se+Bi_i,Neutral,1968.0000,-.66839426E+03,-.66839426E+03,1
pbesol,CdSe,Bi_Se+Cl_Se,Charged+1,1953,-.66446174E+03,-.66446108E+03,1
pbesol,CdSe,Bi_Se+Cl_Se,Charged+2,1952,-.66548018E+03,-.66547970E+03,1
pbesol,CdSe,Bi_Se+Cl_Se,Charged-1,1955,-.66204230E+03,-.66202543E+03,1
pbesol,CdSe,Bi_Se+Cl_Se,Charged-2,1956,-.66075852E+03,-.66075852E+03,1
pbesol,CdSe,Bi_Se+Cl_Se,Neutral,1954.0000,-.66328312E+03,-.66326966E+03,1
pbesol,CdSe,Bi_Se+Cl_i,Charged+1,1959,-.66847661E+03,-.66847497E+03,1
pbesol,CdSe,Bi_Se+Cl_i,Charged+2,1958,-.67053033E+03,-.67053033E+03,1
pbesol,CdSe,Bi_Se+Cl_i,Charged-1,1961,-.66585042E+03,-.66583351E+03,1
pbesol,CdSe,Bi_Se+Cl_i,Charged-2,1962,-.66451348E+03,-.66451348E+03,1
pbesol,CdSe,Bi_Se+Cl_i,Neutral,1960.0000,-.66724137E+03,-.66722726E+03,1
pbesol,CdSe,Bi_Se+O_Se,Charged+1,1952,-.66728529E+03,-.66728526E+03,1
pbesol,CdSe,Bi_Se+O_Se,Charged+2,1951,-.66810665E+03,-.66808761E+03,1
pbesol,CdSe,Bi_Se+O_Se,Charged-1,1954,-.66505951E+03,-.66504540E+03,1
pbesol,CdSe,Bi_Se+O_Se,Charged-2,1955,-.66384092E+03,-.66383750E+03,1
pbesol,CdSe,Bi_Se+O_Se,Neutral,1953.0000,-.66622946E+03,-.66622724E+03,1
pbesol,CdSe,Bi_Se+O_i,Charged+1,1958,-.67216809E+03,-.67216552E+03,1
pbesol,CdSe,Bi_Se+O_i,Charged+2,1957,-.67386680E+03,-.67385270E+03,1
pbesol,CdSe,Bi_Se+O_i,Charged-1,1960,-.66959041E+03,-.66958897E+03,1
pbesol,CdSe,Bi_Se+O_i,Charged-2,1961,-.66805347E+03,-.66805347E+03,1
pbesol,CdSe,Bi_Se+O_i,Neutral,1959.0000,-.67090499E+03,-.67089088E+03,1
pbesol,CdSe,Bi_i,Charged+1,1958,-.67063202E+03,-.67063202E+03,1
pbesol,CdSe,Bi_i,Charged+2,1957,-.67196002E+03,-.67194592E+03,1
pbesol,CdSe,Bi_i,Charged-1,1960,-.66640604E+03,-.66640603E+03,1
pbesol,CdSe,Bi_i,Charged-2,1961,-.66410243E+03,-.66410242E+03,1
pbesol,CdSe,Bi_i,Neutral,1959.0000,-.66858785E+03,-.66858784E+03,1
pbesol,CdSe,Bi_i+Bi_i,Charged+1,1973,-.67380402E+03,-.67380400E+03,1
pbesol,CdSe,Bi_i+Bi_i,Charged+2,1972,-.67416582E+03,-.67416582E+03,1
pbesol,CdSe,Bi_i+Bi_i,Charged-1,1975,-.67030402E+03,-.67030402E+03,1
pbesol,CdSe,Bi_i+Bi_i,Charged-2,1976,-.66741168E+03,-.66741168E+03,1
pbesol,CdSe,Bi_i+Bi_i,Neutral,1974.0000,-.67189944E+03,-.67189944E+03,1
pbesol,CdSe,Bi_i+Se_i,Charged+1,1964,-.67346353E+03,-.67346353E+03,1
pbesol,CdSe,Bi_i+Se_i,Charged+2,1963,-.67562314E+03,-.67560904E+03,1
pbesol,CdSe,Bi_i+Se_i,Charged-1,1966,-.67073772E+03,-.67073772E+03,1
pbesol,CdSe,Bi_i+Se_i,Charged-2,1967,-.66868387E+03,-.66868387E+03,1
pbesol,CdSe,Bi_i+Se_i,Neutral,1965.0000,-.67212552E+03,-.67211142E+03,1
pbesol,CdSe,Cd_Se,Charged+1,1949,-.66303560E+03,-.66302150E+03,1
pbesol,CdSe,Cd_Se,Charged+2,1948,-.66428861E+03,-.66428861E+03,1
pbesol,CdSe,Cd_Se,Charged-1,1951,-.65967264E+03,-.65967264E+03,1
pbesol,CdSe,Cd_Se,Charged-2,1952,-.65755800E+03,-.65755800E+03,1
pbesol,CdSe,Cd_Se,Neutral,1950.0000,-.66173137E+03,-.66173137E+03,1
pbesol,CdSe,Cd_i,Charged+1,1955,-.66851273E+03,-.66849863E+03,1
pbesol,CdSe,Cd_i,Charged+2,1954,-.66967715E+03,-.66967715E+03,1
pbesol,CdSe,Cd_i,Charged-1,1957,-.66514449E+03,-.66514186E+03,1
pbesol,CdSe,Cd_i,Charged-2,1958,-.66294374E+03,-.66294374E+03,1
pbesol,CdSe,Cd_i,Neutral,1956.0000,-.66729603E+03,-.66729603E+03,1
pbesol,CdSe,Cl_Se,Charged+1,1944,-.66654668E+03,-.66654668E+03,1
pbesol,CdSe,Cl_Se,Charged+2,1943,-.66735668E+03,-.66733018E+03,1
pbesol,CdSe,Cl_Se,Charged-1,1946,-.66410672E+03,-.66410672E+03,1
pbesol,CdSe,Cl_Se,Charged-2,1947,-.66121279E+03,-.66119832E+03,1
pbesol,CdSe,Cl_Se,Neutral,1945.0000,-.66535315E+03,-.66533905E+03,1
pbesol,CdSe,Cu_Cd,Charged+1,1942,-.66896579E+03,-.66893090E+03,1
pbesol,CdSe,Cu_Cd,Charged+2,1941,-.66979009E+03,-.66974777E+03,1
pbesol,CdSe,Cu_Cd,Charged-1,1944,-.66707809E+03,-.66706989E+03,1
pbesol,CdSe,Cu_Cd,Charged-2,1945,-.66586719E+03,-.66585110E+03,1
pbesol,CdSe,Cu_Cd,Neutral,1943.0000,-.66809613E+03,-.66807449E+03,1
pbesol,CdSe,N_Se,Charged+1,1942,-.66856371E+03,-.66852515E+03,1
pbesol,CdSe,N_Se,Charged+2,1941,-.66931568E+03,-.66927337E+03,1
pbesol,CdSe,N_Se,Charged-1,1944,-.66697725E+03,-.66697725E+03,1
pbesol,CdSe,N_Se,Charged-2,1945,-.66581619E+03,-.66580209E+03,1
pbesol,CdSe,N_Se,Neutral,1943.0000,-.66778879E+03,-.66776229E+03,1
pbesol,CdSe,N_Se+Cl_Se,Charged+1,1943,-.66791706E+03,-.66789070E+03,1
pbesol,CdSe,N_Se+Cl_Se,Charged+2,1942,-.66867442E+03,-.66863601E+03,1
pbesol,CdSe,N_Se+Cl_Se,Charged-1,1945,-.66597100E+03,-.66595690E+03,1
pbesol,CdSe,N_Se+Cl_Se,Charged-2,1946,-.66476587E+03,-.66476587E+03,1
pbesol,CdSe,N_Se+Cl_Se,Neutral,1944.0000,-.66712430E+03,-.66712430E+03,1
pbesol,CdSe,N_Se+Cl_i,Charged+1,1949,-.67116312E+03,-.67113701E+03,1
pbesol,CdSe,N_Se+Cl_i,Charged+2,1948,-.67195069E+03,-.67191268E+03,1
pbesol,CdSe,N_Se+Cl_i,Charged-1,1951,-.66810396E+03,-.66810396E+03,1
pbesol,CdSe,N_Se+Cl_i,Charged-2,1952,-.66689038E+03,-.66687629E+03,1
pbesol,CdSe,N_Se+Cl_i,Neutral,1950.0000,-.67034271E+03,-.67034271E+03,1
pbesol,CdSe,N_Se+N_i,Charged+1,1947,-.67237011E+03,-.67233239E+03,1
pbesol,CdSe,N_Se+N_i,Charged+2,1946,-.67312889E+03,-.67308750E+03,1
pbesol,CdSe,N_Se+N_i,Charged-1,1949,-.67076844E+03,-.67076844E+03,1
pbesol,CdSe,N_Se+N_i,Charged-2,1950,-.66957743E+03,-.66956333E+03,1
pbesol,CdSe,N_Se+N_i,Neutral,1948.0000,-.67158790E+03,-.67156193E+03,1
pbesol,CdSe,N_Se+O_Se,Charged+1,1942,-.67008878E+03,-.67005034E+03,1
pbesol,CdSe,N_Se+O_Se,Charged+2,1941,-.67080680E+03,-.67076459E+03,1
pbesol,CdSe,N_Se+O_Se,Charged-1,1944,-.66857035E+03,-.66857035E+03,1
pbesol,CdSe,N_Se+O_Se,Charged-2,1945,-.66748381E+03,-.66746971E+03,1
pbesol,CdSe,N_Se+O_Se,Neutral,1943.0000,-.66934713E+03,-.66932076E+03,1
pbesol,CdSe,N_Se+O_i,Charged+1,1948,-.67230410E+03,-.67226671E+03,1
pbesol,CdSe,N_Se+O_i,Charged+2,1947,-.67294843E+03,-.67290270E+03,1
pbesol,CdSe,N_Se+O_i,Charged-1,1950,-.67072315E+03,-.67072070E+03,1
pbesol,CdSe,N_Se+O_i,Charged-2,1951,-.66976512E+03,-.66976206E+03,1
pbesol,CdSe,N_Se+O_i,Neutral,1949.0000,-.67153109E+03,-.67150536E+03,1
pbesol,CdSe,N_i,Charged+1,1948,-.67113439E+03,-.67110797E+03,1
pbesol,CdSe,N_i,Charged+2,1947,-.67192652E+03,-.67188809E+03,1
pbesol,CdSe,N_i,Charged-1,1950,-.66907520E+03,-.66906112E+03,1
pbesol,CdSe,N_i,Charged-2,1951,-.66778985E+03,-.66778985E+03,1
pbesol,CdSe,N_i,Neutral,1949.0000,-.67030829E+03,-.67030829E+03,1
pbesol,CdSe,N_i+N_i,Charged+1,1953,-.67488544E+03,-.67485916E+03,1
pbesol,CdSe,N_i+N_i,Charged+2,1952,-.67568657E+03,-.67564839E+03,1
pbesol,CdSe,N_i+N_i,Charged-1,1955,-.67278849E+03,-.67277451E+03,1
pbesol,CdSe,N_i+N_i,Charged-2,1956,-.67147530E+03,-.67147480E+03,1
pbesol,CdSe,N_i+N_i,Neutral,1954.0000,-.67405031E+03,-.67405031E+03,1
pbesol,CdSe,N_i+Se_i,Charged+1,1954,-.67257854E+03,-.67257854E+03,1
pbesol,CdSe,N_i+Se_i,Charged+2,1953,-.67466058E+03,-.67463432E+03,1
pbesol,CdSe,N_i+Se_i,Charged-1,1956,-.67006688E+03,-.67005273E+03,1
pbesol,CdSe,N_i+Se_i,Charged-2,1957,-.66872887E+03,-.66872770E+03,1
pbesol,CdSe,N_i+Se_i,Neutral,1955.0000,-.67286687E+03,-.67286677E+03,1
pbesol,CdSe,O_Se,Charged+1,1943,-.66901939E+03,-.66899289E+03,1
pbesol,CdSe,O_Se,Charged+2,1942,-.66977167E+03,-.66973311E+03,1
pbesol,CdSe,O_Se,Charged-1,1945,-.66710679E+03,-.66709269E+03,1
pbesol,CdSe,O_Se,Charged-2,1946,-.66592942E+03,-.66592942E+03,1
pbesol,CdSe,O_Se,Neutral,1944.0000,-.66823318E+03,-.66823318E+03,1
pbesol,CdSe,O_i+As_Se+O_i,Charged+1,1954,-.67702817E+03,-.67699213E+03,1
pbesol,CdSe,O_i+As_Se+O_i,Charged+2,1953,-.67784747E+03,-.67780442E+03,1
pbesol,CdSe,O_i+As_Se+O_i,Charged-1,1956,-.67520769E+03,-.67520492E+03,1
pbesol,CdSe,O_i+As_Se+O_i,Charged-2,1957,-.67402855E+03,-.67401185E+03,1
pbesol,CdSe,O_i+As_Se+O_i,Neutral,1955.0000,-.67616868E+03,-.67614682E+03,1
pbesol,CdSe,O_i+As_i+O_i,Charged+1,1960,-.68038761E+03,-.68036692E+03,1
pbesol,CdSe,O_i+As_i+O_i,Charged+2,1959,-.68124378E+03,-.68120702E+03,1
pbesol,CdSe,O_i+As_i+O_i,Charged-1,1962,-.67838014E+03,-.67837994E+03,1
pbesol,CdSe,O_i+As_i+O_i,Charged-2,1963,-.67707001E+03,-.67705590E+03,1
pbesol,CdSe,O_i+As_i+O_i,Neutral,1961.0000,-.67945905E+03,-.67945334E+03,1
pbesol,CdSe,O_i+Bi_Se+O_i,Charged+1,1964,-.67687390E+03,-.67687360E+03,1
pbesol,CdSe,O_i+Bi_Se+O_i,Charged+2,1963,-.67789357E+03,-.67788621E+03,1
pbesol,CdSe,O_i+Bi_Se+O_i,Charged-1,1966,-.67398643E+03,-.67398420E+03,1
pbesol,CdSe,O_i+Bi_Se+O_i,Charged-2,1967,-.67270179E+03,-.67268768E+03,1
pbesol,CdSe,O_i+Bi_Se+O_i,Neutral,1965.0000,-.67561259E+03,-.67561244E+03,1
pbesol,CdSe,O_i+Bi_i+O_i,Charged+1,1970,-.68012891E+03,-.68010697E+03,1
pbesol,CdSe,O_i+Bi_i+O_i,Charged+2,1969,-.68100711E+03,-.68096901E+03,1
pbesol,CdSe,O_i+Bi_i+O_i,Charged-1,1972,-.67809741E+03,-.67809738E+03,1
pbesol,CdSe,O_i+Bi_i+O_i,Charged-2,1973,-.67675148E+03,-.67673738E+03,1
pbesol,CdSe,O_i+Bi_i+O_i,Neutral,1971.0000,-.67918429E+03,-.67917990E+03,1
pbesol,CdSe,O_i+N_Se+O_i,Charged+1,1954,-.67605645E+03,-.67601633E+03,1
pbesol,CdSe,O_i+N_Se+O_i,Charged+2,1953,-.67680097E+03,-.67676186E+03,1
pbesol,CdSe,O_i+N_Se+O_i,Charged-1,1956,-.67449482E+03,-.67446952E+03,1
pbesol,CdSe,O_i+N_Se+O_i,Charged-2,1957,-.67366202E+03,-.67365032E+03,1
pbesol,CdSe,O_i+N_Se+O_i,Neutral,1955.0000,-.67528936E+03,-.67525341E+03,1
pbesol,CdSe,O_i+N_i+O_i,Charged+1,1960,-.67852464E+03,-.67847618E+03,1
pbesol,CdSe,O_i+N_i+O_i,Charged+2,1959,-.67930331E+03,-.67925289E+03,1
pbesol,CdSe,O_i+N_i+O_i,Charged-1,1962,-.67689892E+03,-.67687182E+03,1
pbesol,CdSe,O_i+N_i+O_i,Charged-2,1963,-.67607249E+03,-.67607161E+03,1
pbesol,CdSe,O_i+N_i+O_i,Neutral,1961.0000,-.67772468E+03,-.67768309E+03,1
pbesol,CdSe,O_i+P_Se+O_i,Charged+1,1954,-.67824013E+03,-.67820378E+03,1
pbesol,CdSe,O_i+P_Se+O_i,Charged+2,1953,-.67905673E+03,-.67900930E+03,1
pbesol,CdSe,O_i+P_Se+O_i,Charged-1,1956,-.67643067E+03,-.67642978E+03,1
pbesol,CdSe,O_i+P_Se+O_i,Charged-2,1957,-.67522383E+03,-.67520597E+03,1
pbesol,CdSe,O_i+P_Se+O_i,Neutral,1955.0000,-.67739092E+03,-.67736938E+03,1
pbesol,CdSe,O_i+P_i+O_i,Charged+1,1960,-.68058533E+03,-.68056004E+03,1
pbesol,CdSe,O_i+P_i+O_i,Charged+2,1959,-.68142640E+03,-.68138925E+03,1
pbesol,CdSe,O_i+P_i+O_i,Charged-1,1962,-.67884465E+03,-.67884441E+03,1
pbesol,CdSe,O_i+P_i+O_i,Charged-2,1963,-.67739488E+03,-.67738077E+03,1
pbesol,CdSe,O_i+P_i+O_i,Neutral,1961.0000,-.67992521E+03,-.67991728E+03,1
pbesol,CdSe,O_i+Sb_Se+O_i,Charged+1,1954,-.67709641E+03,-.67709614E+03,1
pbesol,CdSe,O_i+Sb_Se+O_i,Charged+2,1953,-.67809970E+03,-.67808858E+03,1
pbesol,CdSe,O_i+Sb_Se+O_i,Charged-1,1956,-.67494511E+03,-.67493898E+03,1
pbesol,CdSe,O_i+Sb_Se+O_i,Charged-2,1957,-.67325834E+03,-.67323938E+03,1
pbesol,CdSe,O_i+Sb_Se+O_i,Neutral,1955.0000,-.67557072E+03,-.67555555E+03,1
pbesol,CdSe,O_i+Sb_i+O_i,Charged+1,1960,-.68015965E+03,-.68013838E+03,1
pbesol,CdSe,O_i+Sb_i+O_i,Charged+2,1959,-.68103586E+03,-.68099921E+03,1
pbesol,CdSe,O_i+Sb_i+O_i,Charged-1,1962,-.67811701E+03,-.67811695E+03,1
pbesol,CdSe,O_i+Sb_i+O_i,Charged-2,1963,-.67676816E+03,-.67675406E+03,1
pbesol,CdSe,O_i+Sb_i+O_i,Neutral,1961.0000,-.67921443E+03,-.67921081E+03,1
pbesol,CdSe,P_Se,Charged+1,1942,-.66721113E+03,-.66717257E+03,1
pbesol,CdSe,P_Se,Charged+2,1941,-.66801627E+03,-.66797396E+03,1
pbesol,CdSe,P_Se,Charged-1,1944,-.66548745E+03,-.66548745E+03,1
pbesol,CdSe,P_Se,Charged-2,1945,-.66427323E+03,-.66425912E+03,1
pbesol,CdSe,P_Se,Neutral,1943.0000,-.66637635E+03,-.66634985E+03,1
pbesol,CdSe,P_Se+Cl_Se,Charged+1,1943,-.66647991E+03,-.66645491E+03,1
pbesol,CdSe,P_Se+Cl_Se,Charged+2,1942,-.66728641E+03,-.66724943E+03,1
pbesol,CdSe,P_Se+Cl_Se,Charged-1,1945,-.66442280E+03,-.66440870E+03,1
pbesol,CdSe,P_Se+Cl_Se,Charged-2,1946,-.66316723E+03,-.66316723E+03,1
pbesol,CdSe,P_Se+Cl_Se,Neutral,1944.0000,-.66562947E+03,-.66562947E+03,1
pbesol,CdSe,P_Se+Cl_i,Charged+1,1949,-.66999793E+03,-.66997451E+03,1
pbesol,CdSe,P_Se+Cl_i,Charged+2,1948,-.67078311E+03,-.67074790E+03,1
pbesol,CdSe,P_Se+Cl_i,Charged-1,1951,-.66640704E+03,-.66640699E+03,1
pbesol,CdSe,P_Se+Cl_i,Charged-2,1952,-.66515155E+03,-.66513745E+03,1
pbesol,CdSe,P_Se+Cl_i,Neutral,1950.0000,-.66906715E+03,-.66906715E+03,1
pbesol,CdSe,P_Se+O_Se,Charged+1,1942,-.66885123E+03,-.66881658E+03,1
pbesol,CdSe,P_Se+O_Se,Charged+2,1941,-.66961811E+03,-.66957897E+03,1
pbesol,CdSe,P_Se+O_Se,Charged-1,1944,-.66719189E+03,-.66719189E+03,1
pbesol,CdSe,P_Se+O_Se,Charged-2,1945,-.66604921E+03,-.66603511E+03,1
pbesol,CdSe,P_Se+O_Se,Neutral,1943.0000,-.66805247E+03,-.66802924E+03,1
pbesol,CdSe,P_Se+O_i,Charged+1,1948,-.67450676E+03,-.67450676E+03,1
pbesol,CdSe,P_Se+O_i,Charged+2,1947,-.67535531E+03,-.67533298E+03,1
pbesol,CdSe,P_Se+O_i,Charged-1,1950,-.66951784E+03,-.66951764E+03,1
pbesol,CdSe,P_Se+O_i,Charged-2,1951,-.66835106E+03,-.66833976E+03,1
pbesol,CdSe,P_Se+O_i,Neutral,1949.0000,-.67334925E+03,-.67333292E+03,1
pbesol,CdSe,P_Se+P_i,Charged+1,1947,-.67250323E+03,-.67248912E+03,1
pbesol,CdSe,P_Se+P_i,Charged+2,1946,-.67378080E+03,-.67378080E+03,1
pbesol,CdSe,P_Se+P_i,Charged-1,1949,-.66973694E+03,-.66973694E+03,1
pbesol,CdSe,P_Se+P_i,Charged-2,1950,-.66808459E+03,-.66808459E+03,1
pbesol,CdSe,P_Se+P_i,Neutral,1948.0000,-.67106587E+03,-.67105148E+03,1
pbesol,CdSe,P_i,Charged+1,1948,-.67128407E+03,-.67128398E+03,1
pbesol,CdSe,P_i,Charged+2,1947,-.67233471E+03,-.67233471E+03,1
pbesol,CdSe,P_i,Charged-1,1950,-.66840888E+03,-.66838987E+03,1
pbesol,CdSe,P_i,Charged-2,1951,-.66598017E+03,-.66598017E+03,1
pbesol,CdSe,P_i,Neutral,1949.0000,-.67002194E+03,-.67000783E+03,1
pbesol,CdSe,P_i+P_i,Charged+1,1953,-.67511688E+03,-.67510277E+03,1
pbesol,CdSe,P_i+P_i,Charged+2,1952,-.67656730E+03,-.67656722E+03,1
pbesol,CdSe,P_i+P_i,Charged-1,1955,-.67353680E+03,-.67353680E+03,1
pbesol,CdSe,P_i+P_i,Charged-2,1956,-.67226511E+03,-.67226511E+03,1
pbesol,CdSe,P_i+P_i,Neutral,1954.0000,-.67569904E+03,-.67569904E+03,1
pbesol,CdSe,P_i+Se_i,Charged+1,1954,-.67497596E+03,-.67497573E+03,1
pbesol,CdSe,P_i+Se_i,Charged+2,1953,-.67612099E+03,-.67612099E+03,1
pbesol,CdSe,P_i+Se_i,Charged-1,1956,-.67120740E+03,-.67120739E+03,1
pbesol,CdSe,P_i+Se_i,Charged-2,1957,-.66889535E+03,-.66889535E+03,1
pbesol,CdSe,P_i+Se_i,Neutral,1955.0000,-.67373344E+03,-.67371934E+03,1
pbesol,CdSe,Sb_Se,Charged+1,1942,-.66588022E+03,-.66584217E+03,1
pbesol,CdSe,Sb_Se,Charged+2,1941,-.66678839E+03,-.66676913E+03,1
pbesol,CdSe,Sb_Se,Charged-1,1944,-.66382714E+03,-.66382228E+03,1
pbesol,CdSe,Sb_Se,Charged-2,1945,-.66258585E+03,-.66257173E+03,1
pbesol,CdSe,Sb_Se,Neutral,1943.0000,-.66494388E+03,-.66494189E+03,1
pbesol,CdSe,Sb_Se+Cl_Se,Charged+1,1943,-.66503454E+03,-.66502899E+03,1
pbesol,CdSe,Sb_Se+Cl_Se,Charged+2,1942,-.66594299E+03,-.66592980E+03,1
pbesol,CdSe,Sb_Se+Cl_Se,Charged-1,1945,-.66276170E+03,-.66274760E+03,1
pbesol,CdSe,Sb_Se+Cl_Se,Charged-2,1946,-.66147923E+03,-.66147923E+03,1
pbesol,CdSe,Sb_Se+Cl_Se,Neutral,1944.0000,-.66399470E+03,-.66399408E+03,1
pbesol,CdSe,Sb_Se+Cl_i,Charged+1,1949,-.66877686E+03,-.66877686E+03,1
pbesol,CdSe,Sb_Se+Cl_i,Charged+2,1948,-.67036023E+03,-.67036023E+03,1
pbesol,CdSe,Sb_Se+Cl_i,Charged-1,1951,-.66633677E+03,-.66632266E+03,1
pbesol,CdSe,Sb_Se+Cl_i,Charged-2,1952,-.66500898E+03,-.66500898E+03,1
pbesol,CdSe,Sb_Se+Cl_i,Neutral,1950.0000,-.66761310E+03,-.66761240E+03,1
pbesol,CdSe,Sb_Se+O_Se,Charged+1,1942,-.66768576E+03,-.66768031E+03,1
pbesol,CdSe,Sb_Se+O_Se,Charged+2,1941,-.66851188E+03,-.66848950E+03,1
pbesol,CdSe,Sb_Se+O_Se,Charged-1,1944,-.66563435E+03,-.66562024E+03,1
pbesol,CdSe,Sb_Se+O_Se,Charged-2,1945,-.66445075E+03,-.66443376E+03,1
pbesol,CdSe,Sb_Se+O_Se,Neutral,1943.0000,-.66676486E+03,-.66676471E+03,1
pbesol,CdSe,Sb_Se+O_i,Charged+1,1948,-.67268695E+03,-.67268694E+03,1
pbesol,CdSe,Sb_Se+O_i,Charged+2,1947,-.67382330E+03,-.67382330E+03,1
pbesol,CdSe,Sb_Se+O_i,Charged-1,1950,-.67014016E+03,-.67012369E+03,1
pbesol,CdSe,Sb_Se+O_i,Charged-2,1951,-.66874261E+03,-.66874261E+03,1
pbesol,CdSe,Sb_Se+O_i,Neutral,1949.0000,-.67143789E+03,-.67141908E+03,1
pbesol,CdSe,Sb_Se+Sb_i,Charged+1,1947,-.67032981E+03,-.67031571E+03,1
pbesol,CdSe,Sb_Se+Sb_i,Charged+2,1946,-.67165753E+03,-.67165753E+03,1
pbesol,CdSe,Sb_Se+Sb_i,Charged-1,1949,-.66704171E+03,-.66704171E+03,1
pbesol,CdSe,Sb_Se+Sb_i,Charged-2,1950,-.66530978E+03,-.66530978E+03,1
pbesol,CdSe,Sb_Se+Sb_i,Neutral,1948.0000,-.66894765E+03,-.66894765E+03,1
pbesol,CdSe,Sb_i,Charged+1,1948,-.67058021E+03,-.67058021E+03,1
pbesol,CdSe,Sb_i,Charged+2,1947,-.67191033E+03,-.67189622E+03,1
pbesol,CdSe,Sb_i,Charged-1,1950,-.66711715E+03,-.66711715E+03,1
pbesol,CdSe,Sb_i,Charged-2,1951,-.66443862E+03,-.66443862E+03,1
pbesol,CdSe,Sb_i,Neutral,1949.0000,-.66868627E+03,-.66868627E+03,1
pbesol,CdSe,Sb_i+Sb_i,Charged+1,1953,-.67347143E+03,-.67345732E+03,1
pbesol,CdSe,Sb_i+Sb_i,Charged+2,1952,-.67498321E+03,-.67498321E+03,1
pbesol,CdSe,Sb_i+Sb_i,Charged-1,1955,-.67071219E+03,-.67071219E+03,1
pbesol,CdSe,Sb_i+Sb_i,Charged-2,1956,-.66885829E+03,-.66885829E+03,1
pbesol,CdSe,Sb_i+Sb_i,Neutral,1954.0000,-.67255926E+03,-.67255926E+03,1
pbesol,CdSe,Sb_i+Se_i,Charged+1,1954,-.67356115E+03,-.67356115E+03,1
pbesol,CdSe,Sb_i+Se_i,Charged+2,1953,-.67568952E+03,-.67567542E+03,1
pbesol,CdSe,Sb_i+Se_i,Charged-1,1956,-.67082211E+03,-.67082211E+03,1
pbesol,CdSe,Sb_i+Se_i,Charged-2,1957,-.66892698E+03,-.66892698E+03,1
pbesol,CdSe,Sb_i+Se_i,Neutral,1955.0000,-.67221741E+03,-.67220331E+03,1
pbesol,CdSe,Se_Cd,Charged+1,1937,-.66776805E+03,-.66776805E+03,1
pbesol,CdSe,Se_Cd,Charged+2,1936,-.66880505E+03,-.66880505E+03,1
pbesol,CdSe,Se_Cd,Charged-1,1939,-.66548666E+03,-.66547256E+03,1
pbesol,CdSe,Se_Cd,Charged-2,1940,-.66415236E+03,-.66415236E+03,1
pbesol,CdSe,Se_Cd,Neutral,1938.0000,-.66676945E+03,-.66676945E+03,1
pbesol,CdSe,Se_Cd+Cd_i,Charged+1,1949,-.66871468E+03,-.66870057E+03,1
pbesol,CdSe,Se_Cd+Cd_i,Charged+2,1948,-.66996259E+03,-.66996259E+03,1
pbesol,CdSe,Se_Cd+Cd_i,Charged-1,1951,-.66565787E+03,-.66565787E+03,1
pbesol,CdSe,Se_Cd+Cd_i,Charged-2,1952,-.66642078E+03,-.66642078E+03,1
pbesol,CdSe,Se_Cd+Cd_i,Neutral,1950.0000,-.66764602E+03,-.66764602E+03,1
pbesol,CdSe,Se_i,Charged+1,1949,-.66874977E+03,-.66874977E+03,1
pbesol,CdSe,Se_i,Charged+2,1948,-.67075512E+03,-.67072119E+03,1
pbesol,CdSe,Se_i,Charged-1,1951,-.66625519E+03,-.66624018E+03,1
pbesol,CdSe,Se_i,Charged-2,1952,-.66494578E+03,-.66494578E+03,1
pbesol,CdSe,Se_i,Neutral,1950.0000,-.66751896E+03,-.66750847E+03,1
pbesol,CdSe,V_Cd,Charged+1,1931,-.66296621E+03,-.66292389E+03,1
pbesol,CdSe,V_Cd,Charged+2,1930,-.66371652E+03,-.66367796E+03,1
pbesol,CdSe,V_Cd,Charged-1,1933,-.66138170E+03,-.66135520E+03,1
pbesol,CdSe,V_Cd,Charged-2,1934,-.66052206E+03,-.66052206E+03,1
pbesol,CdSe,V_Cd,Neutral,1932.0000,-.66218971E+03,-.66215115E+03,1
pbesol,CdSe,V_Cd+Cd_Se,Charged+1,1937,-.65940797E+03,-.65938330E+03,1
pbesol,CdSe,V_Cd+Cd_Se,Charged+2,1936,-.66017878E+03,-.66014204E+03,1
pbesol,CdSe,V_Cd+Cd_Se,Charged-1,1939,-.65733504E+03,-.65732093E+03,1
pbesol,CdSe,V_Cd+Cd_Se,Charged-2,1940,-.65602642E+03,-.65602642E+03,1
pbesol,CdSe,V_Cd+Cd_Se,Neutral,1938.0000,-.65859101E+03,-.65859101E+03,1
pbesol,CdSe,V_Cd+Se_Cd,Charged+1,1925,-.66416723E+03,-.66414254E+03,1
pbesol,CdSe,V_Cd+Se_Cd,Charged+2,1924,-.66495744E+03,-.66492117E+03,1
pbesol,CdSe,V_Cd+Se_Cd,Charged-1,1927,-.66206987E+03,-.66205576E+03,1
pbesol,CdSe,V_Cd+Se_Cd,Charged-2,1928,-.66100466E+03,-.66100440E+03,1
pbesol,CdSe,V_Cd+Se_Cd,Neutral,1926.0000,-.66333300E+03,-.66333300E+03,1
pbesol,CdSe,V_Se,Charged+1,1937,-.66214347E+03,-.66212937E+03,1
pbesol,CdSe,V_Se,Charged+2,1936,-.66331256E+03,-.66331256E+03,1
pbesol,CdSe,V_Se,Charged-1,1939,-.65896323E+03,-.65894912E+03,1
pbesol,CdSe,V_Se,Charged-2,1940,-.65752427E+03,-.65752427E+03,1
pbesol,CdSe,V_Se,Neutral,1938.0000,-.66092048E+03,-.66092048E+03,1
pbesol,CdSe,V_Se+Cd_Se,Charged+1,1943,-.65690916E+03,-.65689505E+03,1
pbesol,CdSe,V_Se+Cd_Se,Charged+2,1942,-.65828260E+03,-.65828260E+03,1
pbesol,CdSe,V_Se+Cd_Se,Charged-1,1945,-.65375129E+03,-.65375118E+03,1
pbesol,CdSe,V_Se+Cd_Se,Charged-2,1946,-.65212562E+03,-.65212562E+03,1
pbesol,CdSe,V_Se+Cd_Se,Neutral,1944.0000,-.65557053E+03,-.65557053E+03,1
pbesol,CdSe,V_Se+Se_i,Charged+1,1943,-.66736941E+03,-.66734291E+03,1
pbesol,CdSe,V_Se+Se_i,Charged+2,1942,-.66815298E+03,-.66811441E+03,1
pbesol,CdSe,V_Se+Se_i,Charged-1,1945,-.66534725E+03,-.66533315E+03,1
pbesol,CdSe,V_Se+Se_i,Charged-2,1946,-.66409092E+03,-.66409092E+03,1
pbesol,CdSe,V_Se+Se_i,Neutral,1944.0000,-.66655091E+03,-.66655091E+03,1
pbesol,CdSe0.06Te0.94,As_Se,Charged+1,1942,-.59758543E+03,-.59754692E+03,1
pbesol,CdSe0.06Te0.94,As_Se,Charged+2,1941,-.59970367E+03,-.59966141E+03,1
pbesol,CdSe0.06Te0.94,As_Se,Charged-1,1944,-.53633666E+03,-.53633666E+03,1
pbesol,CdSe0.06Te0.94,As_Se,Charged-2,1945,-.59058812E+03,-.59057401E+03,1
pbesol,CdSe0.06Te0.94,As_Se,Neutral,1943.0000,-.59544250E+03,-.59541606E+03,1
pbesol,CdSe0.06Te0.94,As_Se+As_i,Charged+1,1947,-.60105347E+03,-.60102681E+03,1
pbesol,CdSe0.06Te0.94,As_Se+As_i,Charged+2,1946,-.60322449E+03,-.60318487E+03,1
pbesol,CdSe0.06Te0.94,As_Se+As_i,Charged-1,1949,-.59612854E+03,-.59611444E+03,1
pbesol,CdSe0.06Te0.94,As_Se+As_i,Charged-2,1950,-.59335766E+03,-.59335766E+03,1
pbesol,CdSe0.06Te0.94,As_Se+As_i,Neutral,1948.0000,-.59884574E+03,-.59884574E+03,1
pbesol,CdSe0.06Te0.94,As_Se+Cl_Se,Charged+1,1943,-.59633403E+03,-.59630765E+03,1
pbesol,CdSe0.06Te0.94,As_Se+Cl_Se,Charged+2,1942,-.59847293E+03,-.59843449E+03,1
pbesol,CdSe0.06Te0.94,As_Se+Cl_Se,Charged-1,1945,-.59149520E+03,-.59148110E+03,1
pbesol,CdSe0.06Te0.94,As_Se+Cl_Se,Charged-2,1946,-.58878059E+03,-.58878059E+03,1
pbesol,CdSe0.06Te0.94,As_Se+Cl_Se,Neutral,1944.0000,-.59415650E+03,-.59415650E+03,1
pbesol,CdSe0.06Te0.94,As_Se+Cl_i,Charged+1,1949,-.59911068E+03,-.59906887E+03,1
pbesol,CdSe0.06Te0.94,As_Se+Cl_i,Charged+2,1948,-.60123705E+03,-.60119887E+03,1
pbesol,CdSe0.06Te0.94,As_Se+Cl_i,Charged-1,1951,-.59479166E+03,-.59476572E+03,1
pbesol,CdSe0.06Te0.94,As_Se+Cl_i,Charged-2,1952,-.59258258E+03,-.59258258E+03,1
pbesol,CdSe0.06Te0.94,As_Se+Cl_i,Neutral,1950.0000,-.59696300E+03,-.59692502E+03,1
pbesol,CdSe0.06Te0.94,As_Se+O_Se,Charged+1,1942,-.59895407E+03,-.59891558E+03,1
pbesol,CdSe0.06Te0.94,As_Se+O_Se,Charged+2,1941,-.60104789E+03,-.60100563E+03,1
pbesol,CdSe0.06Te0.94,As_Se+O_Se,Charged-1,1944,-.59468182E+03,-.59468182E+03,1
pbesol,CdSe0.06Te0.94,As_Se+O_Se,Charged-2,1945,-.59213329E+03,-.59211918E+03,1
pbesol,CdSe0.06Te0.94,As_Se+O_Se,Neutral,1943.0000,-.59683656E+03,-.59681012E+03,1
pbesol,CdSe0.06Te0.94,As_Se+O_i,Charged+1,1948,-.60171475E+03,-.60167051E+03,1
pbesol,CdSe0.06Te0.94,As_Se+O_i,Charged+2,1947,-.60380819E+03,-.60377174E+03,1
pbesol,CdSe0.06Te0.94,As_Se+O_i,Charged-1,1950,-.59746556E+03,-.59742559E+03,1
pbesol,CdSe0.06Te0.94,As_Se+O_i,Charged-2,1951,-.59530609E+03,-.59527932E+03,1
pbesol,CdSe0.06Te0.94,As_Se+O_i,Neutral,1949.0000,-.59960062E+03,-.59955533E+03,1
pbesol,CdSe0.06Te0.94,As_Te,Charged+1,1942,-.59817068E+03,-.59813251E+03,1
pbesol,CdSe0.06Te0.94,As_Te,Charged+2,1941,-.60026506E+03,-.60022306E+03,1
pbesol,CdSe0.06Te0.94,As_Te,Charged-1,1944,-.59389837E+03,-.59389837E+03,1
pbesol,CdSe0.06Te0.94,As_Te,Charged-2,1945,-.59125874E+03,-.59124463E+03,1
pbesol,CdSe0.06Te0.94,As_Te,Neutral,1943.0000,-.59605419E+03,-.59602806E+03,1
pbesol,CdSe0.06Te0.94,As_Te+As_i,Charged+1,1947,-.60246461E+03,-.60246461E+03,1
pbesol,CdSe0.06Te0.94,As_Te+As_i,Charged+2,1946,-.60510251E+03,-.60510251E+03,1
pbesol,CdSe0.06Te0.94,As_Te+As_i,Charged-1,1949,-.59716699E+03,-.59715288E+03,1
pbesol,CdSe0.06Te0.94,As_Te+As_i,Charged-2,1950,-.59443643E+03,-.59443596E+03,1
pbesol,CdSe0.06Te0.94,As_Te+As_i,Neutral,1948.0000,-.59984293E+03,-.59984195E+03,1
pbesol,CdSe0.06Te0.94,As_Te+Cl_Te,Charged+1,1943,-.59767810E+03,-.59765227E+03,1
pbesol,CdSe0.06Te0.94,As_Te+Cl_Te,Charged+2,1942,-.59975103E+03,-.59971324E+03,1
pbesol,CdSe0.06Te0.94,As_Te+Cl_Te,Charged-1,1945,-.59296914E+03,-.59295504E+03,1
pbesol,CdSe0.06Te0.94,As_Te+Cl_Te,Charged-2,1946,-.59031516E+03,-.59031516E+03,1
pbesol,CdSe0.06Te0.94,As_Te+Cl_Te,Neutral,1944.0000,-.59557036E+03,-.59557036E+03,1
pbesol,CdSe0.06Te0.94,As_Te+Cl_i,Charged+1,1949,-.60100322E+03,-.60097814E+03,1
pbesol,CdSe0.06Te0.94,As_Te+Cl_i,Charged+2,1948,-.60333938E+03,-.60333938E+03,1
pbesol,CdSe0.06Te0.94,As_Te+Cl_i,Charged-1,1951,-.59539991E+03,-.59538580E+03,1
pbesol,CdSe0.06Te0.94,As_Te+Cl_i,Charged-2,1952,-.59345871E+03,-.59345871E+03,1
pbesol,CdSe0.06Te0.94,As_Te+Cl_i,Neutral,1950.0000,-.59808329E+03,-.59808329E+03,1
pbesol,CdSe0.06Te0.94,As_Te+O_Te,Charged+1,1942,-.60010763E+03,-.60007113E+03,1
pbesol,CdSe0.06Te0.94,As_Te+O_Te,Charged+2,1941,-.60214986E+03,-.60210945E+03,1
pbesol,CdSe0.06Te0.94,As_Te+O_Te,Charged-1,1944,-.59593340E+03,-.59593340E+03,1
pbesol,CdSe0.06Te0.94,As_Te+O_Te,Charged-2,1945,-.59343560E+03,-.59342149E+03,1
pbesol,CdSe0.06Te0.94,As_Te+O_Te,Neutral,1943.0000,-.59802936E+03,-.59800446E+03,1
pbesol,CdSe0.06Te0.94,As_Te+O_i,Charged+1,1948,-.60459738E+03,-.60458603E+03,1
pbesol,CdSe0.06Te0.94,As_Te+O_i,Charged+2,1947,-.60671616E+03,-.60669035E+03,1
pbesol,CdSe0.06Te0.94,As_Te+O_i,Charged-1,1950,-.59977855E+03,-.59977746E+03,1
pbesol,CdSe0.06Te0.94,As_Te+O_i,Charged-2,1951,-.59711940E+03,-.59710529E+03,1
pbesol,CdSe0.06Te0.94,As_Te+O_i,Neutral,1949.0000,-.60236372E+03,-.60236372E+03,1
pbesol,CdSe0.06Te0.94,As_i,Charged+1,1948,-.60145224E+03,-.60145224E+03,1
pbesol,CdSe0.06Te0.94,As_i,Charged+2,1947,-.60374936E+03,-.60374936E+03,1
pbesol,CdSe0.06Te0.94,As_i,Charged-1,1950,-.59598241E+03,-.59596323E+03,1
pbesol,CdSe0.06Te0.94,As_i,Charged-2,1951,-.59327507E+03,-.59325993E+03,1
pbesol,CdSe0.06Te0.94,As_i,Neutral,1949.0000,-.59865707E+03,-.59865707E+03,1
pbesol,CdSe0.06Te0.94,As_i+As_i,Charged+1,1953,-.60574248E+03,-.60574165E+03,1
pbesol,CdSe0.06Te0.94,As_i+As_i,Charged+2,1952,-.60865789E+03,-.60865789E+03,1
pbesol,CdSe0.06Te0.94,As_i+As_i,Charged-1,1955,-.60039763E+03,-.60038353E+03,1
pbesol,CdSe0.06Te0.94,As_i+As_i,Charged-2,1956,-.59760796E+03,-.59760796E+03,1
pbesol,CdSe0.06Te0.94,As_i+As_i,Neutral,1954.0000,-.60317062E+03,-.60317038E+03,1
pbesol,CdSe0.06Te0.94,As_i+Se_i,Charged+1,1954,-.60503988E+03,-.60503988E+03,1
pbesol,CdSe0.06Te0.94,As_i+Se_i,Charged+2,1953,-.60743799E+03,-.60741670E+03,1
pbesol,CdSe0.06Te0.94,As_i+Se_i,Charged-1,1956,-.59950204E+03,-.59950204E+03,1
pbesol,CdSe0.06Te0.94,As_i+Se_i,Charged-2,1957,-.59617068E+03,-.59617068E+03,1
pbesol,CdSe0.06Te0.94,As_i+Se_i,Neutral,1955.0000,-.60229573E+03,-.60228162E+03,1
pbesol,CdSe0.06Te0.94,As_i+Te_i,Charged+1,1954,-.60430666E+03,-.60430666E+03,1
pbesol,CdSe0.06Te0.94,As_i+Te_i,Charged+2,1953,-.60656108E+03,-.60656073E+03,1
pbesol,CdSe0.06Te0.94,As_i+Te_i,Charged-1,1956,-.59874052E+03,-.59874052E+03,1
pbesol,CdSe0.06Te0.94,As_i+Te_i,Charged-2,1957,-.58983738E+03,-.58983738E+03,1
pbesol,CdSe0.06Te0.94,As_i+Te_i,Neutral,1955.0000,-.60156653E+03,-.60155242E+03,1
pbesol,CdSe0.06Te0.94,Bi_Cd,Charged+1,1946,-.60053983E+03,-.60053983E+03,1
pbesol,CdSe0.06Te0.94,Bi_Cd,Charged+2,1945,-.60271426E+03,-.60268785E+03,1
pbesol,CdSe0.06Te0.94,Bi_Cd,Charged-1,1948,-.59499650E+03,-.59499650E+03,1
pbesol,CdSe0.06Te0.94,Bi_Cd,Charged-2,1949,-.59164801E+03,-.59164801E+03,1
pbesol,CdSe0.06Te0.94,Bi_Cd,Neutral,1947.0000,-.59779482E+03,-.59778072E+03,1
pbesol,CdSe0.06Te0.94,Bi_Cd+Bi_Se,Charged+1,1955,-.59876960E+03,-.59874558E+03,1
pbesol,CdSe0.06Te0.94,Bi_Cd+Bi_Se,Charged+2,1954,-.60102719E+03,-.60099133E+03,1
pbesol,CdSe0.06Te0.94,Bi_Cd+Bi_Se,Charged-1,1957,-.59365293E+03,-.59363883E+03,1
pbesol,CdSe0.06Te0.94,Bi_Cd+Bi_Se,Charged-2,1958,-.59081907E+03,-.59081907E+03,1
pbesol,CdSe0.06Te0.94,Bi_Cd+Bi_Se,Neutral,1956.0000,-.59643283E+03,-.59643283E+03,1
pbesol,CdSe0.06Te0.94,Bi_Cd+Bi_Te,Charged+1,1955,-.59940211E+03,-.59937880E+03,1
pbesol,CdSe0.06Te0.94,Bi_Cd+Bi_Te,Charged+2,1954,-.60163322E+03,-.60159696E+03,1
pbesol,CdSe0.06Te0.94,Bi_Cd+Bi_Te,Charged-1,1957,-.59434501E+03,-.59433090E+03,1
pbesol,CdSe0.06Te0.94,Bi_Cd+Bi_Te,Charged-2,1958,-.59154244E+03,-.59154244E+03,1
pbesol,CdSe0.06Te0.94,Bi_Cd+Bi_Te,Neutral,1956.0000,-.59709358E+03,-.59709358E+03,1
pbesol,CdSe0.06Te0.94,Bi_Cd+Bi_i,Charged+1,1961,-.60231812E+03,-.60231810E+03,1
pbesol,CdSe0.06Te0.94,Bi_Cd+Bi_i,Charged+2,1960,-.60536198E+03,-.60536198E+03,1
pbesol,CdSe0.06Te0.94,Bi_Cd+Bi_i,Charged-1,1963,-.59657451E+03,-.59657451E+03,1
pbesol,CdSe0.06Te0.94,Bi_Cd+Bi_i,Charged-2,1964,-.59352897E+03,-.59352897E+03,1
pbesol,CdSe0.06Te0.94,Bi_Cd+Bi_i,Neutral,1962.0000,-.59907135E+03,-.59907134E+03,1
pbesol,CdSe0.06Te0.94,Bi_Cd+Cl_Se,Charged+1,1947,-.59871771E+03,-.59870360E+03,1
pbesol,CdSe0.06Te0.94,Bi_Cd+Cl_Se,Charged+2,1946,-.60145086E+03,-.60145086E+03,1
pbesol,CdSe0.06Te0.94,Bi_Cd+Cl_Se,Charged-1,1949,-.59263262E+03,-.59263262E+03,1
pbesol,CdSe0.06Te0.94,Bi_Cd+Cl_Se,Charged-2,1950,-.58985872E+03,-.58985872E+03,1
pbesol,CdSe0.06Te0.94,Bi_Cd+Cl_Se,Neutral,1948.0000,-.59593152E+03,-.59593152E+03,1
pbesol,CdSe0.06Te0.94,Bi_Cd+Cl_Te,Charged+1,1947,-.59929208E+03,-.59927798E+03,1
pbesol,CdSe0.06Te0.94,Bi_Cd+Cl_Te,Charged+2,1946,-.60198581E+03,-.60198581E+03,1
pbesol,CdSe0.06Te0.94,Bi_Cd+Cl_Te,Charged-1,1949,-.59323642E+03,-.59323642E+03,1
pbesol,CdSe0.06Te0.94,Bi_Cd+Cl_Te,Charged-2,1950,-.59001882E+03,-.59001882E+03,1
pbesol,CdSe0.06Te0.94,Bi_Cd+Cl_Te,Neutral,1948.0000,-.59654604E+03,-.59654604E+03,1
pbesol,CdSe0.06Te0.94,Bi_Cd+Cl_i,Charged+1,1953,-.60201752E+03,-.60199108E+03,1
pbesol,CdSe0.06Te0.94,Bi_Cd+Cl_i,Charged+2,1952,-.60419229E+03,-.60415379E+03,1
pbesol,CdSe0.06Te0.94,Bi_Cd+Cl_i,Charged-1,1955,-.59703433E+03,-.59702023E+03,1
pbesol,CdSe0.06Te0.94,Bi_Cd+Cl_i,Charged-2,1956,-.59420600E+03,-.59420600E+03,1
pbesol,CdSe0.06Te0.94,Bi_Cd+Cl_i,Neutral,1954.0000,-.59980874E+03,-.59980874E+03,1
pbesol,CdSe0.06Te0.94,Bi_Cd+O_Se,Charged+1,1946,-.60198150E+03,-.60198150E+03,1
pbesol,CdSe0.06Te0.94,Bi_Cd+O_Se,Charged+2,1945,-.60413293E+03,-.60410658E+03,1
pbesol,CdSe0.06Te0.94,Bi_Cd+O_Se,Charged-1,1948,-.59665728E+03,-.59665728E+03,1
pbesol,CdSe0.06Te0.94,Bi_Cd+O_Se,Charged-2,1949,-.59331756E+03,-.59330391E+03,1
pbesol,CdSe0.06Te0.94,Bi_Cd+O_Se,Neutral,1947.0000,-.59934693E+03,-.59933283E+03,1
pbesol,CdSe0.06Te0.94,Bi_Cd+O_Te,Charged+1,1946,-.60255565E+03,-.60255565E+03,1
pbesol,CdSe0.06Te0.94,Bi_Cd+O_Te,Charged+2,1945,-.60468130E+03,-.60465505E+03,1
pbesol,CdSe0.06Te0.94,Bi_Cd+O_Te,Charged-1,1948,-.59735572E+03,-.59735572E+03,1
pbesol,CdSe0.06Te0.94,Bi_Cd+O_Te,Charged-2,1949,-.59399956E+03,-.59398546E+03,1
pbesol,CdSe0.06Te0.94,Bi_Cd+O_Te,Neutral,1947.0000,-.59998416E+03,-.59997005E+03,1
pbesol,CdSe0.06Te0.94,Bi_Cd+O_i,Charged+1,1952,-.60462277E+03,-.60458044E+03,1
pbesol,CdSe0.06Te0.94,Bi_Cd+O_i,Charged+2,1951,-.60676713E+03,-.60671876E+03,1
pbesol,CdSe0.06Te0.94,Bi_Cd+O_i,Charged-1,1954,-.60024088E+03,-.60024088E+03,1
pbesol,CdSe0.06Te0.94,Bi_Cd+O_i,Charged-2,1955,-.59748582E+03,-.59747172E+03,1
pbesol,CdSe0.06Te0.94,Bi_Cd+O_i,Neutral,1953.0000,-.60245315E+03,-.60242517E+03,1
pbesol,CdSe0.06Te0.94,Bi_Cd+Se_i,Charged+1,1952,-.60328829E+03,-.60328829E+03,1
pbesol,CdSe0.06Te0.94,Bi_Cd+Se_i,Charged+2,1951,-.60551393E+03,-.60549108E+03,1
pbesol,CdSe0.06Te0.94,Bi_Cd+Se_i,Charged-1,1954,-.59665207E+03,-.59663797E+03,1
pbesol,CdSe0.06Te0.94,Bi_Cd+Se_i,Charged-2,1955,-.59382014E+03,-.59381684E+03,1
pbesol,CdSe0.06Te0.94,Bi_Cd+Se_i,Neutral,1953.0000,-.59943219E+03,-.59943046E+03,1
pbesol,CdSe0.06Te0.94,Bi_Cd+Te_i,Charged+1,1952,-.60247620E+03,-.60247620E+03,1
pbesol,CdSe0.06Te0.94,Bi_Cd+Te_i,Charged+2,1951,-.60479835E+03,-.60478844E+03,1
pbesol,CdSe0.06Te0.94,Bi_Cd+Te_i,Charged-1,1954,-.59534508E+03,-.59534362E+03,1
pbesol,CdSe0.06Te0.94,Bi_Cd+Te_i,Charged-2,1955,-.59278315E+03,-.59278313E+03,1
pbesol,CdSe0.06Te0.94,Bi_Cd+Te_i,Neutral,1953.0000,-.59820518E+03,-.59819095E+03,1
pbesol,CdSe0.06Te0.94,Bi_Cd+V_Cd,Charged+1,1934,-.59725511E+03,-.59721786E+03,1
pbesol,CdSe0.06Te0.94,Bi_Cd+V_Cd,Charged+2,1933,-.59938155E+03,-.59934041E+03,1
pbesol,CdSe0.06Te0.94,Bi_Cd+V_Cd,Charged-1,1936,-.59291020E+03,-.59291020E+03,1
pbesol,CdSe0.06Te0.94,Bi_Cd+V_Cd,Charged-2,1937,-.59017060E+03,-.59015650E+03,1
pbesol,CdSe0.06Te0.94,Bi_Cd+V_Cd,Neutral,1935.0000,-.59510350E+03,-.59507821E+03,1
pbesol,CdSe0.06Te0.94,Bi_Cd+V_Se,Charged+1,1940,-.59406498E+03,-.59406498E+03,1
pbesol,CdSe0.06Te0.94,Bi_Cd+V_Se,Charged+2,1939,-.59620033E+03,-.59617417E+03,1
pbesol,CdSe0.06Te0.94,Bi_Cd+V_Se,Charged-1,1942,-.58845467E+03,-.58845467E+03,1
pbesol,CdSe0.06Te0.94,Bi_Cd+V_Se,Charged-2,1943,-.58512394E+03,-.58512389E+03,1
pbesol,CdSe0.06Te0.94,Bi_Cd+V_Se,Neutral,1941.0000,-.59128512E+03,-.59127101E+03,1
pbesol,CdSe0.06Te0.94,Bi_Cd+V_Te,Charged+1,1940,-.59467457E+03,-.59467457E+03,1
pbesol,CdSe0.06Te0.94,Bi_Cd+V_Te,Charged+2,1939,-.59678730E+03,-.59676162E+03,1
pbesol,CdSe0.06Te0.94,Bi_Cd+V_Te,Charged-1,1942,-.58907897E+03,-.58907897E+03,1
pbesol,CdSe0.06Te0.94,Bi_Cd+V_Te,Charged-2,1943,-.58591557E+03,-.58591557E+03,1
pbesol,CdSe0.06Te0.94,Bi_Cd+V_Te,Neutral,1941.0000,-.59190259E+03,-.59188849E+03,1
pbesol,CdSe0.06Te0.94,Bi_Se,Charged+1,1952,-.59633575E+03,-.59629881E+03,1
pbesol,CdSe0.06Te0.94,Bi_Se,Charged+2,1951,-.59852944E+03,-.59848736E+03,1
pbesol,CdSe0.06Te0.94,Bi_Se,Charged-1,1954,-.59178174E+03,-.59178174E+03,1
pbesol,CdSe0.06Te0.94,Bi_Se,Charged-2,1955,-.58907985E+03,-.58906575E+03,1
pbesol,CdSe0.06Te0.94,Bi_Se,Neutral,1953.0000,-.59409826E+03,-.59407195E+03,1
pbesol,CdSe0.06Te0.94,Bi_Se+Bi_i,Charged+1,1967,-.59927279E+03,-.59925868E+03,1
pbesol,CdSe0.06Te0.94,Bi_Se+Bi_i,Charged+2,1966,-.60202287E+03,-.60202287E+03,1
pbesol,CdSe0.06Te0.94,Bi_Se+Bi_i,Charged-1,1969,-.59350342E+03,-.59350338E+03,1
pbesol,CdSe0.06Te0.94,Bi_Se+Bi_i,Charged-2,1970,-.59032860E+03,-.59032859E+03,1
pbesol,CdSe0.06Te0.94,Bi_Se+Bi_i,Neutral,1968.0000,-.59646848E+03,-.59646848E+03,1
pbesol,CdSe0.06Te0.94,Bi_Se+Cl_Se,Charged+1,1953,-.59502739E+03,-.59500372E+03,1
pbesol,CdSe0.06Te0.94,Bi_Se+Cl_Se,Charged+2,1952,-.59726538E+03,-.59723306E+03,1
pbesol,CdSe0.06Te0.94,Bi_Se+Cl_Se,Charged-1,1955,-.59001103E+03,-.58999692E+03,1
pbesol,CdSe0.06Te0.94,Bi_Se+Cl_Se,Charged-2,1956,-.58727017E+03,-.58727017E+03,1
pbesol,CdSe0.06Te0.94,Bi_Se+Cl_Se,Neutral,1954.0000,-.59269876E+03,-.59269876E+03,1
pbesol,CdSe0.06Te0.94,Bi_Se+Cl_i,Charged+1,1959,-.59789437E+03,-.59785561E+03,1
pbesol,CdSe0.06Te0.94,Bi_Se+Cl_i,Charged+2,1958,-.60008402E+03,-.60004779E+03,1
pbesol,CdSe0.06Te0.94,Bi_Se+Cl_i,Charged-1,1961,-.59341486E+03,-.59339675E+03,1
pbesol,CdSe0.06Te0.94,Bi_Se+Cl_i,Charged-2,1962,-.59107079E+03,-.59107079E+03,1
pbesol,CdSe0.06Te0.94,Bi_Se+Cl_i,Neutral,1960.0000,-.59567492E+03,-.59564099E+03,1
pbesol,CdSe0.06Te0.94,Bi_Se+O_Se,Charged+1,1952,-.59772386E+03,-.59768705E+03,1
pbesol,CdSe0.06Te0.94,Bi_Se+O_Se,Charged+2,1951,-.59989254E+03,-.59985063E+03,1
pbesol,CdSe0.06Te0.94,Bi_Se+O_Se,Charged-1,1954,-.59321985E+03,-.59321985E+03,1
pbesol,CdSe0.06Te0.94,Bi_Se+O_Se,Charged-2,1955,-.59064548E+03,-.59063138E+03,1
pbesol,CdSe0.06Te0.94,Bi_Se+O_Se,Neutral,1953.0000,-.59551246E+03,-.59548646E+03,1
pbesol,CdSe0.06Te0.94,Bi_Se+O_i,Charged+1,1958,-.60166936E+03,-.60163792E+03,1
pbesol,CdSe0.06Te0.94,Bi_Se+O_i,Charged+2,1957,-.60387215E+03,-.60383341E+03,1
pbesol,CdSe0.06Te0.94,Bi_Se+O_i,Charged-1,1960,-.59708224E+03,-.59708224E+03,1
pbesol,CdSe0.06Te0.94,Bi_Se+O_i,Charged-2,1961,-.59436616E+03,-.59435206E+03,1
pbesol,CdSe0.06Te0.94,Bi_Se+O_i,Neutral,1959.0000,-.59942124E+03,-.59940667E+03,1
pbesol,CdSe0.06Te0.94,Bi_Te,Charged+1,1952,-.59695574E+03,-.59692777E+03,1
pbesol,CdSe0.06Te0.94,Bi_Te,Charged+2,1951,-.59912778E+03,-.59908930E+03,1
pbesol,CdSe0.06Te0.94,Bi_Te,Charged-1,1954,-.59242722E+03,-.59242722E+03,1
pbesol,CdSe0.06Te0.94,Bi_Te,Charged-2,1955,-.58976286E+03,-.58974875E+03,1
pbesol,CdSe0.06Te0.94,Bi_Te,Neutral,1953.0000,-.59473786E+03,-.59472617E+03,1
pbesol,CdSe0.06Te0.94,Bi_Te+Bi_i,Charged+1,1967,-.60084229E+03,-.60082818E+03,1
pbesol,CdSe0.06Te0.94,Bi_Te+Bi_i,Charged+2,1966,-.60356240E+03,-.60356240E+03,1
pbesol,CdSe0.06Te0.94,Bi_Te+Bi_i,Charged-1,1969,-.59489072E+03,-.59487173E+03,1
pbesol,CdSe0.06Te0.94,Bi_Te+Bi_i,Charged-2,1970,-.59209816E+03,-.59209816E+03,1
pbesol,CdSe0.06Te0.94,Bi_Te+Bi_i,Neutral,1968.0000,-.59806893E+03,-.59806893E+03,1
pbesol,CdSe0.06Te0.94,Bi_Te+Cl_Te,Charged+1,1953,-.59634536E+03,-.59632462E+03,1
pbesol,CdSe0.06Te0.94,Bi_Te+Cl_Te,Charged+2,1952,-.59849594E+03,-.59846522E+03,1
pbesol,CdSe0.06Te0.94,Bi_Te+Cl_Te,Charged-1,1955,-.59149510E+03,-.59148100E+03,1
pbesol,CdSe0.06Te0.94,Bi_Te+Cl_Te,Charged-2,1956,-.58881770E+03,-.58881770E+03,1
pbesol,CdSe0.06Te0.94,Bi_Te+Cl_Te,Neutral,1954.0000,-.59412002E+03,-.59412002E+03,1
pbesol,CdSe0.06Te0.94,Bi_Te+Cl_i,Charged+1,1959,-.60002875E+03,-.60002859E+03,1
pbesol,CdSe0.06Te0.94,Bi_Te+Cl_i,Charged+2,1958,-.60277969E+03,-.60277969E+03,1
pbesol,CdSe0.06Te0.94,Bi_Te+Cl_i,Charged-1,1961,-.59500970E+03,-.59499560E+03,1
pbesol,CdSe0.06Te0.94,Bi_Te+Cl_i,Charged-2,1962,-.59229133E+03,-.59229133E+03,1
pbesol,CdSe0.06Te0.94,Bi_Te+Cl_i,Neutral,1960.0000,-.59770359E+03,-.59770359E+03,1
pbesol,CdSe0.06Te0.94,Bi_Te+O_Te,Charged+1,1952,-.59904069E+03,-.59902311E+03,1
pbesol,CdSe0.06Te0.94,Bi_Te+O_Te,Charged+2,1951,-.60114756E+03,-.60112124E+03,1
pbesol,CdSe0.06Te0.94,Bi_Te+O_Te,Charged-1,1954,-.59457439E+03,-.59457435E+03,1
pbesol,CdSe0.06Te0.94,Bi_Te+O_Te,Charged-2,1955,-.59204522E+03,-.59203112E+03,1
pbesol,CdSe0.06Te0.94,Bi_Te+O_Te,Neutral,1953.0000,-.59686615E+03,-.59686462E+03,1
pbesol,CdSe0.06Te0.94,Bi_Te+O_i,Charged+1,1958,-.60360869E+03,-.60360869E+03,1
pbesol,CdSe0.06Te0.94,Bi_Te+O_i,Charged+2,1957,-.60603180E+03,-.60603062E+03,1
pbesol,CdSe0.06Te0.94,Bi_Te+O_i,Charged-1,1960,-.59834362E+03,-.59832934E+03,1
pbesol,CdSe0.06Te0.94,Bi_Te+O_i,Charged-2,1961,-.59560764E+03,-.59560764E+03,1
pbesol,CdSe0.06Te0.94,Bi_Te+O_i,Neutral,1959.0000,-.60103086E+03,-.60102331E+03,1
pbesol,CdSe0.06Te0.94,Bi_i,Charged+1,1958,-.60039878E+03,-.60039878E+03,1
pbesol,CdSe0.06Te0.94,Bi_i,Charged+2,1957,-.60316768E+03,-.60315358E+03,1
pbesol,CdSe0.06Te0.94,Bi_i,Charged-1,1960,-.59484793E+03,-.59482930E+03,1
pbesol,CdSe0.06Te0.94,Bi_i,Charged-2,1961,-.59100050E+03,-.59099986E+03,1
pbesol,CdSe0.06Te0.94,Bi_i,Neutral,1959.0000,-.59766964E+03,-.59765554E+03,1
pbesol,CdSe0.06Te0.94,Bi_i+Bi_i,Charged+1,1973,-.60405478E+03,-.60404067E+03,1
pbesol,CdSe0.06Te0.94,Bi_i+Bi_i,Charged+2,1972,-.60697687E+03,-.60697687E+03,1
pbesol,CdSe0.06Te0.94,Bi_i+Bi_i,Charged-1,1975,-.59781131E+03,-.59779692E+03,1
pbesol,CdSe0.06Te0.94,Bi_i+Bi_i,Charged-2,1976,-.59518455E+03,-.59518455E+03,1
pbesol,CdSe0.06Te0.94,Bi_i+Bi_i,Neutral,1974.0000,-.60124162E+03,-.60124162E+03,1
pbesol,CdSe0.06Te0.94,Bi_i+Se_i,Charged+1,1964,-.60419133E+03,-.60419133E+03,1
pbesol,CdSe0.06Te0.94,Bi_i+Se_i,Charged+2,1963,-.60662668E+03,-.60662668E+03,1
pbesol,CdSe0.06Te0.94,Bi_i+Se_i,Charged-1,1966,-.59861452E+03,-.59861451E+03,1
pbesol,CdSe0.06Te0.94,Bi_i+Se_i,Charged-2,1967,-.59565485E+03,-.59565485E+03,1
pbesol,CdSe0.06Te0.94,Bi_i+Se_i,Neutral,1965.0000,-.60142981E+03,-.60141570E+03,1
pbesol,CdSe0.06Te0.94,Bi_i+Te_i,Charged+1,1964,-.60325674E+03,-.60325674E+03,1
pbesol,CdSe0.06Te0.94,Bi_i+Te_i,Charged+2,1963,-.60559803E+03,-.60558392E+03,1
pbesol,CdSe0.06Te0.94,Bi_i+Te_i,Charged-1,1966,-.59763942E+03,-.59763942E+03,1
pbesol,CdSe0.06Te0.94,Bi_i+Te_i,Charged-2,1967,-.58876975E+03,-.58876974E+03,1
pbesol,CdSe0.06Te0.94,Bi_i+Te_i,Neutral,1965.0000,-.60048278E+03,-.60046868E+03,1
pbesol,CdSe0.06Te0.94,BULK,Bulk,,-.59591150E+03,-.59591150E+03,1
pbesol,CdSe0.06Te0.94,Cd_Se,Charged+1,1937,-.59869459E+03,-.59869411E+03,1
pbesol,CdSe0.06Te0.94,Cd_Se,Charged+2,1936,-.60090936E+03,-.60090936E+03,1
pbesol,CdSe0.06Te0.94,Cd_Se,Charged-1,1939,-.59383120E+03,-.59381709E+03,1
pbesol,CdSe0.06Te0.94,Cd_Se,Charged-2,1940,-.59106025E+03,-.59106025E+03,1
pbesol,CdSe0.06Te0.94,Cd_Se,Neutral,1938.0000,-.59601865E+03,-.59601865E+03,1
pbesol,CdSe0.06Te0.94,Cd_Se+Te_i,Charged+1,1943,-.60191094E+03,-.60191093E+03,1
pbesol,CdSe0.06Te0.94,Cd_Se+Te_i,Charged+2,1942,-.60447171E+03,-.60447171E+03,1
pbesol,CdSe0.06Te0.94,Cd_Se+Te_i,Charged-1,1945,-.59684659E+03,-.59683249E+03,1
pbesol,CdSe0.06Te0.94,Cd_Se+Te_i,Charged-2,1946,-.59404036E+03,-.59404036E+03,1
pbesol,CdSe0.06Te0.94,Cd_Se+Te_i,Neutral,1944.0000,-.59959925E+03,-.59959925E+03,1
pbesol,CdSe0.06Te0.94,Cd_Te,Charged+1,1937,-.59848030E+03,-.59848030E+03,1
pbesol,CdSe0.06Te0.94,Cd_Te,Charged+2,1936,-.60084921E+03,-.60084921E+03,1
pbesol,CdSe0.06Te0.94,Cd_Te,Charged-1,1939,-.59342127E+03,-.59340716E+03,1
pbesol,CdSe0.06Te0.94,Cd_Te,Charged-2,1940,-.59063147E+03,-.59063147E+03,1
pbesol,CdSe0.06Te0.94,Cd_Te,Neutral,1938.0000,-.59615742E+03,-.59615742E+03,1
pbesol,CdSe0.06Te0.94,Cd_Te+Se_i,Charged+1,1943,-.60170417E+03,-.60170417E+03,1
pbesol,CdSe0.06Te0.94,Cd_Te+Se_i,Charged+2,1942,-.60406907E+03,-.60406907E+03,1
pbesol,CdSe0.06Te0.94,Cd_Te+Se_i,Charged-1,1945,-.59617232E+03,-.59615821E+03,1
pbesol,CdSe0.06Te0.94,Cd_Te+Se_i,Charged-2,1946,-.59334135E+03,-.59334135E+03,1
pbesol,CdSe0.06Te0.94,Cd_Te+Se_i,Neutral,1944.0000,-.59895166E+03,-.59895166E+03,1
pbesol,CdSe0.06Te0.94,Cd_i,Charged+1,1955,-.59887066E+03,-.59885656E+03,1
pbesol,CdSe0.06Te0.94,Cd_i,Charged+2,1954,-.60153855E+03,-.60153855E+03,1
pbesol,CdSe0.06Te0.94,Cd_i,Charged-1,1957,-.59297476E+03,-.59296923E+03,1
pbesol,CdSe0.06Te0.94,Cd_i,Charged-2,1958,-.58976576E+03,-.58976576E+03,1
pbesol,CdSe0.06Te0.94,Cd_i,Neutral,1956.0000,-.59615022E+03,-.59615022E+03,1
pbesol,CdSe0.06Te0.94,Cl_Se,Charged+1,1944,-.59679804E+03,-.59679804E+03,1
pbesol,CdSe0.06Te0.94,Cl_Se,Charged+2,1943,-.59893417E+03,-.59890772E+03,1
pbesol,CdSe0.06Te0.94,Cl_Se,Charged-1,1946,-.59144476E+03,-.59144476E+03,1
pbesol,CdSe0.06Te0.94,Cl_Se,Charged-2,1947,-.58774619E+03,-.58773200E+03,1
pbesol,CdSe0.06Te0.94,Cl_Se,Neutral,1945.0000,-.59414719E+03,-.59413309E+03,1
pbesol,CdSe0.06Te0.94,Cl_Te,Charged+1,1944,-.59742370E+03,-.59742370E+03,1
pbesol,CdSe0.06Te0.94,Cl_Te,Charged+2,1943,-.59953508E+03,-.59950870E+03,1
pbesol,CdSe0.06Te0.94,Cl_Te,Charged-1,1946,-.59213408E+03,-.59213408E+03,1
pbesol,CdSe0.06Te0.94,Cl_Te,Charged-2,1947,-.58848537E+03,-.58847126E+03,1
pbesol,CdSe0.06Te0.94,Cl_Te,Neutral,1945.0000,-.59480512E+03,-.59479101E+03,1
pbesol,CdSe0.06Te0.94,Cu_Cd,Charged+1,1942,-.59990768E+03,-.59986965E+03,1
pbesol,CdSe0.06Te0.94,Cu_Cd,Charged+2,1941,-.60204078E+03,-.60199885E+03,1
pbesol,CdSe0.06Te0.94,Cu_Cd,Charged-1,1944,-.59551688E+03,-.59551688E+03,1
pbesol,CdSe0.06Te0.94,Cu_Cd,Charged-2,1945,-.59285206E+03,-.59283795E+03,1
pbesol,CdSe0.06Te0.94,Cu_Cd,Neutral,1943.0000,-.59774357E+03,-.59771771E+03,1
pbesol,CdSe0.06Te0.94,N_Se,Charged+1,1942,-.59939397E+03,-.59935542E+03,1
pbesol,CdSe0.06Te0.94,N_Se,Charged+2,1941,-.60147212E+03,-.60142982E+03,1
pbesol,CdSe0.06Te0.94,N_Se,Charged-1,1944,-.59516491E+03,-.59516491E+03,1
pbesol,CdSe0.06Te0.94,N_Se,Charged-2,1945,-.59255689E+03,-.59254279E+03,1
pbesol,CdSe0.06Te0.94,N_Se,Neutral,1943.0000,-.59729655E+03,-.59727006E+03,1
pbesol,CdSe0.06Te0.94,N_Se+Cl_Se,Charged+1,1943,-.59817462E+03,-.59814813E+03,1
pbesol,CdSe0.06Te0.94,N_Se+Cl_Se,Charged+2,1942,-.60026773E+03,-.60022919E+03,1
pbesol,CdSe0.06Te0.94,N_Se+Cl_Se,Charged-1,1945,-.59345227E+03,-.59343816E+03,1
pbesol,CdSe0.06Te0.94,N_Se+Cl_Se,Charged-2,1946,-.59080336E+03,-.59080336E+03,1
pbesol,CdSe0.06Te0.94,N_Se+Cl_Se,Neutral,1944.0000,-.59604800E+03,-.59604800E+03,1
pbesol,CdSe0.06Te0.94,N_Se+Cl_i,Charged+1,1949,-.60091523E+03,-.60087301E+03,1
pbesol,CdSe0.06Te0.94,N_Se+Cl_i,Charged+2,1948,-.60300276E+03,-.60296428E+03,1
pbesol,CdSe0.06Te0.94,N_Se+Cl_i,Charged-1,1951,-.59667994E+03,-.59665355E+03,1
pbesol,CdSe0.06Te0.94,N_Se+Cl_i,Charged-2,1952,-.59451793E+03,-.59451793E+03,1
pbesol,CdSe0.06Te0.94,N_Se+Cl_i,Neutral,1950.0000,-.59880829E+03,-.59876984E+03,1
pbesol,CdSe0.06Te0.94,N_Se+N_i,Charged+1,1947,-.60325274E+03,-.60321424E+03,1
pbesol,CdSe0.06Te0.94,N_Se+N_i,Charged+2,1946,-.60533762E+03,-.60529538E+03,1
pbesol,CdSe0.06Te0.94,N_Se+N_i,Charged-1,1949,-.59900839E+03,-.59900839E+03,1
pbesol,CdSe0.06Te0.94,N_Se+N_i,Charged-2,1950,-.59648305E+03,-.59648265E+03,1
pbesol,CdSe0.06Te0.94,N_Se+N_i,Neutral,1948.0000,-.60114720E+03,-.60112074E+03,1
pbesol,CdSe0.06Te0.94,N_Se+O_Se,Charged+1,1942,-.60073374E+03,-.60069518E+03,1
pbesol,CdSe0.06Te0.94,N_Se+O_Se,Charged+2,1941,-.60278642E+03,-.60274411E+03,1
pbesol,CdSe0.06Te0.94,N_Se+O_Se,Charged-1,1944,-.59655327E+03,-.59655327E+03,1
pbesol,CdSe0.06Te0.94,N_Se+O_Se,Charged-2,1945,-.59406506E+03,-.59405095E+03,1
pbesol,CdSe0.06Te0.94,N_Se+O_Se,Neutral,1943.0000,-.59866021E+03,-.59863371E+03,1
pbesol,CdSe0.06Te0.94,N_Se+O_i,Charged+1,1948,-.60475998E+03,-.60472262E+03,1
pbesol,CdSe0.06Te0.94,N_Se+O_i,Charged+2,1947,-.60684079E+03,-.60679982E+03,1
pbesol,CdSe0.06Te0.94,N_Se+O_i,Charged-1,1950,-.60052095E+03,-.60052095E+03,1
pbesol,CdSe0.06Te0.94,N_Se+O_i,Charged-2,1951,-.59789765E+03,-.59788354E+03,1
pbesol,CdSe0.06Te0.94,N_Se+O_i,Neutral,1949.0000,-.60265737E+03,-.60263169E+03,1
pbesol,CdSe0.06Te0.94,N_Te,Charged+1,1942,-.59998689E+03,-.59994838E+03,1
pbesol,CdSe0.06Te0.94,N_Te,Charged+2,1941,-.60203894E+03,-.60199669E+03,1
pbesol,CdSe0.06Te0.94,N_Te,Charged-1,1944,-.59580771E+03,-.59580771E+03,1
pbesol,CdSe0.06Te0.94,N_Te,Charged-2,1945,-.59322948E+03,-.59321537E+03,1
pbesol,CdSe0.06Te0.94,N_Te,Neutral,1943.0000,-.59791387E+03,-.59788741E+03,1
pbesol,CdSe0.06Te0.94,N_Te+Cl_Te,Charged+1,1943,-.59958955E+03,-.59956318E+03,1
pbesol,CdSe0.06Te0.94,N_Te+Cl_Te,Charged+2,1942,-.60162832E+03,-.60158994E+03,1
pbesol,CdSe0.06Te0.94,N_Te+Cl_Te,Charged-1,1945,-.59497884E+03,-.59496473E+03,1
pbesol,CdSe0.06Te0.94,N_Te+Cl_Te,Charged-2,1946,-.59238277E+03,-.59238277E+03,1
pbesol,CdSe0.06Te0.94,N_Te+Cl_Te,Neutral,1944.0000,-.59752071E+03,-.59752071E+03,1
pbesol,CdSe0.06Te0.94,N_Te+Cl_i,Charged+1,1949,-.60255368E+03,-.60252747E+03,1
pbesol,CdSe0.06Te0.94,N_Te+Cl_i,Charged+2,1948,-.60482729E+03,-.60482729E+03,1
pbesol,CdSe0.06Te0.94,N_Te+Cl_i,Charged-1,1951,-.59740451E+03,-.59739041E+03,1
pbesol,CdSe0.06Te0.94,N_Te+Cl_i,Charged-2,1952,-.59511506E+03,-.59511506E+03,1
pbesol,CdSe0.06Te0.94,N_Te+Cl_i,Neutral,1950.0000,-.60006468E+03,-.60006468E+03,1
pbesol,CdSe0.06Te0.94,N_Te+N_i,Charged+1,1947,-.60997075E+03,-.60995664E+03,1
pbesol,CdSe0.06Te0.94,N_Te+N_i,Charged+2,1946,-.61262030E+03,-.61262030E+03,1
pbesol,CdSe0.06Te0.94,N_Te+N_i,Charged-1,1949,-.60396803E+03,-.60396803E+03,1
pbesol,CdSe0.06Te0.94,N_Te+N_i,Charged-2,1950,-.60054834E+03,-.60054834E+03,1
pbesol,CdSe0.06Te0.94,N_Te+N_i,Neutral,1948.0000,-.60727904E+03,-.60727904E+03,1
pbesol,CdSe0.06Te0.94,N_Te+O_Te,Charged+1,1942,-.60172455E+03,-.60168615E+03,1
pbesol,CdSe0.06Te0.94,N_Te+O_Te,Charged+2,1941,-.60372656E+03,-.60368442E+03,1
pbesol,CdSe0.06Te0.94,N_Te+O_Te,Charged-1,1944,-.59764560E+03,-.59764560E+03,1
pbesol,CdSe0.06Te0.94,N_Te+O_Te,Charged-2,1945,-.59520883E+03,-.59519472E+03,1
pbesol,CdSe0.06Te0.94,N_Te+O_Te,Neutral,1943.0000,-.59969161E+03,-.59966522E+03,1
pbesol,CdSe0.06Te0.94,N_Te+O_i,Charged+1,1948,-.60662800E+03,-.60662800E+03,1
pbesol,CdSe0.06Te0.94,N_Te+O_i,Charged+2,1947,-.60872304E+03,-.60869678E+03,1
pbesol,CdSe0.06Te0.94,N_Te+O_i,Charged-1,1950,-.60150406E+03,-.60148997E+03,1
pbesol,CdSe0.06Te0.94,N_Te+O_i,Charged-2,1951,-.59881955E+03,-.59881955E+03,1
pbesol,CdSe0.06Te0.94,N_Te+O_i,Neutral,1949.0000,-.60413544E+03,-.60413543E+03,1
pbesol,CdSe0.06Te0.94,N_i,Charged+1,1948,-.60331004E+03,-.60330962E+03,1
pbesol,CdSe0.06Te0.94,N_i,Charged+2,1947,-.60517390E+03,-.60515850E+03,1
pbesol,CdSe0.06Te0.94,N_i,Charged-1,1950,-.59822613E+03,-.59821056E+03,1
pbesol,CdSe0.06Te0.94,N_i,Charged-2,1951,-.59561947E+03,-.59560484E+03,1
pbesol,CdSe0.06Te0.94,N_i,Neutral,1949.0000,-.60071632E+03,-.60071632E+03,1
pbesol,CdSe0.06Te0.94,N_i+N_i,Charged+1,1953,-.61336269E+03,-.61333620E+03,1
pbesol,CdSe0.06Te0.94,N_i+N_i,Charged+2,1952,-.61549572E+03,-.61545719E+03,1
pbesol,CdSe0.06Te0.94,N_i+N_i,Charged-1,1955,-.60377633E+03,-.60375766E+03,1
pbesol,CdSe0.06Te0.94,N_i+N_i,Charged-2,1956,-.60574782E+03,-.60574782E+03,1
pbesol,CdSe0.06Te0.94,N_i+N_i,Neutral,1954.0000,-.61120230E+03,-.61120230E+03,1
pbesol,CdSe0.06Te0.94,N_i+Se_i,Charged+1,1954,-.60490300E+03,-.60488378E+03,1
pbesol,CdSe0.06Te0.94,N_i+Se_i,Charged+2,1953,-.60705054E+03,-.60702456E+03,1
pbesol,CdSe0.06Te0.94,N_i+Se_i,Charged-1,1956,-.60036018E+03,-.60036018E+03,1
pbesol,CdSe0.06Te0.94,N_i+Se_i,Charged-2,1957,-.59783207E+03,-.59783168E+03,1
pbesol,CdSe0.06Te0.94,N_i+Se_i,Neutral,1955.0000,-.60272425E+03,-.60272425E+03,1
pbesol,CdSe0.06Te0.94,N_i+Te_i,Charged+1,1954,-.60665940E+03,-.60665940E+03,1
pbesol,CdSe0.06Te0.94,N_i+Te_i,Charged+2,1953,-.60893620E+03,-.60893540E+03,1
pbesol,CdSe0.06Te0.94,N_i+Te_i,Charged-1,1956,-.60097275E+03,-.60097275E+03,1
pbesol,CdSe0.06Te0.94,N_i+Te_i,Charged-2,1957,-.59197983E+03,-.59197983E+03,1
pbesol,CdSe0.06Te0.94,N_i+Te_i,Neutral,1955.0000,-.60376686E+03,-.60375275E+03,1
pbesol,CdSe0.06Te0.94,O_Se,Charged+1,1943,-.59941842E+03,-.59939195E+03,1
pbesol,CdSe0.06Te0.94,O_Se,Charged+2,1942,-.60150508E+03,-.60146655E+03,1
pbesol,CdSe0.06Te0.94,O_Se,Charged-1,1945,-.59476331E+03,-.59474920E+03,1
pbesol,CdSe0.06Te0.94,O_Se,Charged-2,1946,-.59217103E+03,-.59217103E+03,1
pbesol,CdSe0.06Te0.94,O_Se,Neutral,1944.0000,-.59729872E+03,-.59729872E+03,1
pbesol,CdSe0.06Te0.94,O_Te,Charged+1,1943,-.60001562E+03,-.59998925E+03,1
pbesol,CdSe0.06Te0.94,O_Te,Charged+2,1942,-.60207590E+03,-.60203750E+03,1
pbesol,CdSe0.06Te0.94,O_Te,Charged-1,1945,-.59540959E+03,-.59539549E+03,1
pbesol,CdSe0.06Te0.94,O_Te,Charged-2,1946,-.59284074E+03,-.59284074E+03,1
pbesol,CdSe0.06Te0.94,O_Te,Neutral,1944.0000,-.59792224E+03,-.59792224E+03,1
pbesol,CdSe0.06Te0.94,O_i+As_Se+O_i,Charged+1,1954,-.60832967E+03,-.60829198E+03,1
pbesol,CdSe0.06Te0.94,O_i+As_Se+O_i,Charged+2,1953,-.61046728E+03,-.61042585E+03,1
pbesol,CdSe0.06Te0.94,O_i+As_Se+O_i,Charged-1,1956,-.60396974E+03,-.60396974E+03,1
pbesol,CdSe0.06Te0.94,O_i+As_Se+O_i,Charged-2,1957,-.60122464E+03,-.60121053E+03,1
pbesol,CdSe0.06Te0.94,O_i+As_Se+O_i,Neutral,1955.0000,-.60616860E+03,-.60614274E+03,1
pbesol,CdSe0.06Te0.94,O_i+As_Te+O_i,Charged+1,1954,-.60864864E+03,-.60864864E+03,1
pbesol,CdSe0.06Te0.94,O_i+As_Te+O_i,Charged+2,1953,-.61079745E+03,-.61077386E+03,1
pbesol,CdSe0.06Te0.94,O_i+As_Te+O_i,Charged-1,1956,-.60428741E+03,-.60428741E+03,1
pbesol,CdSe0.06Te0.94,O_i+As_Te+O_i,Charged-2,1957,-.60028128E+03,-.60026247E+03,1
pbesol,CdSe0.06Te0.94,O_i+As_Te+O_i,Neutral,1955.0000,-.60597594E+03,-.60596184E+03,1
pbesol,CdSe0.06Te0.94,O_i+As_i+O_i,Charged+1,1960,-.61351142E+03,-.61351142E+03,1
pbesol,CdSe0.06Te0.94,O_i+As_i+O_i,Charged+2,1959,-.61569185E+03,-.61566623E+03,1
pbesol,CdSe0.06Te0.94,O_i+As_i+O_i,Charged-1,1962,-.60800412E+03,-.60800412E+03,1
pbesol,CdSe0.06Te0.94,O_i+As_i+O_i,Charged-2,1963,-.60547637E+03,-.60547630E+03,1
pbesol,CdSe0.06Te0.94,O_i+As_i+O_i,Neutral,1961.0000,-.61078441E+03,-.61077031E+03,1
pbesol,CdSe0.06Te0.94,O_i+Bi_Se+O_i,Charged+1,1964,-.60625458E+03,-.60622562E+03,1
pbesol,CdSe0.06Te0.94,O_i+Bi_Se+O_i,Charged+2,1963,-.60840509E+03,-.60838042E+03,1
pbesol,CdSe0.06Te0.94,O_i+Bi_Se+O_i,Charged-1,1966,-.60204969E+03,-.60204969E+03,1
pbesol,CdSe0.06Te0.94,O_i+Bi_Se+O_i,Charged-2,1967,-.59957545E+03,-.59957373E+03,1
pbesol,CdSe0.06Te0.94,O_i+Bi_Se+O_i,Neutral,1965.0000,-.60407897E+03,-.60405619E+03,1
pbesol,CdSe0.06Te0.94,O_i+Bi_Te+O_i,Charged+1,1964,-.60754258E+03,-.60754258E+03,1
pbesol,CdSe0.06Te0.94,O_i+Bi_Te+O_i,Charged+2,1963,-.60971282E+03,-.60969316E+03,1
pbesol,CdSe0.06Te0.94,O_i+Bi_Te+O_i,Charged-1,1966,-.60300916E+03,-.60300915E+03,1
pbesol,CdSe0.06Te0.94,O_i+Bi_Te+O_i,Charged-2,1967,-.59981239E+03,-.59980718E+03,1
pbesol,CdSe0.06Te0.94,O_i+Bi_Te+O_i,Neutral,1965.0000,-.60484653E+03,-.60483242E+03,1
pbesol,CdSe0.06Te0.94,O_i+Bi_i+O_i,Charged+1,1970,-.61336559E+03,-.61336559E+03,1
pbesol,CdSe0.06Te0.94,O_i+Bi_i+O_i,Charged+2,1969,-.61556753E+03,-.61554157E+03,1
pbesol,CdSe0.06Te0.94,O_i+Bi_i+O_i,Charged-1,1972,-.60779193E+03,-.60779193E+03,1
pbesol,CdSe0.06Te0.94,O_i+Bi_i+O_i,Charged-2,1973,-.60411035E+03,-.60411035E+03,1
pbesol,CdSe0.06Te0.94,O_i+Bi_i+O_i,Neutral,1971.0000,-.61060560E+03,-.61059150E+03,1
pbesol,CdSe0.06Te0.94,O_i+N_Se+O_i,Charged+1,1954,-.60895970E+03,-.60891852E+03,1
pbesol,CdSe0.06Te0.94,O_i+N_Se+O_i,Charged+2,1953,-.61102041E+03,-.61098729E+03,1
pbesol,CdSe0.06Te0.94,O_i+N_Se+O_i,Charged-1,1956,-.60477403E+03,-.60473578E+03,1
pbesol,CdSe0.06Te0.94,O_i+N_Se+O_i,Charged-2,1957,-.60264666E+03,-.60262089E+03,1
pbesol,CdSe0.06Te0.94,O_i+N_Se+O_i,Neutral,1955.0000,-.60687766E+03,-.60683456E+03,1
pbesol,CdSe0.06Te0.94,O_i+N_Te+O_i,Charged+1,1954,-.61208030E+03,-.61208030E+03,1
pbesol,CdSe0.06Te0.94,O_i+N_Te+O_i,Charged+2,1953,-.61429237E+03,-.61426799E+03,1
pbesol,CdSe0.06Te0.94,O_i+N_Te+O_i,Charged-1,1956,-.60496529E+03,-.60496113E+03,1
pbesol,CdSe0.06Te0.94,O_i+N_Te+O_i,Charged-2,1957,-.60306000E+03,-.60304589E+03,1
pbesol,CdSe0.06Te0.94,O_i+N_Te+O_i,Neutral,1955.0000,-.60957090E+03,-.60957090E+03,1
pbesol,CdSe0.06Te0.94,O_i+N_i+O_i,Charged+1,1960,-.61544607E+03,-.61544607E+03,1
pbesol,CdSe0.06Te0.94,O_i+N_i+O_i,Charged+2,1959,-.61760129E+03,-.61757544E+03,1
pbesol,CdSe0.06Te0.94,O_i+N_i+O_i,Charged-1,1962,-.61054712E+03,-.61052911E+03,1
pbesol,CdSe0.06Te0.94,O_i+N_i+O_i,Charged-2,1963,-.60782966E+03,-.60782966E+03,1
pbesol,CdSe0.06Te0.94,O_i+N_i+O_i,Neutral,1961.0000,-.61328505E+03,-.61326650E+03,1
pbesol,CdSe0.06Te0.94,O_i+P_Se+O_i,Charged+1,1954,-.60936235E+03,-.60936235E+03,1
pbesol,CdSe0.06Te0.94,O_i+P_Se+O_i,Charged+2,1953,-.61153639E+03,-.61151043E+03,1
pbesol,CdSe0.06Te0.94,O_i+P_Se+O_i,Charged-1,1956,-.60477435E+03,-.60477435E+03,1
pbesol,CdSe0.06Te0.94,O_i+P_Se+O_i,Charged-2,1957,-.60212910E+03,-.60211500E+03,1
pbesol,CdSe0.06Te0.94,O_i+P_Se+O_i,Neutral,1955.0000,-.60699344E+03,-.60698981E+03,1
pbesol,CdSe0.06Te0.94,O_i+P_Te+O_i,Charged+1,1954,-.61471481E+03,-.61471481E+03,1
pbesol,CdSe0.06Te0.94,O_i+P_Te+O_i,Charged+2,1953,-.61686069E+03,-.61683436E+03,1
pbesol,CdSe0.06Te0.94,O_i+P_Te+O_i,Charged-1,1956,-.60430429E+03,-.60430429E+03,1
pbesol,CdSe0.06Te0.94,O_i+P_Te+O_i,Charged-2,1957,-.60087232E+03,-.60085307E+03,1
pbesol,CdSe0.06Te0.94,O_i+P_Te+O_i,Neutral,1955.0000,-.60907068E+03,-.60907068E+03,1
pbesol,CdSe0.06Te0.94,O_i+P_i+O_i,Charged+1,1960,-.61485127E+03,-.61485127E+03,1
pbesol,CdSe0.06Te0.94,O_i+P_i+O_i,Charged+2,1959,-.61702999E+03,-.61700438E+03,1
pbesol,CdSe0.06Te0.94,O_i+P_i+O_i,Charged-1,1962,-.60934280E+03,-.60934280E+03,1
pbesol,CdSe0.06Te0.94,O_i+P_i+O_i,Charged-2,1963,-.60677221E+03,-.60677221E+03,1
pbesol,CdSe0.06Te0.94,O_i+P_i+O_i,Neutral,1961.0000,-.61212345E+03,-.61210935E+03,1
pbesol,CdSe0.06Te0.94,O_i+Sb_Se+O_i,Charged+1,1954,-.60764187E+03,-.60760478E+03,1
pbesol,CdSe0.06Te0.94,O_i+Sb_Se+O_i,Charged+2,1953,-.60981561E+03,-.60977476E+03,1
pbesol,CdSe0.06Te0.94,O_i+Sb_Se+O_i,Charged-1,1956,-.60317412E+03,-.60317412E+03,1
pbesol,CdSe0.06Te0.94,O_i+Sb_Se+O_i,Charged-2,1957,-.60043319E+03,-.60041909E+03,1
pbesol,CdSe0.06Te0.94,O_i+Sb_Se+O_i,Neutral,1955.0000,-.60543439E+03,-.60540888E+03,1
pbesol,CdSe0.06Te0.94,O_i+Sb_Te+O_i,Charged+1,1954,-.60810118E+03,-.60810118E+03,1
pbesol,CdSe0.06Te0.94,O_i+Sb_Te+O_i,Charged+2,1953,-.61026910E+03,-.61024555E+03,1
pbesol,CdSe0.06Te0.94,O_i+Sb_Te+O_i,Charged-1,1956,-.60361673E+03,-.60361673E+03,1
pbesol,CdSe0.06Te0.94,O_i+Sb_Te+O_i,Charged-2,1957,-.60093508E+03,-.60092097E+03,1
pbesol,CdSe0.06Te0.94,O_i+Sb_Te+O_i,Neutral,1955.0000,-.60540476E+03,-.60539065E+03,1
pbesol,CdSe0.06Te0.94,O_i+Sb_i+O_i,Charged+1,1960,-.61362640E+03,-.61362640E+03,1
pbesol,CdSe0.06Te0.94,O_i+Sb_i+O_i,Charged+2,1959,-.61582316E+03,-.61579715E+03,1
pbesol,CdSe0.06Te0.94,O_i+Sb_i+O_i,Charged-1,1962,-.60805775E+03,-.60805775E+03,1
pbesol,CdSe0.06Te0.94,O_i+Sb_i+O_i,Charged-2,1963,-.60462877E+03,-.60462877E+03,1
pbesol,CdSe0.06Te0.94,O_i+Sb_i+O_i,Neutral,1961.0000,-.61086866E+03,-.61085456E+03,1
pbesol,CdSe0.06Te0.94,P_Se,Charged+1,1942,-.55565159E+03,-.55565159E+03,1
pbesol,CdSe0.06Te0.94,P_Se,Charged+2,1941,-.55389234E+03,-.55387824E+03,1
pbesol,CdSe0.06Te0.94,P_Se,Charged-1,1944,-.54349891E+03,-.54349891E+03,1
pbesol,CdSe0.06Te0.94,P_Se,Charged-2,1945,-.54649317E+03,-.54647906E+03,1
pbesol,CdSe0.06Te0.94,P_Se,Neutral,1943.0000,-.59609283E+03,-.59606635E+03,1
pbesol,CdSe0.06Te0.94,P_Se+Cl_Se,Charged+1,1943,-.59697199E+03,-.59694554E+03,1
pbesol,CdSe0.06Te0.94,P_Se+Cl_Se,Charged+2,1942,-.59909806E+03,-.59905955E+03,1
pbesol,CdSe0.06Te0.94,P_Se+Cl_Se,Charged-1,1945,-.59214769E+03,-.59213359E+03,1
pbesol,CdSe0.06Te0.94,P_Se+Cl_Se,Charged-2,1946,-.58943176E+03,-.58943176E+03,1
pbesol,CdSe0.06Te0.94,P_Se+Cl_Se,Neutral,1944.0000,-.59481028E+03,-.59481028E+03,1
pbesol,CdSe0.06Te0.94,P_Se+Cl_i,Charged+1,1949,-.59972468E+03,-.59968272E+03,1
pbesol,CdSe0.06Te0.94,P_Se+Cl_i,Charged+2,1948,-.60184270E+03,-.60180440E+03,1
pbesol,CdSe0.06Te0.94,P_Se+Cl_i,Charged-1,1951,-.59542611E+03,-.59539996E+03,1
pbesol,CdSe0.06Te0.94,P_Se+Cl_i,Charged-2,1952,-.59323088E+03,-.59323088E+03,1
pbesol,CdSe0.06Te0.94,P_Se+Cl_i,Neutral,1950.0000,-.59758658E+03,-.59754840E+03,1
pbesol,CdSe0.06Te0.94,P_Se+O_Se,Charged+1,1942,-.59958154E+03,-.59954300E+03,1
pbesol,CdSe0.06Te0.94,P_Se+O_Se,Charged+2,1941,-.60166563E+03,-.60162334E+03,1
pbesol,CdSe0.06Te0.94,P_Se+O_Se,Charged-1,1944,-.59533545E+03,-.59533545E+03,1
pbesol,CdSe0.06Te0.94,P_Se+O_Se,Charged-2,1945,-.59278571E+03,-.59277160E+03,1
pbesol,CdSe0.06Te0.94,P_Se+O_Se,Neutral,1943.0000,-.59747566E+03,-.59744918E+03,1
pbesol,CdSe0.06Te0.94,P_Se+O_i,Charged+1,1948,-.60304770E+03,-.60304770E+03,1
pbesol,CdSe0.06Te0.94,P_Se+O_i,Charged+2,1947,-.60520115E+03,-.60517516E+03,1
pbesol,CdSe0.06Te0.94,P_Se+O_i,Charged-1,1950,-.59931050E+03,-.59931050E+03,1
pbesol,CdSe0.06Te0.94,P_Se+O_i,Charged-2,1951,-.59548098E+03,-.59548097E+03,1
pbesol,CdSe0.06Te0.94,P_Se+O_i,Neutral,1949.0000,-.60148158E+03,-.60145664E+03,1
pbesol,CdSe0.06Te0.94,P_Se+P_i,Charged+1,1947,-.60223164E+03,-.60223164E+03,1
pbesol,CdSe0.06Te0.94,P_Se+P_i,Charged+2,1946,-.60469534E+03,-.60469534E+03,1
pbesol,CdSe0.06Te0.94,P_Se+P_i,Charged-1,1949,-.59722923E+03,-.59721512E+03,1
pbesol,CdSe0.06Te0.94,P_Se+P_i,Charged-2,1950,-.59452576E+03,-.59450666E+03,1
pbesol,CdSe0.06Te0.94,P_Se+P_i,Neutral,1948.0000,-.59995561E+03,-.59995561E+03,1
pbesol,CdSe0.06Te0.94,P_Te,Charged+1,1942,-.59880460E+03,-.59876621E+03,1
pbesol,CdSe0.06Te0.94,P_Te,Charged+2,1941,-.60088913E+03,-.60084697E+03,1
pbesol,CdSe0.06Te0.94,P_Te,Charged-1,1944,-.59455642E+03,-.59455642E+03,1
pbesol,CdSe0.06Te0.94,P_Te,Charged-2,1945,-.59191494E+03,-.59190083E+03,1
pbesol,CdSe0.06Te0.94,P_Te,Neutral,1943.0000,-.59669801E+03,-.59667167E+03,1
pbesol,CdSe0.06Te0.94,P_Te+Cl_Te,Charged+1,1943,-.59832107E+03,-.59829500E+03,1
pbesol,CdSe0.06Te0.94,P_Te+Cl_Te,Charged+2,1942,-.60038838E+03,-.60035037E+03,1
pbesol,CdSe0.06Te0.94,P_Te+Cl_Te,Charged-1,1945,-.59361753E+03,-.59360342E+03,1
pbesol,CdSe0.06Te0.94,P_Te+Cl_Te,Charged-2,1946,-.59096270E+03,-.59096270E+03,1
pbesol,CdSe0.06Te0.94,P_Te+Cl_Te,Neutral,1944.0000,-.59621907E+03,-.59621907E+03,1
pbesol,CdSe0.06Te0.94,P_Te+Cl_i,Charged+1,1949,-.60030080E+03,-.60027471E+03,1
pbesol,CdSe0.06Te0.94,P_Te+Cl_i,Charged+2,1948,-.60241179E+03,-.60237383E+03,1
pbesol,CdSe0.06Te0.94,P_Te+Cl_i,Charged-1,1951,-.59607957E+03,-.59606547E+03,1
pbesol,CdSe0.06Te0.94,P_Te+Cl_i,Charged-2,1952,-.59300038E+03,-.59300038E+03,1
pbesol,CdSe0.06Te0.94,P_Te+Cl_i,Neutral,1950.0000,-.59815698E+03,-.59815698E+03,1
pbesol,CdSe0.06Te0.94,P_Te+O_Te,Charged+1,1942,-.60066955E+03,-.60063189E+03,1
pbesol,CdSe0.06Te0.94,P_Te+O_Te,Charged+2,1941,-.60270451E+03,-.60266311E+03,1
pbesol,CdSe0.06Te0.94,P_Te+O_Te,Charged-1,1944,-.59651904E+03,-.59651904E+03,1
pbesol,CdSe0.06Te0.94,P_Te+O_Te,Charged-2,1945,-.59402645E+03,-.59401235E+03,1
pbesol,CdSe0.06Te0.94,P_Te+O_Te,Neutral,1943.0000,-.59861199E+03,-.59858619E+03,1
pbesol,CdSe0.06Te0.94,P_Te+O_i,Charged+1,1948,-.60580064E+03,-.60579768E+03,1
pbesol,CdSe0.06Te0.94,P_Te+O_i,Charged+2,1947,-.60791907E+03,-.60789582E+03,1
pbesol,CdSe0.06Te0.94,P_Te+O_i,Charged-1,1950,-.60112232E+03,-.60112147E+03,1
pbesol,CdSe0.06Te0.94,P_Te+O_i,Charged-2,1951,-.59846882E+03,-.59845471E+03,1
pbesol,CdSe0.06Te0.94,P_Te+O_i,Neutral,1949.0000,-.60359695E+03,-.60359694E+03,1
pbesol,CdSe0.06Te0.94,P_Te+P_i,Charged+1,1947,-.60362475E+03,-.60362475E+03,1
pbesol,CdSe0.06Te0.94,P_Te+P_i,Charged+2,1946,-.60606351E+03,-.60606351E+03,1
pbesol,CdSe0.06Te0.94,P_Te+P_i,Charged-1,1949,-.59841425E+03,-.59840015E+03,1
pbesol,CdSe0.06Te0.94,P_Te+P_i,Charged-2,1950,-.59575007E+03,-.59574751E+03,1
pbesol,CdSe0.06Te0.94,P_Te+P_i,Neutral,1948.0000,-.60110976E+03,-.60110974E+03,1
pbesol,CdSe0.06Te0.94,P_i,Charged+1,1948,-.60186153E+03,-.60186153E+03,1
pbesol,CdSe0.06Te0.94,P_i,Charged+2,1947,-.60406236E+03,-.60406236E+03,1
pbesol,CdSe0.06Te0.94,P_i,Charged-1,1950,-.59655577E+03,-.59653710E+03,1
pbesol,CdSe0.06Te0.94,P_i,Charged-2,1951,-.59252602E+03,-.59252597E+03,1
pbesol,CdSe0.06Te0.94,P_i,Neutral,1949.0000,-.59914898E+03,-.59913488E+03,1
pbesol,CdSe0.06Te0.94,P_i+P_i,Charged+1,1953,-.60564538E+03,-.60564538E+03,1
pbesol,CdSe0.06Te0.94,P_i+P_i,Charged+2,1952,-.60806911E+03,-.60806911E+03,1
pbesol,CdSe0.06Te0.94,P_i+P_i,Charged-1,1955,-.60141917E+03,-.60140507E+03,1
pbesol,CdSe0.06Te0.94,P_i+P_i,Charged-2,1956,-.59740035E+03,-.59740035E+03,1
pbesol,CdSe0.06Te0.94,P_i+P_i,Neutral,1954.0000,-.60298904E+03,-.60298868E+03,1
pbesol,CdSe0.06Te0.94,P_i+Se_i,Charged+1,1954,-.60520059E+03,-.60520059E+03,1
pbesol,CdSe0.06Te0.94,P_i+Se_i,Charged+2,1953,-.60724434E+03,-.60724434E+03,1
pbesol,CdSe0.06Te0.94,P_i+Se_i,Charged-1,1956,-.60020240E+03,-.60020240E+03,1
pbesol,CdSe0.06Te0.94,P_i+Se_i,Charged-2,1957,-.59685625E+03,-.59685625E+03,1
pbesol,CdSe0.06Te0.94,P_i+Se_i,Neutral,1955.0000,-.60245331E+03,-.60243920E+03,1
pbesol,CdSe0.06Te0.94,P_i+Te_i,Charged+1,1954,-.60446179E+03,-.60446179E+03,1
pbesol,CdSe0.06Te0.94,P_i+Te_i,Charged+2,1953,-.60647779E+03,-.60647779E+03,1
pbesol,CdSe0.06Te0.94,P_i+Te_i,Charged-1,1956,-.59951565E+03,-.59951565E+03,1
pbesol,CdSe0.06Te0.94,P_i+Te_i,Charged-2,1957,-.59604117E+03,-.59604113E+03,1
pbesol,CdSe0.06Te0.94,P_i+Te_i,Neutral,1955.0000,-.60169100E+03,-.60167690E+03,1
pbesol,CdSe0.06Te0.94,Sb_Se,Charged+1,1942,-.59692157E+03,-.59688314E+03,1
pbesol,CdSe0.06Te0.94,Sb_Se,Charged+2,1941,-.59908494E+03,-.59904273E+03,1
pbesol,CdSe0.06Te0.94,Sb_Se,Charged-1,1944,-.59248084E+03,-.59248084E+03,1
pbesol,CdSe0.06Te0.94,Sb_Se,Charged-2,1945,-.58977725E+03,-.58976314E+03,1
pbesol,CdSe0.06Te0.94,Sb_Se,Neutral,1943.0000,-.59472760E+03,-.59470123E+03,1
pbesol,CdSe0.06Te0.94,Sb_Se+Cl_Se,Charged+1,1943,-.59563067E+03,-.59560457E+03,1
pbesol,CdSe0.06Te0.94,Sb_Se+Cl_Se,Charged+2,1942,-.59782303E+03,-.59778492E+03,1
pbesol,CdSe0.06Te0.94,Sb_Se+Cl_Se,Charged-1,1945,-.59069029E+03,-.59067618E+03,1
pbesol,CdSe0.06Te0.94,Sb_Se+Cl_Se,Charged-2,1946,-.58794731E+03,-.58794731E+03,1
pbesol,CdSe0.06Te0.94,Sb_Se+Cl_Se,Neutral,1944.0000,-.59338113E+03,-.59338113E+03,1
pbesol,CdSe0.06Te0.94,Sb_Se+Cl_i,Charged+1,1949,-.59898902E+03,-.59896510E+03,1
pbesol,CdSe0.06Te0.94,Sb_Se+Cl_i,Charged+2,1948,-.60117339E+03,-.60113798E+03,1
pbesol,CdSe0.06Te0.94,Sb_Se+Cl_i,Charged-1,1951,-.59402638E+03,-.59402120E+03,1
pbesol,CdSe0.06Te0.94,Sb_Se+Cl_i,Charged-2,1952,-.59109291E+03,-.59109291E+03,1
pbesol,CdSe0.06Te0.94,Sb_Se+Cl_i,Neutral,1950.0000,-.59675685E+03,-.59675685E+03,1
pbesol,CdSe0.06Te0.94,Sb_Se+O_Se,Charged+1,1942,-.59829593E+03,-.59825752E+03,1
pbesol,CdSe0.06Te0.94,Sb_Se+O_Se,Charged+2,1941,-.60043348E+03,-.60039129E+03,1
pbesol,CdSe0.06Te0.94,Sb_Se+O_Se,Charged-1,1944,-.59390569E+03,-.59390569E+03,1
pbesol,CdSe0.06Te0.94,Sb_Se+O_Se,Charged-2,1945,-.59132954E+03,-.59131544E+03,1
pbesol,CdSe0.06Te0.94,Sb_Se+O_Se,Neutral,1943.0000,-.59612748E+03,-.59610113E+03,1
pbesol,CdSe0.06Te0.94,Sb_Se+O_i,Charged+1,1948,-.60160355E+03,-.60160355E+03,1
pbesol,CdSe0.06Te0.94,Sb_Se+O_i,Charged+2,1947,-.60380407E+03,-.60378101E+03,1
pbesol,CdSe0.06Te0.94,Sb_Se+O_i,Charged-1,1950,-.59783787E+03,-.59783787E+03,1
pbesol,CdSe0.06Te0.94,Sb_Se+O_i,Charged-2,1951,-.59512427E+03,-.59511016E+03,1
pbesol,CdSe0.06Te0.94,Sb_Se+O_i,Neutral,1949.0000,-.60008236E+03,-.60005867E+03,1
pbesol,CdSe0.06Te0.94,Sb_Se+Sb_i,Charged+1,1947,-.59987530E+03,-.59986120E+03,1
pbesol,CdSe0.06Te0.94,Sb_Se+Sb_i,Charged+2,1946,-.60263211E+03,-.60263211E+03,1
pbesol,CdSe0.06Te0.94,Sb_Se+Sb_i,Charged-1,1949,-.59444876E+03,-.59443465E+03,1
pbesol,CdSe0.06Te0.94,Sb_Se+Sb_i,Charged-2,1950,-.59166436E+03,-.59164787E+03,1
pbesol,CdSe0.06Te0.94,Sb_Se+Sb_i,Neutral,1948.0000,-.59706569E+03,-.59706569E+03,1
pbesol,CdSe0.06Te0.94,Sb_Te,Charged+1,1942,-.59752821E+03,-.59749301E+03,1
pbesol,CdSe0.06Te0.94,Sb_Te,Charged+2,1941,-.59966652E+03,-.59962715E+03,1
pbesol,CdSe0.06Te0.94,Sb_Te,Charged-1,1944,-.59312523E+03,-.59312523E+03,1
pbesol,CdSe0.06Te0.94,Sb_Te,Charged-2,1945,-.59045718E+03,-.59044307E+03,1
pbesol,CdSe0.06Te0.94,Sb_Te,Neutral,1943.0000,-.59535711E+03,-.59533334E+03,1
pbesol,CdSe0.06Te0.94,Sb_Te+Cl_Te,Charged+1,1943,-.59694576E+03,-.59692282E+03,1
pbesol,CdSe0.06Te0.94,Sb_Te+Cl_Te,Charged+2,1942,-.59906265E+03,-.59902822E+03,1
pbesol,CdSe0.06Te0.94,Sb_Te+Cl_Te,Charged-1,1945,-.59215468E+03,-.59214057E+03,1
pbesol,CdSe0.06Te0.94,Sb_Te+Cl_Te,Charged-2,1946,-.58947791E+03,-.58947791E+03,1
pbesol,CdSe0.06Te0.94,Sb_Te+Cl_Te,Neutral,1944.0000,-.59478034E+03,-.59478034E+03,1
pbesol,CdSe0.06Te0.94,Sb_Te+Cl_i,Charged+1,1949,-.60041519E+03,-.60039174E+03,1
pbesol,CdSe0.06Te0.94,Sb_Te+Cl_i,Charged+2,1948,-.60257388E+03,-.60254027E+03,1
pbesol,CdSe0.06Te0.94,Sb_Te+Cl_i,Charged-1,1951,-.59551610E+03,-.59550199E+03,1
pbesol,CdSe0.06Te0.94,Sb_Te+Cl_i,Charged-2,1952,-.59276674E+03,-.59276674E+03,1
pbesol,CdSe0.06Te0.94,Sb_Te+Cl_i,Neutral,1950.0000,-.59821062E+03,-.59821062E+03,1
pbesol,CdSe0.06Te0.94,Sb_Te+O_Te,Charged+1,1942,-.59949791E+03,-.59946640E+03,1
pbesol,CdSe0.06Te0.94,Sb_Te+O_Te,Charged+2,1941,-.60158397E+03,-.60154869E+03,1
pbesol,CdSe0.06Te0.94,Sb_Te+O_Te,Charged-1,1944,-.59518519E+03,-.59518519E+03,1
pbesol,CdSe0.06Te0.94,Sb_Te+O_Te,Charged-2,1945,-.59266150E+03,-.59264740E+03,1
pbesol,CdSe0.06Te0.94,Sb_Te+O_Te,Neutral,1943.0000,-.59737567E+03,-.59735380E+03,1
pbesol,CdSe0.06Te0.94,Sb_Te+O_i,Charged+1,1948,-.60437673E+03,-.60437673E+03,1
pbesol,CdSe0.06Te0.94,Sb_Te+O_i,Charged+2,1947,-.60619381E+03,-.60617053E+03,1
pbesol,CdSe0.06Te0.94,Sb_Te+O_i,Charged-1,1950,-.59894073E+03,-.59893382E+03,1
pbesol,CdSe0.06Te0.94,Sb_Te+O_i,Charged-2,1951,-.59625728E+03,-.59624309E+03,1
pbesol,CdSe0.06Te0.94,Sb_Te+O_i,Neutral,1949.0000,-.60163866E+03,-.60163844E+03,1
pbesol,CdSe0.06Te0.94,Sb_Te+Sb_i,Charged+1,1947,-.60131777E+03,-.60130366E+03,1
pbesol,CdSe0.06Te0.94,Sb_Te+Sb_i,Charged+2,1946,-.60403342E+03,-.60403342E+03,1
pbesol,CdSe0.06Te0.94,Sb_Te+Sb_i,Charged-1,1949,-.59560815E+03,-.59560815E+03,1
pbesol,CdSe0.06Te0.94,Sb_Te+Sb_i,Charged-2,1950,-.59277787E+03,-.59277787E+03,1
pbesol,CdSe0.06Te0.94,Sb_Te+Sb_i,Neutral,1948.0000,-.59854777E+03,-.59854777E+03,1
pbesol,CdSe0.06Te0.94,Sb_i,Charged+1,1948,-.60042374E+03,-.60042374E+03,1
pbesol,CdSe0.06Te0.94,Sb_i,Charged+2,1947,-.60318577E+03,-.60317166E+03,1
pbesol,CdSe0.06Te0.94,Sb_i,Charged-1,1950,-.59516738E+03,-.59515326E+03,1
pbesol,CdSe0.06Te0.94,Sb_i,Charged-2,1951,-.59239673E+03,-.59239597E+03,1
pbesol,CdSe0.06Te0.94,Sb_i,Neutral,1949.0000,-.59799258E+03,-.59797848E+03,1
pbesol,CdSe0.06Te0.94,Sb_i+Sb_i,Charged+1,1953,-.60319991E+03,-.60318580E+03,1
pbesol,CdSe0.06Te0.94,Sb_i+Sb_i,Charged+2,1952,-.60640972E+03,-.60640972E+03,1
pbesol,CdSe0.06Te0.94,Sb_i+Sb_i,Charged-1,1955,-.59769221E+03,-.59769217E+03,1
pbesol,CdSe0.06Te0.94,Sb_i+Sb_i,Charged-2,1956,-.59597564E+03,-.59597564E+03,1
pbesol,CdSe0.06Te0.94,Sb_i+Sb_i,Neutral,1954.0000,-.60131622E+03,-.60131622E+03,1
pbesol,CdSe0.06Te0.94,Sb_i+Se_i,Charged+1,1954,-.60352152E+03,-.60352152E+03,1
pbesol,CdSe0.06Te0.94,Sb_i+Se_i,Charged+2,1953,-.60630361E+03,-.60628950E+03,1
pbesol,CdSe0.06Te0.94,Sb_i+Se_i,Charged-1,1956,-.59873476E+03,-.59873476E+03,1
pbesol,CdSe0.06Te0.94,Sb_i+Se_i,Charged-2,1957,-.59591952E+03,-.59591952E+03,1
pbesol,CdSe0.06Te0.94,Sb_i+Se_i,Neutral,1955.0000,-.60120505E+03,-.60119095E+03,1
pbesol,CdSe0.06Te0.94,Sb_i+Te_i,Charged+1,1954,-.60282092E+03,-.60282091E+03,1
pbesol,CdSe0.06Te0.94,Sb_i+Te_i,Charged+2,1953,-.60553065E+03,-.60551655E+03,1
pbesol,CdSe0.06Te0.94,Sb_i+Te_i,Charged-1,1956,-.59795396E+03,-.59795396E+03,1
pbesol,CdSe0.06Te0.94,Sb_i+Te_i,Charged-2,1957,-.59478143E+03,-.59478094E+03,1
pbesol,CdSe0.06Te0.94,Sb_i+Te_i,Neutral,1955.0000,-.60054497E+03,-.60053087E+03,1
pbesol,CdSe0.06Te0.94,Se_Cd,Charged+1,1949,-.59312471E+03,-.59311061E+03,1
pbesol,CdSe0.06Te0.94,Se_Cd,Charged+2,1948,-.59583928E+03,-.59583928E+03,1
pbesol,CdSe0.06Te0.94,Se_Cd,Charged-1,1951,-.58733580E+03,-.58733579E+03,1
pbesol,CdSe0.06Te0.94,Se_Cd,Charged-2,1952,-.58426050E+03,-.58426050E+03,1
pbesol,CdSe0.06Te0.94,Se_Cd,Neutral,1950.0000,-.59035713E+03,-.59035713E+03,1
pbesol,CdSe0.06Te0.94,Se_Cd+Cd_i,Charged+1,1961,-.59299968E+03,-.59299595E+03,1
pbesol,CdSe0.06Te0.94,Se_Cd+Cd_i,Charged+2,1960,-.59593871E+03,-.59593871E+03,1
pbesol,CdSe0.06Te0.94,Se_Cd+Cd_i,Charged-1,1963,-.58728916E+03,-.58727505E+03,1
pbesol,CdSe0.06Te0.94,Se_Cd+Cd_i,Charged-2,1964,-.58429009E+03,-.58429009E+03,1
pbesol,CdSe0.06Te0.94,Se_Cd+Cd_i,Neutral,1962.0000,-.59033653E+03,-.59033653E+03,1
pbesol,CdSe0.06Te0.94,Se_Te,Charged+1,1943,-.59745315E+03,-.59742667E+03,1
pbesol,CdSe0.06Te0.94,Se_Te,Charged+2,1942,-.59958800E+03,-.59954946E+03,1
pbesol,CdSe0.06Te0.94,Se_Te,Charged-1,1945,-.59258681E+03,-.59257270E+03,1
pbesol,CdSe0.06Te0.94,Se_Te,Charged-2,1946,-.58983423E+03,-.58983423E+03,1
pbesol,CdSe0.06Te0.94,Se_Te,Neutral,1944.0000,-.59528644E+03,-.59528644E+03,1
pbesol,CdSe0.06Te0.94,Se_i,Charged+1,1949,-.60061300E+03,-.60061084E+03,1
pbesol,CdSe0.06Te0.94,Se_i,Charged+2,1948,-.60290506E+03,-.60290506E+03,1
pbesol,CdSe0.06Te0.94,Se_i,Charged-1,1951,-.59576667E+03,-.59575256E+03,1
pbesol,CdSe0.06Te0.94,Se_i,Charged-2,1952,-.59303283E+03,-.59303283E+03,1
pbesol,CdSe0.06Te0.94,Se_i,Neutral,1950.0000,-.59844800E+03,-.59844800E+03,1
pbesol,CdSe0.06Te0.94,Te_Cd,Charged+1,1949,-.59375903E+03,-.59374493E+03,1
pbesol,CdSe0.06Te0.94,Te_Cd,Charged+2,1948,-.59643327E+03,-.59643327E+03,1
pbesol,CdSe0.06Te0.94,Te_Cd,Charged-1,1951,-.58810262E+03,-.58810262E+03,1
pbesol,CdSe0.06Te0.94,Te_Cd,Charged-2,1952,-.58503023E+03,-.58503002E+03,1
pbesol,CdSe0.06Te0.94,Te_Cd,Neutral,1950.0000,-.59106351E+03,-.59106351E+03,1
pbesol,CdSe0.06Te0.94,Te_Cd+Cd_i,Charged+1,1961,-.59439970E+03,-.59438559E+03,1
pbesol,CdSe0.06Te0.94,Te_Cd+Cd_i,Charged+2,1960,-.59707114E+03,-.59707114E+03,1
pbesol,CdSe0.06Te0.94,Te_Cd+Cd_i,Charged-1,1963,-.58867887E+03,-.58867882E+03,1
pbesol,CdSe0.06Te0.94,Te_Cd+Cd_i,Charged-2,1964,-.58617431E+03,-.58617431E+03,1
pbesol,CdSe0.06Te0.94,Te_Cd+Cd_i,Neutral,1962.0000,-.59167653E+03,-.59167653E+03,1
pbesol,CdSe0.06Te0.94,Te_Se,Charged+1,1943,-.59864627E+03,-.59861985E+03,1
pbesol,CdSe0.06Te0.94,Te_Se,Charged+2,1942,-.60073209E+03,-.60069362E+03,1
pbesol,CdSe0.06Te0.94,Te_Se,Charged-1,1945,-.59389949E+03,-.59388539E+03,1
pbesol,CdSe0.06Te0.94,Te_Se,Charged-2,1946,-.59121775E+03,-.59121775E+03,1
pbesol,CdSe0.06Te0.94,Te_Se,Neutral,1944.0000,-.59652751E+03,-.59652751E+03,1
pbesol,CdSe0.06Te0.94,Te_i,Charged+1,1949,-.60004065E+03,-.60003987E+03,1
pbesol,CdSe0.06Te0.94,Te_i,Charged+2,1948,-.60233449E+03,-.60233449E+03,1
pbesol,CdSe0.06Te0.94,Te_i,Charged-1,1951,-.59511980E+03,-.59510569E+03,1
pbesol,CdSe0.06Te0.94,Te_i,Charged-2,1952,-.59235032E+03,-.59235032E+03,1
pbesol,CdSe0.06Te0.94,Te_i,Neutral,1950.0000,-.59773385E+03,-.59773385E+03,1
pbesol,CdSe0.06Te0.94,V_Cd,Charged+1,1931,-.59440924E+03,-.59436863E+03,1
pbesol,CdSe0.06Te0.94,V_Cd,Charged+2,1930,-.59648433E+03,-.59644708E+03,1
pbesol,CdSe0.06Te0.94,V_Cd,Charged-1,1933,-.59018780E+03,-.59016306E+03,1
pbesol,CdSe0.06Te0.94,V_Cd,Charged-2,1934,-.58801725E+03,-.58801725E+03,1
pbesol,CdSe0.06Te0.94,V_Cd,Neutral,1932.0000,-.59231148E+03,-.59227485E+03,1
pbesol,CdSe0.06Te0.94,V_Cd+Cd_Se,Charged+1,1925,-.59568761E+03,-.59566272E+03,1
pbesol,CdSe0.06Te0.94,V_Cd+Cd_Se,Charged+2,1924,-.59780133E+03,-.59776490E+03,1
pbesol,CdSe0.06Te0.94,V_Cd+Cd_Se,Charged-1,1927,-.59121840E+03,-.59121840E+03,1
pbesol,CdSe0.06Te0.94,V_Cd+Cd_Se,Charged-2,1928,-.58894558E+03,-.58894558E+03,1
pbesol,CdSe0.06Te0.94,V_Cd+Cd_Se,Neutral,1926.0000,-.59353617E+03,-.59353617E+03,1
pbesol,CdSe0.06Te0.94,V_Cd+Cd_Te,Charged+1,1925,-.59561505E+03,-.59558979E+03,1
pbesol,CdSe0.06Te0.94,V_Cd+Cd_Te,Charged+2,1924,-.59774980E+03,-.59771285E+03,1
pbesol,CdSe0.06Te0.94,V_Cd+Cd_Te,Charged-1,1927,-.59094577E+03,-.59094577E+03,1
pbesol,CdSe0.06Te0.94,V_Cd+Cd_Te,Charged-2,1928,-.58847853E+03,-.58847852E+03,1
pbesol,CdSe0.06Te0.94,V_Cd+Cd_Te,Neutral,1926.0000,-.59344326E+03,-.59344326E+03,1
pbesol,CdSe0.06Te0.94,V_Cd+Se_Cd,Charged+1,1937,-.59024526E+03,-.59022151E+03,1
pbesol,CdSe0.06Te0.94,V_Cd+Se_Cd,Charged+2,1936,-.59236057E+03,-.59232584E+03,1
pbesol,CdSe0.06Te0.94,V_Cd+Se_Cd,Charged-1,1939,-.58537455E+03,-.58536044E+03,1
pbesol,CdSe0.06Te0.94,V_Cd+Se_Cd,Charged-2,1940,-.58261380E+03,-.58261380E+03,1
pbesol,CdSe0.06Te0.94,V_Cd+Se_Cd,Neutral,1938.0000,-.58808285E+03,-.58808285E+03,1
pbesol,CdSe0.06Te0.94,V_Cd+Se_i,Charged+1,1937,-.59820758E+03,-.59818289E+03,1
pbesol,CdSe0.06Te0.94,V_Cd+Se_i,Charged+2,1936,-.60033011E+03,-.60029389E+03,1
pbesol,CdSe0.06Te0.94,V_Cd+Se_i,Charged-1,1939,-.59342909E+03,-.59342907E+03,1
pbesol,CdSe0.06Te0.94,V_Cd+Se_i,Charged-2,1940,-.59074875E+03,-.59074407E+03,1
pbesol,CdSe0.06Te0.94,V_Cd+Se_i,Neutral,1938.0000,-.59604927E+03,-.59604927E+03,1
pbesol,CdSe0.06Te0.94,V_Cd+Te_Cd,Charged+1,1937,-.59105397E+03,-.59102900E+03,1
pbesol,CdSe0.06Te0.94,V_Cd+Te_Cd,Charged+2,1936,-.59312983E+03,-.59309283E+03,1
pbesol,CdSe0.06Te0.94,V_Cd+Te_Cd,Charged-1,1939,-.58626265E+03,-.58624854E+03,1
pbesol,CdSe0.06Te0.94,V_Cd+Te_Cd,Charged-2,1940,-.58353447E+03,-.58353447E+03,1
pbesol,CdSe0.06Te0.94,V_Cd+Te_Cd,Neutral,1938.0000,-.58893729E+03,-.58893729E+03,1
pbesol,CdSe0.06Te0.94,V_Se,Charged+1,1937,-.59222570E+03,-.59221159E+03,1
pbesol,CdSe0.06Te0.94,V_Se,Charged+2,1936,-.59487621E+03,-.59487621E+03,1
pbesol,CdSe0.06Te0.94,V_Se,Charged-1,1939,-.58653823E+03,-.58652412E+03,1
pbesol,CdSe0.06Te0.94,V_Se,Charged-2,1940,-.58374484E+03,-.58374484E+03,1
pbesol,CdSe0.06Te0.94,V_Se,Neutral,1938.0000,-.58928040E+03,-.58928040E+03,1
pbesol,CdSe0.06Te0.94,V_Se+Cd_Se,Charged+1,1931,-.59290143E+03,-.59288733E+03,1
pbesol,CdSe0.06Te0.94,V_Se+Cd_Se,Charged+2,1930,-.59559973E+03,-.59559973E+03,1
pbesol,CdSe0.06Te0.94,V_Se+Cd_Se,Charged-1,1933,-.58748551E+03,-.58747141E+03,1
pbesol,CdSe0.06Te0.94,V_Se+Cd_Se,Charged-2,1934,-.58467212E+03,-.58467212E+03,1
pbesol,CdSe0.06Te0.94,V_Se+Cd_Se,Neutral,1932.0000,-.59025193E+03,-.59025193E+03,1
pbesol,CdSe0.06Te0.94,V_Te,Charged+1,1937,-.59287595E+03,-.59286185E+03,1
pbesol,CdSe0.06Te0.94,V_Te,Charged+2,1936,-.59548883E+03,-.59548883E+03,1
pbesol,CdSe0.06Te0.94,V_Te,Charged-1,1939,-.58743921E+03,-.58742511E+03,1
pbesol,CdSe0.06Te0.94,V_Te,Charged-2,1940,-.58469422E+03,-.58469422E+03,1
pbesol,CdSe0.06Te0.94,V_Te,Neutral,1938.0000,-.59020922E+03,-.59020922E+03,1
pbesol,CdSe0.06Te0.94,V_Te+Cd_Te,Charged+1,1931,-.59315182E+03,-.59313771E+03,1
pbesol,CdSe0.06Te0.94,V_Te+Cd_Te,Charged+2,1930,-.59518094E+03,-.59518094E+03,1
pbesol,CdSe0.06Te0.94,V_Te+Cd_Te,Charged-1,1933,-.58770129E+03,-.58770129E+03,1
pbesol,CdSe0.06Te0.94,V_Te+Cd_Te,Charged-2,1934,-.58500228E+03,-.58499907E+03,1
pbesol,CdSe0.06Te0.94,V_Te+Cd_Te,Neutral,1932.0000,-.59046434E+03,-.59046434E+03,1
pbesol,CdSe0.06Te0.94,V_Te+Te_i,Charged+1,1943,-.59805488E+03,-.59802840E+03,1
pbesol,CdSe0.06Te0.94,V_Te+Te_i,Charged+2,1942,-.60016585E+03,-.60012731E+03,1
pbesol,CdSe0.06Te0.94,V_Te+Te_i,Charged-1,1945,-.59324922E+03,-.59323512E+03,1
pbesol,CdSe0.06Te0.94,V_Te+Te_i,Charged-2,1946,-.59053263E+03,-.59053263E+03,1
pbesol,CdSe0.06Te0.94,V_Te+Te_i,Neutral,1944.0000,-.59591205E+03,-.59591205E+03,1
pbesol,CdSe0.12Te0.88,As_Se,Charged+1,1952,-.60130862E+03,-.60127037E+03,1
pbesol,CdSe0.12Te0.88,As_Se,Charged+2,1951,-.60337209E+03,-.60333005E+03,1
pbesol,CdSe0.12Te0.88,As_Se,Charged-1,1954,-.59709399E+03,-.59709399E+03,1
pbesol,CdSe0.12Te0.88,As_Se,Charged-2,1955,-.59450631E+03,-.59449220E+03,1
pbesol,CdSe0.12Te0.88,As_Se,Neutral,1953.0000,-.59922155E+03,-.59919535E+03,1
pbesol,CdSe0.12Te0.88,As_Se+As_i,Charged+1,1967,-.60561803E+03,-.60561803E+03,1
pbesol,CdSe0.12Te0.88,As_Se+As_i,Charged+2,1966,-.60822578E+03,-.60822578E+03,1
pbesol,CdSe0.12Te0.88,As_Se+As_i,Charged-1,1969,-.60044813E+03,-.60043403E+03,1
pbesol,CdSe0.12Te0.88,As_Se+As_i,Charged-2,1970,-.59773768E+03,-.59773768E+03,1
pbesol,CdSe0.12Te0.88,As_Se+As_i,Neutral,1968.0000,-.60309899E+03,-.60309865E+03,1
pbesol,CdSe0.12Te0.88,As_Se+Cl_Se,Charged+1,1953,-.60010900E+03,-.60008359E+03,1
pbesol,CdSe0.12Te0.88,As_Se+Cl_Se,Charged+2,1952,-.60218918E+03,-.60215186E+03,1
pbesol,CdSe0.12Te0.88,As_Se+Cl_Se,Charged-1,1955,-.59541042E+03,-.59539632E+03,1
pbesol,CdSe0.12Te0.88,As_Se+Cl_Se,Charged-2,1956,-.59277762E+03,-.59277762E+03,1
pbesol,CdSe0.12Te0.88,As_Se+Cl_Se,Neutral,1954.0000,-.59798844E+03,-.59798844E+03,1
pbesol,CdSe0.12Te0.88,As_Se+Cl_i,Charged+1,1959,-.60414543E+03,-.60412031E+03,1
pbesol,CdSe0.12Te0.88,As_Se+Cl_i,Charged+2,1958,-.60622649E+03,-.60619002E+03,1
pbesol,CdSe0.12Te0.88,As_Se+Cl_i,Charged-1,1961,-.59940419E+03,-.59939009E+03,1
pbesol,CdSe0.12Te0.88,As_Se+Cl_i,Charged-2,1962,-.59672836E+03,-.59672836E+03,1
pbesol,CdSe0.12Te0.88,As_Se+Cl_i,Neutral,1960.0000,-.60202428E+03,-.60202428E+03,1
pbesol,CdSe0.12Te0.88,As_Se+O_Se,Charged+1,1952,-.60272286E+03,-.60268532E+03,1
pbesol,CdSe0.12Te0.88,As_Se+O_Se,Charged+2,1951,-.60476011E+03,-.60471861E+03,1
pbesol,CdSe0.12Te0.88,As_Se+O_Se,Charged-1,1954,-.59855580E+03,-.59855580E+03,1
pbesol,CdSe0.12Te0.88,As_Se+O_Se,Charged-2,1955,-.59608055E+03,-.59606644E+03,1
pbesol,CdSe0.12Te0.88,As_Se+O_Se,Neutral,1953.0000,-.60065988E+03,-.60063428E+03,1
pbesol,CdSe0.12Te0.88,As_Se+O_i,Charged+1,1958,-.60677273E+03,-.60677273E+03,1
pbesol,CdSe0.12Te0.88,As_Se+O_i,Charged+2,1957,-.60889143E+03,-.60887146E+03,1
pbesol,CdSe0.12Te0.88,As_Se+O_i,Charged-1,1960,-.60302694E+03,-.60302441E+03,1
pbesol,CdSe0.12Te0.88,As_Se+O_i,Charged-2,1961,-.60041495E+03,-.60040084E+03,1
pbesol,CdSe0.12Te0.88,As_Se+O_i,Neutral,1959.0000,-.60556529E+03,-.60556529E+03,1
pbesol,CdSe0.12Te0.88,As_Te,Charged+1,1952,-.60189793E+03,-.60185949E+03,1
pbesol,CdSe0.12Te0.88,As_Te,Charged+2,1951,-.60393246E+03,-.60389024E+03,1
pbesol,CdSe0.12Te0.88,As_Te,Charged-1,1954,-.59774563E+03,-.59774563E+03,1
pbesol,CdSe0.12Te0.88,As_Te,Charged-2,1955,-.59518413E+03,-.59517002E+03,1
pbesol,CdSe0.12Te0.88,As_Te,Neutral,1943.0000,-.59984021E+03,-.59981386E+03,1
pbesol,CdSe0.12Te0.88,As_Te+As_i,Charged+1,1967,-.60613286E+03,-.60613286E+03,1
pbesol,CdSe0.12Te0.88,As_Te+As_i,Charged+2,1966,-.60867513E+03,-.60867513E+03,1
pbesol,CdSe0.12Te0.88,As_Te+As_i,Charged-1,1969,-.60102304E+03,-.60100893E+03,1
pbesol,CdSe0.12Te0.88,As_Te+As_i,Charged-2,1970,-.59834922E+03,-.59834922E+03,1
pbesol,CdSe0.12Te0.88,As_Te+As_i,Neutral,1968.0000,-.60364067E+03,-.60364025E+03,1
pbesol,CdSe0.12Te0.88,As_Te+Cl_Te,Charged+1,1953,-.60142944E+03,-.60140328E+03,1
pbesol,CdSe0.12Te0.88,As_Te+Cl_Te,Charged+2,1952,-.60343511E+03,-.60339696E+03,1
pbesol,CdSe0.12Te0.88,As_Te+Cl_Te,Charged-1,1955,-.59687097E+03,-.59685687E+03,1
pbesol,CdSe0.12Te0.88,As_Te+Cl_Te,Charged-2,1956,-.59430092E+03,-.59430092E+03,1
pbesol,CdSe0.12Te0.88,As_Te+Cl_Te,Neutral,1954.0000,-.59938856E+03,-.59938856E+03,1
pbesol,CdSe0.12Te0.88,As_Te+Cl_i,Charged+1,1959,-.60482003E+03,-.60479473E+03,1
pbesol,CdSe0.12Te0.88,As_Te+Cl_i,Charged+2,1958,-.60687341E+03,-.60683653E+03,1
pbesol,CdSe0.12Te0.88,As_Te+Cl_i,Charged-1,1961,-.60013984E+03,-.60012574E+03,1
pbesol,CdSe0.12Te0.88,As_Te+Cl_i,Charged-2,1962,-.59749453E+03,-.59749453E+03,1
pbesol,CdSe0.12Te0.88,As_Te+Cl_i,Neutral,1960.0000,-.60273142E+03,-.60273142E+03,1
pbesol,CdSe0.12Te0.88,As_Te+O_Te,Charged+1,1952,-.60383424E+03,-.60379732E+03,1
pbesol,CdSe0.12Te0.88,As_Te+O_Te,Charged+2,1951,-.60581056E+03,-.60576984E+03,1
pbesol,CdSe0.12Te0.88,As_Te+O_Te,Charged-1,1954,-.59979406E+03,-.59979406E+03,1
pbesol,CdSe0.12Te0.88,As_Te+O_Te,Charged-2,1955,-.59737432E+03,-.59736021E+03,1
pbesol,CdSe0.12Te0.88,As_Te+O_Te,Neutral,1953.0000,-.60183383E+03,-.60180881E+03,1
pbesol,CdSe0.12Te0.88,As_Te+O_i,Charged+1,1958,-.60836913E+03,-.60836452E+03,1
pbesol,CdSe0.12Te0.88,As_Te+O_i,Charged+2,1957,-.61043159E+03,-.61040598E+03,1
pbesol,CdSe0.12Te0.88,As_Te+O_i,Charged-1,1960,-.60368348E+03,-.60368250E+03,1
pbesol,CdSe0.12Te0.88,As_Te+O_i,Charged-2,1961,-.60110600E+03,-.60109190E+03,1
pbesol,CdSe0.12Te0.88,As_Te+O_i,Neutral,1959.0000,-.60615900E+03,-.60615900E+03,1
pbesol,CdSe0.12Te0.88,As_i,Charged+1,1958,-.60519560E+03,-.60519560E+03,1
pbesol,CdSe0.12Te0.88,As_i,Charged+2,1957,-.60747234E+03,-.60747234E+03,1
pbesol,CdSe0.12Te0.88,As_i,Charged-1,1960,-.59991791E+03,-.59991791E+03,1
pbesol,CdSe0.12Te0.88,As_i,Charged-2,1961,-.59719792E+03,-.59718780E+03,1
pbesol,CdSe0.12Te0.88,As_i,Neutral,1959.0000,-.60256743E+03,-.60255333E+03,1
pbesol,CdSe0.12Te0.88,As_i+As_i,Charged+1,1973,-.60956547E+03,-.60956475E+03,1
pbesol,CdSe0.12Te0.88,As_i+As_i,Charged+2,1972,-.61202543E+03,-.61202543E+03,1
pbesol,CdSe0.12Te0.88,As_i+As_i,Charged-1,1975,-.60445799E+03,-.60445779E+03,1
pbesol,CdSe0.12Te0.88,As_i+As_i,Charged-2,1976,-.60161247E+03,-.60161247E+03,1
pbesol,CdSe0.12Te0.88,As_i+As_i,Neutral,1974.0000,-.60710185E+03,-.60710120E+03,1
pbesol,CdSe0.12Te0.88,As_i+Se_i,Charged+1,1964,-.60881906E+03,-.60881906E+03,1
pbesol,CdSe0.12Te0.88,As_i+Se_i,Charged+2,1963,-.61096563E+03,-.61094084E+03,1
pbesol,CdSe0.12Te0.88,As_i+Se_i,Charged-1,1966,-.60346124E+03,-.60345120E+03,1
pbesol,CdSe0.12Te0.88,As_i+Se_i,Charged-2,1967,-.60073557E+03,-.60073557E+03,1
pbesol,CdSe0.12Te0.88,As_i+Se_i,Neutral,1965.0000,-.60618343E+03,-.60616932E+03,1
pbesol,CdSe0.12Te0.88,As_i+Te_i,Charged+1,1964,-.60815758E+03,-.60815758E+03,1
pbesol,CdSe0.12Te0.88,As_i+Te_i,Charged+2,1963,-.61035639E+03,-.61034986E+03,1
pbesol,CdSe0.12Te0.88,As_i+Te_i,Charged-1,1966,-.60308064E+03,-.60308064E+03,1
pbesol,CdSe0.12Te0.88,As_i+Te_i,Charged-2,1967,-.59942545E+03,-.59942544E+03,1
pbesol,CdSe0.12Te0.88,As_i+Te_i,Neutral,1965.0000,-.60556569E+03,-.60555158E+03,1
pbesol,CdSe0.12Te0.88,Bi_Cd,Charged+1,1946,-.60428465E+03,-.60428465E+03,1
pbesol,CdSe0.12Te0.88,Bi_Cd,Charged+2,1945,-.60640347E+03,-.60637702E+03,1
pbesol,CdSe0.12Te0.88,Bi_Cd,Charged-1,1948,-.59888532E+03,-.59888532E+03,1
pbesol,CdSe0.12Te0.88,Bi_Cd,Charged-2,1949,-.59556111E+03,-.59556111E+03,1
pbesol,CdSe0.12Te0.88,Bi_Cd,Neutral,1947.0000,-.60161164E+03,-.60159754E+03,1
pbesol,CdSe0.12Te0.88,Bi_Cd+Bi_Se,Charged+1,1955,-.60251426E+03,-.60249140E+03,1
pbesol,CdSe0.12Te0.88,Bi_Cd+Bi_Se,Charged+2,1954,-.60472793E+03,-.60469448E+03,1
pbesol,CdSe0.12Te0.88,Bi_Cd+Bi_Se,Charged-1,1957,-.59750875E+03,-.59749464E+03,1
pbesol,CdSe0.12Te0.88,Bi_Cd+Bi_Se,Charged-2,1958,-.59474880E+03,-.59474880E+03,1
pbesol,CdSe0.12Te0.88,Bi_Cd+Bi_Se,Neutral,1956.0000,-.60021473E+03,-.60021473E+03,1
pbesol,CdSe0.12Te0.88,Bi_Cd+Bi_Te,Charged+1,1955,-.60362010E+03,-.60359558E+03,1
pbesol,CdSe0.12Te0.88,Bi_Cd+Bi_Te,Charged+2,1954,-.60573918E+03,-.60570286E+03,1
pbesol,CdSe0.12Te0.88,Bi_Cd+Bi_Te,Charged-1,1957,-.59877271E+03,-.59875861E+03,1
pbesol,CdSe0.12Te0.88,Bi_Cd+Bi_Te,Charged-2,1958,-.59603313E+03,-.59603313E+03,1
pbesol,CdSe0.12Te0.88,Bi_Cd+Bi_Te,Neutral,1956.0000,-.60145885E+03,-.60145885E+03,1
pbesol,CdSe0.12Te0.88,Bi_Cd+Bi_i,Charged+1,1961,-.60612903E+03,-.60612890E+03,1
pbesol,CdSe0.12Te0.88,Bi_Cd+Bi_i,Charged+2,1960,-.60905210E+03,-.60905210E+03,1
pbesol,CdSe0.12Te0.88,Bi_Cd+Bi_i,Charged-1,1963,-.60118516E+03,-.60117106E+03,1
pbesol,CdSe0.12Te0.88,Bi_Cd+Bi_i,Charged-2,1964,-.59841602E+03,-.59841602E+03,1
pbesol,CdSe0.12Te0.88,Bi_Cd+Bi_i,Neutral,1962.0000,-.60299412E+03,-.60299402E+03,1
pbesol,CdSe0.12Te0.88,Bi_Cd+Cl_Se,Charged+1,1947,-.60248938E+03,-.60247528E+03,1
pbesol,CdSe0.12Te0.88,Bi_Cd+Cl_Se,Charged+2,1946,-.60515120E+03,-.60515120E+03,1
pbesol,CdSe0.12Te0.88,Bi_Cd+Cl_Se,Charged-1,1949,-.59658290E+03,-.59658290E+03,1
pbesol,CdSe0.12Te0.88,Bi_Cd+Cl_Se,Charged-2,1950,-.59381823E+03,-.59381823E+03,1
pbesol,CdSe0.12Te0.88,Bi_Cd+Cl_Se,Neutral,1948.0000,-.59977516E+03,-.59977516E+03,1
pbesol,CdSe0.12Te0.88,Bi_Cd+Cl_Te,Charged+1,1947,-.60330656E+03,-.60329246E+03,1
pbesol,CdSe0.12Te0.88,Bi_Cd+Cl_Te,Charged+2,1946,-.60592176E+03,-.60592176E+03,1
pbesol,CdSe0.12Te0.88,Bi_Cd+Cl_Te,Charged-1,1949,-.59766258E+03,-.59766258E+03,1
pbesol,CdSe0.12Te0.88,Bi_Cd+Cl_Te,Charged-2,1950,-.59451250E+03,-.59451250E+03,1
pbesol,CdSe0.12Te0.88,Bi_Cd+Cl_Te,Neutral,1948.0000,-.60063795E+03,-.60063795E+03,1
pbesol,CdSe0.12Te0.88,Bi_Cd+Cl_i,Charged+1,1953,-.60588969E+03,-.60586336E+03,1
pbesol,CdSe0.12Te0.88,Bi_Cd+Cl_i,Charged+2,1952,-.60800177E+03,-.60796343E+03,1
pbesol,CdSe0.12Te0.88,Bi_Cd+Cl_i,Charged-1,1955,-.60104080E+03,-.60102670E+03,1
pbesol,CdSe0.12Te0.88,Bi_Cd+Cl_i,Charged-2,1956,-.59828434E+03,-.59828434E+03,1
pbesol,CdSe0.12Te0.88,Bi_Cd+Cl_i,Neutral,1954.0000,-.60374362E+03,-.60374362E+03,1
pbesol,CdSe0.12Te0.88,Bi_Cd+O_Se,Charged+1,1946,-.60574846E+03,-.60574846E+03,1
pbesol,CdSe0.12Te0.88,Bi_Cd+O_Se,Charged+2,1945,-.60784211E+03,-.60781573E+03,1
pbesol,CdSe0.12Te0.88,Bi_Cd+O_Se,Charged-1,1948,-.60055428E+03,-.60055428E+03,1
pbesol,CdSe0.12Te0.88,Bi_Cd+O_Se,Charged-2,1949,-.59728499E+03,-.59727088E+03,1
pbesol,CdSe0.12Te0.88,Bi_Cd+O_Se,Neutral,1947.0000,-.60317868E+03,-.60316457E+03,1
pbesol,CdSe0.12Te0.88,Bi_Cd+O_Te,Charged+1,1946,-.60665639E+03,-.60665639E+03,1
pbesol,CdSe0.12Te0.88,Bi_Cd+O_Te,Charged+2,1945,-.60873182E+03,-.60870546E+03,1
pbesol,CdSe0.12Te0.88,Bi_Cd+O_Te,Charged-1,1948,-.60143076E+03,-.60143076E+03,1
pbesol,CdSe0.12Te0.88,Bi_Cd+O_Te,Charged-2,1949,-.59840584E+03,-.59840584E+03,1
pbesol,CdSe0.12Te0.88,Bi_Cd+O_Te,Neutral,1947.0000,-.60407052E+03,-.60405642E+03,1
pbesol,CdSe0.12Te0.88,Bi_Cd+O_i,Charged+1,1952,-.60847236E+03,-.60843404E+03,1
pbesol,CdSe0.12Te0.88,Bi_Cd+O_i,Charged+2,1951,-.61055239E+03,-.61050972E+03,1
pbesol,CdSe0.12Te0.88,Bi_Cd+O_i,Charged-1,1954,-.60423120E+03,-.60423120E+03,1
pbesol,CdSe0.12Te0.88,Bi_Cd+O_i,Charged-2,1955,-.60154167E+03,-.60152757E+03,1
pbesol,CdSe0.12Te0.88,Bi_Cd+O_i,Neutral,1953.0000,-.60636982E+03,-.60634380E+03,1
pbesol,CdSe0.12Te0.88,Bi_Cd+Se_i,Charged+1,1952,-.60710711E+03,-.60710711E+03,1
pbesol,CdSe0.12Te0.88,Bi_Cd+Se_i,Charged+2,1951,-.60925880E+03,-.60923246E+03,1
pbesol,CdSe0.12Te0.88,Bi_Cd+Se_i,Charged-1,1954,-.60164827E+03,-.60164827E+03,1
pbesol,CdSe0.12Te0.88,Bi_Cd+Se_i,Charged-2,1955,-.59852837E+03,-.59852795E+03,1
pbesol,CdSe0.12Te0.88,Bi_Cd+Se_i,Neutral,1953.0000,-.60440137E+03,-.60438727E+03,1
pbesol,CdSe0.12Te0.88,Bi_Cd+Te_i,Charged+1,1952,-.60631062E+03,-.60631062E+03,1
pbesol,CdSe0.12Te0.88,Bi_Cd+Te_i,Charged+2,1951,-.60850656E+03,-.60848492E+03,1
pbesol,CdSe0.12Te0.88,Bi_Cd+Te_i,Charged-1,1954,-.60081485E+03,-.60081485E+03,1
pbesol,CdSe0.12Te0.88,Bi_Cd+Te_i,Charged-2,1955,-.59769349E+03,-.59769330E+03,1
pbesol,CdSe0.12Te0.88,Bi_Cd+Te_i,Neutral,1953.0000,-.60358894E+03,-.60357483E+03,1
pbesol,CdSe0.12Te0.88,Bi_Cd+V_Cd,Charged+1,1934,-.60079492E+03,-.60075827E+03,1
pbesol,CdSe0.12Te0.88,Bi_Cd+V_Cd,Charged+2,1933,-.60287075E+03,-.60283007E+03,1
pbesol,CdSe0.12Te0.88,Bi_Cd+V_Cd,Charged-1,1936,-.59654027E+03,-.59654027E+03,1
pbesol,CdSe0.12Te0.88,Bi_Cd+V_Cd,Charged-2,1937,-.59386318E+03,-.59384908E+03,1
pbesol,CdSe0.12Te0.88,Bi_Cd+V_Cd,Neutral,1935.0000,-.59869182E+03,-.59866732E+03,1
pbesol,CdSe0.12Te0.88,Bi_Cd+V_Se,Charged+1,1940,-.59784232E+03,-.59784232E+03,1
pbesol,CdSe0.12Te0.88,Bi_Cd+V_Se,Charged+2,1939,-.59991797E+03,-.59989198E+03,1
pbesol,CdSe0.12Te0.88,Bi_Cd+V_Se,Charged-1,1942,-.59237490E+03,-.59237490E+03,1
pbesol,CdSe0.12Te0.88,Bi_Cd+V_Se,Charged-2,1943,-.58912554E+03,-.58912554E+03,1
pbesol,CdSe0.12Te0.88,Bi_Cd+V_Se,Neutral,1941.0000,-.59513433E+03,-.59512023E+03,1
pbesol,CdSe0.12Te0.88,Bi_Cd+V_Te,Charged+1,1940,-.59878079E+03,-.59878079E+03,1
pbesol,CdSe0.12Te0.88,Bi_Cd+V_Te,Charged+2,1939,-.60085658E+03,-.60083199E+03,1
pbesol,CdSe0.12Te0.88,Bi_Cd+V_Te,Charged-1,1942,-.59354531E+03,-.59354531E+03,1
pbesol,CdSe0.12Te0.88,Bi_Cd+V_Te,Charged-2,1943,-.59097203E+03,-.59095792E+03,1
pbesol,CdSe0.12Te0.88,Bi_Cd+V_Te,Neutral,1941.0000,-.59619031E+03,-.59617621E+03,1
pbesol,CdSe0.12Te0.88,Bi_Se,Charged+1,1952,-.60007114E+03,-.60004901E+03,1
pbesol,CdSe0.12Te0.88,Bi_Se,Charged+2,1951,-.60221156E+03,-.60217677E+03,1
pbesol,CdSe0.12Te0.88,Bi_Se,Charged-1,1954,-.59556780E+03,-.59556780E+03,1
pbesol,CdSe0.12Te0.88,Bi_Se,Charged-2,1955,-.59294994E+03,-.59293583E+03,1
pbesol,CdSe0.12Te0.88,Bi_Se,Neutral,1953.0000,-.59787919E+03,-.59787415E+03,1
pbesol,CdSe0.12Te0.88,Bi_Se+Bi_i,Charged+1,1967,-.60397172E+03,-.60395762E+03,1
pbesol,CdSe0.12Te0.88,Bi_Se+Bi_i,Charged+2,1966,-.60664812E+03,-.60664812E+03,1
pbesol,CdSe0.12Te0.88,Bi_Se+Bi_i,Charged-1,1969,-.59813799E+03,-.59813799E+03,1
pbesol,CdSe0.12Te0.88,Bi_Se+Bi_i,Charged-2,1970,-.59513215E+03,-.59513215E+03,1
pbesol,CdSe0.12Te0.88,Bi_Se+Bi_i,Neutral,1968.0000,-.60124210E+03,-.60124210E+03,1
pbesol,CdSe0.12Te0.88,Bi_Se+Cl_Se,Charged+1,1953,-.59878030E+03,-.59876200E+03,1
pbesol,CdSe0.12Te0.88,Bi_Se+Cl_Se,Charged+2,1952,-.60096890E+03,-.60094340E+03,1
pbesol,CdSe0.12Te0.88,Bi_Se+Cl_Se,Charged-1,1955,-.59388765E+03,-.59387355E+03,1
pbesol,CdSe0.12Te0.88,Bi_Se+Cl_Se,Charged-2,1956,-.59122536E+03,-.59122536E+03,1
pbesol,CdSe0.12Te0.88,Bi_Se+Cl_Se,Neutral,1954.0000,-.59649653E+03,-.59649653E+03,1
pbesol,CdSe0.12Te0.88,Bi_Se+Cl_i,Charged+1,1959,-.60315365E+03,-.60315365E+03,1
pbesol,CdSe0.12Te0.88,Bi_Se+Cl_i,Charged+2,1958,-.60570535E+03,-.60570535E+03,1
pbesol,CdSe0.12Te0.88,Bi_Se+Cl_i,Charged-1,1961,-.59822164E+03,-.59820754E+03,1
pbesol,CdSe0.12Te0.88,Bi_Se+Cl_i,Charged-2,1962,-.59551615E+03,-.59551615E+03,1
pbesol,CdSe0.12Te0.88,Bi_Se+Cl_i,Neutral,1960.0000,-.60087099E+03,-.60087099E+03,1
pbesol,CdSe0.12Te0.88,Bi_Se+O_Se,Charged+1,1952,-.60150354E+03,-.60148131E+03,1
pbesol,CdSe0.12Te0.88,Bi_Se+O_Se,Charged+2,1951,-.60362127E+03,-.60358760E+03,1
pbesol,CdSe0.12Te0.88,Bi_Se+O_Se,Charged-1,1954,-.59704969E+03,-.59704961E+03,1
pbesol,CdSe0.12Te0.88,Bi_Se+O_Se,Charged-2,1955,-.59454520E+03,-.59453109E+03,1
pbesol,CdSe0.12Te0.88,Bi_Se+O_Se,Neutral,1953.0000,-.59933335E+03,-.59932519E+03,1
pbesol,CdSe0.12Te0.88,Bi_Se+O_i,Charged+1,1958,-.60557561E+03,-.60557561E+03,1
pbesol,CdSe0.12Te0.88,Bi_Se+O_i,Charged+2,1957,-.60808706E+03,-.60806628E+03,1
pbesol,CdSe0.12Te0.88,Bi_Se+O_i,Charged-1,1960,-.60125067E+03,-.60123335E+03,1
pbesol,CdSe0.12Te0.88,Bi_Se+O_i,Charged-2,1961,-.59859088E+03,-.59857235E+03,1
pbesol,CdSe0.12Te0.88,Bi_Se+O_i,Neutral,1959.0000,-.60430175E+03,-.60428764E+03,1
pbesol,CdSe0.12Te0.88,Bi_Te,Charged+1,1952,-.60068357E+03,-.60065919E+03,1
pbesol,CdSe0.12Te0.88,Bi_Te,Charged+2,1951,-.60278572E+03,-.60274837E+03,1
pbesol,CdSe0.12Te0.88,Bi_Te,Charged-1,1954,-.59628524E+03,-.59628523E+03,1
pbesol,CdSe0.12Te0.88,Bi_Te,Charged-2,1955,-.59369675E+03,-.59368265E+03,1
pbesol,CdSe0.12Te0.88,Bi_Te,Neutral,1953.0000,-.59853063E+03,-.59851035E+03,1
pbesol,CdSe0.12Te0.88,Bi_Te+Bi_i,Charged+1,1967,-.60451240E+03,-.60449830E+03,1
pbesol,CdSe0.12Te0.88,Bi_Te+Bi_i,Charged+2,1966,-.60715129E+03,-.60715129E+03,1
pbesol,CdSe0.12Te0.88,Bi_Te+Bi_i,Charged-1,1969,-.59883330E+03,-.59883330E+03,1
pbesol,CdSe0.12Te0.88,Bi_Te+Bi_i,Charged-2,1970,-.59597460E+03,-.59597460E+03,1
pbesol,CdSe0.12Te0.88,Bi_Te+Bi_i,Neutral,1968.0000,-.60182063E+03,-.60182063E+03,1
pbesol,CdSe0.12Te0.88,Bi_Te+Cl_Te,Charged+1,1953,-.60008628E+03,-.60006823E+03,1
pbesol,CdSe0.12Te0.88,Bi_Te+Cl_Te,Charged+2,1952,-.60217459E+03,-.60214610E+03,1
pbesol,CdSe0.12Te0.88,Bi_Te+Cl_Te,Charged-1,1955,-.59538700E+03,-.59537290E+03,1
pbesol,CdSe0.12Te0.88,Bi_Te+Cl_Te,Charged-2,1956,-.59278714E+03,-.59278714E+03,1
pbesol,CdSe0.12Te0.88,Bi_Te+Cl_Te,Neutral,1954.0000,-.59793465E+03,-.59793465E+03,1
pbesol,CdSe0.12Te0.88,Bi_Te+Cl_i,Charged+1,1959,-.60387553E+03,-.60387553E+03,1
pbesol,CdSe0.12Te0.88,Bi_Te+Cl_i,Charged+2,1958,-.60640863E+03,-.60640863E+03,1
pbesol,CdSe0.12Te0.88,Bi_Te+Cl_i,Charged-1,1961,-.59898274E+03,-.59896863E+03,1
pbesol,CdSe0.12Te0.88,Bi_Te+Cl_i,Charged-2,1962,-.59630970E+03,-.59630970E+03,1
pbesol,CdSe0.12Te0.88,Bi_Te+Cl_i,Neutral,1960.0000,-.60160273E+03,-.60160273E+03,1
pbesol,CdSe0.12Te0.88,Bi_Te+O_Te,Charged+1,1952,-.60279211E+03,-.60277304E+03,1
pbesol,CdSe0.12Te0.88,Bi_Te+O_Te,Charged+2,1951,-.60483401E+03,-.60480736E+03,1
pbesol,CdSe0.12Te0.88,Bi_Te+O_Te,Charged-1,1954,-.59843581E+03,-.59843560E+03,1
pbesol,CdSe0.12Te0.88,Bi_Te+O_Te,Charged-2,1955,-.59597979E+03,-.59596568E+03,1
pbesol,CdSe0.12Te0.88,Bi_Te+O_Te,Neutral,1953.0000,-.60070245E+03,-.60070214E+03,1
pbesol,CdSe0.12Te0.88,Bi_Te+O_i,Charged+1,1958,-.60738303E+03,-.60738303E+03,1
pbesol,CdSe0.12Te0.88,Bi_Te+O_i,Charged+2,1957,-.60975215E+03,-.60975149E+03,1
pbesol,CdSe0.12Te0.88,Bi_Te+O_i,Charged-1,1960,-.60229808E+03,-.60229808E+03,1
pbesol,CdSe0.12Te0.88,Bi_Te+O_i,Charged-2,1961,-.59953822E+03,-.59953822E+03,1
pbesol,CdSe0.12Te0.88,Bi_Te+O_i,Neutral,1959.0000,-.60496196E+03,-.60494785E+03,1
pbesol,CdSe0.12Te0.88,Bi_i,Charged+1,1958,-.60419169E+03,-.60419169E+03,1
pbesol,CdSe0.12Te0.88,Bi_i,Charged+2,1957,-.60692027E+03,-.60690616E+03,1
pbesol,CdSe0.12Te0.88,Bi_i,Charged-1,1960,-.59885827E+03,-.59885827E+03,1
pbesol,CdSe0.12Te0.88,Bi_i,Charged-2,1961,-.59602108E+03,-.59602108E+03,1
pbesol,CdSe0.12Te0.88,Bi_i,Neutral,1959.0000,-.60156112E+03,-.60154701E+03,1
pbesol,CdSe0.12Te0.88,Bi_i+Bi_i,Charged+1,1973,-.60793543E+03,-.60792133E+03,1
pbesol,CdSe0.12Te0.88,Bi_i+Bi_i,Charged+2,1972,-.61064406E+03,-.61064406E+03,1
pbesol,CdSe0.12Te0.88,Bi_i+Bi_i,Charged-1,1975,-.60239863E+03,-.60239863E+03,1
pbesol,CdSe0.12Te0.88,Bi_i+Bi_i,Charged-2,1976,-.59930782E+03,-.59930782E+03,1
pbesol,CdSe0.12Te0.88,Bi_i+Bi_i,Neutral,1974.0000,-.60538880E+03,-.60538880E+03,1
pbesol,CdSe0.12Te0.88,Bi_i+Se_i,Charged+1,1964,-.60812947E+03,-.60812947E+03,1
pbesol,CdSe0.12Te0.88,Bi_i+Se_i,Charged+2,1963,-.61045238E+03,-.61045238E+03,1
pbesol,CdSe0.12Te0.88,Bi_i+Se_i,Charged-1,1966,-.60265638E+03,-.60265638E+03,1
pbesol,CdSe0.12Te0.88,Bi_i+Se_i,Charged-2,1967,-.59967804E+03,-.59967804E+03,1
pbesol,CdSe0.12Te0.88,Bi_i+Se_i,Neutral,1965.0000,-.60545688E+03,-.60544278E+03,1
pbesol,CdSe0.12Te0.88,Bi_i+Te_i,Charged+1,1964,-.60701461E+03,-.60701457E+03,1
pbesol,CdSe0.12Te0.88,Bi_i+Te_i,Charged+2,1963,-.61018224E+03,-.61016813E+03,1
pbesol,CdSe0.12Te0.88,Bi_i+Te_i,Charged-1,1966,-.60163820E+03,-.60163820E+03,1
pbesol,CdSe0.12Te0.88,Bi_i+Te_i,Charged-2,1967,-.59819294E+03,-.59819293E+03,1
pbesol,CdSe0.12Te0.88,Bi_i+Te_i,Neutral,1965.0000,-.60458194E+03,-.60456783E+03,1
pbesol,CdSe0.12Te0.88,BULK,Bulk,,-.59969756E+03,-.59969756E+03,1
pbesol,CdSe0.12Te0.88,Cd_Se,Charged+1,Cg_NA,-.60245255E+03,-.60242705E+03,1
pbesol,CdSe0.12Te0.88,Cd_Se,Charged+2,Cg_NA,-.60451221E+03,-.60447471E+03,1
pbesol,CdSe0.12Te0.88,Cd_Se,Charged-1,Cg_NA,-.59771420E+03,-.59770010E+03,1
pbesol,CdSe0.12Te0.88,Cd_Se,Charged-2,Cg_NA,-.59501717E+03,-.59501717E+03,1
pbesol,CdSe0.12Te0.88,Cd_Se,Neutral,Nt_NA,-.60035705E+03,-.60035705E+03,1
pbesol,CdSe0.12Te0.88,Cd_Se+Te_i,Charged+1,Cg_NA,-.60585204E+03,-.60582641E+03,1
pbesol,CdSe0.12Te0.88,Cd_Se+Te_i,Charged+2,Cg_NA,-.60795614E+03,-.60791921E+03,1
pbesol,CdSe0.12Te0.88,Cd_Se+Te_i,Charged-1,Cg_NA,-.60103187E+03,-.60101777E+03,1
pbesol,CdSe0.12Te0.88,Cd_Se+Te_i,Charged-2,Cg_NA,-.59829562E+03,-.59829562E+03,1
pbesol,CdSe0.12Te0.88,Cd_Se+Te_i,Neutral,Nt_NA,-.60371446E+03,-.60371446E+03,1
pbesol,CdSe0.12Te0.88,Cd_Te,Charged+1,Cg_NA,-.60222725E+03,-.60222725E+03,1
pbesol,CdSe0.12Te0.88,Cd_Te,Charged+2,Cg_NA,-.60453338E+03,-.60453338E+03,1
pbesol,CdSe0.12Te0.88,Cd_Te,Charged-1,Cg_NA,-.59729539E+03,-.59728128E+03,1
pbesol,CdSe0.12Te0.88,Cd_Te,Charged-2,Cg_NA,-.59457357E+03,-.59457357E+03,1
pbesol,CdSe0.12Te0.88,Cd_Te,Neutral,Nt_NA,-.59996310E+03,-.59996310E+03,1
pbesol,CdSe0.12Te0.88,Cd_Te+Se_i,Charged+1,Cg_NA,-.60583771E+03,-.60581200E+03,1
pbesol,CdSe0.12Te0.88,Cd_Te+Se_i,Charged+2,Cg_NA,-.60794114E+03,-.60790354E+03,1
pbesol,CdSe0.12Te0.88,Cd_Te+Se_i,Charged-1,Cg_NA,-.60101700E+03,-.60100289E+03,1
pbesol,CdSe0.12Te0.88,Cd_Te+Se_i,Charged-2,Cg_NA,-.59828076E+03,-.59828076E+03,1
pbesol,CdSe0.12Te0.88,Cd_Te+Se_i,Neutral,Nt_NA,-.60369938E+03,-.60369938E+03,1
pbesol,CdSe0.12Te0.88,Cd_i,Charged+1,Cg_NA,-.60267705E+03,-.60266294E+03,1
pbesol,CdSe0.12Te0.88,Cd_i,Charged+2,Cg_NA,-.60526699E+03,-.60526699E+03,1
pbesol,CdSe0.12Te0.88,Cd_i,Charged-1,Cg_NA,-.59689191E+03,-.59688570E+03,1
pbesol,CdSe0.12Te0.88,Cd_i,Charged-2,Cg_NA,-.59370913E+03,-.59370913E+03,1
pbesol,CdSe0.12Te0.88,Cd_i,Neutral,Nt_NA,-.60003434E+03,-.60003434E+03,1
pbesol,CdSe0.12Te0.88,Cl_Se,Charged+1,1944,-.60054950E+03,-.60054950E+03,1
pbesol,CdSe0.12Te0.88,Cl_Se,Charged+2,1943,-.60262775E+03,-.60260144E+03,1
pbesol,CdSe0.12Te0.88,Cl_Se,Charged-1,1946,-.59535176E+03,-.59535176E+03,1
pbesol,CdSe0.12Te0.88,Cl_Se,Charged-2,1947,-.59173029E+03,-.59171611E+03,1
pbesol,CdSe0.12Te0.88,Cl_Se,Neutral,1945.0000,-.59797670E+03,-.59796259E+03,1
pbesol,CdSe0.12Te0.88,Cl_Te,Charged+1,1944,-.60115506E+03,-.60115506E+03,1
pbesol,CdSe0.12Te0.88,Cl_Te,Charged+2,1943,-.60321369E+03,-.60318731E+03,1
pbesol,CdSe0.12Te0.88,Cl_Te,Charged-1,1946,-.59603199E+03,-.59603199E+03,1
pbesol,CdSe0.12Te0.88,Cl_Te,Charged-2,1947,-.59238533E+03,-.59236292E+03,1
pbesol,CdSe0.12Te0.88,Cl_Te,Neutral,1945.0000,-.59861945E+03,-.59860534E+03,1
pbesol,CdSe0.12Te0.88,Cu_Cd,Charged+1,1942,-.60363345E+03,-.60359540E+03,1
pbesol,CdSe0.12Te0.88,Cu_Cd,Charged+2,1941,-.60570883E+03,-.60566691E+03,1
pbesol,CdSe0.12Te0.88,Cu_Cd,Charged-1,1944,-.59935690E+03,-.59935690E+03,1
pbesol,CdSe0.12Te0.88,Cu_Cd,Charged-2,1945,-.59677052E+03,-.59675641E+03,1
pbesol,CdSe0.12Te0.88,Cu_Cd,Neutral,1943.0000,-.60152685E+03,-.60150099E+03,1
pbesol,CdSe0.12Te0.88,N_Se,Charged+1,1942,-.60313114E+03,-.60309276E+03,1
pbesol,CdSe0.12Te0.88,N_Se,Charged+2,1941,-.60515181E+03,-.60510969E+03,1
pbesol,CdSe0.12Te0.88,N_Se,Charged-1,1944,-.59901609E+03,-.59901609E+03,1
pbesol,CdSe0.12Te0.88,N_Se,Charged-2,1945,-.59647905E+03,-.59646495E+03,1
pbesol,CdSe0.12Te0.88,N_Se,Neutral,1943.0000,-.60109030E+03,-.60106394E+03,1
pbesol,CdSe0.12Te0.88,N_Se+Cl_Se,Charged+1,1943,-.60195607E+03,-.60192968E+03,1
pbesol,CdSe0.12Te0.88,N_Se+Cl_Se,Charged+2,1942,-.60399158E+03,-.60395315E+03,1
pbesol,CdSe0.12Te0.88,N_Se+Cl_Se,Charged-1,1945,-.59736448E+03,-.59735037E+03,1
pbesol,CdSe0.12Te0.88,N_Se+Cl_Se,Charged-2,1946,-.59478971E+03,-.59478971E+03,1
pbesol,CdSe0.12Te0.88,N_Se+Cl_Se,Neutral,1944.0000,-.59988583E+03,-.59988583E+03,1
pbesol,CdSe0.12Te0.88,N_Se+Cl_i,Charged+1,1949,-.60541743E+03,-.60540225E+03,1
pbesol,CdSe0.12Te0.88,N_Se+Cl_i,Charged+2,1948,-.60775494E+03,-.60771665E+03,1
pbesol,CdSe0.12Te0.88,N_Se+Cl_i,Charged-1,1951,-.60102438E+03,-.60101027E+03,1
pbesol,CdSe0.12Te0.88,N_Se+Cl_i,Charged-2,1952,-.59837889E+03,-.59837889E+03,1
pbesol,CdSe0.12Te0.88,N_Se+Cl_i,Neutral,1950.0000,-.60361168E+03,-.60361168E+03,1
pbesol,CdSe0.12Te0.88,N_Se+N_i,Charged+1,1947,-.61307062E+03,-.61305651E+03,1
pbesol,CdSe0.12Te0.88,N_Se+N_i,Charged+2,1946,-.61567570E+03,-.61567570E+03,1
pbesol,CdSe0.12Te0.88,N_Se+N_i,Charged-1,1949,-.60715542E+03,-.60715542E+03,1
pbesol,CdSe0.12Te0.88,N_Se+N_i,Charged-2,1950,-.60441181E+03,-.60441181E+03,1
pbesol,CdSe0.12Te0.88,N_Se+N_i,Neutral,1948.0000,-.61042174E+03,-.61042174E+03,1
pbesol,CdSe0.12Te0.88,N_Se+O_Se,Charged+1,1942,-.60451192E+03,-.60447350E+03,1
pbesol,CdSe0.12Te0.88,N_Se+O_Se,Charged+2,1941,-.60650746E+03,-.60646530E+03,1
pbesol,CdSe0.12Te0.88,N_Se+O_Se,Charged-1,1944,-.60044212E+03,-.60044212E+03,1
pbesol,CdSe0.12Te0.88,N_Se+O_Se,Charged-2,1945,-.59801701E+03,-.59800291E+03,1
pbesol,CdSe0.12Te0.88,N_Se+O_Se,Neutral,1943.0000,-.60249452E+03,-.60246812E+03,1
pbesol,CdSe0.12Te0.88,N_Se+O_i,Charged+1,1948,-.60971437E+03,-.60971437E+03,1
pbesol,CdSe0.12Te0.88,N_Se+O_i,Charged+2,1947,-.61179240E+03,-.61176560E+03,1
pbesol,CdSe0.12Te0.88,N_Se+O_i,Charged-1,1950,-.60448455E+03,-.60447037E+03,1
pbesol,CdSe0.12Te0.88,N_Se+O_i,Charged-2,1951,-.60186146E+03,-.60184608E+03,1
pbesol,CdSe0.12Te0.88,N_Se+O_i,Neutral,1949.0000,-.60727880E+03,-.60727879E+03,1
pbesol,CdSe0.12Te0.88,N_Te,Charged+1,1942,-.60367116E+03,-.60363279E+03,1
pbesol,CdSe0.12Te0.88,N_Te,Charged+2,1941,-.60566600E+03,-.60562391E+03,1
pbesol,CdSe0.12Te0.88,N_Te,Charged-1,1944,-.59960622E+03,-.59960622E+03,1
pbesol,CdSe0.12Te0.88,N_Te,Charged-2,1945,-.59711233E+03,-.59709822E+03,1
pbesol,CdSe0.12Te0.88,N_Te,Neutral,1943.0000,-.60165536E+03,-.60162901E+03,1
pbesol,CdSe0.12Te0.88,N_Te+Cl_Te,Charged+1,1943,-.60329287E+03,-.60326653E+03,1
pbesol,CdSe0.12Te0.88,N_Te+Cl_Te,Charged+2,1942,-.60527400E+03,-.60523565E+03,1
pbesol,CdSe0.12Te0.88,N_Te+Cl_Te,Charged-1,1945,-.59882010E+03,-.59880600E+03,1
pbesol,CdSe0.12Te0.88,N_Te+Cl_Te,Charged-2,1946,-.59630993E+03,-.59630993E+03,1
pbesol,CdSe0.12Te0.88,N_Te+Cl_Te,Neutral,1944.0000,-.60127834E+03,-.60127834E+03,1
pbesol,CdSe0.12Te0.88,N_Te+Cl_i,Charged+1,1949,-.60633153E+03,-.60630532E+03,1
pbesol,CdSe0.12Te0.88,N_Te+Cl_i,Charged+2,1948,-.60836297E+03,-.60832481E+03,1
pbesol,CdSe0.12Te0.88,N_Te+Cl_i,Charged-1,1951,-.60171085E+03,-.60169675E+03,1
pbesol,CdSe0.12Te0.88,N_Te+Cl_i,Charged-2,1952,-.59910193E+03,-.59910193E+03,1
pbesol,CdSe0.12Te0.88,N_Te+Cl_i,Neutral,1950.0000,-.60426725E+03,-.60426725E+03,1
pbesol,CdSe0.12Te0.88,N_Te+N_i,Charged+1,1947,-.61371227E+03,-.61369817E+03,1
pbesol,CdSe0.12Te0.88,N_Te+N_i,Charged+2,1946,-.61629677E+03,-.61629677E+03,1
pbesol,CdSe0.12Te0.88,N_Te+N_i,Charged-1,1949,-.60783620E+03,-.60783620E+03,1
pbesol,CdSe0.12Te0.88,N_Te+N_i,Charged-2,1950,-.60510403E+03,-.60510403E+03,1
pbesol,CdSe0.12Te0.88,N_Te+N_i,Neutral,1948.0000,-.61111664E+03,-.61111664E+03,1
pbesol,CdSe0.12Te0.88,N_Te+O_Te,Charged+1,1942,-.60560002E+03,-.60556176E+03,1
pbesol,CdSe0.12Te0.88,N_Te+O_Te,Charged+2,1941,-.60754099E+03,-.60749900E+03,1
pbesol,CdSe0.12Te0.88,N_Te+O_Te,Charged-1,1944,-.60164030E+03,-.60164030E+03,1
pbesol,CdSe0.12Te0.88,N_Te+O_Te,Charged-2,1945,-.59907905E+03,-.59906495E+03,1
pbesol,CdSe0.12Te0.88,N_Te+O_Te,Neutral,1943.0000,-.60363626E+03,-.60361000E+03,1
pbesol,CdSe0.12Te0.88,N_Te+O_i,Charged+1,1948,-.61032027E+03,-.61032027E+03,1
pbesol,CdSe0.12Te0.88,N_Te+O_i,Charged+2,1947,-.61237502E+03,-.61234747E+03,1
pbesol,CdSe0.12Te0.88,N_Te+O_i,Charged-1,1950,-.60532221E+03,-.60530812E+03,1
pbesol,CdSe0.12Te0.88,N_Te+O_i,Charged-2,1951,-.60247565E+03,-.60246374E+03,1
pbesol,CdSe0.12Te0.88,N_Te+O_i,Neutral,1949.0000,-.60787262E+03,-.60787261E+03,1
pbesol,CdSe0.12Te0.88,N_i,Charged+1,1948,-.60699944E+03,-.60697845E+03,1
pbesol,CdSe0.12Te0.88,N_i,Charged+2,1947,-.60892345E+03,-.60891082E+03,1
pbesol,CdSe0.12Te0.88,N_i,Charged-1,1950,-.60141986E+03,-.60141986E+03,1
pbesol,CdSe0.12Te0.88,N_i,Charged-2,1951,-.59967861E+03,-.59966587E+03,1
pbesol,CdSe0.12Te0.88,N_i,Neutral,1949.0000,-.60416599E+03,-.60415188E+03,1
pbesol,CdSe0.12Te0.88,N_i+N_i,Charged+1,1953,-.61674401E+03,-.61674373E+03,1
pbesol,CdSe0.12Te0.88,N_i+N_i,Charged+2,1952,-.61919398E+03,-.61915547E+03,1
pbesol,CdSe0.12Te0.88,N_i+N_i,Charged-1,1955,-.61185299E+03,-.61183889E+03,1
pbesol,CdSe0.12Te0.88,N_i+N_i,Charged-2,1956,-.60919001E+03,-.60919001E+03,1
pbesol,CdSe0.12Te0.88,N_i+N_i,Neutral,1954.0000,-.61447255E+03,-.61447255E+03,1
pbesol,CdSe0.12Te0.88,N_i+Se_i,Charged+1,1954,-.60965757E+03,-.60965757E+03,1
pbesol,CdSe0.12Te0.88,N_i+Se_i,Charged+2,1953,-.61180556E+03,-.61178531E+03,1
pbesol,CdSe0.12Te0.88,N_i+Se_i,Charged-1,1956,-.60592020E+03,-.60592020E+03,1
pbesol,CdSe0.12Te0.88,N_i+Se_i,Charged-2,1957,-.60314769E+03,-.60314769E+03,1
pbesol,CdSe0.12Te0.88,N_i+Se_i,Neutral,1955.0000,-.60870158E+03,-.60868748E+03,1
pbesol,CdSe0.12Te0.88,N_i+Te_i,Charged+1,1954,-.61043415E+03,-.61043415E+03,1
pbesol,CdSe0.12Te0.88,N_i+Te_i,Charged+2,1953,-.61110813E+03,-.61108548E+03,1
pbesol,CdSe0.12Te0.88,N_i+Te_i,Charged-1,1956,-.60504750E+03,-.60504750E+03,1
pbesol,CdSe0.12Te0.88,N_i+Te_i,Charged-2,1957,-.60204146E+03,-.60204146E+03,1
pbesol,CdSe0.12Te0.88,N_i+Te_i,Neutral,1955.0000,-.60795653E+03,-.60794243E+03,1
pbesol,CdSe0.12Te0.88,O_Se,Charged+1,1943,-.60317806E+03,-.60315167E+03,1
pbesol,CdSe0.12Te0.88,O_Se,Charged+2,1942,-.60520636E+03,-.60516796E+03,1
pbesol,CdSe0.12Te0.88,O_Se,Charged-1,1945,-.59865195E+03,-.59863785E+03,1
pbesol,CdSe0.12Te0.88,O_Se,Charged-2,1946,-.59613080E+03,-.59613080E+03,1
pbesol,CdSe0.12Te0.88,O_Se,Neutral,1944.0000,-.60111663E+03,-.60111663E+03,1
pbesol,CdSe0.12Te0.88,O_Te,Charged+1,1943,-.60370620E+03,-.60367985E+03,1
pbesol,CdSe0.12Te0.88,O_Te,Charged+2,1942,-.60571329E+03,-.60567494E+03,1
pbesol,CdSe0.12Te0.88,O_Te,Charged-1,1945,-.59924172E+03,-.59922761E+03,1
pbesol,CdSe0.12Te0.88,O_Te,Charged-2,1946,-.59676157E+03,-.59676157E+03,1
pbesol,CdSe0.12Te0.88,O_Te,Neutral,1944.0000,-.60166572E+03,-.60166572E+03,1
pbesol,CdSe0.12Te0.88,O_i+As_Se+O_i,Charged+1,1964,-.61314778E+03,-.61314194E+03,1
pbesol,CdSe0.12Te0.88,O_i+As_Se+O_i,Charged+2,1963,-.61439522E+03,-.61439513E+03,1
pbesol,CdSe0.12Te0.88,O_i+As_Se+O_i,Charged-1,1966,-.60842674E+03,-.60842494E+03,1
pbesol,CdSe0.12Te0.88,O_i+As_Se+O_i,Charged-2,1967,-.60562954E+03,-.60562954E+03,1
pbesol,CdSe0.12Te0.88,O_i+As_Se+O_i,Neutral,1965.0000,-.61079153E+03,-.61079152E+03,1
pbesol,CdSe0.12Te0.88,O_i+As_Te+O_i,Charged+1,1964,-.61633052E+03,-.61633052E+03,1
pbesol,CdSe0.12Te0.88,O_i+As_Te+O_i,Charged+2,1963,-.61840492E+03,-.61837897E+03,1
pbesol,CdSe0.12Te0.88,O_i+As_Te+O_i,Charged-1,1966,-.61097899E+03,-.61096489E+03,1
pbesol,CdSe0.12Te0.88,O_i+As_Te+O_i,Charged-2,1967,-.60832988E+03,-.60832704E+03,1
pbesol,CdSe0.12Te0.88,O_i+As_Te+O_i,Neutral,1965.0000,-.61357509E+03,-.61357501E+03,1
pbesol,CdSe0.12Te0.88,O_i+As_i+O_i,Charged+1,1970,-.61553119E+03,-.61550749E+03,1
pbesol,CdSe0.12Te0.88,O_i+As_i+O_i,Charged+2,1969,-.58797580E+03,-.58797368E+03,1
pbesol,CdSe0.12Te0.88,O_i+As_i+O_i,Charged-1,1972,-.61120980E+03,-.61120980E+03,1
pbesol,CdSe0.12Te0.88,O_i+As_i+O_i,Charged-2,1973,-.60857267E+03,-.60855853E+03,1
pbesol,CdSe0.12Te0.88,O_i+As_i+O_i,Neutral,1971.0000,-.61340485E+03,-.61340031E+03,1
pbesol,CdSe0.12Te0.88,O_i+Bi_Se+O_i,Charged+1,1964,-.61217785E+03,-.61217785E+03,1
pbesol,CdSe0.12Te0.88,O_i+Bi_Se+O_i,Charged+2,1963,-.61340193E+03,-.61340193E+03,1
pbesol,CdSe0.12Te0.88,O_i+Bi_Se+O_i,Charged-1,1966,-.60692800E+03,-.60691174E+03,1
pbesol,CdSe0.12Te0.88,O_i+Bi_Se+O_i,Charged-2,1967,-.60421257E+03,-.60421257E+03,1
pbesol,CdSe0.12Te0.88,O_i+Bi_Se+O_i,Neutral,1965.0000,-.60949321E+03,-.60947910E+03,1
pbesol,CdSe0.12Te0.88,O_i+Bi_Te+O_i,Charged+1,1964,-.61479199E+03,-.61479199E+03,1
pbesol,CdSe0.12Te0.88,O_i+Bi_Te+O_i,Charged+2,1963,-.61657420E+03,-.61654818E+03,1
pbesol,CdSe0.12Te0.88,O_i+Bi_Te+O_i,Charged-1,1966,-.60927201E+03,-.60925785E+03,1
pbesol,CdSe0.12Te0.88,O_i+Bi_Te+O_i,Charged-2,1967,-.60659671E+03,-.60659671E+03,1
pbesol,CdSe0.12Te0.88,O_i+Bi_Te+O_i,Neutral,1965.0000,-.61189595E+03,-.61188953E+03,1
pbesol,CdSe0.12Te0.88,O_i+Bi_i+O_i,Charged+1,1970,-.61560170E+03,-.61560170E+03,1
pbesol,CdSe0.12Te0.88,O_i+Bi_i+O_i,Charged+2,1969,-.58786956E+03,-.58786923E+03,1
pbesol,CdSe0.12Te0.88,O_i+Bi_i+O_i,Charged-1,1972,-.61017969E+03,-.61017969E+03,1
pbesol,CdSe0.12Te0.88,O_i+Bi_i+O_i,Charged-2,1973,-.60733125E+03,-.60733124E+03,1
pbesol,CdSe0.12Te0.88,O_i+Bi_i+O_i,Neutral,1971.0000,-.61261176E+03,-.61261176E+03,1
pbesol,CdSe0.12Te0.88,O_i+N_Se+O_i,Charged+1,1954,-.61509749E+03,-.61509749E+03,1
pbesol,CdSe0.12Te0.88,O_i+N_Se+O_i,Charged+2,1953,-.61626692E+03,-.61626692E+03,1
pbesol,CdSe0.12Te0.88,O_i+N_Se+O_i,Charged-1,1956,-.61009211E+03,-.61007802E+03,1
pbesol,CdSe0.12Te0.88,O_i+N_Se+O_i,Charged-2,1957,-.60740007E+03,-.60740007E+03,1
pbesol,CdSe0.12Te0.88,O_i+N_Se+O_i,Neutral,1955.0000,-.61252268E+03,-.61252267E+03,1
pbesol,CdSe0.12Te0.88,O_i+N_Te+O_i,Charged+1,1954,-.61809279E+03,-.61809279E+03,1
pbesol,CdSe0.12Te0.88,O_i+N_Te+O_i,Charged+2,1953,-.62012731E+03,-.62010093E+03,1
pbesol,CdSe0.12Te0.88,O_i+N_Te+O_i,Charged-1,1956,-.61283260E+03,-.61283260E+03,1
pbesol,CdSe0.12Te0.88,O_i+N_Te+O_i,Charged-2,1957,-.61001886E+03,-.61001886E+03,1
pbesol,CdSe0.12Te0.88,O_i+N_Te+O_i,Neutral,1955.0000,-.61546357E+03,-.61544946E+03,1
pbesol,CdSe0.12Te0.88,O_i+N_i+O_i,Charged+1,1960,-.61749217E+03,-.61746990E+03,1
pbesol,CdSe0.12Te0.88,O_i+N_i+O_i,Charged+2,1959,-.59049154E+03,-.59049138E+03,1
pbesol,CdSe0.12Te0.88,O_i+N_i+O_i,Charged-1,1962,-.61313043E+03,-.61313043E+03,1
pbesol,CdSe0.12Te0.88,O_i+N_i+O_i,Charged-2,1963,-.61182610E+03,-.61181200E+03,1
pbesol,CdSe0.12Te0.88,O_i+N_i+O_i,Neutral,1961.0000,-.61537737E+03,-.61537695E+03,1
pbesol,CdSe0.12Te0.88,O_i+P_Se+O_i,Charged+1,1954,-.61423524E+03,-.61423325E+03,1
pbesol,CdSe0.12Te0.88,O_i+P_Se+O_i,Charged+2,1953,-.61563847E+03,-.61563847E+03,1
pbesol,CdSe0.12Te0.88,O_i+P_Se+O_i,Charged-1,1956,-.60972124E+03,-.60972044E+03,1
pbesol,CdSe0.12Te0.88,O_i+P_Se+O_i,Charged-2,1957,-.60705718E+03,-.60704307E+03,1
pbesol,CdSe0.12Te0.88,O_i+P_Se+O_i,Neutral,1955.0000,-.61219756E+03,-.61219755E+03,1
pbesol,CdSe0.12Te0.88,O_i+P_Te+O_i,Charged+1,1954,-.61858735E+03,-.61858735E+03,1
pbesol,CdSe0.12Te0.88,O_i+P_Te+O_i,Charged+2,1953,-.62066696E+03,-.62064063E+03,1
pbesol,CdSe0.12Te0.88,O_i+P_Te+O_i,Charged-1,1956,-.61332986E+03,-.61332986E+03,1
pbesol,CdSe0.12Te0.88,O_i+P_Te+O_i,Charged-2,1957,-.61057259E+03,-.61057259E+03,1
pbesol,CdSe0.12Te0.88,O_i+P_Te+O_i,Neutral,1955.0000,-.61598546E+03,-.61597136E+03,1
pbesol,CdSe0.12Te0.88,O_i+P_i+O_i,Charged+1,1960,-.61599682E+03,-.61597070E+03,1
pbesol,CdSe0.12Te0.88,O_i+P_i+O_i,Charged+2,1959,-.58945836E+03,-.58945769E+03,1
pbesol,CdSe0.12Te0.88,O_i+P_i+O_i,Charged-1,1962,-.61169885E+03,-.61169885E+03,1
pbesol,CdSe0.12Te0.88,O_i+P_i+O_i,Charged-2,1963,-.61095933E+03,-.61094522E+03,1
pbesol,CdSe0.12Te0.88,O_i+P_i+O_i,Neutral,1961.0000,-.61387965E+03,-.61386664E+03,1
pbesol,CdSe0.12Te0.88,O_i+Sb_Se+O_i,Charged+1,1954,-.61287106E+03,-.61287106E+03,1
pbesol,CdSe0.12Te0.88,O_i+Sb_Se+O_i,Charged+2,1953,-.61384928E+03,-.61384928E+03,1
pbesol,CdSe0.12Te0.88,O_i+Sb_Se+O_i,Charged-1,1956,-.60725647E+03,-.60725647E+03,1
pbesol,CdSe0.12Te0.88,O_i+Sb_Se+O_i,Charged-2,1957,-.60483653E+03,-.60483653E+03,1
pbesol,CdSe0.12Te0.88,O_i+Sb_Se+O_i,Neutral,1955.0000,-.61004964E+03,-.61004848E+03,1
pbesol,CdSe0.12Te0.88,O_i+Sb_Te+O_i,Charged+1,1954,-.61544189E+03,-.61544189E+03,1
pbesol,CdSe0.12Te0.88,O_i+Sb_Te+O_i,Charged+2,1953,-.61733241E+03,-.61730633E+03,1
pbesol,CdSe0.12Te0.88,O_i+Sb_Te+O_i,Charged-1,1956,-.61012046E+03,-.61010636E+03,1
pbesol,CdSe0.12Te0.88,O_i+Sb_Te+O_i,Charged-2,1957,-.60718974E+03,-.60717123E+03,1
pbesol,CdSe0.12Te0.88,O_i+Sb_Te+O_i,Neutral,1955.0000,-.61274009E+03,-.61273864E+03,1
pbesol,CdSe0.12Te0.88,O_i+Sb_i+O_i,Charged+1,1960,-.61562391E+03,-.61562391E+03,1
pbesol,CdSe0.12Te0.88,O_i+Sb_i+O_i,Charged+2,1959,-.58722405E+03,-.58722167E+03,1
pbesol,CdSe0.12Te0.88,O_i+Sb_i+O_i,Charged-1,1962,-.61047380E+03,-.61047380E+03,1
pbesol,CdSe0.12Te0.88,O_i+Sb_i+O_i,Charged-2,1963,-.60773660E+03,-.60772250E+03,1
pbesol,CdSe0.12Te0.88,O_i+Sb_i+O_i,Neutral,1961.0000,-.61278634E+03,-.61278624E+03,1
pbesol,CdSe0.12Te0.88,P_Se,Charged+1,1942,-.60192455E+03,-.60188606E+03,1
pbesol,CdSe0.12Te0.88,P_Se,Charged+2,1941,-.60398205E+03,-.60393981E+03,1
pbesol,CdSe0.12Te0.88,P_Se,Charged-1,1944,-.59773245E+03,-.59773245E+03,1
pbesol,CdSe0.12Te0.88,P_Se,Charged-2,1945,-.59513696E+03,-.59512285E+03,1
pbesol,CdSe0.12Te0.88,P_Se,Neutral,1943.0000,-.59984775E+03,-.59982131E+03,1
pbesol,CdSe0.12Te0.88,P_Se+Cl_Se,Charged+1,1943,-.60073730E+03,-.60071137E+03,1
pbesol,CdSe0.12Te0.88,P_Se+Cl_Se,Charged+2,1942,-.60281018E+03,-.60277228E+03,1
pbesol,CdSe0.12Te0.88,P_Se+Cl_Se,Charged-1,1945,-.59604416E+03,-.59603006E+03,1
pbesol,CdSe0.12Te0.88,P_Se+Cl_Se,Charged-2,1946,-.59340593E+03,-.59340593E+03,1
pbesol,CdSe0.12Te0.88,P_Se+Cl_Se,Neutral,1944.0000,-.59862906E+03,-.59862906E+03,1
pbesol,CdSe0.12Te0.88,P_Se+Cl_i,Charged+1,1949,-.60475790E+03,-.60473213E+03,1
pbesol,CdSe0.12Te0.88,P_Se+Cl_i,Charged+2,1948,-.60683883E+03,-.60680136E+03,1
pbesol,CdSe0.12Te0.88,P_Se+Cl_i,Charged-1,1951,-.59927324E+03,-.59925913E+03,1
pbesol,CdSe0.12Te0.88,P_Se+Cl_i,Charged-2,1952,-.59732995E+03,-.59732995E+03,1
pbesol,CdSe0.12Te0.88,P_Se+Cl_i,Neutral,1950.0000,-.60263797E+03,-.60263797E+03,1
pbesol,CdSe0.12Te0.88,P_Se+O_Se,Charged+1,1942,-.60333126E+03,-.60329313E+03,1
pbesol,CdSe0.12Te0.88,P_Se+O_Se,Charged+2,1941,-.60536048E+03,-.60531857E+03,1
pbesol,CdSe0.12Te0.88,P_Se+O_Se,Charged-1,1944,-.59918536E+03,-.59918536E+03,1
pbesol,CdSe0.12Te0.88,P_Se+O_Se,Charged-2,1945,-.59670369E+03,-.59668958E+03,1
pbesol,CdSe0.12Te0.88,P_Se+O_Se,Neutral,1943.0000,-.60127701E+03,-.60125090E+03,1
pbesol,CdSe0.12Te0.88,P_Se+O_i,Charged+1,1948,-.60765186E+03,-.60765186E+03,1
pbesol,CdSe0.12Te0.88,P_Se+O_i,Charged+2,1947,-.60977476E+03,-.60975454E+03,1
pbesol,CdSe0.12Te0.88,P_Se+O_i,Charged-1,1950,-.60432068E+03,-.60432022E+03,1
pbesol,CdSe0.12Te0.88,P_Se+O_i,Charged-2,1951,-.60170348E+03,-.60168937E+03,1
pbesol,CdSe0.12Te0.88,P_Se+O_i,Neutral,1949.0000,-.60674056E+03,-.60674048E+03,1
pbesol,CdSe0.12Te0.88,P_Se+P_i,Charged+1,1947,-.60675280E+03,-.60675280E+03,1
pbesol,CdSe0.12Te0.88,P_Se+P_i,Charged+2,1946,-.60917325E+03,-.60917325E+03,1
pbesol,CdSe0.12Te0.88,P_Se+P_i,Charged-1,1949,-.60168002E+03,-.60166591E+03,1
pbesol,CdSe0.12Te0.88,P_Se+P_i,Charged-2,1950,-.59897875E+03,-.59897875E+03,1
pbesol,CdSe0.12Te0.88,P_Se+P_i,Neutral,1948.0000,-.60432819E+03,-.60432819E+03,1
pbesol,CdSe0.12Te0.88,P_Te,Charged+1,1942,-.60251674E+03,-.60247819E+03,1
pbesol,CdSe0.12Te0.88,P_Te,Charged+2,1941,-.60454186E+03,-.60449956E+03,1
pbesol,CdSe0.12Te0.88,P_Te,Charged-1,1944,-.59838917E+03,-.59838917E+03,1
pbesol,CdSe0.12Te0.88,P_Te,Charged-2,1945,-.59582613E+03,-.59581202E+03,1
pbesol,CdSe0.12Te0.88,P_Te,Neutral,1943.0000,-.60046969E+03,-.60044320E+03,1
pbesol,CdSe0.12Te0.88,P_Te+Cl_Te,Charged+1,1943,-.60205766E+03,-.60203129E+03,1
pbesol,CdSe0.12Te0.88,P_Te+Cl_Te,Charged+2,1942,-.60406259E+03,-.60402419E+03,1
pbesol,CdSe0.12Te0.88,P_Te+Cl_Te,Charged-1,1945,-.59749235E+03,-.59747825E+03,1
pbesol,CdSe0.12Te0.88,P_Te+Cl_Te,Charged-2,1946,-.59491588E+03,-.59491588E+03,1
pbesol,CdSe0.12Te0.88,P_Te+Cl_Te,Neutral,1944.0000,-.60001786E+03,-.60001786E+03,1
pbesol,CdSe0.12Te0.88,P_Te+Cl_i,Charged+1,1949,-.60542139E+03,-.60539545E+03,1
pbesol,CdSe0.12Te0.88,P_Te+Cl_i,Charged+2,1948,-.60747932E+03,-.60744162E+03,1
pbesol,CdSe0.12Te0.88,P_Te+Cl_i,Charged-1,1951,-.60073631E+03,-.60072221E+03,1
pbesol,CdSe0.12Te0.88,P_Te+Cl_i,Charged-2,1952,-.59808456E+03,-.59808456E+03,1
pbesol,CdSe0.12Te0.88,P_Te+Cl_i,Neutral,1950.0000,-.60333382E+03,-.60333382E+03,1
pbesol,CdSe0.12Te0.88,P_Te+O_Te,Charged+1,1942,-.60439303E+03,-.60435480E+03,1
pbesol,CdSe0.12Te0.88,P_Te+O_Te,Charged+2,1941,-.60636797E+03,-.60632597E+03,1
pbesol,CdSe0.12Te0.88,P_Te+O_Te,Charged-1,1944,-.60036894E+03,-.60036894E+03,1
pbesol,CdSe0.12Te0.88,P_Te+O_Te,Charged-2,1945,-.59794365E+03,-.59792954E+03,1
pbesol,CdSe0.12Te0.88,P_Te+O_Te,Neutral,1943.0000,-.60239840E+03,-.60237216E+03,1
pbesol,CdSe0.12Te0.88,P_Te+O_i,Charged+1,1948,-.60946058E+03,-.60946058E+03,1
pbesol,CdSe0.12Te0.88,P_Te+O_i,Charged+2,1947,-.61153115E+03,-.61150626E+03,1
pbesol,CdSe0.12Te0.88,P_Te+O_i,Charged-1,1950,-.60495732E+03,-.60495716E+03,1
pbesol,CdSe0.12Te0.88,P_Te+O_i,Charged-2,1951,-.60237358E+03,-.60235948E+03,1
pbesol,CdSe0.12Te0.88,P_Te+O_i,Neutral,1949.0000,-.60735975E+03,-.60735975E+03,1
pbesol,CdSe0.12Te0.88,P_Te+P_i,Charged+1,1947,-.60732483E+03,-.60732483E+03,1
pbesol,CdSe0.12Te0.88,P_Te+P_i,Charged+2,1946,-.60964742E+03,-.60964742E+03,1
pbesol,CdSe0.12Te0.88,P_Te+P_i,Charged-1,1949,-.60244620E+03,-.60243210E+03,1
pbesol,CdSe0.12Te0.88,P_Te+P_i,Charged-2,1950,-.59977074E+03,-.59977020E+03,1
pbesol,CdSe0.12Te0.88,P_Te+P_i,Neutral,1948.0000,-.60506780E+03,-.60506780E+03,1
pbesol,CdSe0.12Te0.88,P_i,Charged+1,1948,-.60561567E+03,-.60561567E+03,1
pbesol,CdSe0.12Te0.88,P_i,Charged+2,1947,-.60778132E+03,-.60778132E+03,1
pbesol,CdSe0.12Te0.88,P_i,Charged-1,1950,-.60041579E+03,-.60040667E+03,1
pbesol,CdSe0.12Te0.88,P_i,Charged-2,1951,-.59769915E+03,-.59768913E+03,1
pbesol,CdSe0.12Te0.88,P_i,Neutral,1949.0000,-.60294501E+03,-.60293090E+03,1
pbesol,CdSe0.12Te0.88,P_i+P_i,Charged+1,1953,-.61083238E+03,-.61083227E+03,1
pbesol,CdSe0.12Te0.88,P_i+P_i,Charged+2,1952,-.61330874E+03,-.61330874E+03,1
pbesol,CdSe0.12Te0.88,P_i+P_i,Charged-1,1955,-.60568127E+03,-.60568127E+03,1
pbesol,CdSe0.12Te0.88,P_i+P_i,Charged-2,1956,-.60279563E+03,-.60279563E+03,1
pbesol,CdSe0.12Te0.88,P_i+P_i,Neutral,1954.0000,-.60810220E+03,-.60810204E+03,1
pbesol,CdSe0.12Te0.88,P_i+Se_i,Charged+1,1954,-.60934449E+03,-.60934449E+03,1
pbesol,CdSe0.12Te0.88,P_i+Se_i,Charged+2,1953,-.61148641E+03,-.61146037E+03,1
pbesol,CdSe0.12Te0.88,P_i+Se_i,Charged-1,1956,-.60403820E+03,-.60402172E+03,1
pbesol,CdSe0.12Te0.88,P_i+Se_i,Charged-2,1957,-.60131952E+03,-.60131952E+03,1
pbesol,CdSe0.12Te0.88,P_i+Se_i,Neutral,1955.0000,-.60670496E+03,-.60669085E+03,1
pbesol,CdSe0.12Te0.88,P_i+Te_i,Charged+1,1954,-.60873632E+03,-.60873632E+03,1
pbesol,CdSe0.12Te0.88,P_i+Te_i,Charged+2,1953,-.61087080E+03,-.61084550E+03,1
pbesol,CdSe0.12Te0.88,P_i+Te_i,Charged-1,1956,-.60350577E+03,-.60350577E+03,1
pbesol,CdSe0.12Te0.88,P_i+Te_i,Charged-2,1957,-.59997333E+03,-.59997333E+03,1
pbesol,CdSe0.12Te0.88,P_i+Te_i,Neutral,1955.0000,-.60610893E+03,-.60609483E+03,1
pbesol,CdSe0.12Te0.88,Sb_Se,Charged+1,1942,-.60061888E+03,-.60058267E+03,1
pbesol,CdSe0.12Te0.88,Sb_Se,Charged+2,1941,-.60273416E+03,-.60269382E+03,1
pbesol,CdSe0.12Te0.88,Sb_Se,Charged-1,1944,-.59625694E+03,-.59625694E+03,1
pbesol,CdSe0.12Te0.88,Sb_Se,Charged-2,1945,-.59363534E+03,-.59362124E+03,1
pbesol,CdSe0.12Te0.88,Sb_Se,Neutral,1943.0000,-.59847014E+03,-.59844596E+03,1
pbesol,CdSe0.12Te0.88,Sb_Se+Cl_Se,Charged+1,1943,-.59938403E+03,-.59936011E+03,1
pbesol,CdSe0.12Te0.88,Sb_Se+Cl_Se,Charged+2,1942,-.60152457E+03,-.60148926E+03,1
pbesol,CdSe0.12Te0.88,Sb_Se+Cl_Se,Charged-1,1945,-.59456988E+03,-.59455577E+03,1
pbesol,CdSe0.12Te0.88,Sb_Se+Cl_Se,Charged-2,1946,-.59190655E+03,-.59190655E+03,1
pbesol,CdSe0.12Te0.88,Sb_Se+Cl_Se,Neutral,1944.0000,-.59718170E+03,-.59718170E+03,1
pbesol,CdSe0.12Te0.88,Sb_Se+Cl_i,Charged+1,1949,-.60352142E+03,-.60349824E+03,1
pbesol,CdSe0.12Te0.88,Sb_Se+Cl_i,Charged+2,1948,-.60565045E+03,-.60561766E+03,1
pbesol,CdSe0.12Te0.88,Sb_Se+Cl_i,Charged-1,1951,-.59869699E+03,-.59868289E+03,1
pbesol,CdSe0.12Te0.88,Sb_Se+Cl_i,Charged-2,1952,-.59599033E+03,-.59599033E+03,1
pbesol,CdSe0.12Te0.88,Sb_Se+Cl_i,Neutral,1950.0000,-.60134437E+03,-.60134437E+03,1
pbesol,CdSe0.12Te0.88,Sb_Se+O_Se,Charged+1,1942,-.60204772E+03,-.60201280E+03,1
pbesol,CdSe0.12Te0.88,Sb_Se+O_Se,Charged+2,1941,-.60413667E+03,-.60409741E+03,1
pbesol,CdSe0.12Te0.88,Sb_Se+O_Se,Charged-1,1944,-.59773295E+03,-.59773295E+03,1
pbesol,CdSe0.12Te0.88,Sb_Se+O_Se,Charged-2,1945,-.59522797E+03,-.59521386E+03,1
pbesol,CdSe0.12Te0.88,Sb_Se+O_Se,Neutral,1943.0000,-.59992395E+03,-.59990062E+03,1
pbesol,CdSe0.12Te0.88,Sb_Se+O_i,Charged+1,1948,-.60619739E+03,-.60619739E+03,1
pbesol,CdSe0.12Te0.88,Sb_Se+O_i,Charged+2,1947,-.60853162E+03,-.60850904E+03,1
pbesol,CdSe0.12Te0.88,Sb_Se+O_i,Charged-1,1950,-.60213553E+03,-.60213156E+03,1
pbesol,CdSe0.12Te0.88,Sb_Se+O_i,Charged-2,1951,-.59949474E+03,-.59948063E+03,1
pbesol,CdSe0.12Te0.88,Sb_Se+O_i,Neutral,1949.0000,-.60482476E+03,-.60482409E+03,1
pbesol,CdSe0.12Te0.88,Sb_Se+Sb_i,Charged+1,1947,-.60446842E+03,-.60445432E+03,1
pbesol,CdSe0.12Te0.88,Sb_Se+Sb_i,Charged+2,1946,-.60714314E+03,-.60714314E+03,1
pbesol,CdSe0.12Te0.88,Sb_Se+Sb_i,Charged-1,1949,-.59881229E+03,-.59881229E+03,1
pbesol,CdSe0.12Te0.88,Sb_Se+Sb_i,Charged-2,1950,-.59594856E+03,-.59594856E+03,1
pbesol,CdSe0.12Te0.88,Sb_Se+Sb_i,Neutral,1948.0000,-.60174008E+03,-.60174008E+03,1
pbesol,CdSe0.12Te0.88,Sb_Te,Charged+1,1942,-.60123438E+03,-.60119763E+03,1
pbesol,CdSe0.12Te0.88,Sb_Te,Charged+2,1941,-.60331168E+03,-.60327077E+03,1
pbesol,CdSe0.12Te0.88,Sb_Te,Charged-1,1944,-.59696264E+03,-.59696264E+03,1
pbesol,CdSe0.12Te0.88,Sb_Te,Charged-2,1945,-.59437148E+03,-.59435737E+03,1
pbesol,CdSe0.12Te0.88,Sb_Te,Neutral,1943.0000,-.59912640E+03,-.59910184E+03,1
pbesol,CdSe0.12Te0.88,Sb_Te+Cl_Te,Charged+1,1943,-.60068889E+03,-.60066458E+03,1
pbesol,CdSe0.12Te0.88,Sb_Te+Cl_Te,Charged+2,1942,-.60273893E+03,-.60270293E+03,1
pbesol,CdSe0.12Te0.88,Sb_Te+Cl_Te,Charged-1,1945,-.59604447E+03,-.59603037E+03,1
pbesol,CdSe0.12Te0.88,Sb_Te+Cl_Te,Charged-2,1946,-.59344126E+03,-.59344126E+03,1
pbesol,CdSe0.12Te0.88,Sb_Te+Cl_Te,Neutral,1944.0000,-.59859535E+03,-.59859535E+03,1
pbesol,CdSe0.12Te0.88,Sb_Te+Cl_i,Charged+1,1949,-.60421209E+03,-.60419120E+03,1
pbesol,CdSe0.12Te0.88,Sb_Te+Cl_i,Charged+2,1948,-.60630833E+03,-.60627684E+03,1
pbesol,CdSe0.12Te0.88,Sb_Te+Cl_i,Charged-1,1951,-.59944622E+03,-.59943211E+03,1
pbesol,CdSe0.12Te0.88,Sb_Te+Cl_i,Charged-2,1952,-.59677230E+03,-.59677230E+03,1
pbesol,CdSe0.12Te0.88,Sb_Te+Cl_i,Neutral,1950.0000,-.60206749E+03,-.60206749E+03,1
pbesol,CdSe0.12Te0.88,Sb_Te+O_Te,Charged+1,1942,-.60325209E+03,-.60322439E+03,1
pbesol,CdSe0.12Te0.88,Sb_Te+O_Te,Charged+2,1941,-.60527397E+03,-.60523939E+03,1
pbesol,CdSe0.12Te0.88,Sb_Te+O_Te,Charged-1,1944,-.59906175E+03,-.59906175E+03,1
pbesol,CdSe0.12Te0.88,Sb_Te+O_Te,Charged-2,1945,-.59660443E+03,-.59659033E+03,1
pbesol,CdSe0.12Te0.88,Sb_Te+O_Te,Neutral,1943.0000,-.60119865E+03,-.60118777E+03,1
pbesol,CdSe0.12Te0.88,Sb_Te+O_i,Charged+1,1948,-.60817554E+03,-.60817554E+03,1
pbesol,CdSe0.12Te0.88,Sb_Te+O_i,Charged+2,1947,-.61026641E+03,-.61024046E+03,1
pbesol,CdSe0.12Te0.88,Sb_Te+O_i,Charged-1,1950,-.60281939E+03,-.60281763E+03,1
pbesol,CdSe0.12Te0.88,Sb_Te+O_i,Charged-2,1951,-.60021120E+03,-.60019710E+03,1
pbesol,CdSe0.12Te0.88,Sb_Te+O_i,Neutral,1949.0000,-.60542862E+03,-.60542837E+03,1
pbesol,CdSe0.12Te0.88,Sb_Te+Sb_i,Charged+1,1967,-.60498748E+03,-.60497338E+03,1
pbesol,CdSe0.12Te0.88,Sb_Te+Sb_i,Charged+2,1966,-.60762484E+03,-.60762484E+03,1
pbesol,CdSe0.12Te0.88,Sb_Te+Sb_i,Charged-1,1969,-.59945904E+03,-.59945904E+03,1
pbesol,CdSe0.12Te0.88,Sb_Te+Sb_i,Charged-2,1970,-.59676979E+03,-.59676979E+03,1
pbesol,CdSe0.12Te0.88,Sb_Te+Sb_i,Neutral,1968.0000,-.60363560E+03,-.60363519E+03,1
pbesol,CdSe0.12Te0.88,Sb_i,Charged+1,1948,-.60437614E+03,-.60437614E+03,1
pbesol,CdSe0.12Te0.88,Sb_i,Charged+2,1947,-.60693918E+03,-.60692508E+03,1
pbesol,CdSe0.12Te0.88,Sb_i,Charged-1,1950,-.59898507E+03,-.59897055E+03,1
pbesol,CdSe0.12Te0.88,Sb_i,Charged-2,1951,-.59629197E+03,-.59629194E+03,1
pbesol,CdSe0.12Te0.88,Sb_i,Neutral,1949.0000,-.60165343E+03,-.60163933E+03,1
pbesol,CdSe0.12Te0.88,Sb_i+Sb_i,Charged+1,1953,-.60802362E+03,-.60801417E+03,1
pbesol,CdSe0.12Te0.88,Sb_i+Sb_i,Charged+2,1952,-.61064672E+03,-.61064672E+03,1
pbesol,CdSe0.12Te0.88,Sb_i+Sb_i,Charged-1,1955,-.60289544E+03,-.60289544E+03,1
pbesol,CdSe0.12Te0.88,Sb_i+Sb_i,Charged-2,1956,-.59995353E+03,-.59995353E+03,1
pbesol,CdSe0.12Te0.88,Sb_i+Sb_i,Neutral,1954.0000,-.60579183E+03,-.60579183E+03,1
pbesol,CdSe0.12Te0.88,Sb_i+Se_i,Charged+1,1954,-.60831833E+03,-.60831833E+03,1
pbesol,CdSe0.12Te0.88,Sb_i+Se_i,Charged+2,1953,-.61057963E+03,-.61057963E+03,1
pbesol,CdSe0.12Te0.88,Sb_i+Se_i,Charged-1,1956,-.60285462E+03,-.60285462E+03,1
pbesol,CdSe0.12Te0.88,Sb_i+Se_i,Charged-2,1957,-.59995114E+03,-.59995114E+03,1
pbesol,CdSe0.12Te0.88,Sb_i+Se_i,Neutral,1955.0000,-.60565121E+03,-.60563710E+03,1
pbesol,CdSe0.12Te0.88,Sb_i+Te_i,Charged+1,1954,-.60741431E+03,-.60741431E+03,1
pbesol,CdSe0.12Te0.88,Sb_i+Te_i,Charged+2,1953,-.61021769E+03,-.61020358E+03,1
pbesol,CdSe0.12Te0.88,Sb_i+Te_i,Charged-1,1956,-.60178737E+03,-.60178737E+03,1
pbesol,CdSe0.12Te0.88,Sb_i+Te_i,Charged-2,1957,-.59856451E+03,-.59856450E+03,1
pbesol,CdSe0.12Te0.88,Sb_i+Te_i,Neutral,1955.0000,-.60481746E+03,-.60480336E+03,1
pbesol,CdSe0.12Te0.88,Se_Cd,Charged+1,Cg_NA,-.59689488E+03,-.59688078E+03,1
pbesol,CdSe0.12Te0.88,Se_Cd,Charged+2,Cg_NA,-.59952912E+03,-.59952912E+03,1
pbesol,CdSe0.12Te0.88,Se_Cd,Charged-1,Cg_NA,-.59127982E+03,-.59127976E+03,1
pbesol,CdSe0.12Te0.88,Se_Cd,Charged-2,Cg_NA,-.58873235E+03,-.58873235E+03,1
pbesol,CdSe0.12Te0.88,Se_Cd,Neutral,Nt_NA,-.59420736E+03,-.59420736E+03,1
pbesol,CdSe0.12Te0.88,Se_Cd+Cd_i,Charged+1,Cg_NA,-.59699533E+03,-.59698122E+03,1
pbesol,CdSe0.12Te0.88,Se_Cd+Cd_i,Charged+2,Cg_NA,-.59963899E+03,-.59963899E+03,1
pbesol,CdSe0.12Te0.88,Se_Cd+Cd_i,Charged-1,Cg_NA,-.59124049E+03,-.59124013E+03,1
pbesol,CdSe0.12Te0.88,Se_Cd+Cd_i,Charged-2,Cg_NA,-.58807223E+03,-.58807214E+03,1
pbesol,CdSe0.12Te0.88,Se_Cd+Cd_i,Neutral,Nt_NA,-.59429962E+03,-.59429962E+03,1
pbesol,CdSe0.12Te0.88,Se_Te,Charged+1,1943,-.60117223E+03,-.60114577E+03,1
pbesol,CdSe0.12Te0.88,Se_Te,Charged+2,1942,-.60325163E+03,-.60321313E+03,1
pbesol,CdSe0.12Te0.88,Se_Te,Charged-1,1945,-.59644365E+03,-.59642954E+03,1
pbesol,CdSe0.12Te0.88,Se_Te,Charged-2,1946,-.59377248E+03,-.59377248E+03,1
pbesol,CdSe0.12Te0.88,Se_Te,Neutral,1944.0000,-.59906057E+03,-.59906057E+03,1
pbesol,CdSe0.12Te0.88,Se_i,Charged+1,Cg_NA,-.60461956E+03,-.60459398E+03,1
pbesol,CdSe0.12Te0.88,Se_i,Charged+2,Cg_NA,-.60670287E+03,-.60666398E+03,1
pbesol,CdSe0.12Te0.88,Se_i,Charged-1,Cg_NA,-.59987062E+03,-.59985652E+03,1
pbesol,CdSe0.12Te0.88,Se_i,Charged-2,Cg_NA,-.59719173E+03,-.59719173E+03,1
pbesol,CdSe0.12Te0.88,Se_i,Neutral,Nt_NA,-.60249627E+03,-.60249627E+03,1
pbesol,CdSe0.12Te0.88,Te_Cd,Charged+1,Cg_NA,-.59750109E+03,-.59748698E+03,1
pbesol,CdSe0.12Te0.88,Te_Cd,Charged+2,Cg_NA,-.60009965E+03,-.60009965E+03,1
pbesol,CdSe0.12Te0.88,Te_Cd,Charged-1,Cg_NA,-.59196534E+03,-.59196533E+03,1
pbesol,CdSe0.12Te0.88,Te_Cd,Charged-2,Cg_NA,-.58894430E+03,-.58894425E+03,1
pbesol,CdSe0.12Te0.88,Te_Cd,Neutral,Nt_NA,-.59484922E+03,-.59484922E+03,1
pbesol,CdSe0.12Te0.88,Te_Cd+Cd_i,Charged+1,Cg_NA,-.59821050E+03,-.59819639E+03,1
pbesol,CdSe0.12Te0.88,Te_Cd+Cd_i,Charged+2,Cg_NA,-.60082435E+03,-.60082435E+03,1
pbesol,CdSe0.12Te0.88,Te_Cd+Cd_i,Charged-1,Cg_NA,-.59261728E+03,-.59261721E+03,1
pbesol,CdSe0.12Te0.88,Te_Cd+Cd_i,Charged-2,Cg_NA,-.58960538E+03,-.58960394E+03,1
pbesol,CdSe0.12Te0.88,Te_Cd+Cd_i,Neutral,Nt_NA,-.59554307E+03,-.59554307E+03,1
pbesol,CdSe0.12Te0.88,Te_Se,Charged+1,1943,-.60237421E+03,-.60234775E+03,1
pbesol,CdSe0.12Te0.88,Te_Se,Charged+2,1942,-.60440383E+03,-.60436532E+03,1
pbesol,CdSe0.12Te0.88,Te_Se,Charged-1,1945,-.59776443E+03,-.59775032E+03,1
pbesol,CdSe0.12Te0.88,Te_Se,Charged-2,1946,-.59516250E+03,-.59516250E+03,1
pbesol,CdSe0.12Te0.88,Te_Se,Neutral,1944.0000,-.60031281E+03,-.60031281E+03,1
pbesol,CdSe0.12Te0.88,Te_i,Charged+1,Cg_NA,-.60386268E+03,-.60385733E+03,1
pbesol,CdSe0.12Te0.88,Te_i,Charged+2,Cg_NA,-.60599090E+03,-.60596443E+03,1
pbesol,CdSe0.12Te0.88,Te_i,Charged-1,Cg_NA,-.59901161E+03,-.59899751E+03,1
pbesol,CdSe0.12Te0.88,Te_i,Charged-2,Cg_NA,-.59631130E+03,-.59631130E+03,1
pbesol,CdSe0.12Te0.88,Te_i,Neutral,Nt_NA,-.60165928E+03,-.60165928E+03,1
pbesol,CdSe0.12Te0.88,V_Cd,Charged+1,Cg_NA,-.59819965E+03,-.59815818E+03,1
pbesol,CdSe0.12Te0.88,V_Cd,Charged+2,Cg_NA,-.60022557E+03,-.60018766E+03,1
pbesol,CdSe0.12Te0.88,V_Cd,Charged-1,Cg_NA,-.59407312E+03,-.59404763E+03,1
pbesol,CdSe0.12Te0.88,V_Cd,Charged-2,Cg_NA,-.59195059E+03,-.59195059E+03,1
pbesol,CdSe0.12Te0.88,V_Cd,Neutral,Nt_NA,-.59614995E+03,-.59611236E+03,1
pbesol,CdSe0.12Te0.88,V_Cd+Cd_Se,Charged+1,Cg_NA,-.59912586E+03,-.59910206E+03,1
pbesol,CdSe0.12Te0.88,V_Cd+Cd_Se,Charged+2,Cg_NA,-.60120435E+03,-.60116858E+03,1
pbesol,CdSe0.12Te0.88,V_Cd+Cd_Se,Charged-1,Cg_NA,-.59479833E+03,-.59479749E+03,1
pbesol,CdSe0.12Te0.88,V_Cd+Cd_Se,Charged-2,Cg_NA,-.59268802E+03,-.59268802E+03,1
pbesol,CdSe0.12Te0.88,V_Cd+Cd_Se,Neutral,Nt_NA,-.59700030E+03,-.59700030E+03,1
pbesol,CdSe0.12Te0.88,V_Cd+Cd_Te,Charged+1,Cg_NA,-.59904184E+03,-.59901789E+03,1
pbesol,CdSe0.12Te0.88,V_Cd+Cd_Te,Charged+2,Cg_NA,-.60114175E+03,-.60110589E+03,1
pbesol,CdSe0.12Te0.88,V_Cd+Cd_Te,Charged-1,Cg_NA,-.59450401E+03,-.59450401E+03,1
pbesol,CdSe0.12Te0.88,V_Cd+Cd_Te,Charged-2,Cg_NA,-.59215003E+03,-.59215003E+03,1
pbesol,CdSe0.12Te0.88,V_Cd+Cd_Te,Neutral,Nt_NA,-.59689484E+03,-.59689484E+03,1
pbesol,CdSe0.12Te0.88,V_Cd+Se_Cd,Charged+1,Cg_NA,-.59397316E+03,-.59395008E+03,1
pbesol,CdSe0.12Te0.88,V_Cd+Se_Cd,Charged+2,Cg_NA,-.59602531E+03,-.59599066E+03,1
pbesol,CdSe0.12Te0.88,V_Cd+Se_Cd,Charged-1,Cg_NA,-.58924100E+03,-.58922689E+03,1
pbesol,CdSe0.12Te0.88,V_Cd+Se_Cd,Charged-2,Cg_NA,-.58655777E+03,-.58655777E+03,1
pbesol,CdSe0.12Te0.88,V_Cd+Se_Cd,Neutral,Nt_NA,-.59187104E+03,-.59187104E+03,1
pbesol,CdSe0.12Te0.88,V_Cd+Se_i,Charged+1,Cg_NA,-.60194543E+03,-.60192159E+03,1
pbesol,CdSe0.12Te0.88,V_Cd+Se_i,Charged+2,Cg_NA,-.60401268E+03,-.60397730E+03,1
pbesol,CdSe0.12Te0.88,V_Cd+Se_i,Charged-1,Cg_NA,-.59722528E+03,-.59721118E+03,1
pbesol,CdSe0.12Te0.88,V_Cd+Se_i,Charged-2,Cg_NA,-.59504741E+03,-.59504741E+03,1
pbesol,CdSe0.12Te0.88,V_Cd+Se_i,Neutral,Nt_NA,-.59983831E+03,-.59983831E+03,1
pbesol,CdSe0.12Te0.88,V_Cd+Te_Cd,Charged+1,Cg_NA,-.59589800E+03,-.59587189E+03,1
pbesol,CdSe0.12Te0.88,V_Cd+Te_Cd,Charged+2,Cg_NA,-.59789213E+03,-.59785413E+03,1
pbesol,CdSe0.12Te0.88,V_Cd+Te_Cd,Charged-1,Cg_NA,-.59124703E+03,-.59123292E+03,1
pbesol,CdSe0.12Te0.88,V_Cd+Te_Cd,Charged-2,Cg_NA,-.58857067E+03,-.58857067E+03,1
pbesol,CdSe0.12Te0.88,V_Cd+Te_Cd,Neutral,Nt_NA,-.59386992E+03,-.59386992E+03,1
pbesol,CdSe0.12Te0.88,V_Se,Charged+1,Cg_NA,-.59532390E+03,-.59529780E+03,1
pbesol,CdSe0.12Te0.88,V_Se,Charged+2,Cg_NA,-.59733789E+03,-.59729991E+03,1
pbesol,CdSe0.12Te0.88,V_Se,Charged-1,Cg_NA,-.59062695E+03,-.59061285E+03,1
pbesol,CdSe0.12Te0.88,V_Se,Charged-2,Cg_NA,-.58792385E+03,-.58792385E+03,1
pbesol,CdSe0.12Te0.88,V_Se,Neutral,Nt_NA,-.59327689E+03,-.59327689E+03,1
pbesol,CdSe0.12Te0.88,V_Se+Cd_Se,Charged+1,Cg_NA,-.59612197E+03,-.59609704E+03,1
pbesol,CdSe0.12Te0.88,V_Se+Cd_Se,Charged+2,Cg_NA,-.59814152E+03,-.59810532E+03,1
pbesol,CdSe0.12Te0.88,V_Se+Cd_Se,Charged-1,Cg_NA,-.59137779E+03,-.59136369E+03,1
pbesol,CdSe0.12Te0.88,V_Se+Cd_Se,Charged-2,Cg_NA,-.58863445E+03,-.58863445E+03,1
pbesol,CdSe0.12Te0.88,V_Se+Cd_Se,Neutral,Nt_NA,-.59406789E+03,-.59406789E+03,1
pbesol,CdSe0.12Te0.88,V_Te,Charged+1,Cg_NA,-.59589934E+03,-.59587320E+03,1
pbesol,CdSe0.12Te0.88,V_Te,Charged+2,Cg_NA,-.59789352E+03,-.59785549E+03,1
pbesol,CdSe0.12Te0.88,V_Te,Charged-1,Cg_NA,-.59124741E+03,-.59123331E+03,1
pbesol,CdSe0.12Te0.88,V_Te,Charged-2,Cg_NA,-.58857095E+03,-.58857095E+03,1
pbesol,CdSe0.12Te0.88,V_Te,Neutral,Nt_NA,-.59387161E+03,-.59387161E+03,1
pbesol,CdSe0.12Te0.88,V_Te+Cd_Te,Charged+1,Cg_NA,-.59768023E+03,-.59766612E+03,1
pbesol,CdSe0.12Te0.88,V_Te+Cd_Te,Charged+2,Cg_NA,-.60028285E+03,-.60028285E+03,1
pbesol,CdSe0.12Te0.88,V_Te+Cd_Te,Charged-1,Cg_NA,-.59198905E+03,-.59198905E+03,1
pbesol,CdSe0.12Te0.88,V_Te+Cd_Te,Charged-2,Cg_NA,-.59195084E+03,-.59195084E+03,1
pbesol,CdSe0.12Te0.88,V_Te+Cd_Te,Neutral,Nt_NA,-.59502426E+03,-.59502426E+03,1
pbesol,CdSe0.12Te0.88,V_Te+Te_i,Charged+1,Cg_NA,-.60178244E+03,-.60175599E+03,1
pbesol,CdSe0.12Te0.88,V_Te+Te_i,Charged+2,Cg_NA,-.60383602E+03,-.60379752E+03,1
pbesol,CdSe0.12Te0.88,V_Te+Te_i,Charged-1,Cg_NA,-.59711145E+03,-.59709734E+03,1
pbesol,CdSe0.12Te0.88,V_Te+Te_i,Charged-2,Cg_NA,-.59447386E+03,-.59447386E+03,1
pbesol,CdSe0.12Te0.88,V_Te+Te_i,Neutral,Nt_NA,-.59969567E+03,-.59969567E+03,1
pbesol,CdSe0.20Te0.80,As_Se,Charged+1,1952,-.60699467E+03,-.60695855E+03,1
pbesol,CdSe0.20Te0.80,As_Se,Charged+2,1951,-.60897349E+03,-.60893339E+03,1
pbesol,CdSe0.20Te0.80,As_Se,Charged-1,1954,-.60293864E+03,-.60293864E+03,1
pbesol,CdSe0.20Te0.80,As_Se,Charged-2,1955,-.60046883E+03,-.60045472E+03,1
pbesol,CdSe0.20Te0.80,As_Se,Neutral,1953.0000,-.60498962E+03,-.60496544E+03,1
pbesol,CdSe0.20Te0.80,As_Se+As_i,Charged+1,1967,-.60853001E+03,-.60851591E+03,1
pbesol,CdSe0.20Te0.80,As_Se+As_i,Charged+2,1966,-.61108760E+03,-.61108760E+03,1
pbesol,CdSe0.20Te0.80,As_Se+As_i,Charged-1,1969,-.60645067E+03,-.60643657E+03,1
pbesol,CdSe0.20Te0.80,As_Se+As_i,Charged-2,1970,-.60048791E+03,-.60048791E+03,1
pbesol,CdSe0.20Te0.80,As_Se+As_i,Neutral,1968.0000,-.60592695E+03,-.60592695E+03,1
pbesol,CdSe0.20Te0.80,As_Se+Cl_Se,Charged+1,1953,-.60591064E+03,-.60588741E+03,1
pbesol,CdSe0.20Te0.80,As_Se+Cl_Se,Charged+2,1952,-.60788931E+03,-.60785445E+03,1
pbesol,CdSe0.20Te0.80,As_Se+Cl_Se,Charged-1,1955,-.60142613E+03,-.60141203E+03,1
pbesol,CdSe0.20Te0.80,As_Se+Cl_Se,Charged-2,1956,-.59890923E+03,-.59890923E+03,1
pbesol,CdSe0.20Te0.80,As_Se+Cl_Se,Neutral,1954.0000,-.60389053E+03,-.60389053E+03,1
pbesol,CdSe0.20Te0.80,As_Se+Cl_i,Charged+1,1959,-.60649442E+03,-.60649442E+03,1
pbesol,CdSe0.20Te0.80,As_Se+Cl_i,Charged+2,1958,-.60883214E+03,-.60881384E+03,1
pbesol,CdSe0.20Te0.80,As_Se+Cl_i,Charged-1,1961,-.60200622E+03,-.60200622E+03,1
pbesol,CdSe0.20Te0.80,As_Se+Cl_i,Charged-2,1962,-.59898515E+03,-.59898430E+03,1
pbesol,CdSe0.20Te0.80,As_Se+Cl_i,Neutral,1960.0000,-.60417785E+03,-.60417724E+03,1
pbesol,CdSe0.20Te0.80,As_Se+O_Se,Charged+1,1952,-.60839048E+03,-.60835719E+03,1
pbesol,CdSe0.20Te0.80,As_Se+O_Se,Charged+2,1951,-.61033855E+03,-.61030057E+03,1
pbesol,CdSe0.20Te0.80,As_Se+O_Se,Charged-1,1954,-.60438952E+03,-.60438952E+03,1
pbesol,CdSe0.20Te0.80,As_Se+O_Se,Charged-2,1955,-.60201870E+03,-.60200460E+03,1
pbesol,CdSe0.20Te0.80,As_Se+O_Se,Neutral,1953.0000,-.60641506E+03,-.60639319E+03,1
pbesol,CdSe0.20Te0.80,As_Se+O_i,Charged+1,1958,-.61352320E+03,-.61352291E+03,1
pbesol,CdSe0.20Te0.80,As_Se+O_i,Charged+2,1957,-.61552677E+03,-.61550232E+03,1
pbesol,CdSe0.20Te0.80,As_Se+O_i,Charged-1,1960,-.60885659E+03,-.60884249E+03,1
pbesol,CdSe0.20Te0.80,As_Se+O_i,Charged-2,1961,-.60631103E+03,-.60631103E+03,1
pbesol,CdSe0.20Te0.80,As_Se+O_i,Neutral,1959.0000,-.61134924E+03,-.61134921E+03,1
pbesol,CdSe0.20Te0.80,As_Te,Charged+1,1942,-.60759002E+03,-.60755255E+03,1
pbesol,CdSe0.20Te0.80,As_Te,Charged+2,1941,-.60954435E+03,-.60950307E+03,1
pbesol,CdSe0.20Te0.80,As_Te,Charged-1,1944,-.60358905E+03,-.60358905E+03,1
pbesol,CdSe0.20Te0.80,As_Te,Charged-2,1945,-.60114739E+03,-.60113329E+03,1
pbesol,CdSe0.20Te0.80,As_Te,Neutral,1943.0000,-.60561019E+03,-.60558463E+03,1
pbesol,CdSe0.20Te0.80,As_Te+As_i,Charged+1,1967,-.61193114E+03,-.61193083E+03,1
pbesol,CdSe0.20Te0.80,As_Te+As_i,Charged+2,1966,-.61432157E+03,-.61432157E+03,1
pbesol,CdSe0.20Te0.80,As_Te+As_i,Charged-1,1969,-.60704539E+03,-.60703129E+03,1
pbesol,CdSe0.20Te0.80,As_Te+As_i,Charged-2,1970,-.60448157E+03,-.60448157E+03,1
pbesol,CdSe0.20Te0.80,As_Te+As_i,Neutral,1968.0000,-.60954563E+03,-.60954479E+03,1
pbesol,CdSe0.20Te0.80,As_Te+Cl_Te,Charged+1,1953,-.60716735E+03,-.60714282E+03,1
pbesol,CdSe0.20Te0.80,As_Te+Cl_Te,Charged+2,1952,-.60909874E+03,-.60906249E+03,1
pbesol,CdSe0.20Te0.80,As_Te+Cl_Te,Charged-1,1955,-.60279829E+03,-.60278419E+03,1
pbesol,CdSe0.20Te0.80,As_Te+Cl_Te,Charged-2,1956,-.60034718E+03,-.60034718E+03,1
pbesol,CdSe0.20Te0.80,As_Te+Cl_Te,Neutral,1954.0000,-.60519637E+03,-.60519637E+03,1
pbesol,CdSe0.20Te0.80,As_Te+Cl_i,Charged+1,1959,-.61033002E+03,-.61030685E+03,1
pbesol,CdSe0.20Te0.80,As_Te+Cl_i,Charged+2,1958,-.61249196E+03,-.61245551E+03,1
pbesol,CdSe0.20Te0.80,As_Te+Cl_i,Charged-1,1961,-.60585028E+03,-.60583618E+03,1
pbesol,CdSe0.20Te0.80,As_Te+Cl_i,Charged-2,1962,-.60351410E+03,-.60351410E+03,1
pbesol,CdSe0.20Te0.80,As_Te+Cl_i,Neutral,1960.0000,-.60851580E+03,-.60851580E+03,1
pbesol,CdSe0.20Te0.80,As_Te+O_Te,Charged+1,1952,-.60959693E+03,-.60956027E+03,1
pbesol,CdSe0.20Te0.80,As_Te+O_Te,Charged+2,1951,-.61149134E+03,-.61145074E+03,1
pbesol,CdSe0.20Te0.80,As_Te+O_Te,Charged-1,1954,-.60571143E+03,-.60571143E+03,1
pbesol,CdSe0.20Te0.80,As_Te+O_Te,Charged-2,1955,-.60340428E+03,-.60339017E+03,1
pbesol,CdSe0.20Te0.80,As_Te+O_Te,Neutral,1953.0000,-.60767658E+03,-.60765172E+03,1
pbesol,CdSe0.20Te0.80,As_Te+O_i,Charged+1,1958,-.61405786E+03,-.61405688E+03,1
pbesol,CdSe0.20Te0.80,As_Te+O_i,Charged+2,1957,-.61601605E+03,-.61599087E+03,1
pbesol,CdSe0.20Te0.80,As_Te+O_i,Charged-1,1960,-.60961833E+03,-.60961382E+03,1
pbesol,CdSe0.20Te0.80,As_Te+O_i,Charged-2,1961,-.60715201E+03,-.60713782E+03,1
pbesol,CdSe0.20Te0.80,As_Te+O_i,Neutral,1959.0000,-.61195883E+03,-.61195882E+03,1
pbesol,CdSe0.20Te0.80,As_i,Charged+1,1958,-.61077175E+03,-.61077175E+03,1
pbesol,CdSe0.20Te0.80,As_i,Charged+2,1957,-.61289891E+03,-.61289888E+03,1
pbesol,CdSe0.20Te0.80,As_i,Charged-1,1960,-.60587329E+03,-.60585555E+03,1
pbesol,CdSe0.20Te0.80,As_i,Charged-2,1961,-.60316128E+03,-.60316127E+03,1
pbesol,CdSe0.20Te0.80,As_i,Neutral,1959.0000,-.60821840E+03,-.60821703E+03,1
pbesol,CdSe0.20Te0.80,As_i+As_i,Charged+1,1973,-.61521023E+03,-.61520977E+03,1
pbesol,CdSe0.20Te0.80,As_i+As_i,Charged+2,1972,-.61806697E+03,-.61806697E+03,1
pbesol,CdSe0.20Te0.80,As_i+As_i,Charged-1,1975,-.61029306E+03,-.61029290E+03,1
pbesol,CdSe0.20Te0.80,As_i+As_i,Charged-2,1976,-.60756250E+03,-.60756250E+03,1
pbesol,CdSe0.20Te0.80,As_i+As_i,Neutral,1974.0000,-.61295705E+03,-.61295469E+03,1
pbesol,CdSe0.20Te0.80,As_i+Se_i,Charged+1,1964,-.60803432E+03,-.60803432E+03,1
pbesol,CdSe0.20Te0.80,As_i+Se_i,Charged+2,1963,-.61060366E+03,-.61060313E+03,1
pbesol,CdSe0.20Te0.80,As_i+Se_i,Charged-1,1966,-.60949527E+03,-.60949527E+03,1
pbesol,CdSe0.20Te0.80,As_i+Se_i,Charged-2,1967,-.59979489E+03,-.59978696E+03,1
pbesol,CdSe0.20Te0.80,As_i+Se_i,Neutral,1965.0000,-.60556871E+03,-.60555461E+03,1
pbesol,CdSe0.20Te0.80,As_i+Te_i,Charged+1,1964,-.61378726E+03,-.61378726E+03,1
pbesol,CdSe0.20Te0.80,As_i+Te_i,Charged+2,1963,-.61600915E+03,-.61600707E+03,1
pbesol,CdSe0.20Te0.80,As_i+Te_i,Charged-1,1966,-.60834597E+03,-.60834597E+03,1
pbesol,CdSe0.20Te0.80,As_i+Te_i,Charged-2,1967,-.60528396E+03,-.60528396E+03,1
pbesol,CdSe0.20Te0.80,As_i+Te_i,Neutral,1965.0000,-.61123105E+03,-.61121695E+03,1
pbesol,CdSe0.20Te0.80,Bi_Cd,Charged+1,1946,-.60995681E+03,-.60995681E+03,1
pbesol,CdSe0.20Te0.80,Bi_Cd,Charged+2,1945,-.61199571E+03,-.61196995E+03,1
pbesol,CdSe0.20Te0.80,Bi_Cd,Charged-1,1948,-.60483031E+03,-.60483031E+03,1
pbesol,CdSe0.20Te0.80,Bi_Cd,Charged-2,1949,-.60147585E+03,-.60146174E+03,1
pbesol,CdSe0.20Te0.80,Bi_Cd,Neutral,1947.0000,-.60742023E+03,-.60740612E+03,1
pbesol,CdSe0.20Te0.80,Bi_Cd+Bi_Se,Charged+1,1955,-.60819580E+03,-.60818098E+03,1
pbesol,CdSe0.20Te0.80,Bi_Cd+Bi_Se,Charged+2,1954,-.61032732E+03,-.61030831E+03,1
pbesol,CdSe0.20Te0.80,Bi_Cd+Bi_Se,Charged-1,1957,-.60337981E+03,-.60336571E+03,1
pbesol,CdSe0.20Te0.80,Bi_Cd+Bi_Se,Charged-2,1958,-.60074826E+03,-.60074826E+03,1
pbesol,CdSe0.20Te0.80,Bi_Cd+Bi_Se,Neutral,1956.0000,-.60595768E+03,-.60595768E+03,1
pbesol,CdSe0.20Te0.80,Bi_Cd+Bi_Te,Charged+1,1955,-.60880487E+03,-.60878149E+03,1
pbesol,CdSe0.20Te0.80,Bi_Cd+Bi_Te,Charged+2,1954,-.61089944E+03,-.61086400E+03,1
pbesol,CdSe0.20Te0.80,Bi_Cd+Bi_Te,Charged-1,1957,-.60408469E+03,-.60407058E+03,1
pbesol,CdSe0.20Te0.80,Bi_Cd+Bi_Te,Charged-2,1958,-.60148953E+03,-.60148953E+03,1
pbesol,CdSe0.20Te0.80,Bi_Cd+Bi_Te,Neutral,1956.0000,-.60662650E+03,-.60662650E+03,1
pbesol,CdSe0.20Te0.80,Bi_Cd+Bi_i,Charged+1,1961,-.61220502E+03,-.61219092E+03,1
pbesol,CdSe0.20Te0.80,Bi_Cd+Bi_i,Charged+2,1960,-.61482536E+03,-.61482536E+03,1
pbesol,CdSe0.20Te0.80,Bi_Cd+Bi_i,Charged-1,1963,-.60657540E+03,-.60657539E+03,1
pbesol,CdSe0.20Te0.80,Bi_Cd+Bi_i,Charged-2,1964,-.60369137E+03,-.60369137E+03,1
pbesol,CdSe0.20Te0.80,Bi_Cd+Bi_i,Neutral,1962.0000,-.60944797E+03,-.60944797E+03,1
pbesol,CdSe0.20Te0.80,Bi_Cd+Cl_Se,Charged+1,1947,-.60820370E+03,-.60818959E+03,1
pbesol,CdSe0.20Te0.80,Bi_Cd+Cl_Se,Charged+2,1946,-.61073264E+03,-.61073264E+03,1
pbesol,CdSe0.20Te0.80,Bi_Cd+Cl_Se,Charged-1,1949,-.60234611E+03,-.60233201E+03,1
pbesol,CdSe0.20Te0.80,Bi_Cd+Cl_Se,Charged-2,1950,-.59931151E+03,-.59931151E+03,1
pbesol,CdSe0.20Te0.80,Bi_Cd+Cl_Se,Neutral,1948.0000,-.60562757E+03,-.60562757E+03,1
pbesol,CdSe0.20Te0.80,Bi_Cd+Cl_Te,Charged+1,1947,-.60883474E+03,-.60882063E+03,1
pbesol,CdSe0.20Te0.80,Bi_Cd+Cl_Te,Charged+2,1946,-.61132834E+03,-.61132834E+03,1
pbesol,CdSe0.20Te0.80,Bi_Cd+Cl_Te,Charged-1,1949,-.60304412E+03,-.60303002E+03,1
pbesol,CdSe0.20Te0.80,Bi_Cd+Cl_Te,Charged-2,1950,-.60001755E+03,-.60001755E+03,1
pbesol,CdSe0.20Te0.80,Bi_Cd+Cl_Te,Neutral,1948.0000,-.60629652E+03,-.60629652E+03,1
pbesol,CdSe0.20Te0.80,Bi_Cd+Cl_i,Charged+1,1953,-.61147994E+03,-.61145460E+03,1
pbesol,CdSe0.20Te0.80,Bi_Cd+Cl_i,Charged+2,1952,-.61351047E+03,-.61347344E+03,1
pbesol,CdSe0.20Te0.80,Bi_Cd+Cl_i,Charged-1,1955,-.60684618E+03,-.60683207E+03,1
pbesol,CdSe0.20Te0.80,Bi_Cd+Cl_i,Charged-2,1956,-.60422430E+03,-.60422430E+03,1
pbesol,CdSe0.20Te0.80,Bi_Cd+Cl_i,Neutral,1954.0000,-.60941391E+03,-.60941391E+03,1
pbesol,CdSe0.20Te0.80,Bi_Cd+O_Se,Charged+1,1946,-.61141927E+03,-.61141927E+03,1
pbesol,CdSe0.20Te0.80,Bi_Cd+O_Se,Charged+2,1945,-.61343429E+03,-.61340868E+03,1
pbesol,CdSe0.20Te0.80,Bi_Cd+O_Se,Charged-1,1948,-.60653833E+03,-.60653833E+03,1
pbesol,CdSe0.20Te0.80,Bi_Cd+O_Se,Charged-2,1949,-.60323224E+03,-.60321814E+03,1
pbesol,CdSe0.20Te0.80,Bi_Cd+O_Se,Neutral,1947.0000,-.60900591E+03,-.60899181E+03,1
pbesol,CdSe0.20Te0.80,Bi_Cd+O_Te,Charged+1,1946,-.61202235E+03,-.61202235E+03,1
pbesol,CdSe0.20Te0.80,Bi_Cd+O_Te,Charged+2,1945,-.61401283E+03,-.61398698E+03,1
pbesol,CdSe0.20Te0.80,Bi_Cd+O_Te,Charged-1,1948,-.60721505E+03,-.60721505E+03,1
pbesol,CdSe0.20Te0.80,Bi_Cd+O_Te,Charged-2,1949,-.60393335E+03,-.60391924E+03,1
pbesol,CdSe0.20Te0.80,Bi_Cd+O_Te,Neutral,1947.0000,-.60964569E+03,-.60963159E+03,1
pbesol,CdSe0.20Te0.80,Bi_Cd+O_i,Charged+1,1952,-.61400974E+03,-.61397205E+03,1
pbesol,CdSe0.20Te0.80,Bi_Cd+O_i,Charged+2,1951,-.61600465E+03,-.61596178E+03,1
pbesol,CdSe0.20Te0.80,Bi_Cd+O_i,Charged-1,1954,-.60993277E+03,-.60993277E+03,1
pbesol,CdSe0.20Te0.80,Bi_Cd+O_i,Charged-2,1955,-.60737548E+03,-.60736137E+03,1
pbesol,CdSe0.20Te0.80,Bi_Cd+O_i,Neutral,1953.0000,-.61199094E+03,-.61196593E+03,1
pbesol,CdSe0.20Te0.80,Bi_Cd+Se_i,Charged+1,1952,-.61268985E+03,-.61268985E+03,1
pbesol,CdSe0.20Te0.80,Bi_Cd+Se_i,Charged+2,1951,-.61476070E+03,-.61473463E+03,1
pbesol,CdSe0.20Te0.80,Bi_Cd+Se_i,Charged-1,1954,-.60751715E+03,-.60751715E+03,1
pbesol,CdSe0.20Te0.80,Bi_Cd+Se_i,Charged-2,1955,-.60450728E+03,-.60449318E+03,1
pbesol,CdSe0.20Te0.80,Bi_Cd+Se_i,Neutral,1953.0000,-.61012991E+03,-.61011580E+03,1
pbesol,CdSe0.20Te0.80,Bi_Cd+Te_i,Charged+1,1952,-.61184243E+03,-.61184243E+03,1
pbesol,CdSe0.20Te0.80,Bi_Cd+Te_i,Charged+2,1951,-.61407685E+03,-.61407643E+03,1
pbesol,CdSe0.20Te0.80,Bi_Cd+Te_i,Charged-1,1954,-.60661380E+03,-.60661380E+03,1
pbesol,CdSe0.20Te0.80,Bi_Cd+Te_i,Charged-2,1955,-.60321605E+03,-.60320194E+03,1
pbesol,CdSe0.20Te0.80,Bi_Cd+Te_i,Neutral,1953.0000,-.60925521E+03,-.60924110E+03,1
pbesol,CdSe0.20Te0.80,Bi_Cd+V_Cd,Charged+1,1934,-.60662055E+03,-.60658373E+03,1
pbesol,CdSe0.20Te0.80,Bi_Cd+V_Cd,Charged+2,1933,-.60860808E+03,-.60856697E+03,1
pbesol,CdSe0.20Te0.80,Bi_Cd+V_Cd,Charged-1,1936,-.60254779E+03,-.60254779E+03,1
pbesol,CdSe0.20Te0.80,Bi_Cd+V_Cd,Charged-2,1937,-.60001122E+03,-.59999712E+03,1
pbesol,CdSe0.20Te0.80,Bi_Cd+V_Cd,Neutral,1935.0000,-.60460690E+03,-.60458249E+03,1
pbesol,CdSe0.20Te0.80,Bi_Cd+V_Se,Charged+1,1940,-.60368207E+03,-.60368207E+03,1
pbesol,CdSe0.20Te0.80,Bi_Cd+V_Se,Charged+2,1939,-.60568067E+03,-.60565561E+03,1
pbesol,CdSe0.20Te0.80,Bi_Cd+V_Se,Charged-1,1942,-.59842502E+03,-.59842502E+03,1
pbesol,CdSe0.20Te0.80,Bi_Cd+V_Se,Charged-2,1943,-.59523507E+03,-.59523438E+03,1
pbesol,CdSe0.20Te0.80,Bi_Cd+V_Se,Neutral,1941.0000,-.60107965E+03,-.60106554E+03,1
pbesol,CdSe0.20Te0.80,Bi_Cd+V_Te,Charged+1,1940,-.60410496E+03,-.60410496E+03,1
pbesol,CdSe0.20Te0.80,Bi_Cd+V_Te,Charged+2,1939,-.60608272E+03,-.60605691E+03,1
pbesol,CdSe0.20Te0.80,Bi_Cd+V_Te,Charged-1,1942,-.59890900E+03,-.59890900E+03,1
pbesol,CdSe0.20Te0.80,Bi_Cd+V_Te,Charged-2,1943,-.59604914E+03,-.59604856E+03,1
pbesol,CdSe0.20Te0.80,Bi_Cd+V_Te,Neutral,1941.0000,-.60153133E+03,-.60151722E+03,1
pbesol,CdSe0.20Te0.80,Bi_Se,Charged+1,1952,-.60579980E+03,-.60578502E+03,1
pbesol,CdSe0.20Te0.80,Bi_Se,Charged+2,1951,-.60785489E+03,-.60782924E+03,1
pbesol,CdSe0.20Te0.80,Bi_Se,Charged-1,1954,-.60140505E+03,-.60140497E+03,1
pbesol,CdSe0.20Te0.80,Bi_Se,Charged-2,1955,-.59890395E+03,-.59888985E+03,1
pbesol,CdSe0.20Te0.80,Bi_Se,Neutral,1953.0000,-.60368762E+03,-.60368671E+03,1
pbesol,CdSe0.20Te0.80,Bi_Se+Bi_i,Charged+1,1967,-.60804376E+03,-.60802966E+03,1
pbesol,CdSe0.20Te0.80,Bi_Se+Bi_i,Charged+2,1966,-.61064453E+03,-.61064453E+03,1
pbesol,CdSe0.20Te0.80,Bi_Se+Bi_i,Charged-1,1969,-.60417323E+03,-.60417319E+03,1
pbesol,CdSe0.20Te0.80,Bi_Se+Bi_i,Charged-2,1970,-.60072441E+03,-.60072441E+03,1
pbesol,CdSe0.20Te0.80,Bi_Se+Bi_i,Neutral,1968.0000,-.60539014E+03,-.60538995E+03,1
pbesol,CdSe0.20Te0.80,Bi_Se+Cl_Se,Charged+1,1953,-.60456641E+03,-.60456093E+03,1
pbesol,CdSe0.20Te0.80,Bi_Se+Cl_Se,Charged+2,1952,-.60663805E+03,-.60661856E+03,1
pbesol,CdSe0.20Te0.80,Bi_Se+Cl_Se,Charged-1,1955,-.59988655E+03,-.59987245E+03,1
pbesol,CdSe0.20Te0.80,Bi_Se+Cl_Se,Charged-2,1956,-.59734115E+03,-.59734115E+03,1
pbesol,CdSe0.20Te0.80,Bi_Se+Cl_Se,Neutral,1954.0000,-.60238122E+03,-.60238122E+03,1
pbesol,CdSe0.20Te0.80,Bi_Se+Cl_i,Charged+1,1959,-.60563066E+03,-.60561785E+03,1
pbesol,CdSe0.20Te0.80,Bi_Se+Cl_i,Charged+2,1958,-.60835169E+03,-.60835169E+03,1
pbesol,CdSe0.20Te0.80,Bi_Se+Cl_i,Charged-1,1961,-.60053634E+03,-.60052796E+03,1
pbesol,CdSe0.20Te0.80,Bi_Se+Cl_i,Charged-2,1962,-.59798629E+03,-.59797283E+03,1
pbesol,CdSe0.20Te0.80,Bi_Se+Cl_i,Neutral,1960.0000,-.60305398E+03,-.60305121E+03,1
pbesol,CdSe0.20Te0.80,Bi_Se+O_Se,Charged+1,1952,-.60731759E+03,-.60730585E+03,1
pbesol,CdSe0.20Te0.80,Bi_Se+O_Se,Charged+2,1951,-.60933780E+03,-.60931568E+03,1
pbesol,CdSe0.20Te0.80,Bi_Se+O_Se,Charged-1,1954,-.60296556E+03,-.60296398E+03,1
pbesol,CdSe0.20Te0.80,Bi_Se+O_Se,Charged-2,1955,-.60055839E+03,-.60054428E+03,1
pbesol,CdSe0.20Te0.80,Bi_Se+O_Se,Neutral,1953.0000,-.60523403E+03,-.60523370E+03,1
pbesol,CdSe0.20Te0.80,Bi_Se+O_i,Charged+1,1958,-.61258320E+03,-.61258320E+03,1
pbesol,CdSe0.20Te0.80,Bi_Se+O_i,Charged+2,1957,-.61465917E+03,-.61465907E+03,1
pbesol,CdSe0.20Te0.80,Bi_Se+O_i,Charged-1,1960,-.60747212E+03,-.60745305E+03,1
pbesol,CdSe0.20Te0.80,Bi_Se+O_i,Charged-2,1961,-.60488595E+03,-.60488595E+03,1
pbesol,CdSe0.20Te0.80,Bi_Se+O_i,Neutral,1959.0000,-.61012383E+03,-.61010972E+03,1
pbesol,CdSe0.20Te0.80,Bi_Te,Charged+1,1952,-.60636722E+03,-.60634630E+03,1
pbesol,CdSe0.20Te0.80,Bi_Te,Charged+2,1951,-.60839542E+03,-.60836398E+03,1
pbesol,CdSe0.20Te0.80,Bi_Te,Charged-1,1954,-.60208520E+03,-.60208519E+03,1
pbesol,CdSe0.20Te0.80,Bi_Te,Charged-2,1955,-.59961753E+03,-.59960342E+03,1
pbesol,CdSe0.20Te0.80,Bi_Te,Neutral,1953.0000,-.60428748E+03,-.60428281E+03,1
pbesol,CdSe0.20Te0.80,Bi_Te+Bi_i,Charged+1,1967,-.61060319E+03,-.61058909E+03,1
pbesol,CdSe0.20Te0.80,Bi_Te+Bi_i,Charged+2,1966,-.61312826E+03,-.61312826E+03,1
pbesol,CdSe0.20Te0.80,Bi_Te+Bi_i,Charged-1,1969,-.60476583E+03,-.60476583E+03,1
pbesol,CdSe0.20Te0.80,Bi_Te+Bi_i,Charged-2,1970,-.60188213E+03,-.60188213E+03,1
pbesol,CdSe0.20Te0.80,Bi_Te+Bi_i,Neutral,1968.0000,-.60802528E+03,-.60802528E+03,1
pbesol,CdSe0.20Te0.80,Bi_Te+Cl_Te,Charged+1,1953,-.60581060E+03,-.60579967E+03,1
pbesol,CdSe0.20Te0.80,Bi_Te+Cl_Te,Charged+2,1952,-.60782481E+03,-.60779958E+03,1
pbesol,CdSe0.20Te0.80,Bi_Te+Cl_Te,Charged-1,1955,-.60128339E+03,-.60126928E+03,1
pbesol,CdSe0.20Te0.80,Bi_Te+Cl_Te,Charged-2,1956,-.59880263E+03,-.59880263E+03,1
pbesol,CdSe0.20Te0.80,Bi_Te+Cl_Te,Neutral,1954.0000,-.60371176E+03,-.60371176E+03,1
pbesol,CdSe0.20Te0.80,Bi_Te+Cl_i,Charged+1,1959,-.60939908E+03,-.60939897E+03,1
pbesol,CdSe0.20Te0.80,Bi_Te+Cl_i,Charged+2,1958,-.61198684E+03,-.61198684E+03,1
pbesol,CdSe0.20Te0.80,Bi_Te+Cl_i,Charged-1,1961,-.60467638E+03,-.60466227E+03,1
pbesol,CdSe0.20Te0.80,Bi_Te+Cl_i,Charged-2,1962,-.60230893E+03,-.60230893E+03,1
pbesol,CdSe0.20Te0.80,Bi_Te+Cl_i,Neutral,1960.0000,-.60736891E+03,-.60736891E+03,1
pbesol,CdSe0.20Te0.80,Bi_Te+O_Te,Charged+1,1952,-.60853886E+03,-.60852467E+03,1
pbesol,CdSe0.20Te0.80,Bi_Te+O_Te,Charged+2,1951,-.61050252E+03,-.61047668E+03,1
pbesol,CdSe0.20Te0.80,Bi_Te+O_Te,Charged-1,1954,-.60430060E+03,-.60429835E+03,1
pbesol,CdSe0.20Te0.80,Bi_Te+O_Te,Charged-2,1955,-.60195722E+03,-.60194311E+03,1
pbesol,CdSe0.20Te0.80,Bi_Te+O_Te,Neutral,1953.0000,-.60651431E+03,-.60651401E+03,1
pbesol,CdSe0.20Te0.80,Bi_Te+O_i,Charged+1,1958,-.61277510E+03,-.61277510E+03,1
pbesol,CdSe0.20Te0.80,Bi_Te+O_i,Charged+2,1957,-.61528317E+03,-.61528245E+03,1
pbesol,CdSe0.20Te0.80,Bi_Te+O_i,Charged-1,1960,-.60786103E+03,-.60784176E+03,1
pbesol,CdSe0.20Te0.80,Bi_Te+O_i,Charged-2,1961,-.60556608E+03,-.60555197E+03,1
pbesol,CdSe0.20Te0.80,Bi_Te+O_i,Neutral,1959.0000,-.61065919E+03,-.61064508E+03,1
pbesol,CdSe0.20Te0.80,Bi_i,Charged+1,1958,-.60996693E+03,-.60996693E+03,1
pbesol,CdSe0.20Te0.80,Bi_i,Charged+2,1957,-.61228286E+03,-.61228279E+03,1
pbesol,CdSe0.20Te0.80,Bi_i,Charged-1,1960,-.60469537E+03,-.60469535E+03,1
pbesol,CdSe0.20Te0.80,Bi_i,Charged-2,1961,-.60203246E+03,-.60203246E+03,1
pbesol,CdSe0.20Te0.80,Bi_i,Neutral,1959.0000,-.60731976E+03,-.60730565E+03,1
pbesol,CdSe0.20Te0.80,Bi_i+Bi_i,Charged+1,1973,-.61356329E+03,-.61354918E+03,1
pbesol,CdSe0.20Te0.80,Bi_i+Bi_i,Charged+2,1972,-.61605692E+03,-.61605692E+03,1
pbesol,CdSe0.20Te0.80,Bi_i+Bi_i,Charged-1,1975,-.60829882E+03,-.60829882E+03,1
pbesol,CdSe0.20Te0.80,Bi_i+Bi_i,Charged-2,1976,-.60536557E+03,-.60536557E+03,1
pbesol,CdSe0.20Te0.80,Bi_i+Bi_i,Neutral,1974.0000,-.61082832E+03,-.61082832E+03,1
pbesol,CdSe0.20Te0.80,Bi_i+Se_i,Charged+1,1964,-.60712336E+03,-.60712336E+03,1
pbesol,CdSe0.20Te0.80,Bi_i+Se_i,Charged+2,1963,-.61106465E+03,-.61105055E+03,1
pbesol,CdSe0.20Te0.80,Bi_i+Se_i,Charged-1,1966,-.60806754E+03,-.60806754E+03,1
pbesol,CdSe0.20Te0.80,Bi_i+Se_i,Charged-2,1967,-.60042622E+03,-.60042621E+03,1
pbesol,CdSe0.20Te0.80,Bi_i+Se_i,Neutral,1965.0000,-.60581084E+03,-.60579672E+03,1
pbesol,CdSe0.20Te0.80,Bi_i+Te_i,Charged+1,1964,-.61284989E+03,-.61284947E+03,1
pbesol,CdSe0.20Te0.80,Bi_i+Te_i,Charged+2,1963,-.61576139E+03,-.61574729E+03,1
pbesol,CdSe0.20Te0.80,Bi_i+Te_i,Charged-1,1966,-.60734141E+03,-.60734141E+03,1
pbesol,CdSe0.20Te0.80,Bi_i+Te_i,Charged-2,1967,-.60408664E+03,-.60408663E+03,1
pbesol,CdSe0.20Te0.80,Bi_i+Te_i,Neutral,1965.0000,-.61025753E+03,-.61024343E+03,1
pbesol,CdSe0.20Te0.80,BULK,Bulk,,-.60546621E+03,-.60546621E+03,1
pbesol,CdSe0.20Te0.80,Cd_Se,Charged+1,1937,-.60819674E+03,-.60819669E+03,1
pbesol,CdSe0.20Te0.80,Cd_Se,Charged+2,1936,-.61020800E+03,-.61018130E+03,1
pbesol,CdSe0.20Te0.80,Cd_Se,Charged-1,1939,-.60362511E+03,-.60361100E+03,1
pbesol,CdSe0.20Te0.80,Cd_Se,Charged-2,1940,-.60106185E+03,-.60106185E+03,1
pbesol,CdSe0.20Te0.80,Cd_Se,Neutral,1938.0000,-.60613479E+03,-.60613479E+03,1
pbesol,CdSe0.20Te0.80,Cd_Se+Te_i,Charged+1,1943,-.61031228E+03,-.61031136E+03,1
pbesol,CdSe0.20Te0.80,Cd_Se+Te_i,Charged+2,1942,-.61250918E+03,-.61250918E+03,1
pbesol,CdSe0.20Te0.80,Cd_Se+Te_i,Charged-1,1945,-.60545922E+03,-.60544511E+03,1
pbesol,CdSe0.20Te0.80,Cd_Se+Te_i,Charged-2,1946,-.60283010E+03,-.60283010E+03,1
pbesol,CdSe0.20Te0.80,Cd_Se+Te_i,Neutral,1944.0000,-.60803539E+03,-.60803539E+03,1
pbesol,CdSe0.20Te0.80,Cd_Te,Charged+1,1937,-.60789123E+03,-.60789123E+03,1
pbesol,CdSe0.20Te0.80,Cd_Te,Charged+2,1936,-.61022135E+03,-.61022135E+03,1
pbesol,CdSe0.20Te0.80,Cd_Te,Charged-1,1939,-.60309925E+03,-.60308515E+03,1
pbesol,CdSe0.20Te0.80,Cd_Te,Charged-2,1940,-.60051395E+03,-.60051395E+03,1
pbesol,CdSe0.20Te0.80,Cd_Te,Neutral,1938.0000,-.60563081E+03,-.60563081E+03,1
pbesol,CdSe0.20Te0.80,Cd_Te+Se_i,Charged+1,1943,-.61091084E+03,-.61091084E+03,1
pbesol,CdSe0.20Te0.80,Cd_Te+Se_i,Charged+2,1942,-.61323180E+03,-.61323180E+03,1
pbesol,CdSe0.20Te0.80,Cd_Te+Se_i,Charged-1,1945,-.60600507E+03,-.60599097E+03,1
pbesol,CdSe0.20Te0.80,Cd_Te+Se_i,Charged-2,1946,-.60336716E+03,-.60336716E+03,1
pbesol,CdSe0.20Te0.80,Cd_Te+Se_i,Neutral,1944.0000,-.60859044E+03,-.60859041E+03,1
pbesol,CdSe0.20Te0.80,Cd_i,Charged+1,1955,-.60836705E+03,-.60835295E+03,1
pbesol,CdSe0.20Te0.80,Cd_i,Charged+2,1954,-.61083013E+03,-.61083013E+03,1
pbesol,CdSe0.20Te0.80,Cd_i,Charged-1,1957,-.60280562E+03,-.60279868E+03,1
pbesol,CdSe0.20Te0.80,Cd_i,Charged-2,1958,-.59979408E+03,-.59979408E+03,1
pbesol,CdSe0.20Te0.80,Cd_i,Neutral,1956.0000,-.60585287E+03,-.60585287E+03,1
pbesol,CdSe0.20Te0.80,Cl_Se,Charged+1,1944,-.60627546E+03,-.60627546E+03,1
pbesol,CdSe0.20Te0.80,Cl_Se,Charged+2,1943,-.60827311E+03,-.60824727E+03,1
pbesol,CdSe0.20Te0.80,Cl_Se,Charged-1,1946,-.60131578E+03,-.60131578E+03,1
pbesol,CdSe0.20Te0.80,Cl_Se,Charged-2,1947,-.59770439E+03,-.59768234E+03,1
pbesol,CdSe0.20Te0.80,Cl_Se,Neutral,1945.0000,-.60382148E+03,-.60380738E+03,1
pbesol,CdSe0.20Te0.80,Cl_Te,Charged+1,1944,-.60689255E+03,-.60689255E+03,1
pbesol,CdSe0.20Te0.80,Cl_Te,Charged+2,1943,-.60886464E+03,-.60883877E+03,1
pbesol,CdSe0.20Te0.80,Cl_Te,Charged-1,1946,-.60200201E+03,-.60200201E+03,1
pbesol,CdSe0.20Te0.80,Cl_Te,Charged-2,1947,-.59842086E+03,-.59840089E+03,1
pbesol,CdSe0.20Te0.80,Cl_Te,Neutral,1945.0000,-.60447329E+03,-.60445919E+03,1
pbesol,CdSe0.20Te0.80,Cu_Cd,Charged+1,1942,-.60935515E+03,-.60931929E+03,1
pbesol,CdSe0.20Te0.80,Cu_Cd,Charged+2,1941,-.61134614E+03,-.61130599E+03,1
pbesol,CdSe0.20Te0.80,Cu_Cd,Charged-1,1944,-.60522555E+03,-.60522555E+03,1
pbesol,CdSe0.20Te0.80,Cu_Cd,Charged-2,1945,-.60275837E+03,-.60274427E+03,1
pbesol,CdSe0.20Te0.80,Cu_Cd,Neutral,1943.0000,-.60733035E+03,-.60730686E+03,1
pbesol,CdSe0.20Te0.80,N_Se,Charged+1,1942,-.60881778E+03,-.60878015E+03,1
pbesol,CdSe0.20Te0.80,N_Se,Charged+2,1941,-.61075344E+03,-.61071206E+03,1
pbesol,CdSe0.20Te0.80,N_Se,Charged-1,1944,-.60486716E+03,-.60486716E+03,1
pbesol,CdSe0.20Te0.80,N_Se,Charged-2,1945,-.60245239E+03,-.60243828E+03,1
pbesol,CdSe0.20Te0.80,N_Se,Neutral,1943.0000,-.60686031E+03,-.60683454E+03,1
pbesol,CdSe0.20Te0.80,N_Se+Cl_Se,Charged+1,1943,-.60788362E+03,-.60785804E+03,1
pbesol,CdSe0.20Te0.80,N_Se+Cl_Se,Charged+2,1942,-.60982831E+03,-.60979093E+03,1
pbesol,CdSe0.20Te0.80,N_Se+Cl_Se,Charged-1,1945,-.60349122E+03,-.60347712E+03,1
pbesol,CdSe0.20Te0.80,N_Se+Cl_Se,Charged-2,1946,-.60102568E+03,-.60102568E+03,1
pbesol,CdSe0.20Te0.80,N_Se+Cl_Se,Neutral,1944.0000,-.60590453E+03,-.60590453E+03,1
pbesol,CdSe0.20Te0.80,N_Se+Cl_i,Charged+1,1949,-.60827540E+03,-.60827540E+03,1
pbesol,CdSe0.20Te0.80,N_Se+Cl_i,Charged+2,1948,-.61057287E+03,-.61055823E+03,1
pbesol,CdSe0.20Te0.80,N_Se+Cl_i,Charged-1,1951,-.60329477E+03,-.60328580E+03,1
pbesol,CdSe0.20Te0.80,N_Se+Cl_i,Charged-2,1952,-.60081027E+03,-.60079617E+03,1
pbesol,CdSe0.20Te0.80,N_Se+Cl_i,Neutral,1950.0000,-.60602069E+03,-.60600660E+03,1
pbesol,CdSe0.20Te0.80,N_Se+N_i,Charged+1,1947,-.61212204E+03,-.61210793E+03,1
pbesol,CdSe0.20Te0.80,N_Se+N_i,Charged+2,1946,-.61458742E+03,-.61458742E+03,1
pbesol,CdSe0.20Te0.80,N_Se+N_i,Charged-1,1949,-.61314353E+03,-.61314353E+03,1
pbesol,CdSe0.20Te0.80,N_Se+N_i,Charged-2,1950,-.60453707E+03,-.60453707E+03,1
pbesol,CdSe0.20Te0.80,N_Se+N_i,Neutral,1948.0000,-.60955911E+03,-.60954502E+03,1
pbesol,CdSe0.20Te0.80,N_Se+O_Se,Charged+1,1942,-.61005355E+03,-.61001599E+03,1
pbesol,CdSe0.20Te0.80,N_Se+O_Se,Charged+2,1941,-.61196350E+03,-.61192218E+03,1
pbesol,CdSe0.20Te0.80,N_Se+O_Se,Charged-1,1944,-.60615491E+03,-.60615491E+03,1
pbesol,CdSe0.20Te0.80,N_Se+O_Se,Charged-2,1945,-.60383821E+03,-.60382411E+03,1
pbesol,CdSe0.20Te0.80,N_Se+O_Se,Neutral,1943.0000,-.60812157E+03,-.60809586E+03,1
pbesol,CdSe0.20Te0.80,N_Se+O_i,Charged+1,1948,-.61543000E+03,-.61543000E+03,1
pbesol,CdSe0.20Te0.80,N_Se+O_i,Charged+2,1947,-.61741746E+03,-.61739068E+03,1
pbesol,CdSe0.20Te0.80,N_Se+O_i,Charged-1,1950,-.61061122E+03,-.61059712E+03,1
pbesol,CdSe0.20Te0.80,N_Se+O_i,Charged-2,1951,-.60789399E+03,-.60789389E+03,1
pbesol,CdSe0.20Te0.80,N_Se+O_i,Neutral,1949.0000,-.61307758E+03,-.61307752E+03,1
pbesol,CdSe0.20Te0.80,N_Te,Charged+1,1942,-.60941663E+03,-.60937859E+03,1
pbesol,CdSe0.20Te0.80,N_Te,Charged+2,1941,-.61132670E+03,-.61128492E+03,1
pbesol,CdSe0.20Te0.80,N_Te,Charged-1,1944,-.60551887E+03,-.60551887E+03,1
pbesol,CdSe0.20Te0.80,N_Te,Charged-2,1945,-.60313833E+03,-.60312422E+03,1
pbesol,CdSe0.20Te0.80,N_Te,Neutral,1943.0000,-.60748498E+03,-.60745891E+03,1
pbesol,CdSe0.20Te0.80,N_Te+Cl_Te,Charged+1,1943,-.60908092E+03,-.60905529E+03,1
pbesol,CdSe0.20Te0.80,N_Te+Cl_Te,Charged+2,1942,-.61098280E+03,-.61094524E+03,1
pbesol,CdSe0.20Te0.80,N_Te+Cl_Te,Charged-1,1945,-.60479875E+03,-.60478465E+03,1
pbesol,CdSe0.20Te0.80,N_Te+Cl_Te,Charged-2,1946,-.60239996E+03,-.60239996E+03,1
pbesol,CdSe0.20Te0.80,N_Te+Cl_Te,Neutral,1944.0000,-.60714380E+03,-.60714380E+03,1
pbesol,CdSe0.20Te0.80,N_Te+Cl_i,Charged+1,1949,-.61188634E+03,-.61186071E+03,1
pbesol,CdSe0.20Te0.80,N_Te+Cl_i,Charged+2,1948,-.61401952E+03,-.61398202E+03,1
pbesol,CdSe0.20Te0.80,N_Te+Cl_i,Charged-1,1951,-.60747030E+03,-.60745620E+03,1
pbesol,CdSe0.20Te0.80,N_Te+Cl_i,Charged-2,1952,-.60515772E+03,-.60515772E+03,1
pbesol,CdSe0.20Te0.80,N_Te+Cl_i,Neutral,1950.0000,-.61009541E+03,-.61009541E+03,1
pbesol,CdSe0.20Te0.80,N_Te+N_i,Charged+1,1947,-.61945318E+03,-.61943908E+03,1
pbesol,CdSe0.20Te0.80,N_Te+N_i,Charged+2,1946,-.62189925E+03,-.62189925E+03,1
pbesol,CdSe0.20Te0.80,N_Te+N_i,Charged-1,1949,-.61377521E+03,-.61377521E+03,1
pbesol,CdSe0.20Te0.80,N_Te+N_i,Charged-2,1950,-.61051219E+03,-.61051219E+03,1
pbesol,CdSe0.20Te0.80,N_Te+N_i,Neutral,1948.0000,-.61696358E+03,-.61696358E+03,1
pbesol,CdSe0.20Te0.80,N_Te+O_Te,Charged+1,1942,-.61138201E+03,-.61134537E+03,1
pbesol,CdSe0.20Te0.80,N_Te+O_Te,Charged+2,1941,-.61309327E+03,-.61305262E+03,1
pbesol,CdSe0.20Te0.80,N_Te+O_Te,Charged-1,1944,-.60758797E+03,-.60758797E+03,1
pbesol,CdSe0.20Te0.80,N_Te+O_Te,Charged-2,1945,-.60518845E+03,-.60517435E+03,1
pbesol,CdSe0.20Te0.80,N_Te+O_Te,Neutral,1943.0000,-.60950219E+03,-.60947711E+03,1
pbesol,CdSe0.20Te0.80,N_Te+O_i,Charged+1,1948,-.61609245E+03,-.61609245E+03,1
pbesol,CdSe0.20Te0.80,N_Te+O_i,Charged+2,1947,-.61805060E+03,-.61802468E+03,1
pbesol,CdSe0.20Te0.80,N_Te+O_i,Charged-1,1950,-.61114536E+03,-.61113127E+03,1
pbesol,CdSe0.20Te0.80,N_Te+O_i,Charged-2,1951,-.60866136E+03,-.60865997E+03,1
pbesol,CdSe0.20Te0.80,N_Te+O_i,Neutral,1949.0000,-.61365311E+03,-.61363901E+03,1
pbesol,CdSe0.20Te0.80,N_i,Charged+1,1948,-.61254436E+03,-.61254436E+03,1
pbesol,CdSe0.20Te0.80,N_i,Charged+2,1947,-.61488235E+03,-.61487893E+03,1
pbesol,CdSe0.20Te0.80,N_i,Charged-1,1950,-.60824295E+03,-.60822884E+03,1
pbesol,CdSe0.20Te0.80,N_i,Charged-2,1951,-.60548781E+03,-.60548130E+03,1
pbesol,CdSe0.20Te0.80,N_i,Neutral,1949.0000,-.61033944E+03,-.61033944E+03,1
pbesol,CdSe0.20Te0.80,N_i+N_i,Charged+1,1953,-.62223766E+03,-.62223555E+03,1
pbesol,CdSe0.20Te0.80,N_i+N_i,Charged+2,1952,-.62461598E+03,-.62461598E+03,1
pbesol,CdSe0.20Te0.80,N_i+N_i,Charged-1,1955,-.61815372E+03,-.61813961E+03,1
pbesol,CdSe0.20Te0.80,N_i+N_i,Charged-2,1956,-.61560181E+03,-.61560181E+03,1
pbesol,CdSe0.20Te0.80,N_i+N_i,Neutral,1954.0000,-.61999608E+03,-.61999608E+03,1
pbesol,CdSe0.20Te0.80,N_i+Se_i,Charged+1,1954,-.60991741E+03,-.60991741E+03,1
pbesol,CdSe0.20Te0.80,N_i+Se_i,Charged+2,1953,-.61203379E+03,-.61202628E+03,1
pbesol,CdSe0.20Te0.80,N_i+Se_i,Charged-1,1956,-.61093529E+03,-.61093527E+03,1
pbesol,CdSe0.20Te0.80,N_i+Se_i,Charged-2,1957,-.60140413E+03,-.60139676E+03,1
pbesol,CdSe0.20Te0.80,N_i+Se_i,Neutral,1955.0000,-.60712933E+03,-.60711522E+03,1
pbesol,CdSe0.20Te0.80,N_i+Te_i,Charged+1,1954,-.61608539E+03,-.61608539E+03,1
pbesol,CdSe0.20Te0.80,N_i+Te_i,Charged+2,1953,-.61762737E+03,-.61762733E+03,1
pbesol,CdSe0.20Te0.80,N_i+Te_i,Charged-1,1956,-.61115116E+03,-.61115116E+03,1
pbesol,CdSe0.20Te0.80,N_i+Te_i,Charged-2,1957,-.60776468E+03,-.60776468E+03,1
pbesol,CdSe0.20Te0.80,N_i+Te_i,Neutral,1955.0000,-.61354098E+03,-.61352687E+03,1
pbesol,CdSe0.20Te0.80,O_Se,Charged+1,1943,-.60888294E+03,-.60885711E+03,1
pbesol,CdSe0.20Te0.80,O_Se,Charged+2,1942,-.61082741E+03,-.61078971E+03,1
pbesol,CdSe0.20Te0.80,O_Se,Charged-1,1945,-.60454781E+03,-.60453370E+03,1
pbesol,CdSe0.20Te0.80,O_Se,Charged-2,1946,-.60213714E+03,-.60213714E+03,1
pbesol,CdSe0.20Te0.80,O_Se,Neutral,1944.0000,-.60690371E+03,-.60690371E+03,1
pbesol,CdSe0.20Te0.80,O_Te,Charged+1,1943,-.60948792E+03,-.60946192E+03,1
pbesol,CdSe0.20Te0.80,O_Te,Charged+2,1942,-.61140803E+03,-.61137013E+03,1
pbesol,CdSe0.20Te0.80,O_Te,Charged-1,1945,-.60521296E+03,-.60519886E+03,1
pbesol,CdSe0.20Te0.80,O_Te,Charged-2,1946,-.60283708E+03,-.60283708E+03,1
pbesol,CdSe0.20Te0.80,O_Te,Neutral,1944.0000,-.60753359E+03,-.60753359E+03,1
pbesol,CdSe0.20Te0.80,O_i+As_Se+O_i,Charged+1,1964,-.62114238E+03,-.62114238E+03,1
pbesol,CdSe0.20Te0.80,O_i+As_Se+O_i,Charged+2,1963,-.62315416E+03,-.62312790E+03,1
pbesol,CdSe0.20Te0.80,O_i+As_Se+O_i,Charged-1,1966,-.61619391E+03,-.61617952E+03,1
pbesol,CdSe0.20Te0.80,O_i+As_Se+O_i,Charged-2,1967,-.61363246E+03,-.61363246E+03,1
pbesol,CdSe0.20Te0.80,O_i+As_Se+O_i,Neutral,1965.0000,-.61870506E+03,-.61869747E+03,1
pbesol,CdSe0.20Te0.80,O_i+As_Te+O_i,Charged+1,1964,-.62183415E+03,-.62183415E+03,1
pbesol,CdSe0.20Te0.80,O_i+As_Te+O_i,Charged+2,1963,-.62382360E+03,-.62379842E+03,1
pbesol,CdSe0.20Te0.80,O_i+As_Te+O_i,Charged-1,1966,-.61681304E+03,-.61679895E+03,1
pbesol,CdSe0.20Te0.80,O_i+As_Te+O_i,Charged-2,1967,-.61428454E+03,-.61428404E+03,1
pbesol,CdSe0.20Te0.80,O_i+As_Te+O_i,Neutral,1965.0000,-.61928719E+03,-.61928680E+03,1
pbesol,CdSe0.20Te0.80,O_i+As_i+O_i,Charged+1,1970,-.61411656E+03,-.61411656E+03,1
pbesol,CdSe0.20Te0.80,O_i+As_i+O_i,Charged+2,1969,-.60260899E+03,-.60259488E+03,1
pbesol,CdSe0.20Te0.80,O_i+As_i+O_i,Charged-1,1972,-.61164968E+03,-.61164968E+03,1
pbesol,CdSe0.20Te0.80,O_i+As_i+O_i,Charged-2,1973,-.58936012E+03,-.58934602E+03,1
pbesol,CdSe0.20Te0.80,O_i+As_i+O_i,Neutral,1971.0000,-.59527039E+03,-.59525628E+03,1
pbesol,CdSe0.20Te0.80,O_i+Bi_Se+O_i,Charged+1,1964,-.61942120E+03,-.61942120E+03,1
pbesol,CdSe0.20Te0.80,O_i+Bi_Se+O_i,Charged+2,1963,-.62146009E+03,-.62143384E+03,1
pbesol,CdSe0.20Te0.80,O_i+Bi_Se+O_i,Charged-1,1966,-.61432270E+03,-.61432254E+03,1
pbesol,CdSe0.20Te0.80,O_i+Bi_Se+O_i,Charged-2,1967,-.61173389E+03,-.61173389E+03,1
pbesol,CdSe0.20Te0.80,O_i+Bi_Se+O_i,Neutral,1965.0000,-.61689858E+03,-.61688447E+03,1
pbesol,CdSe0.20Te0.80,O_i+Bi_Te+O_i,Charged+1,1964,-.62012755E+03,-.62012755E+03,1
pbesol,CdSe0.20Te0.80,O_i+Bi_Te+O_i,Charged+2,1963,-.62214432E+03,-.62211947E+03,1
pbesol,CdSe0.20Te0.80,O_i+Bi_Te+O_i,Charged-1,1966,-.61519466E+03,-.61518023E+03,1
pbesol,CdSe0.20Te0.80,O_i+Bi_Te+O_i,Charged-2,1967,-.61258686E+03,-.61258686E+03,1
pbesol,CdSe0.20Te0.80,O_i+Bi_Te+O_i,Neutral,1965.0000,-.61771647E+03,-.61770237E+03,1
pbesol,CdSe0.20Te0.80,O_i+Bi_i+O_i,Charged+1,1970,-.60946521E+03,-.60946521E+03,1
pbesol,CdSe0.20Te0.80,O_i+Bi_i+O_i,Charged+2,1969,-.60247516E+03,-.60246107E+03,1
pbesol,CdSe0.20Te0.80,O_i+Bi_i+O_i,Charged-1,1972,-.60980794E+03,-.60980794E+03,1
pbesol,CdSe0.20Te0.80,O_i+Bi_i+O_i,Charged-2,1973,-.58847178E+03,-.58845768E+03,1
pbesol,CdSe0.20Te0.80,O_i+Bi_i+O_i,Neutral,1971.0000,-.59441097E+03,-.59439687E+03,1
pbesol,CdSe0.20Te0.80,O_i+N_Se+O_i,Charged+1,1954,-.62311894E+03,-.62311894E+03,1
pbesol,CdSe0.20Te0.80,O_i+N_Se+O_i,Charged+2,1953,-.62507658E+03,-.62505051E+03,1
pbesol,CdSe0.20Te0.80,O_i+N_Se+O_i,Charged-1,1956,-.61804440E+03,-.61804440E+03,1
pbesol,CdSe0.20Te0.80,O_i+N_Se+O_i,Charged-2,1957,-.61522246E+03,-.61522246E+03,1
pbesol,CdSe0.20Te0.80,O_i+N_Se+O_i,Neutral,1955.0000,-.62058692E+03,-.62057281E+03,1
pbesol,CdSe0.20Te0.80,O_i+N_Te+O_i,Charged+1,1954,-.62370311E+03,-.62370311E+03,1
pbesol,CdSe0.20Te0.80,O_i+N_Te+O_i,Charged+2,1953,-.62567924E+03,-.62565373E+03,1
pbesol,CdSe0.20Te0.80,O_i+N_Te+O_i,Charged-1,1956,-.61878839E+03,-.61878839E+03,1
pbesol,CdSe0.20Te0.80,O_i+N_Te+O_i,Charged-2,1957,-.61603872E+03,-.61603872E+03,1
pbesol,CdSe0.20Te0.80,O_i+N_Te+O_i,Neutral,1955.0000,-.62129562E+03,-.62128152E+03,1
pbesol,CdSe0.20Te0.80,O_i+N_i+O_i,Charged+1,1960,-.61307294E+03,-.61307294E+03,1
pbesol,CdSe0.20Te0.80,O_i+N_i+O_i,Charged+2,1959,-.60365329E+03,-.60363919E+03,1
pbesol,CdSe0.20Te0.80,O_i+N_i+O_i,Charged-1,1962,-.60953377E+03,-.60953377E+03,1
pbesol,CdSe0.20Te0.80,O_i+N_i+O_i,Charged-2,1963,-.59228841E+03,-.59227430E+03,1
pbesol,CdSe0.20Te0.80,O_i+N_i+O_i,Neutral,1961.0000,-.59748748E+03,-.59747338E+03,1
pbesol,CdSe0.20Te0.80,O_i+P_Se+O_i,Charged+1,1954,-.62361634E+03,-.62361634E+03,1
pbesol,CdSe0.20Te0.80,O_i+P_Se+O_i,Charged+2,1953,-.62563299E+03,-.62560747E+03,1
pbesol,CdSe0.20Te0.80,O_i+P_Se+O_i,Charged-1,1956,-.61852831E+03,-.61852831E+03,1
pbesol,CdSe0.20Te0.80,O_i+P_Se+O_i,Charged-2,1957,-.61588133E+03,-.61588133E+03,1
pbesol,CdSe0.20Te0.80,O_i+P_Se+O_i,Neutral,1955.0000,-.62109914E+03,-.62108504E+03,1
pbesol,CdSe0.20Te0.80,O_i+P_Te+O_i,Charged+1,1954,-.62421281E+03,-.62421281E+03,1
pbesol,CdSe0.20Te0.80,O_i+P_Te+O_i,Charged+2,1953,-.62620590E+03,-.62618060E+03,1
pbesol,CdSe0.20Te0.80,O_i+P_Te+O_i,Charged-1,1956,-.61919235E+03,-.61919235E+03,1
pbesol,CdSe0.20Te0.80,O_i+P_Te+O_i,Charged-2,1957,-.61649436E+03,-.61649436E+03,1
pbesol,CdSe0.20Te0.80,O_i+P_Te+O_i,Neutral,1955.0000,-.62172893E+03,-.62171482E+03,1
pbesol,CdSe0.20Te0.80,O_i+P_i+O_i,Charged+1,1960,-.61167048E+03,-.61167046E+03,1
pbesol,CdSe0.20Te0.80,O_i+P_i+O_i,Charged+2,1959,-.60215877E+03,-.60214466E+03,1
pbesol,CdSe0.20Te0.80,O_i+P_i+O_i,Charged-1,1962,-.61216437E+03,-.61216437E+03,1
pbesol,CdSe0.20Te0.80,O_i+P_i+O_i,Charged-2,1963,-.58992029E+03,-.58990619E+03,1
pbesol,CdSe0.20Te0.80,O_i+P_i+O_i,Neutral,1961.0000,-.59584148E+03,-.59582738E+03,1
pbesol,CdSe0.20Te0.80,O_i+Sb_Se+O_i,Charged+1,1954,-.62014589E+03,-.62014589E+03,1
pbesol,CdSe0.20Te0.80,O_i+Sb_Se+O_i,Charged+2,1953,-.62218069E+03,-.62215437E+03,1
pbesol,CdSe0.20Te0.80,O_i+Sb_Se+O_i,Charged-1,1956,-.61516453E+03,-.61515009E+03,1
pbesol,CdSe0.20Te0.80,O_i+Sb_Se+O_i,Charged-2,1957,-.61258116E+03,-.61258116E+03,1
pbesol,CdSe0.20Te0.80,O_i+Sb_Se+O_i,Neutral,1955.0000,-.61769733E+03,-.61769036E+03,1
pbesol,CdSe0.20Te0.80,O_i+Sb_Te+O_i,Charged+1,1954,-.62086448E+03,-.62086448E+03,1
pbesol,CdSe0.20Te0.80,O_i+Sb_Te+O_i,Charged+2,1953,-.62287657E+03,-.62285167E+03,1
pbesol,CdSe0.20Te0.80,O_i+Sb_Te+O_i,Charged-1,1956,-.61571131E+03,-.61570093E+03,1
pbesol,CdSe0.20Te0.80,O_i+Sb_Te+O_i,Charged-2,1957,-.61319288E+03,-.61317791E+03,1
pbesol,CdSe0.20Te0.80,O_i+Sb_Te+O_i,Neutral,1955.0000,-.61848049E+03,-.61847741E+03,1
pbesol,CdSe0.20Te0.80,O_i+Sb_i+O_i,Charged+1,1960,-.61441354E+03,-.61441348E+03,1
pbesol,CdSe0.20Te0.80,O_i+Sb_i+O_i,Charged+2,1959,-.60130269E+03,-.60128859E+03,1
pbesol,CdSe0.20Te0.80,O_i+Sb_i+O_i,Charged-1,1962,-.60978901E+03,-.60978901E+03,1
pbesol,CdSe0.20Te0.80,O_i+Sb_i+O_i,Charged-2,1963,-.58894489E+03,-.58893078E+03,1
pbesol,CdSe0.20Te0.80,O_i+Sb_i+O_i,Neutral,1961.0000,-.59488141E+03,-.59486731E+03,1
pbesol,CdSe0.20Te0.80,P_Se,Charged+1,1942,-.60760814E+03,-.60757055E+03,1
pbesol,CdSe0.20Te0.80,P_Se,Charged+2,1941,-.60958044E+03,-.60953908E+03,1
pbesol,CdSe0.20Te0.80,P_Se,Charged-1,1944,-.60358023E+03,-.60358023E+03,1
pbesol,CdSe0.20Te0.80,P_Se,Charged-2,1945,-.60110277E+03,-.60108866E+03,1
pbesol,CdSe0.20Te0.80,P_Se,Neutral,1943.0000,-.60561219E+03,-.60558648E+03,1
pbesol,CdSe0.20Te0.80,P_Se+Cl_Se,Charged+1,1943,-.60655713E+03,-.60653249E+03,1
pbesol,CdSe0.20Te0.80,P_Se+Cl_Se,Charged+2,1942,-.60853136E+03,-.60849502E+03,1
pbesol,CdSe0.20Te0.80,P_Se+Cl_Se,Charged-1,1945,-.60207300E+03,-.60205889E+03,1
pbesol,CdSe0.20Te0.80,P_Se+Cl_Se,Charged-2,1946,-.59954840E+03,-.59954840E+03,1
pbesol,CdSe0.20Te0.80,P_Se+Cl_Se,Neutral,1944.0000,-.60454537E+03,-.60454537E+03,1
pbesol,CdSe0.20Te0.80,P_Se+Cl_i,Charged+1,1949,-.60698294E+03,-.60698294E+03,1
pbesol,CdSe0.20Te0.80,P_Se+Cl_i,Charged+2,1948,-.60929657E+03,-.60927672E+03,1
pbesol,CdSe0.20Te0.80,P_Se+Cl_i,Charged-1,1951,-.60248829E+03,-.60248829E+03,1
pbesol,CdSe0.20Te0.80,P_Se+Cl_i,Charged-2,1952,-.59941067E+03,-.59939963E+03,1
pbesol,CdSe0.20Te0.80,P_Se+Cl_i,Neutral,1950.0000,-.60463390E+03,-.60463311E+03,1
pbesol,CdSe0.20Te0.80,P_Se+O_Se,Charged+1,1942,-.60896396E+03,-.60892757E+03,1
pbesol,CdSe0.20Te0.80,P_Se+O_Se,Charged+2,1941,-.61090634E+03,-.61086609E+03,1
pbesol,CdSe0.20Te0.80,P_Se+O_Se,Charged-1,1944,-.60499238E+03,-.60499238E+03,1
pbesol,CdSe0.20Te0.80,P_Se+O_Se,Charged-2,1945,-.60261505E+03,-.60260094E+03,1
pbesol,CdSe0.20Te0.80,P_Se+O_Se,Neutral,1943.0000,-.60699766E+03,-.60697301E+03,1
pbesol,CdSe0.20Te0.80,P_Se+O_i,Charged+1,1948,-.61459247E+03,-.61459192E+03,1
pbesol,CdSe0.20Te0.80,P_Se+O_i,Charged+2,1947,-.61660170E+03,-.61657701E+03,1
pbesol,CdSe0.20Te0.80,P_Se+O_i,Charged-1,1950,-.61017106E+03,-.61016888E+03,1
pbesol,CdSe0.20Te0.80,P_Se+O_i,Charged-2,1951,-.60767057E+03,-.60765646E+03,1
pbesol,CdSe0.20Te0.80,P_Se+O_i,Neutral,1949.0000,-.61253679E+03,-.61253679E+03,1
pbesol,CdSe0.20Te0.80,P_Se+P_i,Charged+1,1947,-.60933300E+03,-.60931889E+03,1
pbesol,CdSe0.20Te0.80,P_Se+P_i,Charged+2,1946,-.61191100E+03,-.61191100E+03,1
pbesol,CdSe0.20Te0.80,P_Se+P_i,Charged-1,1949,-.60768322E+03,-.60766912E+03,1
pbesol,CdSe0.20Te0.80,P_Se+P_i,Charged-2,1950,-.60157144E+03,-.60157144E+03,1
pbesol,CdSe0.20Te0.80,P_Se+P_i,Neutral,1948.0000,-.60686216E+03,-.60686216E+03,1
pbesol,CdSe0.20Te0.80,P_Te,Charged+1,1942,-.60821475E+03,-.60817686E+03,1
pbesol,CdSe0.20Te0.80,P_Te,Charged+2,1941,-.61015812E+03,-.61011646E+03,1
pbesol,CdSe0.20Te0.80,P_Te,Charged-1,1944,-.60424512E+03,-.60424512E+03,1
pbesol,CdSe0.20Te0.80,P_Te,Charged-2,1945,-.60180166E+03,-.60178756E+03,1
pbesol,CdSe0.20Te0.80,P_Te,Neutral,1943.0000,-.60624824E+03,-.60622228E+03,1
pbesol,CdSe0.20Te0.80,P_Te+Cl_Te,Charged+1,1943,-.60780553E+03,-.60778042E+03,1
pbesol,CdSe0.20Te0.80,P_Te+Cl_Te,Charged+2,1942,-.60973537E+03,-.60969845E+03,1
pbesol,CdSe0.20Te0.80,P_Te+Cl_Te,Charged-1,1945,-.60343295E+03,-.60341884E+03,1
pbesol,CdSe0.20Te0.80,P_Te+Cl_Te,Charged-2,1946,-.60097420E+03,-.60097420E+03,1
pbesol,CdSe0.20Te0.80,P_Te+Cl_Te,Neutral,1944.0000,-.60583854E+03,-.60583854E+03,1
pbesol,CdSe0.20Te0.80,P_Te+Cl_i,Charged+1,1949,-.61093207E+03,-.61090779E+03,1
pbesol,CdSe0.20Te0.80,P_Te+Cl_i,Charged+2,1948,-.61310504E+03,-.61306773E+03,1
pbesol,CdSe0.20Te0.80,P_Te+Cl_i,Charged-1,1951,-.60644899E+03,-.60643489E+03,1
pbesol,CdSe0.20Te0.80,P_Te+Cl_i,Charged-2,1952,-.60411509E+03,-.60411509E+03,1
pbesol,CdSe0.20Te0.80,P_Te+Cl_i,Neutral,1950.0000,-.60912982E+03,-.60912982E+03,1
pbesol,CdSe0.20Te0.80,P_Te+O_Te,Charged+1,1942,-.61016787E+03,-.61013027E+03,1
pbesol,CdSe0.20Te0.80,P_Te+O_Te,Charged+2,1941,-.61205613E+03,-.61201479E+03,1
pbesol,CdSe0.20Te0.80,P_Te+O_Te,Charged-1,1944,-.60630749E+03,-.60630749E+03,1
pbesol,CdSe0.20Te0.80,P_Te+O_Te,Charged-2,1945,-.60399322E+03,-.60397911E+03,1
pbesol,CdSe0.20Te0.80,P_Te+O_Te,Neutral,1943.0000,-.60825589E+03,-.60823013E+03,1
pbesol,CdSe0.20Te0.80,P_Te+O_i,Charged+1,1948,-.61530885E+03,-.61530574E+03,1
pbesol,CdSe0.20Te0.80,P_Te+O_i,Charged+2,1947,-.61728879E+03,-.61726578E+03,1
pbesol,CdSe0.20Te0.80,P_Te+O_i,Charged-1,1950,-.61091154E+03,-.61090945E+03,1
pbesol,CdSe0.20Te0.80,P_Te+O_i,Charged-2,1951,-.60844069E+03,-.60842658E+03,1
pbesol,CdSe0.20Te0.80,P_Te+O_i,Neutral,1949.0000,-.61322416E+03,-.61322411E+03,1
pbesol,CdSe0.20Te0.80,P_Te+P_i,Charged+1,1947,-.61300153E+03,-.61300153E+03,1
pbesol,CdSe0.20Te0.80,P_Te+P_i,Charged+2,1946,-.61525980E+03,-.61525980E+03,1
pbesol,CdSe0.20Te0.80,P_Te+P_i,Charged-1,1949,-.60829953E+03,-.60828543E+03,1
pbesol,CdSe0.20Te0.80,P_Te+P_i,Charged-2,1950,-.60575061E+03,-.60575061E+03,1
pbesol,CdSe0.20Te0.80,P_Te+P_i,Neutral,1948.0000,-.61079527E+03,-.61079526E+03,1
pbesol,CdSe0.20Te0.80,P_i,Charged+1,1948,-.61113172E+03,-.61113172E+03,1
pbesol,CdSe0.20Te0.80,P_i,Charged+2,1947,-.61337618E+03,-.61337047E+03,1
pbesol,CdSe0.20Te0.80,P_i,Charged-1,1950,-.60656648E+03,-.60655272E+03,1
pbesol,CdSe0.20Te0.80,P_i,Charged-2,1951,-.60369098E+03,-.60367875E+03,1
pbesol,CdSe0.20Te0.80,P_i,Neutral,1949.0000,-.60873193E+03,-.60873193E+03,1
pbesol,CdSe0.20Te0.80,P_i+P_i,Charged+1,1953,-.61646345E+03,-.61646338E+03,1
pbesol,CdSe0.20Te0.80,P_i+P_i,Charged+2,1952,-.61932702E+03,-.61932702E+03,1
pbesol,CdSe0.20Te0.80,P_i+P_i,Charged-1,1955,-.61152998E+03,-.61152996E+03,1
pbesol,CdSe0.20Te0.80,P_i+P_i,Charged-2,1956,-.60882058E+03,-.60882058E+03,1
pbesol,CdSe0.20Te0.80,P_i+P_i,Neutral,1954.0000,-.61419601E+03,-.61419171E+03,1
pbesol,CdSe0.20Te0.80,P_i+Se_i,Charged+1,1954,-.60849575E+03,-.60849575E+03,1
pbesol,CdSe0.20Te0.80,P_i+Se_i,Charged+2,1953,-.61097646E+03,-.61097643E+03,1
pbesol,CdSe0.20Te0.80,P_i+Se_i,Charged-1,1956,-.61009903E+03,-.61009903E+03,1
pbesol,CdSe0.20Te0.80,P_i+Se_i,Charged-2,1957,-.60016712E+03,-.60015302E+03,1
pbesol,CdSe0.20Te0.80,P_i+Se_i,Neutral,1955.0000,-.60595911E+03,-.60594501E+03,1
pbesol,CdSe0.20Te0.80,P_i+Te_i,Charged+1,1954,-.61431014E+03,-.61431014E+03,1
pbesol,CdSe0.20Te0.80,P_i+Te_i,Charged+2,1953,-.61652678E+03,-.61652346E+03,1
pbesol,CdSe0.20Te0.80,P_i+Te_i,Charged-1,1956,-.60897160E+03,-.60897160E+03,1
pbesol,CdSe0.20Te0.80,P_i+Te_i,Charged-2,1957,-.60587087E+03,-.60587087E+03,1
pbesol,CdSe0.20Te0.80,P_i+Te_i,Neutral,1955.0000,-.61174727E+03,-.61173317E+03,1
pbesol,CdSe0.20Te0.80,Sb_Se,Charged+1,1942,-.60632386E+03,-.60629610E+03,1
pbesol,CdSe0.20Te0.80,Sb_Se,Charged+2,1941,-.60835324E+03,-.60831927E+03,1
pbesol,CdSe0.20Te0.80,Sb_Se,Charged-1,1944,-.60209815E+03,-.60209815E+03,1
pbesol,CdSe0.20Te0.80,Sb_Se,Charged-2,1945,-.59959497E+03,-.59958087E+03,1
pbesol,CdSe0.20Te0.80,Sb_Se,Neutral,1943.0000,-.60425517E+03,-.60424041E+03,1
pbesol,CdSe0.20Te0.80,Sb_Se+Cl_Se,Charged+1,1943,-.60516054E+03,-.60514234E+03,1
pbesol,CdSe0.20Te0.80,Sb_Se+Cl_Se,Charged+2,1942,-.60719449E+03,-.60716616E+03,1
pbesol,CdSe0.20Te0.80,Sb_Se+Cl_Se,Charged-1,1945,-.60056521E+03,-.60055110E+03,1
pbesol,CdSe0.20Te0.80,Sb_Se+Cl_Se,Charged-2,1946,-.59801685E+03,-.59801685E+03,1
pbesol,CdSe0.20Te0.80,Sb_Se+Cl_Se,Neutral,1944.0000,-.60306091E+03,-.60306091E+03,1
pbesol,CdSe0.20Te0.80,Sb_Se+Cl_i,Charged+1,1949,-.60626450E+03,-.60625039E+03,1
pbesol,CdSe0.20Te0.80,Sb_Se+Cl_i,Charged+2,1948,-.60881855E+03,-.60881855E+03,1
pbesol,CdSe0.20Te0.80,Sb_Se+Cl_i,Charged-1,1951,-.60092353E+03,-.60092066E+03,1
pbesol,CdSe0.20Te0.80,Sb_Se+Cl_i,Charged-2,1952,-.59837788E+03,-.59836379E+03,1
pbesol,CdSe0.20Te0.80,Sb_Se+Cl_i,Neutral,1950.0000,-.60350594E+03,-.60350384E+03,1
pbesol,CdSe0.20Te0.80,Sb_Se+O_Se,Charged+1,1942,-.60778945E+03,-.60776692E+03,1
pbesol,CdSe0.20Te0.80,Sb_Se+O_Se,Charged+2,1941,-.60978485E+03,-.60975506E+03,1
pbesol,CdSe0.20Te0.80,Sb_Se+O_Se,Charged-1,1944,-.60361210E+03,-.60361210E+03,1
pbesol,CdSe0.20Te0.80,Sb_Se+O_Se,Charged-2,1945,-.60120496E+03,-.60119086E+03,1
pbesol,CdSe0.20Te0.80,Sb_Se+O_Se,Neutral,1943.0000,-.60575253E+03,-.60574579E+03,1
pbesol,CdSe0.20Te0.80,Sb_Se+O_i,Charged+1,1948,-.61301937E+03,-.61301937E+03,1
pbesol,CdSe0.20Te0.80,Sb_Se+O_i,Charged+2,1947,-.61504973E+03,-.61502550E+03,1
pbesol,CdSe0.20Te0.80,Sb_Se+O_i,Charged-1,1950,-.60809024E+03,-.60807589E+03,1
pbesol,CdSe0.20Te0.80,Sb_Se+O_i,Charged-2,1951,-.60546734E+03,-.60545281E+03,1
pbesol,CdSe0.20Te0.80,Sb_Se+O_i,Neutral,1949.0000,-.61061461E+03,-.61060887E+03,1
pbesol,CdSe0.20Te0.80,Sb_Se+Sb_i,Charged+1,1947,-.60855392E+03,-.60853981E+03,1
pbesol,CdSe0.20Te0.80,Sb_Se+Sb_i,Charged+2,1946,-.61116262E+03,-.61116262E+03,1
pbesol,CdSe0.20Te0.80,Sb_Se+Sb_i,Charged-1,1949,-.60483667E+03,-.60482257E+03,1
pbesol,CdSe0.20Te0.80,Sb_Se+Sb_i,Charged-2,1950,-.60160713E+03,-.60160713E+03,1
pbesol,CdSe0.20Te0.80,Sb_Se+Sb_i,Neutral,1948.0000,-.60589276E+03,-.60589276E+03,1
pbesol,CdSe0.20Te0.80,Sb_Te,Charged+1,1942,-.60691338E+03,-.60687831E+03,1
pbesol,CdSe0.20Te0.80,Sb_Te,Charged+2,1941,-.60891437E+03,-.60887509E+03,1
pbesol,CdSe0.20Te0.80,Sb_Te,Charged-1,1944,-.60277451E+03,-.60277451E+03,1
pbesol,CdSe0.20Te0.80,Sb_Te,Charged-2,1945,-.60030401E+03,-.60028990E+03,1
pbesol,CdSe0.20Te0.80,Sb_Te,Neutral,1943.0000,-.60487729E+03,-.60485398E+03,1
pbesol,CdSe0.20Te0.80,Sb_Te+Cl_Te,Charged+1,1943,-.60641335E+03,-.60639189E+03,1
pbesol,CdSe0.20Te0.80,Sb_Te+Cl_Te,Charged+2,1942,-.60839304E+03,-.60835994E+03,1
pbesol,CdSe0.20Te0.80,Sb_Te+Cl_Te,Charged-1,1945,-.60194931E+03,-.60193521E+03,1
pbesol,CdSe0.20Te0.80,Sb_Te+Cl_Te,Charged-2,1946,-.59946542E+03,-.59946542E+03,1
pbesol,CdSe0.20Te0.80,Sb_Te+Cl_Te,Neutral,1944.0000,-.60438095E+03,-.60438095E+03,1
pbesol,CdSe0.20Te0.80,Sb_Te+Cl_i,Charged+1,1949,-.60971785E+03,-.60969799E+03,1
pbesol,CdSe0.20Te0.80,Sb_Te+Cl_i,Charged+2,1948,-.61192053E+03,-.61188878E+03,1
pbesol,CdSe0.20Te0.80,Sb_Te+Cl_i,Charged-1,1951,-.60512671E+03,-.60511261E+03,1
pbesol,CdSe0.20Te0.80,Sb_Te+Cl_i,Charged-2,1952,-.60277752E+03,-.60277752E+03,1
pbesol,CdSe0.20Te0.80,Sb_Te+Cl_i,Neutral,1950.0000,-.60783859E+03,-.60783859E+03,1
pbesol,CdSe0.20Te0.80,Sb_Te+O_Te,Charged+1,1942,-.60900176E+03,-.60897660E+03,1
pbesol,CdSe0.20Te0.80,Sb_Te+O_Te,Charged+2,1941,-.61094361E+03,-.61090936E+03,1
pbesol,CdSe0.20Te0.80,Sb_Te+O_Te,Charged-1,1944,-.60494463E+03,-.60494462E+03,1
pbesol,CdSe0.20Te0.80,Sb_Te+O_Te,Charged-2,1945,-.60260040E+03,-.60258629E+03,1
pbesol,CdSe0.20Te0.80,Sb_Te+O_Te,Neutral,1943.0000,-.60702087E+03,-.60701141E+03,1
pbesol,CdSe0.20Te0.80,Sb_Te+O_i,Charged+1,1948,-.61384086E+03,-.61384086E+03,1
pbesol,CdSe0.20Te0.80,Sb_Te+O_i,Charged+2,1947,-.61580535E+03,-.61578290E+03,1
pbesol,CdSe0.20Te0.80,Sb_Te+O_i,Charged-1,1950,-.60873232E+03,-.60872690E+03,1
pbesol,CdSe0.20Te0.80,Sb_Te+O_i,Charged-2,1951,-.60623524E+03,-.60622103E+03,1
pbesol,CdSe0.20Te0.80,Sb_Te+O_i,Neutral,1949.0000,-.61128021E+03,-.61126610E+03,1
pbesol,CdSe0.20Te0.80,Sb_Te+Sb_i,Charged+1,1967,-.61109233E+03,-.61107823E+03,1
pbesol,CdSe0.20Te0.80,Sb_Te+Sb_i,Charged+2,1966,-.61361610E+03,-.61361610E+03,1
pbesol,CdSe0.20Te0.80,Sb_Te+Sb_i,Charged-1,1969,-.60544557E+03,-.60544557E+03,1
pbesol,CdSe0.20Te0.80,Sb_Te+Sb_i,Charged-2,1970,-.60231962E+03,-.60231962E+03,1
pbesol,CdSe0.20Te0.80,Sb_Te+Sb_i,Neutral,1968.0000,-.60947504E+03,-.60946022E+03,1
pbesol,CdSe0.20Te0.80,Sb_Te+Sb_i,Sb_Te+Sb_i,,,,0
pbesol,CdSe0.20Te0.80,Sb_i,Charged+1,1948,-.61008351E+03,-.61008351E+03,1
pbesol,CdSe0.20Te0.80,Sb_i,Charged+2,1947,-.61239202E+03,-.61239201E+03,1
pbesol,CdSe0.20Te0.80,Sb_i,Charged-1,1950,-.60508626E+03,-.60507214E+03,1
pbesol,CdSe0.20Te0.80,Sb_i,Charged-2,1951,-.60231590E+03,-.60231590E+03,1
pbesol,CdSe0.20Te0.80,Sb_i,Neutral,1949.0000,-.60754369E+03,-.60752959E+03,1
pbesol,CdSe0.20Te0.80,Sb_i+Sb_i,Charged+1,1953,-.61411293E+03,-.61409882E+03,1
pbesol,CdSe0.20Te0.80,Sb_i+Sb_i,Charged+2,1952,-.61660970E+03,-.61660970E+03,1
pbesol,CdSe0.20Te0.80,Sb_i+Sb_i,Charged-1,1955,-.60880936E+03,-.60880935E+03,1
pbesol,CdSe0.20Te0.80,Sb_i+Sb_i,Charged-2,1956,-.60568887E+03,-.60568887E+03,1
pbesol,CdSe0.20Te0.80,Sb_i+Sb_i,Neutral,1954.0000,-.61138323E+03,-.61138323E+03,1
pbesol,CdSe0.20Te0.80,Sb_i+Se_i,Charged+1,1954,-.60736621E+03,-.60736621E+03,1
pbesol,CdSe0.20Te0.80,Sb_i+Se_i,Charged+2,1953,-.61039417E+03,-.61038006E+03,1
pbesol,CdSe0.20Te0.80,Sb_i+Se_i,Charged-1,1956,-.60869868E+03,-.60869868E+03,1
pbesol,CdSe0.20Te0.80,Sb_i+Se_i,Charged-2,1957,-.60081114E+03,-.60081114E+03,1
pbesol,CdSe0.20Te0.80,Sb_i+Se_i,Neutral,1955.0000,-.60508726E+03,-.60507315E+03,1
pbesol,CdSe0.20Te0.80,Sb_i+Te_i,Charged+1,1954,-.61308315E+03,-.61308313E+03,1
pbesol,CdSe0.20Te0.80,Sb_i+Te_i,Charged+2,1953,-.61579414E+03,-.61578004E+03,1
pbesol,CdSe0.20Te0.80,Sb_i+Te_i,Charged-1,1956,-.60754448E+03,-.60754448E+03,1
pbesol,CdSe0.20Te0.80,Sb_i+Te_i,Charged-2,1957,-.60439478E+03,-.60439478E+03,1
pbesol,CdSe0.20Te0.80,Sb_i+Te_i,Neutral,1955.0000,-.61049840E+03,-.61048429E+03,1
pbesol,CdSe0.20Te0.80,Se_Cd,Charged+1,Cg_NA,-.60265289E+03,-.60263878E+03,1
pbesol,CdSe0.20Te0.80,Se_Cd,Charged+2,Cg_NA,-.60516437E+03,-.60516437E+03,1
pbesol,CdSe0.20Te0.80,Se_Cd,Charged-1,Cg_NA,-.59726508E+03,-.59726507E+03,1
pbesol,CdSe0.20Te0.80,Se_Cd,Charged-2,Cg_NA,-.59428381E+03,-.59428378E+03,1
pbesol,CdSe0.20Te0.80,Se_Cd,Neutral,Nt_NA,-.60008917E+03,-.60008917E+03,1
pbesol,CdSe0.20Te0.80,Se_Cd+Cd_i,Charged+1,Cg_NA,-.60339809E+03,-.60338398E+03,1
pbesol,CdSe0.20Te0.80,Se_Cd+Cd_i,Charged+2,Cg_NA,-.60592476E+03,-.60592476E+03,1
pbesol,CdSe0.20Te0.80,Se_Cd+Cd_i,Charged-1,Cg_NA,-.59794540E+03,-.59794531E+03,1
pbesol,CdSe0.20Te0.80,Se_Cd+Cd_i,Charged-2,Cg_NA,-.59512338E+03,-.59512338E+03,1
pbesol,CdSe0.20Te0.80,Se_Cd+Cd_i,Neutral,Nt_NA,-.60081911E+03,-.60081911E+03,1
pbesol,CdSe0.20Te0.80,Se_Te,Charged+1,1943,-.60686976E+03,-.60684370E+03,1
pbesol,CdSe0.20Te0.80,Se_Te,Charged+2,1942,-.60886292E+03,-.60882492E+03,1
pbesol,CdSe0.20Te0.80,Se_Te,Charged-1,1945,-.60234218E+03,-.60232808E+03,1
pbesol,CdSe0.20Te0.80,Se_Te,Charged-2,1946,-.59978769E+03,-.59978769E+03,1
pbesol,CdSe0.20Te0.80,Se_Te,Neutral,1944.0000,-.60484335E+03,-.60484335E+03,1
pbesol,CdSe0.20Te0.80,Se_i,Charged+1,Cg_NA,-.61025233E+03,-.61022921E+03,1
pbesol,CdSe0.20Te0.80,Se_i,Charged+2,Cg_NA,-.61225446E+03,-.61221705E+03,1
pbesol,CdSe0.20Te0.80,Se_i,Charged-1,Cg_NA,-.60566683E+03,-.60565273E+03,1
pbesol,CdSe0.20Te0.80,Se_i,Charged-2,Cg_NA,-.60310962E+03,-.60310962E+03,1
pbesol,CdSe0.20Te0.80,Se_i,Neutral,Nt_NA,-.60817123E+03,-.60817123E+03,1
pbesol,CdSe0.20Te0.80,Te_Cd,Charged+1,Cg_NA,-.60327607E+03,-.60326197E+03,1
pbesol,CdSe0.20Te0.80,Te_Cd,Charged+2,Cg_NA,-.60575409E+03,-.60575409E+03,1
pbesol,CdSe0.20Te0.80,Te_Cd,Charged-1,Cg_NA,-.59792052E+03,-.59792052E+03,1
pbesol,CdSe0.20Te0.80,Te_Cd,Charged-2,Cg_NA,-.59494897E+03,-.59494860E+03,1
pbesol,CdSe0.20Te0.80,Te_Cd,Neutral,Nt_NA,-.60074556E+03,-.60074556E+03,1
pbesol,CdSe0.20Te0.80,Te_Cd+Cd_i,Charged+1,Cg_NA,-.60399467E+03,-.60398056E+03,1
pbesol,CdSe0.20Te0.80,Te_Cd+Cd_i,Charged+2,Cg_NA,-.60648340E+03,-.60648340E+03,1
pbesol,CdSe0.20Te0.80,Te_Cd+Cd_i,Charged-1,Cg_NA,-.59860123E+03,-.59860102E+03,1
pbesol,CdSe0.20Te0.80,Te_Cd+Cd_i,Charged-2,Cg_NA,-.59601321E+03,-.59601321E+03,1
pbesol,CdSe0.20Te0.80,Te_Cd+Cd_i,Neutral,Nt_NA,-.60145385E+03,-.60145385E+03,1
pbesol,CdSe0.20Te0.80,Te_Se,Charged+1,1943,-.60808858E+03,-.60806268E+03,1
pbesol,CdSe0.20Te0.80,Te_Se,Charged+2,1942,-.61003199E+03,-.60999418E+03,1
pbesol,CdSe0.20Te0.80,Te_Se,Charged-1,1945,-.60367813E+03,-.60366403E+03,1
pbesol,CdSe0.20Te0.80,Te_Se,Charged-2,1946,-.60119277E+03,-.60119277E+03,1
pbesol,CdSe0.20Te0.80,Te_Se,Neutral,1944.0000,-.60611096E+03,-.60611096E+03,1
pbesol,CdSe0.20Te0.80,Te_i,Charged+1,Cg_NA,-.60949726E+03,-.60949513E+03,1
pbesol,CdSe0.20Te0.80,Te_i,Charged+2,Cg_NA,-.61154296E+03,-.61151696E+03,1
pbesol,CdSe0.20Te0.80,Te_i,Charged-1,Cg_NA,-.60483330E+03,-.60481919E+03,1
pbesol,CdSe0.20Te0.80,Te_i,Charged-2,Cg_NA,-.60225663E+03,-.60225663E+03,1
pbesol,CdSe0.20Te0.80,Te_i,Neutral,Nt_NA,-.60735662E+03,-.60735662E+03,1
pbesol,CdSe0.20Te0.80,V_Cd,Charged+1,Cg_NA,-.60387764E+03,-.60383761E+03,1
pbesol,CdSe0.20Te0.80,V_Cd,Charged+2,Cg_NA,-.60582159E+03,-.60578469E+03,1
pbesol,CdSe0.20Te0.80,V_Cd,Charged-1,Cg_NA,-.59990645E+03,-.59988307E+03,1
pbesol,CdSe0.20Te0.80,V_Cd,Charged-2,Cg_NA,-.59784370E+03,-.59784370E+03,1
pbesol,CdSe0.20Te0.80,V_Cd,Neutral,Nt_NA,-.60190810E+03,-.60187243E+03,1
pbesol,CdSe0.20Te0.80,V_Cd+Cd_Se,Charged+1,Cg_NA,-.60516025E+03,-.60513768E+03,1
pbesol,CdSe0.20Te0.80,V_Cd+Cd_Se,Charged+2,Cg_NA,-.60714168E+03,-.60710747E+03,1
pbesol,CdSe0.20Te0.80,V_Cd+Cd_Se,Charged-1,Cg_NA,-.60092720E+03,-.60092718E+03,1
pbesol,CdSe0.20Te0.80,V_Cd+Cd_Se,Charged-2,Cg_NA,-.59876210E+03,-.59876210E+03,1
pbesol,CdSe0.20Te0.80,V_Cd+Cd_Se,Neutral,Nt_NA,-.60313088E+03,-.60313088E+03,1
pbesol,CdSe0.20Te0.80,V_Cd+Cd_Te,Charged+1,Cg_NA,-.60508580E+03,-.60506277E+03,1
pbesol,CdSe0.20Te0.80,V_Cd+Cd_Te,Charged+2,Cg_NA,-.60708842E+03,-.60705360E+03,1
pbesol,CdSe0.20Te0.80,V_Cd+Cd_Te,Charged-1,Cg_NA,-.60050570E+03,-.60049160E+03,1
pbesol,CdSe0.20Te0.80,V_Cd+Cd_Te,Charged-2,Cg_NA,-.59823055E+03,-.59823053E+03,1
pbesol,CdSe0.20Te0.80,V_Cd+Cd_Te,Neutral,Nt_NA,-.60303644E+03,-.60303644E+03,1
pbesol,CdSe0.20Te0.80,V_Cd+Se_Cd,Charged+1,Cg_NA,-.59986924E+03,-.59984423E+03,1
pbesol,CdSe0.20Te0.80,V_Cd+Se_Cd,Charged+2,Cg_NA,-.60183230E+03,-.60179520E+03,1
pbesol,CdSe0.20Te0.80,V_Cd+Se_Cd,Charged-1,Cg_NA,-.59535440E+03,-.59534030E+03,1
pbesol,CdSe0.20Te0.80,V_Cd+Se_Cd,Charged-2,Cg_NA,-.59279321E+03,-.59279321E+03,1
pbesol,CdSe0.20Te0.80,V_Cd+Se_Cd,Neutral,Nt_NA,-.59786268E+03,-.59786268E+03,1
pbesol,CdSe0.20Te0.80,V_Cd+Se_i,Charged+1,Cg_NA,-.60753964E+03,-.60751467E+03,1
pbesol,CdSe0.20Te0.80,V_Cd+Se_i,Charged+2,Cg_NA,-.60951798E+03,-.60948176E+03,1
pbesol,CdSe0.20Te0.80,V_Cd+Se_i,Charged-1,Cg_NA,-.60302592E+03,-.60301182E+03,1
pbesol,CdSe0.20Te0.80,V_Cd+Se_i,Charged-2,Cg_NA,-.60047322E+03,-.60047316E+03,1
pbesol,CdSe0.20Te0.80,V_Cd+Se_i,Neutral,Nt_NA,-.60552529E+03,-.60552529E+03,1
pbesol,CdSe0.20Te0.80,V_Cd+Te_Cd,Charged+1,Cg_NA,-.60045095E+03,-.60042675E+03,1
pbesol,CdSe0.20Te0.80,V_Cd+Te_Cd,Charged+2,Cg_NA,-.60238884E+03,-.60235254E+03,1
pbesol,CdSe0.20Te0.80,V_Cd+Te_Cd,Charged-1,Cg_NA,-.59599161E+03,-.59597750E+03,1
pbesol,CdSe0.20Te0.80,V_Cd+Te_Cd,Charged-2,Cg_NA,-.59346358E+03,-.59346358E+03,1
pbesol,CdSe0.20Te0.80,V_Cd+Te_Cd,Neutral,Nt_NA,-.59846691E+03,-.59846691E+03,1
pbesol,CdSe0.20Te0.80,V_Se,Charged+1,Cg_NA,-.60107154E+03,-.60104610E+03,1
pbesol,CdSe0.20Te0.80,V_Se,Charged+2,Cg_NA,-.60300189E+03,-.60296476E+03,1
pbesol,CdSe0.20Te0.80,V_Se,Charged-1,Cg_NA,-.59657239E+03,-.59655828E+03,1
pbesol,CdSe0.20Te0.80,V_Se,Charged-2,Cg_NA,-.59398596E+03,-.59398596E+03,1
pbesol,CdSe0.20Te0.80,V_Se,Neutral,Nt_NA,-.59910603E+03,-.59910603E+03,1
pbesol,CdSe0.20Te0.80,V_Se+Cd_Se,Charged+1,Cg_NA,-.60172829E+03,-.60170095E+03,1
pbesol,CdSe0.20Te0.80,V_Se+Cd_Se,Charged+2,Cg_NA,-.60375483E+03,-.60371535E+03,1
pbesol,CdSe0.20Te0.80,V_Se+Cd_Se,Charged-1,Cg_NA,-.59717733E+03,-.59716322E+03,1
pbesol,CdSe0.20Te0.80,V_Se+Cd_Se,Charged-2,Cg_NA,-.59454595E+03,-.59454595E+03,1
pbesol,CdSe0.20Te0.80,V_Se+Cd_Se,Neutral,Nt_NA,-.59975505E+03,-.59975505E+03,1
pbesol,CdSe0.20Te0.80,V_Te,Charged+1,Cg_NA,-.60236507E+03,-.60235097E+03,1
pbesol,CdSe0.20Te0.80,V_Te,Charged+2,Cg_NA,-.60477506E+03,-.60477506E+03,1
pbesol,CdSe0.20Te0.80,V_Te,Charged-1,Cg_NA,-.59632264E+03,-.59630247E+03,1
pbesol,CdSe0.20Te0.80,V_Te,Charged-2,Cg_NA,-.59270760E+03,-.59267864E+03,1
pbesol,CdSe0.20Te0.80,V_Te,Neutral,Nt_NA,-.59990205E+03,-.59990205E+03,1
pbesol,CdSe0.20Te0.80,V_Te+Cd_Te,Charged+1,Cg_NA,-.60229314E+03,-.60229314E+03,1
pbesol,CdSe0.20Te0.80,V_Te+Cd_Te,Charged+2,Cg_NA,-.60467182E+03,-.60467182E+03,1
pbesol,CdSe0.20Te0.80,V_Te+Cd_Te,Charged-1,Cg_NA,-.59737075E+03,-.59735664E+03,1
pbesol,CdSe0.20Te0.80,V_Te+Cd_Te,Charged-2,Cg_NA,-.59475576E+03,-.59475576E+03,1
pbesol,CdSe0.20Te0.80,V_Te+Cd_Te,Neutral,Nt_NA,-.59993460E+03,-.59993459E+03,1
pbesol,CdSe0.20Te0.80,V_Te+Te_i,Charged+1,Cg_NA,-.60746893E+03,-.60744290E+03,1
pbesol,CdSe0.20Te0.80,V_Te+Te_i,Charged+2,Cg_NA,-.60943869E+03,-.60940074E+03,1
pbesol,CdSe0.20Te0.80,V_Te+Te_i,Charged-1,Cg_NA,-.60300074E+03,-.60298663E+03,1
pbesol,CdSe0.20Te0.80,V_Te+Te_i,Charged-2,Cg_NA,-.60048248E+03,-.60048248E+03,1
pbesol,CdSe0.20Te0.80,V_Te+Te_i,Neutral,Nt_NA,-.60546543E+03,-.60546543E+03,1
pbesol,CdSe0.25Te0.75,As_Se,Charged+1,1942,-.61070162E+03,-.61066523E+03,1
pbesol,CdSe0.25Te0.75,As_Se,Charged+2,1941,-.61261752E+03,-.61257719E+03,1
pbesol,CdSe0.25Te0.75,As_Se,Charged-1,1944,-.60677129E+03,-.60677129E+03,1
pbesol,CdSe0.25Te0.75,As_Se,Charged-2,1945,-.60439452E+03,-.60438041E+03,1
pbesol,CdSe0.25Te0.75,As_Se,Neutral,1943.0000,-.60875897E+03,-.60873431E+03,1
pbesol,CdSe0.25Te0.75,As_Se+As_i,Charged+1,1947,-.61507432E+03,-.61506022E+03,1
pbesol,CdSe0.25Te0.75,As_Se+As_i,Charged+2,1946,-.61748800E+03,-.61748800E+03,1
pbesol,CdSe0.25Te0.75,As_Se+As_i,Charged-1,1949,-.61019032E+03,-.61017620E+03,1
pbesol,CdSe0.25Te0.75,As_Se+As_i,Charged-2,1950,-.60764592E+03,-.60764590E+03,1
pbesol,CdSe0.25Te0.75,As_Se+As_i,Neutral,1948.0000,-.61260710E+03,-.61260708E+03,1
pbesol,CdSe0.25Te0.75,As_Se+Cl_Se,Charged+1,1943,-.60949868E+03,-.60947429E+03,1
pbesol,CdSe0.25Te0.75,As_Se+Cl_Se,Charged+2,1942,-.61143527E+03,-.61139934E+03,1
pbesol,CdSe0.25Te0.75,As_Se+Cl_Se,Charged-1,1945,-.60515283E+03,-.60513872E+03,1
pbesol,CdSe0.25Te0.75,As_Se+Cl_Se,Charged-2,1946,-.60273642E+03,-.60273642E+03,1
pbesol,CdSe0.25Te0.75,As_Se+Cl_Se,Neutral,1944.0000,-.60751795E+03,-.60751795E+03,1
pbesol,CdSe0.25Te0.75,As_Se+Cl_i,Charged+1,1949,-.61352975E+03,-.61350502E+03,1
pbesol,CdSe0.25Te0.75,As_Se+Cl_i,Charged+2,1948,-.61541061E+03,-.61537566E+03,1
pbesol,CdSe0.25Te0.75,As_Se+Cl_i,Charged-1,1951,-.60914594E+03,-.60913183E+03,1
pbesol,CdSe0.25Te0.75,As_Se+Cl_i,Charged-2,1952,-.60538747E+03,-.60537335E+03,1
pbesol,CdSe0.25Te0.75,As_Se+Cl_i,Neutral,1950.0000,-.61155624E+03,-.61155624E+03,1
pbesol,CdSe0.25Te0.75,As_Se+O_Se,Charged+1,1942,-.61208420E+03,-.61204785E+03,1
pbesol,CdSe0.25Te0.75,As_Se+O_Se,Charged+2,1941,-.61397595E+03,-.61393573E+03,1
pbesol,CdSe0.25Te0.75,As_Se+O_Se,Charged-1,1944,-.60820327E+03,-.60820327E+03,1
pbesol,CdSe0.25Te0.75,As_Se+O_Se,Charged-2,1945,-.60593717E+03,-.60592306E+03,1
pbesol,CdSe0.25Te0.75,As_Se+O_Se,Neutral,1943.0000,-.61016625E+03,-.61014151E+03,1
pbesol,CdSe0.25Te0.75,As_Se+O_i,Charged+1,1948,-.61698474E+03,-.61698206E+03,1
pbesol,CdSe0.25Te0.75,As_Se+O_i,Charged+2,1947,-.61892384E+03,-.61890035E+03,1
pbesol,CdSe0.25Te0.75,As_Se+O_i,Charged-1,1950,-.61262468E+03,-.61260995E+03,1
pbesol,CdSe0.25Te0.75,As_Se+O_i,Charged-2,1951,-.61021657E+03,-.61019856E+03,1
pbesol,CdSe0.25Te0.75,As_Se+O_i,Neutral,1949.0000,-.61503375E+03,-.61503372E+03,1
pbesol,CdSe0.25Te0.75,As_Te,Charged+1,1942,-.61127330E+03,-.61123594E+03,1
pbesol,CdSe0.25Te0.75,As_Te,Charged+2,1941,-.61315721E+03,-.61311599E+03,1
pbesol,CdSe0.25Te0.75,As_Te,Charged-1,1944,-.60741667E+03,-.60741667E+03,1
pbesol,CdSe0.25Te0.75,As_Te,Charged-2,1945,-.60507578E+03,-.60506168E+03,1
pbesol,CdSe0.25Te0.75,As_Te,Neutral,1943.0000,-.60936488E+03,-.60933955E+03,1
pbesol,CdSe0.25Te0.75,As_Te+As_i,Charged+1,1947,-.61483901E+03,-.61483901E+03,1
pbesol,CdSe0.25Te0.75,As_Te+As_i,Charged+2,1946,-.61723442E+03,-.61723442E+03,1
pbesol,CdSe0.25Te0.75,As_Te+As_i,Charged-1,1949,-.61026032E+03,-.61024622E+03,1
pbesol,CdSe0.25Te0.75,As_Te+As_i,Charged-2,1950,-.60784003E+03,-.60782592E+03,1
pbesol,CdSe0.25Te0.75,As_Te+As_i,Neutral,1948.0000,-.61266373E+03,-.61266372E+03,1
pbesol,CdSe0.25Te0.75,As_Te+Cl_Te,Charged+1,1943,-.61085654E+03,-.61083069E+03,1
pbesol,CdSe0.25Te0.75,As_Te+Cl_Te,Charged+2,1942,-.61271827E+03,-.61268055E+03,1
pbesol,CdSe0.25Te0.75,As_Te+Cl_Te,Charged-1,1945,-.60665836E+03,-.60664426E+03,1
pbesol,CdSe0.25Te0.75,As_Te+Cl_Te,Charged-2,1946,-.60430285E+03,-.60430285E+03,1
pbesol,CdSe0.25Te0.75,As_Te+Cl_Te,Neutral,1944.0000,-.60895891E+03,-.60895891E+03,1
pbesol,CdSe0.25Te0.75,As_Te+Cl_i,Charged+1,1949,-.61324238E+03,-.61321691E+03,1
pbesol,CdSe0.25Te0.75,As_Te+Cl_i,Charged+2,1948,-.61516834E+03,-.61513093E+03,1
pbesol,CdSe0.25Te0.75,As_Te+Cl_i,Charged-1,1951,-.60968602E+03,-.60967191E+03,1
pbesol,CdSe0.25Te0.75,As_Te+Cl_i,Charged-2,1952,-.60642588E+03,-.60642588E+03,1
pbesol,CdSe0.25Te0.75,As_Te+Cl_i,Neutral,1950.0000,-.61207570E+03,-.61207570E+03,1
pbesol,CdSe0.25Te0.75,As_Te+O_Te,Charged+1,1942,-.61327963E+03,-.61324390E+03,1
pbesol,CdSe0.25Te0.75,As_Te+O_Te,Charged+2,1941,-.61510930E+03,-.61506967E+03,1
pbesol,CdSe0.25Te0.75,As_Te+O_Te,Charged-1,1944,-.60953011E+03,-.60953011E+03,1
pbesol,CdSe0.25Te0.75,As_Te+O_Te,Charged-2,1945,-.60731673E+03,-.60730263E+03,1
pbesol,CdSe0.25Te0.75,As_Te+O_Te,Neutral,1943.0000,-.61142552E+03,-.61140143E+03,1
pbesol,CdSe0.25Te0.75,As_Te+O_i,Charged+1,1948,-.61660721E+03,-.61657341E+03,1
pbesol,CdSe0.25Te0.75,As_Te+O_i,Charged+2,1947,-.61851160E+03,-.61847155E+03,1
pbesol,CdSe0.25Te0.75,As_Te+O_i,Charged-1,1950,-.61279644E+03,-.61279644E+03,1
pbesol,CdSe0.25Te0.75,As_Te+O_i,Charged-2,1951,-.61043672E+03,-.61042262E+03,1
pbesol,CdSe0.25Te0.75,As_Te+O_i,Neutral,1949.0000,-.61472206E+03,-.61469675E+03,1
pbesol,CdSe0.25Te0.75,As_i,Charged+1,1948,-.61453289E+03,-.61453287E+03,1
pbesol,CdSe0.25Te0.75,As_i,Charged+2,1947,-.61668131E+03,-.61668131E+03,1
pbesol,CdSe0.25Te0.75,As_i,Charged-1,1950,-.60966667E+03,-.60965257E+03,1
pbesol,CdSe0.25Te0.75,As_i,Charged-2,1951,-.60717057E+03,-.60716302E+03,1
pbesol,CdSe0.25Te0.75,As_i,Neutral,1949.0000,-.61212033E+03,-.61210622E+03,1
pbesol,CdSe0.25Te0.75,As_i+As_i,Charged+1,1953,-.61753250E+03,-.61753209E+03,1
pbesol,CdSe0.25Te0.75,As_i+As_i,Charged+2,1952,-.62001318E+03,-.62001312E+03,1
pbesol,CdSe0.25Te0.75,As_i+As_i,Charged-1,1955,-.61287588E+03,-.61286177E+03,1
pbesol,CdSe0.25Te0.75,As_i+As_i,Charged-2,1956,-.60800777E+03,-.60800724E+03,1
pbesol,CdSe0.25Te0.75,As_i+As_i,Neutral,1954.0000,-.61507944E+03,-.61506534E+03,1
pbesol,CdSe0.25Te0.75,As_i+Se_i,Charged+1,1954,-.61596524E+03,-.61596279E+03,1
pbesol,CdSe0.25Te0.75,As_i+Se_i,Charged+2,1953,-.61950981E+03,-.61950981E+03,1
pbesol,CdSe0.25Te0.75,As_i+Se_i,Charged-1,1956,-.61102152E+03,-.61101948E+03,1
pbesol,CdSe0.25Te0.75,As_i+Se_i,Charged-2,1957,-.60975685E+03,-.60975542E+03,1
pbesol,CdSe0.25Te0.75,As_i+Se_i,Neutral,1955.0000,-.61351929E+03,-.61350518E+03,1
pbesol,CdSe0.25Te0.75,As_i+Te_i,Charged+1,1954,-.61497482E+03,-.61496054E+03,1
pbesol,CdSe0.25Te0.75,As_i+Te_i,Charged+2,1953,-.61866709E+03,-.61866132E+03,1
pbesol,CdSe0.25Te0.75,As_i+Te_i,Charged-1,1956,-.60988439E+03,-.60988433E+03,1
pbesol,CdSe0.25Te0.75,As_i+Te_i,Charged-2,1957,-.60916081E+03,-.60915533E+03,1
pbesol,CdSe0.25Te0.75,As_i+Te_i,Neutral,1955.0000,-.61245085E+03,-.61245019E+03,1
pbesol,CdSe0.25Te0.75,Bi_Cd,Charged+1,1946,-.61372310E+03,-.61372310E+03,1
pbesol,CdSe0.25Te0.75,Bi_Cd,Charged+2,1945,-.61569187E+03,-.61566546E+03,1
pbesol,CdSe0.25Te0.75,Bi_Cd,Charged-1,1948,-.60877755E+03,-.60877755E+03,1
pbesol,CdSe0.25Te0.75,Bi_Cd,Charged-2,1949,-.60563117E+03,-.60563117E+03,1
pbesol,CdSe0.25Te0.75,Bi_Cd,Neutral,1947.0000,-.61127695E+03,-.61126285E+03,1
pbesol,CdSe0.25Te0.75,Bi_Cd+Bi_Se,Charged+1,1955,-.61236750E+03,-.61234460E+03,1
pbesol,CdSe0.25Te0.75,Bi_Cd+Bi_Se,Charged+2,1954,-.61438590E+03,-.61435168E+03,1
pbesol,CdSe0.25Te0.75,Bi_Cd+Bi_Se,Charged-1,1957,-.60781344E+03,-.60779933E+03,1
pbesol,CdSe0.25Te0.75,Bi_Cd+Bi_Se,Charged-2,1958,-.60526692E+03,-.60526692E+03,1
pbesol,CdSe0.25Te0.75,Bi_Cd+Bi_Se,Neutral,1956.0000,-.61030642E+03,-.61030642E+03,1
pbesol,CdSe0.25Te0.75,Bi_Cd+Bi_Te,Charged+1,1955,-.61260768E+03,-.61260043E+03,1
pbesol,CdSe0.25Te0.75,Bi_Cd+Bi_Te,Charged+2,1954,-.61462033E+03,-.61459526E+03,1
pbesol,CdSe0.25Te0.75,Bi_Cd+Bi_Te,Charged-1,1957,-.60804236E+03,-.60802825E+03,1
pbesol,CdSe0.25Te0.75,Bi_Cd+Bi_Te,Charged-2,1958,-.60553605E+03,-.60553605E+03,1
pbesol,CdSe0.25Te0.75,Bi_Cd+Bi_Te,Neutral,1956.0000,-.61049558E+03,-.61049558E+03,1
pbesol,CdSe0.25Te0.75,Bi_Cd+Bi_i,Charged+1,1961,-.61666685E+03,-.61666685E+03,1
pbesol,CdSe0.25Te0.75,Bi_Cd+Bi_i,Charged+2,1960,-.61892726E+03,-.61892726E+03,1
pbesol,CdSe0.25Te0.75,Bi_Cd+Bi_i,Charged-1,1963,-.61160848E+03,-.61160801E+03,1
pbesol,CdSe0.25Te0.75,Bi_Cd+Bi_i,Charged-2,1964,-.60893383E+03,-.60893383E+03,1
pbesol,CdSe0.25Te0.75,Bi_Cd+Bi_i,Neutral,1962.0000,-.61416452E+03,-.61415042E+03,1
pbesol,CdSe0.25Te0.75,Bi_Cd+Cl_Se,Charged+1,1947,-.61224538E+03,-.61223128E+03,1
pbesol,CdSe0.25Te0.75,Bi_Cd+Cl_Se,Charged+2,1946,-.61467237E+03,-.61467237E+03,1
pbesol,CdSe0.25Te0.75,Bi_Cd+Cl_Se,Charged-1,1949,-.60676690E+03,-.60676690E+03,1
pbesol,CdSe0.25Te0.75,Bi_Cd+Cl_Se,Charged-2,1950,-.60385136E+03,-.60385136E+03,1
pbesol,CdSe0.25Te0.75,Bi_Cd+Cl_Se,Neutral,1948.0000,-.60976550E+03,-.60976550E+03,1
pbesol,CdSe0.25Te0.75,Bi_Cd+Cl_Te,Charged+1,1947,-.61261649E+03,-.61260238E+03,1
pbesol,CdSe0.25Te0.75,Bi_Cd+Cl_Te,Charged+2,1946,-.61502545E+03,-.61502545E+03,1
pbesol,CdSe0.25Te0.75,Bi_Cd+Cl_Te,Charged-1,1949,-.60700741E+03,-.60699330E+03,1
pbesol,CdSe0.25Te0.75,Bi_Cd+Cl_Te,Charged-2,1950,-.60412058E+03,-.60412058E+03,1
pbesol,CdSe0.25Te0.75,Bi_Cd+Cl_Te,Neutral,1948.0000,-.61015407E+03,-.61015407E+03,1
pbesol,CdSe0.25Te0.75,Bi_Cd+Cl_i,Charged+1,1953,-.61531777E+03,-.61529150E+03,1
pbesol,CdSe0.25Te0.75,Bi_Cd+Cl_i,Charged+2,1952,-.61727292E+03,-.61723468E+03,1
pbesol,CdSe0.25Te0.75,Bi_Cd+Cl_i,Charged-1,1955,-.61086178E+03,-.61084767E+03,1
pbesol,CdSe0.25Te0.75,Bi_Cd+Cl_i,Charged-2,1956,-.60834179E+03,-.60834179E+03,1
pbesol,CdSe0.25Te0.75,Bi_Cd+Cl_i,Neutral,1954.0000,-.61332862E+03,-.61332862E+03,1
pbesol,CdSe0.25Te0.75,Bi_Cd+O_Se,Charged+1,1946,-.61556191E+03,-.61556191E+03,1
pbesol,CdSe0.25Te0.75,Bi_Cd+O_Se,Charged+2,1945,-.61750714E+03,-.61748075E+03,1
pbesol,CdSe0.25Te0.75,Bi_Cd+O_Se,Charged-1,1948,-.61071852E+03,-.61071852E+03,1
pbesol,CdSe0.25Te0.75,Bi_Cd+O_Se,Charged-2,1949,-.60776901E+03,-.60776901E+03,1
pbesol,CdSe0.25Te0.75,Bi_Cd+O_Se,Neutral,1947.0000,-.61316686E+03,-.61315275E+03,1
pbesol,CdSe0.25Te0.75,Bi_Cd+O_Te,Charged+1,1946,-.61562712E+03,-.61562712E+03,1
pbesol,CdSe0.25Te0.75,Bi_Cd+O_Te,Charged+2,1945,-.61754942E+03,-.61752318E+03,1
pbesol,CdSe0.25Te0.75,Bi_Cd+O_Te,Charged-1,1948,-.61102540E+03,-.61102540E+03,1
pbesol,CdSe0.25Te0.75,Bi_Cd+O_Te,Charged-2,1949,-.60781037E+03,-.60779626E+03,1
pbesol,CdSe0.25Te0.75,Bi_Cd+O_Te,Neutral,1947.0000,-.61335394E+03,-.61333984E+03,1
pbesol,CdSe0.25Te0.75,Bi_Cd+O_i,Charged+1,1952,-.61922670E+03,-.61922670E+03,1
pbesol,CdSe0.25Te0.75,Bi_Cd+O_i,Charged+2,1951,-.62119789E+03,-.62117175E+03,1
pbesol,CdSe0.25Te0.75,Bi_Cd+O_i,Charged-1,1954,-.61428201E+03,-.61428201E+03,1
pbesol,CdSe0.25Te0.75,Bi_Cd+O_i,Charged-2,1955,-.61268059E+03,-.61266649E+03,1
pbesol,CdSe0.25Te0.75,Bi_Cd+O_i,Neutral,1953.0000,-.61678056E+03,-.61676645E+03,1
pbesol,CdSe0.25Te0.75,Bi_Cd+Se_i,Charged+1,1952,-.61664890E+03,-.61664890E+03,1
pbesol,CdSe0.25Te0.75,Bi_Cd+Se_i,Charged+2,1951,-.61863587E+03,-.61860931E+03,1
pbesol,CdSe0.25Te0.75,Bi_Cd+Se_i,Charged-1,1954,-.61162392E+03,-.61162392E+03,1
pbesol,CdSe0.25Te0.75,Bi_Cd+Se_i,Charged-2,1955,-.60850817E+03,-.60850817E+03,1
pbesol,CdSe0.25Te0.75,Bi_Cd+Se_i,Neutral,1953.0000,-.61416268E+03,-.61414857E+03,1
pbesol,CdSe0.25Te0.75,Bi_Cd+Te_i,Charged+1,1952,-.61650368E+03,-.61650368E+03,1
pbesol,CdSe0.25Te0.75,Bi_Cd+Te_i,Charged+2,1951,-.61851276E+03,-.61848666E+03,1
pbesol,CdSe0.25Te0.75,Bi_Cd+Te_i,Charged-1,1954,-.61146180E+03,-.61146180E+03,1
pbesol,CdSe0.25Te0.75,Bi_Cd+Te_i,Charged-2,1955,-.60823746E+03,-.60823745E+03,1
pbesol,CdSe0.25Te0.75,Bi_Cd+Te_i,Neutral,1953.0000,-.61400899E+03,-.61399488E+03,1
pbesol,CdSe0.25Te0.75,Bi_Cd+V_Cd,Charged+1,1934,-.61031509E+03,-.61028041E+03,1
pbesol,CdSe0.25Te0.75,Bi_Cd+V_Cd,Charged+2,1933,-.61223330E+03,-.61219440E+03,1
pbesol,CdSe0.25Te0.75,Bi_Cd+V_Cd,Charged-1,1936,-.60637259E+03,-.60637259E+03,1
pbesol,CdSe0.25Te0.75,Bi_Cd+V_Cd,Charged-2,1937,-.60392146E+03,-.60390736E+03,1
pbesol,CdSe0.25Te0.75,Bi_Cd+V_Cd,Neutral,1935.0000,-.60836864E+03,-.60834573E+03,1
pbesol,CdSe0.25Te0.75,Bi_Cd+V_Se,Charged+1,1940,-.60769418E+03,-.60769418E+03,1
pbesol,CdSe0.25Te0.75,Bi_Cd+V_Se,Charged+2,1939,-.60964725E+03,-.60962415E+03,1
pbesol,CdSe0.25Te0.75,Bi_Cd+V_Se,Charged-1,1942,-.60279292E+03,-.60279292E+03,1
pbesol,CdSe0.25Te0.75,Bi_Cd+V_Se,Charged-2,1943,-.60010501E+03,-.60010444E+03,1
pbesol,CdSe0.25Te0.75,Bi_Cd+V_Se,Neutral,1941.0000,-.60526865E+03,-.60525454E+03,1
pbesol,CdSe0.25Te0.75,Bi_Cd+V_Te,Charged+1,1940,-.60781352E+03,-.60781352E+03,1
pbesol,CdSe0.25Te0.75,Bi_Cd+V_Te,Charged+2,1939,-.60972273E+03,-.60969697E+03,1
pbesol,CdSe0.25Te0.75,Bi_Cd+V_Te,Charged-1,1942,-.60278414E+03,-.60278414E+03,1
pbesol,CdSe0.25Te0.75,Bi_Cd+V_Te,Charged-2,1943,-.59972286E+03,-.59972097E+03,1
pbesol,CdSe0.25Te0.75,Bi_Cd+V_Te,Neutral,1941.0000,-.60532429E+03,-.60531019E+03,1
pbesol,CdSe0.25Te0.75,Bi_Se,Charged+1,1952,-.60948194E+03,-.60945709E+03,1
pbesol,CdSe0.25Te0.75,Bi_Se,Charged+2,1951,-.61147538E+03,-.61144412E+03,1
pbesol,CdSe0.25Te0.75,Bi_Se,Charged-1,1954,-.60526630E+03,-.60526623E+03,1
pbesol,CdSe0.25Te0.75,Bi_Se,Charged-2,1955,-.60286570E+03,-.60285159E+03,1
pbesol,CdSe0.25Te0.75,Bi_Se,Neutral,1953.0000,-.60743237E+03,-.60741612E+03,1
pbesol,CdSe0.25Te0.75,Bi_Se+Bi_i,Charged+1,1967,-.61346511E+03,-.61345101E+03,1
pbesol,CdSe0.25Te0.75,Bi_Se+Bi_i,Charged+2,1966,-.61592610E+03,-.61592610E+03,1
pbesol,CdSe0.25Te0.75,Bi_Se+Bi_i,Charged-1,1969,-.60803297E+03,-.60803297E+03,1
pbesol,CdSe0.25Te0.75,Bi_Se+Bi_i,Charged-2,1970,-.60538057E+03,-.60538057E+03,1
pbesol,CdSe0.25Te0.75,Bi_Se+Bi_i,Neutral,1968.0000,-.61095098E+03,-.61095098E+03,1
pbesol,CdSe0.25Te0.75,Bi_Se+Cl_Se,Charged+1,1953,-.60819628E+03,-.60818030E+03,1
pbesol,CdSe0.25Te0.75,Bi_Se+Cl_Se,Charged+2,1952,-.61024113E+03,-.61021853E+03,1
pbesol,CdSe0.25Te0.75,Bi_Se+Cl_Se,Charged-1,1955,-.60364604E+03,-.60363194E+03,1
pbesol,CdSe0.25Te0.75,Bi_Se+Cl_Se,Charged-2,1956,-.60120294E+03,-.60120294E+03,1
pbesol,CdSe0.25Te0.75,Bi_Se+Cl_Se,Neutral,1954.0000,-.60603711E+03,-.60603702E+03,1
pbesol,CdSe0.25Te0.75,Bi_Se+Cl_i,Charged+1,1959,-.61256401E+03,-.61256401E+03,1
pbesol,CdSe0.25Te0.75,Bi_Se+Cl_i,Charged+2,1958,-.61543288E+03,-.61543288E+03,1
pbesol,CdSe0.25Te0.75,Bi_Se+Cl_i,Charged-1,1961,-.60796868E+03,-.60795458E+03,1
pbesol,CdSe0.25Te0.75,Bi_Se+Cl_i,Charged-2,1962,-.60548102E+03,-.60548102E+03,1
pbesol,CdSe0.25Te0.75,Bi_Se+Cl_i,Neutral,1960.0000,-.61040312E+03,-.61040312E+03,1
pbesol,CdSe0.25Te0.75,Bi_Se+O_Se,Charged+1,1952,-.61087844E+03,-.61085337E+03,1
pbesol,CdSe0.25Te0.75,Bi_Se+O_Se,Charged+2,1951,-.61284732E+03,-.61281570E+03,1
pbesol,CdSe0.25Te0.75,Bi_Se+O_Se,Charged-1,1954,-.60671569E+03,-.60671390E+03,1
pbesol,CdSe0.25Te0.75,Bi_Se+O_Se,Charged-2,1955,-.60442227E+03,-.60440816E+03,1
pbesol,CdSe0.25Te0.75,Bi_Se+O_Se,Neutral,1953.0000,-.60885285E+03,-.60883634E+03,1
pbesol,CdSe0.25Te0.75,Bi_Se+O_i,Charged+1,1958,-.61596774E+03,-.61596772E+03,1
pbesol,CdSe0.25Te0.75,Bi_Se+O_i,Charged+2,1957,-.61824125E+03,-.61824125E+03,1
pbesol,CdSe0.25Te0.75,Bi_Se+O_i,Charged-1,1960,-.61131350E+03,-.61129610E+03,1
pbesol,CdSe0.25Te0.75,Bi_Se+O_i,Charged-2,1961,-.60882600E+03,-.60882600E+03,1
pbesol,CdSe0.25Te0.75,Bi_Se+O_i,Neutral,1959.0000,-.61385015E+03,-.61383605E+03,1
pbesol,CdSe0.25Te0.75,Bi_Te,Charged+1,1952,-.61009211E+03,-.61007282E+03,1
pbesol,CdSe0.25Te0.75,Bi_Te,Charged+2,1951,-.61204289E+03,-.61200897E+03,1
pbesol,CdSe0.25Te0.75,Bi_Te,Charged-1,1954,-.60597498E+03,-.60597497E+03,1
pbesol,CdSe0.25Te0.75,Bi_Te,Charged-2,1955,-.60360601E+03,-.60359190E+03,1
pbesol,CdSe0.25Te0.75,Bi_Te,Neutral,1953.0000,-.60809065E+03,-.60808572E+03,1
pbesol,CdSe0.25Te0.75,Bi_Te+Bi_i,Charged+1,1967,-.61297320E+03,-.61295910E+03,1
pbesol,CdSe0.25Te0.75,Bi_Te+Bi_i,Charged+2,1966,-.61540299E+03,-.61540299E+03,1
pbesol,CdSe0.25Te0.75,Bi_Te+Bi_i,Charged-1,1969,-.60777403E+03,-.60777401E+03,1
pbesol,CdSe0.25Te0.75,Bi_Te+Bi_i,Charged-2,1970,-.60533455E+03,-.60533279E+03,1
pbesol,CdSe0.25Te0.75,Bi_Te+Bi_i,Neutral,1968.0000,-.61049018E+03,-.61049018E+03,1
pbesol,CdSe0.25Te0.75,Bi_Te+Cl_Te,Charged+1,1953,-.60959416E+03,-.60958974E+03,1
pbesol,CdSe0.25Te0.75,Bi_Te+Cl_Te,Charged+2,1952,-.61154004E+03,-.61151980E+03,1
pbesol,CdSe0.25Te0.75,Bi_Te+Cl_Te,Charged-1,1955,-.60523356E+03,-.60521946E+03,1
pbesol,CdSe0.25Te0.75,Bi_Te+Cl_Te,Charged-2,1956,-.60285260E+03,-.60285260E+03,1
pbesol,CdSe0.25Te0.75,Bi_Te+Cl_Te,Neutral,1954.0000,-.60756055E+03,-.60756055E+03,1
pbesol,CdSe0.25Te0.75,Bi_Te+Cl_i,Charged+1,1959,-.61293106E+03,-.61290933E+03,1
pbesol,CdSe0.25Te0.75,Bi_Te+Cl_i,Charged+2,1958,-.61488224E+03,-.61484884E+03,1
pbesol,CdSe0.25Te0.75,Bi_Te+Cl_i,Charged-1,1961,-.60851549E+03,-.60850139E+03,1
pbesol,CdSe0.25Te0.75,Bi_Te+Cl_i,Charged-2,1962,-.60490917E+03,-.60490484E+03,1
pbesol,CdSe0.25Te0.75,Bi_Te+Cl_i,Neutral,1960.0000,-.61092845E+03,-.61092845E+03,1
pbesol,CdSe0.25Te0.75,Bi_Te+O_Te,Charged+1,1952,-.61223891E+03,-.61222447E+03,1
pbesol,CdSe0.25Te0.75,Bi_Te+O_Te,Charged+2,1951,-.61412775E+03,-.61410410E+03,1
pbesol,CdSe0.25Te0.75,Bi_Te+O_Te,Charged-1,1954,-.60819648E+03,-.60819510E+03,1
pbesol,CdSe0.25Te0.75,Bi_Te+O_Te,Charged-2,1955,-.60595109E+03,-.60593698E+03,1
pbesol,CdSe0.25Te0.75,Bi_Te+O_Te,Neutral,1953.0000,-.61029987E+03,-.61029946E+03,1
pbesol,CdSe0.25Te0.75,Bi_Te+O_i,Charged+1,1958,-.61541484E+03,-.61539600E+03,1
pbesol,CdSe0.25Te0.75,Bi_Te+O_i,Charged+2,1957,-.61737576E+03,-.61734751E+03,1
pbesol,CdSe0.25Te0.75,Bi_Te+O_i,Charged-1,1960,-.61124069E+03,-.61124068E+03,1
pbesol,CdSe0.25Te0.75,Bi_Te+O_i,Charged-2,1961,-.60885794E+03,-.60884384E+03,1
pbesol,CdSe0.25Te0.75,Bi_Te+O_i,Neutral,1959.0000,-.61340107E+03,-.61339542E+03,1
pbesol,CdSe0.25Te0.75,Bi_i,Charged+1,1958,-.61367482E+03,-.61367482E+03,1
pbesol,CdSe0.25Te0.75,Bi_i,Charged+2,1957,-.61615150E+03,-.61613739E+03,1
pbesol,CdSe0.25Te0.75,Bi_i,Charged-1,1960,-.60860107E+03,-.60860107E+03,1
pbesol,CdSe0.25Te0.75,Bi_i,Charged-2,1961,-.60504951E+03,-.60504936E+03,1
pbesol,CdSe0.25Te0.75,Bi_i,Neutral,1959.0000,-.61098928E+03,-.61098904E+03,1
pbesol,CdSe0.25Te0.75,Bi_i+Bi_i,Charged+1,1973,-.61571281E+03,-.61571277E+03,1
pbesol,CdSe0.25Te0.75,Bi_i+Bi_i,Charged+2,1972,-.61865250E+03,-.61865250E+03,1
pbesol,CdSe0.25Te0.75,Bi_i+Bi_i,Charged-1,1975,-.61014298E+03,-.61014267E+03,1
pbesol,CdSe0.25Te0.75,Bi_i+Bi_i,Charged-2,1976,-.60770308E+03,-.60770308E+03,1
pbesol,CdSe0.25Te0.75,Bi_i+Bi_i,Neutral,1974.0000,-.61317019E+03,-.61317019E+03,1
pbesol,CdSe0.25Te0.75,Bi_i+Se_i,Charged+1,1964,-.61634589E+03,-.61634589E+03,1
pbesol,CdSe0.25Te0.75,Bi_i+Se_i,Charged+2,1963,-.61762767E+03,-.61761353E+03,1
pbesol,CdSe0.25Te0.75,Bi_i+Se_i,Charged-1,1966,-.60989906E+03,-.60989906E+03,1
pbesol,CdSe0.25Te0.75,Bi_i+Se_i,Charged-2,1967,-.60743304E+03,-.60743300E+03,1
pbesol,CdSe0.25Te0.75,Bi_i+Se_i,Neutral,1965.0000,-.61261522E+03,-.61261521E+03,1
pbesol,CdSe0.25Te0.75,Bi_i+Te_i,Charged+1,1964,-.61602118E+03,-.61602118E+03,1
pbesol,CdSe0.25Te0.75,Bi_i+Te_i,Charged+2,1963,-.61657253E+03,-.61656709E+03,1
pbesol,CdSe0.25Te0.75,Bi_i+Te_i,Charged-1,1966,-.61152674E+03,-.61152674E+03,1
pbesol,CdSe0.25Te0.75,Bi_i+Te_i,Charged-2,1967,-.60830553E+03,-.60830524E+03,1
pbesol,CdSe0.25Te0.75,Bi_i+Te_i,Neutral,1965.0000,-.61282575E+03,-.61282568E+03,1
pbesol,CdSe0.25Te0.75,BULK,Bulk,,-.61018861E+03,-.61018861E+03,1
pbesol,CdSe0.25Te0.75,Cd_Se,Charged+1,1937,-.61182553E+03,-.61180046E+03,1
pbesol,CdSe0.25Te0.75,Cd_Se,Charged+2,1936,-.61373374E+03,-.61369697E+03,1
pbesol,CdSe0.25Te0.75,Cd_Se,Charged-1,1939,-.60746443E+03,-.60745033E+03,1
pbesol,CdSe0.25Te0.75,Cd_Se,Charged-2,1940,-.60499418E+03,-.60499418E+03,1
pbesol,CdSe0.25Te0.75,Cd_Se,Neutral,1938.0000,-.60988098E+03,-.60988098E+03,1
pbesol,CdSe0.25Te0.75,Cd_Se+Te_i,Charged+1,1943,-.61431102E+03,-.61431050E+03,1
pbesol,CdSe0.25Te0.75,Cd_Se+Te_i,Charged+2,1942,-.61635134E+03,-.61635111E+03,1
pbesol,CdSe0.25Te0.75,Cd_Se+Te_i,Charged-1,1945,-.60977888E+03,-.60976478E+03,1
pbesol,CdSe0.25Te0.75,Cd_Se+Te_i,Charged-2,1946,-.60725643E+03,-.60725643E+03,1
pbesol,CdSe0.25Te0.75,Cd_Se+Te_i,Neutral,1944.0000,-.61224987E+03,-.61224987E+03,1
pbesol,CdSe0.25Te0.75,Cd_Te,Charged+1,1937,-.61163971E+03,-.61163971E+03,1
pbesol,CdSe0.25Te0.75,Cd_Te,Charged+2,1936,-.61380776E+03,-.61380776E+03,1
pbesol,CdSe0.25Te0.75,Cd_Te,Charged-1,1939,-.60702610E+03,-.60701199E+03,1
pbesol,CdSe0.25Te0.75,Cd_Te,Charged-2,1940,-.60453383E+03,-.60453383E+03,1
pbesol,CdSe0.25Te0.75,Cd_Te,Neutral,1938.0000,-.60946571E+03,-.60946570E+03,1
pbesol,CdSe0.25Te0.75,Cd_Te+Se_i,Charged+1,1943,-.61507203E+03,-.61507203E+03,1
pbesol,CdSe0.25Te0.75,Cd_Te+Se_i,Charged+2,1942,-.61728206E+03,-.61728206E+03,1
pbesol,CdSe0.25Te0.75,Cd_Te+Se_i,Charged-1,1945,-.60981809E+03,-.60980399E+03,1
pbesol,CdSe0.25Te0.75,Cd_Te+Se_i,Charged-2,1946,-.60728543E+03,-.60728543E+03,1
pbesol,CdSe0.25Te0.75,Cd_Te+Se_i,Neutral,1944.0000,-.61229894E+03,-.61229894E+03,1
pbesol,CdSe0.25Te0.75,Cd_i,Charged+1,1955,-.61215299E+03,-.61213889E+03,1
pbesol,CdSe0.25Te0.75,Cd_i,Charged+2,1954,-.61451885E+03,-.61451885E+03,1
pbesol,CdSe0.25Te0.75,Cd_i,Charged-1,1957,-.60671782E+03,-.60671203E+03,1
pbesol,CdSe0.25Te0.75,Cd_i,Charged-2,1958,-.60373801E+03,-.60373801E+03,1
pbesol,CdSe0.25Te0.75,Cd_i,Neutral,1956.0000,-.60973476E+03,-.60973476E+03,1
pbesol,CdSe0.25Te0.75,Cl_Se,Charged+1,1944,-.60998169E+03,-.60998169E+03,1
pbesol,CdSe0.25Te0.75,Cl_Se,Charged+2,1943,-.61190998E+03,-.61188362E+03,1
pbesol,CdSe0.25Te0.75,Cl_Se,Charged-1,1946,-.60522270E+03,-.60522270E+03,1
pbesol,CdSe0.25Te0.75,Cl_Se,Charged-2,1947,-.60171418E+03,-.60169985E+03,1
pbesol,CdSe0.25Te0.75,Cl_Se,Neutral,1945.0000,-.60762810E+03,-.60761399E+03,1
pbesol,CdSe0.25Te0.75,Cl_Te,Charged+1,1944,-.61061657E+03,-.61061657E+03,1
pbesol,CdSe0.25Te0.75,Cl_Te,Charged+2,1943,-.61252403E+03,-.61249796E+03,1
pbesol,CdSe0.25Te0.75,Cl_Te,Charged-1,1946,-.60591031E+03,-.60591031E+03,1
pbesol,CdSe0.25Te0.75,Cl_Te,Charged-2,1947,-.60239585E+03,-.60237926E+03,1
pbesol,CdSe0.25Te0.75,Cl_Te,Neutral,1945.0000,-.60828939E+03,-.60827528E+03,1
pbesol,CdSe0.25Te0.75,Cu_Cd,Charged+1,1942,-.61302545E+03,-.61299085E+03,1
pbesol,CdSe0.25Te0.75,Cu_Cd,Charged+2,1941,-.61495375E+03,-.61491490E+03,1
pbesol,CdSe0.25Te0.75,Cu_Cd,Charged-1,1944,-.60901020E+03,-.60901019E+03,1
pbesol,CdSe0.25Te0.75,Cu_Cd,Charged-2,1945,-.60664433E+03,-.60663023E+03,1
pbesol,CdSe0.25Te0.75,Cu_Cd,Neutral,1943.0000,-.61106038E+03,-.61103738E+03,1
pbesol,CdSe0.25Te0.75,N_Se,Charged+1,1942,-.61253965E+03,-.61250198E+03,1
pbesol,CdSe0.25Te0.75,N_Se,Charged+2,1941,-.61441122E+03,-.61436982E+03,1
pbesol,CdSe0.25Te0.75,N_Se,Charged-1,1944,-.60871713E+03,-.60871713E+03,1
pbesol,CdSe0.25Te0.75,N_Se,Charged-2,1945,-.60640455E+03,-.60639045E+03,1
pbesol,CdSe0.25Te0.75,N_Se,Neutral,1943.0000,-.61064664E+03,-.61062081E+03,1
pbesol,CdSe0.25Te0.75,N_Se+Cl_Se,Charged+1,1943,-.61137128E+03,-.61134555E+03,1
pbesol,CdSe0.25Te0.75,N_Se+Cl_Se,Charged+2,1942,-.61325673E+03,-.61321922E+03,1
pbesol,CdSe0.25Te0.75,N_Se+Cl_Se,Charged-1,1945,-.60714496E+03,-.60713086E+03,1
pbesol,CdSe0.25Te0.75,N_Se+Cl_Se,Charged-2,1946,-.60478776E+03,-.60478776E+03,1
pbesol,CdSe0.25Te0.75,N_Se+Cl_Se,Neutral,1944.0000,-.60944979E+03,-.60944979E+03,1
pbesol,CdSe0.25Te0.75,N_Se+Cl_i,Charged+1,1949,-.61502187E+03,-.61499604E+03,1
pbesol,CdSe0.25Te0.75,N_Se+Cl_i,Charged+2,1948,-.61692495E+03,-.61688737E+03,1
pbesol,CdSe0.25Te0.75,N_Se+Cl_i,Charged-1,1951,-.61038649E+03,-.61037238E+03,1
pbesol,CdSe0.25Te0.75,N_Se+Cl_i,Charged-2,1952,-.60782660E+03,-.60782660E+03,1
pbesol,CdSe0.25Te0.75,N_Se+Cl_i,Neutral,1950.0000,-.61319527E+03,-.61319527E+03,1
pbesol,CdSe0.25Te0.75,N_Se+N_i,Charged+1,1947,-.61802615E+03,-.61800033E+03,1
pbesol,CdSe0.25Te0.75,N_Se+N_i,Charged+2,1946,-.62040120E+03,-.62037585E+03,1
pbesol,CdSe0.25Te0.75,N_Se+N_i,Charged-1,1949,-.61248092E+03,-.61248092E+03,1
pbesol,CdSe0.25Te0.75,N_Se+N_i,Charged-2,1950,-.61014242E+03,-.61012872E+03,1
pbesol,CdSe0.25Te0.75,N_Se+N_i,Neutral,1948.0000,-.61441681E+03,-.61439102E+03,1
pbesol,CdSe0.25Te0.75,N_Se+O_Se,Charged+1,1942,-.61390389E+03,-.61386641E+03,1
pbesol,CdSe0.25Te0.75,N_Se+O_Se,Charged+2,1941,-.61574982E+03,-.61570865E+03,1
pbesol,CdSe0.25Te0.75,N_Se+O_Se,Charged-1,1944,-.61013150E+03,-.61013150E+03,1
pbesol,CdSe0.25Te0.75,N_Se+O_Se,Charged-2,1945,-.60791891E+03,-.60790480E+03,1
pbesol,CdSe0.25Te0.75,N_Se+O_Se,Neutral,1943.0000,-.61203450E+03,-.61200879E+03,1
pbesol,CdSe0.25Te0.75,N_Se+O_i,Charged+1,1948,-.61807218E+03,-.61804209E+03,1
pbesol,CdSe0.25Te0.75,N_Se+O_i,Charged+2,1947,-.61995283E+03,-.61991677E+03,1
pbesol,CdSe0.25Te0.75,N_Se+O_i,Charged-1,1950,-.61413949E+03,-.61413949E+03,1
pbesol,CdSe0.25Te0.75,N_Se+O_i,Charged-2,1951,-.61180011E+03,-.61178600E+03,1
pbesol,CdSe0.25Te0.75,N_Se+O_i,Neutral,1949.0000,-.61612150E+03,-.61609636E+03,1
pbesol,CdSe0.25Te0.75,N_Te,Charged+1,1942,-.61300263E+03,-.61296456E+03,1
pbesol,CdSe0.25Te0.75,N_Te,Charged+2,1941,-.61484603E+03,-.61480425E+03,1
pbesol,CdSe0.25Te0.75,N_Te,Charged-1,1944,-.60923780E+03,-.60923780E+03,1
pbesol,CdSe0.25Te0.75,N_Te,Charged-2,1945,-.60696475E+03,-.60695065E+03,1
pbesol,CdSe0.25Te0.75,N_Te,Neutral,1943.0000,-.61113758E+03,-.61111145E+03,1
pbesol,CdSe0.25Te0.75,N_Te+Cl_Te,Charged+1,1943,-.61265743E+03,-.61263132E+03,1
pbesol,CdSe0.25Te0.75,N_Te+Cl_Te,Charged+2,1942,-.61448738E+03,-.61444937E+03,1
pbesol,CdSe0.25Te0.75,N_Te+Cl_Te,Charged-1,1945,-.60855922E+03,-.60854511E+03,1
pbesol,CdSe0.25Te0.75,N_Te+Cl_Te,Charged-2,1946,-.60627263E+03,-.60627263E+03,1
pbesol,CdSe0.25Te0.75,N_Te+Cl_Te,Neutral,1944.0000,-.61079327E+03,-.61079327E+03,1
pbesol,CdSe0.25Te0.75,N_Te+Cl_i,Charged+1,1949,-.61507114E+03,-.61504502E+03,1
pbesol,CdSe0.25Te0.75,N_Te+Cl_i,Charged+2,1948,-.61714967E+03,-.61711171E+03,1
pbesol,CdSe0.25Te0.75,N_Te+Cl_i,Charged-1,1951,-.61072399E+03,-.61072349E+03,1
pbesol,CdSe0.25Te0.75,N_Te+Cl_i,Charged-2,1952,-.60843967E+03,-.60843967E+03,1
pbesol,CdSe0.25Te0.75,N_Te+Cl_i,Neutral,1950.0000,-.61315198E+03,-.61315198E+03,1
pbesol,CdSe0.25Te0.75,N_Te+N_i,Charged+1,1947,-.61830673E+03,-.61828082E+03,1
pbesol,CdSe0.25Te0.75,N_Te+N_i,Charged+2,1946,-.61993347E+03,-.61990910E+03,1
pbesol,CdSe0.25Te0.75,N_Te+N_i,Charged-1,1949,-.61286758E+03,-.61286758E+03,1
pbesol,CdSe0.25Te0.75,N_Te+N_i,Charged-2,1950,-.61057875E+03,-.61056471E+03,1
pbesol,CdSe0.25Te0.75,N_Te+N_i,Neutral,1948.0000,-.61477689E+03,-.61475082E+03,1
pbesol,CdSe0.25Te0.75,N_Te+O_Te,Charged+1,1942,-.61484957E+03,-.61481203E+03,1
pbesol,CdSe0.25Te0.75,N_Te+O_Te,Charged+2,1941,-.61664296E+03,-.61660173E+03,1
pbesol,CdSe0.25Te0.75,N_Te+O_Te,Charged-1,1944,-.61118270E+03,-.61118270E+03,1
pbesol,CdSe0.25Te0.75,N_Te+O_Te,Charged-2,1945,-.60903681E+03,-.60902270E+03,1
pbesol,CdSe0.25Te0.75,N_Te+O_Te,Neutral,1943.0000,-.61303382E+03,-.61300806E+03,1
pbesol,CdSe0.25Te0.75,N_Te+O_i,Charged+1,1948,-.61837476E+03,-.61833728E+03,1
pbesol,CdSe0.25Te0.75,N_Te+O_i,Charged+2,1947,-.62022326E+03,-.62018199E+03,1
pbesol,CdSe0.25Te0.75,N_Te+O_i,Charged-1,1950,-.61317009E+03,-.61316844E+03,1
pbesol,CdSe0.25Te0.75,N_Te+O_i,Charged-2,1951,-.61230625E+03,-.61229214E+03,1
pbesol,CdSe0.25Te0.75,N_Te+O_i,Neutral,1949.0000,-.61650191E+03,-.61647625E+03,1
pbesol,CdSe0.25Te0.75,N_i,Charged+1,1948,-.61651068E+03,-.61651051E+03,1
pbesol,CdSe0.25Te0.75,N_i,Charged+2,1947,-.61845332E+03,-.61842735E+03,1
pbesol,CdSe0.25Te0.75,N_i,Charged-1,1950,-.61046103E+03,-.61044693E+03,1
pbesol,CdSe0.25Te0.75,N_i,Charged-2,1951,-.60802788E+03,-.60802788E+03,1
pbesol,CdSe0.25Te0.75,N_i,Neutral,1949.0000,-.61284087E+03,-.61284087E+03,1
pbesol,CdSe0.25Te0.75,N_i+N_i,Charged+1,1953,-.62031085E+03,-.62030678E+03,1
pbesol,CdSe0.25Te0.75,N_i+N_i,Charged+2,1952,-.62196631E+03,-.62194001E+03,1
pbesol,CdSe0.25Te0.75,N_i+N_i,Charged-1,1955,-.61427697E+03,-.61426288E+03,1
pbesol,CdSe0.25Te0.75,N_i+N_i,Charged-2,1956,-.61182656E+03,-.61182551E+03,1
pbesol,CdSe0.25Te0.75,N_i+N_i,Neutral,1954.0000,-.61667479E+03,-.61667479E+03,1
pbesol,CdSe0.25Te0.75,N_i+Se_i,Charged+1,1954,-.61649625E+03,-.61649625E+03,1
pbesol,CdSe0.25Te0.75,N_i+Se_i,Charged+2,1953,-.61943084E+03,-.61940430E+03,1
pbesol,CdSe0.25Te0.75,N_i+Se_i,Charged-1,1956,-.61184995E+03,-.61183585E+03,1
pbesol,CdSe0.25Te0.75,N_i+Se_i,Charged-2,1957,-.60938056E+03,-.60937877E+03,1
pbesol,CdSe0.25Te0.75,N_i+Se_i,Neutral,1955.0000,-.61426755E+03,-.61426694E+03,1
pbesol,CdSe0.25Te0.75,N_i+Te_i,Charged+1,1954,-.61711133E+03,-.61711121E+03,1
pbesol,CdSe0.25Te0.75,N_i+Te_i,Charged+2,1953,-.61905716E+03,-.61905716E+03,1
pbesol,CdSe0.25Te0.75,N_i+Te_i,Charged-1,1956,-.61076665E+03,-.61076565E+03,1
pbesol,CdSe0.25Te0.75,N_i+Te_i,Charged-2,1957,-.60823533E+03,-.60823532E+03,1
pbesol,CdSe0.25Te0.75,N_i+Te_i,Neutral,1955.0000,-.61326139E+03,-.61324726E+03,1
pbesol,CdSe0.25Te0.75,O_Se,Charged+1,1943,-.61259610E+03,-.61256988E+03,1
pbesol,CdSe0.25Te0.75,O_Se,Charged+2,1942,-.61447394E+03,-.61443575E+03,1
pbesol,CdSe0.25Te0.75,O_Se,Charged-1,1945,-.60842922E+03,-.60841511E+03,1
pbesol,CdSe0.25Te0.75,O_Se,Charged-2,1946,-.60612016E+03,-.60612016E+03,1
pbesol,CdSe0.25Te0.75,O_Se,Neutral,1944.0000,-.61068371E+03,-.61068371E+03,1
pbesol,CdSe0.25Te0.75,O_Te,Charged+1,1943,-.61305971E+03,-.61303380E+03,1
pbesol,CdSe0.25Te0.75,O_Te,Charged+2,1942,-.61491492E+03,-.61487715E+03,1
pbesol,CdSe0.25Te0.75,O_Te,Charged-1,1945,-.60896055E+03,-.60894644E+03,1
pbesol,CdSe0.25Te0.75,O_Te,Charged-2,1946,-.60669641E+03,-.60669641E+03,1
pbesol,CdSe0.25Te0.75,O_Te,Neutral,1944.0000,-.61116953E+03,-.61116953E+03,1
pbesol,CdSe0.25Te0.75,O_i+As_Se+O_i,Charged+1,1954,-.62118497E+03,-.62114642E+03,1
pbesol,CdSe0.25Te0.75,O_i+As_Se+O_i,Charged+2,1953,-.62309342E+03,-.62304851E+03,1
pbesol,CdSe0.25Te0.75,O_i+As_Se+O_i,Charged-1,1956,-.61726235E+03,-.61726037E+03,1
pbesol,CdSe0.25Te0.75,O_i+As_Se+O_i,Charged-2,1957,-.61511918E+03,-.61511905E+03,1
pbesol,CdSe0.25Te0.75,O_i+As_Se+O_i,Neutral,1955.0000,-.61925038E+03,-.61922565E+03,1
pbesol,CdSe0.25Te0.75,O_i+As_Te+O_i,Charged+1,1954,-.62050035E+03,-.62045129E+03,1
pbesol,CdSe0.25Te0.75,O_i+As_Te+O_i,Charged+2,1953,-.62237895E+03,-.62233211E+03,1
pbesol,CdSe0.25Te0.75,O_i+As_Te+O_i,Charged-1,1956,-.61672317E+03,-.61668129E+03,1
pbesol,CdSe0.25Te0.75,O_i+As_Te+O_i,Charged-2,1957,-.61476582E+03,-.61474096E+03,1
pbesol,CdSe0.25Te0.75,O_i+As_Te+O_i,Neutral,1955.0000,-.61864467E+03,-.61860094E+03,1
pbesol,CdSe0.25Te0.75,O_i+As_i+O_i,Charged+1,1960,-.62540092E+03,-.62540092E+03,1
pbesol,CdSe0.25Te0.75,O_i+As_i+O_i,Charged+2,1959,-.62614137E+03,-.62614137E+03,1
pbesol,CdSe0.25Te0.75,O_i+As_i+O_i,Charged-1,1962,-.62191132E+03,-.62191132E+03,1
pbesol,CdSe0.25Te0.75,O_i+As_i+O_i,Charged-2,1963,-.61884761E+03,-.61883303E+03,1
pbesol,CdSe0.25Te0.75,O_i+As_i+O_i,Neutral,1961.0000,-.62440519E+03,-.62439109E+03,1
pbesol,CdSe0.25Te0.75,O_i+Bi_Se+O_i,Charged+1,1964,-.62102227E+03,-.62102227E+03,1
pbesol,CdSe0.25Te0.75,O_i+Bi_Se+O_i,Charged+2,1963,-.62300485E+03,-.62297897E+03,1
pbesol,CdSe0.25Te0.75,O_i+Bi_Se+O_i,Charged-1,1966,-.61641055E+03,-.61641055E+03,1
pbesol,CdSe0.25Te0.75,O_i+Bi_Se+O_i,Charged-2,1967,-.61397355E+03,-.61395944E+03,1
pbesol,CdSe0.25Te0.75,O_i+Bi_Se+O_i,Neutral,1965.0000,-.61861334E+03,-.61861334E+03,1
pbesol,CdSe0.25Te0.75,O_i+Bi_Te+O_i,Charged+1,1964,-.61974556E+03,-.61971687E+03,1
pbesol,CdSe0.25Te0.75,O_i+Bi_Te+O_i,Charged+2,1963,-.62167595E+03,-.62163986E+03,1
pbesol,CdSe0.25Te0.75,O_i+Bi_Te+O_i,Charged-1,1966,-.61573450E+03,-.61573450E+03,1
pbesol,CdSe0.25Te0.75,O_i+Bi_Te+O_i,Charged-2,1967,-.61344582E+03,-.61344415E+03,1
pbesol,CdSe0.25Te0.75,O_i+Bi_Te+O_i,Neutral,1965.0000,-.61748227E+03,-.61746433E+03,1
pbesol,CdSe0.25Te0.75,O_i+Bi_i+O_i,Charged+1,1970,-.62574463E+03,-.62574463E+03,1
pbesol,CdSe0.25Te0.75,O_i+Bi_i+O_i,Charged+2,1969,-.62794485E+03,-.62793075E+03,1
pbesol,CdSe0.25Te0.75,O_i+Bi_i+O_i,Charged-1,1972,-.62055719E+03,-.62055719E+03,1
pbesol,CdSe0.25Te0.75,O_i+Bi_i+O_i,Charged-2,1973,-.61738891E+03,-.61738834E+03,1
pbesol,CdSe0.25Te0.75,O_i+Bi_i+O_i,Neutral,1971.0000,-.62263165E+03,-.62261754E+03,1
pbesol,CdSe0.25Te0.75,O_i+N_Se+O_i,Charged+1,1954,-.62436131E+03,-.62436131E+03,1
pbesol,CdSe0.25Te0.75,O_i+N_Se+O_i,Charged+2,1953,-.62628960E+03,-.62626364E+03,1
pbesol,CdSe0.25Te0.75,O_i+N_Se+O_i,Charged-1,1956,-.61807084E+03,-.61804163E+03,1
pbesol,CdSe0.25Te0.75,O_i+N_Se+O_i,Charged-2,1957,-.61624712E+03,-.61624712E+03,1
pbesol,CdSe0.25Te0.75,O_i+N_Se+O_i,Neutral,1955.0000,-.61995721E+03,-.61991328E+03,1
pbesol,CdSe0.25Te0.75,O_i+N_Te+O_i,Charged+1,1954,-.62230116E+03,-.62225625E+03,1
pbesol,CdSe0.25Te0.75,O_i+N_Te+O_i,Charged+2,1953,-.62414393E+03,-.62410008E+03,1
pbesol,CdSe0.25Te0.75,O_i+N_Te+O_i,Charged-1,1956,-.61859539E+03,-.61856537E+03,1
pbesol,CdSe0.25Te0.75,O_i+N_Te+O_i,Charged-2,1957,-.61667683E+03,-.61666350E+03,1
pbesol,CdSe0.25Te0.75,O_i+N_Te+O_i,Neutral,1955.0000,-.62047900E+03,-.62043794E+03,1
pbesol,CdSe0.25Te0.75,O_i+N_i+O_i,Charged+1,1960,-.62385723E+03,-.62385721E+03,1
pbesol,CdSe0.25Te0.75,O_i+N_i+O_i,Charged+2,1959,-.62989503E+03,-.62989241E+03,1
pbesol,CdSe0.25Te0.75,O_i+N_i+O_i,Charged-1,1962,-.62145537E+03,-.62144721E+03,1
pbesol,CdSe0.25Te0.75,O_i+N_i+O_i,Charged-2,1963,-.61894265E+03,-.61892838E+03,1
pbesol,CdSe0.25Te0.75,O_i+N_i+O_i,Neutral,1961.0000,-.62236307E+03,-.62235916E+03,1
pbesol,CdSe0.25Te0.75,O_i+P_Se+O_i,Charged+1,1954,-.62226014E+03,-.62222249E+03,1
pbesol,CdSe0.25Te0.75,O_i+P_Se+O_i,Charged+2,1953,-.62417449E+03,-.62413070E+03,1
pbesol,CdSe0.25Te0.75,O_i+P_Se+O_i,Charged-1,1956,-.61833546E+03,-.61833297E+03,1
pbesol,CdSe0.25Te0.75,O_i+P_Se+O_i,Charged-2,1957,-.61616977E+03,-.61616977E+03,1
pbesol,CdSe0.25Te0.75,O_i+P_Se+O_i,Neutral,1955.0000,-.62032320E+03,-.62029858E+03,1
pbesol,CdSe0.25Te0.75,O_i+P_Te+O_i,Charged+1,1954,-.62114969E+03,-.62110291E+03,1
pbesol,CdSe0.25Te0.75,O_i+P_Te+O_i,Charged+2,1953,-.62302074E+03,-.62297590E+03,1
pbesol,CdSe0.25Te0.75,O_i+P_Te+O_i,Charged-1,1956,-.61809292E+03,-.61809292E+03,1
pbesol,CdSe0.25Te0.75,O_i+P_Te+O_i,Charged-2,1957,-.61542983E+03,-.61540714E+03,1
pbesol,CdSe0.25Te0.75,O_i+P_Te+O_i,Neutral,1955.0000,-.61925647E+03,-.61921357E+03,1
pbesol,CdSe0.25Te0.75,O_i+P_i+O_i,Charged+1,1960,-.62413458E+03,-.62413425E+03,1
pbesol,CdSe0.25Te0.75,O_i+P_i+O_i,Charged+2,1959,-.62646912E+03,-.62646910E+03,1
pbesol,CdSe0.25Te0.75,O_i+P_i+O_i,Charged-1,1962,-.62070132E+03,-.62068840E+03,1
pbesol,CdSe0.25Te0.75,O_i+P_i+O_i,Charged-2,1963,-.61812492E+03,-.61812492E+03,1
pbesol,CdSe0.25Te0.75,O_i+P_i+O_i,Neutral,1961.0000,-.62313029E+03,-.62313002E+03,1
pbesol,CdSe0.25Te0.75,O_i+Sb_Se+O_i,Charged+1,1954,-.62179696E+03,-.62179696E+03,1
pbesol,CdSe0.25Te0.75,O_i+Sb_Se+O_i,Charged+2,1953,-.62376031E+03,-.62373422E+03,1
pbesol,CdSe0.25Te0.75,O_i+Sb_Se+O_i,Charged-1,1956,-.61686319E+03,-.61686319E+03,1
pbesol,CdSe0.25Te0.75,O_i+Sb_Se+O_i,Charged-2,1957,-.61440214E+03,-.61439647E+03,1
pbesol,CdSe0.25Te0.75,O_i+Sb_Se+O_i,Neutral,1955.0000,-.61920285E+03,-.61920070E+03,1
pbesol,CdSe0.25Te0.75,O_i+Sb_Te+O_i,Charged+1,1954,-.61988490E+03,-.61984055E+03,1
pbesol,CdSe0.25Te0.75,O_i+Sb_Te+O_i,Charged+2,1953,-.62180001E+03,-.62175728E+03,1
pbesol,CdSe0.25Te0.75,O_i+Sb_Te+O_i,Charged-1,1956,-.61597950E+03,-.61595338E+03,1
pbesol,CdSe0.25Te0.75,O_i+Sb_Te+O_i,Charged-2,1957,-.61401073E+03,-.61400028E+03,1
pbesol,CdSe0.25Te0.75,O_i+Sb_Te+O_i,Neutral,1955.0000,-.61794713E+03,-.61790853E+03,1
pbesol,CdSe0.25Te0.75,O_i+Sb_i+O_i,Charged+1,1960,-.62396118E+03,-.62396118E+03,1
pbesol,CdSe0.25Te0.75,O_i+Sb_i+O_i,Charged+2,1959,-.62605536E+03,-.62603591E+03,1
pbesol,CdSe0.25Te0.75,O_i+Sb_i+O_i,Charged-1,1962,-.61983153E+03,-.61983153E+03,1
pbesol,CdSe0.25Te0.75,O_i+Sb_i+O_i,Charged-2,1963,-.61708149E+03,-.61706738E+03,1
pbesol,CdSe0.25Te0.75,O_i+Sb_i+O_i,Neutral,1961.0000,-.62258542E+03,-.62257132E+03,1
pbesol,CdSe0.25Te0.75,P_Se,Charged+1,1942,-.61133039E+03,-.61129329E+03,1
pbesol,CdSe0.25Te0.75,P_Se,Charged+2,1941,-.61323616E+03,-.61319527E+03,1
pbesol,CdSe0.25Te0.75,P_Se,Charged-1,1944,-.60743217E+03,-.60743217E+03,1
pbesol,CdSe0.25Te0.75,P_Se,Charged-2,1945,-.60505563E+03,-.60504152E+03,1
pbesol,CdSe0.25Te0.75,P_Se,Neutral,1943.0000,-.60939992E+03,-.60937459E+03,1
pbesol,CdSe0.25Te0.75,P_Se+Cl_Se,Charged+1,1943,-.61014118E+03,-.61011596E+03,1
pbesol,CdSe0.25Te0.75,P_Se+Cl_Se,Charged+2,1942,-.61206481E+03,-.61202798E+03,1
pbesol,CdSe0.25Te0.75,P_Se+Cl_Se,Charged-1,1945,-.60581500E+03,-.60580089E+03,1
pbesol,CdSe0.25Te0.75,P_Se+Cl_Se,Charged-2,1946,-.60339482E+03,-.60339482E+03,1
pbesol,CdSe0.25Te0.75,P_Se+Cl_Se,Neutral,1944.0000,-.60818141E+03,-.60818141E+03,1
pbesol,CdSe0.25Te0.75,P_Se+Cl_i,Charged+1,1949,-.61408670E+03,-.61406185E+03,1
pbesol,CdSe0.25Te0.75,P_Se+Cl_i,Charged+2,1948,-.61601662E+03,-.61598050E+03,1
pbesol,CdSe0.25Te0.75,P_Se+Cl_i,Charged-1,1951,-.60902214E+03,-.60900803E+03,1
pbesol,CdSe0.25Te0.75,P_Se+Cl_i,Charged-2,1952,-.60610775E+03,-.60610775E+03,1
pbesol,CdSe0.25Te0.75,P_Se+Cl_i,Neutral,1950.0000,-.61212103E+03,-.61212103E+03,1
pbesol,CdSe0.25Te0.75,P_Se+O_Se,Charged+1,1942,-.61270728E+03,-.61267013E+03,1
pbesol,CdSe0.25Te0.75,P_Se+O_Se,Charged+2,1941,-.61458800E+03,-.61454712E+03,1
pbesol,CdSe0.25Te0.75,P_Se+O_Se,Charged-1,1944,-.60885883E+03,-.60885883E+03,1
pbesol,CdSe0.25Te0.75,P_Se+O_Se,Charged-2,1945,-.60659132E+03,-.60657721E+03,1
pbesol,CdSe0.25Te0.75,P_Se+O_Se,Neutral,1943.0000,-.61080259E+03,-.61077715E+03,1
pbesol,CdSe0.25Te0.75,P_Se+O_i,Charged+1,1948,-.61824935E+03,-.61824787E+03,1
pbesol,CdSe0.25Te0.75,P_Se+O_i,Charged+2,1947,-.62019232E+03,-.62016737E+03,1
pbesol,CdSe0.25Te0.75,P_Se+O_i,Charged-1,1950,-.61394319E+03,-.61393344E+03,1
pbesol,CdSe0.25Te0.75,P_Se+O_i,Charged-2,1951,-.61154237E+03,-.61152727E+03,1
pbesol,CdSe0.25Te0.75,P_Se+O_i,Neutral,1949.0000,-.61624951E+03,-.61624951E+03,1
pbesol,CdSe0.25Te0.75,P_Se+P_i,Charged+1,1947,-.61617941E+03,-.61617941E+03,1
pbesol,CdSe0.25Te0.75,P_Se+P_i,Charged+2,1946,-.61846009E+03,-.61846009E+03,1
pbesol,CdSe0.25Te0.75,P_Se+P_i,Charged-1,1949,-.61145356E+03,-.61143945E+03,1
pbesol,CdSe0.25Te0.75,P_Se+P_i,Charged-2,1950,-.60880393E+03,-.60880393E+03,1
pbesol,CdSe0.25Te0.75,P_Se+P_i,Neutral,1948.0000,-.61388890E+03,-.61388875E+03,1
pbesol,CdSe0.25Te0.75,P_Te,Charged+1,1942,-.61188491E+03,-.61184693E+03,1
pbesol,CdSe0.25Te0.75,P_Te,Charged+2,1941,-.61375941E+03,-.61371766E+03,1
pbesol,CdSe0.25Te0.75,P_Te,Charged-1,1944,-.60805454E+03,-.60805454E+03,1
pbesol,CdSe0.25Te0.75,P_Te,Charged-2,1945,-.60571185E+03,-.60569775E+03,1
pbesol,CdSe0.25Te0.75,P_Te,Neutral,1943.0000,-.60998762E+03,-.60996162E+03,1
pbesol,CdSe0.25Te0.75,P_Te+Cl_Te,Charged+1,1943,-.61148339E+03,-.61145720E+03,1
pbesol,CdSe0.25Te0.75,P_Te+Cl_Te,Charged+2,1942,-.61333852E+03,-.61330040E+03,1
pbesol,CdSe0.25Te0.75,P_Te+Cl_Te,Charged-1,1945,-.60728962E+03,-.60727552E+03,1
pbesol,CdSe0.25Te0.75,P_Te+Cl_Te,Charged-2,1946,-.60493319E+03,-.60493319E+03,1
pbesol,CdSe0.25Te0.75,P_Te+Cl_Te,Neutral,1944.0000,-.60959312E+03,-.60959312E+03,1
pbesol,CdSe0.25Te0.75,P_Te+Cl_i,Charged+1,1949,-.61387412E+03,-.61384829E+03,1
pbesol,CdSe0.25Te0.75,P_Te+Cl_i,Charged+2,1948,-.61578842E+03,-.61575081E+03,1
pbesol,CdSe0.25Te0.75,P_Te+Cl_i,Charged-1,1951,-.60907489E+03,-.60905399E+03,1
pbesol,CdSe0.25Te0.75,P_Te+Cl_i,Charged-2,1952,-.60708980E+03,-.60708980E+03,1
pbesol,CdSe0.25Te0.75,P_Te+Cl_i,Neutral,1950.0000,-.61192318E+03,-.61192318E+03,1
pbesol,CdSe0.25Te0.75,P_Te+O_Te,Charged+1,1942,-.61385308E+03,-.61381575E+03,1
pbesol,CdSe0.25Te0.75,P_Te+O_Te,Charged+2,1941,-.61567348E+03,-.61563248E+03,1
pbesol,CdSe0.25Te0.75,P_Te+O_Te,Charged-1,1944,-.61012829E+03,-.61012829E+03,1
pbesol,CdSe0.25Te0.75,P_Te+O_Te,Charged-2,1945,-.60791283E+03,-.60789873E+03,1
pbesol,CdSe0.25Te0.75,P_Te+O_Te,Neutral,1943.0000,-.61200823E+03,-.61198267E+03,1
pbesol,CdSe0.25Te0.75,P_Te+O_i,Charged+1,1948,-.61716969E+03,-.61713362E+03,1
pbesol,CdSe0.25Te0.75,P_Te+O_i,Charged+2,1947,-.61904801E+03,-.61900811E+03,1
pbesol,CdSe0.25Te0.75,P_Te+O_i,Charged-1,1950,-.61342827E+03,-.61342827E+03,1
pbesol,CdSe0.25Te0.75,P_Te+O_i,Charged-2,1951,-.61108298E+03,-.61106887E+03,1
pbesol,CdSe0.25Te0.75,P_Te+O_i,Neutral,1949.0000,-.61526698E+03,-.61524236E+03,1
pbesol,CdSe0.25Te0.75,P_Te+P_i,Charged+1,1947,-.61582525E+03,-.61582525E+03,1
pbesol,CdSe0.25Te0.75,P_Te+P_i,Charged+2,1946,-.61815136E+03,-.61815136E+03,1
pbesol,CdSe0.25Te0.75,P_Te+P_i,Charged-1,1949,-.61129846E+03,-.61128436E+03,1
pbesol,CdSe0.25Te0.75,P_Te+P_i,Charged-2,1950,-.60903846E+03,-.60902097E+03,1
pbesol,CdSe0.25Te0.75,P_Te+P_i,Neutral,1948.0000,-.61370099E+03,-.61370099E+03,1
pbesol,CdSe0.25Te0.75,P_i,Charged+1,1948,-.61494750E+03,-.61494750E+03,1
pbesol,CdSe0.25Te0.75,P_i,Charged+2,1947,-.61699341E+03,-.61699341E+03,1
pbesol,CdSe0.25Te0.75,P_i,Charged-1,1950,-.61024486E+03,-.61022760E+03,1
pbesol,CdSe0.25Te0.75,P_i,Charged-2,1951,-.60655669E+03,-.60655669E+03,1
pbesol,CdSe0.25Te0.75,P_i,Neutral,1949.0000,-.61253480E+03,-.61252069E+03,1
pbesol,CdSe0.25Te0.75,P_i+P_i,Charged+1,1953,-.61837647E+03,-.61837647E+03,1
pbesol,CdSe0.25Te0.75,P_i+P_i,Charged+2,1952,-.62036928E+03,-.62036928E+03,1
pbesol,CdSe0.25Te0.75,P_i+P_i,Charged-1,1955,-.61407007E+03,-.61405596E+03,1
pbesol,CdSe0.25Te0.75,P_i+P_i,Charged-2,1956,-.60882880E+03,-.60882879E+03,1
pbesol,CdSe0.25Te0.75,P_i+P_i,Neutral,1954.0000,-.61606247E+03,-.61604362E+03,1
pbesol,CdSe0.25Te0.75,P_i+Se_i,Charged+1,1954,-.61637888E+03,-.61637782E+03,1
pbesol,CdSe0.25Te0.75,P_i+Se_i,Charged+2,1953,-.61983798E+03,-.61983774E+03,1
pbesol,CdSe0.25Te0.75,P_i+Se_i,Charged-1,1956,-.61143447E+03,-.61143247E+03,1
pbesol,CdSe0.25Te0.75,P_i+Se_i,Charged-2,1957,-.61052571E+03,-.61051254E+03,1
pbesol,CdSe0.25Te0.75,P_i+Se_i,Neutral,1955.0000,-.61393258E+03,-.61391847E+03,1
pbesol,CdSe0.25Te0.75,P_i+Te_i,Charged+1,1954,-.61538765E+03,-.61537350E+03,1
pbesol,CdSe0.25Te0.75,P_i+Te_i,Charged+2,1953,-.61786226E+03,-.61785282E+03,1
pbesol,CdSe0.25Te0.75,P_i+Te_i,Charged-1,1956,-.61206907E+03,-.61205084E+03,1
pbesol,CdSe0.25Te0.75,P_i+Te_i,Charged-2,1957,-.60682412E+03,-.60682045E+03,1
pbesol,CdSe0.25Te0.75,P_i+Te_i,Neutral,1955.0000,-.61308326E+03,-.61306375E+03,1
pbesol,CdSe0.25Te0.75,Sb_Se,Charged+1,1942,-.61002960E+03,-.60999729E+03,1
pbesol,CdSe0.25Te0.75,Sb_Se,Charged+2,1941,-.61199271E+03,-.61195562E+03,1
pbesol,CdSe0.25Te0.75,Sb_Se,Charged-1,1944,-.60595708E+03,-.60595708E+03,1
pbesol,CdSe0.25Te0.75,Sb_Se,Charged-2,1945,-.60355316E+03,-.60353906E+03,1
pbesol,CdSe0.25Te0.75,Sb_Se,Neutral,1943.0000,-.60802851E+03,-.60800750E+03,1
pbesol,CdSe0.25Te0.75,Sb_Se+Cl_Se,Charged+1,1943,-.60879075E+03,-.60877017E+03,1
pbesol,CdSe0.25Te0.75,Sb_Se+Cl_Se,Charged+2,1942,-.61078329E+03,-.61075155E+03,1
pbesol,CdSe0.25Te0.75,Sb_Se+Cl_Se,Charged-1,1945,-.60433287E+03,-.60431876E+03,1
pbesol,CdSe0.25Te0.75,Sb_Se+Cl_Se,Charged-2,1946,-.60188712E+03,-.60188712E+03,1
pbesol,CdSe0.25Te0.75,Sb_Se+Cl_Se,Neutral,1944.0000,-.60672600E+03,-.60672600E+03,1
pbesol,CdSe0.25Te0.75,Sb_Se+Cl_i,Charged+1,1949,-.61288291E+03,-.61286192E+03,1
pbesol,CdSe0.25Te0.75,Sb_Se+Cl_i,Charged+2,1948,-.61485709E+03,-.61482643E+03,1
pbesol,CdSe0.25Te0.75,Sb_Se+Cl_i,Charged-1,1951,-.60842579E+03,-.60841169E+03,1
pbesol,CdSe0.25Te0.75,Sb_Se+Cl_i,Charged-2,1952,-.60593974E+03,-.60593974E+03,1
pbesol,CdSe0.25Te0.75,Sb_Se+Cl_i,Neutral,1950.0000,-.61085926E+03,-.61085926E+03,1
pbesol,CdSe0.25Te0.75,Sb_Se+O_Se,Charged+1,1942,-.61142027E+03,-.61138752E+03,1
pbesol,CdSe0.25Te0.75,Sb_Se+O_Se,Charged+2,1941,-.61335881E+03,-.61332151E+03,1
pbesol,CdSe0.25Te0.75,Sb_Se+O_Se,Charged-1,1944,-.60739851E+03,-.60739850E+03,1
pbesol,CdSe0.25Te0.75,Sb_Se+O_Se,Charged-2,1945,-.60510428E+03,-.60509017E+03,1
pbesol,CdSe0.25Te0.75,Sb_Se+O_Se,Neutral,1943.0000,-.60944484E+03,-.60942344E+03,1
pbesol,CdSe0.25Te0.75,Sb_Se+O_i,Charged+1,1948,-.61686259E+03,-.61686259E+03,1
pbesol,CdSe0.25Te0.75,Sb_Se+O_i,Charged+2,1947,-.61884445E+03,-.61882122E+03,1
pbesol,CdSe0.25Te0.75,Sb_Se+O_i,Charged-1,1950,-.61179656E+03,-.61177890E+03,1
pbesol,CdSe0.25Te0.75,Sb_Se+O_i,Charged-2,1951,-.60935825E+03,-.60933959E+03,1
pbesol,CdSe0.25Te0.75,Sb_Se+O_i,Neutral,1949.0000,-.61433866E+03,-.61433415E+03,1
pbesol,CdSe0.25Te0.75,Sb_Se+Sb_i,Charged+1,1947,-.61396078E+03,-.61394668E+03,1
pbesol,CdSe0.25Te0.75,Sb_Se+Sb_i,Charged+2,1946,-.61642434E+03,-.61642434E+03,1
pbesol,CdSe0.25Te0.75,Sb_Se+Sb_i,Charged-1,1949,-.60869463E+03,-.60869463E+03,1
pbesol,CdSe0.25Te0.75,Sb_Se+Sb_i,Charged-2,1950,-.60596623E+03,-.60596623E+03,1
pbesol,CdSe0.25Te0.75,Sb_Se+Sb_i,Neutral,1948.0000,-.61144455E+03,-.61144455E+03,1
pbesol,CdSe0.25Te0.75,Sb_Te,Charged+1,1942,-.61062726E+03,-.61059311E+03,1
pbesol,CdSe0.25Te0.75,Sb_Te,Charged+2,1941,-.61255345E+03,-.61251486E+03,1
pbesol,CdSe0.25Te0.75,Sb_Te,Charged-1,1944,-.60664484E+03,-.60664484E+03,1
pbesol,CdSe0.25Te0.75,Sb_Te,Charged-2,1945,-.60427290E+03,-.60425879E+03,1
pbesol,CdSe0.25Te0.75,Sb_Te,Neutral,1943.0000,-.60866750E+03,-.60864478E+03,1
pbesol,CdSe0.25Te0.75,Sb_Te+Cl_Te,Charged+1,1943,-.61016313E+03,-.61014126E+03,1
pbesol,CdSe0.25Te0.75,Sb_Te+Cl_Te,Charged+2,1942,-.61206772E+03,-.61203433E+03,1
pbesol,CdSe0.25Te0.75,Sb_Te+Cl_Te,Charged-1,1945,-.60588009E+03,-.60586599E+03,1
pbesol,CdSe0.25Te0.75,Sb_Te+Cl_Te,Charged-2,1946,-.60349651E+03,-.60349651E+03,1
pbesol,CdSe0.25Te0.75,Sb_Te+Cl_Te,Neutral,1944.0000,-.60821235E+03,-.60821235E+03,1
pbesol,CdSe0.25Te0.75,Sb_Te+Cl_i,Charged+1,1949,-.61342935E+03,-.61340480E+03,1
pbesol,CdSe0.25Te0.75,Sb_Te+Cl_i,Charged+2,1948,-.61536276E+03,-.61532654E+03,1
pbesol,CdSe0.25Te0.75,Sb_Te+Cl_i,Charged-1,1951,-.60904054E+03,-.60902643E+03,1
pbesol,CdSe0.25Te0.75,Sb_Te+Cl_i,Charged-2,1952,-.60559305E+03,-.60559303E+03,1
pbesol,CdSe0.25Te0.75,Sb_Te+Cl_i,Neutral,1950.0000,-.61145681E+03,-.61145681E+03,1
pbesol,CdSe0.25Te0.75,Sb_Te+O_Te,Charged+1,1942,-.61270652E+03,-.61267948E+03,1
pbesol,CdSe0.25Te0.75,Sb_Te+O_Te,Charged+2,1941,-.61457332E+03,-.61454040E+03,1
pbesol,CdSe0.25Te0.75,Sb_Te+O_Te,Charged-1,1944,-.60882356E+03,-.60882356E+03,1
pbesol,CdSe0.25Te0.75,Sb_Te+O_Te,Charged-2,1945,-.60657465E+03,-.60656054E+03,1
pbesol,CdSe0.25Te0.75,Sb_Te+O_Te,Neutral,1943.0000,-.61080284E+03,-.61078586E+03,1
pbesol,CdSe0.25Te0.75,Sb_Te+O_i,Charged+1,1948,-.61595184E+03,-.61592138E+03,1
pbesol,CdSe0.25Te0.75,Sb_Te+O_i,Charged+2,1947,-.61788509E+03,-.61785048E+03,1
pbesol,CdSe0.25Te0.75,Sb_Te+O_i,Charged-1,1950,-.61197437E+03,-.61197437E+03,1
pbesol,CdSe0.25Te0.75,Sb_Te+O_i,Charged-2,1951,-.60958634E+03,-.60957224E+03,1
pbesol,CdSe0.25Te0.75,Sb_Te+O_i,Neutral,1949.0000,-.61393283E+03,-.61390888E+03,1
pbesol,CdSe0.25Te0.75,Sb_Te+Sb_i,Charged+1,1947,-.61363050E+03,-.61361639E+03,1
pbesol,CdSe0.25Te0.75,Sb_Te+Sb_i,Charged+2,1946,-.61606327E+03,-.61606327E+03,1
pbesol,CdSe0.25Te0.75,Sb_Te+Sb_i,Charged-1,1949,-.60880275E+03,-.60878864E+03,1
pbesol,CdSe0.25Te0.75,Sb_Te+Sb_i,Charged-2,1950,-.60617916E+03,-.60616326E+03,1
pbesol,CdSe0.25Te0.75,Sb_Te+Sb_i,Neutral,1948.0000,-.61114518E+03,-.61114518E+03,1
pbesol,CdSe0.25Te0.75,Sb_i,Charged+1,1948,-.61368673E+03,-.61368673E+03,1
pbesol,CdSe0.25Te0.75,Sb_i,Charged+2,1947,-.61616235E+03,-.61614825E+03,1
pbesol,CdSe0.25Te0.75,Sb_i,Charged-1,1950,-.60882158E+03,-.60880448E+03,1
pbesol,CdSe0.25Te0.75,Sb_i,Charged-2,1951,-.60535223E+03,-.60535214E+03,1
pbesol,CdSe0.25Te0.75,Sb_i,Neutral,1949.0000,-.61121018E+03,-.61119603E+03,1
pbesol,CdSe0.25Te0.75,Sb_i+Sb_i,Charged+1,1953,-.61598686E+03,-.61598685E+03,1
pbesol,CdSe0.25Te0.75,Sb_i+Sb_i,Charged+2,1952,-.61880576E+03,-.61880576E+03,1
pbesol,CdSe0.25Te0.75,Sb_i+Sb_i,Charged-1,1955,-.61114748E+03,-.61114748E+03,1
pbesol,CdSe0.25Te0.75,Sb_i+Sb_i,Charged-2,1956,-.60833141E+03,-.60833141E+03,1
pbesol,CdSe0.25Te0.75,Sb_i+Sb_i,Neutral,1954.0000,-.61364456E+03,-.61364456E+03,1
pbesol,CdSe0.25Te0.75,Sb_i+Se_i,Charged+1,1954,-.61637257E+03,-.61637257E+03,1
pbesol,CdSe0.25Te0.75,Sb_i+Se_i,Charged+2,1953,-.61763973E+03,-.61762558E+03,1
pbesol,CdSe0.25Te0.75,Sb_i+Se_i,Charged-1,1956,-.61134241E+03,-.61134241E+03,1
pbesol,CdSe0.25Te0.75,Sb_i+Se_i,Charged-2,1957,-.60751881E+03,-.60751879E+03,1
pbesol,CdSe0.25Te0.75,Sb_i+Se_i,Neutral,1955.0000,-.61387051E+03,-.61385596E+03,1
pbesol,CdSe0.25Te0.75,Sb_i+Te_i,Charged+1,1954,-.61409833E+03,-.61408161E+03,1
pbesol,CdSe0.25Te0.75,Sb_i+Te_i,Charged+2,1953,-.61658372E+03,-.61657840E+03,1
pbesol,CdSe0.25Te0.75,Sb_i+Te_i,Charged-1,1956,-.61048495E+03,-.61048495E+03,1
pbesol,CdSe0.25Te0.75,Sb_i+Te_i,Charged-2,1957,-.60811807E+03,-.60811806E+03,1
pbesol,CdSe0.25Te0.75,Sb_i+Te_i,Neutral,1955.0000,-.61303283E+03,-.61301823E+03,1
pbesol,CdSe0.25Te0.75,Se_Cd,Charged+1,1949,-.60639871E+03,-.60638461E+03,1
pbesol,CdSe0.25Te0.75,Se_Cd,Charged+2,1948,-.60881507E+03,-.60881507E+03,1
pbesol,CdSe0.25Te0.75,Se_Cd,Charged-1,1951,-.60114342E+03,-.60114341E+03,1
pbesol,CdSe0.25Te0.75,Se_Cd,Charged-2,1952,-.59824492E+03,-.59824478E+03,1
pbesol,CdSe0.25Te0.75,Se_Cd,Neutral,1950.0000,-.60392939E+03,-.60392939E+03,1
pbesol,CdSe0.25Te0.75,Se_Cd+Cd_i,Charged+1,1961,-.60710796E+03,-.60709386E+03,1
pbesol,CdSe0.25Te0.75,Se_Cd+Cd_i,Charged+2,1960,-.60953906E+03,-.60953902E+03,1
pbesol,CdSe0.25Te0.75,Se_Cd+Cd_i,Charged-1,1963,-.60184433E+03,-.60184421E+03,1
pbesol,CdSe0.25Te0.75,Se_Cd+Cd_i,Charged-2,1964,-.59929479E+03,-.59929479E+03,1
pbesol,CdSe0.25Te0.75,Se_Cd+Cd_i,Neutral,1962.0000,-.60462481E+03,-.60462481E+03,1
pbesol,CdSe0.25Te0.75,Se_Te,Charged+1,1943,-.61057964E+03,-.61055337E+03,1
pbesol,CdSe0.25Te0.75,Se_Te,Charged+2,1942,-.61251904E+03,-.61248080E+03,1
pbesol,CdSe0.25Te0.75,Se_Te,Charged-1,1945,-.60619322E+03,-.60617911E+03,1
pbesol,CdSe0.25Te0.75,Se_Te,Charged-2,1946,-.60372672E+03,-.60372672E+03,1
pbesol,CdSe0.25Te0.75,Se_Te,Neutral,1944.0000,-.60860639E+03,-.60860639E+03,1
pbesol,CdSe0.25Te0.75,Se_i,Charged+1,1949,-.61405744E+03,-.61403393E+03,1
pbesol,CdSe0.25Te0.75,Se_i,Charged+2,1948,-.61599149E+03,-.61595490E+03,1
pbesol,CdSe0.25Te0.75,Se_i,Charged-1,1951,-.60966187E+03,-.60964777E+03,1
pbesol,CdSe0.25Te0.75,Se_i,Charged-2,1952,-.60719591E+03,-.60719591E+03,1
pbesol,CdSe0.25Te0.75,Se_i,Neutral,1950.0000,-.61207525E+03,-.61207525E+03,1
pbesol,CdSe0.25Te0.75,Te_Cd,Charged+1,1949,-.60703599E+03,-.60702189E+03,1
pbesol,CdSe0.25Te0.75,Te_Cd,Charged+2,1948,-.60942461E+03,-.60942461E+03,1
pbesol,CdSe0.25Te0.75,Te_Cd,Charged-1,1951,-.60173116E+03,-.60173115E+03,1
pbesol,CdSe0.25Te0.75,Te_Cd,Charged-2,1952,-.59893549E+03,-.59893210E+03,1
pbesol,CdSe0.25Te0.75,Te_Cd,Neutral,1950.0000,-.60459656E+03,-.60459656E+03,1
pbesol,CdSe0.25Te0.75,Te_Cd+Cd_i,Charged+1,1961,-.60770650E+03,-.60769240E+03,1
pbesol,CdSe0.25Te0.75,Te_Cd+Cd_i,Charged+2,1960,-.61010478E+03,-.61010478E+03,1
pbesol,CdSe0.25Te0.75,Te_Cd+Cd_i,Charged-1,1963,-.60250439E+03,-.60250429E+03,1
pbesol,CdSe0.25Te0.75,Te_Cd+Cd_i,Charged-2,1964,-.59996950E+03,-.59996950E+03,1
pbesol,CdSe0.25Te0.75,Te_Cd+Cd_i,Neutral,1962.0000,-.60525450E+03,-.60525450E+03,1
pbesol,CdSe0.25Te0.75,Te_Se,Charged+1,1943,-.61181229E+03,-.61178593E+03,1
pbesol,CdSe0.25Te0.75,Te_Se,Charged+2,1942,-.61370138E+03,-.61366302E+03,1
pbesol,CdSe0.25Te0.75,Te_Se,Charged-1,1945,-.60754325E+03,-.60752915E+03,1
pbesol,CdSe0.25Te0.75,Te_Se,Charged-2,1946,-.60514477E+03,-.60514477E+03,1
pbesol,CdSe0.25Te0.75,Te_Se,Neutral,1944.0000,-.60988846E+03,-.60988846E+03,1
pbesol,CdSe0.25Te0.75,Te_i,Charged+1,1949,-.61326792E+03,-.61326655E+03,1
pbesol,CdSe0.25Te0.75,Te_i,Charged+2,1948,-.61524978E+03,-.61522386E+03,1
pbesol,CdSe0.25Te0.75,Te_i,Charged-1,1951,-.60873943E+03,-.60872532E+03,1
pbesol,CdSe0.25Te0.75,Te_i,Charged-2,1952,-.60626156E+03,-.60626156E+03,1
pbesol,CdSe0.25Te0.75,Te_i,Neutral,1950.0000,-.61116484E+03,-.61116484E+03,1
pbesol,CdSe0.25Te0.75,V_Cd,Charged+1,1931,-.60754206E+03,-.60750508E+03,1
pbesol,CdSe0.25Te0.75,V_Cd,Charged+2,1930,-.60941735E+03,-.60938327E+03,1
pbesol,CdSe0.25Te0.75,V_Cd,Charged-1,1933,-.60370410E+03,-.60368123E+03,1
pbesol,CdSe0.25Te0.75,V_Cd,Charged-2,1934,-.60170743E+03,-.60170743E+03,1
pbesol,CdSe0.25Te0.75,V_Cd,Neutral,1932.0000,-.60563982E+03,-.60560670E+03,1
pbesol,CdSe0.25Te0.75,V_Cd+Cd_Se,Charged+1,1925,-.60856139E+03,-.60853862E+03,1
pbesol,CdSe0.25Te0.75,V_Cd+Cd_Se,Charged+2,1924,-.61048727E+03,-.61045448E+03,1
pbesol,CdSe0.25Te0.75,V_Cd+Cd_Se,Charged-1,1927,-.60452890E+03,-.60452874E+03,1
pbesol,CdSe0.25Te0.75,V_Cd+Cd_Se,Charged-2,1928,-.60247724E+03,-.60247724E+03,1
pbesol,CdSe0.25Te0.75,V_Cd+Cd_Se,Neutral,1926.0000,-.60658191E+03,-.60658191E+03,1
pbesol,CdSe0.25Te0.75,V_Cd+Cd_Te,Charged+1,1925,-.60856396E+03,-.60854093E+03,1
pbesol,CdSe0.25Te0.75,V_Cd+Cd_Te,Charged+2,1924,-.61050978E+03,-.61047632E+03,1
pbesol,CdSe0.25Te0.75,V_Cd+Cd_Te,Charged-1,1927,-.60434360E+03,-.60434360E+03,1
pbesol,CdSe0.25Te0.75,V_Cd+Cd_Te,Charged-2,1928,-.60210257E+03,-.60210255E+03,1
pbesol,CdSe0.25Te0.75,V_Cd+Cd_Te,Neutral,1926.0000,-.60656627E+03,-.60656627E+03,1
pbesol,CdSe0.25Te0.75,V_Cd+Se_Cd,Charged+1,1937,-.60471803E+03,-.60469196E+03,1
pbesol,CdSe0.25Te0.75,V_Cd+Se_Cd,Charged+2,1936,-.60658045E+03,-.60654250E+03,1
pbesol,CdSe0.25Te0.75,V_Cd+Se_Cd,Charged-1,1939,-.60037731E+03,-.60036320E+03,1
pbesol,CdSe0.25Te0.75,V_Cd+Se_Cd,Charged-2,1940,-.59788123E+03,-.59788123E+03,1
pbesol,CdSe0.25Te0.75,V_Cd+Se_Cd,Neutral,1938.0000,-.60282109E+03,-.60282109E+03,1
pbesol,CdSe0.25Te0.75,V_Cd+Se_i,Charged+1,1937,-.61117760E+03,-.61115425E+03,1
pbesol,CdSe0.25Te0.75,V_Cd+Se_i,Charged+2,1936,-.61309825E+03,-.61306417E+03,1
pbesol,CdSe0.25Te0.75,V_Cd+Se_i,Charged-1,1939,-.60681419E+03,-.60680009E+03,1
pbesol,CdSe0.25Te0.75,V_Cd+Se_i,Charged-2,1940,-.60436039E+03,-.60436009E+03,1
pbesol,CdSe0.25Te0.75,V_Cd+Se_i,Neutral,1938.0000,-.60921574E+03,-.60921574E+03,1
pbesol,CdSe0.25Te0.75,V_Cd+Te_Cd,Charged+1,1937,-.60413747E+03,-.60411618E+03,1
pbesol,CdSe0.25Te0.75,V_Cd+Te_Cd,Charged+2,1936,-.60601805E+03,-.60598569E+03,1
pbesol,CdSe0.25Te0.75,V_Cd+Te_Cd,Charged-1,1939,-.59982161E+03,-.59980750E+03,1
pbesol,CdSe0.25Te0.75,V_Cd+Te_Cd,Charged-2,1940,-.59738839E+03,-.59738839E+03,1
pbesol,CdSe0.25Te0.75,V_Cd+Te_Cd,Neutral,1938.0000,-.60220287E+03,-.60220287E+03,1
pbesol,CdSe0.25Te0.75,V_Se,Charged+1,1937,-.60471104E+03,-.60468628E+03,1
pbesol,CdSe0.25Te0.75,V_Se,Charged+2,1936,-.60658432E+03,-.60654899E+03,1
pbesol,CdSe0.25Te0.75,V_Se,Charged-1,1939,-.60034667E+03,-.60033256E+03,1
pbesol,CdSe0.25Te0.75,V_Se,Charged-2,1940,-.59783672E+03,-.59783672E+03,1
pbesol,CdSe0.25Te0.75,V_Se,Neutral,1938.0000,-.60280363E+03,-.60280363E+03,1
pbesol,CdSe0.25Te0.75,V_Se+Cd_Se,Charged+1,1931,-.60689422E+03,-.60688012E+03,1
pbesol,CdSe0.25Te0.75,V_Se+Cd_Se,Charged+2,1930,-.60928629E+03,-.60928629E+03,1
pbesol,CdSe0.25Te0.75,V_Se+Cd_Se,Charged-1,1933,-.60160518E+03,-.60160518E+03,1
pbesol,CdSe0.25Te0.75,V_Se+Cd_Se,Charged-2,1934,-.60049488E+03,-.60049488E+03,1
pbesol,CdSe0.25Te0.75,V_Se+Cd_Se,Neutral,1932.0000,-.60444890E+03,-.60444890E+03,1
pbesol,CdSe0.25Te0.75,V_Te,Charged+1,1937,-.60617555E+03,-.60616145E+03,1
pbesol,CdSe0.25Te0.75,V_Te,Charged+2,1936,-.60848798E+03,-.60848798E+03,1
pbesol,CdSe0.25Te0.75,V_Te,Charged-1,1939,-.60033797E+03,-.60032225E+03,1
pbesol,CdSe0.25Te0.75,V_Te,Charged-2,1940,-.59692973E+03,-.59692972E+03,1
pbesol,CdSe0.25Te0.75,V_Te,Neutral,1938.0000,-.60381016E+03,-.60381016E+03,1
pbesol,CdSe0.25Te0.75,V_Te+Cd_Te,Charged+1,1931,-.60633904E+03,-.60632493E+03,1
pbesol,CdSe0.25Te0.75,V_Te+Cd_Te,Charged+2,1930,-.60873077E+03,-.60873077E+03,1
pbesol,CdSe0.25Te0.75,V_Te+Cd_Te,Charged-1,1933,-.60154845E+03,-.60153349E+03,1
pbesol,CdSe0.25Te0.75,V_Te+Cd_Te,Charged-2,1934,-.59912255E+03,-.59912255E+03,1
pbesol,CdSe0.25Te0.75,V_Te+Cd_Te,Neutral,1932.0000,-.60389471E+03,-.60389471E+03,1
pbesol,CdSe0.25Te0.75,V_Te+Te_i,Charged+1,1943,-.61118417E+03,-.61115797E+03,1
pbesol,CdSe0.25Te0.75,V_Te+Te_i,Charged+2,1942,-.61308718E+03,-.61304903E+03,1
pbesol,CdSe0.25Te0.75,V_Te+Te_i,Charged-1,1945,-.60688263E+03,-.60686852E+03,1
pbesol,CdSe0.25Te0.75,V_Te+Te_i,Charged-2,1946,-.60446497E+03,-.60446497E+03,1
pbesol,CdSe0.25Te0.75,V_Te+Te_i,Neutral,1944.0000,-.60924689E+03,-.60924689E+03,1
pbesol,CdSe0.50Te0.50,As_Se,Charged+1,1942,-.62819270E+03,-.62815849E+03,1
pbesol,CdSe0.50Te0.50,As_Se,Charged+2,1941,-.62982543E+03,-.62978752E+03,1
pbesol,CdSe0.50Te0.50,As_Se,Charged-1,1944,-.62481925E+03,-.62481925E+03,1
pbesol,CdSe0.50Te0.50,As_Se,Charged-2,1945,-.62282805E+03,-.62281394E+03,1
pbesol,CdSe0.50Te0.50,As_Se,Neutral,1943.0000,-.62653244E+03,-.62650910E+03,1
pbesol,CdSe0.50Te0.50,As_Se+As_i,Charged+1,1947,-.63257220E+03,-.63255809E+03,1
pbesol,CdSe0.50Te0.50,As_Se+As_i,Charged+2,1946,-.63459649E+03,-.63459649E+03,1
pbesol,CdSe0.50Te0.50,As_Se+As_i,Charged-1,1949,-.62837818E+03,-.62837816E+03,1
pbesol,CdSe0.50Te0.50,As_Se+As_i,Charged-2,1950,-.62599295E+03,-.62599295E+03,1
pbesol,CdSe0.50Te0.50,As_Se+As_i,Neutral,1948.0000,-.63046695E+03,-.63045283E+03,1
pbesol,CdSe0.50Te0.50,As_Se+Cl_Se,Charged+1,1943,-.62722102E+03,-.62719726E+03,1
pbesol,CdSe0.50Te0.50,As_Se+Cl_Se,Charged+2,1942,-.62885933E+03,-.62882502E+03,1
pbesol,CdSe0.50Te0.50,As_Se+Cl_Se,Charged-1,1945,-.62354704E+03,-.62353294E+03,1
pbesol,CdSe0.50Te0.50,As_Se+Cl_Se,Charged-2,1946,-.62150288E+03,-.62150288E+03,1
pbesol,CdSe0.50Te0.50,As_Se+Cl_Se,Neutral,1944.0000,-.62553790E+03,-.62553790E+03,1
pbesol,CdSe0.50Te0.50,As_Se+Cl_i,Charged+1,1949,-.63111506E+03,-.63109135E+03,1
pbesol,CdSe0.50Te0.50,As_Se+Cl_i,Charged+2,1948,-.63257423E+03,-.63253974E+03,1
pbesol,CdSe0.50Te0.50,As_Se+Cl_i,Charged-1,1951,-.62621541E+03,-.62621539E+03,1
pbesol,CdSe0.50Te0.50,As_Se+Cl_i,Charged-2,1952,-.62423658E+03,-.62423330E+03,1
pbesol,CdSe0.50Te0.50,As_Se+Cl_i,Neutral,1950.0000,-.62921986E+03,-.62921986E+03,1
pbesol,CdSe0.50Te0.50,As_Se+O_Se,Charged+1,1942,-.62959894E+03,-.62956719E+03,1
pbesol,CdSe0.50Te0.50,As_Se+O_Se,Charged+2,1941,-.63120260E+03,-.63116728E+03,1
pbesol,CdSe0.50Te0.50,As_Se+O_Se,Charged-1,1944,-.62626842E+03,-.62626837E+03,1
pbesol,CdSe0.50Te0.50,As_Se+O_Se,Charged-2,1945,-.62436873E+03,-.62435462E+03,1
pbesol,CdSe0.50Te0.50,As_Se+O_Se,Neutral,1943.0000,-.62796257E+03,-.62794036E+03,1
pbesol,CdSe0.50Te0.50,As_Se+O_i,Charged+1,1948,-.63345981E+03,-.63343467E+03,1
pbesol,CdSe0.50Te0.50,As_Se+O_i,Charged+2,1947,-.63626634E+03,-.63624590E+03,1
pbesol,CdSe0.50Te0.50,As_Se+O_i,Charged-1,1950,-.63070208E+03,-.63067966E+03,1
pbesol,CdSe0.50Te0.50,As_Se+O_i,Charged-2,1951,-.62716278E+03,-.62716276E+03,1
pbesol,CdSe0.50Te0.50,As_Se+O_i,Neutral,1949.0000,-.63285866E+03,-.63285851E+03,1
pbesol,CdSe0.50Te0.50,As_Te,Charged+1,1942,-.62882197E+03,-.62878746E+03,1
pbesol,CdSe0.50Te0.50,As_Te,Charged+2,1941,-.63043528E+03,-.63039581E+03,1
pbesol,CdSe0.50Te0.50,As_Te,Charged-1,1944,-.62546687E+03,-.62546685E+03,1
pbesol,CdSe0.50Te0.50,As_Te,Charged-2,1945,-.62350990E+03,-.62349580E+03,1
pbesol,CdSe0.50Te0.50,As_Te,Neutral,1943.0000,-.62717803E+03,-.62715569E+03,1
pbesol,CdSe0.50Te0.50,As_Te+As_i,Charged+1,1947,-.63241726E+03,-.63241682E+03,1
pbesol,CdSe0.50Te0.50,As_Te+As_i,Charged+2,1946,-.63430370E+03,-.63430340E+03,1
pbesol,CdSe0.50Te0.50,As_Te+As_i,Charged-1,1949,-.62853667E+03,-.62852257E+03,1
pbesol,CdSe0.50Te0.50,As_Te+As_i,Charged-2,1950,-.62601601E+03,-.62601563E+03,1
pbesol,CdSe0.50Te0.50,As_Te+As_i,Neutral,1948.0000,-.63057453E+03,-.63057452E+03,1
pbesol,CdSe0.50Te0.50,As_Te+Cl_Te,Charged+1,1943,-.62851139E+03,-.62848638E+03,1
pbesol,CdSe0.50Te0.50,As_Te+Cl_Te,Charged+2,1942,-.63009856E+03,-.63006175E+03,1
pbesol,CdSe0.50Te0.50,As_Te+Cl_Te,Charged-1,1945,-.62496550E+03,-.62495140E+03,1
pbesol,CdSe0.50Te0.50,As_Te+Cl_Te,Charged-2,1946,-.62299586E+03,-.62299586E+03,1
pbesol,CdSe0.50Te0.50,As_Te+Cl_Te,Neutral,1944.0000,-.62688160E+03,-.62688160E+03,1
pbesol,CdSe0.50Te0.50,As_Te+Cl_i,Charged+1,1949,-.63025586E+03,-.63021681E+03,1
pbesol,CdSe0.50Te0.50,As_Te+Cl_i,Charged+2,1948,-.63187015E+03,-.63183433E+03,1
pbesol,CdSe0.50Te0.50,As_Te+Cl_i,Charged-1,1951,-.62693623E+03,-.62691234E+03,1
pbesol,CdSe0.50Te0.50,As_Te+Cl_i,Charged-2,1952,-.62519525E+03,-.62519525E+03,1
pbesol,CdSe0.50Te0.50,As_Te+Cl_i,Neutral,1950.0000,-.62861254E+03,-.62857733E+03,1
pbesol,CdSe0.50Te0.50,As_Te+O_Te,Charged+1,1942,-.63105538E+03,-.63102193E+03,1
pbesol,CdSe0.50Te0.50,As_Te+O_Te,Charged+2,1941,-.63260362E+03,-.63256529E+03,1
pbesol,CdSe0.50Te0.50,As_Te+O_Te,Charged-1,1944,-.62782864E+03,-.62782854E+03,1
pbesol,CdSe0.50Te0.50,As_Te+O_Te,Charged-2,1945,-.62597540E+03,-.62596129E+03,1
pbesol,CdSe0.50Te0.50,As_Te+O_Te,Neutral,1943.0000,-.62947508E+03,-.62945349E+03,1
pbesol,CdSe0.50Te0.50,As_Te+O_i,Charged+1,1948,-.63414614E+03,-.63411203E+03,1
pbesol,CdSe0.50Te0.50,As_Te+O_i,Charged+2,1947,-.63439868E+03,-.63436913E+03,1
pbesol,CdSe0.50Te0.50,As_Te+O_i,Charged-1,1950,-.62960395E+03,-.62956969E+03,1
pbesol,CdSe0.50Te0.50,As_Te+O_i,Charged-2,1951,-.62794136E+03,-.62791799E+03,1
pbesol,CdSe0.50Te0.50,As_Te+O_i,Neutral,1949.0000,-.63122986E+03,-.63119079E+03,1
pbesol,CdSe0.50Te0.50,As_i,Charged+1,1948,-.63222548E+03,-.63222547E+03,1
pbesol,CdSe0.50Te0.50,As_i,Charged+2,1947,-.63409121E+03,-.63409115E+03,1
pbesol,CdSe0.50Te0.50,As_i,Charged-1,1950,-.62811375E+03,-.62811375E+03,1
pbesol,CdSe0.50Te0.50,As_i,Charged-2,1951,-.62485553E+03,-.62485553E+03,1
pbesol,CdSe0.50Te0.50,As_i,Neutral,1949.0000,-.63016531E+03,-.63015120E+03,1
pbesol,CdSe0.50Te0.50,As_i+As_i,Charged+1,1953,-.63543508E+03,-.63542098E+03,1
pbesol,CdSe0.50Te0.50,As_i+As_i,Charged+2,1952,-.63740647E+03,-.63740646E+03,1
pbesol,CdSe0.50Te0.50,As_i+As_i,Charged-1,1955,-.63207708E+03,-.63207689E+03,1
pbesol,CdSe0.50Te0.50,As_i+As_i,Charged-2,1956,-.63020781E+03,-.63020781E+03,1
pbesol,CdSe0.50Te0.50,As_i+As_i,Neutral,1954.0000,-.63316927E+03,-.63316927E+03,1
pbesol,CdSe0.50Te0.50,As_i+Se_i,Charged+1,1954,-.63600701E+03,-.63600701E+03,1
pbesol,CdSe0.50Te0.50,As_i+Se_i,Charged+2,1953,-.63562774E+03,-.63562767E+03,1
pbesol,CdSe0.50Te0.50,As_i+Se_i,Charged-1,1956,-.63184197E+03,-.63184152E+03,1
pbesol,CdSe0.50Te0.50,As_i+Se_i,Charged-2,1957,-.62949837E+03,-.62949837E+03,1
pbesol,CdSe0.50Te0.50,As_i+Se_i,Neutral,1955.0000,-.63337657E+03,-.63336246E+03,1
pbesol,CdSe0.50Te0.50,As_i+Te_i,Charged+1,1954,-.63495015E+03,-.63495001E+03,1
pbesol,CdSe0.50Te0.50,As_i+Te_i,Charged+2,1953,-.63675026E+03,-.63672738E+03,1
pbesol,CdSe0.50Te0.50,As_i+Te_i,Charged-1,1956,-.63070445E+03,-.63070445E+03,1
pbesol,CdSe0.50Te0.50,As_i+Te_i,Charged-2,1957,-.62824028E+03,-.62824028E+03,1
pbesol,CdSe0.50Te0.50,As_i+Te_i,Neutral,1955.0000,-.63275481E+03,-.63274071E+03,1
pbesol,CdSe0.50Te0.50,Bi_Cd,Charged+1,1946,-.63132536E+03,-.63132536E+03,1
pbesol,CdSe0.50Te0.50,Bi_Cd,Charged+2,1945,-.63302048E+03,-.63299510E+03,1
pbesol,CdSe0.50Te0.50,Bi_Cd,Charged-1,1948,-.62703993E+03,-.62703993E+03,1
pbesol,CdSe0.50Te0.50,Bi_Cd,Charged-2,1949,-.62428833E+03,-.62428833E+03,1
pbesol,CdSe0.50Te0.50,Bi_Cd,Neutral,1947.0000,-.62920941E+03,-.62919531E+03,1
pbesol,CdSe0.50Te0.50,Bi_Cd+Bi_Se,Charged+1,1955,-.63006560E+03,-.63004363E+03,1
pbesol,CdSe0.50Te0.50,Bi_Cd+Bi_Se,Charged+2,1954,-.63180082E+03,-.63177088E+03,1
pbesol,CdSe0.50Te0.50,Bi_Cd+Bi_Se,Charged-1,1957,-.62610990E+03,-.62609580E+03,1
pbesol,CdSe0.50Te0.50,Bi_Cd+Bi_Se,Charged-2,1958,-.62389851E+03,-.62389851E+03,1
pbesol,CdSe0.50Te0.50,Bi_Cd+Bi_Se,Neutral,1956.0000,-.62826921E+03,-.62826921E+03,1
pbesol,CdSe0.50Te0.50,Bi_Cd+Bi_Te,Charged+1,1955,-.63016153E+03,-.63016138E+03,1
pbesol,CdSe0.50Te0.50,Bi_Cd+Bi_Te,Charged+2,1954,-.63195842E+03,-.63194987E+03,1
pbesol,CdSe0.50Te0.50,Bi_Cd+Bi_Te,Charged-1,1957,-.62602644E+03,-.62601229E+03,1
pbesol,CdSe0.50Te0.50,Bi_Cd+Bi_Te,Charged-2,1958,-.62385077E+03,-.62385077E+03,1
pbesol,CdSe0.50Te0.50,Bi_Cd+Bi_Te,Neutral,1956.0000,-.62815120E+03,-.62814700E+03,1
pbesol,CdSe0.50Te0.50,Bi_Cd+Bi_i,Charged+1,1961,-.63376919E+03,-.63375509E+03,1
pbesol,CdSe0.50Te0.50,Bi_Cd+Bi_i,Charged+2,1960,-.63598795E+03,-.63598795E+03,1
pbesol,CdSe0.50Te0.50,Bi_Cd+Bi_i,Charged-1,1963,-.62916136E+03,-.62916127E+03,1
pbesol,CdSe0.50Te0.50,Bi_Cd+Bi_i,Charged-2,1964,-.62695671E+03,-.62695671E+03,1
pbesol,CdSe0.50Te0.50,Bi_Cd+Bi_i,Neutral,1962.0000,-.63161765E+03,-.63161765E+03,1
pbesol,CdSe0.50Te0.50,Bi_Cd+Cl_Se,Charged+1,1947,-.62977703E+03,-.62976293E+03,1
pbesol,CdSe0.50Te0.50,Bi_Cd+Cl_Se,Charged+2,1946,-.63184010E+03,-.63184010E+03,1
pbesol,CdSe0.50Te0.50,Bi_Cd+Cl_Se,Charged-1,1949,-.62529604E+03,-.62529604E+03,1
pbesol,CdSe0.50Te0.50,Bi_Cd+Cl_Se,Charged-2,1950,-.62258778E+03,-.62258778E+03,1
pbesol,CdSe0.50Te0.50,Bi_Cd+Cl_Se,Neutral,1948.0000,-.62766214E+03,-.62766214E+03,1
pbesol,CdSe0.50Te0.50,Bi_Cd+Cl_Te,Charged+1,1947,-.63048575E+03,-.63047165E+03,1
pbesol,CdSe0.50Te0.50,Bi_Cd+Cl_Te,Charged+2,1946,-.63255807E+03,-.63255807E+03,1
pbesol,CdSe0.50Te0.50,Bi_Cd+Cl_Te,Charged-1,1949,-.62570283E+03,-.62570283E+03,1
pbesol,CdSe0.50Te0.50,Bi_Cd+Cl_Te,Charged-2,1950,-.62307201E+03,-.62307201E+03,1
pbesol,CdSe0.50Te0.50,Bi_Cd+Cl_Te,Neutral,1948.0000,-.62836134E+03,-.62836134E+03,1
pbesol,CdSe0.50Te0.50,Bi_Cd+Cl_i,Charged+1,1953,-.63337636E+03,-.63335110E+03,1
pbesol,CdSe0.50Te0.50,Bi_Cd+Cl_i,Charged+2,1952,-.63505691E+03,-.63502015E+03,1
pbesol,CdSe0.50Te0.50,Bi_Cd+Cl_i,Charged-1,1955,-.62951206E+03,-.62949796E+03,1
pbesol,CdSe0.50Te0.50,Bi_Cd+Cl_i,Charged-2,1956,-.62731466E+03,-.62731466E+03,1
pbesol,CdSe0.50Te0.50,Bi_Cd+Cl_i,Neutral,1954.0000,-.63165750E+03,-.63165750E+03,1
pbesol,CdSe0.50Te0.50,Bi_Cd+O_Se,Charged+1,1946,-.63305322E+03,-.63305322E+03,1
pbesol,CdSe0.50Te0.50,Bi_Cd+O_Se,Charged+2,1945,-.63472109E+03,-.63469554E+03,1
pbesol,CdSe0.50Te0.50,Bi_Cd+O_Se,Charged-1,1948,-.62888713E+03,-.62888713E+03,1
pbesol,CdSe0.50Te0.50,Bi_Cd+O_Se,Charged-2,1949,-.62631976E+03,-.62631976E+03,1
pbesol,CdSe0.50Te0.50,Bi_Cd+O_Se,Neutral,1947.0000,-.63099753E+03,-.63098343E+03,1
pbesol,CdSe0.50Te0.50,Bi_Cd+O_Te,Charged+1,1946,-.63366342E+03,-.63366342E+03,1
pbesol,CdSe0.50Te0.50,Bi_Cd+O_Te,Charged+2,1945,-.63530105E+03,-.63527542E+03,1
pbesol,CdSe0.50Te0.50,Bi_Cd+O_Te,Charged-1,1948,-.62961763E+03,-.62961763E+03,1
pbesol,CdSe0.50Te0.50,Bi_Cd+O_Te,Charged-2,1949,-.62686032E+03,-.62686032E+03,1
pbesol,CdSe0.50Te0.50,Bi_Cd+O_Te,Neutral,1947.0000,-.63166724E+03,-.63165313E+03,1
pbesol,CdSe0.50Te0.50,Bi_Cd+O_i,Charged+1,1952,-.63681985E+03,-.63678251E+03,1
pbesol,CdSe0.50Te0.50,Bi_Cd+O_i,Charged+2,1951,-.63845322E+03,-.63841220E+03,1
pbesol,CdSe0.50Te0.50,Bi_Cd+O_i,Charged-1,1954,-.63346892E+03,-.63346892E+03,1
pbesol,CdSe0.50Te0.50,Bi_Cd+O_i,Charged-2,1955,-.63133057E+03,-.63131646E+03,1
pbesol,CdSe0.50Te0.50,Bi_Cd+O_i,Neutral,1953.0000,-.63516281E+03,-.63513721E+03,1
pbesol,CdSe0.50Te0.50,Bi_Cd+Se_i,Charged+1,1952,-.63336335E+03,-.63336329E+03,1
pbesol,CdSe0.50Te0.50,Bi_Cd+Se_i,Charged+2,1951,-.63597145E+03,-.63594601E+03,1
pbesol,CdSe0.50Te0.50,Bi_Cd+Se_i,Charged-1,1954,-.62951084E+03,-.62951027E+03,1
pbesol,CdSe0.50Te0.50,Bi_Cd+Se_i,Charged-2,1955,-.62735044E+03,-.62733634E+03,1
pbesol,CdSe0.50Te0.50,Bi_Cd+Se_i,Neutral,1953.0000,-.63149634E+03,-.63149626E+03,1
pbesol,CdSe0.50Te0.50,Bi_Cd+Te_i,Charged+1,1952,-.63227928E+03,-.63227883E+03,1
pbesol,CdSe0.50Te0.50,Bi_Cd+Te_i,Charged+2,1951,-.63523800E+03,-.63521259E+03,1
pbesol,CdSe0.50Te0.50,Bi_Cd+Te_i,Charged-1,1954,-.62911244E+03,-.62911244E+03,1
pbesol,CdSe0.50Te0.50,Bi_Cd+Te_i,Charged-2,1955,-.62633160E+03,-.62633160E+03,1
pbesol,CdSe0.50Te0.50,Bi_Cd+Te_i,Neutral,1953.0000,-.63133079E+03,-.63131669E+03,1
pbesol,CdSe0.50Te0.50,Bi_Cd+V_Cd,Charged+1,1934,-.62786447E+03,-.62782999E+03,1
pbesol,CdSe0.50Te0.50,Bi_Cd+V_Cd,Charged+2,1933,-.62950419E+03,-.62946558E+03,1
pbesol,CdSe0.50Te0.50,Bi_Cd+V_Cd,Charged-1,1936,-.62446651E+03,-.62446651E+03,1
pbesol,CdSe0.50Te0.50,Bi_Cd+V_Cd,Charged-2,1937,-.62235519E+03,-.62234109E+03,1
pbesol,CdSe0.50Te0.50,Bi_Cd+V_Cd,Neutral,1935.0000,-.62619449E+03,-.62617130E+03,1
pbesol,CdSe0.50Te0.50,Bi_Cd+V_Se,Charged+1,1940,-.62515968E+03,-.62515968E+03,1
pbesol,CdSe0.50Te0.50,Bi_Cd+V_Se,Charged+2,1939,-.62728561E+03,-.62727151E+03,1
pbesol,CdSe0.50Te0.50,Bi_Cd+V_Se,Charged-1,1942,-.62107157E+03,-.62107157E+03,1
pbesol,CdSe0.50Te0.50,Bi_Cd+V_Se,Charged-2,1943,-.61855597E+03,-.61855596E+03,1
pbesol,CdSe0.50Te0.50,Bi_Cd+V_Se,Neutral,1941.0000,-.62314339E+03,-.62312929E+03,1
pbesol,CdSe0.50Te0.50,Bi_Cd+V_Te,Charged+1,1940,-.62583559E+03,-.62583559E+03,1
pbesol,CdSe0.50Te0.50,Bi_Cd+V_Te,Charged+2,1939,-.62794221E+03,-.62792810E+03,1
pbesol,CdSe0.50Te0.50,Bi_Cd+V_Te,Charged-1,1942,-.62157863E+03,-.62157863E+03,1
pbesol,CdSe0.50Te0.50,Bi_Cd+V_Te,Charged-2,1943,-.61875126E+03,-.61875009E+03,1
pbesol,CdSe0.50Te0.50,Bi_Cd+V_Te,Neutral,1941.0000,-.62376672E+03,-.62375261E+03,1
pbesol,CdSe0.50Te0.50,Bi_Se,Charged+1,1952,-.62702068E+03,-.62700926E+03,1
pbesol,CdSe0.50Te0.50,Bi_Se,Charged+2,1951,-.62872369E+03,-.62869820E+03,1
pbesol,CdSe0.50Te0.50,Bi_Se,Charged-1,1954,-.62331919E+03,-.62331264E+03,1
pbesol,CdSe0.50Te0.50,Bi_Se,Charged-2,1955,-.62129716E+03,-.62128293E+03,1
pbesol,CdSe0.50Te0.50,Bi_Se,Neutral,1953.0000,-.62524557E+03,-.62524407E+03,1
pbesol,CdSe0.50Te0.50,Bi_Se+Bi_i,Charged+1,1967,-.63123633E+03,-.63122223E+03,1
pbesol,CdSe0.50Te0.50,Bi_Se+Bi_i,Charged+2,1966,-.63331124E+03,-.63331124E+03,1
pbesol,CdSe0.50Te0.50,Bi_Se+Bi_i,Charged-1,1969,-.62649452E+03,-.62649452E+03,1
pbesol,CdSe0.50Te0.50,Bi_Se+Bi_i,Charged-2,1970,-.62345974E+03,-.62345959E+03,1
pbesol,CdSe0.50Te0.50,Bi_Se+Bi_i,Neutral,1968.0000,-.62911143E+03,-.62911143E+03,1
pbesol,CdSe0.50Te0.50,Bi_Se+Cl_Se,Charged+1,1953,-.62589208E+03,-.62588271E+03,1
pbesol,CdSe0.50Te0.50,Bi_Se+Cl_Se,Charged+2,1952,-.62762499E+03,-.62759719E+03,1
pbesol,CdSe0.50Te0.50,Bi_Se+Cl_Se,Charged-1,1955,-.62203694E+03,-.62202284E+03,1
pbesol,CdSe0.50Te0.50,Bi_Se+Cl_Se,Charged-2,1956,-.61996372E+03,-.61996372E+03,1
pbesol,CdSe0.50Te0.50,Bi_Se+Cl_Se,Neutral,1954.0000,-.62405742E+03,-.62405702E+03,1
pbesol,CdSe0.50Te0.50,Bi_Se+Cl_i,Charged+1,1959,-.63003817E+03,-.63002406E+03,1
pbesol,CdSe0.50Te0.50,Bi_Se+Cl_i,Charged+2,1958,-.63220029E+03,-.63220029E+03,1
pbesol,CdSe0.50Te0.50,Bi_Se+Cl_i,Charged-1,1961,-.62604865E+03,-.62603455E+03,1
pbesol,CdSe0.50Te0.50,Bi_Se+Cl_i,Charged-2,1962,-.62394773E+03,-.62394773E+03,1
pbesol,CdSe0.50Te0.50,Bi_Se+Cl_i,Neutral,1960.0000,-.62809878E+03,-.62809672E+03,1
pbesol,CdSe0.50Te0.50,Bi_Se+O_Se,Charged+1,1952,-.62855001E+03,-.62853607E+03,1
pbesol,CdSe0.50Te0.50,Bi_Se+O_Se,Charged+2,1951,-.63023695E+03,-.63021780E+03,1
pbesol,CdSe0.50Te0.50,Bi_Se+O_Se,Charged-1,1954,-.62488465E+03,-.62486605E+03,1
pbesol,CdSe0.50Te0.50,Bi_Se+O_Se,Charged-2,1955,-.62293653E+03,-.62291756E+03,1
pbesol,CdSe0.50Te0.50,Bi_Se+O_Se,Neutral,1953.0000,-.62679857E+03,-.62679810E+03,1
pbesol,CdSe0.50Te0.50,Bi_Se+O_i,Charged+1,1958,-.63344775E+03,-.63344772E+03,1
pbesol,CdSe0.50Te0.50,Bi_Se+O_i,Charged+2,1957,-.63538078E+03,-.63536668E+03,1
pbesol,CdSe0.50Te0.50,Bi_Se+O_i,Charged-1,1960,-.62979211E+03,-.62979211E+03,1
pbesol,CdSe0.50Te0.50,Bi_Se+O_i,Charged-2,1961,-.62723232E+03,-.62723232E+03,1
pbesol,CdSe0.50Te0.50,Bi_Se+O_i,Neutral,1959.0000,-.63189953E+03,-.63188543E+03,1
pbesol,CdSe0.50Te0.50,Bi_Te,Charged+1,1952,-.62764176E+03,-.62763192E+03,1
pbesol,CdSe0.50Te0.50,Bi_Te,Charged+2,1951,-.62933615E+03,-.62931278E+03,1
pbesol,CdSe0.50Te0.50,Bi_Te,Charged-1,1954,-.62389267E+03,-.62387374E+03,1
pbesol,CdSe0.50Te0.50,Bi_Te,Charged-2,1955,-.62188423E+03,-.62186542E+03,1
pbesol,CdSe0.50Te0.50,Bi_Te,Neutral,1953.0000,-.62586629E+03,-.62586617E+03,1
pbesol,CdSe0.50Te0.50,Bi_Te+Bi_i,Charged+1,1967,-.63070066E+03,-.63068248E+03,1
pbesol,CdSe0.50Te0.50,Bi_Te+Bi_i,Charged+2,1966,-.63273922E+03,-.63271788E+03,1
pbesol,CdSe0.50Te0.50,Bi_Te+Bi_i,Charged-1,1969,-.62706486E+03,-.62705075E+03,1
pbesol,CdSe0.50Te0.50,Bi_Te+Bi_i,Charged-2,1970,-.62489303E+03,-.62489303E+03,1
pbesol,CdSe0.50Te0.50,Bi_Te+Bi_i,Neutral,1968.0000,-.62861059E+03,-.62861059E+03,1
pbesol,CdSe0.50Te0.50,Bi_Te+Cl_Te,Charged+1,1953,-.62715691E+03,-.62715592E+03,1
pbesol,CdSe0.50Te0.50,Bi_Te+Cl_Te,Charged+2,1952,-.62883968E+03,-.62881395E+03,1
pbesol,CdSe0.50Te0.50,Bi_Te+Cl_Te,Charged-1,1955,-.62337244E+03,-.62335833E+03,1
pbesol,CdSe0.50Te0.50,Bi_Te+Cl_Te,Charged-2,1956,-.62137937E+03,-.62137937E+03,1
pbesol,CdSe0.50Te0.50,Bi_Te+Cl_Te,Neutral,1954.0000,-.62531369E+03,-.62530937E+03,1
pbesol,CdSe0.50Te0.50,Bi_Te+Cl_i,Charged+1,1959,-.62911592E+03,-.62909446E+03,1
pbesol,CdSe0.50Te0.50,Bi_Te+Cl_i,Charged+2,1958,-.63079692E+03,-.63077148E+03,1
pbesol,CdSe0.50Te0.50,Bi_Te+Cl_i,Charged-1,1961,-.62556520E+03,-.62556492E+03,1
pbesol,CdSe0.50Te0.50,Bi_Te+Cl_i,Charged-2,1962,-.62356545E+03,-.62354774E+03,1
pbesol,CdSe0.50Te0.50,Bi_Te+Cl_i,Neutral,1960.0000,-.62739000E+03,-.62738480E+03,1
pbesol,CdSe0.50Te0.50,Bi_Te+O_Te,Charged+1,1952,-.63000557E+03,-.62999835E+03,1
pbesol,CdSe0.50Te0.50,Bi_Te+O_Te,Charged+2,1951,-.63163605E+03,-.63161578E+03,1
pbesol,CdSe0.50Te0.50,Bi_Te+O_Te,Charged-1,1954,-.62640712E+03,-.62639167E+03,1
pbesol,CdSe0.50Te0.50,Bi_Te+O_Te,Charged-2,1955,-.62448190E+03,-.62446881E+03,1
pbesol,CdSe0.50Te0.50,Bi_Te+O_Te,Neutral,1953.0000,-.62828841E+03,-.62828785E+03,1
pbesol,CdSe0.50Te0.50,Bi_Te+O_i,Charged+1,1958,-.63176080E+03,-.63173584E+03,1
pbesol,CdSe0.50Te0.50,Bi_Te+O_i,Charged+2,1957,-.63339403E+03,-.63337316E+03,1
pbesol,CdSe0.50Te0.50,Bi_Te+O_i,Charged-1,1960,-.62838926E+03,-.62838767E+03,1
pbesol,CdSe0.50Te0.50,Bi_Te+O_i,Charged-2,1961,-.62654973E+03,-.62654846E+03,1
pbesol,CdSe0.50Te0.50,Bi_Te+O_i,Neutral,1959.0000,-.63009805E+03,-.63007742E+03,1
pbesol,CdSe0.50Te0.50,Bi_i,Charged+1,1958,-.63178869E+03,-.63178869E+03,1
pbesol,CdSe0.50Te0.50,Bi_i,Charged+2,1957,-.63385533E+03,-.63384123E+03,1
pbesol,CdSe0.50Te0.50,Bi_i,Charged-1,1960,-.62776823E+03,-.62776823E+03,1
pbesol,CdSe0.50Te0.50,Bi_i,Charged-2,1961,-.62493283E+03,-.62493283E+03,1
pbesol,CdSe0.50Te0.50,Bi_i,Neutral,1959.0000,-.62994842E+03,-.62993432E+03,1
pbesol,CdSe0.50Te0.50,Bi_i+Bi_i,Charged+1,1973,-.63524408E+03,-.63522998E+03,1
pbesol,CdSe0.50Te0.50,Bi_i+Bi_i,Charged+2,1972,-.63739650E+03,-.63739650E+03,1
pbesol,CdSe0.50Te0.50,Bi_i+Bi_i,Charged-1,1975,-.63020089E+03,-.63020088E+03,1
pbesol,CdSe0.50Te0.50,Bi_i+Bi_i,Charged-2,1976,-.62748727E+03,-.62748727E+03,1
pbesol,CdSe0.50Te0.50,Bi_i+Bi_i,Neutral,1974.0000,-.63303652E+03,-.63303652E+03,1
pbesol,CdSe0.50Te0.50,Bi_i+Se_i,Charged+1,1964,-.63537466E+03,-.63537466E+03,1
pbesol,CdSe0.50Te0.50,Bi_i+Se_i,Charged+2,1963,-.63711433E+03,-.63708815E+03,1
pbesol,CdSe0.50Te0.50,Bi_i+Se_i,Charged-1,1966,-.63109543E+03,-.63109543E+03,1
pbesol,CdSe0.50Te0.50,Bi_i+Se_i,Charged-2,1967,-.62851531E+03,-.62851531E+03,1
pbesol,CdSe0.50Te0.50,Bi_i+Se_i,Neutral,1965.0000,-.63326198E+03,-.63324787E+03,1
pbesol,CdSe0.50Te0.50,Bi_i+Te_i,Charged+1,1964,-.63431467E+03,-.63431463E+03,1
pbesol,CdSe0.50Te0.50,Bi_i+Te_i,Charged+2,1963,-.63715878E+03,-.63714468E+03,1
pbesol,CdSe0.50Te0.50,Bi_i+Te_i,Charged-1,1966,-.62998939E+03,-.62998939E+03,1
pbesol,CdSe0.50Te0.50,Bi_i+Te_i,Charged-2,1967,-.62731548E+03,-.62731547E+03,1
pbesol,CdSe0.50Te0.50,Bi_i+Te_i,Neutral,1965.0000,-.63217991E+03,-.63216581E+03,1
pbesol,CdSe0.50Te0.50,Cd_Se,Charged+1,1949,-.62407277E+03,-.62405866E+03,1
pbesol,CdSe0.50Te0.50,Cd_Se,Charged+2,1948,-.62610333E+03,-.62610333E+03,1
pbesol,CdSe0.50Te0.50,Cd_Se,Charged-1,1951,-.61949504E+03,-.61949504E+03,1
pbesol,CdSe0.50Te0.50,Cd_Se,Charged-2,1952,-.61727112E+03,-.61727112E+03,1
pbesol,CdSe0.50Te0.50,Cd_Se,Neutral,1950.0000,-.62199364E+03,-.62199364E+03,1
pbesol,CdSe0.50Te0.50,Cd_Se+Te_i,Charged+1,1955,-.62902873E+03,-.62901462E+03,1
pbesol,CdSe0.50Te0.50,Cd_Se+Te_i,Charged+2,1954,-.63099641E+03,-.63099641E+03,1
pbesol,CdSe0.50Te0.50,Cd_Se+Te_i,Charged-1,1957,-.62429007E+03,-.62427597E+03,1
pbesol,CdSe0.50Te0.50,Cd_Se+Te_i,Charged-2,1958,-.62040266E+03,-.62040266E+03,1
pbesol,CdSe0.50Te0.50,Cd_Se+Te_i,Neutral,1956.0000,-.62700883E+03,-.62700883E+03,1
pbesol,CdSe0.50Te0.50,Cd_Te,Charged+1,1949,-.62490151E+03,-.62488740E+03,1
pbesol,CdSe0.50Te0.50,Cd_Te,Charged+2,1948,-.62688289E+03,-.62688289E+03,1
pbesol,CdSe0.50Te0.50,Cd_Te,Charged-1,1951,-.62026299E+03,-.62026299E+03,1
pbesol,CdSe0.50Te0.50,Cd_Te,Charged-2,1952,-.61757940E+03,-.61757940E+03,1
pbesol,CdSe0.50Te0.50,Cd_Te,Neutral,1950.0000,-.62286676E+03,-.62286676E+03,1
pbesol,CdSe0.50Te0.50,Cd_Te+Se_i,Charged+1,1955,-.62752229E+03,-.62750819E+03,1
pbesol,CdSe0.50Te0.50,Cd_Te+Se_i,Charged+2,1954,-.62840174E+03,-.62840151E+03,1
pbesol,CdSe0.50Te0.50,Cd_Te+Se_i,Charged-1,1957,-.62227800E+03,-.62227799E+03,1
pbesol,CdSe0.50Te0.50,Cd_Te+Se_i,Charged-2,1958,-.62078940E+03,-.62078940E+03,1
pbesol,CdSe0.50Te0.50,Cd_Te+Se_i,Neutral,1956.0000,-.62550697E+03,-.62550697E+03,1
pbesol,CdSe0.50Te0.50,Cd_i,Charged+1,1955,-.62955944E+03,-.62954534E+03,1
pbesol,CdSe0.50Te0.50,Cd_i,Charged+2,1954,-.63146614E+03,-.63146613E+03,1
pbesol,CdSe0.50Te0.50,Cd_i,Charged-1,1957,-.62502283E+03,-.62501872E+03,1
pbesol,CdSe0.50Te0.50,Cd_i,Charged-2,1958,-.62234256E+03,-.62234256E+03,1
pbesol,CdSe0.50Te0.50,Cd_i,Neutral,1956.0000,-.62760237E+03,-.62760237E+03,1
pbesol,CdSe0.50Te0.50,Cl_Se,Charged+1,1944,-.62761014E+03,-.62761014E+03,1
pbesol,CdSe0.50Te0.50,Cl_Se,Charged+2,1943,-.62925826E+03,-.62923278E+03,1
pbesol,CdSe0.50Te0.50,Cl_Se,Charged-1,1946,-.62360774E+03,-.62360774E+03,1
pbesol,CdSe0.50Te0.50,Cl_Se,Charged-2,1947,-.62027572E+03,-.62025565E+03,1
pbesol,CdSe0.50Te0.50,Cl_Se,Neutral,1945.0000,-.62563466E+03,-.62562055E+03,1
pbesol,CdSe0.50Te0.50,Cl_Te,Charged+1,1944,-.62836769E+03,-.62836769E+03,1
pbesol,CdSe0.50Te0.50,Cl_Te,Charged+2,1943,-.62998629E+03,-.62996053E+03,1
pbesol,CdSe0.50Te0.50,Cl_Te,Charged-1,1946,-.62443709E+03,-.62443709E+03,1
pbesol,CdSe0.50Te0.50,Cl_Te,Charged-2,1947,-.62114264E+03,-.62112529E+03,1
pbesol,CdSe0.50Te0.50,Cl_Te,Neutral,1945.0000,-.62642797E+03,-.62641387E+03,1
pbesol,CdSe0.50Te0.50,Cu_Cd,Charged+1,1942,-.63022349E+03,-.63018534E+03,1
pbesol,CdSe0.50Te0.50,Cu_Cd,Charged+2,1941,-.63185007E+03,-.63180823E+03,1
pbesol,CdSe0.50Te0.50,Cu_Cd,Charged-1,1944,-.62685181E+03,-.62685181E+03,1
pbesol,CdSe0.50Te0.50,Cu_Cd,Charged-2,1945,-.62486959E+03,-.62485549E+03,1
pbesol,CdSe0.50Te0.50,Cu_Cd,Neutral,1943.0000,-.62856607E+03,-.62853984E+03,1
pbesol,CdSe0.50Te0.50,N_Se,Charged+1,1942,-.62999502E+03,-.62995728E+03,1
pbesol,CdSe0.50Te0.50,N_Se,Charged+2,1941,-.63157902E+03,-.63153753E+03,1
pbesol,CdSe0.50Te0.50,N_Se,Charged-1,1944,-.62674218E+03,-.62674218E+03,1
pbesol,CdSe0.50Te0.50,N_Se,Charged-2,1945,-.62481402E+03,-.62479991E+03,1
pbesol,CdSe0.50Te0.50,N_Se,Neutral,1943.0000,-.62838838E+03,-.62836248E+03,1
pbesol,CdSe0.50Te0.50,N_Se+Cl_Se,Charged+1,1943,-.62915844E+03,-.62913282E+03,1
pbesol,CdSe0.50Te0.50,N_Se+Cl_Se,Charged+2,1942,-.63075302E+03,-.63071567E+03,1
pbesol,CdSe0.50Te0.50,N_Se+Cl_Se,Charged-1,1945,-.62559721E+03,-.62558311E+03,1
pbesol,CdSe0.50Te0.50,N_Se+Cl_Se,Charged-2,1946,-.62361438E+03,-.62361438E+03,1
pbesol,CdSe0.50Te0.50,N_Se+Cl_Se,Neutral,1944.0000,-.62752713E+03,-.62752713E+03,1
pbesol,CdSe0.50Te0.50,N_Se+Cl_i,Charged+1,1949,-.63279236E+03,-.63276692E+03,1
pbesol,CdSe0.50Te0.50,N_Se+Cl_i,Charged+2,1948,-.63441552E+03,-.63437850E+03,1
pbesol,CdSe0.50Te0.50,N_Se+Cl_i,Charged-1,1951,-.62800476E+03,-.62797948E+03,1
pbesol,CdSe0.50Te0.50,N_Se+Cl_i,Charged-2,1952,-.62631637E+03,-.62631637E+03,1
pbesol,CdSe0.50Te0.50,N_Se+Cl_i,Neutral,1950.0000,-.62965167E+03,-.62961466E+03,1
pbesol,CdSe0.50Te0.50,N_Se+N_i,Charged+1,1947,-.63385937E+03,-.63382158E+03,1
pbesol,CdSe0.50Te0.50,N_Se+N_i,Charged+2,1946,-.63544946E+03,-.63540804E+03,1
pbesol,CdSe0.50Te0.50,N_Se+N_i,Charged-1,1949,-.63059768E+03,-.63059768E+03,1
pbesol,CdSe0.50Te0.50,N_Se+N_i,Charged-2,1950,-.62864495E+03,-.62863133E+03,1
pbesol,CdSe0.50Te0.50,N_Se+N_i,Neutral,1948.0000,-.63224748E+03,-.63222155E+03,1
pbesol,CdSe0.50Te0.50,N_Se+O_Se,Charged+1,1942,-.63141579E+03,-.63137942E+03,1
pbesol,CdSe0.50Te0.50,N_Se+O_Se,Charged+2,1941,-.63297243E+03,-.63293248E+03,1
pbesol,CdSe0.50Te0.50,N_Se+O_Se,Charged-1,1944,-.62821614E+03,-.62821614E+03,1
pbesol,CdSe0.50Te0.50,N_Se+O_Se,Charged-2,1945,-.62632328E+03,-.62630918E+03,1
pbesol,CdSe0.50Te0.50,N_Se+O_Se,Neutral,1943.0000,-.62983572E+03,-.62981084E+03,1
pbesol,CdSe0.50Te0.50,N_Se+O_i,Charged+1,1948,-.63548212E+03,-.63544832E+03,1
pbesol,CdSe0.50Te0.50,N_Se+O_i,Charged+2,1947,-.63707877E+03,-.63704121E+03,1
pbesol,CdSe0.50Te0.50,N_Se+O_i,Charged-1,1950,-.63212128E+03,-.63212128E+03,1
pbesol,CdSe0.50Te0.50,N_Se+O_i,Charged-2,1951,-.62902769E+03,-.62901122E+03,1
pbesol,CdSe0.50Te0.50,N_Se+O_i,Neutral,1949.0000,-.63375845E+03,-.63373413E+03,1
pbesol,CdSe0.50Te0.50,N_Te,Charged+1,1942,-.63078534E+03,-.63074819E+03,1
pbesol,CdSe0.50Te0.50,N_Te,Charged+2,1941,-.63233818E+03,-.63229727E+03,1
pbesol,CdSe0.50Te0.50,N_Te,Charged-1,1944,-.62759052E+03,-.62759052E+03,1
pbesol,CdSe0.50Te0.50,N_Te,Charged-2,1945,-.62567781E+03,-.62566371E+03,1
pbesol,CdSe0.50Te0.50,N_Te,Neutral,1943.0000,-.62920648E+03,-.62918107E+03,1
pbesol,CdSe0.50Te0.50,N_Te+Cl_Te,Charged+1,1943,-.63056579E+03,-.63054026E+03,1
pbesol,CdSe0.50Te0.50,N_Te+Cl_Te,Charged+2,1942,-.63132128E+03,-.63129591E+03,1
pbesol,CdSe0.50Te0.50,N_Te+Cl_Te,Charged-1,1945,-.62711962E+03,-.62710551E+03,1
pbesol,CdSe0.50Te0.50,N_Te+Cl_Te,Charged-2,1946,-.62519391E+03,-.62519391E+03,1
pbesol,CdSe0.50Te0.50,N_Te+Cl_Te,Neutral,1944.0000,-.62899273E+03,-.62899273E+03,1
pbesol,CdSe0.50Te0.50,N_Te+Cl_i,Charged+1,1949,-.63221005E+03,-.63216946E+03,1
pbesol,CdSe0.50Te0.50,N_Te+Cl_i,Charged+2,1948,-.63377009E+03,-.63373297E+03,1
pbesol,CdSe0.50Te0.50,N_Te+Cl_i,Charged-1,1951,-.62901837E+03,-.62899329E+03,1
pbesol,CdSe0.50Te0.50,N_Te+Cl_i,Charged-2,1952,-.62737212E+03,-.62737212E+03,1
pbesol,CdSe0.50Te0.50,N_Te+Cl_i,Neutral,1950.0000,-.63062684E+03,-.63059003E+03,1
pbesol,CdSe0.50Te0.50,N_Te+N_i,Charged+1,1947,-.63459227E+03,-.63455494E+03,1
pbesol,CdSe0.50Te0.50,N_Te+N_i,Charged+2,1946,-.63615234E+03,-.63611125E+03,1
pbesol,CdSe0.50Te0.50,N_Te+N_i,Charged-1,1949,-.63138460E+03,-.63138460E+03,1
pbesol,CdSe0.50Te0.50,N_Te+N_i,Charged-2,1950,-.62945025E+03,-.62943618E+03,1
pbesol,CdSe0.50Te0.50,N_Te+N_i,Neutral,1948.0000,-.63300630E+03,-.63298077E+03,1
pbesol,CdSe0.50Te0.50,N_Te+O_Te,Charged+1,1942,-.63226704E+03,-.63224195E+03,1
pbesol,CdSe0.50Te0.50,N_Te+O_Te,Charged+2,1941,-.63434476E+03,-.63430345E+03,1
pbesol,CdSe0.50Te0.50,N_Te+O_Te,Charged-1,1944,-.62977527E+03,-.62977527E+03,1
pbesol,CdSe0.50Te0.50,N_Te+O_Te,Charged-2,1945,-.62796788E+03,-.62795377E+03,1
pbesol,CdSe0.50Te0.50,N_Te+O_Te,Neutral,1943.0000,-.63133157E+03,-.63130600E+03,1
pbesol,CdSe0.50Te0.50,N_Te+O_i,Charged+1,1948,-.63472638E+03,-.63468456E+03,1
pbesol,CdSe0.50Te0.50,N_Te+O_i,Charged+2,1947,-.63624841E+03,-.63621435E+03,1
pbesol,CdSe0.50Te0.50,N_Te+O_i,Charged-1,1950,-.63161579E+03,-.63157726E+03,1
pbesol,CdSe0.50Te0.50,N_Te+O_i,Charged-2,1951,-.63002461E+03,-.62999866E+03,1
pbesol,CdSe0.50Te0.50,N_Te+O_i,Neutral,1949.0000,-.63318278E+03,-.63313925E+03,1
pbesol,CdSe0.50Te0.50,N_i,Charged+1,1948,-.63252543E+03,-.63249969E+03,1
pbesol,CdSe0.50Te0.50,N_i,Charged+2,1947,-.63415060E+03,-.63411308E+03,1
pbesol,CdSe0.50Te0.50,N_i,Charged-1,1950,-.62886203E+03,-.62884798E+03,1
pbesol,CdSe0.50Te0.50,N_i,Charged-2,1951,-.62680819E+03,-.62680810E+03,1
pbesol,CdSe0.50Te0.50,N_i,Neutral,1949.0000,-.63086238E+03,-.63086238E+03,1
pbesol,CdSe0.50Te0.50,N_i+N_i,Charged+1,1953,-.63629727E+03,-.63627159E+03,1
pbesol,CdSe0.50Te0.50,N_i+N_i,Charged+2,1952,-.63792866E+03,-.63789130E+03,1
pbesol,CdSe0.50Te0.50,N_i+N_i,Charged-1,1955,-.63260296E+03,-.63258891E+03,1
pbesol,CdSe0.50Te0.50,N_i+N_i,Charged-2,1956,-.63052460E+03,-.63052426E+03,1
pbesol,CdSe0.50Te0.50,N_i+N_i,Neutral,1954.0000,-.63462847E+03,-.63462847E+03,1
pbesol,CdSe0.50Te0.50,N_i+Se_i,Charged+1,1954,-.63694454E+03,-.63694334E+03,1
pbesol,CdSe0.50Te0.50,N_i+Se_i,Charged+2,1953,-.63729112E+03,-.63725169E+03,1
pbesol,CdSe0.50Te0.50,N_i+Se_i,Charged-1,1956,-.63211294E+03,-.63211294E+03,1
pbesol,CdSe0.50Te0.50,N_i+Se_i,Charged-2,1957,-.63001766E+03,-.63000369E+03,1
pbesol,CdSe0.50Te0.50,N_i+Se_i,Neutral,1955.0000,-.63530016E+03,-.63530015E+03,1
pbesol,CdSe0.50Te0.50,N_i+Te_i,Charged+1,1954,-.63530553E+03,-.63530553E+03,1
pbesol,CdSe0.50Te0.50,N_i+Te_i,Charged+2,1953,-.63621644E+03,-.63619098E+03,1
pbesol,CdSe0.50Te0.50,N_i+Te_i,Charged-1,1956,-.63270595E+03,-.63269185E+03,1
pbesol,CdSe0.50Te0.50,N_i+Te_i,Charged-2,1957,-.62937256E+03,-.62935858E+03,1
pbesol,CdSe0.50Te0.50,N_i+Te_i,Neutral,1955.0000,-.63329612E+03,-.63329536E+03,1
pbesol,CdSe0.50Te0.50,O_Se,Charged+1,1943,-.63011284E+03,-.63008697E+03,1
pbesol,CdSe0.50Te0.50,O_Se,Charged+2,1942,-.63170684E+03,-.63166921E+03,1
pbesol,CdSe0.50Te0.50,O_Se,Charged-1,1945,-.62660754E+03,-.62659344E+03,1
pbesol,CdSe0.50Te0.50,O_Se,Charged-2,1946,-.62467613E+03,-.62467613E+03,1
pbesol,CdSe0.50Te0.50,O_Se,Neutral,1944.0000,-.62848447E+03,-.62848447E+03,1
pbesol,CdSe0.50Te0.50,O_Te,Charged+1,1943,-.63099855E+03,-.63097279E+03,1
pbesol,CdSe0.50Te0.50,O_Te,Charged+2,1942,-.63256114E+03,-.63252356E+03,1
pbesol,CdSe0.50Te0.50,O_Te,Charged-1,1945,-.62752808E+03,-.62751397E+03,1
pbesol,CdSe0.50Te0.50,O_Te,Charged-2,1946,-.62560164E+03,-.62560164E+03,1
pbesol,CdSe0.50Te0.50,O_Te,Neutral,1944.0000,-.62940327E+03,-.62940327E+03,1
pbesol,CdSe0.50Te0.50,O_i+As_Se+O_i,Charged+1,1954,-.64005142E+03,-.64005142E+03,1
pbesol,CdSe0.50Te0.50,O_i+As_Se+O_i,Charged+2,1953,-.64172529E+03,-.64170484E+03,1
pbesol,CdSe0.50Te0.50,O_i+As_Se+O_i,Charged-1,1956,-.63610062E+03,-.63608148E+03,1
pbesol,CdSe0.50Te0.50,O_i+As_Se+O_i,Charged-2,1957,-.63377536E+03,-.63376565E+03,1
pbesol,CdSe0.50Te0.50,O_i+As_Se+O_i,Neutral,1955.0000,-.63626748E+03,-.63624303E+03,1
pbesol,CdSe0.50Te0.50,O_i+As_Te+O_i,Charged+1,1954,-.63951511E+03,-.63948364E+03,1
pbesol,CdSe0.50Te0.50,O_i+As_Te+O_i,Charged+2,1953,-.63816238E+03,-.63813676E+03,1
pbesol,CdSe0.50Te0.50,O_i+As_Te+O_i,Charged-1,1956,-.63499932E+03,-.63496390E+03,1
pbesol,CdSe0.50Te0.50,O_i+As_Te+O_i,Charged-2,1957,-.63319339E+03,-.63316970E+03,1
pbesol,CdSe0.50Te0.50,O_i+As_Te+O_i,Neutral,1955.0000,-.63779076E+03,-.63776879E+03,1
pbesol,CdSe0.50Te0.50,O_i+As_i+O_i,Charged+1,1960,-.64279244E+03,-.64279244E+03,1
pbesol,CdSe0.50Te0.50,O_i+As_i+O_i,Charged+2,1959,-.64445095E+03,-.64442776E+03,1
pbesol,CdSe0.50Te0.50,O_i+As_i+O_i,Charged-1,1962,-.63857977E+03,-.63857977E+03,1
pbesol,CdSe0.50Te0.50,O_i+As_i+O_i,Charged-2,1963,-.63701068E+03,-.63699658E+03,1
pbesol,CdSe0.50Te0.50,O_i+As_i+O_i,Neutral,1961.0000,-.64071001E+03,-.64069591E+03,1
pbesol,CdSe0.50Te0.50,O_i+Bi_Se+O_i,Charged+1,1964,-.63885806E+03,-.63885806E+03,1
pbesol,CdSe0.50Te0.50,O_i+Bi_Se+O_i,Charged+2,1963,-.64057060E+03,-.64054470E+03,1
pbesol,CdSe0.50Te0.50,O_i+Bi_Se+O_i,Charged-1,1966,-.63477162E+03,-.63477041E+03,1
pbesol,CdSe0.50Te0.50,O_i+Bi_Se+O_i,Charged-2,1967,-.63270390E+03,-.63268980E+03,1
pbesol,CdSe0.50Te0.50,O_i+Bi_Se+O_i,Neutral,1965.0000,-.63692901E+03,-.63692887E+03,1
pbesol,CdSe0.50Te0.50,O_i+Bi_Te+O_i,Charged+1,1964,-.63716173E+03,-.63713492E+03,1
pbesol,CdSe0.50Te0.50,O_i+Bi_Te+O_i,Charged+2,1963,-.63720949E+03,-.63718836E+03,1
pbesol,CdSe0.50Te0.50,O_i+Bi_Te+O_i,Charged-1,1966,-.63227516E+03,-.63225790E+03,1
pbesol,CdSe0.50Te0.50,O_i+Bi_Te+O_i,Charged-2,1967,-.63054912E+03,-.63053405E+03,1
pbesol,CdSe0.50Te0.50,O_i+Bi_Te+O_i,Neutral,1965.0000,-.63394896E+03,-.63392101E+03,1
pbesol,CdSe0.50Te0.50,O_i+Bi_i+O_i,Charged+1,1970,-.64263718E+03,-.64263718E+03,1
pbesol,CdSe0.50Te0.50,O_i+Bi_i+O_i,Charged+2,1969,-.64432170E+03,-.64430007E+03,1
pbesol,CdSe0.50Te0.50,O_i+Bi_i+O_i,Charged-1,1972,-.63844872E+03,-.63844872E+03,1
pbesol,CdSe0.50Te0.50,O_i+Bi_i+O_i,Charged-2,1973,-.63629565E+03,-.63628155E+03,1
pbesol,CdSe0.50Te0.50,O_i+Bi_i+O_i,Neutral,1971.0000,-.64059699E+03,-.64058289E+03,1
pbesol,CdSe0.50Te0.50,O_i+N_Se+O_i,Charged+1,1954,-.64068874E+03,-.64065293E+03,1
pbesol,CdSe0.50Te0.50,O_i+N_Se+O_i,Charged+2,1953,-.64233702E+03,-.64229847E+03,1
pbesol,CdSe0.50Te0.50,O_i+N_Se+O_i,Charged-1,1956,-.63593947E+03,-.63590814E+03,1
pbesol,CdSe0.50Te0.50,O_i+N_Se+O_i,Charged-2,1957,-.63300376E+03,-.63297647E+03,1
pbesol,CdSe0.50Te0.50,O_i+N_Se+O_i,Neutral,1955.0000,-.63911337E+03,-.63908791E+03,1
pbesol,CdSe0.50Te0.50,O_i+N_Te+O_i,Charged+1,1954,-.64013344E+03,-.64008947E+03,1
pbesol,CdSe0.50Te0.50,O_i+N_Te+O_i,Charged+2,1953,-.64307473E+03,-.64304097E+03,1
pbesol,CdSe0.50Te0.50,O_i+N_Te+O_i,Charged-1,1956,-.63689376E+03,-.63685628E+03,1
pbesol,CdSe0.50Te0.50,O_i+N_Te+O_i,Charged-2,1957,-.63379354E+03,-.63374657E+03,1
pbesol,CdSe0.50Te0.50,O_i+N_Te+O_i,Neutral,1955.0000,-.63692985E+03,-.63687982E+03,1
pbesol,CdSe0.50Te0.50,O_i+N_i+O_i,Charged+1,1960,-.64185571E+03,-.64181732E+03,1
pbesol,CdSe0.50Te0.50,O_i+N_i+O_i,Charged+2,1959,-.64489028E+03,-.64485863E+03,1
pbesol,CdSe0.50Te0.50,O_i+N_i+O_i,Charged-1,1962,-.63855548E+03,-.63853538E+03,1
pbesol,CdSe0.50Te0.50,O_i+N_i+O_i,Charged-2,1963,-.63679171E+03,-.63679171E+03,1
pbesol,CdSe0.50Te0.50,O_i+N_i+O_i,Neutral,1961.0000,-.64227623E+03,-.64227621E+03,1
pbesol,CdSe0.50Te0.50,O_i+P_Se+O_i,Charged+1,1954,-.64148197E+03,-.64148177E+03,1
pbesol,CdSe0.50Te0.50,O_i+P_Se+O_i,Charged+2,1953,-.64119593E+03,-.64115782E+03,1
pbesol,CdSe0.50Te0.50,O_i+P_Se+O_i,Charged-1,1956,-.63755762E+03,-.63754094E+03,1
pbesol,CdSe0.50Te0.50,O_i+P_Se+O_i,Charged-2,1957,-.63504086E+03,-.63504081E+03,1
pbesol,CdSe0.50Te0.50,O_i+P_Se+O_i,Neutral,1955.0000,-.63959551E+03,-.63959543E+03,1
pbesol,CdSe0.50Te0.50,O_i+P_Te+O_i,Charged+1,1954,-.63719643E+03,-.63715523E+03,1
pbesol,CdSe0.50Te0.50,O_i+P_Te+O_i,Charged+2,1953,-.64036130E+03,-.64032484E+03,1
pbesol,CdSe0.50Te0.50,O_i+P_Te+O_i,Charged-1,1956,-.63552307E+03,-.63548460E+03,1
pbesol,CdSe0.50Te0.50,O_i+P_Te+O_i,Charged-2,1957,-.63239554E+03,-.63234990E+03,1
pbesol,CdSe0.50Te0.50,O_i+P_Te+O_i,Neutral,1955.0000,-.63561790E+03,-.63556902E+03,1
pbesol,CdSe0.50Te0.50,O_i+P_i+O_i,Charged+1,1960,-.64251925E+03,-.64251924E+03,1
pbesol,CdSe0.50Te0.50,O_i+P_i+O_i,Charged+2,1959,-.64496037E+03,-.64493700E+03,1
pbesol,CdSe0.50Te0.50,O_i+P_i+O_i,Charged-1,1962,-.63934625E+03,-.63934625E+03,1
pbesol,CdSe0.50Te0.50,O_i+P_i+O_i,Charged-2,1963,-.63652240E+03,-.63650829E+03,1
pbesol,CdSe0.50Te0.50,O_i+P_i+O_i,Neutral,1961.0000,-.64115193E+03,-.64115192E+03,1
pbesol,CdSe0.50Te0.50,O_i+Sb_Se+O_i,Charged+1,1954,-.63908989E+03,-.63907362E+03,1
pbesol,CdSe0.50Te0.50,O_i+Sb_Se+O_i,Charged+2,1953,-.64079247E+03,-.64076670E+03,1
pbesol,CdSe0.50Te0.50,O_i+Sb_Se+O_i,Charged-1,1956,-.63547851E+03,-.63547851E+03,1
pbesol,CdSe0.50Te0.50,O_i+Sb_Se+O_i,Charged-2,1957,-.63286397E+03,-.63286113E+03,1
pbesol,CdSe0.50Te0.50,O_i+Sb_Se+O_i,Neutral,1955.0000,-.63736529E+03,-.63736488E+03,1
pbesol,CdSe0.50Te0.50,O_i+Sb_Te+O_i,Charged+1,1954,-.63882940E+03,-.63880709E+03,1
pbesol,CdSe0.50Te0.50,O_i+Sb_Te+O_i,Charged+2,1953,-.64055816E+03,-.64052639E+03,1
pbesol,CdSe0.50Te0.50,O_i+Sb_Te+O_i,Charged-1,1956,-.63269599E+03,-.63263959E+03,1
pbesol,CdSe0.50Te0.50,O_i+Sb_Te+O_i,Charged-2,1957,-.63103247E+03,-.63100657E+03,1
pbesol,CdSe0.50Te0.50,O_i+Sb_Te+O_i,Neutral,1955.0000,-.63582507E+03,-.63579752E+03,1
pbesol,CdSe0.50Te0.50,O_i+Sb_i+O_i,Charged+1,1960,-.64264340E+03,-.64264340E+03,1
pbesol,CdSe0.50Te0.50,O_i+Sb_i+O_i,Charged+2,1959,-.64432847E+03,-.64430521E+03,1
pbesol,CdSe0.50Te0.50,O_i+Sb_i+O_i,Charged-1,1962,-.63835119E+03,-.63835119E+03,1
pbesol,CdSe0.50Te0.50,O_i+Sb_i+O_i,Charged-2,1963,-.63659466E+03,-.63658055E+03,1
pbesol,CdSe0.50Te0.50,O_i+Sb_i+O_i,Neutral,1961.0000,-.64055402E+03,-.64053991E+03,1
pbesol,CdSe0.50Te0.50,P_Se,Charged+1,1942,-.62881438E+03,-.62877842E+03,1
pbesol,CdSe0.50Te0.50,P_Se,Charged+2,1941,-.63043258E+03,-.63039279E+03,1
pbesol,CdSe0.50Te0.50,P_Se,Charged-1,1944,-.62547860E+03,-.62547860E+03,1
pbesol,CdSe0.50Te0.50,P_Se,Charged-2,1945,-.62348474E+03,-.62347064E+03,1
pbesol,CdSe0.50Te0.50,P_Se,Neutral,1943.0000,-.62716752E+03,-.62714297E+03,1
pbesol,CdSe0.50Te0.50,P_Se+Cl_Se,Charged+1,1943,-.62787353E+03,-.62784892E+03,1
pbesol,CdSe0.50Te0.50,P_Se+Cl_Se,Charged+2,1942,-.62950026E+03,-.62946447E+03,1
pbesol,CdSe0.50Te0.50,P_Se+Cl_Se,Charged-1,1945,-.62421145E+03,-.62419735E+03,1
pbesol,CdSe0.50Te0.50,P_Se+Cl_Se,Charged-2,1946,-.62216557E+03,-.62216557E+03,1
pbesol,CdSe0.50Te0.50,P_Se+Cl_Se,Neutral,1944.0000,-.62620521E+03,-.62620521E+03,1
pbesol,CdSe0.50Te0.50,P_Se+Cl_i,Charged+1,1949,-.63173306E+03,-.63170832E+03,1
pbesol,CdSe0.50Te0.50,P_Se+Cl_i,Charged+2,1948,-.63338758E+03,-.63335172E+03,1
pbesol,CdSe0.50Te0.50,P_Se+Cl_i,Charged-1,1951,-.62672439E+03,-.62672432E+03,1
pbesol,CdSe0.50Te0.50,P_Se+Cl_i,Charged-2,1952,-.62488913E+03,-.62488908E+03,1
pbesol,CdSe0.50Te0.50,P_Se+Cl_i,Neutral,1950.0000,-.63003997E+03,-.63003997E+03,1
pbesol,CdSe0.50Te0.50,P_Se+O_Se,Charged+1,1942,-.63018004E+03,-.63014576E+03,1
pbesol,CdSe0.50Te0.50,P_Se+O_Se,Charged+2,1941,-.63177176E+03,-.63173397E+03,1
pbesol,CdSe0.50Te0.50,P_Se+O_Se,Charged-1,1944,-.62689149E+03,-.62689148E+03,1
pbesol,CdSe0.50Te0.50,P_Se+O_Se,Charged-2,1945,-.62499070E+03,-.62497660E+03,1
pbesol,CdSe0.50Te0.50,P_Se+O_Se,Neutral,1943.0000,-.62855867E+03,-.62853513E+03,1
pbesol,CdSe0.50Te0.50,P_Se+O_i,Charged+1,1948,-.63410175E+03,-.63406730E+03,1
pbesol,CdSe0.50Te0.50,P_Se+O_i,Charged+2,1947,-.63752654E+03,-.63750110E+03,1
pbesol,CdSe0.50Te0.50,P_Se+O_i,Charged-1,1950,-.63216724E+03,-.63214828E+03,1
pbesol,CdSe0.50Te0.50,P_Se+O_i,Charged-2,1951,-.62773625E+03,-.62773625E+03,1
pbesol,CdSe0.50Te0.50,P_Se+O_i,Neutral,1949.0000,-.63398944E+03,-.63397533E+03,1
pbesol,CdSe0.50Te0.50,P_Se+P_i,Charged+1,1947,-.63367079E+03,-.63367067E+03,1
pbesol,CdSe0.50Te0.50,P_Se+P_i,Charged+2,1946,-.63557393E+03,-.63557393E+03,1
pbesol,CdSe0.50Te0.50,P_Se+P_i,Charged-1,1949,-.62964601E+03,-.62963190E+03,1
pbesol,CdSe0.50Te0.50,P_Se+P_i,Charged-2,1950,-.62742879E+03,-.62742879E+03,1
pbesol,CdSe0.50Te0.50,P_Se+P_i,Neutral,1948.0000,-.63176799E+03,-.63176760E+03,1
pbesol,CdSe0.50Te0.50,P_Te,Charged+1,1942,-.62946211E+03,-.62942504E+03,1
pbesol,CdSe0.50Te0.50,P_Te,Charged+2,1941,-.63106037E+03,-.63101953E+03,1
pbesol,CdSe0.50Te0.50,P_Te,Charged-1,1944,-.62616498E+03,-.62616498E+03,1
pbesol,CdSe0.50Te0.50,P_Te,Charged-2,1945,-.62420561E+03,-.62419151E+03,1
pbesol,CdSe0.50Te0.50,P_Te,Neutral,1943.0000,-.62783718E+03,-.62781197E+03,1
pbesol,CdSe0.50Te0.50,P_Te+Cl_Te,Charged+1,1943,-.62918533E+03,-.62916001E+03,1
pbesol,CdSe0.50Te0.50,P_Te+Cl_Te,Charged+2,1942,-.63075902E+03,-.63072180E+03,1
pbesol,CdSe0.50Te0.50,P_Te+Cl_Te,Charged-1,1945,-.62565418E+03,-.62564008E+03,1
pbesol,CdSe0.50Te0.50,P_Te+Cl_Te,Charged-2,1946,-.62368240E+03,-.62368240E+03,1
pbesol,CdSe0.50Te0.50,P_Te+Cl_Te,Neutral,1944.0000,-.62757383E+03,-.62757383E+03,1
pbesol,CdSe0.50Te0.50,P_Te+Cl_i,Charged+1,1949,-.63088486E+03,-.63084470E+03,1
pbesol,CdSe0.50Te0.50,P_Te+Cl_i,Charged+2,1948,-.63248731E+03,-.63245049E+03,1
pbesol,CdSe0.50Te0.50,P_Te+Cl_i,Charged-1,1951,-.62760334E+03,-.62757841E+03,1
pbesol,CdSe0.50Te0.50,P_Te+Cl_i,Charged-2,1952,-.62589916E+03,-.62589916E+03,1
pbesol,CdSe0.50Te0.50,P_Te+Cl_i,Neutral,1950.0000,-.62925921E+03,-.62922272E+03,1
pbesol,CdSe0.50Te0.50,P_Te+O_Te,Charged+1,1942,-.63165476E+03,-.63161821E+03,1
pbesol,CdSe0.50Te0.50,P_Te+O_Te,Charged+2,1941,-.63318736E+03,-.63314694E+03,1
pbesol,CdSe0.50Te0.50,P_Te+O_Te,Charged-1,1944,-.62848826E+03,-.62848826E+03,1
pbesol,CdSe0.50Te0.50,P_Te+O_Te,Charged-2,1945,-.62663142E+03,-.62661731E+03,1
pbesol,CdSe0.50Te0.50,P_Te+O_Te,Neutral,1943.0000,-.63009419E+03,-.63006936E+03,1
pbesol,CdSe0.50Te0.50,P_Te+O_i,Charged+1,1948,-.63479739E+03,-.63476049E+03,1
pbesol,CdSe0.50Te0.50,P_Te+O_i,Charged+2,1947,-.63499770E+03,-.63496602E+03,1
pbesol,CdSe0.50Te0.50,P_Te+O_i,Charged-1,1950,-.63024287E+03,-.63020650E+03,1
pbesol,CdSe0.50Te0.50,P_Te+O_i,Charged-2,1951,-.62860277E+03,-.62857852E+03,1
pbesol,CdSe0.50Te0.50,P_Te+O_i,Neutral,1949.0000,-.63315060E+03,-.63312605E+03,1
pbesol,CdSe0.50Te0.50,P_Te+P_i,Charged+1,1947,-.63350307E+03,-.63350304E+03,1
pbesol,CdSe0.50Te0.50,P_Te+P_i,Charged+2,1946,-.63536312E+03,-.63536311E+03,1
pbesol,CdSe0.50Te0.50,P_Te+P_i,Charged-1,1949,-.62936445E+03,-.62936339E+03,1
pbesol,CdSe0.50Te0.50,P_Te+P_i,Charged-2,1950,-.62768962E+03,-.62767552E+03,1
pbesol,CdSe0.50Te0.50,P_Te+P_i,Neutral,1948.0000,-.63118511E+03,-.63118511E+03,1
pbesol,CdSe0.50Te0.50,P_i,Charged+1,1948,-.63262017E+03,-.63262017E+03,1
pbesol,CdSe0.50Te0.50,P_i,Charged+2,1947,-.63447403E+03,-.63447400E+03,1
pbesol,CdSe0.50Te0.50,P_i,Charged-1,1950,-.62816466E+03,-.62815113E+03,1
pbesol,CdSe0.50Te0.50,P_i,Charged-2,1951,-.62527600E+03,-.62527600E+03,1
pbesol,CdSe0.50Te0.50,P_i,Neutral,1949.0000,-.63057100E+03,-.63055690E+03,1
pbesol,CdSe0.50Te0.50,P_i+P_i,Charged+1,1953,-.63621861E+03,-.63620871E+03,1
pbesol,CdSe0.50Te0.50,P_i+P_i,Charged+2,1952,-.63815576E+03,-.63815528E+03,1
pbesol,CdSe0.50Te0.50,P_i+P_i,Charged-1,1955,-.63153852E+03,-.63152324E+03,1
pbesol,CdSe0.50Te0.50,P_i+P_i,Charged-2,1956,-.62752142E+03,-.62752061E+03,1
pbesol,CdSe0.50Te0.50,P_i+P_i,Neutral,1954.0000,-.63406133E+03,-.63406098E+03,1
pbesol,CdSe0.50Te0.50,P_i+Se_i,Charged+1,1954,-.63589798E+03,-.63589798E+03,1
pbesol,CdSe0.50Te0.50,P_i+Se_i,Charged+2,1953,-.63598701E+03,-.63598690E+03,1
pbesol,CdSe0.50Te0.50,P_i+Se_i,Charged-1,1956,-.63216411E+03,-.63216411E+03,1
pbesol,CdSe0.50Te0.50,P_i+Se_i,Charged-2,1957,-.63010427E+03,-.63010427E+03,1
pbesol,CdSe0.50Te0.50,P_i+Se_i,Neutral,1955.0000,-.63382347E+03,-.63380936E+03,1
pbesol,CdSe0.50Te0.50,P_i+Te_i,Charged+1,1954,-.63534949E+03,-.63534936E+03,1
pbesol,CdSe0.50Te0.50,P_i+Te_i,Charged+2,1953,-.63714965E+03,-.63712683E+03,1
pbesol,CdSe0.50Te0.50,P_i+Te_i,Charged-1,1956,-.63100477E+03,-.63100477E+03,1
pbesol,CdSe0.50Te0.50,P_i+Te_i,Charged-2,1957,-.62855974E+03,-.62855974E+03,1
pbesol,CdSe0.50Te0.50,P_i+Te_i,Neutral,1955.0000,-.63320468E+03,-.63319058E+03,1
pbesol,CdSe0.50Te0.50,Sb_Se,Charged+1,1942,-.62753841E+03,-.62750903E+03,1
pbesol,CdSe0.50Te0.50,Sb_Se,Charged+2,1941,-.62921597E+03,-.62918365E+03,1
pbesol,CdSe0.50Te0.50,Sb_Se,Charged-1,1944,-.62400499E+03,-.62400489E+03,1
pbesol,CdSe0.50Te0.50,Sb_Se,Charged-2,1945,-.62198221E+03,-.62196810E+03,1
pbesol,CdSe0.50Te0.50,Sb_Se,Neutral,1943.0000,-.62581398E+03,-.62579319E+03,1
pbesol,CdSe0.50Te0.50,Sb_Se+Cl_Se,Charged+1,1943,-.62648728E+03,-.62646488E+03,1
pbesol,CdSe0.50Te0.50,Sb_Se+Cl_Se,Charged+2,1942,-.62817926E+03,-.62814874E+03,1
pbesol,CdSe0.50Te0.50,Sb_Se+Cl_Se,Charged-1,1945,-.62270835E+03,-.62269424E+03,1
pbesol,CdSe0.50Te0.50,Sb_Se+Cl_Se,Charged-2,1946,-.62063535E+03,-.62063535E+03,1
pbesol,CdSe0.50Te0.50,Sb_Se+Cl_Se,Neutral,1944.0000,-.62473025E+03,-.62473025E+03,1
pbesol,CdSe0.50Te0.50,Sb_Se+Cl_i,Charged+1,1949,-.63035655E+03,-.63035271E+03,1
pbesol,CdSe0.50Te0.50,Sb_Se+Cl_i,Charged+2,1948,-.63227098E+03,-.63227098E+03,1
pbesol,CdSe0.50Te0.50,Sb_Se+Cl_i,Charged-1,1951,-.62650862E+03,-.62649452E+03,1
pbesol,CdSe0.50Te0.50,Sb_Se+Cl_i,Charged-2,1952,-.62440757E+03,-.62440757E+03,1
pbesol,CdSe0.50Te0.50,Sb_Se+Cl_i,Neutral,1950.0000,-.62856011E+03,-.62856011E+03,1
pbesol,CdSe0.50Te0.50,Sb_Se+O_Se,Charged+1,1942,-.62901606E+03,-.62899073E+03,1
pbesol,CdSe0.50Te0.50,Sb_Se+O_Se,Charged+2,1941,-.63066892E+03,-.63064151E+03,1
pbesol,CdSe0.50Te0.50,Sb_Se+O_Se,Charged-1,1944,-.62551425E+03,-.62551214E+03,1
pbesol,CdSe0.50Te0.50,Sb_Se+O_Se,Charged-2,1945,-.62358085E+03,-.62356674E+03,1
pbesol,CdSe0.50Te0.50,Sb_Se+O_Se,Neutral,1943.0000,-.62731424E+03,-.62729558E+03,1
pbesol,CdSe0.50Te0.50,Sb_Se+O_i,Charged+1,1948,-.63392319E+03,-.63392319E+03,1
pbesol,CdSe0.50Te0.50,Sb_Se+O_i,Charged+2,1947,-.63633928E+03,-.63632150E+03,1
pbesol,CdSe0.50Te0.50,Sb_Se+O_i,Charged-1,1950,-.62986917E+03,-.62984367E+03,1
pbesol,CdSe0.50Te0.50,Sb_Se+O_i,Charged-2,1951,-.62779545E+03,-.62777302E+03,1
pbesol,CdSe0.50Te0.50,Sb_Se+O_i,Neutral,1949.0000,-.63207605E+03,-.63207153E+03,1
pbesol,CdSe0.50Te0.50,Sb_Se+Sb_i,Charged+1,1947,-.63172138E+03,-.63170727E+03,1
pbesol,CdSe0.50Te0.50,Sb_Se+Sb_i,Charged+2,1946,-.63379825E+03,-.63379825E+03,1
pbesol,CdSe0.50Te0.50,Sb_Se+Sb_i,Charged-1,1949,-.62700461E+03,-.62700460E+03,1
pbesol,CdSe0.50Te0.50,Sb_Se+Sb_i,Charged-2,1950,-.62424175E+03,-.62424169E+03,1
pbesol,CdSe0.50Te0.50,Sb_Se+Sb_i,Neutral,1948.0000,-.62959302E+03,-.62959302E+03,1
pbesol,CdSe0.50Te0.50,Sb_Te,Charged+1,1942,-.62814776E+03,-.62812548E+03,1
pbesol,CdSe0.50Te0.50,Sb_Te,Charged+2,1941,-.62980854E+03,-.62977737E+03,1
pbesol,CdSe0.50Te0.50,Sb_Te,Charged-1,1944,-.62456970E+03,-.62456400E+03,1
pbesol,CdSe0.50Te0.50,Sb_Te,Charged-2,1945,-.62258683E+03,-.62257265E+03,1
pbesol,CdSe0.50Te0.50,Sb_Te,Neutral,1943.0000,-.62643733E+03,-.62643545E+03,1
pbesol,CdSe0.50Te0.50,Sb_Te+Cl_Te,Charged+1,1943,-.62773476E+03,-.62771196E+03,1
pbesol,CdSe0.50Te0.50,Sb_Te+Cl_Te,Charged+2,1942,-.62938140E+03,-.62934711E+03,1
pbesol,CdSe0.50Te0.50,Sb_Te+Cl_Te,Charged-1,1945,-.62407370E+03,-.62405959E+03,1
pbesol,CdSe0.50Te0.50,Sb_Te+Cl_Te,Charged-2,1946,-.62207819E+03,-.62207819E+03,1
pbesol,CdSe0.50Te0.50,Sb_Te+Cl_Te,Neutral,1944.0000,-.62601558E+03,-.62601554E+03,1
pbesol,CdSe0.50Te0.50,Sb_Te+Cl_i,Charged+1,1949,-.62959531E+03,-.62956460E+03,1
pbesol,CdSe0.50Te0.50,Sb_Te+Cl_i,Charged+2,1948,-.63125577E+03,-.63122456E+03,1
pbesol,CdSe0.50Te0.50,Sb_Te+Cl_i,Charged-1,1951,-.62615116E+03,-.62614638E+03,1
pbesol,CdSe0.50Te0.50,Sb_Te+Cl_i,Charged-2,1952,-.62426869E+03,-.62426536E+03,1
pbesol,CdSe0.50Te0.50,Sb_Te+Cl_i,Neutral,1950.0000,-.62789866E+03,-.62787872E+03,1
pbesol,CdSe0.50Te0.50,Sb_Te+O_Te,Charged+1,1942,-.63045566E+03,-.63043432E+03,1
pbesol,CdSe0.50Te0.50,Sb_Te+O_Te,Charged+2,1941,-.63204804E+03,-.63201907E+03,1
pbesol,CdSe0.50Te0.50,Sb_Te+O_Te,Charged-1,1944,-.62700628E+03,-.62699771E+03,1
pbesol,CdSe0.50Te0.50,Sb_Te+O_Te,Charged-2,1945,-.62511629E+03,-.62510162E+03,1
pbesol,CdSe0.50Te0.50,Sb_Te+O_Te,Neutral,1943.0000,-.62881357E+03,-.62881284E+03,1
pbesol,CdSe0.50Te0.50,Sb_Te+O_i,Charged+1,1948,-.63220846E+03,-.63217705E+03,1
pbesol,CdSe0.50Te0.50,Sb_Te+O_i,Charged+2,1947,-.63382208E+03,-.63379738E+03,1
pbesol,CdSe0.50Te0.50,Sb_Te+O_i,Charged-1,1950,-.62888567E+03,-.62887149E+03,1
pbesol,CdSe0.50Te0.50,Sb_Te+O_i,Charged-2,1951,-.62713540E+03,-.62712322E+03,1
pbesol,CdSe0.50Te0.50,Sb_Te+O_i,Neutral,1949.0000,-.63056442E+03,-.63053741E+03,1
pbesol,CdSe0.50Te0.50,Sb_Te+Sb_i,Charged+1,1947,-.63131171E+03,-.63129751E+03,1
pbesol,CdSe0.50Te0.50,Sb_Te+Sb_i,Charged+2,1946,-.63333200E+03,-.63332602E+03,1
pbesol,CdSe0.50Te0.50,Sb_Te+Sb_i,Charged-1,1949,-.62770769E+03,-.62769359E+03,1
pbesol,CdSe0.50Te0.50,Sb_Te+Sb_i,Charged-2,1950,-.62552651E+03,-.62552651E+03,1
pbesol,CdSe0.50Te0.50,Sb_Te+Sb_i,Neutral,1948.0000,-.62924214E+03,-.62924214E+03,1
pbesol,CdSe0.50Te0.50,Sb_i,Charged+1,1948,-.63171972E+03,-.63171972E+03,1
pbesol,CdSe0.50Te0.50,Sb_i,Charged+2,1947,-.63378778E+03,-.63377367E+03,1
pbesol,CdSe0.50Te0.50,Sb_i,Charged-1,1950,-.62780909E+03,-.62780909E+03,1
pbesol,CdSe0.50Te0.50,Sb_i,Charged-2,1951,-.62396101E+03,-.62395973E+03,1
pbesol,CdSe0.50Te0.50,Sb_i,Neutral,1949.0000,-.62928792E+03,-.62928790E+03,1
pbesol,CdSe0.50Te0.50,Sb_i+Sb_i,Charged+1,1953,-.63579331E+03,-.63577921E+03,1
pbesol,CdSe0.50Te0.50,Sb_i+Sb_i,Charged+2,1952,-.63658715E+03,-.63658715E+03,1
pbesol,CdSe0.50Te0.50,Sb_i+Sb_i,Charged-1,1955,-.63077333E+03,-.63077332E+03,1
pbesol,CdSe0.50Te0.50,Sb_i+Sb_i,Charged-2,1956,-.62838787E+03,-.62838787E+03,1
pbesol,CdSe0.50Te0.50,Sb_i+Sb_i,Neutral,1954.0000,-.63359019E+03,-.63359019E+03,1
pbesol,CdSe0.50Te0.50,Sb_i+Se_i,Charged+1,1954,-.63547151E+03,-.63547151E+03,1
pbesol,CdSe0.50Te0.50,Sb_i+Se_i,Charged+2,1953,-.63720437E+03,-.63717841E+03,1
pbesol,CdSe0.50Te0.50,Sb_i+Se_i,Charged-1,1956,-.63118427E+03,-.63118427E+03,1
pbesol,CdSe0.50Te0.50,Sb_i+Se_i,Charged-2,1957,-.62872968E+03,-.62872968E+03,1
pbesol,CdSe0.50Te0.50,Sb_i+Se_i,Neutral,1955.0000,-.63349060E+03,-.63347650E+03,1
pbesol,CdSe0.50Te0.50,Sb_i+Te_i,Charged+1,1954,-.63440635E+03,-.63440634E+03,1
pbesol,CdSe0.50Te0.50,Sb_i+Te_i,Charged+2,1953,-.63717318E+03,-.63715908E+03,1
pbesol,CdSe0.50Te0.50,Sb_i+Te_i,Charged-1,1956,-.63007756E+03,-.63007756E+03,1
pbesol,CdSe0.50Te0.50,Sb_i+Te_i,Charged-2,1957,-.62750239E+03,-.62750238E+03,1
pbesol,CdSe0.50Te0.50,Sb_i+Te_i,Neutral,1955.0000,-.63226681E+03,-.63225270E+03,1
pbesol,CdSe0.50Te0.50,Se_Cd,Charged+1,1937,-.62905602E+03,-.62903003E+03,1
pbesol,CdSe0.50Te0.50,Se_Cd,Charged+2,1936,-.63069608E+03,-.63065899E+03,1
pbesol,CdSe0.50Te0.50,Se_Cd,Charged-1,1939,-.62533370E+03,-.62531960E+03,1
pbesol,CdSe0.50Te0.50,Se_Cd,Charged-2,1940,-.62295788E+03,-.62294384E+03,1
pbesol,CdSe0.50Te0.50,Se_Cd,Neutral,1938.0000,-.62740234E+03,-.62740234E+03,1
pbesol,CdSe0.50Te0.50,Se_Cd+Cd_i,Charged+1,1949,-.63153345E+03,-.63150791E+03,1
pbesol,CdSe0.50Te0.50,Se_Cd+Cd_i,Charged+2,1948,-.63222196E+03,-.63219625E+03,1
pbesol,CdSe0.50Te0.50,Se_Cd+Cd_i,Charged-1,1951,-.62785775E+03,-.62784365E+03,1
pbesol,CdSe0.50Te0.50,Se_Cd+Cd_i,Charged-2,1952,-.62576892E+03,-.62576892E+03,1
pbesol,CdSe0.50Te0.50,Se_Cd+Cd_i,Neutral,1950.0000,-.62991272E+03,-.62991272E+03,1
pbesol,CdSe0.50Te0.50,Se_Te,Charged+1,1943,-.62803858E+03,-.62801355E+03,1
pbesol,CdSe0.50Te0.50,Se_Te,Charged+2,1942,-.62969195E+03,-.62965553E+03,1
pbesol,CdSe0.50Te0.50,Se_Te,Charged-1,1945,-.62433694E+03,-.62432284E+03,1
pbesol,CdSe0.50Te0.50,Se_Te,Charged-2,1946,-.62227430E+03,-.62227430E+03,1
pbesol,CdSe0.50Te0.50,Se_Te,Neutral,1944.0000,-.62634660E+03,-.62634660E+03,1
pbesol,CdSe0.50Te0.50,Se_i,Charged+1,1949,-.63030805E+03,-.63030782E+03,1
pbesol,CdSe0.50Te0.50,Se_i,Charged+2,1948,-.63328120E+03,-.63328120E+03,1
pbesol,CdSe0.50Te0.50,Se_i,Charged-1,1951,-.62644760E+03,-.62643274E+03,1
pbesol,CdSe0.50Te0.50,Se_i,Charged-2,1952,-.62562387E+03,-.62562387E+03,1
pbesol,CdSe0.50Te0.50,Se_i,Neutral,1950.0000,-.62847499E+03,-.62847473E+03,1
pbesol,CdSe0.50Te0.50,Te_Cd,Charged+1,1937,-.62897666E+03,-.62895090E+03,1
pbesol,CdSe0.50Te0.50,Te_Cd,Charged+2,1936,-.63058655E+03,-.63058655E+03,1
pbesol,CdSe0.50Te0.50,Te_Cd,Charged-1,1939,-.62518015E+03,-.62516605E+03,1
pbesol,CdSe0.50Te0.50,Te_Cd,Charged-2,1940,-.62301724E+03,-.62301724E+03,1
pbesol,CdSe0.50Te0.50,Te_Cd,Neutral,1938.0000,-.62728807E+03,-.62728807E+03,1
pbesol,CdSe0.50Te0.50,Te_Cd+Cd_i,Charged+1,1949,-.63048125E+03,-.63048125E+03,1
pbesol,CdSe0.50Te0.50,Te_Cd+Cd_i,Charged+2,1948,-.63238627E+03,-.63238627E+03,1
pbesol,CdSe0.50Te0.50,Te_Cd+Cd_i,Charged-1,1951,-.62717557E+03,-.62716147E+03,1
pbesol,CdSe0.50Te0.50,Te_Cd+Cd_i,Charged-2,1952,-.62303027E+03,-.62303027E+03,1
pbesol,CdSe0.50Te0.50,Te_Cd+Cd_i,Neutral,1950.0000,-.62920083E+03,-.62920050E+03,1
pbesol,CdSe0.50Te0.50,Te_Se,Charged+1,1943,-.62935400E+03,-.62932861E+03,1
pbesol,CdSe0.50Te0.50,Te_Se,Charged+2,1942,-.63094931E+03,-.63091232E+03,1
pbesol,CdSe0.50Te0.50,Te_Se,Charged-1,1945,-.62577645E+03,-.62576235E+03,1
pbesol,CdSe0.50Te0.50,Te_Se,Charged-2,1946,-.62377899E+03,-.62377899E+03,1
pbesol,CdSe0.50Te0.50,Te_Se,Neutral,1944.0000,-.62772150E+03,-.62772150E+03,1
pbesol,CdSe0.50Te0.50,Te_i,Charged+1,1949,-.62957412E+03,-.62957208E+03,1
pbesol,CdSe0.50Te0.50,Te_i,Charged+2,1948,-.63254973E+03,-.63254973E+03,1
pbesol,CdSe0.50Te0.50,Te_i,Charged-1,1951,-.62711626E+03,-.62710216E+03,1
pbesol,CdSe0.50Te0.50,Te_i,Charged-2,1952,-.62503826E+03,-.62503826E+03,1
pbesol,CdSe0.50Te0.50,Te_i,Neutral,1950.0000,-.62926208E+03,-.62926193E+03,1
pbesol,CdSe0.50Te0.50,V_Cd,Charged+1,1931,-.62480462E+03,-.62476292E+03,1
pbesol,CdSe0.50Te0.50,V_Cd,Charged+2,1930,-.62636594E+03,-.62632790E+03,1
pbesol,CdSe0.50Te0.50,V_Cd,Charged-1,1933,-.62161400E+03,-.62158797E+03,1
pbesol,CdSe0.50Te0.50,V_Cd,Charged-2,1934,-.61996917E+03,-.61996917E+03,1
pbesol,CdSe0.50Te0.50,V_Cd,Neutral,1932.0000,-.62322141E+03,-.62318343E+03,1
pbesol,CdSe0.50Te0.50,V_Cd+Cd_Se,Charged+1,1937,-.62320751E+03,-.62319340E+03,1
pbesol,CdSe0.50Te0.50,V_Cd+Cd_Se,Charged+2,1936,-.62516385E+03,-.62516385E+03,1
pbesol,CdSe0.50Te0.50,V_Cd+Cd_Se,Charged-1,1939,-.61880265E+03,-.61878855E+03,1
pbesol,CdSe0.50Te0.50,V_Cd+Cd_Se,Charged-2,1940,-.61668983E+03,-.61668983E+03,1
pbesol,CdSe0.50Te0.50,V_Cd+Cd_Se,Neutral,1938.0000,-.62119900E+03,-.62119900E+03,1
pbesol,CdSe0.50Te0.50,V_Cd+Cd_Te,Charged+1,1937,-.62167993E+03,-.62165460E+03,1
pbesol,CdSe0.50Te0.50,V_Cd+Cd_Te,Charged+2,1936,-.62323408E+03,-.62319705E+03,1
pbesol,CdSe0.50Te0.50,V_Cd+Cd_Te,Charged-1,1939,-.61806826E+03,-.61805415E+03,1
pbesol,CdSe0.50Te0.50,V_Cd+Cd_Te,Charged-2,1940,-.61600065E+03,-.61600065E+03,1
pbesol,CdSe0.50Te0.50,V_Cd+Cd_Te,Neutral,1938.0000,-.62008653E+03,-.62008653E+03,1
pbesol,CdSe0.50Te0.50,V_Cd+Se_Cd,Charged+1,1925,-.62595342E+03,-.62592795E+03,1
pbesol,CdSe0.50Te0.50,V_Cd+Se_Cd,Charged+2,1924,-.62755661E+03,-.62751948E+03,1
pbesol,CdSe0.50Te0.50,V_Cd+Se_Cd,Charged-1,1927,-.62242374E+03,-.62242374E+03,1
pbesol,CdSe0.50Te0.50,V_Cd+Se_Cd,Charged-2,1928,-.62055736E+03,-.62055735E+03,1
pbesol,CdSe0.50Te0.50,V_Cd+Se_Cd,Neutral,1926.0000,-.62430963E+03,-.62430963E+03,1
pbesol,CdSe0.50Te0.50,V_Cd+Se_i,Charged+1,1937,-.62905602E+03,-.62903007E+03,1
pbesol,CdSe0.50Te0.50,V_Cd+Se_i,Charged+2,1936,-.63068230E+03,-.63064446E+03,1
pbesol,CdSe0.50Te0.50,V_Cd+Se_i,Charged-1,1939,-.62531688E+03,-.62530277E+03,1
pbesol,CdSe0.50Te0.50,V_Cd+Se_i,Charged-2,1940,-.62318543E+03,-.62318543E+03,1
pbesol,CdSe0.50Te0.50,V_Cd+Se_i,Neutral,1938.0000,-.62739236E+03,-.62739236E+03,1
pbesol,CdSe0.50Te0.50,V_Cd+Te_Cd,Charged+1,1925,-.62597358E+03,-.62594815E+03,1
pbesol,CdSe0.50Te0.50,V_Cd+Te_Cd,Charged+2,1924,-.62760181E+03,-.62756479E+03,1
pbesol,CdSe0.50Te0.50,V_Cd+Te_Cd,Charged-1,1927,-.62222781E+03,-.62221371E+03,1
pbesol,CdSe0.50Te0.50,V_Cd+Te_Cd,Charged-2,1928,-.62009647E+03,-.62009646E+03,1
pbesol,CdSe0.50Te0.50,V_Cd+Te_Cd,Neutral,1926.0000,-.62430798E+03,-.62430798E+03,1
pbesol,CdSe0.50Te0.50,V_Se,Charged+1,1937,-.62320756E+03,-.62319345E+03,1
pbesol,CdSe0.50Te0.50,V_Se,Charged+2,1936,-.62516455E+03,-.62516455E+03,1
pbesol,CdSe0.50Te0.50,V_Se,Charged-1,1939,-.61880318E+03,-.61878908E+03,1
pbesol,CdSe0.50Te0.50,V_Se,Charged-2,1940,-.61668934E+03,-.61668934E+03,1
pbesol,CdSe0.50Te0.50,V_Se,Neutral,1938.0000,-.62119946E+03,-.62119946E+03,1
pbesol,CdSe0.50Te0.50,V_Se+Cd_Se,Charged+1,1943,-.61771420E+03,-.61770010E+03,1
pbesol,CdSe0.50Te0.50,V_Se+Cd_Se,Charged+2,1942,-.61999406E+03,-.61999406E+03,1
pbesol,CdSe0.50Te0.50,V_Se+Cd_Se,Charged-1,1945,-.61337917E+03,-.61336506E+03,1
pbesol,CdSe0.50Te0.50,V_Se+Cd_Se,Charged-2,1946,-.61123360E+03,-.61123360E+03,1
pbesol,CdSe0.50Te0.50,V_Se+Cd_Se,Neutral,1944.0000,-.61560977E+03,-.61560977E+03,1
pbesol,CdSe0.50Te0.50,V_Te,Charged+1,1937,-.62393769E+03,-.62392358E+03,1
pbesol,CdSe0.50Te0.50,V_Te,Charged+2,1936,-.62585328E+03,-.62585328E+03,1
pbesol,CdSe0.50Te0.50,V_Te,Charged-1,1939,-.61949091E+03,-.61947681E+03,1
pbesol,CdSe0.50Te0.50,V_Te,Charged-2,1940,-.61750380E+03,-.61750380E+03,1
pbesol,CdSe0.50Te0.50,V_Te,Neutral,1938.0000,-.62196983E+03,-.62196983E+03,1
pbesol,CdSe0.50Te0.50,V_Te+Cd_Te,Charged+1,1943,-.61954220E+03,-.61952810E+03,1
pbesol,CdSe0.50Te0.50,V_Te+Cd_Te,Charged+2,1942,-.62162977E+03,-.62162977E+03,1
pbesol,CdSe0.50Te0.50,V_Te+Cd_Te,Charged-1,1945,-.61503698E+03,-.61503695E+03,1
pbesol,CdSe0.50Te0.50,V_Te+Cd_Te,Charged-2,1946,-.61282585E+03,-.61282585E+03,1
pbesol,CdSe0.50Te0.50,V_Te+Cd_Te,Neutral,1944.0000,-.61751416E+03,-.61751416E+03,1
pbesol,CdSe0.50Te0.50,V_Te+Te_i,Charged+1,1943,-.62872564E+03,-.62869998E+03,1
pbesol,CdSe0.50Te0.50,V_Te+Te_i,Charged+2,1942,-.63034496E+03,-.63030760E+03,1
pbesol,CdSe0.50Te0.50,V_Te+Te_i,Charged-1,1945,-.62509189E+03,-.62507779E+03,1
pbesol,CdSe0.50Te0.50,V_Te+Te_i,Charged-2,1946,-.62306155E+03,-.62306155E+03,1
pbesol,CdSe0.50Te0.50,V_Te+Te_i,Neutral,1944.0000,-.62707014E+03,-.62707014E+03,1
pbesol,CdSe0.75Te0.25,As_Se,Charged+1,1942,-.64688843E+03,-.64685759E+03,1
pbesol,CdSe0.75Te0.25,As_Se,Charged+2,1941,-.64814711E+03,-.64811134E+03,1
pbesol,CdSe0.75Te0.25,As_Se,Charged-1,1944,-.64423235E+03,-.64423234E+03,1
pbesol,CdSe0.75Te0.25,As_Se,Charged-2,1945,-.64261338E+03,-.64259928E+03,1
pbesol,CdSe0.75Te0.25,As_Se,Neutral,1943.0000,-.64559580E+03,-.64557794E+03,1
pbesol,CdSe0.75Te0.25,As_Se+As_i,Charged+1,1947,-.65107800E+03,-.65106389E+03,1
pbesol,CdSe0.75Te0.25,As_Se+As_i,Charged+2,1946,-.65273241E+03,-.65273241E+03,1
pbesol,CdSe0.75Te0.25,As_Se+As_i,Charged-1,1949,-.64738308E+03,-.64738308E+03,1
pbesol,CdSe0.75Te0.25,As_Se+As_i,Charged-2,1950,-.64558561E+03,-.64558561E+03,1
pbesol,CdSe0.75Te0.25,As_Se+As_i,Neutral,1948.0000,-.64937006E+03,-.64937006E+03,1
pbesol,CdSe0.75Te0.25,As_Se+Cl_Se,Charged+1,1943,-.64602425E+03,-.64600253E+03,1
pbesol,CdSe0.75Te0.25,As_Se+Cl_Se,Charged+2,1942,-.64728955E+03,-.64725731E+03,1
pbesol,CdSe0.75Te0.25,As_Se+Cl_Se,Charged-1,1945,-.64308895E+03,-.64307485E+03,1
pbesol,CdSe0.75Te0.25,As_Se+Cl_Se,Charged-2,1946,-.64142275E+03,-.64142275E+03,1
pbesol,CdSe0.75Te0.25,As_Se+Cl_Se,Neutral,1944.0000,-.64470478E+03,-.64470478E+03,1
pbesol,CdSe0.75Te0.25,As_Se+Cl_i,Charged+1,1949,-.64891562E+03,-.64889864E+03,1
pbesol,CdSe0.75Te0.25,As_Se+Cl_i,Charged+2,1948,-.65022062E+03,-.65019075E+03,1
pbesol,CdSe0.75Te0.25,As_Se+Cl_i,Charged-1,1951,-.64592459E+03,-.64591048E+03,1
pbesol,CdSe0.75Te0.25,As_Se+Cl_i,Charged-2,1952,-.64429954E+03,-.64429954E+03,1
pbesol,CdSe0.75Te0.25,As_Se+Cl_i,Neutral,1950.0000,-.64753814E+03,-.64753814E+03,1
pbesol,CdSe0.75Te0.25,As_Se+O_Se,Charged+1,1942,-.64842425E+03,-.64840045E+03,1
pbesol,CdSe0.75Te0.25,As_Se+O_Se,Charged+2,1941,-.64964876E+03,-.64961632E+03,1
pbesol,CdSe0.75Te0.25,As_Se+O_Se,Charged-1,1944,-.64580360E+03,-.64580316E+03,1
pbesol,CdSe0.75Te0.25,As_Se+O_Se,Charged-2,1945,-.64426259E+03,-.64424849E+03,1
pbesol,CdSe0.75Te0.25,As_Se+O_Se,Neutral,1943.0000,-.64716316E+03,-.64715647E+03,1
pbesol,CdSe0.75Te0.25,As_Se+O_i,Charged+1,1948,-.65290674E+03,-.65290674E+03,1
pbesol,CdSe0.75Te0.25,As_Se+O_i,Charged+2,1947,-.65330662E+03,-.65328867E+03,1
pbesol,CdSe0.75Te0.25,As_Se+O_i,Charged-1,1950,-.64952902E+03,-.64952901E+03,1
pbesol,CdSe0.75Te0.25,As_Se+O_i,Charged-2,1951,-.64774963E+03,-.64773134E+03,1
pbesol,CdSe0.75Te0.25,As_Se+O_i,Neutral,1949.0000,-.65085066E+03,-.65083541E+03,1
pbesol,CdSe0.75Te0.25,As_Te,Charged+1,1942,-.64760588E+03,-.64758354E+03,1
pbesol,CdSe0.75Te0.25,As_Te,Charged+2,1941,-.64884022E+03,-.64881036E+03,1
pbesol,CdSe0.75Te0.25,As_Te,Charged-1,1944,-.64492429E+03,-.64492332E+03,1
pbesol,CdSe0.75Te0.25,As_Te,Charged-2,1945,-.64334187E+03,-.64332777E+03,1
pbesol,CdSe0.75Te0.25,As_Te,Neutral,1943.0000,-.64632952E+03,-.64632540E+03,1
pbesol,CdSe0.75Te0.25,As_Te+As_i,Charged+1,1947,-.65250083E+03,-.65248672E+03,1
pbesol,CdSe0.75Te0.25,As_Te+As_i,Charged+2,1946,-.65411887E+03,-.65411887E+03,1
pbesol,CdSe0.75Te0.25,As_Te+As_i,Charged-1,1949,-.64883629E+03,-.64883629E+03,1
pbesol,CdSe0.75Te0.25,As_Te+As_i,Charged-2,1950,-.64670588E+03,-.64670588E+03,1
pbesol,CdSe0.75Te0.25,As_Te+As_i,Neutral,1948.0000,-.65082950E+03,-.65082950E+03,1
pbesol,CdSe0.75Te0.25,As_Te+Cl_Te,Charged+1,1943,-.64735625E+03,-.64733371E+03,1
pbesol,CdSe0.75Te0.25,As_Te+Cl_Te,Charged+2,1942,-.64856123E+03,-.64852741E+03,1
pbesol,CdSe0.75Te0.25,As_Te+Cl_Te,Charged-1,1945,-.64455907E+03,-.64454496E+03,1
pbesol,CdSe0.75Te0.25,As_Te+Cl_Te,Charged-2,1946,-.64296302E+03,-.64296302E+03,1
pbesol,CdSe0.75Te0.25,As_Te+Cl_Te,Neutral,1944.0000,-.64610246E+03,-.64610246E+03,1
pbesol,CdSe0.75Te0.25,As_Te+Cl_i,Charged+1,1949,-.65033223E+03,-.65031449E+03,1
pbesol,CdSe0.75Te0.25,As_Te+Cl_i,Charged+2,1948,-.65158528E+03,-.65155194E+03,1
pbesol,CdSe0.75Te0.25,As_Te+Cl_i,Charged-1,1951,-.64742056E+03,-.64740645E+03,1
pbesol,CdSe0.75Te0.25,As_Te+Cl_i,Charged-2,1952,-.64575602E+03,-.64575602E+03,1
pbesol,CdSe0.75Te0.25,As_Te+Cl_i,Neutral,1950.0000,-.64910285E+03,-.64910285E+03,1
pbesol,CdSe0.75Te0.25,As_Te+O_Te,Charged+1,1942,-.64985303E+03,-.64981937E+03,1
pbesol,CdSe0.75Te0.25,As_Te+O_Te,Charged+2,1941,-.65101428E+03,-.65097636E+03,1
pbesol,CdSe0.75Te0.25,As_Te+O_Te,Charged-1,1944,-.64741305E+03,-.64741303E+03,1
pbesol,CdSe0.75Te0.25,As_Te+O_Te,Charged-2,1945,-.64593012E+03,-.64591602E+03,1
pbesol,CdSe0.75Te0.25,As_Te+O_Te,Neutral,1943.0000,-.64866295E+03,-.64864105E+03,1
pbesol,CdSe0.75Te0.25,As_Te+O_i,Charged+1,1948,-.65405441E+03,-.65405441E+03,1
pbesol,CdSe0.75Te0.25,As_Te+O_i,Charged+2,1947,-.65532122E+03,-.65529865E+03,1
pbesol,CdSe0.75Te0.25,As_Te+O_i,Charged-1,1950,-.65102131E+03,-.65100556E+03,1
pbesol,CdSe0.75Te0.25,As_Te+O_i,Charged-2,1951,-.64932768E+03,-.64932768E+03,1
pbesol,CdSe0.75Te0.25,As_Te+O_i,Neutral,1949.0000,-.65201863E+03,-.65200453E+03,1
pbesol,CdSe0.75Te0.25,As_i,Charged+1,1948,-.65127165E+03,-.65127165E+03,1
pbesol,CdSe0.75Te0.25,As_i,Charged+2,1947,-.65296482E+03,-.65295072E+03,1
pbesol,CdSe0.75Te0.25,As_i,Charged-1,1950,-.64717714E+03,-.64717525E+03,1
pbesol,CdSe0.75Te0.25,As_i,Charged-2,1951,-.64536565E+03,-.64536565E+03,1
pbesol,CdSe0.75Te0.25,As_i,Neutral,1949.0000,-.64931427E+03,-.64931422E+03,1
pbesol,CdSe0.75Te0.25,As_i+As_i,Charged+1,1953,-.65410974E+03,-.65410233E+03,1
pbesol,CdSe0.75Te0.25,As_i+As_i,Charged+2,1952,-.65593095E+03,-.65591839E+03,1
pbesol,CdSe0.75Te0.25,As_i+As_i,Charged-1,1955,-.65006683E+03,-.65006683E+03,1
pbesol,CdSe0.75Te0.25,As_i+As_i,Charged-2,1956,-.64695070E+03,-.64694991E+03,1
pbesol,CdSe0.75Te0.25,As_i+As_i,Neutral,1954.0000,-.65190071E+03,-.65190069E+03,1
pbesol,CdSe0.75Te0.25,As_i+Se_i,Charged+1,1954,-.65376950E+03,-.65376950E+03,1
pbesol,CdSe0.75Te0.25,As_i+Se_i,Charged+2,1953,-.65544823E+03,-.65543334E+03,1
pbesol,CdSe0.75Te0.25,As_i+Se_i,Charged-1,1956,-.64870900E+03,-.64870899E+03,1
pbesol,CdSe0.75Te0.25,As_i+Se_i,Charged-2,1957,-.64684743E+03,-.64684743E+03,1
pbesol,CdSe0.75Te0.25,As_i+Se_i,Neutral,1955.0000,-.65182956E+03,-.65182956E+03,1
pbesol,CdSe0.75Te0.25,As_i+Te_i,Charged+1,1954,-.65242936E+03,-.65242936E+03,1
pbesol,CdSe0.75Te0.25,As_i+Te_i,Charged+2,1953,-.65548316E+03,-.65546905E+03,1
pbesol,CdSe0.75Te0.25,As_i+Te_i,Charged-1,1956,-.64939716E+03,-.64939716E+03,1
pbesol,CdSe0.75Te0.25,As_i+Te_i,Charged-2,1957,-.64631204E+03,-.64631184E+03,1
pbesol,CdSe0.75Te0.25,As_i+Te_i,Neutral,1955.0000,-.65084352E+03,-.65082768E+03,1
pbesol,CdSe0.75Te0.25,Bi_Cd,Charged+1,1946,-.65017727E+03,-.65017727E+03,1
pbesol,CdSe0.75Te0.25,Bi_Cd,Charged+2,1945,-.65149723E+03,-.65147194E+03,1
pbesol,CdSe0.75Te0.25,Bi_Cd,Charged-1,1948,-.64667359E+03,-.64667359E+03,1
pbesol,CdSe0.75Te0.25,Bi_Cd,Charged-2,1949,-.64406692E+03,-.64406692E+03,1
pbesol,CdSe0.75Te0.25,Bi_Cd,Neutral,1947.0000,-.64845197E+03,-.64843787E+03,1
pbesol,CdSe0.75Te0.25,Bi_Cd+Bi_Se,Charged+1,1955,-.64879493E+03,-.64878058E+03,1
pbesol,CdSe0.75Te0.25,Bi_Cd+Bi_Se,Charged+2,1954,-.65016902E+03,-.65015103E+03,1
pbesol,CdSe0.75Te0.25,Bi_Cd+Bi_Se,Charged-1,1957,-.64554812E+03,-.64553402E+03,1
pbesol,CdSe0.75Te0.25,Bi_Cd+Bi_Se,Charged-2,1958,-.64371835E+03,-.64371835E+03,1
pbesol,CdSe0.75Te0.25,Bi_Cd+Bi_Se,Neutral,1956.0000,-.64732712E+03,-.64732712E+03,1
pbesol,CdSe0.75Te0.25,Bi_Cd+Bi_Te,Charged+1,1955,-.64902897E+03,-.64902893E+03,1
pbesol,CdSe0.75Te0.25,Bi_Cd+Bi_Te,Charged+2,1954,-.65061851E+03,-.65061851E+03,1
pbesol,CdSe0.75Te0.25,Bi_Cd+Bi_Te,Charged-1,1957,-.64555190E+03,-.64553243E+03,1
pbesol,CdSe0.75Te0.25,Bi_Cd+Bi_Te,Charged-2,1958,-.64376048E+03,-.64376048E+03,1
pbesol,CdSe0.75Te0.25,Bi_Cd+Bi_Te,Neutral,1956.0000,-.64730474E+03,-.64728621E+03,1
pbesol,CdSe0.75Te0.25,Bi_Cd+Bi_i,Charged+1,1961,-.65214543E+03,-.65214543E+03,1
pbesol,CdSe0.75Te0.25,Bi_Cd+Bi_i,Charged+2,1960,-.65447388E+03,-.65447388E+03,1
pbesol,CdSe0.75Te0.25,Bi_Cd+Bi_i,Charged-1,1963,-.64815979E+03,-.64815979E+03,1
pbesol,CdSe0.75Te0.25,Bi_Cd+Bi_i,Charged-2,1964,-.64579412E+03,-.64579412E+03,1
pbesol,CdSe0.75Te0.25,Bi_Cd+Bi_i,Neutral,1962.0000,-.65038191E+03,-.65038191E+03,1
pbesol,CdSe0.75Te0.25,Bi_Cd+Cl_Se,Charged+1,1947,-.64882146E+03,-.64880735E+03,1
pbesol,CdSe0.75Te0.25,Bi_Cd+Cl_Se,Charged+2,1946,-.65050940E+03,-.65050940E+03,1
pbesol,CdSe0.75Te0.25,Bi_Cd+Cl_Se,Charged-1,1949,-.64479651E+03,-.64479651E+03,1
pbesol,CdSe0.75Te0.25,Bi_Cd+Cl_Se,Charged-2,1950,-.64241723E+03,-.64241723E+03,1
pbesol,CdSe0.75Te0.25,Bi_Cd+Cl_Se,Neutral,1948.0000,-.64708226E+03,-.64708226E+03,1
pbesol,CdSe0.75Te0.25,Bi_Cd+Cl_Te,Charged+1,1947,-.64946063E+03,-.64944652E+03,1
pbesol,CdSe0.75Te0.25,Bi_Cd+Cl_Te,Charged+2,1946,-.65114036E+03,-.65114036E+03,1
pbesol,CdSe0.75Te0.25,Bi_Cd+Cl_Te,Charged-1,1949,-.64515795E+03,-.64515795E+03,1
pbesol,CdSe0.75Te0.25,Bi_Cd+Cl_Te,Charged-2,1950,-.64273371E+03,-.64273371E+03,1
pbesol,CdSe0.75Te0.25,Bi_Cd+Cl_Te,Neutral,1948.0000,-.64772936E+03,-.64772936E+03,1
pbesol,CdSe0.75Te0.25,Bi_Cd+Cl_i,Charged+1,1953,-.65173305E+03,-.65171894E+03,1
pbesol,CdSe0.75Te0.25,Bi_Cd+Cl_i,Charged+2,1952,-.65374307E+03,-.65374307E+03,1
pbesol,CdSe0.75Te0.25,Bi_Cd+Cl_i,Charged-1,1955,-.64752076E+03,-.64750665E+03,1
pbesol,CdSe0.75Te0.25,Bi_Cd+Cl_i,Charged-2,1956,-.64570931E+03,-.64570931E+03,1
pbesol,CdSe0.75Te0.25,Bi_Cd+Cl_i,Neutral,1954.0000,-.64927768E+03,-.64927768E+03,1
pbesol,CdSe0.75Te0.25,Bi_Cd+O_Se,Charged+1,1946,-.65202900E+03,-.65202900E+03,1
pbesol,CdSe0.75Te0.25,Bi_Cd+O_Se,Charged+2,1945,-.65332665E+03,-.65330156E+03,1
pbesol,CdSe0.75Te0.25,Bi_Cd+O_Se,Charged-1,1948,-.64862888E+03,-.64862888E+03,1
pbesol,CdSe0.75Te0.25,Bi_Cd+O_Se,Charged-2,1949,-.64621222E+03,-.64621222E+03,1
pbesol,CdSe0.75Te0.25,Bi_Cd+O_Se,Neutral,1947.0000,-.65035593E+03,-.65034183E+03,1
pbesol,CdSe0.75Te0.25,Bi_Cd+O_Te,Charged+1,1946,-.65250051E+03,-.65250051E+03,1
pbesol,CdSe0.75Te0.25,Bi_Cd+O_Te,Charged+2,1945,-.65376250E+03,-.65373751E+03,1
pbesol,CdSe0.75Te0.25,Bi_Cd+O_Te,Charged-1,1948,-.64924070E+03,-.64924070E+03,1
pbesol,CdSe0.75Te0.25,Bi_Cd+O_Te,Charged-2,1949,-.64664777E+03,-.64664777E+03,1
pbesol,CdSe0.75Te0.25,Bi_Cd+O_Te,Neutral,1947.0000,-.65089742E+03,-.65088332E+03,1
pbesol,CdSe0.75Te0.25,Bi_Cd+O_i,Charged+1,1952,-.65545883E+03,-.65545883E+03,1
pbesol,CdSe0.75Te0.25,Bi_Cd+O_i,Charged+2,1951,-.65675050E+03,-.65672901E+03,1
pbesol,CdSe0.75Te0.25,Bi_Cd+O_i,Charged-1,1954,-.65106212E+03,-.65106210E+03,1
pbesol,CdSe0.75Te0.25,Bi_Cd+O_i,Charged-2,1955,-.64930637E+03,-.64930637E+03,1
pbesol,CdSe0.75Te0.25,Bi_Cd+O_i,Neutral,1953.0000,-.65379949E+03,-.65378539E+03,1
pbesol,CdSe0.75Te0.25,Bi_Cd+Se_i,Charged+1,1952,-.65239365E+03,-.65239365E+03,1
pbesol,CdSe0.75Te0.25,Bi_Cd+Se_i,Charged+2,1951,-.65420539E+03,-.65420518E+03,1
pbesol,CdSe0.75Te0.25,Bi_Cd+Se_i,Charged-1,1954,-.64910343E+03,-.64910343E+03,1
pbesol,CdSe0.75Te0.25,Bi_Cd+Se_i,Charged-2,1955,-.64638153E+03,-.64638152E+03,1
pbesol,CdSe0.75Te0.25,Bi_Cd+Se_i,Neutral,1953.0000,-.65093844E+03,-.65092434E+03,1
pbesol,CdSe0.75Te0.25,Bi_Cd+Te_i,Charged+1,1952,-.65162024E+03,-.65162011E+03,1
pbesol,CdSe0.75Te0.25,Bi_Cd+Te_i,Charged+2,1951,-.65346992E+03,-.65345581E+03,1
pbesol,CdSe0.75Te0.25,Bi_Cd+Te_i,Charged-1,1954,-.64814689E+03,-.64814689E+03,1
pbesol,CdSe0.75Te0.25,Bi_Cd+Te_i,Charged-2,1955,-.64574918E+03,-.64574918E+03,1
pbesol,CdSe0.75Te0.25,Bi_Cd+Te_i,Neutral,1953.0000,-.65029651E+03,-.65028241E+03,1
pbesol,CdSe0.75Te0.25,Bi_Cd+V_Cd,Charged+1,1934,-.64686256E+03,-.64686256E+03,1
pbesol,CdSe0.75Te0.25,Bi_Cd+V_Cd,Charged+2,1933,-.64814188E+03,-.64811758E+03,1
pbesol,CdSe0.75Te0.25,Bi_Cd+V_Cd,Charged-1,1936,-.64391434E+03,-.64391401E+03,1
pbesol,CdSe0.75Te0.25,Bi_Cd+V_Cd,Charged-2,1937,-.64219140E+03,-.64217729E+03,1
pbesol,CdSe0.75Te0.25,Bi_Cd+V_Cd,Neutral,1935.0000,-.64543939E+03,-.64543857E+03,1
pbesol,CdSe0.75Te0.25,Bi_Cd+V_Se,Charged+1,1940,-.64436952E+03,-.64436952E+03,1
pbesol,CdSe0.75Te0.25,Bi_Cd+V_Se,Charged+2,1939,-.64606662E+03,-.64605251E+03,1
pbesol,CdSe0.75Te0.25,Bi_Cd+V_Se,Charged-1,1942,-.64075682E+03,-.64075682E+03,1
pbesol,CdSe0.75Te0.25,Bi_Cd+V_Se,Charged-2,1943,-.63851956E+03,-.63851956E+03,1
pbesol,CdSe0.75Te0.25,Bi_Cd+V_Se,Neutral,1941.0000,-.64248400E+03,-.64246989E+03,1
pbesol,CdSe0.75Te0.25,Bi_Cd+V_Te,Charged+1,1940,-.64490388E+03,-.64490388E+03,1
pbesol,CdSe0.75Te0.25,Bi_Cd+V_Te,Charged+2,1939,-.64661942E+03,-.64660532E+03,1
pbesol,CdSe0.75Te0.25,Bi_Cd+V_Te,Charged-1,1942,-.64113346E+03,-.64113346E+03,1
pbesol,CdSe0.75Te0.25,Bi_Cd+V_Te,Charged-2,1943,-.63857132E+03,-.63857132E+03,1
pbesol,CdSe0.75Te0.25,Bi_Cd+V_Te,Neutral,1941.0000,-.64287414E+03,-.64286004E+03,1
pbesol,CdSe0.75Te0.25,Bi_Se,Charged+1,1952,-.64593578E+03,-.64593578E+03,1
pbesol,CdSe0.75Te0.25,Bi_Se,Charged+2,1951,-.64724225E+03,-.64721734E+03,1
pbesol,CdSe0.75Te0.25,Bi_Se,Charged-1,1954,-.64272506E+03,-.64270638E+03,1
pbesol,CdSe0.75Te0.25,Bi_Se,Charged-2,1955,-.64104336E+03,-.64102425E+03,1
pbesol,CdSe0.75Te0.25,Bi_Se,Neutral,1953.0000,-.64437266E+03,-.64437256E+03,1
pbesol,CdSe0.75Te0.25,Bi_Se+Bi_i,Charged+1,1967,-.64898266E+03,-.64896854E+03,1
pbesol,CdSe0.75Te0.25,Bi_Se+Bi_i,Charged+2,1966,-.65069773E+03,-.65069482E+03,1
pbesol,CdSe0.75Te0.25,Bi_Se+Bi_i,Charged-1,1969,-.64594443E+03,-.64594443E+03,1
pbesol,CdSe0.75Te0.25,Bi_Se+Bi_i,Charged-2,1970,-.64384955E+03,-.64384955E+03,1
pbesol,CdSe0.75Te0.25,Bi_Se+Bi_i,Neutral,1968.0000,-.64721845E+03,-.64721845E+03,1
pbesol,CdSe0.75Te0.25,Bi_Se+Cl_Se,Charged+1,1953,-.64475520E+03,-.64474110E+03,1
pbesol,CdSe0.75Te0.25,Bi_Se+Cl_Se,Charged+2,1952,-.64636654E+03,-.64636654E+03,1
pbesol,CdSe0.75Te0.25,Bi_Se+Cl_Se,Charged-1,1955,-.64154150E+03,-.64152679E+03,1
pbesol,CdSe0.75Te0.25,Bi_Se+Cl_Se,Charged-2,1956,-.63984122E+03,-.63984122E+03,1
pbesol,CdSe0.75Te0.25,Bi_Se+Cl_Se,Neutral,1954.0000,-.64319515E+03,-.64318724E+03,1
pbesol,CdSe0.75Te0.25,Bi_Se+Cl_i,Charged+1,1959,-.64784602E+03,-.64784600E+03,1
pbesol,CdSe0.75Te0.25,Bi_Se+Cl_i,Charged+2,1958,-.64946503E+03,-.64946503E+03,1
pbesol,CdSe0.75Te0.25,Bi_Se+Cl_i,Charged-1,1961,-.64448587E+03,-.64447177E+03,1
pbesol,CdSe0.75Te0.25,Bi_Se+Cl_i,Charged-2,1962,-.64272701E+03,-.64272701E+03,1
pbesol,CdSe0.75Te0.25,Bi_Se+Cl_i,Neutral,1960.0000,-.64607628E+03,-.64605722E+03,1
pbesol,CdSe0.75Te0.25,Bi_Se+O_Se,Charged+1,1952,-.64770359E+03,-.64770359E+03,1
pbesol,CdSe0.75Te0.25,Bi_Se+O_Se,Charged+2,1951,-.64898637E+03,-.64896189E+03,1
pbesol,CdSe0.75Te0.25,Bi_Se+O_Se,Charged-1,1954,-.64447938E+03,-.64446528E+03,1
pbesol,CdSe0.75Te0.25,Bi_Se+O_Se,Charged-2,1955,-.64282336E+03,-.64280211E+03,1
pbesol,CdSe0.75Te0.25,Bi_Se+O_Se,Neutral,1953.0000,-.64604908E+03,-.64604729E+03,1
pbesol,CdSe0.75Te0.25,Bi_Se+O_i,Charged+1,1958,-.65127370E+03,-.65127370E+03,1
pbesol,CdSe0.75Te0.25,Bi_Se+O_i,Charged+2,1957,-.65206712E+03,-.65206704E+03,1
pbesol,CdSe0.75Te0.25,Bi_Se+O_i,Charged-1,1960,-.64809638E+03,-.64808211E+03,1
pbesol,CdSe0.75Te0.25,Bi_Se+O_i,Charged-2,1961,-.64638001E+03,-.64637641E+03,1
pbesol,CdSe0.75Te0.25,Bi_Se+O_i,Neutral,1959.0000,-.65053470E+03,-.65052059E+03,1
pbesol,CdSe0.75Te0.25,Bi_Te,Charged+1,1952,-.64668895E+03,-.64668895E+03,1
pbesol,CdSe0.75Te0.25,Bi_Te,Charged+2,1951,-.64798303E+03,-.64796244E+03,1
pbesol,CdSe0.75Te0.25,Bi_Te,Charged-1,1954,-.64346683E+03,-.64345272E+03,1
pbesol,CdSe0.75Te0.25,Bi_Te,Charged-2,1955,-.64180076E+03,-.64179818E+03,1
pbesol,CdSe0.75Te0.25,Bi_Te,Neutral,1953.0000,-.64508130E+03,-.64507782E+03,1
pbesol,CdSe0.75Te0.25,Bi_Te+Bi_i,Charged+1,1967,-.65063825E+03,-.65062415E+03,1
pbesol,CdSe0.75Te0.25,Bi_Te+Bi_i,Charged+2,1966,-.65230479E+03,-.65230479E+03,1
pbesol,CdSe0.75Te0.25,Bi_Te+Bi_i,Charged-1,1969,-.64633628E+03,-.64633628E+03,1
pbesol,CdSe0.75Te0.25,Bi_Te+Bi_i,Charged-2,1970,-.64432545E+03,-.64432545E+03,1
pbesol,CdSe0.75Te0.25,Bi_Te+Bi_i,Neutral,1968.0000,-.64891814E+03,-.64891814E+03,1
pbesol,CdSe0.75Te0.25,Bi_Te+Cl_Te,Charged+1,1953,-.64602541E+03,-.64602397E+03,1
pbesol,CdSe0.75Te0.25,Bi_Te+Cl_Te,Charged+2,1952,-.64735432E+03,-.64734709E+03,1
pbesol,CdSe0.75Te0.25,Bi_Te+Cl_Te,Charged-1,1955,-.64297357E+03,-.64295940E+03,1
pbesol,CdSe0.75Te0.25,Bi_Te+Cl_Te,Charged-2,1956,-.64135008E+03,-.64135008E+03,1
pbesol,CdSe0.75Te0.25,Bi_Te+Cl_Te,Neutral,1954.0000,-.64454701E+03,-.64454146E+03,1
pbesol,CdSe0.75Te0.25,Bi_Te+Cl_i,Charged+1,1959,-.64947473E+03,-.64947472E+03,1
pbesol,CdSe0.75Te0.25,Bi_Te+Cl_i,Charged+2,1958,-.65131401E+03,-.65131401E+03,1
pbesol,CdSe0.75Te0.25,Bi_Te+Cl_i,Charged-1,1961,-.64618323E+03,-.64616908E+03,1
pbesol,CdSe0.75Te0.25,Bi_Te+Cl_i,Charged-2,1962,-.64449131E+03,-.64449131E+03,1
pbesol,CdSe0.75Te0.25,Bi_Te+Cl_i,Neutral,1960.0000,-.64782670E+03,-.64782117E+03,1
pbesol,CdSe0.75Te0.25,Bi_Te+O_Te,Charged+1,1952,-.64875368E+03,-.64874710E+03,1
pbesol,CdSe0.75Te0.25,Bi_Te+O_Te,Charged+2,1951,-.64999147E+03,-.64997011E+03,1
pbesol,CdSe0.75Te0.25,Bi_Te+O_Te,Charged-1,1954,-.64593987E+03,-.64592417E+03,1
pbesol,CdSe0.75Te0.25,Bi_Te+O_Te,Charged-2,1955,-.64440063E+03,-.64438404E+03,1
pbesol,CdSe0.75Te0.25,Bi_Te+O_Te,Neutral,1953.0000,-.64743772E+03,-.64743754E+03,1
pbesol,CdSe0.75Te0.25,Bi_Te+O_i,Charged+1,1958,-.65227317E+03,-.65227316E+03,1
pbesol,CdSe0.75Te0.25,Bi_Te+O_i,Charged+2,1957,-.65368594E+03,-.65368121E+03,1
pbesol,CdSe0.75Te0.25,Bi_Te+O_i,Charged-1,1960,-.64968496E+03,-.64968496E+03,1
pbesol,CdSe0.75Te0.25,Bi_Te+O_i,Charged-2,1961,-.64783316E+03,-.64783316E+03,1
pbesol,CdSe0.75Te0.25,Bi_Te+O_i,Neutral,1959.0000,-.65113128E+03,-.65111718E+03,1
pbesol,CdSe0.75Te0.25,Bi_i,Charged+1,1958,-.65066312E+03,-.65066312E+03,1
pbesol,CdSe0.75Te0.25,Bi_i,Charged+2,1957,-.65237809E+03,-.65236398E+03,1
pbesol,CdSe0.75Te0.25,Bi_i,Charged-1,1960,-.64638074E+03,-.64638074E+03,1
pbesol,CdSe0.75Te0.25,Bi_i,Charged-2,1961,-.64443574E+03,-.64443574E+03,1
pbesol,CdSe0.75Te0.25,Bi_i,Neutral,1959.0000,-.64850870E+03,-.64850870E+03,1
pbesol,CdSe0.75Te0.25,Bi_i+Bi_i,Charged+1,1973,-.65262915E+03,-.65262915E+03,1
pbesol,CdSe0.75Te0.25,Bi_i+Bi_i,Charged+2,1972,-.65485645E+03,-.65485645E+03,1
pbesol,CdSe0.75Te0.25,Bi_i+Bi_i,Charged-1,1975,-.64846623E+03,-.64846623E+03,1
pbesol,CdSe0.75Te0.25,Bi_i+Bi_i,Charged-2,1976,-.64606477E+03,-.64606477E+03,1
pbesol,CdSe0.75Te0.25,Bi_i+Bi_i,Neutral,1974.0000,-.65083987E+03,-.65083987E+03,1
pbesol,CdSe0.75Te0.25,Bi_i+Se_i,Charged+1,1964,-.65188358E+03,-.65188355E+03,1
pbesol,CdSe0.75Te0.25,Bi_i+Se_i,Charged+2,1963,-.65491101E+03,-.65489563E+03,1
pbesol,CdSe0.75Te0.25,Bi_i+Se_i,Charged-1,1966,-.64767163E+03,-.64767163E+03,1
pbesol,CdSe0.75Te0.25,Bi_i+Se_i,Charged-2,1967,-.64677637E+03,-.64677637E+03,1
pbesol,CdSe0.75Te0.25,Bi_i+Se_i,Neutral,1965.0000,-.65145857E+03,-.65145857E+03,1
pbesol,CdSe0.75Te0.25,Bi_i+Te_i,Charged+1,1964,-.65241694E+03,-.65241694E+03,1
pbesol,CdSe0.75Te0.25,Bi_i+Te_i,Charged+2,1963,-.65281091E+03,-.65281088E+03,1
pbesol,CdSe0.75Te0.25,Bi_i+Te_i,Charged-1,1966,-.64823666E+03,-.64823666E+03,1
pbesol,CdSe0.75Te0.25,Bi_i+Te_i,Charged-2,1967,-.64608621E+03,-.64608621E+03,1
pbesol,CdSe0.75Te0.25,Bi_i+Te_i,Neutral,1965.0000,-.64993591E+03,-.64993591E+03,1
pbesol,CdSe0.75Te0.25,Cd_Se,Charged+1,1949,-.64300812E+03,-.64299402E+03,1
pbesol,CdSe0.75Te0.25,Cd_Se,Charged+2,1948,-.64467312E+03,-.64467312E+03,1
pbesol,CdSe0.75Te0.25,Cd_Se,Charged-1,1951,-.63910600E+03,-.63910598E+03,1
pbesol,CdSe0.75Te0.25,Cd_Se,Charged-2,1952,-.63729594E+03,-.63729594E+03,1
pbesol,CdSe0.75Te0.25,Cd_Se,Neutral,1950.0000,-.64129168E+03,-.64129168E+03,1
pbesol,CdSe0.75Te0.25,Cd_Se+Te_i,Charged+1,1955,-.64799909E+03,-.64798499E+03,1
pbesol,CdSe0.75Te0.25,Cd_Se+Te_i,Charged+2,1954,-.64609968E+03,-.64609966E+03,1
pbesol,CdSe0.75Te0.25,Cd_Se+Te_i,Charged-1,1957,-.64118881E+03,-.64118876E+03,1
pbesol,CdSe0.75Te0.25,Cd_Se+Te_i,Charged-2,1958,-.64124217E+03,-.64124217E+03,1
pbesol,CdSe0.75Te0.25,Cd_Se+Te_i,Neutral,1956.0000,-.64354690E+03,-.64354690E+03,1
pbesol,CdSe0.75Te0.25,Cd_Te,Charged+1,1949,-.64382091E+03,-.64380680E+03,1
pbesol,CdSe0.75Te0.25,Cd_Te,Charged+2,1948,-.64544285E+03,-.64544285E+03,1
pbesol,CdSe0.75Te0.25,Cd_Te,Charged-1,1951,-.64001093E+03,-.64001091E+03,1
pbesol,CdSe0.75Te0.25,Cd_Te,Charged-2,1952,-.63819969E+03,-.63819969E+03,1
pbesol,CdSe0.75Te0.25,Cd_Te,Neutral,1950.0000,-.64214747E+03,-.64214747E+03,1
pbesol,CdSe0.75Te0.25,Cd_Te+Se_i,Charged+1,1955,-.64921840E+03,-.64920429E+03,1
pbesol,CdSe0.75Te0.25,Cd_Te+Se_i,Charged+2,1954,-.65109943E+03,-.65109943E+03,1
pbesol,CdSe0.75Te0.25,Cd_Te+Se_i,Charged-1,1957,-.64526600E+03,-.64525189E+03,1
pbesol,CdSe0.75Te0.25,Cd_Te+Se_i,Charged-2,1958,-.64248930E+03,-.64248930E+03,1
pbesol,CdSe0.75Te0.25,Cd_Te+Se_i,Neutral,1956.0000,-.64763616E+03,-.64763616E+03,1
pbesol,CdSe0.75Te0.25,Cd_i,Charged+1,1955,-.64892366E+03,-.64890955E+03,1
pbesol,CdSe0.75Te0.25,Cd_i,Charged+2,1954,-.65054745E+03,-.65054745E+03,1
pbesol,CdSe0.75Te0.25,Cd_i,Charged-1,1957,-.64458327E+03,-.64456917E+03,1
pbesol,CdSe0.75Te0.25,Cd_i,Charged-2,1958,-.64197256E+03,-.64197256E+03,1
pbesol,CdSe0.75Te0.25,Cd_i,Neutral,1956.0000,-.64724670E+03,-.64724670E+03,1
pbesol,CdSe0.75Te0.25,Cl_Se,Charged+1,1944,-.64650828E+03,-.64650828E+03,1
pbesol,CdSe0.75Te0.25,Cl_Se,Charged+2,1943,-.64778176E+03,-.64775629E+03,1
pbesol,CdSe0.75Te0.25,Cl_Se,Charged-1,1946,-.64326246E+03,-.64326246E+03,1
pbesol,CdSe0.75Te0.25,Cl_Se,Charged-2,1947,-.64013940E+03,-.64011308E+03,1
pbesol,CdSe0.75Te0.25,Cl_Se,Neutral,1945.0000,-.64491185E+03,-.64489775E+03,1
pbesol,CdSe0.75Te0.25,Cl_Te,Charged+1,1944,-.64727537E+03,-.64727537E+03,1
pbesol,CdSe0.75Te0.25,Cl_Te,Charged+2,1943,-.64851945E+03,-.64849375E+03,1
pbesol,CdSe0.75Te0.25,Cl_Te,Charged-1,1946,-.64409167E+03,-.64409167E+03,1
pbesol,CdSe0.75Te0.25,Cl_Te,Charged-2,1947,-.64100321E+03,-.64098028E+03,1
pbesol,CdSe0.75Te0.25,Cl_Te,Neutral,1945.0000,-.64571008E+03,-.64569597E+03,1
pbesol,CdSe0.75Te0.25,Cu_Cd,Charged+1,1942,-.64909022E+03,-.64905193E+03,1
pbesol,CdSe0.75Te0.25,Cu_Cd,Charged+2,1941,-.65035751E+03,-.65031556E+03,1
pbesol,CdSe0.75Te0.25,Cu_Cd,Charged-1,1944,-.64638770E+03,-.64638548E+03,1
pbesol,CdSe0.75Te0.25,Cu_Cd,Charged-2,1945,-.64477757E+03,-.64476346E+03,1
pbesol,CdSe0.75Te0.25,Cu_Cd,Neutral,1943.0000,-.64778711E+03,-.64776117E+03,1
pbesol,CdSe0.75Te0.25,N_Se,Charged+1,1942,-.64874546E+03,-.64870882E+03,1
pbesol,CdSe0.75Te0.25,N_Se,Charged+2,1941,-.64995361E+03,-.64991333E+03,1
pbesol,CdSe0.75Te0.25,N_Se,Charged-1,1944,-.64623797E+03,-.64623797E+03,1
pbesol,CdSe0.75Te0.25,N_Se,Charged-2,1945,-.64467918E+03,-.64466508E+03,1
pbesol,CdSe0.75Te0.25,N_Se,Neutral,1943.0000,-.64750952E+03,-.64748446E+03,1
pbesol,CdSe0.75Te0.25,N_Se+Cl_Se,Charged+1,1943,-.64799684E+03,-.64797203E+03,1
pbesol,CdSe0.75Te0.25,N_Se+Cl_Se,Charged+2,1942,-.64921666E+03,-.64918049E+03,1
pbesol,CdSe0.75Te0.25,N_Se+Cl_Se,Charged-1,1945,-.64518300E+03,-.64516890E+03,1
pbesol,CdSe0.75Te0.25,N_Se+Cl_Se,Charged-2,1946,-.64357479E+03,-.64357479E+03,1
pbesol,CdSe0.75Te0.25,N_Se+Cl_Se,Neutral,1944.0000,-.64673867E+03,-.64673867E+03,1
pbesol,CdSe0.75Te0.25,N_Se+Cl_i,Charged+1,1949,-.65093018E+03,-.65090556E+03,1
pbesol,CdSe0.75Te0.25,N_Se+Cl_i,Charged+2,1948,-.65227773E+03,-.65224079E+03,1
pbesol,CdSe0.75Te0.25,N_Se+Cl_i,Charged-1,1951,-.64817270E+03,-.64815860E+03,1
pbesol,CdSe0.75Te0.25,N_Se+Cl_i,Charged-2,1952,-.64635999E+03,-.64635999E+03,1
pbesol,CdSe0.75Te0.25,N_Se+Cl_i,Neutral,1950.0000,-.64971286E+03,-.64971286E+03,1
pbesol,CdSe0.75Te0.25,N_Se+N_i,Charged+1,1947,-.65436295E+03,-.65436192E+03,1
pbesol,CdSe0.75Te0.25,N_Se+N_i,Charged+2,1946,-.65563477E+03,-.65561272E+03,1
pbesol,CdSe0.75Te0.25,N_Se+N_i,Charged-1,1949,-.65138331E+03,-.65136915E+03,1
pbesol,CdSe0.75Te0.25,N_Se+N_i,Charged-2,1950,-.64892688E+03,-.64892688E+03,1
pbesol,CdSe0.75Te0.25,N_Se+N_i,Neutral,1948.0000,-.65296020E+03,-.65296020E+03,1
pbesol,CdSe0.75Te0.25,N_Se+O_Se,Charged+1,1942,-.65012210E+03,-.65008540E+03,1
pbesol,CdSe0.75Te0.25,N_Se+O_Se,Charged+2,1941,-.65127577E+03,-.65123539E+03,1
pbesol,CdSe0.75Te0.25,N_Se+O_Se,Charged-1,1944,-.64767451E+03,-.64767451E+03,1
pbesol,CdSe0.75Te0.25,N_Se+O_Se,Charged-2,1945,-.64619331E+03,-.64617921E+03,1
pbesol,CdSe0.75Te0.25,N_Se+O_Se,Neutral,1943.0000,-.64891783E+03,-.64889269E+03,1
pbesol,CdSe0.75Te0.25,N_Se+O_i,Charged+1,1948,-.65394469E+03,-.65394469E+03,1
pbesol,CdSe0.75Te0.25,N_Se+O_i,Charged+2,1947,-.65521681E+03,-.65519184E+03,1
pbesol,CdSe0.75Te0.25,N_Se+O_i,Charged-1,1950,-.65147913E+03,-.65147911E+03,1
pbesol,CdSe0.75Te0.25,N_Se+O_i,Charged-2,1951,-.64992545E+03,-.64991134E+03,1
pbesol,CdSe0.75Te0.25,N_Se+O_i,Neutral,1949.0000,-.65274317E+03,-.65271937E+03,1
pbesol,CdSe0.75Te0.25,N_Te,Charged+1,1942,-.64948958E+03,-.64945178E+03,1
pbesol,CdSe0.75Te0.25,N_Te,Charged+2,1941,-.65066547E+03,-.65062391E+03,1
pbesol,CdSe0.75Te0.25,N_Te,Charged-1,1944,-.64705206E+03,-.64705206E+03,1
pbesol,CdSe0.75Te0.25,N_Te,Charged-2,1945,-.64551836E+03,-.64550425E+03,1
pbesol,CdSe0.75Te0.25,N_Te,Neutral,1943.0000,-.64828908E+03,-.64826323E+03,1
pbesol,CdSe0.75Te0.25,N_Te+Cl_Te,Charged+1,1943,-.64936978E+03,-.64934525E+03,1
pbesol,CdSe0.75Te0.25,N_Te+Cl_Te,Charged+2,1942,-.65052533E+03,-.65048923E+03,1
pbesol,CdSe0.75Te0.25,N_Te+Cl_Te,Charged-1,1945,-.64668245E+03,-.64666834E+03,1
pbesol,CdSe0.75Te0.25,N_Te+Cl_Te,Charged-2,1946,-.64513778E+03,-.64513778E+03,1
pbesol,CdSe0.75Te0.25,N_Te+Cl_Te,Neutral,1944.0000,-.64817402E+03,-.64817402E+03,1
pbesol,CdSe0.75Te0.25,N_Te+Cl_i,Charged+1,1949,-.65099942E+03,-.65097701E+03,1
pbesol,CdSe0.75Te0.25,N_Te+Cl_i,Charged+2,1948,-.65334014E+03,-.65330194E+03,1
pbesol,CdSe0.75Te0.25,N_Te+Cl_i,Charged-1,1951,-.64929086E+03,-.64927676E+03,1
pbesol,CdSe0.75Te0.25,N_Te+Cl_i,Charged-2,1952,-.64765269E+03,-.64765269E+03,1
pbesol,CdSe0.75Te0.25,N_Te+Cl_i,Neutral,1950.0000,-.64993960E+03,-.64993960E+03,1
pbesol,CdSe0.75Te0.25,N_Te+N_i,Charged+1,1947,-.65998350E+03,-.65996939E+03,1
pbesol,CdSe0.75Te0.25,N_Te+N_i,Charged+2,1946,-.65614629E+03,-.65610756E+03,1
pbesol,CdSe0.75Te0.25,N_Te+N_i,Charged-1,1949,-.65572670E+03,-.65572670E+03,1
pbesol,CdSe0.75Te0.25,N_Te+N_i,Charged-2,1950,-.64911958E+03,-.64910603E+03,1
pbesol,CdSe0.75Te0.25,N_Te+N_i,Neutral,1948.0000,-.65835160E+03,-.65835160E+03,1
pbesol,CdSe0.75Te0.25,N_Te+O_Te,Charged+1,1942,-.65168280E+03,-.65164638E+03,1
pbesol,CdSe0.75Te0.25,N_Te+O_Te,Charged+2,1941,-.65216891E+03,-.65213293E+03,1
pbesol,CdSe0.75Te0.25,N_Te+O_Te,Charged-1,1944,-.64936958E+03,-.64936957E+03,1
pbesol,CdSe0.75Te0.25,N_Te+O_Te,Charged-2,1945,-.64794173E+03,-.64792763E+03,1
pbesol,CdSe0.75Te0.25,N_Te+O_Te,Neutral,1943.0000,-.65054605E+03,-.65052126E+03,1
pbesol,CdSe0.75Te0.25,N_Te+O_i,Charged+1,1948,-.65479714E+03,-.65479714E+03,1
pbesol,CdSe0.75Te0.25,N_Te+O_i,Charged+2,1947,-.65603468E+03,-.65600943E+03,1
pbesol,CdSe0.75Te0.25,N_Te+O_i,Charged-1,1950,-.65319096E+03,-.65319096E+03,1
pbesol,CdSe0.75Te0.25,N_Te+O_i,Charged-2,1951,-.65078760E+03,-.65077349E+03,1
pbesol,CdSe0.75Te0.25,N_Te+O_i,Neutral,1949.0000,-.65362024E+03,-.65359813E+03,1
pbesol,CdSe0.75Te0.25,N_i,Charged+1,1948,-.65220319E+03,-.65220319E+03,1
pbesol,CdSe0.75Te0.25,N_i,Charged+2,1947,-.65432549E+03,-.65432194E+03,1
pbesol,CdSe0.75Te0.25,N_i,Charged-1,1950,-.64953123E+03,-.64951333E+03,1
pbesol,CdSe0.75Te0.25,N_i,Charged-2,1951,-.64648770E+03,-.64648770E+03,1
pbesol,CdSe0.75Te0.25,N_i,Neutral,1949.0000,-.65129510E+03,-.65128100E+03,1
pbesol,CdSe0.75Te0.25,N_i+N_i,Charged+1,1953,-.65669729E+03,-.65669725E+03,1
pbesol,CdSe0.75Te0.25,N_i+N_i,Charged+2,1952,-.65809697E+03,-.65809254E+03,1
pbesol,CdSe0.75Te0.25,N_i+N_i,Charged-1,1955,-.65324001E+03,-.65322139E+03,1
pbesol,CdSe0.75Te0.25,N_i+N_i,Charged-2,1956,-.65018574E+03,-.65018574E+03,1
pbesol,CdSe0.75Te0.25,N_i+N_i,Neutral,1954.0000,-.65491273E+03,-.65489380E+03,1
pbesol,CdSe0.75Te0.25,N_i+Se_i,Charged+1,1954,-.65684018E+03,-.65683829E+03,1
pbesol,CdSe0.75Te0.25,N_i+Se_i,Charged+2,1953,-.65784733E+03,-.65784733E+03,1
pbesol,CdSe0.75Te0.25,N_i+Se_i,Charged-1,1956,-.65001976E+03,-.65001975E+03,1
pbesol,CdSe0.75Te0.25,N_i+Se_i,Charged-2,1957,-.65023033E+03,-.65023033E+03,1
pbesol,CdSe0.75Te0.25,N_i+Se_i,Neutral,1955.0000,-.65174084E+03,-.65173122E+03,1
pbesol,CdSe0.75Te0.25,N_i+Te_i,Charged+1,1954,-.65543903E+03,-.65542213E+03,1
pbesol,CdSe0.75Te0.25,N_i+Te_i,Charged+2,1953,-.65711469E+03,-.65711469E+03,1
pbesol,CdSe0.75Te0.25,N_i+Te_i,Charged-1,1956,-.65145053E+03,-.65145053E+03,1
pbesol,CdSe0.75Te0.25,N_i+Te_i,Charged-2,1957,-.64815916E+03,-.64815916E+03,1
pbesol,CdSe0.75Te0.25,N_i+Te_i,Neutral,1955.0000,-.65334140E+03,-.65332296E+03,1
pbesol,CdSe0.75Te0.25,O_Se,Charged+1,1943,-.64899718E+03,-.64897212E+03,1
pbesol,CdSe0.75Te0.25,O_Se,Charged+2,1942,-.65021671E+03,-.65018007E+03,1
pbesol,CdSe0.75Te0.25,O_Se,Charged-1,1945,-.64622466E+03,-.64621056E+03,1
pbesol,CdSe0.75Te0.25,O_Se,Charged-2,1946,-.64465851E+03,-.64465851E+03,1
pbesol,CdSe0.75Te0.25,O_Se,Neutral,1944.0000,-.64773841E+03,-.64773841E+03,1
pbesol,CdSe0.75Te0.25,O_Te,Charged+1,1943,-.64980816E+03,-.64978251E+03,1
pbesol,CdSe0.75Te0.25,O_Te,Charged+2,1942,-.65099251E+03,-.65095499E+03,1
pbesol,CdSe0.75Te0.25,O_Te,Charged-1,1945,-.64709172E+03,-.64707762E+03,1
pbesol,CdSe0.75Te0.25,O_Te,Charged-2,1946,-.64554408E+03,-.64554408E+03,1
pbesol,CdSe0.75Te0.25,O_Te,Neutral,1944.0000,-.64858632E+03,-.64858632E+03,1
pbesol,CdSe0.75Te0.25,O_i+As_Se+O_i,Charged+1,1954,-.65791079E+03,-.65791079E+03,1
pbesol,CdSe0.75Te0.25,O_i+As_Se+O_i,Charged+2,1953,-.65858094E+03,-.65855989E+03,1
pbesol,CdSe0.75Te0.25,O_i+As_Se+O_i,Charged-1,1956,-.65408928E+03,-.65408928E+03,1
pbesol,CdSe0.75Te0.25,O_i+As_Se+O_i,Charged-2,1957,-.65207975E+03,-.65207925E+03,1
pbesol,CdSe0.75Te0.25,O_i+As_Se+O_i,Neutral,1955.0000,-.65444320E+03,-.65443244E+03,1
pbesol,CdSe0.75Te0.25,O_i+As_Te+O_i,Charged+1,1954,-.65863707E+03,-.65863707E+03,1
pbesol,CdSe0.75Te0.25,O_i+As_Te+O_i,Charged+2,1953,-.65999453E+03,-.65997544E+03,1
pbesol,CdSe0.75Te0.25,O_i+As_Te+O_i,Charged-1,1956,-.65473640E+03,-.65473591E+03,1
pbesol,CdSe0.75Te0.25,O_i+As_Te+O_i,Charged-2,1957,-.65437143E+03,-.65435733E+03,1
pbesol,CdSe0.75Te0.25,O_i+As_Te+O_i,Neutral,1955.0000,-.65612386E+03,-.65612326E+03,1
pbesol,CdSe0.75Te0.25,O_i+As_i+O_i,Charged+1,1960,-.66080956E+03,-.66080950E+03,1
pbesol,CdSe0.75Te0.25,O_i+As_i+O_i,Charged+2,1959,-.66222491E+03,-.66222489E+03,1
pbesol,CdSe0.75Te0.25,O_i+As_i+O_i,Charged-1,1962,-.65752572E+03,-.65752571E+03,1
pbesol,CdSe0.75Te0.25,O_i+As_i+O_i,Charged-2,1963,-.65555039E+03,-.65554897E+03,1
pbesol,CdSe0.75Te0.25,O_i+As_i+O_i,Neutral,1961.0000,-.65902383E+03,-.65900972E+03,1
pbesol,CdSe0.75Te0.25,O_i+Bi_Se+O_i,Charged+1,1964,-.65579609E+03,-.65577216E+03,1
pbesol,CdSe0.75Te0.25,O_i+Bi_Se+O_i,Charged+2,1963,-.65600630E+03,-.65598555E+03,1
pbesol,CdSe0.75Te0.25,O_i+Bi_Se+O_i,Charged-1,1966,-.65297954E+03,-.65297645E+03,1
pbesol,CdSe0.75Te0.25,O_i+Bi_Se+O_i,Charged-2,1967,-.65134462E+03,-.65133052E+03,1
pbesol,CdSe0.75Te0.25,O_i+Bi_Se+O_i,Neutral,1965.0000,-.65446877E+03,-.65446873E+03,1
pbesol,CdSe0.75Te0.25,O_i+Bi_Te+O_i,Charged+1,1964,-.65884288E+03,-.65884261E+03,1
pbesol,CdSe0.75Te0.25,O_i+Bi_Te+O_i,Charged+2,1963,-.65959979E+03,-.65959945E+03,1
pbesol,CdSe0.75Te0.25,O_i+Bi_Te+O_i,Charged-1,1966,-.65475118E+03,-.65474783E+03,1
pbesol,CdSe0.75Te0.25,O_i+Bi_Te+O_i,Charged-2,1967,-.65239384E+03,-.65237974E+03,1
pbesol,CdSe0.75Te0.25,O_i+Bi_Te+O_i,Neutral,1965.0000,-.65680784E+03,-.65680783E+03,1
pbesol,CdSe0.75Te0.25,O_i+Bi_i+O_i,Charged+1,1970,-.66057374E+03,-.66057363E+03,1
pbesol,CdSe0.75Te0.25,O_i+Bi_i+O_i,Charged+2,1969,-.66199040E+03,-.66197290E+03,1
pbesol,CdSe0.75Te0.25,O_i+Bi_i+O_i,Charged-1,1972,-.65708192E+03,-.65708192E+03,1
pbesol,CdSe0.75Te0.25,O_i+Bi_i+O_i,Charged-2,1973,-.65469573E+03,-.65469570E+03,1
pbesol,CdSe0.75Te0.25,O_i+Bi_i+O_i,Neutral,1971.0000,-.65888406E+03,-.65886995E+03,1
pbesol,CdSe0.75Te0.25,O_i+N_Se+O_i,Charged+1,1954,-.65926372E+03,-.65926372E+03,1
pbesol,CdSe0.75Te0.25,O_i+N_Se+O_i,Charged+2,1953,-.66046865E+03,-.66044468E+03,1
pbesol,CdSe0.75Te0.25,O_i+N_Se+O_i,Charged-1,1956,-.65505338E+03,-.65505323E+03,1
pbesol,CdSe0.75Te0.25,O_i+N_Se+O_i,Charged-2,1957,-.65400615E+03,-.65400526E+03,1
pbesol,CdSe0.75Te0.25,O_i+N_Se+O_i,Neutral,1955.0000,-.65641859E+03,-.65640760E+03,1
pbesol,CdSe0.75Te0.25,O_i+N_Te+O_i,Charged+1,1954,-.66164738E+03,-.66164737E+03,1
pbesol,CdSe0.75Te0.25,O_i+N_Te+O_i,Charged+2,1953,-.66138800E+03,-.66137080E+03,1
pbesol,CdSe0.75Te0.25,O_i+N_Te+O_i,Charged-1,1956,-.65612316E+03,-.65610063E+03,1
pbesol,CdSe0.75Te0.25,O_i+N_Te+O_i,Charged-2,1957,-.65478256E+03,-.65477320E+03,1
pbesol,CdSe0.75Te0.25,O_i+N_Te+O_i,Neutral,1955.0000,-.65897350E+03,-.65895663E+03,1
pbesol,CdSe0.75Te0.25,O_i+N_i+O_i,Charged+1,1960,-.66180922E+03,-.66178970E+03,1
pbesol,CdSe0.75Te0.25,O_i+N_i+O_i,Charged+2,1959,-.66295038E+03,-.66295038E+03,1
pbesol,CdSe0.75Te0.25,O_i+N_i+O_i,Charged-1,1962,-.65764325E+03,-.65764308E+03,1
pbesol,CdSe0.75Te0.25,O_i+N_i+O_i,Charged-2,1963,-.65623068E+03,-.65623063E+03,1
pbesol,CdSe0.75Te0.25,O_i+N_i+O_i,Neutral,1961.0000,-.66049100E+03,-.66049100E+03,1
pbesol,CdSe0.75Te0.25,O_i+P_Se+O_i,Charged+1,1954,-.65791353E+03,-.65791353E+03,1
pbesol,CdSe0.75Te0.25,O_i+P_Se+O_i,Charged+2,1953,-.65930710E+03,-.65928676E+03,1
pbesol,CdSe0.75Te0.25,O_i+P_Se+O_i,Charged-1,1956,-.65369984E+03,-.65369979E+03,1
pbesol,CdSe0.75Te0.25,O_i+P_Se+O_i,Charged-2,1957,-.65253907E+03,-.65253884E+03,1
pbesol,CdSe0.75Te0.25,O_i+P_Se+O_i,Neutral,1955.0000,-.65509396E+03,-.65508640E+03,1
pbesol,CdSe0.75Te0.25,O_i+P_Te+O_i,Charged+1,1954,-.65802515E+03,-.65800985E+03,1
pbesol,CdSe0.75Te0.25,O_i+P_Te+O_i,Charged+2,1953,-.66195148E+03,-.66192986E+03,1
pbesol,CdSe0.75Te0.25,O_i+P_Te+O_i,Charged-1,1956,-.65648505E+03,-.65648504E+03,1
pbesol,CdSe0.75Te0.25,O_i+P_Te+O_i,Charged-2,1957,-.65336872E+03,-.65336706E+03,1
pbesol,CdSe0.75Te0.25,O_i+P_Te+O_i,Neutral,1955.0000,-.65783363E+03,-.65783347E+03,1
pbesol,CdSe0.75Te0.25,O_i+P_i+O_i,Charged+1,1960,-.66113204E+03,-.66113201E+03,1
pbesol,CdSe0.75Te0.25,O_i+P_i+O_i,Charged+2,1959,-.66241155E+03,-.66241049E+03,1
pbesol,CdSe0.75Te0.25,O_i+P_i+O_i,Charged-1,1962,-.65766631E+03,-.65765234E+03,1
pbesol,CdSe0.75Te0.25,O_i+P_i+O_i,Charged-2,1963,-.65609484E+03,-.65609468E+03,1
pbesol,CdSe0.75Te0.25,O_i+P_i+O_i,Neutral,1961.0000,-.65943718E+03,-.65943037E+03,1
pbesol,CdSe0.75Te0.25,O_i+Sb_Se+O_i,Charged+1,1954,-.65647440E+03,-.65647389E+03,1
pbesol,CdSe0.75Te0.25,O_i+Sb_Se+O_i,Charged+2,1953,-.65795383E+03,-.65794998E+03,1
pbesol,CdSe0.75Te0.25,O_i+Sb_Se+O_i,Charged-1,1956,-.65214221E+03,-.65214074E+03,1
pbesol,CdSe0.75Te0.25,O_i+Sb_Se+O_i,Charged-2,1957,-.65190742E+03,-.65189331E+03,1
pbesol,CdSe0.75Te0.25,O_i+Sb_Se+O_i,Neutral,1955.0000,-.65368030E+03,-.65367246E+03,1
pbesol,CdSe0.75Te0.25,O_i+Sb_Te+O_i,Charged+1,1954,-.65873865E+03,-.65873439E+03,1
pbesol,CdSe0.75Te0.25,O_i+Sb_Te+O_i,Charged+2,1953,-.65838864E+03,-.65836668E+03,1
pbesol,CdSe0.75Te0.25,O_i+Sb_Te+O_i,Charged-1,1956,-.65460497E+03,-.65460418E+03,1
pbesol,CdSe0.75Te0.25,O_i+Sb_Te+O_i,Charged-2,1957,-.65359268E+03,-.65357858E+03,1
pbesol,CdSe0.75Te0.25,O_i+Sb_Te+O_i,Neutral,1955.0000,-.65681266E+03,-.65681266E+03,1
pbesol,CdSe0.75Te0.25,O_i+Sb_i+O_i,Charged+1,1960,-.66051741E+03,-.66051732E+03,1
pbesol,CdSe0.75Te0.25,O_i+Sb_i+O_i,Charged+2,1959,-.66207820E+03,-.66206364E+03,1
pbesol,CdSe0.75Te0.25,O_i+Sb_i+O_i,Charged-1,1962,-.65714521E+03,-.65714521E+03,1
pbesol,CdSe0.75Te0.25,O_i+Sb_i+O_i,Charged-2,1963,-.65481944E+03,-.65481943E+03,1
pbesol,CdSe0.75Te0.25,O_i+Sb_i+O_i,Neutral,1961.0000,-.65888976E+03,-.65887566E+03,1
pbesol,CdSe0.75Te0.25,P_Se,Charged+1,1942,-.64750564E+03,-.64747056E+03,1
pbesol,CdSe0.75Te0.25,P_Se,Charged+2,1941,-.64875130E+03,-.64871219E+03,1
pbesol,CdSe0.75Te0.25,P_Se,Charged-1,1944,-.64490735E+03,-.64490735E+03,1
pbesol,CdSe0.75Te0.25,P_Se,Charged-2,1945,-.64328708E+03,-.64327298E+03,1
pbesol,CdSe0.75Te0.25,P_Se,Neutral,1943.0000,-.64623106E+03,-.64620757E+03,1
pbesol,CdSe0.75Te0.25,P_Se+Cl_Se,Charged+1,1943,-.64667844E+03,-.64665448E+03,1
pbesol,CdSe0.75Te0.25,P_Se+Cl_Se,Charged+2,1942,-.64793078E+03,-.64789604E+03,1
pbesol,CdSe0.75Te0.25,P_Se+Cl_Se,Charged-1,1945,-.64376462E+03,-.64375051E+03,1
pbesol,CdSe0.75Te0.25,P_Se+Cl_Se,Charged-2,1946,-.64209542E+03,-.64209542E+03,1
pbesol,CdSe0.75Te0.25,P_Se+Cl_Se,Neutral,1944.0000,-.64538251E+03,-.64538251E+03,1
pbesol,CdSe0.75Te0.25,P_Se+Cl_i,Charged+1,1949,-.64972442E+03,-.64970159E+03,1
pbesol,CdSe0.75Te0.25,P_Se+Cl_i,Charged+2,1948,-.65106570E+03,-.65102914E+03,1
pbesol,CdSe0.75Te0.25,P_Se+Cl_i,Charged-1,1951,-.64668753E+03,-.64667342E+03,1
pbesol,CdSe0.75Te0.25,P_Se+Cl_i,Charged-2,1952,-.64497407E+03,-.64497407E+03,1
pbesol,CdSe0.75Te0.25,P_Se+Cl_i,Neutral,1950.0000,-.64833320E+03,-.64833320E+03,1
pbesol,CdSe0.75Te0.25,P_Se+O_Se,Charged+1,1942,-.64899232E+03,-.64895903E+03,1
pbesol,CdSe0.75Te0.25,P_Se+O_Se,Charged+2,1941,-.65020955E+03,-.65017228E+03,1
pbesol,CdSe0.75Te0.25,P_Se+O_Se,Charged-1,1944,-.64644979E+03,-.64644978E+03,1
pbesol,CdSe0.75Te0.25,P_Se+O_Se,Charged-2,1945,-.64490499E+03,-.64489088E+03,1
pbesol,CdSe0.75Te0.25,P_Se+O_Se,Neutral,1943.0000,-.64774786E+03,-.64772556E+03,1
pbesol,CdSe0.75Te0.25,P_Se+O_i,Charged+1,1948,-.65262881E+03,-.65262881E+03,1
pbesol,CdSe0.75Te0.25,P_Se+O_i,Charged+2,1947,-.65395096E+03,-.65392938E+03,1
pbesol,CdSe0.75Te0.25,P_Se+O_i,Charged-1,1950,-.64930633E+03,-.64930594E+03,1
pbesol,CdSe0.75Te0.25,P_Se+O_i,Charged-2,1951,-.64853823E+03,-.64852413E+03,1
pbesol,CdSe0.75Te0.25,P_Se+O_i,Neutral,1949.0000,-.65158272E+03,-.65156225E+03,1
pbesol,CdSe0.75Te0.25,P_Se+P_i,Charged+1,1947,-.65202236E+03,-.65200826E+03,1
pbesol,CdSe0.75Te0.25,P_Se+P_i,Charged+2,1946,-.65368472E+03,-.65368472E+03,1
pbesol,CdSe0.75Te0.25,P_Se+P_i,Charged-1,1949,-.64839224E+03,-.64839223E+03,1
pbesol,CdSe0.75Te0.25,P_Se+P_i,Charged-2,1950,-.64635883E+03,-.64635863E+03,1
pbesol,CdSe0.75Te0.25,P_Se+P_i,Neutral,1948.0000,-.65030843E+03,-.65030843E+03,1
pbesol,CdSe0.75Te0.25,P_Te,Charged+1,1942,-.64820640E+03,-.64817559E+03,1
pbesol,CdSe0.75Te0.25,P_Te,Charged+2,1941,-.64942747E+03,-.64939188E+03,1
pbesol,CdSe0.75Te0.25,P_Te,Charged-1,1944,-.64562523E+03,-.64562522E+03,1
pbesol,CdSe0.75Te0.25,P_Te,Charged-2,1945,-.64403839E+03,-.64402428E+03,1
pbesol,CdSe0.75Te0.25,P_Te,Neutral,1943.0000,-.64695250E+03,-.64693307E+03,1
pbesol,CdSe0.75Te0.25,P_Te+Cl_Te,Charged+1,1943,-.64802418E+03,-.64800052E+03,1
pbesol,CdSe0.75Te0.25,P_Te+Cl_Te,Charged+2,1942,-.64921599E+03,-.64918109E+03,1
pbesol,CdSe0.75Te0.25,P_Te+Cl_Te,Charged-1,1945,-.64524410E+03,-.64523000E+03,1
pbesol,CdSe0.75Te0.25,P_Te+Cl_Te,Charged-2,1946,-.64364663E+03,-.64364663E+03,1
pbesol,CdSe0.75Te0.25,P_Te+Cl_Te,Neutral,1944.0000,-.64679181E+03,-.64679181E+03,1
pbesol,CdSe0.75Te0.25,P_Te+Cl_i,Charged+1,1949,-.65096485E+03,-.65094065E+03,1
pbesol,CdSe0.75Te0.25,P_Te+Cl_i,Charged+2,1948,-.65223132E+03,-.65219548E+03,1
pbesol,CdSe0.75Te0.25,P_Te+Cl_i,Charged-1,1951,-.64806559E+03,-.64805148E+03,1
pbesol,CdSe0.75Te0.25,P_Te+Cl_i,Charged-2,1952,-.64639861E+03,-.64639861E+03,1
pbesol,CdSe0.75Te0.25,P_Te+Cl_i,Neutral,1950.0000,-.64968006E+03,-.64968006E+03,1
pbesol,CdSe0.75Te0.25,P_Te+O_Te,Charged+1,1942,-.65046994E+03,-.65043481E+03,1
pbesol,CdSe0.75Te0.25,P_Te+O_Te,Charged+2,1941,-.65161791E+03,-.65157878E+03,1
pbesol,CdSe0.75Te0.25,P_Te+O_Te,Charged-1,1944,-.64807650E+03,-.64807650E+03,1
pbesol,CdSe0.75Te0.25,P_Te+O_Te,Charged-2,1945,-.64659184E+03,-.64657774E+03,1
pbesol,CdSe0.75Te0.25,P_Te+O_Te,Neutral,1943.0000,-.64929531E+03,-.64927170E+03,1
pbesol,CdSe0.75Te0.25,P_Te+O_i,Charged+1,1948,-.65534299E+03,-.65534299E+03,1
pbesol,CdSe0.75Te0.25,P_Te+O_i,Charged+2,1947,-.65551515E+03,-.65549761E+03,1
pbesol,CdSe0.75Te0.25,P_Te+O_i,Charged-1,1950,-.65239163E+03,-.65237753E+03,1
pbesol,CdSe0.75Te0.25,P_Te+O_i,Charged-2,1951,-.65078186E+03,-.65078185E+03,1
pbesol,CdSe0.75Te0.25,P_Te+O_i,Neutral,1949.0000,-.65399994E+03,-.65399910E+03,1
pbesol,CdSe0.75Te0.25,P_Te+P_i,Charged+1,1947,-.65349763E+03,-.65348353E+03,1
pbesol,CdSe0.75Te0.25,P_Te+P_i,Charged+2,1946,-.65511818E+03,-.65511818E+03,1
pbesol,CdSe0.75Te0.25,P_Te+P_i,Charged-1,1949,-.64992342E+03,-.64992318E+03,1
pbesol,CdSe0.75Te0.25,P_Te+P_i,Charged-2,1950,-.64799916E+03,-.64799916E+03,1
pbesol,CdSe0.75Te0.25,P_Te+P_i,Neutral,1948.0000,-.65182493E+03,-.65182493E+03,1
pbesol,CdSe0.75Te0.25,P_i,Charged+1,1948,-.65151105E+03,-.65151105E+03,1
pbesol,CdSe0.75Te0.25,P_i,Charged+2,1947,-.65320678E+03,-.65319268E+03,1
pbesol,CdSe0.75Te0.25,P_i,Charged-1,1950,-.64759098E+03,-.64758424E+03,1
pbesol,CdSe0.75Te0.25,P_i,Charged-2,1951,-.64593462E+03,-.64593462E+03,1
pbesol,CdSe0.75Te0.25,P_i,Neutral,1949.0000,-.64973169E+03,-.64973167E+03,1
pbesol,CdSe0.75Te0.25,P_i+P_i,Charged+1,1953,-.65493107E+03,-.65491693E+03,1
pbesol,CdSe0.75Te0.25,P_i+P_i,Charged+2,1952,-.65665825E+03,-.65664458E+03,1
pbesol,CdSe0.75Te0.25,P_i+P_i,Charged-1,1955,-.65060258E+03,-.65060206E+03,1
pbesol,CdSe0.75Te0.25,P_i+P_i,Charged-2,1956,-.65003471E+03,-.65003471E+03,1
pbesol,CdSe0.75Te0.25,P_i+P_i,Neutral,1954.0000,-.65282154E+03,-.65282150E+03,1
pbesol,CdSe0.75Te0.25,P_i+Se_i,Charged+1,1954,-.65395887E+03,-.65395887E+03,1
pbesol,CdSe0.75Te0.25,P_i+Se_i,Charged+2,1953,-.65569697E+03,-.65568251E+03,1
pbesol,CdSe0.75Te0.25,P_i+Se_i,Charged-1,1956,-.65085154E+03,-.65085154E+03,1
pbesol,CdSe0.75Te0.25,P_i+Se_i,Charged-2,1957,-.64712434E+03,-.64712434E+03,1
pbesol,CdSe0.75Te0.25,P_i+Se_i,Neutral,1955.0000,-.65245724E+03,-.65244312E+03,1
pbesol,CdSe0.75Te0.25,P_i+Te_i,Charged+1,1954,-.65307754E+03,-.65306272E+03,1
pbesol,CdSe0.75Te0.25,P_i+Te_i,Charged+2,1953,-.65492858E+03,-.65491343E+03,1
pbesol,CdSe0.75Te0.25,P_i+Te_i,Charged-1,1956,-.64811000E+03,-.64810964E+03,1
pbesol,CdSe0.75Te0.25,P_i+Te_i,Charged-2,1957,-.64733839E+03,-.64733839E+03,1
pbesol,CdSe0.75Te0.25,P_i+Te_i,Neutral,1955.0000,-.65168792E+03,-.65167133E+03,1
pbesol,CdSe0.75Te0.25,Sb_Se,Charged+1,1942,-.64626786E+03,-.64625333E+03,1
pbesol,CdSe0.75Te0.25,Sb_Se,Charged+2,1941,-.64756987E+03,-.64754536E+03,1
pbesol,CdSe0.75Te0.25,Sb_Se,Charged-1,1944,-.64337700E+03,-.64337227E+03,1
pbesol,CdSe0.75Te0.25,Sb_Se,Charged-2,1945,-.64172503E+03,-.64171089E+03,1
pbesol,CdSe0.75Te0.25,Sb_Se,Neutral,1943.0000,-.64491446E+03,-.64491403E+03,1
pbesol,CdSe0.75Te0.25,Sb_Se+Cl_Se,Charged+1,1943,-.64530816E+03,-.64529361E+03,1
pbesol,CdSe0.75Te0.25,Sb_Se+Cl_Se,Charged+2,1942,-.64664174E+03,-.64662288E+03,1
pbesol,CdSe0.75Te0.25,Sb_Se+Cl_Se,Charged-1,1945,-.64222025E+03,-.64220615E+03,1
pbesol,CdSe0.75Te0.25,Sb_Se+Cl_Se,Charged-2,1946,-.64052235E+03,-.64052235E+03,1
pbesol,CdSe0.75Te0.25,Sb_Se+Cl_Se,Neutral,1944.0000,-.64386646E+03,-.64386611E+03,1
pbesol,CdSe0.75Te0.25,Sb_Se+Cl_i,Charged+1,1949,-.64830700E+03,-.64830615E+03,1
pbesol,CdSe0.75Te0.25,Sb_Se+Cl_i,Charged+2,1948,-.65041507E+03,-.65041507E+03,1
pbesol,CdSe0.75Te0.25,Sb_Se+Cl_i,Charged-1,1951,-.64505108E+03,-.64503698E+03,1
pbesol,CdSe0.75Te0.25,Sb_Se+Cl_i,Charged-2,1952,-.64340454E+03,-.64340454E+03,1
pbesol,CdSe0.75Te0.25,Sb_Se+Cl_i,Neutral,1950.0000,-.64684418E+03,-.64684414E+03,1
pbesol,CdSe0.75Te0.25,Sb_Se+O_Se,Charged+1,1942,-.64810499E+03,-.64810499E+03,1
pbesol,CdSe0.75Te0.25,Sb_Se+O_Se,Charged+2,1941,-.64937234E+03,-.64934671E+03,1
pbesol,CdSe0.75Te0.25,Sb_Se+O_Se,Charged-1,1944,-.64501574E+03,-.64500118E+03,1
pbesol,CdSe0.75Te0.25,Sb_Se+O_Se,Charged-2,1945,-.64342804E+03,-.64341087E+03,1
pbesol,CdSe0.75Te0.25,Sb_Se+O_Se,Neutral,1943.0000,-.64655391E+03,-.64655384E+03,1
pbesol,CdSe0.75Te0.25,Sb_Se+O_i,Charged+1,1948,-.65113635E+03,-.65113568E+03,1
pbesol,CdSe0.75Te0.25,Sb_Se+O_i,Charged+2,1947,-.65263191E+03,-.65262994E+03,1
pbesol,CdSe0.75Te0.25,Sb_Se+O_i,Charged-1,1950,-.64862302E+03,-.64862013E+03,1
pbesol,CdSe0.75Te0.25,Sb_Se+O_i,Charged-2,1951,-.64700305E+03,-.64698524E+03,1
pbesol,CdSe0.75Te0.25,Sb_Se+O_i,Neutral,1949.0000,-.65032688E+03,-.65032677E+03,1
pbesol,CdSe0.75Te0.25,Sb_Se+Sb_i,Charged+1,1947,-.64970101E+03,-.64968691E+03,1
pbesol,CdSe0.75Te0.25,Sb_Se+Sb_i,Charged+2,1946,-.65140930E+03,-.65140925E+03,1
pbesol,CdSe0.75Te0.25,Sb_Se+Sb_i,Charged-1,1949,-.64665214E+03,-.64665214E+03,1
pbesol,CdSe0.75Te0.25,Sb_Se+Sb_i,Charged-2,1950,-.64345566E+03,-.64345558E+03,1
pbesol,CdSe0.75Te0.25,Sb_Se+Sb_i,Neutral,1948.0000,-.64793932E+03,-.64793932E+03,1
pbesol,CdSe0.75Te0.25,Sb_Te,Charged+1,1942,-.64701510E+03,-.64701032E+03,1
pbesol,CdSe0.75Te0.25,Sb_Te,Charged+2,1941,-.64830113E+03,-.64828119E+03,1
pbesol,CdSe0.75Te0.25,Sb_Te,Charged-1,1944,-.64404623E+03,-.64402915E+03,1
pbesol,CdSe0.75Te0.25,Sb_Te,Charged-2,1945,-.64241482E+03,-.64239570E+03,1
pbesol,CdSe0.75Te0.25,Sb_Te,Neutral,1943.0000,-.64563208E+03,-.64563197E+03,1
pbesol,CdSe0.75Te0.25,Sb_Te+Cl_Te,Charged+1,1943,-.64659251E+03,-.64657754E+03,1
pbesol,CdSe0.75Te0.25,Sb_Te+Cl_Te,Charged+2,1942,-.64785696E+03,-.64782853E+03,1
pbesol,CdSe0.75Te0.25,Sb_Te+Cl_Te,Charged-1,1945,-.64366839E+03,-.64365429E+03,1
pbesol,CdSe0.75Te0.25,Sb_Te+Cl_Te,Charged-2,1946,-.64204387E+03,-.64204387E+03,1
pbesol,CdSe0.75Te0.25,Sb_Te+Cl_Te,Neutral,1944.0000,-.64524116E+03,-.64524108E+03,1
pbesol,CdSe0.75Te0.25,Sb_Te+Cl_i,Charged+1,1949,-.64981576E+03,-.64981545E+03,1
pbesol,CdSe0.75Te0.25,Sb_Te+Cl_i,Charged+2,1948,-.65195266E+03,-.65195266E+03,1
pbesol,CdSe0.75Te0.25,Sb_Te+Cl_i,Charged-1,1951,-.64666564E+03,-.64665154E+03,1
pbesol,CdSe0.75Te0.25,Sb_Te+Cl_i,Charged-2,1952,-.64497521E+03,-.64497521E+03,1
pbesol,CdSe0.75Te0.25,Sb_Te+Cl_i,Neutral,1950.0000,-.64830622E+03,-.64830621E+03,1
pbesol,CdSe0.75Te0.25,Sb_Te+O_Te,Charged+1,1942,-.64921531E+03,-.64919239E+03,1
pbesol,CdSe0.75Te0.25,Sb_Te+O_Te,Charged+2,1941,-.65042217E+03,-.65039026E+03,1
pbesol,CdSe0.75Te0.25,Sb_Te+O_Te,Charged-1,1944,-.64657889E+03,-.64657550E+03,1
pbesol,CdSe0.75Te0.25,Sb_Te+O_Te,Charged-2,1945,-.64506113E+03,-.64504701E+03,1
pbesol,CdSe0.75Te0.25,Sb_Te+O_Te,Neutral,1943.0000,-.64796573E+03,-.64796326E+03,1
pbesol,CdSe0.75Te0.25,Sb_Te+O_i,Charged+1,1948,-.65379250E+03,-.65379250E+03,1
pbesol,CdSe0.75Te0.25,Sb_Te+O_i,Charged+2,1947,-.65457665E+03,-.65456002E+03,1
pbesol,CdSe0.75Te0.25,Sb_Te+O_i,Charged-1,1950,-.65051092E+03,-.65051092E+03,1
pbesol,CdSe0.75Te0.25,Sb_Te+O_i,Charged-2,1951,-.64851271E+03,-.64851271E+03,1
pbesol,CdSe0.75Te0.25,Sb_Te+O_i,Neutral,1949.0000,-.65215810E+03,-.65214399E+03,1
pbesol,CdSe0.75Te0.25,Sb_Te+Sb_i,Charged+1,1947,-.65119297E+03,-.65117886E+03,1
pbesol,CdSe0.75Te0.25,Sb_Te+Sb_i,Charged+2,1946,-.65286094E+03,-.65286094E+03,1
pbesol,CdSe0.75Te0.25,Sb_Te+Sb_i,Charged-1,1949,-.64714176E+03,-.64714176E+03,1
pbesol,CdSe0.75Te0.25,Sb_Te+Sb_i,Charged-2,1950,-.64516898E+03,-.64516898E+03,1
pbesol,CdSe0.75Te0.25,Sb_Te+Sb_i,Neutral,1948.0000,-.64947457E+03,-.64947457E+03,1
pbesol,CdSe0.75Te0.25,Sb_i,Charged+1,1948,-.65071568E+03,-.65071568E+03,1
pbesol,CdSe0.75Te0.25,Sb_i,Charged+2,1947,-.65242856E+03,-.65241446E+03,1
pbesol,CdSe0.75Te0.25,Sb_i,Charged-1,1950,-.64667806E+03,-.64667806E+03,1
pbesol,CdSe0.75Te0.25,Sb_i,Charged-2,1951,-.64475846E+03,-.64475846E+03,1
pbesol,CdSe0.75Te0.25,Sb_i,Neutral,1949.0000,-.64856055E+03,-.64856055E+03,1
pbesol,CdSe0.75Te0.25,Sb_i+Sb_i,Charged+1,1953,-.65268547E+03,-.65268546E+03,1
pbesol,CdSe0.75Te0.25,Sb_i+Sb_i,Charged+2,1952,-.65499085E+03,-.65499085E+03,1
pbesol,CdSe0.75Te0.25,Sb_i+Sb_i,Charged-1,1955,-.64881661E+03,-.64881661E+03,1
pbesol,CdSe0.75Te0.25,Sb_i+Sb_i,Charged-2,1956,-.64745332E+03,-.64745332E+03,1
pbesol,CdSe0.75Te0.25,Sb_i+Sb_i,Neutral,1954.0000,-.65062119E+03,-.65062110E+03,1
pbesol,CdSe0.75Te0.25,Sb_i+Se_i,Charged+1,1954,-.65333682E+03,-.65333682E+03,1
pbesol,CdSe0.75Te0.25,Sb_i+Se_i,Charged+2,1953,-.65496411E+03,-.65494884E+03,1
pbesol,CdSe0.75Te0.25,Sb_i+Se_i,Charged-1,1956,-.64771341E+03,-.64771281E+03,1
pbesol,CdSe0.75Te0.25,Sb_i+Se_i,Charged-2,1957,-.64678470E+03,-.64678464E+03,1
pbesol,CdSe0.75Te0.25,Sb_i+Se_i,Neutral,1955.0000,-.64996999E+03,-.64996999E+03,1
pbesol,CdSe0.75Te0.25,Sb_i+Te_i,Charged+1,1954,-.65243165E+03,-.65243165E+03,1
pbesol,CdSe0.75Te0.25,Sb_i+Te_i,Charged+2,1953,-.65286641E+03,-.65286635E+03,1
pbesol,CdSe0.75Te0.25,Sb_i+Te_i,Charged-1,1956,-.64863090E+03,-.64863090E+03,1
pbesol,CdSe0.75Te0.25,Sb_i+Te_i,Charged-2,1957,-.64631162E+03,-.64631162E+03,1
pbesol,CdSe0.75Te0.25,Sb_i+Te_i,Neutral,1955.0000,-.64860665E+03,-.64860582E+03,1
pbesol,CdSe0.75Te0.25,Se_Cd,Charged+1,1937,-.64778173E+03,-.64775607E+03,1
pbesol,CdSe0.75Te0.25,Se_Cd,Charged+2,1936,-.64905805E+03,-.64905805E+03,1
pbesol,CdSe0.75Te0.25,Se_Cd,Charged-1,1939,-.64486630E+03,-.64485219E+03,1
pbesol,CdSe0.75Te0.25,Se_Cd,Charged-2,1940,-.64307950E+03,-.64307950E+03,1
pbesol,CdSe0.75Te0.25,Se_Cd,Neutral,1938.0000,-.64648508E+03,-.64648508E+03,1
pbesol,CdSe0.75Te0.25,Se_Cd+Cd_i,Charged+1,1949,-.64914849E+03,-.64913439E+03,1
pbesol,CdSe0.75Te0.25,Se_Cd+Cd_i,Charged+2,1948,-.65085208E+03,-.65085208E+03,1
pbesol,CdSe0.75Te0.25,Se_Cd+Cd_i,Charged-1,1951,-.64519575E+03,-.64519575E+03,1
pbesol,CdSe0.75Te0.25,Se_Cd+Cd_i,Charged-2,1952,-.64339392E+03,-.64339392E+03,1
pbesol,CdSe0.75Te0.25,Se_Cd+Cd_i,Neutral,1950.0000,-.64743580E+03,-.64743580E+03,1
pbesol,CdSe0.75Te0.25,Se_Te,Charged+1,1943,-.64683741E+03,-.64681166E+03,1
pbesol,CdSe0.75Te0.25,Se_Te,Charged+2,1942,-.64811007E+03,-.64807252E+03,1
pbesol,CdSe0.75Te0.25,Se_Te,Charged-1,1945,-.64388438E+03,-.64387028E+03,1
pbesol,CdSe0.75Te0.25,Se_Te,Charged-2,1946,-.64218965E+03,-.64218965E+03,1
pbesol,CdSe0.75Te0.25,Se_Te,Neutral,1944.0000,-.64552824E+03,-.64552824E+03,1
pbesol,CdSe0.75Te0.25,Se_i,Charged+1,1949,-.65017291E+03,-.65017188E+03,1
pbesol,CdSe0.75Te0.25,Se_i,Charged+2,1948,-.65196661E+03,-.65196661E+03,1
pbesol,CdSe0.75Te0.25,Se_i,Charged-1,1951,-.64709083E+03,-.64707672E+03,1
pbesol,CdSe0.75Te0.25,Se_i,Charged-2,1952,-.64544190E+03,-.64544190E+03,1
pbesol,CdSe0.75Te0.25,Se_i,Neutral,1950.0000,-.64834480E+03,-.64834480E+03,1
pbesol,CdSe0.75Te0.25,Te_Cd,Charged+1,1937,-.64781201E+03,-.64781201E+03,1
pbesol,CdSe0.75Te0.25,Te_Cd,Charged+2,1936,-.64932247E+03,-.64932247E+03,1
pbesol,CdSe0.75Te0.25,Te_Cd,Charged-1,1939,-.64460705E+03,-.64459294E+03,1
pbesol,CdSe0.75Te0.25,Te_Cd,Charged-2,1940,-.64234163E+03,-.64234086E+03,1
pbesol,CdSe0.75Te0.25,Te_Cd,Neutral,1938.0000,-.64627292E+03,-.64627232E+03,1
pbesol,CdSe0.75Te0.25,Te_Cd+Cd_i,Charged+1,1949,-.64894963E+03,-.64893553E+03,1
pbesol,CdSe0.75Te0.25,Te_Cd+Cd_i,Charged+2,1948,-.65065876E+03,-.65065874E+03,1
pbesol,CdSe0.75Te0.25,Te_Cd+Cd_i,Charged-1,1951,-.64484482E+03,-.64484482E+03,1
pbesol,CdSe0.75Te0.25,Te_Cd+Cd_i,Charged-2,1952,-.64465765E+03,-.64465765E+03,1
pbesol,CdSe0.75Te0.25,Te_Cd+Cd_i,Neutral,1950.0000,-.64713147E+03,-.64713147E+03,1
pbesol,CdSe0.75Te0.25,Te_Se,Charged+1,1943,-.64820949E+03,-.64818420E+03,1
pbesol,CdSe0.75Te0.25,Te_Se,Charged+2,1942,-.64942897E+03,-.64939201E+03,1
pbesol,CdSe0.75Te0.25,Te_Se,Charged-1,1945,-.64537765E+03,-.64536355E+03,1
pbesol,CdSe0.75Te0.25,Te_Se,Charged-2,1946,-.64375012E+03,-.64375012E+03,1
pbesol,CdSe0.75Te0.25,Te_Se,Neutral,1944.0000,-.64695218E+03,-.64695218E+03,1
pbesol,CdSe0.75Te0.25,Te_i,Charged+1,1949,-.64940032E+03,-.64938622E+03,1
pbesol,CdSe0.75Te0.25,Te_i,Charged+2,1948,-.65112173E+03,-.65112173E+03,1
pbesol,CdSe0.75Te0.25,Te_i,Charged-1,1951,-.64637017E+03,-.64635576E+03,1
pbesol,CdSe0.75Te0.25,Te_i,Charged-2,1952,-.64446580E+03,-.64446580E+03,1
pbesol,CdSe0.75Te0.25,Te_i,Neutral,1950.0000,-.64766987E+03,-.64766987E+03,1
pbesol,CdSe0.75Te0.25,V_Cd,Charged+1,1931,-.64335572E+03,-.64331495E+03,1
pbesol,CdSe0.75Te0.25,V_Cd,Charged+2,1930,-.64455166E+03,-.64451440E+03,1
pbesol,CdSe0.75Te0.25,V_Cd,Charged-1,1933,-.64088913E+03,-.64086405E+03,1
pbesol,CdSe0.75Te0.25,V_Cd,Charged-2,1934,-.63960028E+03,-.63960028E+03,1
pbesol,CdSe0.75Te0.25,V_Cd,Neutral,1932.0000,-.64213583E+03,-.64209890E+03,1
pbesol,CdSe0.75Te0.25,V_Cd+Cd_Se,Charged+1,1937,-.64118989E+03,-.64116502E+03,1
pbesol,CdSe0.75Te0.25,V_Cd+Cd_Se,Charged+2,1936,-.64239749E+03,-.64236127E+03,1
pbesol,CdSe0.75Te0.25,V_Cd+Cd_Se,Charged-1,1939,-.63822918E+03,-.63821508E+03,1
pbesol,CdSe0.75Te0.25,V_Cd+Cd_Se,Charged-2,1940,-.63646726E+03,-.63646726E+03,1
pbesol,CdSe0.75Te0.25,V_Cd+Cd_Se,Neutral,1938.0000,-.63994332E+03,-.63994332E+03,1
pbesol,CdSe0.75Te0.25,V_Cd+Cd_Te,Charged+1,1937,-.64038956E+03,-.64036382E+03,1
pbesol,CdSe0.75Te0.25,V_Cd+Cd_Te,Charged+2,1936,-.64158121E+03,-.64154338E+03,1
pbesol,CdSe0.75Te0.25,V_Cd+Cd_Te,Charged-1,1939,-.63751841E+03,-.63750431E+03,1
pbesol,CdSe0.75Te0.25,V_Cd+Cd_Te,Charged-2,1940,-.63583082E+03,-.63583082E+03,1
pbesol,CdSe0.75Te0.25,V_Cd+Cd_Te,Neutral,1938.0000,-.63915579E+03,-.63915579E+03,1
pbesol,CdSe0.75Te0.25,V_Cd+Se_Cd,Charged+1,1925,-.64488737E+03,-.64486210E+03,1
pbesol,CdSe0.75Te0.25,V_Cd+Se_Cd,Charged+2,1924,-.64612280E+03,-.64608588E+03,1
pbesol,CdSe0.75Te0.25,V_Cd+Se_Cd,Charged-1,1927,-.64194945E+03,-.64193534E+03,1
pbesol,CdSe0.75Te0.25,V_Cd+Se_Cd,Charged-2,1928,-.64023933E+03,-.64023809E+03,1
pbesol,CdSe0.75Te0.25,V_Cd+Se_Cd,Neutral,1926.0000,-.64361105E+03,-.64361105E+03,1
pbesol,CdSe0.75Te0.25,V_Cd+Se_i,Charged+1,1937,-.64654705E+03,-.64652129E+03,1
pbesol,CdSe0.75Te0.25,V_Cd+Se_i,Charged+2,1936,-.64769875E+03,-.64766192E+03,1
pbesol,CdSe0.75Te0.25,V_Cd+Se_i,Charged-1,1939,-.64358238E+03,-.64356827E+03,1
pbesol,CdSe0.75Te0.25,V_Cd+Se_i,Charged-2,1940,-.64175018E+03,-.64175018E+03,1
pbesol,CdSe0.75Te0.25,V_Cd+Se_i,Neutral,1938.0000,-.64524348E+03,-.64524348E+03,1
pbesol,CdSe0.75Te0.25,V_Cd+Te_Cd,Charged+1,1925,-.64485209E+03,-.64482672E+03,1
pbesol,CdSe0.75Te0.25,V_Cd+Te_Cd,Charged+2,1924,-.64611260E+03,-.64607544E+03,1
pbesol,CdSe0.75Te0.25,V_Cd+Te_Cd,Charged-1,1927,-.64185970E+03,-.64184559E+03,1
pbesol,CdSe0.75Te0.25,V_Cd+Te_Cd,Charged-2,1928,-.64011632E+03,-.64011632E+03,1
pbesol,CdSe0.75Te0.25,V_Cd+Te_Cd,Neutral,1926.0000,-.64355143E+03,-.64355143E+03,1
pbesol,CdSe0.75Te0.25,V_Se,Charged+1,1937,-.64213637E+03,-.64212227E+03,1
pbesol,CdSe0.75Te0.25,V_Se,Charged+2,1936,-.64371713E+03,-.64371713E+03,1
pbesol,CdSe0.75Te0.25,V_Se,Charged-1,1939,-.63823432E+03,-.63822021E+03,1
pbesol,CdSe0.75Te0.25,V_Se,Charged-2,1940,-.63641903E+03,-.63641903E+03,1
pbesol,CdSe0.75Te0.25,V_Se,Neutral,1938.0000,-.64050372E+03,-.64050372E+03,1
pbesol,CdSe0.75Te0.25,V_Se+Cd_Se,Charged+1,1943,-.63688442E+03,-.63687031E+03,1
pbesol,CdSe0.75Te0.25,V_Se+Cd_Se,Charged+2,1942,-.63864230E+03,-.63864230E+03,1
pbesol,CdSe0.75Te0.25,V_Se+Cd_Se,Charged-1,1945,-.63304172E+03,-.63304063E+03,1
pbesol,CdSe0.75Te0.25,V_Se+Cd_Se,Charged-2,1946,-.63125449E+03,-.63125449E+03,1
pbesol,CdSe0.75Te0.25,V_Se+Cd_Se,Neutral,1944.0000,-.63509372E+03,-.63509372E+03,1
pbesol,CdSe0.75Te0.25,V_Te,Charged+1,1937,-.64290424E+03,-.64289013E+03,1
pbesol,CdSe0.75Te0.25,V_Te,Charged+2,1936,-.64444894E+03,-.64444894E+03,1
pbesol,CdSe0.75Te0.25,V_Te,Charged-1,1939,-.63910548E+03,-.63909137E+03,1
pbesol,CdSe0.75Te0.25,V_Te,Charged-2,1940,-.63746991E+03,-.63746991E+03,1
pbesol,CdSe0.75Te0.25,V_Te,Neutral,1938.0000,-.64130711E+03,-.64130711E+03,1
pbesol,CdSe0.75Te0.25,V_Te+Cd_Te,Charged+1,1943,-.63831341E+03,-.63829930E+03,1
pbesol,CdSe0.75Te0.25,V_Te+Cd_Te,Charged+2,1942,-.64001865E+03,-.64001865E+03,1
pbesol,CdSe0.75Te0.25,V_Te+Cd_Te,Charged-1,1945,-.63450406E+03,-.63450318E+03,1
pbesol,CdSe0.75Te0.25,V_Te+Cd_Te,Charged-2,1946,-.63257835E+03,-.63257835E+03,1
pbesol,CdSe0.75Te0.25,V_Te+Cd_Te,Neutral,1944.0000,-.63663002E+03,-.63663002E+03,1
pbesol,CdSe0.75Te0.25,V_Te+Te_i,Charged+1,1943,-.64752674E+03,-.64750140E+03,1
pbesol,CdSe0.75Te0.25,V_Te+Te_i,Charged+2,1942,-.64877008E+03,-.64873308E+03,1
pbesol,CdSe0.75Te0.25,V_Te+Te_i,Charged-1,1945,-.64463769E+03,-.64462358E+03,1
pbesol,CdSe0.75Te0.25,V_Te+Te_i,Charged-2,1946,-.64297711E+03,-.64297711E+03,1
pbesol,CdSe0.75Te0.25,V_Te+Te_i,Neutral,1944.0000,-.64624535E+03,-.64624535E+03,1
pbesol,CdTe,As_Te,Charged+1,1942,-.59454436E+03,-.59450580E+03,1
pbesol,CdTe,As_Te,Charged+2,1941,-.59668309E+03,-.59664077E+03,1
pbesol,CdTe,As_Te,Charged-1,1944,-.59018317E+03,-.59018317E+03,1
pbesol,CdTe,As_Te,Charged-2,1945,-.58746601E+03,-.58745190E+03,1
pbesol,CdTe,As_Te,Neutral,1943.0000,-.59238232E+03,-.59235582E+03,1
pbesol,CdTe,As_Te+As_i,Charged+1,1947,-.59880390E+03,-.59880390E+03,1
pbesol,CdTe,As_Te+As_i,Charged+2,1946,-.60147024E+03,-.60147024E+03,1
pbesol,CdTe,As_Te+As_i,Charged-1,1949,-.59344624E+03,-.59343214E+03,1
pbesol,CdTe,As_Te+As_i,Charged-2,1950,-.59061172E+03,-.59061172E+03,1
pbesol,CdTe,As_Te+As_i,Neutral,1948.0000,-.59622399E+03,-.59622396E+03,1
pbesol,CdTe,As_Te+Cl_Te,Charged+1,1943,-.59402747E+03,-.59400139E+03,1
pbesol,CdTe,As_Te+Cl_Te,Charged+2,1942,-.59614368E+03,-.59610563E+03,1
pbesol,CdTe,As_Te+Cl_Te,Charged-1,1945,-.58919765E+03,-.58918354E+03,1
pbesol,CdTe,As_Te+Cl_Te,Charged-2,1946,-.58646534E+03,-.58646534E+03,1
pbesol,CdTe,As_Te+Cl_Te,Neutral,1944.0000,-.59187669E+03,-.59187669E+03,1
pbesol,CdTe,As_Te+Cl_i,Charged+1,1949,-.59737523E+03,-.59734992E+03,1
pbesol,CdTe,As_Te+Cl_i,Charged+2,1948,-.59953638E+03,-.59949963E+03,1
pbesol,CdTe,As_Te+Cl_i,Charged-1,1951,-.59158342E+03,-.59158338E+03,1
pbesol,CdTe,As_Te+Cl_i,Charged-2,1952,-.58925245E+03,-.58925245E+03,1
pbesol,CdTe,As_Te+Cl_i,Neutral,1950.0000,-.59517983E+03,-.59517983E+03,1
pbesol,CdTe,As_Te+O_Te,Charged+1,1942,-.59640709E+03,-.59636997E+03,1
pbesol,CdTe,As_Te+O_Te,Charged+2,1941,-.59849335E+03,-.59845240E+03,1
pbesol,CdTe,As_Te+O_Te,Charged-1,1944,-.59214856E+03,-.59214856E+03,1
pbesol,CdTe,As_Te+O_Te,Charged-2,1945,-.58958378E+03,-.58956968E+03,1
pbesol,CdTe,As_Te+O_Te,Neutral,1943.0000,-.59429718E+03,-.59427187E+03,1
pbesol,CdTe,As_Te+O_i,Charged+1,1948,-.60092559E+03,-.60091154E+03,1
pbesol,CdTe,As_Te+O_i,Charged+2,1947,-.60308636E+03,-.60305761E+03,1
pbesol,CdTe,As_Te+O_i,Charged-1,1950,-.59607346E+03,-.59607329E+03,1
pbesol,CdTe,As_Te+O_i,Charged-2,1951,-.59333409E+03,-.59331998E+03,1
pbesol,CdTe,As_Te+O_i,Neutral,1949.0000,-.59866043E+03,-.59866043E+03,1
pbesol,CdTe,As_i,Charged+1,1948,-.59714722E+03,-.59714708E+03,1
pbesol,CdTe,As_i,Charged+2,1947,-.59997171E+03,-.59995760E+03,1
pbesol,CdTe,As_i,Charged-1,1950,-.59223486E+03,-.59221558E+03,1
pbesol,CdTe,As_i,Charged-2,1951,-.58827931E+03,-.58827931E+03,1
pbesol,CdTe,As_i,Neutral,1949.0000,-.59501296E+03,-.59499886E+03,1
pbesol,CdTe,As_i+As_i,Charged+1,1953,-.60218920E+03,-.60218878E+03,1
pbesol,CdTe,As_i+As_i,Charged+2,1952,-.60506464E+03,-.60506464E+03,1
pbesol,CdTe,As_i+As_i,Charged-1,1955,-.59662719E+03,-.59662140E+03,1
pbesol,CdTe,As_i+As_i,Charged-2,1956,-.59377107E+03,-.59377107E+03,1
pbesol,CdTe,As_i+As_i,Neutral,1954.0000,-.59957740E+03,-.59957081E+03,1
pbesol,CdTe,As_i+Te_i,Charged+1,1954,-.60092627E+03,-.60092627E+03,1
pbesol,CdTe,As_i+Te_i,Charged+2,1953,-.60317515E+03,-.60314890E+03,1
pbesol,CdTe,As_i+Te_i,Charged-1,1956,-.59519238E+03,-.59519238E+03,1
pbesol,CdTe,As_i+Te_i,Charged-2,1957,-.59174335E+03,-.59174325E+03,1
pbesol,CdTe,As_i+Te_i,Neutral,1955.0000,-.59808566E+03,-.59807155E+03,1
pbesol,CdTe,Bi_Cd,Charged+1,1946,-.59688514E+03,-.59688514E+03,1
pbesol,CdTe,Bi_Cd,Charged+2,1945,-.59910295E+03,-.59907645E+03,1
pbesol,CdTe,Bi_Cd,Charged-1,1948,-.59119393E+03,-.59119393E+03,1
pbesol,CdTe,Bi_Cd,Charged-2,1949,-.58779398E+03,-.58779398E+03,1
pbesol,CdTe,Bi_Cd,Neutral,1947.0000,-.59406644E+03,-.59405234E+03,1
pbesol,CdTe,Bi_Cd+Bi_Te,Charged+1,1955,-.59575975E+03,-.59573407E+03,1
pbesol,CdTe,Bi_Cd+Bi_Te,Charged+2,1954,-.59802633E+03,-.59798847E+03,1
pbesol,CdTe,Bi_Cd+Bi_Te,Charged-1,1957,-.59060236E+03,-.59058826E+03,1
pbesol,CdTe,Bi_Cd+Bi_Te,Charged-2,1958,-.58772520E+03,-.58772520E+03,1
pbesol,CdTe,Bi_Cd+Bi_Te,Neutral,1956.0000,-.59342643E+03,-.59342643E+03,1
pbesol,CdTe,Bi_Cd+Bi_i,Charged+1,1961,-.59852478E+03,-.59852457E+03,1
pbesol,CdTe,Bi_Cd+Bi_i,Charged+2,1960,-.60156167E+03,-.60156167E+03,1
pbesol,CdTe,Bi_Cd+Bi_i,Charged-1,1963,-.59194176E+03,-.59194175E+03,1
pbesol,CdTe,Bi_Cd+Bi_i,Charged-2,1964,-.58854600E+03,-.58854235E+03,1
pbesol,CdTe,Bi_Cd+Bi_i,Neutral,1962.0000,-.59529669E+03,-.59529668E+03,1
pbesol,CdTe,Bi_Cd+Cl_Te,Charged+1,1947,-.59558435E+03,-.59557024E+03,1
pbesol,CdTe,Bi_Cd+Cl_Te,Charged+2,1946,-.59835019E+03,-.59835019E+03,1
pbesol,CdTe,Bi_Cd+Cl_Te,Charged-1,1949,-.58940370E+03,-.58940370E+03,1
pbesol,CdTe,Bi_Cd+Cl_Te,Charged-2,1950,-.58642692E+03,-.58642692E+03,1
pbesol,CdTe,Bi_Cd+Cl_Te,Neutral,1948.0000,-.59276928E+03,-.59276928E+03,1
pbesol,CdTe,Bi_Cd+Cl_i,Charged+1,1953,-.59844313E+03,-.59841664E+03,1
pbesol,CdTe,Bi_Cd+Cl_i,Charged+2,1952,-.60065753E+03,-.60061897E+03,1
pbesol,CdTe,Bi_Cd+Cl_i,Charged-1,1955,-.59334447E+03,-.59333037E+03,1
pbesol,CdTe,Bi_Cd+Cl_i,Charged-2,1956,-.59043791E+03,-.59043791E+03,1
pbesol,CdTe,Bi_Cd+Cl_i,Neutral,1954.0000,-.59619654E+03,-.59619654E+03,1
pbesol,CdTe,Bi_Cd+O_Te,Charged+1,1946,-.59884498E+03,-.59884498E+03,1
pbesol,CdTe,Bi_Cd+O_Te,Charged+2,1945,-.60101536E+03,-.60098888E+03,1
pbesol,CdTe,Bi_Cd+O_Te,Charged-1,1948,-.59352851E+03,-.59352851E+03,1
pbesol,CdTe,Bi_Cd+O_Te,Charged-2,1949,-.59011787E+03,-.59010377E+03,1
pbesol,CdTe,Bi_Cd+O_Te,Neutral,1947.0000,-.59621612E+03,-.59620202E+03,1
pbesol,CdTe,Bi_Cd+O_i,Charged+1,1952,-.60111372E+03,-.60107328E+03,1
pbesol,CdTe,Bi_Cd+O_i,Charged+2,1951,-.60329525E+03,-.60324951E+03,1
pbesol,CdTe,Bi_Cd+O_i,Charged-1,1954,-.59666816E+03,-.59666816E+03,1
pbesol,CdTe,Bi_Cd+O_i,Charged-2,1955,-.59383451E+03,-.59382040E+03,1
pbesol,CdTe,Bi_Cd+O_i,Neutral,1953.0000,-.59890968E+03,-.59888247E+03,1
pbesol,CdTe,Bi_Cd+Te_i,Charged+1,1952,-.59738610E+03,-.59738562E+03,1
pbesol,CdTe,Bi_Cd+Te_i,Charged+2,1951,-.60007926E+03,-.60007926E+03,1
pbesol,CdTe,Bi_Cd+Te_i,Charged-1,1954,-.59303217E+03,-.59303217E+03,1
pbesol,CdTe,Bi_Cd+Te_i,Charged-2,1955,-.58911721E+03,-.58911717E+03,1
pbesol,CdTe,Bi_Cd+Te_i,Neutral,1953.0000,-.59595914E+03,-.59594504E+03,1
pbesol,CdTe,Bi_Cd+V_Cd,Charged+1,1934,-.59359096E+03,-.59355287E+03,1
pbesol,CdTe,Bi_Cd+V_Cd,Charged+2,1933,-.59575926E+03,-.59571734E+03,1
pbesol,CdTe,Bi_Cd+V_Cd,Charged-1,1936,-.58917005E+03,-.58917005E+03,1
pbesol,CdTe,Bi_Cd+V_Cd,Charged-2,1937,-.58635346E+03,-.58633935E+03,1
pbesol,CdTe,Bi_Cd+V_Cd,Neutral,1935.0000,-.59139939E+03,-.59137335E+03,1
pbesol,CdTe,Bi_Cd+V_Te,Charged+1,1940,-.59105722E+03,-.59105722E+03,1
pbesol,CdTe,Bi_Cd+V_Te,Charged+2,1939,-.59364405E+03,-.59362995E+03,1
pbesol,CdTe,Bi_Cd+V_Te,Charged-1,1942,-.58532208E+03,-.58532208E+03,1
pbesol,CdTe,Bi_Cd+V_Te,Charged-2,1943,-.58212630E+03,-.58211153E+03,1
pbesol,CdTe,Bi_Cd+V_Te,Neutral,1941.0000,-.58821599E+03,-.58820188E+03,1
pbesol,CdTe,Bi_Te,Charged+1,1952,-.59331215E+03,-.59327381E+03,1
pbesol,CdTe,Bi_Te,Charged+2,1951,-.59552473E+03,-.59548242E+03,1
pbesol,CdTe,Bi_Te,Charged-1,1954,-.58872730E+03,-.58872730E+03,1
pbesol,CdTe,Bi_Te,Charged-2,1955,-.58598404E+03,-.58596994E+03,1
pbesol,CdTe,Bi_Te,Neutral,1953.0000,-.59105912E+03,-.59103262E+03,1
pbesol,CdTe,Bi_Te+Bi_i,Charged+1,1967,-.59715807E+03,-.59714396E+03,1
pbesol,CdTe,Bi_Te+Bi_i,Charged+2,1966,-.59995271E+03,-.59995271E+03,1
pbesol,CdTe,Bi_Te+Bi_i,Charged-1,1969,-.59116162E+03,-.59116162E+03,1
pbesol,CdTe,Bi_Te+Bi_i,Charged-2,1970,-.58811450E+03,-.58811450E+03,1
pbesol,CdTe,Bi_Te+Bi_i,Neutral,1968.0000,-.59430934E+03,-.59430934E+03,1
pbesol,CdTe,Bi_Te+Cl_Te,Charged+1,1953,-.59269713E+03,-.59267547E+03,1
pbesol,CdTe,Bi_Te+Cl_Te,Charged+2,1952,-.59488365E+03,-.59485078E+03,1
pbesol,CdTe,Bi_Te+Cl_Te,Charged-1,1955,-.58774124E+03,-.58772714E+03,1
pbesol,CdTe,Bi_Te+Cl_Te,Charged-2,1956,-.58498476E+03,-.58498476E+03,1
pbesol,CdTe,Bi_Te+Cl_Te,Neutral,1954.0000,-.59044537E+03,-.59044537E+03,1
pbesol,CdTe,Bi_Te+Cl_i,Charged+1,1959,-.59638225E+03,-.59638217E+03,1
pbesol,CdTe,Bi_Te+Cl_i,Charged+2,1958,-.59896894E+03,-.59896894E+03,1
pbesol,CdTe,Bi_Te+Cl_i,Charged-1,1961,-.59126899E+03,-.59125489E+03,1
pbesol,CdTe,Bi_Te+Cl_i,Charged-2,1962,-.58777773E+03,-.58777518E+03,1
pbesol,CdTe,Bi_Te+Cl_i,Neutral,1960.0000,-.59406387E+03,-.59406387E+03,1
pbesol,CdTe,Bi_Te+O_Te,Charged+1,1952,-.59534030E+03,-.59532089E+03,1
pbesol,CdTe,Bi_Te+O_Te,Charged+2,1951,-.59748919E+03,-.59746058E+03,1
pbesol,CdTe,Bi_Te+O_Te,Charged-1,1954,-.59081253E+03,-.59081253E+03,1
pbesol,CdTe,Bi_Te+O_Te,Charged-2,1955,-.58821584E+03,-.58820173E+03,1
pbesol,CdTe,Bi_Te+O_Te,Neutral,1953.0000,-.59314229E+03,-.59313993E+03,1
pbesol,CdTe,Bi_Te+O_i,Charged+1,1958,-.60013711E+03,-.60013711E+03,1
pbesol,CdTe,Bi_Te+O_i,Charged+2,1957,-.60241156E+03,-.60240926E+03,1
pbesol,CdTe,Bi_Te+O_i,Charged-1,1960,-.59457417E+03,-.59456007E+03,1
pbesol,CdTe,Bi_Te+O_i,Charged-2,1961,-.59157791E+03,-.59156271E+03,1
pbesol,CdTe,Bi_Te+O_i,Neutral,1959.0000,-.59733385E+03,-.59733167E+03,1
pbesol,CdTe,Bi_i,Charged+1,1958,-.59667892E+03,-.59667892E+03,1
pbesol,CdTe,Bi_i,Charged+2,1957,-.59952050E+03,-.59950640E+03,1
pbesol,CdTe,Bi_i,Charged-1,1960,-.59112483E+03,-.59110807E+03,1
pbesol,CdTe,Bi_i,Charged-2,1961,-.58717222E+03,-.58717222E+03,1
pbesol,CdTe,Bi_i,Neutral,1959.0000,-.59386263E+03,-.59384853E+03,1
pbesol,CdTe,Bi_i+Bi_i,Charged+1,1973,-.60063757E+03,-.60062347E+03,1
pbesol,CdTe,Bi_i+Bi_i,Charged+2,1972,-.60347706E+03,-.60347706E+03,1
pbesol,CdTe,Bi_i+Bi_i,Charged-1,1975,-.59475099E+03,-.59475099E+03,1
pbesol,CdTe,Bi_i+Bi_i,Charged-2,1976,-.59156474E+03,-.59156474E+03,1
pbesol,CdTe,Bi_i+Bi_i,Neutral,1974.0000,-.59773241E+03,-.59773241E+03,1
pbesol,CdTe,Bi_i+Te_i,Charged+1,1964,-.60002739E+03,-.60002739E+03,1
pbesol,CdTe,Bi_i+Te_i,Charged+2,1963,-.60278882E+03,-.60278882E+03,1
pbesol,CdTe,Bi_i+Te_i,Charged-1,1966,-.59424623E+03,-.59424623E+03,1
pbesol,CdTe,Bi_i+Te_i,Charged-2,1967,-.59043633E+03,-.59043613E+03,1
pbesol,CdTe,Bi_i+Te_i,Neutral,1965.0000,-.59716321E+03,-.59714910E+03,1
pbesol,CdTe,BULK,Bulk,,-.59222338E+03,-.59222338E+03,1
pbesol,CdTe,Cd_Te,Charged+1,1937,-.59479723E+03,-.59479723E+03,1
pbesol,CdTe,Cd_Te,Charged+2,1936,-.59721031E+03,-.59721031E+03,1
pbesol,CdTe,Cd_Te,Charged-1,1939,-.58961065E+03,-.58959655E+03,1
pbesol,CdTe,Cd_Te,Charged-2,1940,-.58674576E+03,-.58674576E+03,1
pbesol,CdTe,Cd_Te,Neutral,1938.0000,-.59242152E+03,-.59242152E+03,1
pbesol,CdTe,Cd_i,Charged+1,1955,-.59517864E+03,-.59516453E+03,1
pbesol,CdTe,Cd_i,Charged+2,1954,-.59792087E+03,-.59792087E+03,1
pbesol,CdTe,Cd_i,Charged-1,1957,-.58918513E+03,-.58917879E+03,1
pbesol,CdTe,Cd_i,Charged-2,1958,-.58594844E+03,-.58594844E+03,1
pbesol,CdTe,Cd_i,Neutral,1956.0000,-.59238436E+03,-.59238436E+03,1
pbesol,CdTe,Cl_Te,Charged+1,1944,-.59374805E+03,-.59374805E+03,1
pbesol,CdTe,Cl_Te,Charged+2,1943,-.59590500E+03,-.59587850E+03,1
pbesol,CdTe,Cl_Te,Charged-1,1946,-.58831217E+03,-.58831217E+03,1
pbesol,CdTe,Cl_Te,Charged-2,1947,-.58460039E+03,-.58458628E+03,1
pbesol,CdTe,Cl_Te,Neutral,1945.0000,-.59105638E+03,-.59104228E+03,1
pbesol,CdTe,Cu_Cd,Charged+1,1942,-.59626905E+03,-.59623049E+03,1
pbesol,CdTe,Cu_Cd,Charged+2,1941,-.59844635E+03,-.59840403E+03,1
pbesol,CdTe,Cu_Cd,Charged-1,1944,-.59179091E+03,-.59179091E+03,1
pbesol,CdTe,Cu_Cd,Charged-2,1945,-.58904925E+03,-.58903514E+03,1
pbesol,CdTe,Cu_Cd,Neutral,1943.0000,-.59405983E+03,-.59403333E+03,1
pbesol,CdTe,N_Te,Charged+1,1942,-.59630492E+03,-.59626636E+03,1
pbesol,CdTe,N_Te,Charged+2,1941,-.59840227E+03,-.59835995E+03,1
pbesol,CdTe,N_Te,Charged-1,1944,-.59203581E+03,-.59203581E+03,1
pbesol,CdTe,N_Te,Charged-2,1945,-.58938621E+03,-.58937211E+03,1
pbesol,CdTe,N_Te,Neutral,1943.0000,-.59418644E+03,-.59415994E+03,1
pbesol,CdTe,N_Te+Cl_Te,Charged+1,1943,-.59590329E+03,-.59587681E+03,1
pbesol,CdTe,N_Te+Cl_Te,Charged+2,1942,-.59798695E+03,-.59794841E+03,1
pbesol,CdTe,N_Te+Cl_Te,Charged-1,1945,-.59117258E+03,-.59115847E+03,1
pbesol,CdTe,N_Te+Cl_Te,Charged-2,1946,-.58850493E+03,-.58850493E+03,1
pbesol,CdTe,N_Te+Cl_Te,Neutral,1944.0000,-.59378653E+03,-.59378653E+03,1
pbesol,CdTe,N_Te+Cl_i,Charged+1,1949,-.59860456E+03,-.59858876E+03,1
pbesol,CdTe,N_Te+Cl_i,Charged+2,1948,-.60075861E+03,-.60072485E+03,1
pbesol,CdTe,N_Te+Cl_i,Charged-1,1951,-.59361300E+03,-.59361300E+03,1
pbesol,CdTe,N_Te+Cl_i,Charged-2,1952,-.59121094E+03,-.59121094E+03,1
pbesol,CdTe,N_Te+Cl_i,Neutral,1950.0000,-.59673445E+03,-.59673445E+03,1
pbesol,CdTe,N_Te+N_i,Charged+1,1947,-.60627021E+03,-.60625611E+03,1
pbesol,CdTe,N_Te+N_i,Charged+2,1946,-.60898930E+03,-.60898930E+03,1
pbesol,CdTe,N_Te+N_i,Charged-1,1949,-.60014289E+03,-.60014289E+03,1
pbesol,CdTe,N_Te+N_i,Charged-2,1950,-.59669095E+03,-.59669095E+03,1
pbesol,CdTe,N_Te+N_i,Neutral,1948.0000,-.60349785E+03,-.60349785E+03,1
pbesol,CdTe,N_Te+O_Te,Charged+1,1942,-.59812941E+03,-.59809097E+03,1
pbesol,CdTe,N_Te+O_Te,Charged+2,1941,-.60017696E+03,-.60013478E+03,1
pbesol,CdTe,N_Te+O_Te,Charged-1,1944,-.59381434E+03,-.59381434E+03,1
pbesol,CdTe,N_Te+O_Te,Charged-2,1945,-.59131426E+03,-.59130015E+03,1
pbesol,CdTe,N_Te+O_Te,Neutral,1943.0000,-.59591597E+03,-.59588947E+03,1
pbesol,CdTe,N_Te+O_i,Charged+1,1948,-.60295039E+03,-.60295039E+03,1
pbesol,CdTe,N_Te+O_i,Charged+2,1947,-.60510273E+03,-.60507561E+03,1
pbesol,CdTe,N_Te+O_i,Charged-1,1950,-.59770382E+03,-.59768973E+03,1
pbesol,CdTe,N_Te+O_i,Charged-2,1951,-.59494306E+03,-.59494306E+03,1
pbesol,CdTe,N_Te+O_i,Neutral,1949.0000,-.60041071E+03,-.60041070E+03,1
pbesol,CdTe,N_i,Charged+1,1948,-.59804623E+03,-.59802024E+03,1
pbesol,CdTe,N_i,Charged+2,1947,-.60151532E+03,-.60150054E+03,1
pbesol,CdTe,N_i,Charged-1,1950,-.59309218E+03,-.59307808E+03,1
pbesol,CdTe,N_i,Charged-2,1951,-.59028805E+03,-.59028805E+03,1
pbesol,CdTe,N_i,Neutral,1949.0000,-.59584414E+03,-.59584414E+03,1
pbesol,CdTe,N_i+N_i,Charged+1,1953,-.60933583E+03,-.60933244E+03,1
pbesol,CdTe,N_i+N_i,Charged+2,1952,-.61154213E+03,-.61151788E+03,1
pbesol,CdTe,N_i+N_i,Charged-1,1955,-.60426125E+03,-.60424714E+03,1
pbesol,CdTe,N_i+N_i,Charged-2,1956,-.60143764E+03,-.60143764E+03,1
pbesol,CdTe,N_i+N_i,Neutral,1954.0000,-.60703148E+03,-.60703148E+03,1
pbesol,CdTe,N_i+Te_i,Charged+1,1954,-.60295624E+03,-.60295624E+03,1
pbesol,CdTe,N_i+Te_i,Charged+2,1953,-.60539054E+03,-.60538891E+03,1
pbesol,CdTe,N_i+Te_i,Charged-1,1956,-.59726449E+03,-.59726449E+03,1
pbesol,CdTe,N_i+Te_i,Charged-2,1957,-.59424994E+03,-.59424991E+03,1
pbesol,CdTe,N_i+Te_i,Neutral,1955.0000,-.60013697E+03,-.60012287E+03,1
pbesol,CdTe,O_Te,Charged+1,1943,-.59631495E+03,-.59628845E+03,1
pbesol,CdTe,O_Te,Charged+2,1942,-.59842159E+03,-.59838303E+03,1
pbesol,CdTe,O_Te,Charged-1,1945,-.59160055E+03,-.59158645E+03,1
pbesol,CdTe,O_Te,Charged-2,1946,-.58896968E+03,-.58896968E+03,1
pbesol,CdTe,O_Te,Neutral,1944.0000,-.59417556E+03,-.59417556E+03,1
pbesol,CdTe,O_i+As_Te+O_i,Charged+1,1954,-.60754487E+03,-.60754487E+03,1
pbesol,CdTe,O_i+As_Te+O_i,Charged+2,1953,-.60975501E+03,-.60973464E+03,1
pbesol,CdTe,O_i+As_Te+O_i,Charged-1,1956,-.60339347E+03,-.60337949E+03,1
pbesol,CdTe,O_i+As_Te+O_i,Charged-2,1957,-.60050952E+03,-.60049037E+03,1
pbesol,CdTe,O_i+As_Te+O_i,Neutral,1955.0000,-.60614600E+03,-.60614593E+03,1
pbesol,CdTe,O_i+As_i+O_i,Charged+1,1960,-.60437740E+03,-.60437739E+03,1
pbesol,CdTe,O_i+As_i+O_i,Charged+2,1959,-.60606330E+03,-.60605739E+03,1
pbesol,CdTe,O_i+As_i+O_i,Charged-1,1962,-.60255589E+03,-.60255583E+03,1
pbesol,CdTe,O_i+As_i+O_i,Charged-2,1963,-.59144611E+03,-.59143944E+03,1
pbesol,CdTe,O_i+As_i+O_i,Neutral,1961.0000,-.60228510E+03,-.60227100E+03,1
pbesol,CdTe,O_i+Bi_Te+O_i,Charged+1,1964,-.60707277E+03,-.60707277E+03,1
pbesol,CdTe,O_i+Bi_Te+O_i,Charged+2,1963,-.60927230E+03,-.60924614E+03,1
pbesol,CdTe,O_i+Bi_Te+O_i,Charged-1,1966,-.60166014E+03,-.60164613E+03,1
pbesol,CdTe,O_i+Bi_Te+O_i,Charged-2,1967,-.59883322E+03,-.59883320E+03,1
pbesol,CdTe,O_i+Bi_Te+O_i,Neutral,1965.0000,-.60443334E+03,-.60443208E+03,1
pbesol,CdTe,O_i+Bi_i+O_i,Charged+1,1970,-.60486809E+03,-.60486809E+03,1
pbesol,CdTe,O_i+Bi_i+O_i,Charged+2,1969,-.60620144E+03,-.60619573E+03,1
pbesol,CdTe,O_i+Bi_i+O_i,Charged-1,1972,-.60108849E+03,-.60108849E+03,1
pbesol,CdTe,O_i+Bi_i+O_i,Charged-2,1973,-.58848385E+03,-.58848385E+03,1
pbesol,CdTe,O_i+Bi_i+O_i,Neutral,1971.0000,-.59666754E+03,-.59665343E+03,1
pbesol,CdTe,O_i+N_Te+O_i,Charged+1,1954,-.60827928E+03,-.60827928E+03,1
pbesol,CdTe,O_i+N_Te+O_i,Charged+2,1953,-.61045234E+03,-.61042626E+03,1
pbesol,CdTe,O_i+N_Te+O_i,Charged-1,1956,-.60502183E+03,-.60502173E+03,1
pbesol,CdTe,O_i+N_Te+O_i,Charged-2,1957,-.60217582E+03,-.60217582E+03,1
pbesol,CdTe,O_i+N_Te+O_i,Neutral,1955.0000,-.60790838E+03,-.60789428E+03,1
pbesol,CdTe,O_i+N_i+O_i,Charged+1,1960,-.60755568E+03,-.60754161E+03,1
pbesol,CdTe,O_i+N_i+O_i,Charged+2,1959,-.61032177E+03,-.61032175E+03,1
pbesol,CdTe,O_i+N_i+O_i,Charged-1,1962,-.60490227E+03,-.60488817E+03,1
pbesol,CdTe,O_i+N_i+O_i,Charged-2,1963,-.59389809E+03,-.59389766E+03,1
pbesol,CdTe,O_i+N_i+O_i,Neutral,1961.0000,-.60473944E+03,-.60473943E+03,1
pbesol,CdTe,O_i+P_Te+O_i,Charged+1,1954,-.60914968E+03,-.60914968E+03,1
pbesol,CdTe,O_i+P_Te+O_i,Charged+2,1953,-.60897446E+03,-.60897410E+03,1
pbesol,CdTe,O_i+P_Te+O_i,Charged-1,1956,-.60550879E+03,-.60550879E+03,1
pbesol,CdTe,O_i+P_Te+O_i,Charged-2,1957,-.60277140E+03,-.60277112E+03,1
pbesol,CdTe,O_i+P_Te+O_i,Neutral,1955.0000,-.60832118E+03,-.60830708E+03,1
pbesol,CdTe,O_i+P_i+O_i,Charged+1,1960,-.60465880E+03,-.60465880E+03,1
pbesol,CdTe,O_i+P_i+O_i,Charged+2,1959,-.60622885E+03,-.60622321E+03,1
pbesol,CdTe,O_i+P_i+O_i,Charged-1,1962,-.60319171E+03,-.60319169E+03,1
pbesol,CdTe,O_i+P_i+O_i,Charged-2,1963,-.59213449E+03,-.59212028E+03,1
pbesol,CdTe,O_i+P_i+O_i,Neutral,1961.0000,-.59865907E+03,-.59864864E+03,1
pbesol,CdTe,O_i+Sb_Te+O_i,Charged+1,1954,-.60780479E+03,-.60780479E+03,1
pbesol,CdTe,O_i+Sb_Te+O_i,Charged+2,1953,-.60912651E+03,-.60912115E+03,1
pbesol,CdTe,O_i+Sb_Te+O_i,Charged-1,1956,-.60249211E+03,-.60247802E+03,1
pbesol,CdTe,O_i+Sb_Te+O_i,Charged-2,1957,-.59951784E+03,-.59950048E+03,1
pbesol,CdTe,O_i+Sb_Te+O_i,Neutral,1955.0000,-.60526388E+03,-.60526376E+03,1
pbesol,CdTe,O_i+Sb_i+O_i,Charged+1,1960,-.60467257E+03,-.60467257E+03,1
pbesol,CdTe,O_i+Sb_i+O_i,Charged+2,1959,-.60607720E+03,-.60607031E+03,1
pbesol,CdTe,O_i+Sb_i+O_i,Charged-1,1962,-.60132202E+03,-.60132186E+03,1
pbesol,CdTe,O_i+Sb_i+O_i,Charged-2,1963,-.58797430E+03,-.58795785E+03,1
pbesol,CdTe,O_i+Sb_i+O_i,Neutral,1961.0000,-.59707097E+03,-.59705686E+03,1
pbesol,CdTe,P_Te,Charged+1,1942,-.59516024E+03,-.59512167E+03,1
pbesol,CdTe,P_Te,Charged+2,1941,-.59728895E+03,-.59724663E+03,1
pbesol,CdTe,P_Te,Charged-1,1944,-.59082503E+03,-.59082503E+03,1
pbesol,CdTe,P_Te,Charged-2,1945,-.58810603E+03,-.58809193E+03,1
pbesol,CdTe,P_Te,Neutral,1943.0000,-.59300807E+03,-.59298157E+03,1
pbesol,CdTe,P_Te+Cl_Te,Charged+1,1943,-.59466703E+03,-.59464068E+03,1
pbesol,CdTe,P_Te+Cl_Te,Charged+2,1942,-.59677678E+03,-.59673841E+03,1
pbesol,CdTe,P_Te+Cl_Te,Charged-1,1945,-.58984250E+03,-.58982839E+03,1
pbesol,CdTe,P_Te+Cl_Te,Charged-2,1946,-.58710882E+03,-.58710882E+03,1
pbesol,CdTe,P_Te+Cl_Te,Neutral,1944.0000,-.59252395E+03,-.59252395E+03,1
pbesol,CdTe,P_Te+Cl_i,Charged+1,1949,-.59798964E+03,-.59796378E+03,1
pbesol,CdTe,P_Te+Cl_i,Charged+2,1948,-.60014646E+03,-.60010887E+03,1
pbesol,CdTe,P_Te+Cl_i,Charged-1,1951,-.59203341E+03,-.59203296E+03,1
pbesol,CdTe,P_Te+Cl_i,Charged-2,1952,-.58988535E+03,-.58988535E+03,1
pbesol,CdTe,P_Te+Cl_i,Neutral,1950.0000,-.59579975E+03,-.59579975E+03,1
pbesol,CdTe,P_Te+O_Te,Charged+1,1942,-.59689493E+03,-.59685656E+03,1
pbesol,CdTe,P_Te+O_Te,Charged+2,1941,-.59905829E+03,-.59901639E+03,1
pbesol,CdTe,P_Te+O_Te,Charged-1,1944,-.59274812E+03,-.59274812E+03,1
pbesol,CdTe,P_Te+O_Te,Charged-2,1945,-.59018194E+03,-.59016783E+03,1
pbesol,CdTe,P_Te+O_Te,Neutral,1943.0000,-.59488154E+03,-.59485538E+03,1
pbesol,CdTe,P_Te+O_i,Charged+1,1948,-.60214988E+03,-.60214643E+03,1
pbesol,CdTe,P_Te+O_i,Charged+2,1947,-.60431373E+03,-.60429053E+03,1
pbesol,CdTe,P_Te+O_i,Charged-1,1950,-.59740858E+03,-.59740854E+03,1
pbesol,CdTe,P_Te+O_i,Charged-2,1951,-.59466796E+03,-.59465385E+03,1
pbesol,CdTe,P_Te+O_i,Neutral,1949.0000,-.59989870E+03,-.59989868E+03,1
pbesol,CdTe,P_Te+P_i,Charged+1,1947,-.59998008E+03,-.59998008E+03,1
pbesol,CdTe,P_Te+P_i,Charged+2,1946,-.60223459E+03,-.60223214E+03,1
pbesol,CdTe,P_Te+P_i,Charged-1,1949,-.59471736E+03,-.59470326E+03,1
pbesol,CdTe,P_Te+P_i,Charged-2,1950,-.59189596E+03,-.59189568E+03,1
pbesol,CdTe,P_Te+P_i,Neutral,1948.0000,-.59748613E+03,-.59748613E+03,1
pbesol,CdTe,P_i,Charged+1,1948,-.59818703E+03,-.59818703E+03,1
pbesol,CdTe,P_i,Charged+2,1947,-.60016479E+03,-.60015069E+03,1
pbesol,CdTe,P_i,Charged-1,1950,-.59284608E+03,-.59282965E+03,1
pbesol,CdTe,P_i,Charged-2,1951,-.58864619E+03,-.58864619E+03,1
pbesol,CdTe,P_i,Neutral,1949.0000,-.59540044E+03,-.59538633E+03,1
pbesol,CdTe,P_i+P_i,Charged+1,1953,-.60351696E+03,-.60351693E+03,1
pbesol,CdTe,P_i+P_i,Charged+2,1952,-.60609404E+03,-.60609404E+03,1
pbesol,CdTe,P_i+P_i,Charged-1,1955,-.59804603E+03,-.59803192E+03,1
pbesol,CdTe,P_i+P_i,Charged-2,1956,-.59514532E+03,-.59514532E+03,1
pbesol,CdTe,P_i+P_i,Neutral,1954.0000,-.60083927E+03,-.60082443E+03,1
pbesol,CdTe,P_i+Te_i,Charged+1,1954,-.60137242E+03,-.60137242E+03,1
pbesol,CdTe,P_i+Te_i,Charged+2,1953,-.60362285E+03,-.60359633E+03,1
pbesol,CdTe,P_i+Te_i,Charged-1,1956,-.59564793E+03,-.59564793E+03,1
pbesol,CdTe,P_i+Te_i,Charged-2,1957,-.59226168E+03,-.59226165E+03,1
pbesol,CdTe,P_i+Te_i,Neutral,1955.0000,-.59853642E+03,-.59852232E+03,1
pbesol,CdTe,Sb_Te,Charged+1,1942,-.59387895E+03,-.59384039E+03,1
pbesol,CdTe,Sb_Te,Charged+2,1941,-.59606139E+03,-.59601907E+03,1
pbesol,CdTe,Sb_Te,Charged-1,1944,-.58940442E+03,-.58940442E+03,1
pbesol,CdTe,Sb_Te,Charged-2,1945,-.58665833E+03,-.58664423E+03,1
pbesol,CdTe,Sb_Te,Neutral,1943.0000,-.59166759E+03,-.59164109E+03,1
pbesol,CdTe,Sb_Te+Cl_Te,Charged+1,1943,-.59330557E+03,-.59328124E+03,1
pbesol,CdTe,Sb_Te+Cl_Te,Charged+2,1942,-.59546146E+03,-.59542537E+03,1
pbesol,CdTe,Sb_Te+Cl_Te,Charged-1,1945,-.58839938E+03,-.58838528E+03,1
pbesol,CdTe,Sb_Te+Cl_Te,Charged-2,1946,-.58564040E+03,-.58564040E+03,1
pbesol,CdTe,Sb_Te+Cl_Te,Neutral,1944.0000,-.59110579E+03,-.59110579E+03,1
pbesol,CdTe,Sb_Te+Cl_i,Charged+1,1949,-.59677296E+03,-.59674948E+03,1
pbesol,CdTe,Sb_Te+Cl_i,Charged+2,1948,-.59897236E+03,-.59893870E+03,1
pbesol,CdTe,Sb_Te+Cl_i,Charged-1,1951,-.59099892E+03,-.59099891E+03,1
pbesol,CdTe,Sb_Te+Cl_i,Charged-2,1952,-.58843265E+03,-.58843265E+03,1
pbesol,CdTe,Sb_Te+Cl_i,Neutral,1950.0000,-.59453106E+03,-.59453106E+03,1
pbesol,CdTe,Sb_Te+O_Te,Charged+1,1942,-.59582602E+03,-.59579359E+03,1
pbesol,CdTe,Sb_Te+O_Te,Charged+2,1941,-.59795307E+03,-.59791653E+03,1
pbesol,CdTe,Sb_Te+O_Te,Charged-1,1944,-.59144163E+03,-.59144163E+03,1
pbesol,CdTe,Sb_Te+O_Te,Charged-2,1945,-.58884376E+03,-.58882965E+03,1
pbesol,CdTe,Sb_Te+O_Te,Neutral,1943.0000,-.59366628E+03,-.59364410E+03,1
pbesol,CdTe,Sb_Te+O_i,Charged+1,1948,-.60074430E+03,-.60074430E+03,1
pbesol,CdTe,Sb_Te+O_i,Charged+2,1947,-.60294570E+03,-.60292165E+03,1
pbesol,CdTe,Sb_Te+O_i,Charged-1,1950,-.59524455E+03,-.59524401E+03,1
pbesol,CdTe,Sb_Te+O_i,Charged-2,1951,-.59248131E+03,-.59246721E+03,1
pbesol,CdTe,Sb_Te+O_i,Neutral,1949.0000,-.59796701E+03,-.59796700E+03,1
pbesol,CdTe,Sb_Te+Sb_i,Charged+1,1947,-.59764188E+03,-.59762777E+03,1
pbesol,CdTe,Sb_Te+Sb_i,Charged+2,1946,-.60043615E+03,-.60043615E+03,1
pbesol,CdTe,Sb_Te+Sb_i,Charged-1,1949,-.59181819E+03,-.59180474E+03,1
pbesol,CdTe,Sb_Te+Sb_i,Charged-2,1950,-.58889330E+03,-.58889330E+03,1
pbesol,CdTe,Sb_Te+Sb_i,Neutral,1948.0000,-.59467379E+03,-.59467191E+03,1
pbesol,CdTe,Sb_i,Charged+1,1948,-.59669339E+03,-.59669339E+03,1
pbesol,CdTe,Sb_i,Charged+2,1947,-.59953374E+03,-.59951964E+03,1
pbesol,CdTe,Sb_i,Charged-1,1950,-.59144022E+03,-.59142612E+03,1
pbesol,CdTe,Sb_i,Charged-2,1951,-.58745845E+03,-.58745845E+03,1
pbesol,CdTe,Sb_i,Neutral,1949.0000,-.59411793E+03,-.59410383E+03,1
pbesol,CdTe,Sb_i+Sb_i,Charged+1,1953,-.60065344E+03,-.60064915E+03,1
pbesol,CdTe,Sb_i+Sb_i,Charged+2,1952,-.60386720E+03,-.60386720E+03,1
pbesol,CdTe,Sb_i+Sb_i,Charged-1,1955,-.59524182E+03,-.59524148E+03,1
pbesol,CdTe,Sb_i+Sb_i,Charged-2,1956,-.59220002E+03,-.59220002E+03,1
pbesol,CdTe,Sb_i+Sb_i,Neutral,1954.0000,-.59809422E+03,-.59809422E+03,1
pbesol,CdTe,Sb_i+Te_i,Charged+1,1954,-.60029163E+03,-.60029163E+03,1
pbesol,CdTe,Sb_i+Te_i,Charged+2,1953,-.60256181E+03,-.60253510E+03,1
pbesol,CdTe,Sb_i+Te_i,Charged-1,1956,-.59451486E+03,-.59451486E+03,1
pbesol,CdTe,Sb_i+Te_i,Charged-2,1957,-.59090027E+03,-.59089991E+03,1
pbesol,CdTe,Sb_i+Te_i,Neutral,1955.0000,-.59742931E+03,-.59741521E+03,1
pbesol,CdTe,Te_Cd,Charged+1,1949,-.59004825E+03,-.59003415E+03,1
pbesol,CdTe,Te_Cd,Charged+2,1948,-.59280168E+03,-.59280168E+03,1
pbesol,CdTe,Te_Cd,Charged-1,1951,-.58419387E+03,-.58419387E+03,1
pbesol,CdTe,Te_Cd,Charged-2,1952,-.58109666E+03,-.58109666E+03,1
pbesol,CdTe,Te_Cd,Neutral,1950.0000,-.58724137E+03,-.58724137E+03,1
pbesol,CdTe,Te_Cd+Cd_i,Charged+1,1961,-.59074300E+03,-.59072889E+03,1
pbesol,CdTe,Te_Cd+Cd_i,Charged+2,1960,-.59351002E+03,-.59351002E+03,1
pbesol,CdTe,Te_Cd+Cd_i,Charged-1,1963,-.58490861E+03,-.58490851E+03,1
pbesol,CdTe,Te_Cd+Cd_i,Charged-2,1964,-.58182846E+03,-.58182844E+03,1
pbesol,CdTe,Te_Cd+Cd_i,Neutral,1962.0000,-.58792203E+03,-.58792203E+03,1
pbesol,CdTe,Te_i,Charged+1,1949,-.59645595E+03,-.59643947E+03,1
pbesol,CdTe,Te_i,Charged+2,1948,-.59867238E+03,-.59863878E+03,1
pbesol,CdTe,Te_i,Charged-1,1951,-.59135398E+03,-.59133987E+03,1
pbesol,CdTe,Te_i,Charged-2,1952,-.58850766E+03,-.58850766E+03,1
pbesol,CdTe,Te_i,Neutral,1950.0000,-.59414665E+03,-.59414665E+03,1
pbesol,CdTe,V_Cd,Charged+1,1931,-.59083298E+03,-.59079067E+03,1
pbesol,CdTe,V_Cd,Charged+2,1930,-.59296241E+03,-.59292385E+03,1
pbesol,CdTe,V_Cd,Charged-1,1933,-.58650100E+03,-.58647451E+03,1
pbesol,CdTe,V_Cd,Charged-2,1934,-.58427836E+03,-.58427836E+03,1
pbesol,CdTe,V_Cd,Neutral,1932.0000,-.58868045E+03,-.58864189E+03,1
pbesol,CdTe,V_Cd+Cd_Te,Charged+1,1925,-.59193341E+03,-.59190823E+03,1
pbesol,CdTe,V_Cd+Cd_Te,Charged+2,1924,-.59411538E+03,-.59407850E+03,1
pbesol,CdTe,V_Cd+Cd_Te,Charged-1,1927,-.58712670E+03,-.58712669E+03,1
pbesol,CdTe,V_Cd+Cd_Te,Charged-2,1928,-.58462268E+03,-.58462268E+03,1
pbesol,CdTe,V_Cd+Cd_Te,Neutral,1926.0000,-.58971329E+03,-.58971329E+03,1
pbesol,CdTe,V_Cd+Te_Cd,Charged+1,1937,-.58735534E+03,-.58733024E+03,1
pbesol,CdTe,V_Cd+Te_Cd,Charged+2,1936,-.58947824E+03,-.58944121E+03,1
pbesol,CdTe,V_Cd+Te_Cd,Charged-1,1939,-.58244096E+03,-.58242685E+03,1
pbesol,CdTe,V_Cd+Te_Cd,Charged-2,1940,-.57963670E+03,-.57963670E+03,1
pbesol,CdTe,V_Cd+Te_Cd,Neutral,1938.0000,-.58519175E+03,-.58519175E+03,1
pbesol,CdTe,V_Te,Charged+1,1937,-.58841126E+03,-.58838585E+03,1
pbesol,CdTe,V_Te,Charged+2,1936,-.59051433E+03,-.59047794E+03,1
pbesol,CdTe,V_Te,Charged-1,1939,-.58349210E+03,-.58347800E+03,1
pbesol,CdTe,V_Te,Charged-2,1940,-.58065426E+03,-.58065426E+03,1
pbesol,CdTe,V_Te,Neutral,1938.0000,-.58627651E+03,-.58627651E+03,1
pbesol,CdTe,V_Te+Cd_Te,Charged+1,1931,-.58897421E+03,-.58897419E+03,1
pbesol,CdTe,V_Te+Cd_Te,Charged+2,1930,-.59112486E+03,-.59109839E+03,1
pbesol,CdTe,V_Te+Cd_Te,Charged-1,1933,-.58387090E+03,-.58385680E+03,1
pbesol,CdTe,V_Te+Cd_Te,Charged-2,1934,-.58097820E+03,-.58097820E+03,1
pbesol,CdTe,V_Te+Cd_Te,Neutral,1932.0000,-.58671061E+03,-.58671061E+03,1
pbesol,CdTe,V_Te+Te_i,Charged+1,1943,-.59437898E+03,-.59435248E+03,1
pbesol,CdTe,V_Te+Te_i,Charged+2,1942,-.59653404E+03,-.59649547E+03,1
pbesol,CdTe,V_Te+Te_i,Charged-1,1945,-.58945098E+03,-.58943687E+03,1
pbesol,CdTe,V_Te+Te_i,Charged-2,1946,-.58665684E+03,-.58665684E+03,1
pbesol,CdTe,V_Te+Te_i,Neutral,1944.0000,-.59219138E+03,-.59219138E+03,1
pbesol,chem_pot,CompetingPhases,As,120.0000,-.40661417E+02,-.40660670E+02,1
pbesol,chem_pot,CompetingPhases,As2O5,240.0000,-.17779861E+03,-.17779861E+03,1
pbesol,chem_pot,CompetingPhases,As2Se3,192.0000,-.89092537E+02,-.89092537E+02,1
pbesol,chem_pot,CompetingPhases,AsCl3,144.0000,-.55390365E+02,-.55390365E+02,1
pbesol,chem_pot,CompetingPhases,AsCl3O,168.0000,-.78690607E+02,-.78690607E+02,1
pbesol,chem_pot,CompetingPhases,Bi,90.0000,-.25857360E+02,-.25857360E+02,1
pbesol,chem_pot,CompetingPhases,Bi2Se3O9,408.0000,-.32642645E+03,-.32642645E+03,1
pbesol,chem_pot,CompetingPhases,Bi2Te2SeO10,432.0000,-.35129928E+03,-.35129928E+03,1
pbesol,chem_pot,CompetingPhases,Bi2Te7Cl8,256.0000,-.11643433E+03,-.11643433E+03,1
pbesol,chem_pot,CompetingPhases,Bi2TeO2,96.0000,-.54612196E+02,-.54611816E+02,1
pbesol,chem_pot,CompetingPhases,Bi3ClO4,152.0000,-.92108565E+02,-.92108565E+02,1
pbesol,chem_pot,CompetingPhases,BiCl3,144.0000,-.56237700E+02,-.56237700E+02,1
pbesol,chem_pot,CompetingPhases,BiO2,216.0000,-.14308965E+03,-.14308965E+03,1
pbesol,chem_pot,CompetingPhases,BiSeCl,112.0000,-.48377332E+02,-.48377332E+02,1
pbesol,chem_pot,CompetingPhases,Cd,24.0000,-.24136511E+01,-.24134620E+01,1
pbesol,chem_pot,CompetingPhases,Cd108Se12Te96,1944.0000,-.59947887E+03,-.59947887E+03,1
pbesol,chem_pot,CompetingPhases,Cd108Se21Te87,1944.0000,-.60526581E+03,-.60526581E+03,1
pbesol,chem_pot,CompetingPhases,Cd108Se27Te81,1944.0000,-.60905537E+03,-.60905537E+03,1
pbesol,chem_pot,CompetingPhases,Cd108Se6Te102,1944.0000,-.59568811E+03,-.59568811E+03,1
pbesol,chem_pot,CompetingPhases,Cd2Te2O7,312.0000,-.23303673E+03,-.23303673E+03,1
pbesol,chem_pot,CompetingPhases,Cd3As2,,-.45025270E+03,-.45024877E+03,1
pbesol,chem_pot,CompetingPhases,Cd3AsCl3,288.0000,-.78399074E+02,-.78399074E+02,1
pbesol,chem_pot,CompetingPhases,Cd3N2,736.0000,-.29229391E+03,-.29229195E+03,1
pbesol,chem_pot,CompetingPhases,Cd3P2,368.0000,-.12207722E+03,-.12207627E+03,1
pbesol,chem_pot,CompetingPhases,Cd3PCl3,124.0000,-.40609702E+02,-.40609702E+02,1
pbesol,chem_pot,CompetingPhases,Cd4SeTe3,,,,0
pbesol,chem_pot,CompetingPhases,CdAs2,168.0000,-.46324554E+02,-.46324554E+02,1
pbesol,chem_pot,CompetingPhases,CdAs2O6,78.0000,-.54634358E+02,-.54634358E+02,1
pbesol,chem_pot,CompetingPhases,CdBiO3,270.0000,-.15836967E+03,-.15836967E+03,1
pbesol,chem_pot,CompetingPhases,CdCl2,78.0000,-.25275087E+02,-.25275087E+02,1
pbesol,chem_pot,CompetingPhases,CdCu2,,-.78465166E+02,-.78460427E+02,1
pbesol,chem_pot,CompetingPhases,CdCu2O4,232.0000,-.14266050E+03,-.14266050E+03,1
pbesol,chem_pot,CompetingPhases,CdCu2Se2,46.0000,-.18507810E+02,-.18507248E+02,1
pbesol,chem_pot,CompetingPhases,CdN2O6,464.0000,-.44001248E+03,-.44001248E+03,1
pbesol,chem_pot,CompetingPhases,CdNCl3,152.0000,-.62073802E+02,-.62073802E+02,1
pbesol,chem_pot,CompetingPhases,CdO,72.0000,-.34021536E+02,-.34021382E+02,1
pbesol,chem_pot,CompetingPhases,CdP2O6,464.0000,-.49724818E+03,-.49724818E+03,1
pbesol,chem_pot,CompetingPhases,CdSb2O6,58.0000,-.54415522E+02,-.54415522E+02,1
pbesol,chem_pot,CompetingPhases,CdSe0.25Te0.75,1944.0000,-.53592540E+03,-.53592540E+03,1
pbesol,chem_pot,CompetingPhases,CdSe0.50Te0.50,,,,0
pbesol,chem_pot,CompetingPhases,CdSe0.75Te0.25,,,,0
pbesol,chem_pot,CompetingPhases,CdSe2O5,216.0000,-.16898810E+03,-.16898810E+03,1
pbesol,chem_pot,CompetingPhases,CdTe,1944.0000,-.59199831E+03,-.59199831E+03,1
pbesol,chem_pot,CompetingPhases,Cl,56.0000,-.16126784E+02,-.16126784E+02,1
pbesol,chem_pot,CompetingPhases,Cu,44.0000,-.17236735E+02,-.17236118E+02,1
pbesol,chem_pot,CompetingPhases,Cu2O,56.0000,-.29970141E+02,-.29970141E+02,1
pbesol,chem_pot,CompetingPhases,CuCl2,50.0000,-.19523180E+02,-.19521561E+02,1
pbesol,chem_pot,CompetingPhases,CuClO,384.0000,-.20264334E+03,-.20264193E+03,1
pbesol,chem_pot,CompetingPhases,CuSe,204.0000,-.10079655E+03,-.10079164E+03,1
pbesol,chem_pot,CompetingPhases,CuSe2Cl,120.0000,-.60401663E+02,-.60401663E+02,1
pbesol,chem_pot,CompetingPhases,CuSeO4,164.0000,-.12978412E+03,-.12978161E+03,1
pbesol,chem_pot,CompetingPhases,CuTe,34.0000,-.15912979E+02,-.15912515E+02,1
pbesol,chem_pot,CompetingPhases,CuTe2Cl,120.0000,-.57363989E+02,-.57363989E+02,1
pbesol,chem_pot,CompetingPhases,CuTeO4,41.0000,-.33590329E+02,-.33589363E+02,1
pbesol,chem_pot,CompetingPhases,CuTeSe,92.0000,-.47558191E+02,-.47552785E+02,1
pbesol,chem_pot,CompetingPhases,CuTeSeCl,120.0000,-.59234242E+02,-.59234242E+02,1
pbesol,chem_pot,CompetingPhases,N,40.0000,-.68302167E+02,-.68302167E+02,1
pbesol,chem_pot,CompetingPhases,N2Cl,68.0000,-.76175018E+02,-.76175018E+02,1
pbesol,chem_pot,CompetingPhases,NClO,72.0000,-.62874554E+02,-.62874554E+02,1
pbesol,chem_pot,CompetingPhases,NO2,204.0000,-.23807207E+03,-.23807207E+03,1
pbesol,chem_pot,CompetingPhases,O,96.0000,-.83901860E+02,-.83901860E+02,1
pbesol,chem_pot,CompetingPhases,P,420.0000,-.48396472E+03,-.48396472E+03,1
pbesol,chem_pot,CompetingPhases,P2O5,160.0000,-.20642764E+03,-.20642764E+03,1
pbesol,chem_pot,CompetingPhases,P4SeO7,136.0000,-.16507932E+03,-.16507932E+03,1
pbesol,chem_pot,CompetingPhases,PCl3,104.0000,-.57896752E+02,-.57896752E+02,1
pbesol,chem_pot,CompetingPhases,PCl3O,128.0000,-.89462861E+02,-.89462861E+02,1
pbesol,chem_pot,CompetingPhases,POTCARs,,,,0
pbesol,chem_pot,CompetingPhases,PSe,176.0000,-.15528956E+03,-.15528956E+03,1
pbesol,chem_pot,CompetingPhases,PSeCl9,592.0000,-.26587291E+03,-.26587291E+03,1
pbesol,chem_pot,CompetingPhases,PTe,176.0000,-.14431447E+03,-.14431447E+03,1
pbesol,chem_pot,CompetingPhases,Sb,30.0000,-.27378248E+02,-.27377722E+02,1
pbesol,chem_pot,CompetingPhases,Sb2O3,112.0000,-.12631621E+03,-.12631621E+03,1
pbesol,chem_pot,CompetingPhases,Sb2Te2O9,608.0000,-.63354875E+03,-.63354875E+03,1
pbesol,chem_pot,CompetingPhases,SbCl3,104.0000,-.55755584E+02,-.55755584E+02,1
pbesol,chem_pot,CompetingPhases,SbClO,216.0000,-.18359944E+03,-.18359944E+03,1
pbesol,chem_pot,CompetingPhases,SbSeCl9,296.0000,-.12913510E+03,-.12913510E+03,1
pbesol,chem_pot,CompetingPhases,SbSeO5,164.0000,-.16142334E+03,-.16142297E+03,1
pbesol,chem_pot,CompetingPhases,Se,18.0000,-.11561873E+02,-.11561873E+02,1
pbesol,chem_pot,CompetingPhases,Se2NCl5,416.0000,-.21581021E+03,-.21581021E+03,1
pbesol,chem_pot,CompetingPhases,Se2O5,168.0000,-.15050844E+03,-.15050844E+03,1
pbesol,chem_pot,CompetingPhases,Se3N2O12,,-.38529655E+03,-.38529655E+03,1
pbesol,chem_pot,CompetingPhases,SeCl4,544.0000,-.21904138E+03,-.21904138E+03,1
pbesol,chem_pot,CompetingPhases,SeN,176.0000,-.17482762E+03,-.17482762E+03,1
pbesol,chem_pot,CompetingPhases,SeO2,144.0000,-.13169826E+03,-.13169826E+03,1
pbesol,chem_pot,CompetingPhases,Te,18.0000,-.10584023E+02,-.10584023E+02,1
pbesol,chem_pot,CompetingPhases,Te2NO7,236.0000,-.23551264E+03,-.23551225E+03,1
pbesol,chem_pot,CompetingPhases,Te2O5,84.0000,-.79980174E+02,-.79980174E+02,1
pbesol,chem_pot,CompetingPhases,Te2P3O12,594.0000,-.69407592E+03,-.69407273E+03,1
pbesol,chem_pot,CompetingPhases,Te3As2,192.0000,-.83619211E+02,-.83619210E+02,1
pbesol,chem_pot,CompetingPhases,Te3As2O11,228.0000,-.19280637E+03,-.19280637E+03,1
pbesol,chem_pot,CompetingPhases,Te3Cl2,128.0000,-.63932576E+02,-.63932576E+02,1
pbesol,chem_pot,CompetingPhases,TeCl4,544.0000,-.23259994E+03,-.23259994E+03,1
pbesol,chem_pot,CompetingPhases,TeN2,64.0000,-.68654080E+02,-.68653037E+02,1
pbesol,chem_pot,CompetingPhases,TeN2Cl6,232.0000,-.98125797E+02,-.98125797E+02,1
pbesol,chem_pot,CompetingPhases,TeO2,72.0000,-.68553184E+02,-.68553184E+02,1
pbesol,chem_pot,CompetingPhases,TeO3,96.0000,-.90670855E+02,-.90670855E+02,1
pbesol,chem_pot,CompetingPhases,TePCl9,592.0000,-.27434053E+03,-.27434053E+03,1
pbesol,chem_pot,CompetingPhases,TeSeN2O10,328.0000,-.31906043E+03,-.31906043E+03,1
pbesol,chem_pot,CompetingPhases,TeSeO4,144.0000,-.13508830E+03,-.13508830E+03,1
pbesol,chem_pot,CompetingPhases,structs,,,,0
pbesol,chem_pot,BULK,Bulk,,,,0
pbesol,chem_pot,chem_pot_results,Cd108Se12Te96,,,,0
pbesol,chem_pot,chem_pot_results,Cd108Se21Te87,,,,0
pbesol,chem_pot,chem_pot_results,Cd108Se27Te81,,,,0
pbesol,chem_pot,chem_pot_results,Cd108Se6Te102,,,,0
pbesol,chem_pot,chem_pot_results,CdSe,,,,0
pbesol,chem_pot,chem_pot_results,CdSe0.06Te0.94,,,,0
pbesol,chem_pot,chem_pot_results,CdSe0.12Te0.88,,,,0
pbesol,chem_pot,chem_pot_results,CdSe0.20Te0.80,,,,0
pbesol,chem_pot,chem_pot_results,CdSe0.25Te0.75,,,,0
pbesol,chem_pot,chem_pot_results,CdTe,,,,0
pbesol,script_and_data,chem_pot_results_entropy,T800K,,,,0
pbesol,script_and_data,defect_report,data,,,,0
pbesol,script_and_data,defect_report,figures,,,,0
pbesol,script_and_data,pyenv,bin,,,,0
pbesol,script_and_data,pyenv,include,,,,0
pbesol,script_and_data,pyenv,lib,,,,0
pbesol,script_and_data,pyenv,share,,,,0
hsesoc,CdSe0.06Te0.94,As_Se,Charged-1,1944,-.67762926E+03,-.67762961E+03,1
hsesoc,CdSe0.06Te0.94,As_Se,Neutral,1943.0000,-.75247088E+03,-.75247122E+03,1
hsesoc,CdSe0.06Te0.94,As_Se+As_i,Charged+1,1947,,,0
hsesoc,CdSe0.06Te0.94,As_Se+As_i,Charged-1,1949,-.75384174E+03,-.75384207E+03,1
hsesoc,CdSe0.06Te0.94,As_Se+As_i,Neutral,1948.0000,-.75692223E+03,-.75692310E+03,1
hsesoc,CdSe0.06Te0.94,As_Se+Cl_Se,Charged+1,1943,,,0
hsesoc,CdSe0.06Te0.94,As_Se+Cl_Se,Charged-1,,,,0
hsesoc,CdSe0.06Te0.94,As_Se+Cl_Se,Neutral,1944.0000,-.75124176E+03,-.75124271E+03,1
hsesoc,CdSe0.06Te0.94,As_Se+Cl_i,Charged+1,1949,-.75651767E+03,-.75651799E+03,1
hsesoc,CdSe0.06Te0.94,As_Se+Cl_i,Charged-1,1951,-.75283733E+03,-.75283795E+03,1
hsesoc,CdSe0.06Te0.94,As_Se+Cl_i,Neutral,1950.0000,-.75468076E+03,-.75468125E+03,1
hsesoc,CdSe0.06Te0.94,As_Se+O_Se,Charged+1,1942,,,0
hsesoc,CdSe0.06Te0.94,As_Se+O_Se,Charged-1,1944,,,0
hsesoc,CdSe0.06Te0.94,As_Se+O_Se,Neutral,1943.0000,,,0
hsesoc,CdSe0.06Te0.94,As_Se+O_i,Charged+1,1948,,,0
hsesoc,CdSe0.06Te0.94,As_Se+O_i,Charged-1,1950,-.75644019E+03,-.75644060E+03,1
hsesoc,CdSe0.06Te0.94,As_Se+O_i,Neutral,1949.0000,,,0
hsesoc,CdSe0.06Te0.94,As_Te,Charged-1,1944,,,0
hsesoc,CdSe0.06Te0.94,As_Te,Neutral,1943.0000,-.75308882E+03,-.75308904E+03,1
hsesoc,CdSe0.06Te0.94,As_Te+As_i,Charged+1,1947,,,0
hsesoc,CdSe0.06Te0.94,As_Te+As_i,Charged-1,1949,-.75496766E+03,-.75496785E+03,1
hsesoc,CdSe0.06Te0.94,As_Te+As_i,Neutral,1948.0000,,,0
hsesoc,CdSe0.06Te0.94,As_Te+Cl_Te,Charged+1,1943,-.75446757E+03,-.75446784E+03,1
hsesoc,CdSe0.06Te0.94,As_Te+Cl_Te,Charged-1,1945,-.74973663E+03,-.74973696E+03,1
hsesoc,CdSe0.06Te0.94,As_Te+Cl_Te,Neutral,1944.0000,-.75271044E+03,-.75271129E+03,1
hsesoc,CdSe0.06Te0.94,As_Te+Cl_i,Charged+1,1949,-.75892066E+03,-.75892095E+03,1
hsesoc,CdSe0.06Te0.94,As_Te+Cl_i,Charged-1,1951,-.75310925E+03,-.75310958E+03,1
hsesoc,CdSe0.06Te0.94,As_Te+Cl_i,Neutral,1950.0000,,,0
hsesoc,CdSe0.06Te0.94,As_Te+O_Te,Charged+1,1942,-.75768899E+03,-.75768940E+03,1
hsesoc,CdSe0.06Te0.94,As_Te+O_Te,Charged-1,1944,-.75418797E+03,-.75418850E+03,1
hsesoc,CdSe0.06Te0.94,As_Te+O_Te,Neutral,1943.0000,-.75595009E+03,-.75595028E+03,1
hsesoc,CdSe0.06Te0.94,As_Te+O_i,Charged+1,1948,,,0
hsesoc,CdSe0.06Te0.94,As_Te+O_i,Charged-1,1950,,,0
hsesoc,CdSe0.06Te0.94,As_Te+O_i,Neutral,1949.0000,-.76208564E+03,-.76208610E+03,1
hsesoc,CdSe0.06Te0.94,As_i,Charged+1,1948,,,0
hsesoc,CdSe0.06Te0.94,As_i,Charged-1,1950,,,0
hsesoc,CdSe0.06Te0.94,As_i,Neutral,1949.0000,-.75692430E+03,-.75692449E+03,1
hsesoc,CdSe0.06Te0.94,As_i+As_i,Charged+1,1953,-.76473750E+03,-.76473770E+03,1
hsesoc,CdSe0.06Te0.94,As_i+As_i,Neutral,1954.0000,,,0
hsesoc,CdSe0.06Te0.94,As_i+Se_i,Charged+1,1954,-.76418862E+03,-.76418937E+03,1
hsesoc,CdSe0.06Te0.94,As_i+Se_i,Charged-1,1956,,,0
hsesoc,CdSe0.06Te0.94,As_i+Se_i,Neutral,1955.0000,-.76106047E+03,-.76106079E+03,1
hsesoc,CdSe0.06Te0.94,As_i+Te_i,Charged+1,1954,,,0
hsesoc,CdSe0.06Te0.94,As_i+Te_i,Charged-1,1956,-.75727827E+03,-.75727867E+03,1
hsesoc,CdSe0.06Te0.94,As_i+Te_i,Neutral,1955.0000,-.76042498E+03,-.76042531E+03,1
hsesoc,CdSe0.06Te0.94,Bi_Cd,Charged+1,1946,,,0
hsesoc,CdSe0.06Te0.94,Bi_Cd,Neutral,1947.0000,-.75569971E+03,-.75570003E+03,1
hsesoc,CdSe0.06Te0.94,Bi_Cd+Bi_Se,Charged+1,1955,-.75724457E+03,-.75724491E+03,1
hsesoc,CdSe0.06Te0.94,Bi_Cd+Bi_Se,Neutral,1956.0000,-.75499919E+03,-.75499953E+03,1
hsesoc,CdSe0.06Te0.94,Bi_Cd+Bi_Te,Charged+1,1955,,,0
hsesoc,CdSe0.06Te0.94,Bi_Cd+Bi_Te,Neutral,1956.0000,-.75566998E+03,-.75567032E+03,1
hsesoc,CdSe0.06Te0.94,Bi_Cd+Bi_i,Charged+1,1961,-.76130850E+03,-.76130881E+03,1
hsesoc,CdSe0.06Te0.94,Bi_Cd+Bi_i,Neutral,1962.0000,,,0
hsesoc,CdSe0.06Te0.94,Bi_Cd+Cl_Se,Charged+1,1947,-.75634860E+03,-.75634891E+03,1
hsesoc,CdSe0.06Te0.94,Bi_Cd+Cl_Se,Neutral,1948.0000,,,0
hsesoc,CdSe0.06Te0.94,Bi_Cd+Cl_Te,Charged+1,1947,-.75692858E+03,-.75692888E+03,1
hsesoc,CdSe0.06Te0.94,Bi_Cd+Cl_Te,Neutral,1948.0000,-.75387006E+03,-.75387006E+03,1
hsesoc,CdSe0.06Te0.94,Bi_Cd+Cl_i,Charged+1,1953,-.76094883E+03,-.76094963E+03,1
hsesoc,CdSe0.06Te0.94,Bi_Cd+Cl_i,Neutral,1954.0000,-.75909473E+03,-.75909558E+03,1
hsesoc,CdSe0.06Te0.94,Bi_Cd+O_Se,Charged+1,1946,-.76113667E+03,-.76113753E+03,1
hsesoc,CdSe0.06Te0.94,Bi_Cd+O_Se,Charged-1,1948,-.75518110E+03,-.75518110E+03,1
hsesoc,CdSe0.06Te0.94,Bi_Cd+O_Se,Neutral,1947.0000,,,0
hsesoc,CdSe0.06Te0.94,Bi_Cd+O_Te,Charged+1,1946,-.76172204E+03,-.76172204E+03,1
hsesoc,CdSe0.06Te0.94,Bi_Cd+O_Te,Charged-1,1948,-.75588395E+03,-.75588435E+03,1
hsesoc,CdSe0.06Te0.94,Bi_Cd+O_Te,Neutral,1947.0000,,,0
hsesoc,CdSe0.06Te0.94,Bi_Cd+O_i,Charged+1,1952,-.76446379E+03,-.76446426E+03,1
hsesoc,CdSe0.06Te0.94,Bi_Cd+O_i,Neutral,1953.0000,-.76262482E+03,-.76262516E+03,1
hsesoc,CdSe0.06Te0.94,Bi_Cd+Se_i,Charged+1,1952,,,0
hsesoc,CdSe0.06Te0.94,Bi_Cd+Se_i,Charged-1,1954,-.75547697E+03,-.75547745E+03,1
hsesoc,CdSe0.06Te0.94,Bi_Cd+Se_i,Neutral,1953.0000,-.75861719E+03,-.75861749E+03,1
hsesoc,CdSe0.06Te0.94,Bi_Cd+Te_i,Charged+1,1952,-.76166394E+03,-.76166394E+03,1
hsesoc,CdSe0.06Te0.94,Bi_Cd+Te_i,Charged-1,1954,,,0
hsesoc,CdSe0.06Te0.94,Bi_Cd+Te_i,Neutral,1953.0000,,,0
hsesoc,CdSe0.06Te0.94,Bi_Cd+V_Cd,Charged+1,1934,-.75451961E+03,-.75452004E+03,1
hsesoc,CdSe0.06Te0.94,Bi_Cd+V_Cd,Charged-1,1936,,,0
hsesoc,CdSe0.06Te0.94,Bi_Cd+V_Cd,Neutral,1935.0000,,,0
hsesoc,CdSe0.06Te0.94,Bi_Cd+V_Se,Charged+1,1940,-.75059139E+03,-.75059220E+03,1
hsesoc,CdSe0.06Te0.94,Bi_Cd+V_Se,Neutral,1941.0000,-.74746842E+03,-.74746868E+03,1
hsesoc,CdSe0.06Te0.94,Bi_Cd+V_Te,Charged+1,1940,-.75118789E+03,-.75118789E+03,1
hsesoc,CdSe0.06Te0.94,Bi_Cd+V_Te,Neutral,1941.0000,-.74806591E+03,-.74806621E+03,1
hsesoc,CdSe0.06Te0.94,Bi_Se,Charged+1,1952,,,0
hsesoc,CdSe0.06Te0.94,Bi_Se,Neutral,1953.0000,-.75176893E+03,-.75176893E+03,1
hsesoc,CdSe0.06Te0.94,Bi_Se+Bi_i,Charged+1,1967,-.75776255E+03,-.75776274E+03,1
hsesoc,CdSe0.06Te0.94,Bi_Se+Bi_i,Neutral,1968.0000,-.75464145E+03,-.75464173E+03,1
hsesoc,CdSe0.06Te0.94,Bi_Se+Cl_Se,Charged+1,1953,-.75243369E+03,-.75243402E+03,1
hsesoc,CdSe0.06Te0.94,Bi_Se+Cl_Se,Neutral,1954.0000,,,0
hsesoc,CdSe0.06Te0.94,Bi_Se+Cl_i,Charged+1,1959,,,0
hsesoc,CdSe0.06Te0.94,Bi_Se+Cl_i,Neutral,1960.0000,,,0
hsesoc,CdSe0.06Te0.94,Bi_Se+O_Se,Charged+1,1952,-.75605655E+03,-.75605696E+03,1
hsesoc,CdSe0.06Te0.94,Bi_Se+O_Se,Charged-1,1954,-.75187160E+03,-.75187206E+03,1
hsesoc,CdSe0.06Te0.94,Bi_Se+O_Se,Neutral,1953.0000,-.75406474E+03,-.75406474E+03,1
hsesoc,CdSe0.06Te0.94,Bi_Se+O_i,Charged+1,1958,,,0
hsesoc,CdSe0.06Te0.94,Bi_Se+O_i,Neutral,1959.0000,-.75934030E+03,-.75934069E+03,1
hsesoc,CdSe0.06Te0.94,Bi_Te,Charged+1,1952,,,0
hsesoc,CdSe0.06Te0.94,Bi_Te,Neutral,1953.0000,,,0
hsesoc,CdSe0.06Te0.94,Bi_Te+Bi_i,Charged+1,1967,,,0
hsesoc,CdSe0.06Te0.94,Bi_Te+Bi_i,Neutral,1968.0000,,,0
hsesoc,CdSe0.06Te0.94,Bi_Te+Cl_Te,Charged+1,1953,,,0
hsesoc,CdSe0.06Te0.94,Bi_Te+Cl_Te,Neutral,1954.0000,-.75164824E+03,-.75164824E+03,1
hsesoc,CdSe0.06Te0.94,Bi_Te+Cl_i,Charged+1,1959,-.75870865E+03,-.75870884E+03,1
hsesoc,CdSe0.06Te0.94,Bi_Te+Cl_i,Neutral,1960.0000,-.75642007E+03,-.75642040E+03,1
hsesoc,CdSe0.06Te0.94,Bi_Te+O_Te,Charged+1,1952,,,0
hsesoc,CdSe0.06Te0.94,Bi_Te+O_Te,Charged-1,1954,-.75323296E+03,-.75323328E+03,1
hsesoc,CdSe0.06Te0.94,Bi_Te+O_Te,Neutral,1953.0000,-.75551547E+03,-.75551567E+03,1
hsesoc,CdSe0.06Te0.94,Bi_Te+O_i,Charged+1,1958,-.76350164E+03,-.76350164E+03,1
hsesoc,CdSe0.06Te0.94,Bi_Te+O_i,Neutral,1959.0000,,,0
hsesoc,CdSe0.06Te0.94,Bi_i,Charged+1,1958,-.75905256E+03,-.75905295E+03,1
hsesoc,CdSe0.06Te0.94,Bi_i,Charged-1,1960,,,0
hsesoc,CdSe0.06Te0.94,Bi_i,Neutral,1959.0000,-.75597641E+03,-.75597669E+03,1
hsesoc,CdSe0.06Te0.94,Bi_i+Bi_i,Charged+1,1973,,,0
hsesoc,CdSe0.06Te0.94,Bi_i+Bi_i,Neutral,1974.0000,-.76047084E+03,-.76047112E+03,1
hsesoc,CdSe0.06Te0.94,Bi_i+Se_i,Charged+1,1964,,,0
hsesoc,CdSe0.06Te0.94,Bi_i+Se_i,Charged-1,1966,-.75756197E+03,-.75756229E+03,1
hsesoc,CdSe0.06Te0.94,Bi_i+Se_i,Neutral,1965.0000,-.76067965E+03,-.76067984E+03,1
hsesoc,CdSe0.06Te0.94,Bi_i+Te_i,Charged+1,1964,-.76294152E+03,-.76294189E+03,1
hsesoc,CdSe0.06Te0.94,Bi_i+Te_i,Charged-1,1966,,,0
hsesoc,CdSe0.06Te0.94,Bi_i+Te_i,Neutral,1965.0000,-.75979755E+03,-.75979787E+03,1
hsesoc,CdSe0.06Te0.94,Cd_Se,Charged+1,1937,,,0
hsesoc,CdSe0.06Te0.94,Cd_Se,Charged+2,1936,-.75813504E+03,-.75813590E+03,1
hsesoc,CdSe0.06Te0.94,Cd_Se,Neutral,1938.0000,-.75384735E+03,-.75384821E+03,1
hsesoc,CdSe0.06Te0.94,Cd_Se+Te_i,Charged+1,1943,-.76058676E+03,-.76058743E+03,1
hsesoc,CdSe0.06Te0.94,Cd_Se+Te_i,Charged-1,1945,-.75533867E+03,-.75533901E+03,1
hsesoc,CdSe0.06Te0.94,Cd_Se+Te_i,Neutral,1944.0000,-.75845382E+03,-.75845444E+03,1
hsesoc,CdSe0.06Te0.94,Cd_Te,Charged+1,1937,,,0
hsesoc,CdSe0.06Te0.94,Cd_Te,Charged+2,1936,-.75828242E+03,-.75828329E+03,1
hsesoc,CdSe0.06Te0.94,Cd_Te,Neutral,1938.0000,,,0
hsesoc,CdSe0.06Te0.94,Cd_Te+Se_i,Charged+1,1943,,,0
hsesoc,CdSe0.06Te0.94,Cd_Te+Se_i,Charged-1,1945,,,0
hsesoc,CdSe0.06Te0.94,Cd_Te+Se_i,Neutral,1944.0000,,,0
hsesoc,CdSe0.06Te0.94,Cd_i,Charged+1,1955,-.75589501E+03,-.75589528E+03,1
hsesoc,CdSe0.06Te0.94,Cd_i,Charged+2,1954,,,0
hsesoc,CdSe0.06Te0.94,Cd_i,Neutral,1956.0000,,,0
hsesoc,CdSe0.06Te0.94,Cl_Se,Charged+1,1944,-.75400001E+03,-.75400083E+03,1
hsesoc,CdSe0.06Te0.94,Cl_Se,Neutral,1945.0000,,,0
hsesoc,CdSe0.06Te0.94,Cl_Te,Charged+1,,,,0
hsesoc,CdSe0.06Te0.94,Cl_Te,Neutral,1945.0000,,,0
hsesoc,CdSe0.06Te0.94,Cu_Cd,Charged-1,1944,-.75274747E+03,-.75274829E+03,1
hsesoc,CdSe0.06Te0.94,Cu_Cd,Neutral,1943.0000,-.75460153E+03,-.75460173E+03,1
hsesoc,CdSe0.06Te0.94,O_Se,Charged+1,1943,-.75742568E+03,-.75742652E+03,1
hsesoc,CdSe0.06Te0.94,O_Se,Charged-1,1945,,,0
hsesoc,CdSe0.06Te0.94,O_Se,Neutral,1944.0000,-.75565706E+03,-.75565787E+03,1
hsesoc,CdSe0.06Te0.94,O_Te,Charged+1,1943,,,0
hsesoc,CdSe0.06Te0.94,O_Te,Charged-1,1945,,,0
hsesoc,CdSe0.06Te0.94,O_Te,Neutral,1944.0000,-.75628971E+03,-.75629060E+03,1
hsesoc,CdSe0.06Te0.94,O_i+As_Se+O_i,Charged+1,1954,-.76946403E+03,-.76946451E+03,1
hsesoc,CdSe0.06Te0.94,O_i+As_Se+O_i,Charged-1,1956,,,0
hsesoc,CdSe0.06Te0.94,O_i+As_Se+O_i,Neutral,1955.0000,-.76764189E+03,-.76764211E+03,1
hsesoc,CdSe0.06Te0.94,O_i+As_Te+O_i,Charged+1,1954,-.77026024E+03,-.77026024E+03,1
hsesoc,CdSe0.06Te0.94,O_i+As_Te+O_i,Charged-1,1956,,,0
hsesoc,CdSe0.06Te0.94,O_i+As_Te+O_i,Neutral,1955.0000,-.76721442E+03,-.76721474E+03,1
hsesoc,CdSe0.06Te0.94,O_i+As_i+O_i,Charged+1,1960,,,0
hsesoc,CdSe0.06Te0.94,O_i+As_i+O_i,Neutral,1961.0000,-.77290772E+03,-.77290801E+03,1
hsesoc,CdSe0.06Te0.94,O_i+Bi_Se+O_i,Charged+1,1964,-.76755731E+03,-.76755764E+03,1
hsesoc,CdSe0.06Te0.94,O_i+Bi_Se+O_i,Neutral,1965.0000,-.76569328E+03,-.76569348E+03,1
hsesoc,CdSe0.06Te0.94,O_i+Bi_Te+O_i,Charged+1,1964,-.76946501E+03,-.76946540E+03,1
hsesoc,CdSe0.06Te0.94,O_i+Bi_Te+O_i,Neutral,1965.0000,-.76640327E+03,-.76640356E+03,1
hsesoc,CdSe0.06Te0.94,O_i+Bi_i+O_i,Charged+1,1970,,,0
hsesoc,CdSe0.06Te0.94,O_i+Bi_i+O_i,Neutral,1971.0000,,,0
hsesoc,CdSe0.06Te0.94,O_i+P_Se+O_i,Charged+1,1954,-.77075743E+03,-.77075815E+03,1
hsesoc,CdSe0.06Te0.94,O_i+P_Se+O_i,Charged-1,1956,-.76661809E+03,-.76661857E+03,1
hsesoc,CdSe0.06Te0.94,O_i+P_Se+O_i,Neutral,1955.0000,,,0
hsesoc,CdSe0.06Te0.94,O_i+P_Te+O_i,Charged+1,1954,,,0
hsesoc,CdSe0.06Te0.94,O_i+P_Te+O_i,Charged-1,1956,,,0
hsesoc,CdSe0.06Te0.94,O_i+P_Te+O_i,Neutral,1955.0000,-.77110613E+03,-.77110655E+03,1
hsesoc,CdSe0.06Te0.94,O_i+P_i+O_i,Charged+1,1960,-.77758755E+03,-.77758755E+03,1
hsesoc,CdSe0.06Te0.94,O_i+P_i+O_i,Neutral,1961.0000,-.77449086E+03,-.77449116E+03,1
hsesoc,CdSe0.06Te0.94,O_i+Sb_Se+O_i,Charged+1,1954,-.76904281E+03,-.76904310E+03,1
hsesoc,CdSe0.06Te0.94,O_i+Sb_Se+O_i,Charged-1,1956,,,0
hsesoc,CdSe0.06Te0.94,O_i+Sb_Se+O_i,Neutral,1955.0000,,,0
hsesoc,CdSe0.06Te0.94,O_i+Sb_Te+O_i,Charged+1,1954,,,0
hsesoc,CdSe0.06Te0.94,O_i+Sb_Te+O_i,Charged-1,1956,-.76571069E+03,-.76571112E+03,1
hsesoc,CdSe0.06Te0.94,O_i+Sb_Te+O_i,Neutral,1955.0000,-.76667126E+03,-.76667156E+03,1
hsesoc,CdSe0.06Te0.94,O_i+Sb_i+O_i,Charged+1,1960,-.77626627E+03,-.77626704E+03,1
hsesoc,CdSe0.06Te0.94,O_i+Sb_i+O_i,Neutral,1961.0000,-.77314781E+03,-.77314810E+03,1
hsesoc,CdSe0.06Te0.94,P_Se,Charged-1,1944,,,0
hsesoc,CdSe0.06Te0.94,P_Se,Neutral,1943.0000,-.75313486E+03,-.75313556E+03,1
hsesoc,CdSe0.06Te0.94,P_Se+Cl_Se,Charged+1,,,,0
hsesoc,CdSe0.06Te0.94,P_Se+Cl_Se,Charged-1,1945,,,0
hsesoc,CdSe0.06Te0.94,P_Se+Cl_Se,Neutral,1944.0000,-.75192131E+03,-.75192222E+03,1
hsesoc,CdSe0.06Te0.94,P_Se+Cl_i,Charged+1,1949,-.75716000E+03,-.75716042E+03,1
hsesoc,CdSe0.06Te0.94,P_Se+Cl_i,Charged-1,1951,,,0
hsesoc,CdSe0.06Te0.94,P_Se+Cl_i,Neutral,1950.0000,-.75533467E+03,-.75533523E+03,1
hsesoc,CdSe0.06Te0.94,P_Se+O_Se,Charged+1,1942,,,0
hsesoc,CdSe0.06Te0.94,P_Se+O_Se,Charged-1,1944,,,0
hsesoc,CdSe0.06Te0.94,P_Se+O_Se,Neutral,1943.0000,,,0
hsesoc,CdSe0.06Te0.94,P_Se+O_i,Charged+1,1948,-.76220302E+03,-.76220374E+03,1
hsesoc,CdSe0.06Te0.94,P_Se+O_i,Charged-1,1950,-.75893790E+03,-.75893847E+03,1
hsesoc,CdSe0.06Te0.94,P_Se+O_i,Neutral,1949.0000,,,0
hsesoc,CdSe0.06Te0.94,P_Se+P_i,Charged+1,1947,-.76007174E+03,-.76007269E+03,1
hsesoc,CdSe0.06Te0.94,P_Se+P_i,Charged-1,1949,,,0
hsesoc,CdSe0.06Te0.94,P_Se+P_i,Neutral,1948.0000,-.75791536E+03,-.75791615E+03,1
hsesoc,CdSe0.06Te0.94,P_Te,Charged-1,1944,-.75195199E+03,-.75195292E+03,1
hsesoc,CdSe0.06Te0.94,P_Te,Neutral,1943.0000,,,0
hsesoc,CdSe0.06Te0.94,P_Te+Cl_Te,Charged+1,1943,,,0
hsesoc,CdSe0.06Te0.94,P_Te+Cl_Te,Charged-1,1945,-.75041329E+03,-.75041362E+03,1
hsesoc,CdSe0.06Te0.94,P_Te+Cl_Te,Neutral,1944.0000,-.75338607E+03,-.75338692E+03,1
hsesoc,CdSe0.06Te0.94,P_Te+Cl_i,Charged+1,1949,-.75811945E+03,-.75812012E+03,1
hsesoc,CdSe0.06Te0.94,P_Te+Cl_i,Charged-1,1951,,,0
hsesoc,CdSe0.06Te0.94,P_Te+Cl_i,Neutral,1950.0000,-.75632215E+03,-.75632302E+03,1
hsesoc,CdSe0.06Te0.94,P_Te+O_Te,Charged+1,1942,-.75826825E+03,-.75826873E+03,1
hsesoc,CdSe0.06Te0.94,P_Te+O_Te,Charged-1,1944,,,0
hsesoc,CdSe0.06Te0.94,P_Te+O_Te,Neutral,1943.0000,,,0
hsesoc,CdSe0.06Te0.94,P_Te+O_i,Charged+1,1948,-.76526926E+03,-.76526984E+03,1
hsesoc,CdSe0.06Te0.94,P_Te+O_i,Charged-1,1950,-.76094531E+03,-.76094561E+03,1
hsesoc,CdSe0.06Te0.94,P_Te+O_i,Neutral,1949.0000,-.76335665E+03,-.76335709E+03,1
hsesoc,CdSe0.06Te0.94,P_Te+P_i,Charged+1,1947,,,0
hsesoc,CdSe0.06Te0.94,P_Te+P_i,Charged-1,1949,,,0
hsesoc,CdSe0.06Te0.94,P_Te+P_i,Neutral,1948.0000,,,0
hsesoc,CdSe0.06Te0.94,P_i,Charged+1,1948,-.75987856E+03,-.75987928E+03,1
hsesoc,CdSe0.06Te0.94,P_i,Charged-1,1950,-.75490822E+03,-.75490852E+03,1
hsesoc,CdSe0.06Te0.94,P_i,Neutral,1949.0000,,,0
hsesoc,CdSe0.06Te0.94,P_i+P_i,Charged+1,1953,,,0
hsesoc,CdSe0.06Te0.94,P_i+P_i,Neutral,1954.0000,,,0
hsesoc,CdSe0.06Te0.94,P_i+Se_i,Charged+1,1954,,,0
hsesoc,CdSe0.06Te0.94,P_i+Se_i,Charged-1,1956,-.75869682E+03,-.75869721E+03,1
hsesoc,CdSe0.06Te0.94,P_i+Se_i,Neutral,1955.0000,-.76136501E+03,-.76136533E+03,1
hsesoc,CdSe0.06Te0.94,P_i+Te_i,Charged+1,1954,-.76371995E+03,-.76372067E+03,1
hsesoc,CdSe0.06Te0.94,P_i+Te_i,Charged-1,1956,,,0
hsesoc,CdSe0.06Te0.94,P_i+Te_i,Neutral,1955.0000,-.76058303E+03,-.76058336E+03,1
hsesoc,CdSe0.06Te0.94,Sb_Se,Charged-1,1944,-.75004556E+03,-.75004644E+03,1
hsesoc,CdSe0.06Te0.94,Sb_Se,Neutral,1943.0000,-.75195713E+03,-.75195733E+03,1
hsesoc,CdSe0.06Te0.94,Sb_Se+Cl_Se,Charged+1,1943,,,0
hsesoc,CdSe0.06Te0.94,Sb_Se+Cl_Se,Charged-1,1945,-.74760403E+03,-.74760434E+03,1
hsesoc,CdSe0.06Te0.94,Sb_Se+Cl_Se,Neutral,1944.0000,-.75066108E+03,-.75066185E+03,1
hsesoc,CdSe0.06Te0.94,Sb_Se+Cl_i,Charged+1,1949,,,0
hsesoc,CdSe0.06Te0.94,Sb_Se+Cl_i,Charged-1,1951,,,0
hsesoc,CdSe0.06Te0.94,Sb_Se+Cl_i,Neutral,1950.0000,,,0
hsesoc,CdSe0.06Te0.94,Sb_Se+O_Se,Charged+1,1942,-.75608882E+03,-.75608921E+03,1
hsesoc,CdSe0.06Te0.94,Sb_Se+O_Se,Charged-1,1944,-.75235178E+03,-.75235261E+03,1
hsesoc,CdSe0.06Te0.94,Sb_Se+O_Se,Neutral,1943.0000,-.75423968E+03,-.75424018E+03,1
hsesoc,CdSe0.06Te0.94,Sb_Se+O_i,Charged+1,1948,,,0
hsesoc,CdSe0.06Te0.94,Sb_Se+O_i,Charged-1,1950,-.75764148E+03,-.75764192E+03,1
hsesoc,CdSe0.06Te0.94,Sb_Se+O_i,Neutral,1949.0000,-.75954941E+03,-.75954961E+03,1
hsesoc,CdSe0.06Te0.94,Sb_Se+Sb_i,Charged+1,1947,-.75744721E+03,-.75744741E+03,1
hsesoc,CdSe0.06Te0.94,Sb_Se+Sb_i,Charged-1,1949,-.75229119E+03,-.75229149E+03,1
hsesoc,CdSe0.06Te0.94,Sb_Se+Sb_i,Neutral,1948.0000,,,0
hsesoc,CdSe0.06Te0.94,Sb_Te,Charged-1,1944,-.75069550E+03,-.75069593E+03,1
hsesoc,CdSe0.06Te0.94,Sb_Te,Neutral,1943.0000,,,0
hsesoc,CdSe0.06Te0.94,Sb_Te+Cl_Te,Charged+1,1943,,,0
hsesoc,CdSe0.06Te0.94,Sb_Te+Cl_Te,Charged-1,1945,,,0
hsesoc,CdSe0.06Te0.94,Sb_Te+Cl_Te,Neutral,1944.0000,-.75210940E+03,-.75210983E+03,1
hsesoc,CdSe0.06Te0.94,Sb_Te+Cl_i,Charged+1,1949,-.75847825E+03,-.75847845E+03,1
hsesoc,CdSe0.06Te0.94,Sb_Te+Cl_i,Charged-1,1951,,,0
hsesoc,CdSe0.06Te0.94,Sb_Te+Cl_i,Neutral,1950.0000,,,0
hsesoc,CdSe0.06Te0.94,Sb_Te+O_Te,Charged+1,1942,-.75730977E+03,-.75730996E+03,1
hsesoc,CdSe0.06Te0.94,Sb_Te+O_Te,Charged-1,1944,,,0
hsesoc,CdSe0.06Te0.94,Sb_Te+O_Te,Neutral,1943.0000,-.75552823E+03,-.75552885E+03,1
hsesoc,CdSe0.06Te0.94,Sb_Te+O_i,Charged+1,1948,,,0
hsesoc,CdSe0.06Te0.94,Sb_Te+O_i,Charged-1,1950,-.75874499E+03,-.75874530E+03,1
hsesoc,CdSe0.06Te0.94,Sb_Te+O_i,Neutral,1949.0000,-.76141996E+03,-.76142016E+03,1
hsesoc,CdSe0.06Te0.94,Sb_Te+Sb_i,Charged+1,1947,,,0
hsesoc,CdSe0.06Te0.94,Sb_Te+Sb_i,Charged-1,1949,-.75308972E+03,-.75308992E+03,1
hsesoc,CdSe0.06Te0.94,Sb_Te+Sb_i,Neutral,1948.0000,,,0
hsesoc,CdSe0.06Te0.94,Sb_i,Charged+1,1948,,,0
hsesoc,CdSe0.06Te0.94,Sb_i,Charged-1,1950,,,0
hsesoc,CdSe0.06Te0.94,Sb_i,Neutral,1949.0000,-.75582101E+03,-.75582121E+03,1
hsesoc,CdSe0.06Te0.94,Sb_i+Sb_i,Charged+1,,,,0
hsesoc,CdSe0.06Te0.94,Sb_i+Sb_i,Neutral,1954.0000,-.76088743E+03,-.76088780E+03,1
hsesoc,CdSe0.06Te0.94,Sb_i+Se_i,Charged+1,1954,-.76165235E+03,-.76165277E+03,1
hsesoc,CdSe0.06Te0.94,Sb_i+Se_i,Charged-1,1956,,,0
hsesoc,CdSe0.06Te0.94,Sb_i+Se_i,Neutral,1955.0000,,,0
hsesoc,CdSe0.06Te0.94,Sb_i+Te_i,Charged+1,1954,-.76132616E+03,-.76132642E+03,1
hsesoc,CdSe0.06Te0.94,Sb_i+Te_i,Charged-1,1956,,,0
hsesoc,CdSe0.06Te0.94,Sb_i+Te_i,Neutral,1955.0000,-.75953021E+03,-.75953042E+03,1
hsesoc,CdSe0.06Te0.94,Se_Cd,Charged-1,1951,,,0
hsesoc,CdSe0.06Te0.94,Se_Cd,Charged-2,1952,,,0
hsesoc,CdSe0.06Te0.94,Se_Cd,Neutral,1950.0000,,,0
hsesoc,CdSe0.06Te0.94,Se_Cd+Cd_i,Charged+1,1961,,,0
hsesoc,CdSe0.06Te0.94,Se_Cd+Cd_i,Charged-1,1963,,,0
hsesoc,CdSe0.06Te0.94,Se_Cd+Cd_i,Neutral,1962.0000,,,0
hsesoc,CdSe0.06Te0.94,Se_i,Charged+1,1949,,,0
hsesoc,CdSe0.06Te0.94,Se_i,Neutral,1950.0000,-.75684634E+03,-.75684666E+03,1
hsesoc,CdSe0.06Te0.94,Te_Cd,Charged-1,1951,,,0
hsesoc,CdSe0.06Te0.94,Te_Cd,Charged-2,1952,,,0
hsesoc,CdSe0.06Te0.94,Te_Cd,Neutral,1950.0000,-.74626405E+03,-.74626446E+03,1
hsesoc,CdSe0.06Te0.94,Te_Cd+Cd_i,Charged+1,1961,,,0
hsesoc,CdSe0.06Te0.94,Te_Cd+Cd_i,Charged-1,1963,,,0
hsesoc,CdSe0.06Te0.94,Te_Cd+Cd_i,Neutral,1962.0000,,,0
hsesoc,CdSe0.06Te0.94,Te_i,Charged+1,1949,,,0
hsesoc,CdSe0.06Te0.94,Te_i,Neutral,1950.0000,-.75613919E+03,-.75613949E+03,1
hsesoc,CdSe0.06Te0.94,V_Cd,Charged-1,1933,,,0
hsesoc,CdSe0.06Te0.94,V_Cd,Charged-2,1934,,,0
hsesoc,CdSe0.06Te0.94,V_Cd,Neutral,1932.0000,,,0
hsesoc,CdSe0.06Te0.94,V_Cd+Cd_Se,Charged+1,1925,,,0
hsesoc,CdSe0.06Te0.94,V_Cd+Cd_Se,Charged-1,1927,,,0
hsesoc,CdSe0.06Te0.94,V_Cd+Cd_Se,Neutral,1926.0000,-.75043072E+03,-.75043125E+03,1
hsesoc,CdSe0.06Te0.94,V_Cd+Cd_Te,Charged+1,1925,,,0
hsesoc,CdSe0.06Te0.94,V_Cd+Cd_Te,Charged-1,1927,-.74830161E+03,-.74830243E+03,1
hsesoc,CdSe0.06Te0.94,V_Cd+Cd_Te,Neutral,1926.0000,-.75052843E+03,-.75052908E+03,1
hsesoc,CdSe0.06Te0.94,V_Cd+Se_Cd,Charged-1,1939,-.74045521E+03,-.74045551E+03,1
hsesoc,CdSe0.06Te0.94,V_Cd+Se_Cd,Neutral,1938.0000,-.74351749E+03,-.74351792E+03,1
hsesoc,CdSe0.06Te0.94,V_Cd+Se_i,Charged-1,,,,0
hsesoc,CdSe0.06Te0.94,V_Cd+Se_i,Neutral,1938.0000,,,0
hsesoc,CdSe0.06Te0.94,V_Cd+Te_Cd,Charged-1,1939,-.74140060E+03,-.74140092E+03,1
hsesoc,CdSe0.06Te0.94,V_Cd+Te_Cd,Neutral,1938.0000,-.74443491E+03,-.74443545E+03,1
hsesoc,CdSe0.06Te0.94,V_Se,Charged+1,1937,-.74788624E+03,-.74788658E+03,1
hsesoc,CdSe0.06Te0.94,V_Se,Charged+2,1936,,,0
hsesoc,CdSe0.06Te0.94,V_Se,Neutral,1938.0000,-.74488270E+03,-.74488353E+03,1
hsesoc,CdSe0.06Te0.94,V_Se+Cd_Se,Charged+1,1931,-.74893482E+03,-.74893515E+03,1
hsesoc,CdSe0.06Te0.94,V_Se+Cd_Se,Neutral,1932.0000,-.74631404E+03,-.74631478E+03,1
hsesoc,CdSe0.06Te0.94,V_Te,Charged+1,1937,,,0
hsesoc,CdSe0.06Te0.94,V_Te,Charged+2,1936,,,0
hsesoc,CdSe0.06Te0.94,V_Te,Neutral,1938.0000,,,0
hsesoc,CdSe0.06Te0.94,V_Te+Cd_Te,Charged+1,1931,,,0
hsesoc,CdSe0.06Te0.94,V_Te+Cd_Te,Neutral,1932.0000,-.74664579E+03,-.74664615E+03,1
hsesoc,CdSe0.06Te0.94,V_Te+Te_i,Charged+1,1943,,,0
hsesoc,CdSe0.06Te0.94,V_Te+Te_i,Charged-1,1945,,,0
hsesoc,CdSe0.06Te0.94,V_Te+Te_i,Neutral,1944.0000,,,0
hsesoc,CdSe0.12Te0.88,As_Se+As_i,Charged+1,1967,-.76380962E+03,-.76381019E+03,1
hsesoc,CdSe0.12Te0.88,As_Se+As_i,Charged+2,1966,-.76614555E+03,-.76614637E+03,1
hsesoc,CdSe0.12Te0.88,As_Se+As_i,Neutral,1968.0000,-.76136414E+03,-.76136442E+03,1
hsesoc,CdSe0.12Te0.88,As_Se+O_Se,Neutral,1953.0000,-.75883808E+03,-.75883869E+03,1
hsesoc,CdSe0.12Te0.88,As_Te+Cl_Te,Charged-1,1955,-.75391691E+03,-.75391721E+03,1
hsesoc,CdSe0.12Te0.88,As_Te+Cl_Te,Neutral,1954.0000,-.75681114E+03,-.75681203E+03,1
hsesoc,CdSe0.12Te0.88,Bi_Cd,Charged+1,1946,-.76281466E+03,-.76281555E+03,1
hsesoc,CdSe0.12Te0.88,Bi_Cd,Neutral,1947.0000,-.75977718E+03,-.75977749E+03,1
hsesoc,CdSe0.12Te0.88,Bi_Cd+O_Te,Charged+1,1946,-.76607329E+03,-.76607417E+03,1
hsesoc,CdSe0.12Te0.88,Bi_Cd+O_Te,Neutral,1947.0000,-.76317399E+03,-.76317418E+03,1
hsesoc,CdSe0.12Te0.88,Bi_Se+Bi_i,Charged+1,1967,-.76256779E+03,-.76256798E+03,1
hsesoc,CdSe0.12Te0.88,Bi_Se+Cl_i,Charged+2,1958,-.76445974E+03,-.76446038E+03,1
hsesoc,CdSe0.12Te0.88,Bi_Se+Cl_i,Neutral,1960.0000,-.75983613E+03,-.75983647E+03,1
hsesoc,CdSe0.12Te0.88,Bi_Te+Cl_Te,Charged+1,1953,-.75774145E+03,-.75774207E+03,1
hsesoc,CdSe0.12Te0.88,Bi_Te+Cl_Te,Neutral,1954.0000,-.75572922E+03,-.75572957E+03,1
hsesoc,CdSe0.12Te0.88,Cl_Se,Neutral,1945.0000,-.75506369E+03,-.75506400E+03,1
hsesoc,CdSe0.12Te0.88,N_Te+N_i,Charged+2,1946,-.77716300E+03,-.77716392E+03,1
hsesoc,CdSe0.12Te0.88,N_Te+N_i,Neutral,1948.0000,-.77129122E+03,-.77129161E+03,1
hsesoc,CdSe0.12Te0.88,O_Se,Charged-1,1945,-.75691911E+03,-.75691931E+03,1
hsesoc,CdSe0.12Te0.88,O_Se,Neutral,1944.0000,-.75974013E+03,-.75974104E+03,1
hsesoc,CdSe0.12Te0.88,O_i+As_Te+O_i,Charged+1,1964,-.77853495E+03,-.77853575E+03,1
hsesoc,CdSe0.12Te0.88,O_i+As_Te+O_i,Neutral,1965.0000,-.77594690E+03,-.77594716E+03,1
hsesoc,CdSe0.12Te0.88,O_i+P_Te+O_i,Charged+1,1954,-.78126363E+03,-.78126452E+03,1
hsesoc,CdSe0.12Te0.88,O_i+P_Te+O_i,Neutral,1955.0000,-.77829293E+03,-.77829321E+03,1
hsesoc,CdSe0.12Te0.88,O_i+Sb_Te+O_i,Charged+1,1954,-.77749777E+03,-.77749854E+03,1
hsesoc,CdSe0.12Te0.88,O_i+Sb_Te+O_i,Neutral,1955.0000,-.77504394E+03,-.77504414E+03,1
hsesoc,CdSe0.12Te0.88,P_Se+O_Se,Charged-1,1944,-.75772587E+03,-.75772673E+03,1
hsesoc,CdSe0.12Te0.88,P_Se+O_Se,Neutral,1943.0000,-.75945760E+03,-.75945824E+03,1
hsesoc,CdSe0.12Te0.88,P_Te+Cl_Te,Charged-1,1945,-.75455172E+03,-.75455203E+03,1
hsesoc,CdSe0.12Te0.88,P_Te+Cl_Te,Neutral,1944.0000,-.75745313E+03,-.75745404E+03,1
hsesoc,CdSe0.12Te0.88,P_Te+O_i,Charged+1,1948,-.76932801E+03,-.76932884E+03,1
hsesoc,CdSe0.12Te0.88,P_Te+O_i,Charged-1,1950,-.76503032E+03,-.76503072E+03,1
hsesoc,CdSe0.12Te0.88,P_Te+O_i,Neutral,1949.0000,-.76737313E+03,-.76737377E+03,1
hsesoc,CdSe0.12Te0.88,Sb_Se+Sb_i,Charged+1,1947,-.76228514E+03,-.76228533E+03,1
hsesoc,CdSe0.12Te0.88,Sb_Se+Sb_i,Charged+2,1946,-.76526645E+03,-.76526727E+03,1
hsesoc,CdSe0.12Te0.88,Sb_Se+Sb_i,Neutral,1948.0000,-.75923749E+03,-.75923777E+03,1
hsesoc,CdSe0.12Te0.88,Sb_Te+Cl_Te,Charged-1,1945,-.75326700E+03,-.75326732E+03,1
hsesoc,CdSe0.12Te0.88,Sb_Te+Cl_Te,Neutral,1944.0000,-.75619513E+03,-.75619568E+03,1
hsesoc,CdSe0.12Te0.88,Sb_Te+O_i,Charged+1,1948,-.76810692E+03,-.76810783E+03,1
hsesoc,CdSe0.12Te0.88,Sb_Te+O_i,Neutral,1949.0000,-.76547661E+03,-.76547680E+03,1
hsesoc,CdSe0.20Te0.80,As_Se+O_i,Charged+1,1958,-.77359203E+03,-.77359259E+03,1
hsesoc,CdSe0.20Te0.80,As_Se+O_i,Neutral,1959.0000,-.77177658E+03,-.77177685E+03,1
hsesoc,CdSe0.20Te0.80,As_Te,Charged-1,1944,-.76163038E+03,-.76163104E+03,1
hsesoc,CdSe0.20Te0.80,As_Te,Neutral,1943.0000,-.76328118E+03,-.76328184E+03,1
hsesoc,CdSe0.20Te0.80,As_Te+As_i,Charged+1,1967,-.77054224E+03,-.77054243E+03,1
hsesoc,CdSe0.20Te0.80,As_Te+As_i,Charged+2,1966,-.77269475E+03,-.77269541E+03,1
hsesoc,CdSe0.20Te0.80,As_Te+As_i,Neutral,1968.0000,-.76820783E+03,-.76820811E+03,1
hsesoc,CdSe0.20Te0.80,As_Te+Cl_Te,Charged-1,1955,-.76024804E+03,-.76024832E+03,1
hsesoc,CdSe0.20Te0.80,As_Te+Cl_Te,Neutral,1954.0000,-.76303029E+03,-.76303090E+03,1
hsesoc,CdSe0.20Te0.80,As_Te+Cl_i,Charged-1,1961,-.76442633E+03,-.76442662E+03,1
hsesoc,CdSe0.20Te0.80,As_Te+Cl_i,Neutral,1960.0000,-.76750548E+03,-.76750610E+03,1
hsesoc,CdSe0.20Te0.80,As_Te+O_Te,Charged-1,1954,-.76466378E+03,-.76466426E+03,1
hsesoc,CdSe0.20Te0.80,As_Te+O_Te,Neutral,1953.0000,-.76626292E+03,-.76626354E+03,1
hsesoc,CdSe0.20Te0.80,Bi_Cd,Charged+1,1946,-.76888723E+03,-.76888801E+03,1
hsesoc,CdSe0.20Te0.80,Bi_Cd,Neutral,1947.0000,-.76597557E+03,-.76597585E+03,1
hsesoc,CdSe0.20Te0.80,Bi_Cd+Bi_Te,Charged+1,1955,-.76794003E+03,-.76794044E+03,1
hsesoc,CdSe0.20Te0.80,Bi_Cd+Bi_Te,Neutral,1956.0000,-.76585281E+03,-.76585315E+03,1
hsesoc,CdSe0.20Te0.80,Bi_Cd+Cl_Te,Charged+1,1947,-.76711875E+03,-.76711901E+03,1
hsesoc,CdSe0.20Te0.80,Bi_Cd+Cl_Te,Charged+2,1946,-.77000129E+03,-.77000196E+03,1
hsesoc,CdSe0.20Te0.80,Bi_Cd+Cl_Te,Neutral,1948.0000,-.76425388E+03,-.76425428E+03,1
hsesoc,CdSe0.20Te0.80,Bi_Cd+O_Te,Charged+1,1946,-.77185127E+03,-.77185200E+03,1
hsesoc,CdSe0.20Te0.80,Bi_Cd+O_Te,Charged-1,1948,-.76637609E+03,-.76637649E+03,1
hsesoc,CdSe0.20Te0.80,Bi_Cd+O_Te,Neutral,1947.0000,-.76911982E+03,-.76912001E+03,1
hsesoc,CdSe0.20Te0.80,Bi_Se+O_i,Charged+1,1958,-.77308952E+03,-.77309007E+03,1
hsesoc,CdSe0.20Te0.80,Bi_Se+O_i,Neutral,1959.0000,-.77028776E+03,-.77028802E+03,1
hsesoc,CdSe0.20Te0.80,Bi_Te,Charged+1,1952,-.76451089E+03,-.76451132E+03,1
hsesoc,CdSe0.20Te0.80,Bi_Te,Charged-1,1954,-.76052263E+03,-.76052296E+03,1
hsesoc,CdSe0.20Te0.80,Bi_Te,Neutral,1953.0000,-.76269098E+03,-.76269142E+03,1
hsesoc,CdSe0.20Te0.80,Bi_Te+Bi_i,Charged+1,1967,-.76946570E+03,-.76946590E+03,1
hsesoc,CdSe0.20Te0.80,Bi_Te+Bi_i,Charged+2,1966,-.77236250E+03,-.77236295E+03,1
hsesoc,CdSe0.20Te0.80,Bi_Te+Bi_i,Neutral,1968.0000,-.76655986E+03,-.76656013E+03,1
hsesoc,CdSe0.20Te0.80,Bi_Te+Cl_Te,Charged+1,1953,-.76389397E+03,-.76389452E+03,1
hsesoc,CdSe0.20Te0.80,Bi_Te+Cl_Te,Charged-1,1955,-.75910143E+03,-.75910172E+03,1
hsesoc,CdSe0.20Te0.80,Bi_Te+Cl_Te,Neutral,1954.0000,-.76191466E+03,-.76191500E+03,1
hsesoc,CdSe0.20Te0.80,Bi_Te+Cl_i,Charged+2,1958,-.77112873E+03,-.77112941E+03,1
hsesoc,CdSe0.20Te0.80,Bi_Te+Cl_i,Neutral,1960.0000,-.76675573E+03,-.76675606E+03,1
hsesoc,CdSe0.20Te0.80,Bi_Te+O_Te,Charged-1,1954,-.76363249E+03,-.76363281E+03,1
hsesoc,CdSe0.20Te0.80,Bi_Te+O_Te,Neutral,1953.0000,-.76583412E+03,-.76583431E+03,1
hsesoc,CdSe0.20Te0.80,Cd_Se,Charged+1,1937,-.76642306E+03,-.76642382E+03,1
hsesoc,CdSe0.20Te0.80,Cd_Se,Charged+2,1936,-.76806408E+03,-.76806475E+03,1
hsesoc,CdSe0.20Te0.80,Cd_Se,Neutral,1938.0000,-.76461497E+03,-.76461568E+03,1
hsesoc,CdSe0.20Te0.80,Cd_Se+Te_i,Charged+1,1943,-.76939290E+03,-.76939334E+03,1
hsesoc,CdSe0.20Te0.80,Cd_Se+Te_i,Neutral,1944.0000,-.76746508E+03,-.76746540E+03,1
hsesoc,CdSe0.20Te0.80,Cd_i,Charged+1,1955,-.76604286E+03,-.76604308E+03,1
hsesoc,CdSe0.20Te0.80,Cd_i,Neutral,1956.0000,-.76320280E+03,-.76320320E+03,1
hsesoc,CdSe0.20Te0.80,Cl_Te,Neutral,1945.0000,-.76196789E+03,-.76196817E+03,1
hsesoc,CdSe0.20Te0.80,N_Te,Charged-1,1944,-.76427738E+03,-.76427822E+03,1
hsesoc,CdSe0.20Te0.80,N_Te,Neutral,1943.0000,-.76586812E+03,-.76586876E+03,1
hsesoc,CdSe0.20Te0.80,N_Te+Cl_Te,Charged-1,1945,-.76296437E+03,-.76296462E+03,1
hsesoc,CdSe0.20Te0.80,N_Te+Cl_Te,Neutral,1944.0000,-.76569009E+03,-.76569087E+03,1
hsesoc,CdSe0.20Te0.80,N_i+N_i,Charged+2,1952,-.78681272E+03,-.78681345E+03,1
hsesoc,CdSe0.20Te0.80,N_i+N_i,Charged-1,1955,-.78019644E+03,-.78019673E+03,1
hsesoc,CdSe0.20Te0.80,O_Te,Charged-1,1945,-.76388690E+03,-.76388710E+03,1
hsesoc,CdSe0.20Te0.80,O_Te,Charged-2,1946,-.76118909E+03,-.76118949E+03,1
hsesoc,CdSe0.20Te0.80,O_Te,Neutral,1944.0000,-.76657492E+03,-.76657571E+03,1
hsesoc,CdSe0.20Te0.80,O_i+As_Te+O_i,Charged+1,1964,-.78444698E+03,-.78444759E+03,1
hsesoc,CdSe0.20Te0.80,O_i+As_Te+O_i,Charged-1,1966,-.77919257E+03,-.77919287E+03,1
hsesoc,CdSe0.20Te0.80,O_i+As_Te+O_i,Neutral,1965.0000,-.78204911E+03,-.78204931E+03,1
hsesoc,CdSe0.20Te0.80,O_i+P_Te+O_i,Charged+1,1954,-.78731271E+03,-.78731335E+03,1
hsesoc,CdSe0.20Te0.80,O_i+P_Te+O_i,Neutral,1955.0000,-.78444600E+03,-.78444628E+03,1
hsesoc,CdSe0.20Te0.80,O_i+Sb_Te+O_i,Charged+1,1954,-.78326109E+03,-.78326165E+03,1
hsesoc,CdSe0.20Te0.80,O_i+Sb_Te+O_i,Neutral,1955.0000,-.78117204E+03,-.78117223E+03,1
hsesoc,CdSe0.20Te0.80,P_Te,Charged-1,1944,-.76231530E+03,-.76231612E+03,1
hsesoc,CdSe0.20Te0.80,P_Te,Neutral,1943.0000,-.76394202E+03,-.76394271E+03,1
hsesoc,CdSe0.20Te0.80,P_Te+Cl_Te,Charged-1,1945,-.76089351E+03,-.76089380E+03,1
hsesoc,CdSe0.20Te0.80,P_Te+Cl_Te,Neutral,1944.0000,-.76368323E+03,-.76368394E+03,1
hsesoc,CdSe0.20Te0.80,P_Te+Cl_i,Charged-1,1951,-.76506297E+03,-.76506326E+03,1
hsesoc,CdSe0.20Te0.80,P_Te+Cl_i,Neutral,1950.0000,-.76815778E+03,-.76815853E+03,1
hsesoc,CdSe0.20Te0.80,P_Te+O_Te,Charged-1,1944,-.76526991E+03,-.76527060E+03,1
hsesoc,CdSe0.20Te0.80,P_Te+O_Te,Neutral,1943.0000,-.76684123E+03,-.76684192E+03,1
hsesoc,CdSe0.20Te0.80,P_Te+O_i,Charged+1,1948,-.77544543E+03,-.77544595E+03,1
hsesoc,CdSe0.20Te0.80,P_Te+O_i,Charged-1,1950,-.77140578E+03,-.77140611E+03,1
hsesoc,CdSe0.20Te0.80,P_Te+O_i,Neutral,1949.0000,-.77364466E+03,-.77364527E+03,1
hsesoc,CdSe0.20Te0.80,P_Te+P_i,Charged+1,1947,-.77168774E+03,-.77168842E+03,1
hsesoc,CdSe0.20Te0.80,P_Te+P_i,Charged+2,1946,-.77386957E+03,-.77387016E+03,1
hsesoc,CdSe0.20Te0.80,P_Te+P_i,Neutral,1948.0000,-.76971543E+03,-.76971567E+03,1
hsesoc,CdSe0.20Te0.80,P_i+P_i,Charged+2,1952,-.77915487E+03,-.77915574E+03,1
hsesoc,CdSe0.20Te0.80,P_i+P_i,Neutral,1954.0000,-.77375694E+03,-.77375735E+03,1
hsesoc,CdSe0.20Te0.80,Sb_Te,Charged+1,1942,-.76447810E+03,-.76447852E+03,1
hsesoc,CdSe0.20Te0.80,Sb_Te,Charged-1,1944,-.76101748E+03,-.76101789E+03,1
hsesoc,CdSe0.20Te0.80,Sb_Te,Neutral,1943.0000,-.76280258E+03,-.76280316E+03,1
hsesoc,CdSe0.20Te0.80,Sb_Te+Cl_Te,Charged-1,1945,-.75957413E+03,-.75957442E+03,1
hsesoc,CdSe0.20Te0.80,Sb_Te+Cl_Te,Neutral,1944.0000,-.76239187E+03,-.76239230E+03,1
hsesoc,CdSe0.20Te0.80,Sb_Te+Cl_i,Charged-1,1951,-.76381420E+03,-.76381449E+03,1
hsesoc,CdSe0.20Te0.80,Sb_Te+Cl_i,Neutral,1950.0000,-.76691920E+03,-.76691961E+03,1
hsesoc,CdSe0.20Te0.80,Sb_Te+O_Te,Charged-1,1944,-.76407538E+03,-.76407576E+03,1
hsesoc,CdSe0.20Te0.80,Sb_Te+O_Te,Neutral,1943.0000,-.76588820E+03,-.76588874E+03,1
hsesoc,CdSe0.20Te0.80,Sb_Te+O_i,Charged+1,1948,-.77416896E+03,-.77416958E+03,1
hsesoc,CdSe0.20Te0.80,Sb_Te+O_i,Neutral,1949.0000,-.77122738E+03,-.77122766E+03,1
hsesoc,CdSe0.20Te0.80,V_Cd,Charged-1,1933.000000,-.75731169E+03,-.75731222E+03,1
hsesoc,CdSe0.20Te0.80,V_Cd,Charged-2,1934.000000,-.75557228E+03,-.75557270E+03,1
hsesoc,CdSe0.20Te0.80,V_Cd,Neutral,1932.0000,-.75897716E+03,-.75897759E+03,1
hsesoc,CdSe0.20Te0.80,V_Cd+Cd_Se,Charged-2,1928.000000,-.75686031E+03,-.75686078E+03,1
hsesoc,CdSe0.20Te0.80,V_Cd+Cd_Se,Neutral,1926.0000,-.76067724E+03,-.76067767E+03,1
hsesoc,CdSe0.20Te0.80,V_Se+Cd_Se,Charged+1,1931.000000,-.75806823E+03,-.75806888E+03,1
hsesoc,CdSe0.20Te0.80,V_Se+Cd_Se,Neutral,1932.0000,-.75647260E+03,-.75647320E+03,1
hsesoc,CdSe0.20Te0.80,V_Te,Charged+1,1937.000000,-.75868390E+03,-.75868418E+03,1
hsesoc,CdSe0.20Te0.80,V_Te,Charged+2,1936.000000,-.76147380E+03,-.76147454E+03,1
hsesoc,CdSe0.20Te0.80,V_Te,Neutral,1938.0000,-.75589235E+03,-.75589276E+03,1
hsesoc,CdSe0.25Te0.75,As_Se,Charged+1,1942,-.76845458E+03,-.76845498E+03,1
hsesoc,CdSe0.25Te0.75,As_Se,Charged-1,1944,-.76525250E+03,-.76525298E+03,1
hsesoc,CdSe0.25Te0.75,As_Se,Neutral,1943,-.76686854E+03,-.76686917E+03,1
hsesoc,CdSe0.25Te0.75,As_Se+As_i,Charged+1,1947,-.77357438E+03,-.77357457E+03,1
hsesoc,CdSe0.25Te0.75,As_Se+As_i,Charged+2,1946,-.77618718E+03,-.77618796E+03,1
hsesoc,CdSe0.25Te0.75,As_Se+As_i,Neutral,1948,-.77077586E+03,-.77077611E+03,1
hsesoc,CdSe0.25Te0.75,As_Se+Cl_Se,Neutral,1944,-.76572422E+03,-.76572469E+03,1
hsesoc,CdSe0.25Te0.75,As_Se+Cl_i,Neutral,1950,-.77092923E+03,-.77092979E+03,1
hsesoc,CdSe0.25Te0.75,As_Se+O_Se,Charged-1,1944,-.76756730E+03,-.76756780E+03,1
hsesoc,CdSe0.25Te0.75,As_Se+O_Se,Neutral,1943,-.76915730E+03,-.76915794E+03,1
hsesoc,CdSe0.25Te0.75,As_Se+O_i,Neutral,1949,-.77586558E+03,-.77586605E+03,1
hsesoc,CdSe0.25Te0.75,As_Te,Charged+1,1942,-.76901989E+03,-.76902031E+03,1
hsesoc,CdSe0.25Te0.75,As_Te,Charged-1,1944,-.76590309E+03,-.76590368E+03,1
hsesoc,CdSe0.25Te0.75,As_Te,Neutral,1943,-.76747342E+03,-.76747411E+03,1
hsesoc,CdSe0.25Te0.75,As_Te+As_i,Charged+2,1946,-.77585763E+03,-.77585849E+03,1
hsesoc,CdSe0.25Te0.75,As_Te+As_i,Neutral,1948,-.77164534E+03,-.77164567E+03,1
hsesoc,CdSe0.25Te0.75,As_Te+Cl_Te,Charged-1,1945,-.76451745E+03,-.76451772E+03,1
hsesoc,CdSe0.25Te0.75,As_Te+Cl_Te,Neutral,1944,-.76720720E+03,-.76720804E+03,1
hsesoc,CdSe0.25Te0.75,As_Te+Cl_i,Neutral,1950,-.77142952E+03,-.77143025E+03,1
hsesoc,CdSe0.25Te0.75,As_Te+O_Te,Charged-1,1944,-.76890756E+03,-.76890811E+03,1
hsesoc,CdSe0.25Te0.75,As_Te+O_Te,Neutral,1943,-.77042091E+03,-.77042154E+03,1
hsesoc,CdSe0.25Te0.75,As_Te+O_i,Charged-1,1950,-.77350108E+03,-.77350163E+03,1
hsesoc,CdSe0.25Te0.75,As_Te+O_i,Neutral,1949,-.77506539E+03,-.77506604E+03,1
hsesoc,CdSe0.25Te0.75,As_i,Charged+1,1948,-.77364020E+03,-.77364049E+03,1
hsesoc,CdSe0.25Te0.75,As_i,Neutral,1949,-.77084414E+03,-.77084440E+03,1
hsesoc,CdSe0.25Te0.75,As_i+As_i,Charged+1,1953,-.77761694E+03,-.77761713E+03,1
hsesoc,CdSe0.25Te0.75,As_i+As_i,Charged+2,1952,-.77981247E+03,-.77981275E+03,1
hsesoc,CdSe0.25Te0.75,As_i+As_i,Charged-1,1955,-.77265681E+03,-.77265708E+03,1
hsesoc,CdSe0.25Te0.75,As_i+As_i,Neutral,1954,-.77485122E+03,-.77485146E+03,1
hsesoc,CdSe0.25Te0.75,As_i+Se_i,Charged+2,1953,-.77940912E+03,-.77940973E+03,1
hsesoc,CdSe0.25Te0.75,As_i+Se_i,Neutral,1955,-.77310955E+03,-.77310975E+03,1
hsesoc,CdSe0.25Te0.75,As_i+Te_i,Charged+2,1953,-.77838540E+03,-.77838560E+03,1
hsesoc,CdSe0.25Te0.75,As_i+Te_i,Neutral,1955,-.77159501E+03,-.77159525E+03,1
hsesoc,CdSe0.25Te0.75,Bi_Cd,Charged+1,1946,-.77309848E+03,-.77309937E+03,1
hsesoc,CdSe0.25Te0.75,Bi_Cd,Neutral,1947,-.77027306E+03,-.77027333E+03,1
hsesoc,CdSe0.25Te0.75,Bi_Cd+Bi_Se,Charged+1,1955,-.77217873E+03,-.77217916E+03,1
hsesoc,CdSe0.25Te0.75,Bi_Cd+Bi_Se,Neutral,1956,-.77013665E+03,-.77013698E+03,1
hsesoc,CdSe0.25Te0.75,Bi_Cd+Bi_Te,Charged+1,1955,-.77222558E+03,-.77222604E+03,1
hsesoc,CdSe0.25Te0.75,Bi_Cd+Bi_Te,Neutral,1956,-.77015811E+03,-.77015844E+03,1
hsesoc,CdSe0.25Te0.75,Bi_Cd+Bi_i,Charged+1,1961,-.77757720E+03,-.77757740E+03,1
hsesoc,CdSe0.25Te0.75,Bi_Cd+Bi_i,Charged+2,1960,-.77945501E+03,-.77945584E+03,1
hsesoc,CdSe0.25Te0.75,Bi_Cd+Bi_i,Neutral,1962,-.77490869E+03,-.77490893E+03,1
hsesoc,CdSe0.25Te0.75,Bi_Cd+Cl_Se,Charged+1,1947,-.77109898E+03,-.77109922E+03,1
hsesoc,CdSe0.25Te0.75,Bi_Cd+Cl_Se,Charged+2,1946,-.77390141E+03,-.77390223E+03,1
hsesoc,CdSe0.25Te0.75,Bi_Cd+Cl_Se,Neutral,1948,-.76828996E+03,-.76829036E+03,1
hsesoc,CdSe0.25Te0.75,Bi_Cd+Cl_Te,Charged+1,1947,-.77137567E+03,-.77137592E+03,1
hsesoc,CdSe0.25Te0.75,Bi_Cd+Cl_Te,Charged+2,1946,-.77416790E+03,-.77416877E+03,1
hsesoc,CdSe0.25Te0.75,Bi_Cd+Cl_Te,Neutral,1948,-.76855620E+03,-.76855659E+03,1
hsesoc,CdSe0.25Te0.75,Bi_Cd+Cl_i,Charged+1,1953,-.77523708E+03,-.77523773E+03,1
hsesoc,CdSe0.25Te0.75,Bi_Cd+Cl_i,Neutral,1954,-.77362733E+03,-.77362812E+03,1
hsesoc,CdSe0.25Te0.75,Bi_Cd+O_Se,Charged+1,1946,-.77583204E+03,-.77583293E+03,1
hsesoc,CdSe0.25Te0.75,Bi_Cd+O_Se,Neutral,1947,-.77307004E+03,-.77307025E+03,1
hsesoc,CdSe0.25Te0.75,Bi_Cd+O_Te,Charged+1,1946,-.77587963E+03,-.77588043E+03,1
hsesoc,CdSe0.25Te0.75,Bi_Cd+O_Te,Neutral,1947,-.77324966E+03,-.77324986E+03,1
hsesoc,CdSe0.25Te0.75,Bi_Cd+O_i,Charged+1,1952,-.78071826E+03,-.78071905E+03,1
hsesoc,CdSe0.25Te0.75,Bi_Cd+O_i,Charged-2,1955,-.77409870E+03,-.77409895E+03,1
hsesoc,CdSe0.25Te0.75,Bi_Cd+O_i,Neutral,1953,-.77789583E+03,-.77789604E+03,1
hsesoc,CdSe0.25Te0.75,Bi_Cd+Se_i,Charged+1,1952,-.77698225E+03,-.77698311E+03,1
hsesoc,CdSe0.25Te0.75,Bi_Cd+Se_i,Neutral,1953,-.77412023E+03,-.77412050E+03,1
hsesoc,CdSe0.25Te0.75,Bi_Cd+Te_i,Charged+1,1952,-.77692754E+03,-.77692838E+03,1
hsesoc,CdSe0.25Te0.75,Bi_Cd+Te_i,Neutral,1953,-.77404985E+03,-.77405012E+03,1
hsesoc,CdSe0.25Te0.75,Bi_Cd+V_Cd,Charged-1,1936,-.76535177E+03,-.76535220E+03,1
hsesoc,CdSe0.25Te0.75,Bi_Cd+V_Cd,Neutral,1935,-.76700442E+03,-.76700501E+03,1
hsesoc,CdSe0.25Te0.75,Bi_Cd+V_Se,Charged+1,1940,-.76551514E+03,-.76551556E+03,1
hsesoc,CdSe0.25Te0.75,Bi_Cd+V_Se,Neutral,1941,-.76279651E+03,-.76279670E+03,1
hsesoc,CdSe0.25Te0.75,Bi_Cd+V_Te,Charged+1,1940,-.76541572E+03,-.76541634E+03,1
hsesoc,CdSe0.25Te0.75,Bi_Cd+V_Te,Neutral,1941,-.76256348E+03,-.76256374E+03,1
hsesoc,CdSe0.25Te0.75,Bi_Se,Charged+1,1952,-.76804597E+03,-.76804640E+03,1
hsesoc,CdSe0.25Te0.75,Bi_Se,Charged-1,1954,-.76414218E+03,-.76414251E+03,1
hsesoc,CdSe0.25Te0.75,Bi_Se,Neutral,1953,-.76626752E+03,-.76626790E+03,1
hsesoc,CdSe0.25Te0.75,Bi_Se+Bi_i,Charged+1,1967,-.77284344E+03,-.77284364E+03,1
hsesoc,CdSe0.25Te0.75,Bi_Se+Bi_i,Charged+2,1966,-.77564155E+03,-.77564197E+03,1
hsesoc,CdSe0.25Te0.75,Bi_Se+Bi_i,Neutral,1968,,,0
hsesoc,CdSe0.25Te0.75,Bi_Se+Cl_Se,Charged+1,1953,-.76675647E+03,-.76675689E+03,1
hsesoc,CdSe0.25Te0.75,Bi_Se+Cl_Se,Neutral,1954,-.76463742E+03,-.76463775E+03,1
hsesoc,CdSe0.25Te0.75,Bi_Se+Cl_i,Charged+2,1958,-.77488003E+03,-.77488077E+03,1
hsesoc,CdSe0.25Te0.75,Bi_Se+Cl_i,Neutral,1960,-.77018956E+03,-.77018988E+03,1
hsesoc,CdSe0.25Te0.75,Bi_Se+O_Se,Charged-1,1954,-.76647096E+03,-.76647129E+03,1
hsesoc,CdSe0.25Te0.75,Bi_Se+O_Se,Neutral,1953,-.76857336E+03,-.76857373E+03,1
hsesoc,CdSe0.25Te0.75,Bi_Se+O_i,Charged+1,1958,,,0
hsesoc,CdSe0.25Te0.75,Bi_Se+O_i,Charged+2,1957,-.77889753E+03,-.77889825E+03,1
hsesoc,CdSe0.25Te0.75,Bi_Se+O_i,Neutral,1959,-.77441841E+03,-.77441866E+03,1
hsesoc,CdSe0.25Te0.75,Bi_Te,Charged+1,1952,-.76867188E+03,-.76867228E+03,1
hsesoc,CdSe0.25Te0.75,Bi_Te,Charged-1,1954,-.76485736E+03,-.76485768E+03,1
hsesoc,CdSe0.25Te0.75,Bi_Te,Neutral,1953,-.76694632E+03,-.76694676E+03,1
hsesoc,CdSe0.25Te0.75,Bi_Te+Bi_i,Charged+1,1967,-.77231208E+03,-.77231227E+03,1
hsesoc,CdSe0.25Te0.75,Bi_Te+Bi_i,Charged+2,1966,-.77485755E+03,-.77485788E+03,1
hsesoc,CdSe0.25Te0.75,Bi_Te+Bi_i,Neutral,1968,-.76949892E+03,-.76949917E+03,1
hsesoc,CdSe0.25Te0.75,Bi_Te+Cl_Te,Charged+1,1953,-.76814355E+03,-.76814409E+03,1
hsesoc,CdSe0.25Te0.75,Bi_Te+Cl_Te,Neutral,1954,-.76619680E+03,-.76619713E+03,1
hsesoc,CdSe0.25Te0.75,Bi_Te+Cl_i,Charged+1,1959,-.77248579E+03,-.77248634E+03,1
hsesoc,CdSe0.25Te0.75,Bi_Te+Cl_i,Neutral,1960,-.77066031E+03,-.77066069E+03,1
hsesoc,CdSe0.25Te0.75,Bi_Te+O_Te,Charged-1,1954,-.76797063E+03,-.76797095E+03,1
hsesoc,CdSe0.25Te0.75,Bi_Te+O_Te,Neutral,1953,-.77004759E+03,-.77004779E+03,1
hsesoc,CdSe0.25Te0.75,Bi_Te+O_i,Charged-1,1960,-.77235147E+03,-.77235179E+03,1
hsesoc,CdSe0.25Te0.75,Bi_Te+O_i,Neutral,1959,-.77448320E+03,-.77448346E+03,1
hsesoc,CdSe0.25Te0.75,Bi_i,Charged+1,1958,-.77244929E+03,-.77244951E+03,1
hsesoc,CdSe0.25Te0.75,Bi_i,Charged+2,1957,-.77525507E+03,-.77525526E+03,1
hsesoc,CdSe0.25Te0.75,Bi_i,Neutral,1959,-.77015704E+03,-.77015729E+03,1
hsesoc,CdSe0.25Te0.75,Bi_i+Bi_i,Charged+2,1972,-.77839518E+03,-.77839543E+03,1
hsesoc,CdSe0.25Te0.75,Bi_i+Bi_i,Neutral,1974,-.77344237E+03,-.77344277E+03,1
hsesoc,CdSe0.25Te0.75,Bi_i+Se_i,Charged+1,1964,-.77610361E+03,-.77610382E+03,1
hsesoc,CdSe0.25Te0.75,Bi_i+Se_i,Neutral,1965,-.77226170E+03,-.77226192E+03,1
hsesoc,CdSe0.25Te0.75,Bi_i+Te_i,Charged+1,1964,-.77570753E+03,-.77570779E+03,1
hsesoc,CdSe0.25Te0.75,Bi_i+Te_i,Charged-1,1966,-.77146617E+03,-.77146657E+03,1
hsesoc,CdSe0.25Te0.75,Bi_i+Te_i,Neutral,1965,-.77282566E+03,-.77282592E+03,1
hsesoc,CdSe0.25Te0.75,Cd_Se,Neutral,1938,-.76881412E+03,-.76881479E+03,1
hsesoc,CdSe0.25Te0.75,Cd_Se+Te_i,Charged+1,1943,-.77383749E+03,-.77383819E+03,1
hsesoc,CdSe0.25Te0.75,Cd_Se+Te_i,Neutral,1944,-.77204057E+03,-.77204103E+03,1
hsesoc,CdSe0.25Te0.75,Cd_Te,Charged+1,1937,-.77047717E+03,-.77047804E+03,1
hsesoc,CdSe0.25Te0.75,Cd_Te,Neutral,1938,-.76852647E+03,-.76852678E+03,1
hsesoc,CdSe0.25Te0.75,Cd_Te+Se_i,Charged+1,1943,-.77484766E+03,-.77484834E+03,1
hsesoc,CdSe0.25Te0.75,Cd_Te+Se_i,Charged+2,1942,-.77675843E+03,-.77675925E+03,1
hsesoc,CdSe0.25Te0.75,Cd_Te+Se_i,Neutral,1944,-.77235921E+03,-.77235970E+03,1
hsesoc,CdSe0.25Te0.75,Cd_i,Charged+1,1955,-.77027572E+03,-.77027595E+03,1
hsesoc,CdSe0.25Te0.75,Cd_i,Charged+2,1954,-.77302223E+03,-.77302304E+03,1
hsesoc,CdSe0.25Te0.75,Cd_i,Neutral,1956,-.76752591E+03,-.76752631E+03,1
hsesoc,CdSe0.25Te0.75,Cl_Se,Charged+1,1944,-.76830154E+03,-.76830238E+03,1
hsesoc,CdSe0.25Te0.75,Cl_Se,Neutral,1945,-.76556079E+03,-.76556106E+03,1
hsesoc,CdSe0.25Te0.75,Cl_Te,Charged+1,1944,-.76897707E+03,-.76897776E+03,1
hsesoc,CdSe0.25Te0.75,Cl_Te,Neutral,1945,-.76626099E+03,-.76626125E+03,1
hsesoc,CdSe0.25Te0.75,Cu_Cd,Neutral,1943,-.76900574E+03,-.76900635E+03,1
hsesoc,CdSe0.25Te0.75,N_Se,Charged-1,1944,-.76791326E+03,-.76791391E+03,1
hsesoc,CdSe0.25Te0.75,N_Se,Neutral,1943,-.76946518E+03,-.76946588E+03,1
hsesoc,CdSe0.25Te0.75,N_Se+Cl_Se,Charged-1,1945,-.76568126E+03,-.76568151E+03,1
hsesoc,CdSe0.25Te0.75,N_Se+Cl_Se,Neutral,1944,-.76837097E+03,-.76837157E+03,1
hsesoc,CdSe0.25Te0.75,N_Se+Cl_i,Neutral,1950,-.77328588E+03,-.77328655E+03,1
hsesoc,CdSe0.25Te0.75,N_Se+N_i,Charged+1,1947,-.77858604E+03,-.77858671E+03,1
hsesoc,CdSe0.25Te0.75,N_Se+N_i,Charged+2,1946,-.78056337E+03,-.78056377E+03,1
hsesoc,CdSe0.25Te0.75,N_Se+N_i,Neutral,1948,-.77527193E+03,-.77527256E+03,1
hsesoc,CdSe0.25Te0.75,N_Se+O_Se,Charged-1,1944,-.77021311E+03,-.77021369E+03,1
hsesoc,CdSe0.25Te0.75,N_Se+O_Se,Neutral,1943,-.77174025E+03,-.77174091E+03,1
hsesoc,CdSe0.25Te0.75,N_Se+O_i,Charged-1,1950,-.77558203E+03,-.77558265E+03,1
hsesoc,CdSe0.25Te0.75,N_Se+O_i,Neutral,1949,-.77717262E+03,-.77717319E+03,1
hsesoc,CdSe0.25Te0.75,N_Te,Charged-1,1944,-.76843177E+03,-.76843248E+03,1
hsesoc,CdSe0.25Te0.75,N_Te,Neutral,1943,-.76995202E+03,-.76995273E+03,1
hsesoc,CdSe0.25Te0.75,N_Te+Cl_Te,Charged-1,1945,-.76714677E+03,-.76714700E+03,1
hsesoc,CdSe0.25Te0.75,N_Te+Cl_Te,Neutral,1944,-.76976578E+03,-.76976645E+03,1
hsesoc,CdSe0.25Te0.75,N_Te+Cl_i,Neutral,1950,-.77306509E+03,-.77306583E+03,1
hsesoc,CdSe0.25Te0.75,N_Te+N_i,Charged+1,1947,,,0
hsesoc,CdSe0.25Te0.75,N_Te+N_i,Neutral,1948,-.77575678E+03,-.77575747E+03,1
hsesoc,CdSe0.25Te0.75,N_Te+O_Te,Charged-1,1944,-.77125810E+03,-.77125864E+03,1
hsesoc,CdSe0.25Te0.75,N_Te+O_Te,Charged-2,1945,-.76873650E+03,-.76873670E+03,1
hsesoc,CdSe0.25Te0.75,N_Te+O_Te,Neutral,1943,-.77272993E+03,-.77273055E+03,1
hsesoc,CdSe0.25Te0.75,N_Te+O_i,Charged-2,1951,-.77335717E+03,-.77335741E+03,1
hsesoc,CdSe0.25Te0.75,N_Te+O_i,Neutral,1949,-.77755060E+03,-.77755131E+03,1
hsesoc,CdSe0.25Te0.75,N_i,Charged+1,1948,,,0
hsesoc,CdSe0.25Te0.75,N_i,Neutral,1949,-.77365898E+03,-.77365977E+03,1
hsesoc,CdSe0.25Te0.75,N_i+N_i,Charged+1,1953,-.78267839E+03,-.78267920E+03,1
hsesoc,CdSe0.25Te0.75,N_i+N_i,Neutral,1954,-.77950844E+03,-.77950922E+03,1
hsesoc,CdSe0.25Te0.75,N_i+Se_i,Charged+2,1953,-.78053167E+03,-.78053234E+03,1
hsesoc,CdSe0.25Te0.75,N_i+Se_i,Neutral,1955,-.77582064E+03,-.77582090E+03,1
hsesoc,CdSe0.25Te0.75,N_i+Te_i,Charged+1,1954,-.77835262E+03,-.77835284E+03,1
hsesoc,CdSe0.25Te0.75,N_i+Te_i,Neutral,1955,-.77445330E+03,-.77445349E+03,1
hsesoc,CdSe0.25Te0.75,O_Se,Charged-1,1945,-.76754069E+03,-.76754089E+03,1
hsesoc,CdSe0.25Te0.75,O_Se,Neutral,1944,-.77016675E+03,-.77016751E+03,1
hsesoc,CdSe0.25Te0.75,O_Te,Charged-1,1945,-.76806679E+03,-.76806699E+03,1
hsesoc,CdSe0.25Te0.75,O_Te,Neutral,1944,-.77064597E+03,-.77064661E+03,1
hsesoc,CdSe0.25Te0.75,O_i+As_Se+O_i,Charged-1,1956,-.77995329E+03,-.77995381E+03,1
hsesoc,CdSe0.25Te0.75,O_i+As_Se+O_i,Charged-2,1957,-.77820931E+03,-.77820964E+03,1
hsesoc,CdSe0.25Te0.75,O_i+As_Se+O_i,Neutral,1955,-.78152715E+03,-.78152781E+03,1
hsesoc,CdSe0.25Te0.75,O_i+As_Te+O_i,Charged-1,1956,,,0
hsesoc,CdSe0.25Te0.75,O_i+As_Te+O_i,Charged-2,1957,-.77734525E+03,-.77734604E+03,1
hsesoc,CdSe0.25Te0.75,O_i+As_Te+O_i,Neutral,1955,-.78047559E+03,-.78047602E+03,1
hsesoc,CdSe0.25Te0.75,O_i+As_i+O_i,Neutral,1961,-.78782869E+03,-.78782894E+03,1
hsesoc,CdSe0.25Te0.75,O_i+Bi_Se+O_i,Charged+1,1964,-.78350487E+03,-.78350559E+03,1
hsesoc,CdSe0.25Te0.75,O_i+Bi_Se+O_i,Charged-1,1966,-.77963683E+03,-.77963744E+03,1
hsesoc,CdSe0.25Te0.75,O_i+Bi_Se+O_i,Neutral,1965,-.78152383E+03,-.78152454E+03,1
hsesoc,CdSe0.25Te0.75,O_i+Bi_Te+O_i,Charged+1,1964,-.78229362E+03,-.78229414E+03,1
hsesoc,CdSe0.25Te0.75,O_i+Bi_Te+O_i,Charged-1,1966,-.77886751E+03,-.77886789E+03,1
hsesoc,CdSe0.25Te0.75,O_i+Bi_Te+O_i,Neutral,1965,-.78023668E+03,-.78023710E+03,1
hsesoc,CdSe0.25Te0.75,O_i+Bi_i+O_i,Charged+1,1970,-.78895654E+03,-.78895678E+03,1
hsesoc,CdSe0.25Te0.75,O_i+Bi_i+O_i,Charged+2,1969,-.79149327E+03,-.79149346E+03,1
hsesoc,CdSe0.25Te0.75,O_i+Bi_i+O_i,Neutral,1971,-.78615825E+03,-.78615849E+03,1
hsesoc,CdSe0.25Te0.75,O_i+N_Se+O_i,Charged+1,1954,-.78767560E+03,-.78767636E+03,1
hsesoc,CdSe0.25Te0.75,O_i+N_Se+O_i,Neutral,1955,-.78259797E+03,-.78259841E+03,1
hsesoc,CdSe0.25Te0.75,O_i+N_Te+O_i,Charged-1,1956,-.78147390E+03,-.78147435E+03,1
hsesoc,CdSe0.25Te0.75,O_i+N_Te+O_i,Charged-2,1957,,,0
hsesoc,CdSe0.25Te0.75,O_i+N_Te+O_i,Neutral,1955,-.78299151E+03,-.78299193E+03,1
hsesoc,CdSe0.25Te0.75,O_i+N_i+O_i,Charged+2,1959,-.79425871E+03,-.79425943E+03,1
hsesoc,CdSe0.25Te0.75,O_i+N_i+O_i,Neutral,1961,-.78685464E+03,-.78685507E+03,1
hsesoc,CdSe0.25Te0.75,O_i+P_Se+O_i,Charged-1,1956,,,0
hsesoc,CdSe0.25Te0.75,O_i+P_Se+O_i,Charged-2,1957,-.77931265E+03,-.77931300E+03,1
hsesoc,CdSe0.25Te0.75,O_i+P_Se+O_i,Neutral,1955,-.78274503E+03,-.78274554E+03,1
hsesoc,CdSe0.25Te0.75,O_i+P_Te+O_i,Charged-1,1956,-.78082202E+03,-.78082281E+03,1
hsesoc,CdSe0.25Te0.75,O_i+P_Te+O_i,Neutral,1955,-.78112101E+03,-.78112144E+03,1
hsesoc,CdSe0.25Te0.75,O_i+P_i+O_i,Neutral,1961,-.78700064E+03,-.78700084E+03,1
hsesoc,CdSe0.25Te0.75,O_i+Sb_Se+O_i,Charged+1,1954,-.78401288E+03,-.78401363E+03,1
hsesoc,CdSe0.25Te0.75,O_i+Sb_Se+O_i,Neutral,1955,-.78189017E+03,-.78189076E+03,1
hsesoc,CdSe0.25Te0.75,O_i+Sb_Te+O_i,Charged-1,1956,-.77841756E+03,-.77841801E+03,1
hsesoc,CdSe0.25Te0.75,O_i+Sb_Te+O_i,Charged-2,1957,-.77681670E+03,-.77681717E+03,1
hsesoc,CdSe0.25Te0.75,O_i+Sb_Te+O_i,Neutral,1955,-.78000725E+03,-.78000767E+03,1
hsesoc,CdSe0.25Te0.75,O_i+Sb_i+O_i,Neutral,1961,-.78578169E+03,-.78578193E+03,1
hsesoc,CdSe0.25Te0.75,P_Se,Charged+1,1942,-.76910117E+03,-.76910158E+03,1
hsesoc,CdSe0.25Te0.75,P_Se,Charged-1,1944,-.76593836E+03,-.76593894E+03,1
hsesoc,CdSe0.25Te0.75,P_Se,Neutral,1943,-.76752819E+03,-.76752884E+03,1
hsesoc,CdSe0.25Te0.75,P_Se+Cl_Se,Neutral,1944,-.76641220E+03,-.76641276E+03,1
hsesoc,CdSe0.25Te0.75,P_Se+Cl_i,Neutral,1950,-.77155707E+03,-.77155764E+03,1
hsesoc,CdSe0.25Te0.75,P_Se+O_Se,Charged-1,1944,-.76825202E+03,-.76825259E+03,1
hsesoc,CdSe0.25Te0.75,P_Se+O_Se,Neutral,1943,,,0
hsesoc,CdSe0.25Te0.75,P_Se+O_i,Charged+1,1948,-.77887440E+03,-.77887501E+03,1
hsesoc,CdSe0.25Te0.75,P_Se+O_i,Charged-1,1950,-.77484901E+03,-.77484932E+03,1
hsesoc,CdSe0.25Te0.75,P_Se+O_i,Neutral,1949,-.77710599E+03,-.77710641E+03,1
hsesoc,CdSe0.25Te0.75,P_Se+P_i,Charged+1,1947,-.77550082E+03,-.77550166E+03,1
hsesoc,CdSe0.25Te0.75,P_Se+P_i,Charged+2,1946,-.77738137E+03,-.77738218E+03,1
hsesoc,CdSe0.25Te0.75,P_Se+P_i,Neutral,1948,-.77326013E+03,-.77326032E+03,1
hsesoc,CdSe0.25Te0.75,P_Te,Charged-1,1944,-.76656643E+03,-.76656720E+03,1
hsesoc,CdSe0.25Te0.75,P_Te,Neutral,1943,-.76811633E+03,-.76811698E+03,1
hsesoc,CdSe0.25Te0.75,P_Te+Cl_Te,Charged-1,1945,-.76518056E+03,-.76518083E+03,1
hsesoc,CdSe0.25Te0.75,P_Te+Cl_Te,Neutral,1944,-.76787375E+03,-.76787456E+03,1
hsesoc,CdSe0.25Te0.75,P_Te+Cl_i,Neutral,1950,-.77113340E+03,-.77113419E+03,1
hsesoc,CdSe0.25Te0.75,P_Te+O_Te,Charged-1,1944,-.76953712E+03,-.76953776E+03,1
hsesoc,CdSe0.25Te0.75,P_Te+O_Te,Neutral,1943,-.77103278E+03,-.77103347E+03,1
hsesoc,CdSe0.25Te0.75,P_Te+O_i,Charged-1,1950,-.77417105E+03,-.77417178E+03,1
hsesoc,CdSe0.25Te0.75,P_Te+O_i,Neutral,1949,-.77562469E+03,-.77562538E+03,1
hsesoc,CdSe0.25Te0.75,P_Te+P_i,Charged+2,1946,-.77688724E+03,-.77688812E+03,1
hsesoc,CdSe0.25Te0.75,P_Te+P_i,Neutral,1948,-.77278368E+03,-.77278453E+03,1
hsesoc,CdSe0.25Te0.75,P_i,Charged+1,1948,-.77409307E+03,-.77409385E+03,1
hsesoc,CdSe0.25Te0.75,P_i,Charged-1,1950,-.76954853E+03,-.76954882E+03,1
hsesoc,CdSe0.25Te0.75,P_i,Neutral,1949,-.77129737E+03,-.77129764E+03,1
hsesoc,CdSe0.25Te0.75,P_i+P_i,Charged+1,1953,-.77858526E+03,-.77858546E+03,1
hsesoc,CdSe0.25Te0.75,P_i+P_i,Charged-1,1955,-.77405364E+03,-.77405390E+03,1
hsesoc,CdSe0.25Te0.75,P_i+P_i,Neutral,1954,-.77618470E+03,-.77618498E+03,1
hsesoc,CdSe0.25Te0.75,P_i+Se_i,Charged+2,1953,-.77981946E+03,-.77982001E+03,1
hsesoc,CdSe0.25Te0.75,P_i+Se_i,Charged-2,1957,-.77052098E+03,-.77052124E+03,1
hsesoc,CdSe0.25Te0.75,P_i+Se_i,Neutral,1955,-.77356176E+03,-.77356196E+03,1
hsesoc,CdSe0.25Te0.75,P_i+Te_i,Charged+2,1953,-.77756620E+03,-.77756639E+03,1
hsesoc,CdSe0.25Te0.75,P_i+Te_i,Charged-1,1956,-.77230149E+03,-.77230177E+03,1
hsesoc,CdSe0.25Te0.75,P_i+Te_i,Neutral,1955,-.77307778E+03,-.77307806E+03,1
hsesoc,CdSe0.25Te0.75,Sb_Se,Charged+1,1942,-.76802378E+03,-.76802420E+03,1
hsesoc,CdSe0.25Te0.75,Sb_Se,Charged-1,1944,-.76463738E+03,-.76463778E+03,1
hsesoc,CdSe0.25Te0.75,Sb_Se,Neutral,1943,-.76639188E+03,-.76639248E+03,1
hsesoc,CdSe0.25Te0.75,Sb_Se+Cl_Se,Charged+1,1943,-.76687718E+03,-.76687776E+03,1
hsesoc,CdSe0.25Te0.75,Sb_Se+Cl_Se,Neutral,1944,-.76512915E+03,-.76512956E+03,1
hsesoc,CdSe0.25Te0.75,Sb_Se+Cl_i,Charged+1,1949,-.77199237E+03,-.77199268E+03,1
hsesoc,CdSe0.25Te0.75,Sb_Se+Cl_i,Neutral,1950,-.77033918E+03,-.77033958E+03,1
hsesoc,CdSe0.25Te0.75,Sb_Se+O_Se,Charged-1,1944,-.76696038E+03,-.76696079E+03,1
hsesoc,CdSe0.25Te0.75,Sb_Se+O_Se,Neutral,1943,-.76869090E+03,-.76869144E+03,1
hsesoc,CdSe0.25Te0.75,Sb_Se+O_i,Charged+1,1948,-.77760569E+03,-.77760626E+03,1
hsesoc,CdSe0.25Te0.75,Sb_Se+O_i,Neutral,1949,-.77522729E+03,-.77522748E+03,1
hsesoc,CdSe0.25Te0.75,Sb_Se+Sb_i,Charged+1,1947,-.77258180E+03,-.77258199E+03,1
hsesoc,CdSe0.25Te0.75,Sb_Se+Sb_i,Charged+2,1946,-.77540026E+03,-.77540100E+03,1
hsesoc,CdSe0.25Te0.75,Sb_Se+Sb_i,Neutral,1948,-.76973400E+03,-.76973425E+03,1
hsesoc,CdSe0.25Te0.75,Sb_Te,Charged+1,1942,-.76861636E+03,-.76861678E+03,1
hsesoc,CdSe0.25Te0.75,Sb_Te,Charged-1,1944,-.76533114E+03,-.76533155E+03,1
hsesoc,CdSe0.25Te0.75,Sb_Te,Neutral,1943,-.76702886E+03,-.76702952E+03,1
hsesoc,CdSe0.25Te0.75,Sb_Te+Cl_Te,Neutral,1944,-.76665243E+03,-.76665287E+03,1
hsesoc,CdSe0.25Te0.75,Sb_Te+Cl_i,Neutral,1950,-.77095420E+03,-.77095477E+03,1
hsesoc,CdSe0.25Te0.75,Sb_Te+O_Te,Charged-1,1944,-.76839529E+03,-.76839569E+03,1
hsesoc,CdSe0.25Te0.75,Sb_Te+O_Te,Neutral,1943,-.77007930E+03,-.77007987E+03,1
hsesoc,CdSe0.25Te0.75,Sb_Te+O_i,Charged-1,1950,-.77290111E+03,-.77290152E+03,1
hsesoc,CdSe0.25Te0.75,Sb_Te+O_i,Neutral,1949,-.77450510E+03,-.77450563E+03,1
hsesoc,CdSe0.25Te0.75,Sb_Te+Sb_i,Charged+1,1947,-.77217663E+03,-.77217682E+03,1
hsesoc,CdSe0.25Te0.75,Sb_Te+Sb_i,Charged+2,1946,-.77495044E+03,-.77495087E+03,1
hsesoc,CdSe0.25Te0.75,Sb_Te+Sb_i,Neutral,1948,-.76935909E+03,-.76935935E+03,1
hsesoc,CdSe0.25Te0.75,Sb_i,Charged+1,1948,-.77183328E+03,-.77183348E+03,1
hsesoc,CdSe0.25Te0.75,Sb_i,Charged+2,1947,-.77463793E+03,-.77463812E+03,1
hsesoc,CdSe0.25Te0.75,Sb_i,Neutral,1949,-.77003661E+03,-.77003687E+03,1
hsesoc,CdSe0.25Te0.75,Sb_i+Sb_i,Charged+2,1952,-.77744234E+03,-.77744273E+03,1
hsesoc,CdSe0.25Te0.75,Sb_i+Sb_i,Neutral,1954,-.77296635E+03,-.77296674E+03,1
hsesoc,CdSe0.25Te0.75,Sb_i+Se_i,Charged+1,1954,,,0
hsesoc,CdSe0.25Te0.75,Sb_i+Se_i,Neutral,1955,-.77366393E+03,-.77366419E+03,1
hsesoc,CdSe0.25Te0.75,Sb_i+Te_i,Neutral,1955,-.77275803E+03,-.77275829E+03,1
hsesoc,CdSe0.25Te0.75,Se_Cd,Charged+1,1949,-.76297570E+03,-.76297596E+03,1
hsesoc,CdSe0.25Te0.75,Se_Cd,Charged+2,1948,-.76576718E+03,-.76576800E+03,1
hsesoc,CdSe0.25Te0.75,Se_Cd,Neutral,1950,-.76017302E+03,-.76017342E+03,1
hsesoc,CdSe0.25Te0.75,Se_Cd+Cd_i,Charged+1,1961,-.76366351E+03,-.76366376E+03,1
hsesoc,CdSe0.25Te0.75,Se_Cd+Cd_i,Charged+2,1960,-.76646533E+03,-.76646570E+03,1
hsesoc,CdSe0.25Te0.75,Se_Cd+Cd_i,Neutral,1962,-.76085207E+03,-.76085247E+03,1
hsesoc,CdSe0.25Te0.75,Se_Te,Neutral,1944,-.76721888E+03,-.76721970E+03,1
hsesoc,CdSe0.25Te0.75,Se_i,Neutral,1950,-.77167684E+03,-.77167747E+03,1
hsesoc,CdSe0.25Te0.75,Te_Cd,Charged+1,1949,-.76366308E+03,-.76366334E+03,1
hsesoc,CdSe0.25Te0.75,Te_Cd,Charged+2,1948,-.76643002E+03,-.76643061E+03,1
hsesoc,CdSe0.25Te0.75,Te_Cd,Neutral,1950,-.76089284E+03,-.76089324E+03,1
hsesoc,CdSe0.25Te0.75,Te_Cd+Cd_i,Charged+1,1961,-.76427110E+03,-.76427135E+03,1
hsesoc,CdSe0.25Te0.75,Te_Cd+Cd_i,Charged+2,1960,-.76704210E+03,-.76704243E+03,1
hsesoc,CdSe0.25Te0.75,Te_Cd+Cd_i,Neutral,1962,-.76149865E+03,-.76149905E+03,1
hsesoc,CdSe0.25Te0.75,Te_Se,Neutral,1944,-.76852193E+03,-.76852280E+03,1
hsesoc,CdSe0.25Te0.75,Te_i,Charged+1,1949,-.77255972E+03,-.77256048E+03,1
hsesoc,CdSe0.25Te0.75,Te_i,Neutral,1950,-.77067640E+03,-.77067672E+03,1
hsesoc,CdSe0.25Te0.75,V_Cd,Charged-1,1933,-.76155149E+03,-.76155196E+03,1
hsesoc,CdSe0.25Te0.75,V_Cd,Charged-2,1934,-.75987775E+03,-.75987817E+03,1
hsesoc,CdSe0.25Te0.75,V_Cd,Neutral,1932,-.76313435E+03,-.76313477E+03,1
hsesoc,CdSe0.25Te0.75,V_Cd+Cd_Se,Charged-1,1927,-.76280701E+03,-.76280743E+03,1
hsesoc,CdSe0.25Te0.75,V_Cd+Cd_Se,Charged-2,1928,-.76098929E+03,-.76098972E+03,1
hsesoc,CdSe0.25Te0.75,V_Cd+Cd_Se,Neutral,1926,-.76454785E+03,-.76454828E+03,1
hsesoc,CdSe0.25Te0.75,V_Cd+Cd_Te,Charged-1,1927,-.76277549E+03,-.76277591E+03,1
hsesoc,CdSe0.25Te0.75,V_Cd+Cd_Te,Neutral,1926,-.76473213E+03,-.76473256E+03,1
hsesoc,CdSe0.25Te0.75,V_Cd+Se_Cd,Neutral,1938,-.75963982E+03,-.75964048E+03,1
hsesoc,CdSe0.25Te0.75,V_Cd+Se_i,Neutral,1938,-.76793094E+03,-.76793134E+03,1
hsesoc,CdSe0.25Te0.75,V_Cd+Te_Cd,Neutral,1938,-.75880737E+03,-.75880780E+03,1
hsesoc,CdSe0.25Te0.75,V_Se+Cd_Se,Charged+1,1931,-.76408908E+03,-.76408934E+03,1
hsesoc,CdSe0.25Te0.75,V_Se+Cd_Se,Charged+2,1930,-.76686074E+03,-.76686150E+03,1
hsesoc,CdSe0.25Te0.75,V_Se+Cd_Se,Charged-2,1934,-.75773130E+03,-.75773170E+03,1
hsesoc,CdSe0.25Te0.75,V_Se+Cd_Se,Neutral,1932,-.76131415E+03,-.76131454E+03,1
hsesoc,CdSe0.25Te0.75,V_Te,Charged+1,1937,-.76295110E+03,-.76295136E+03,1
hsesoc,CdSe0.25Te0.75,V_Te,Charged+2,1936,-.76564742E+03,-.76564814E+03,1
hsesoc,CdSe0.25Te0.75,V_Te,Neutral,1938,-.76025185E+03,-.76025225E+03,1
hsesoc,CdSe0.25Te0.75,V_Te+Cd_Te,Charged+1,1931,-.76358453E+03,-.76358478E+03,1
hsesoc,CdSe0.25Te0.75,V_Te+Cd_Te,Charged+2,1930,-.76634963E+03,-.76635007E+03,1
hsesoc,CdSe0.25Te0.75,V_Te+Cd_Te,Neutral,1932,-.76081437E+03,-.76081477E+03,1
hsesoc,CdSe0.25Te0.75,V_Te+Te_i,Charged+1,1943,-.76940241E+03,-.76940308E+03,1
hsesoc,CdSe0.25Te0.75,V_Te+Te_i,Charged-1,1945,-.76509223E+03,-.76509251E+03,1
hsesoc,CdSe0.25Te0.75,V_Te+Te_i,Neutral,1944,-.76784349E+03,-.76784427E+03,1
hsesoc,CdSe0.50Te0.50,As_Se,Charged-1,1944,-.78459358E+03,-.78459401E+03,1
hsesoc,CdSe0.50Te0.50,As_Se,Charged-2,1945,-.78219173E+03,-.78219196E+03,1
hsesoc,CdSe0.50Te0.50,As_Se,Neutral,1943.0000,-.78591477E+03,-.78591516E+03,1
hsesoc,CdSe0.50Te0.50,As_Te+Cl_Te,Charged-1,1945,-.78409822E+03,-.78409845E+03,1
hsesoc,CdSe0.50Te0.50,As_Te+Cl_Te,Charged-2,1946,-.78176851E+03,-.78176891E+03,1
hsesoc,CdSe0.50Te0.50,As_Te+Cl_Te,Neutral,1944.0000,-.78642678E+03,-.78642722E+03,1
hsesoc,CdSe0.50Te0.50,As_Te+O_Te,Charged-1,1944,-.78853461E+03,-.78853502E+03,1
hsesoc,CdSe0.50Te0.50,As_Te+O_Te,Charged-2,1945,-.78627597E+03,-.78627618E+03,1
hsesoc,CdSe0.50Te0.50,As_Te+O_Te,Neutral,1943.0000,-.78983003E+03,-.78983051E+03,1
hsesoc,CdSe0.50Te0.50,Bi_Cd,Charged+1,1946,-.79192691E+03,-.79192742E+03,1
hsesoc,CdSe0.50Te0.50,Bi_Cd,Neutral,1947.0000,-.78941218E+03,-.78941241E+03,1
hsesoc,CdSe0.50Te0.50,Bi_Cd+Cl_Se,Charged+1,1947,-.78995250E+03,-.78995270E+03,1
hsesoc,CdSe0.50Te0.50,Bi_Cd+Cl_Se,Charged+2,1946,-.79227487E+03,-.79227536E+03,1
hsesoc,CdSe0.50Te0.50,Bi_Cd+Cl_Se,Neutral,1948.0000,-.78749501E+03,-.78749520E+03,1
hsesoc,CdSe0.50Te0.50,Bi_Cd+Cl_Te,Charged+1,1947,-.79041878E+03,-.79041900E+03,1
hsesoc,CdSe0.50Te0.50,Bi_Cd+Cl_Te,Charged+2,1946,-.79289234E+03,-.79289293E+03,1
hsesoc,CdSe0.50Te0.50,Bi_Cd+Cl_Te,Neutral,1948.0000,-.78794343E+03,-.78794382E+03,1
hsesoc,CdSe0.50Te0.50,Bi_Se,Charged+1,1952,-.78693392E+03,-.78693431E+03,1
hsesoc,CdSe0.50Te0.50,Bi_Se,Charged-1,1954,-.78347577E+03,-.78347609E+03,1
hsesoc,CdSe0.50Te0.50,Bi_Se,Neutral,1953.0000,-.78539211E+03,-.78539230E+03,1
hsesoc,CdSe0.50Te0.50,Bi_Se+Bi_i,Charged+1,1967,-.79181240E+03,-.79181260E+03,1
hsesoc,CdSe0.50Te0.50,Bi_Se+Bi_i,Charged+2,1966,-.79427655E+03,-.79427695E+03,1
hsesoc,CdSe0.50Te0.50,Bi_Se+Bi_i,Neutral,1968.0000,-.78934054E+03,-.78934095E+03,1
hsesoc,CdSe0.50Te0.50,Bi_Te+Cl_Te,Charged+1,1953,-.78703226E+03,-.78703252E+03,1
hsesoc,CdSe0.50Te0.50,Bi_Te+Cl_Te,Charged-1,1955,-.78288723E+03,-.78288746E+03,1
hsesoc,CdSe0.50Te0.50,Bi_Te+Cl_Te,Charged-2,1956,-.78053144E+03,-.78053185E+03,1
hsesoc,CdSe0.50Te0.50,Bi_Te+Cl_Te,Neutral,1954.0000,-.78523402E+03,-.78523433E+03,1
hsesoc,CdSe0.50Te0.50,Cd_Se+Te_i,Charged+1,1955,-.78831456E+03,-.78831476E+03,1
hsesoc,CdSe0.50Te0.50,Cd_Se+Te_i,Charged+2,1954,-.79065109E+03,-.79065160E+03,1
hsesoc,CdSe0.50Te0.50,Cd_Se+Te_i,Neutral,1956.0000,-.78596140E+03,-.78596181E+03,1
hsesoc,CdSe0.50Te0.50,Cd_Te,Charged+1,1949,-.78271763E+03,-.78271785E+03,1
hsesoc,CdSe0.50Te0.50,Cd_Te,Charged+2,1948,-.78510283E+03,-.78510345E+03,1
hsesoc,CdSe0.50Te0.50,Cd_Te,Neutral,1950.0000,-.78032850E+03,-.78032890E+03,1
hsesoc,CdSe0.50Te0.50,Cd_i,Charged+1,1955,-.78890487E+03,-.78890507E+03,1
hsesoc,CdSe0.50Te0.50,Cd_i,Charged+2,1954,-.79115849E+03,-.79115895E+03,1
hsesoc,CdSe0.50Te0.50,Cl_Te,Charged+1,1944,-.78800296E+03,-.78800359E+03,1
hsesoc,CdSe0.50Te0.50,Cl_Te,Charged-1,1946,-.78329755E+03,-.78329795E+03,1
hsesoc,CdSe0.50Te0.50,Cl_Te,Neutral,1945.0000,-.78565036E+03,-.78565059E+03,1
hsesoc,CdSe0.50Te0.50,O_Te,Charged-2,1946,-.78566123E+03,-.78566162E+03,1
hsesoc,CdSe0.50Te0.50,O_Te,Neutral,1944.0000,-.79021971E+03,-.79022031E+03,1
hsesoc,CdSe0.50Te0.50,P_Se+O_i,Charged+2,1947,-.79908939E+03,-.79909007E+03,1
hsesoc,CdSe0.50Te0.50,P_Se+O_i,Charged-1,1950,-.79431876E+03,-.79431902E+03,1
hsesoc,CdSe0.50Te0.50,P_Se+O_i,Neutral,1949.0000,-.79619467E+03,-.79619530E+03,1
hsesoc,CdSe0.50Te0.50,P_Te,Charged-1,1944,-.78598360E+03,-.78598409E+03,1
hsesoc,CdSe0.50Te0.50,P_Te,Charged-2,1945,-.78361368E+03,-.78361391E+03,1
hsesoc,CdSe0.50Te0.50,P_Te+Cl_Te,Charged-1,1945,-.78481649E+03,-.78481672E+03,1
hsesoc,CdSe0.50Te0.50,P_Te+Cl_Te,Neutral,1944.0000,-.78714734E+03,-.78714787E+03,1
hsesoc,CdSe0.50Te0.50,P_Te+O_Te,Charged-1,1944,-.78922217E+03,-.78922261E+03,1
hsesoc,CdSe0.50Te0.50,Sb_Se,Charged+1,1942,-.78679974E+03,-.78680017E+03,1
hsesoc,CdSe0.50Te0.50,Sb_Se,Charged-1,1944,-.78397663E+03,-.78397701E+03,1
hsesoc,CdSe0.50Te0.50,Sb_Te+Cl_Te,Charged+1,1943,-.78713713E+03,-.78713761E+03,1
hsesoc,CdSe0.50Te0.50,Sb_Te+Cl_Te,Charged-1,1945,-.78339915E+03,-.78339937E+03,1
hsesoc,CdSe0.50Te0.50,Sb_Te+Cl_Te,Charged-2,1946,-.78104301E+03,-.78104341E+03,1
hsesoc,CdSe0.50Te0.50,Sb_Te+Cl_Te,Neutral,1944.0000,-.78575321E+03,-.78575360E+03,1
hsesoc,CdSe0.50Te0.50,V_Cd+Cd_Se,Charged+1,1937,-.78123773E+03,-.78123796E+03,1
hsesoc,CdSe0.50Te0.50,V_Cd+Cd_Se,Neutral,1938.0000,-.77887149E+03,-.77887189E+03,1
hsesoc,CdSe0.50Te0.50,V_Te,Charged+1,1937,-.78195260E+03,-.78195282E+03,1
hsesoc,CdSe0.50Te0.50,V_Te,Charged+2,1936,-.78427817E+03,-.78427878E+03,1
hsesoc,CdSe0.50Te0.50,V_Te,Neutral,1938.0000,-.77962531E+03,-.77962571E+03,1
hsesoc,chem_pot,CdSe,defects_HSE,,,,0
hsesoc,chem_pot,CdTe,defects_HSE,,,,0
hsesoc,chem_pot,chem_pot_results,CdSe,,,,0
hsesoc,chem_pot,chem_pot_results,CdSe0.06Te0.94,,,,0
hsesoc,chem_pot,chem_pot_results,CdSe0.12Te0.88,,,,0
hsesoc,chem_pot,chem_pot_results,CdSe0.20Te0.80,,,,0
hsesoc,chem_pot,chem_pot_results,CdSe0.25Te0.75,,,,0
hsesoc,chem_pot,chem_pot_results,CdSe0.50Te0.50,,,,0
hsesoc,chem_pot,chem_pot_results,CdSe0.75Te0.25,,,,0
hsesoc,chem_pot,chem_pot_results,CdTe,,,,0
