dir,nelect,vbm,cbm,gap,direct
Ag1Al0.5Ga0.5S2_kesterite,496,3.823725,6.217158,2.393433,True
Ag1Al0.5Ga0.5Se2_stannite,496,3.384541,4.439724,1.055183,True
Ag1Al0.5Ga0.5Te2_kesterite,496,4.344976,5.709470,1.364494,True
Ag1Al0.5Ga0.5Te2_stannite,496,4.650376,5.292768,0.642392,True
Ag1Al0.5In0.5Se2_stannite,496,3.431088,4.306070,0.874982,True
Ag1Al0.5In0.5Te2_kesterite,496,4.668747,5.985825,1.317078,True
Ag1Al1S2_kesterite,104,3.590842,6.722523,3.131681,True
Ag1Al1S2_stannite,104,4.584733,6.713828,2.129095,True
Ag1Al1Se1Te1_stannite,416,4.415583,5.246073,0.830490,True
Ag1Al1Se2_kesterite,104,3.298582,5.119872,1.821290,True
Ag1Al1Se2_stannite,104,3.745237,5.023947,1.278710,True
Ag1Al1Te2_kesterite,104,4.535836,6.586412,2.050576,True
Ag1Al1Te2_stannite,104,4.796852,5.917703,1.120851,True
Ag1Ga0.5In0.5S1Se1_kesterite,576,3.474695,4.740305,1.265610,True
Ag1Ga0.5In0.5S1Se1_stannite,576,3.559323,4.567211,1.007888,True
Ag1Ga0.5In0.5S2_kesterite,576,3.892574,5.502863,1.610289,True
Ag1Ga0.5In0.5S2_stannite,576,4.116152,5.463341,1.347189,True
Ag1Ga0.5In0.5Se2_stannite,576,3.227518,3.941110,0.713592,True
Ag1Ga0.5In0.5Te2_kesterite,576,4.412515,5.263575,0.851060,True
Ag1Ga0.5In0.5Te2_stannite,576,4.612087,4.985203,0.373116,True
Ag1Ga1S1Te1_stannite,576,4.804399,4.934746,0.130347,True
Ag1Ga1S2_kesterite,144,4.141417,5.901720,1.760303,True
Ag1Ga1S2_stannite,144,3.919198,5.740253,1.821055,True
Ag1Ga1Se1Te1_kesterite,576,3.794221,4.830462,1.036241,True
Ag1Ga1Se2_kesterite,144,2.990853,4.288283,1.297430,True
Ag1Ga1Se2_stannite,144,3.137545,4.078630,0.941085,True
Ag1Ga1Te2_kesterite,144,4.532581,5.742408,1.209827,True
Ag1Ga1Te2_stannite,144,4.510831,4.897336,0.386505,True
Ag1In1S1Se1_stannite,576,3.827101,4.504939,0.677838,True
Ag1In1S1Te1_kesterite,576,4.395129,5.362463,0.967334,True
Ag1In1S1Te1_stannite,576,4.745384,4.984399,0.239015,True
Ag1In1S2_kesterite,144,4.414141,5.464691,1.050550,True
Ag1In1S2_stannite,144,4.009180,5.312103,1.302923,True
Ag1In1Se1Te1_kesterite,576,4.053077,4.880998,0.827921,True
Ag1In1Se2_kesterite,144,3.364425,4.234937,0.870512,True
Ag1In1Te2_kesterite,144,5.209224,6.169696,0.960472,True
Ag1In1Te2_stannite,144,5.201182,5.755919,0.554737,True
Ag2Ba0.5Cd0.5Ge1S4_kesterite,568,2.804631,4.523878,1.719247,False
Ag2Ba0.5Cd0.5Ge1S4_stannite,568,3.124553,4.615897,1.491344,True
Ag2Ba0.5Cd0.5Ge1Se4_kesterite,568,2.459490,3.624087,1.164597,False
Ag2Ba0.5Cd0.5Ge1Se4_stannite,568,2.387832,3.119289,0.731457,True
Ag2Ba0.5Cd0.5Ge1Te4_stannite,568,4.665555,5.319545,0.653990,True
Ag2Ba0.5Cd0.5Sn1S4_kesterite,568,3.427598,4.994351,1.566753,True
Ag2Ba0.5Cd0.5Sn1S4_stannite,568,3.584661,4.940999,1.356338,True
Ag2Ba0.5Cd0.5Sn1Se4_kesterite,568,2.278599,3.192595,0.913996,True
Ag2Ba0.5Cd0.5Sn1Se4_stannite,568,3.244170,4.074495,0.830325,True
Ag2Ba0.5Cd0.5Sn1Te4_stannite,568,3.600638,4.244271,0.643633,True
Ag2Ba0.5Cd0.5Zr1S4_kesterite,552,3.096230,5.474717,2.378487,True
Ag2Ba0.5Cd0.5Zr1S4_stannite,552,3.421678,5.279353,1.857675,False
Ag2Ba0.5Cd0.5Zr1Se4_kesterite,552,2.035798,3.937938,1.902140,True
Ag2Ba0.5Cd0.5Zr1Se4_stannite,552,2.979470,4.495647,1.516177,False
Ag2Ba0.5Cd0.5Zr1Te4_stannite,552,3.309318,4.344406,1.035088,True
Ag2Ba0.5Zn0.5Ge1S4_kesterite,568,3.036386,4.715931,1.679545,False
Ag2Ba0.5Zn0.5Ge1S4_stannite,568,3.181678,4.528227,1.346549,False
Ag2Ba0.5Zn0.5Ge1Se4_kesterite,568,2.612489,3.682928,1.070439,False
Ag2Ba0.5Zn0.5Ge1Se4_stannite,568,2.710524,3.400269,0.689745,True
Ag2Ba0.5Zn0.5Ge1Te4_stannite,568,4.788622,5.095124,0.306502,True
Ag2Ba0.5Zn0.5Sn1S4_kesterite,568,3.494899,4.998774,1.503875,False
Ag2Ba0.5Zn0.5Sn1S4_stannite,568,3.621085,4.811927,1.190842,True
Ag2Ba0.5Zn0.5Sn1Se4_kesterite,568,3.025173,4.028498,1.003325,False
Ag2Ba0.5Zn0.5Sn1Se4_stannite,568,3.156447,3.848772,0.692325,True
Ag2Ba0.5Zn0.5Sn1Te4_kesterite,568,3.624571,4.295319,0.670748,True
Ag2Ba0.5Zn0.5Sn1Te4_stannite,568,3.594399,4.077095,0.482696,True
Ag2Ba0.5Zn0.5Zr1S4_kesterite,552,3.376883,5.459062,2.082179,True
Ag2Ba0.5Zn0.5Zr1S4_stannite,552,3.400016,5.295006,1.894990,False
Ag2Ba0.5Zn0.5Zr1Se4_kesterite,552,2.914530,4.626012,1.711482,True
Ag2Ba0.5Zn0.5Zr1Se4_stannite,552,2.896473,4.401741,1.505268,False
Ag2Ba0.5Zn0.5Zr1Te4_kesterite,552,4.778275,5.886360,1.108085,True
Ag2Ba0.5Zn0.5Zr1Te4_stannite,552,4.869222,5.705704,0.836482,True
Ag2Ba1Ge0.5Zr0.5S4_kesterite,552,2.652804,4.870218,2.217414,False
Ag2Ba1Ge0.5Zr0.5S4_stannite,552,3.260345,5.617292,2.356947,True
Ag2Ba1Ge0.5Zr0.5Se4_kesterite,552,2.269559,3.828383,1.558824,False
Ag2Ba1Ge0.5Zr0.5Se4_stannite,552,2.484410,4.303564,1.819154,True
Ag2Ba1Ge0.5Zr0.5Te4_kesterite,552,2.929482,3.930303,1.000821,False
Ag2Ba1Ge1S1Se1Te2_stannite,560,4.276926,4.898899,0.621973,True
Ag2Ba1Ge1S1Se3_kesterite,560,2.207275,3.446066,1.238791,False
Ag2Ba1Ge1S1Te3_kesterite,560,3.309026,4.034172,0.725146,False
Ag2Ba1Ge1S2Se2_kesterite,560,2.574976,4.169858,1.594882,False
Ag2Ba1Ge1S2Se2_stannite,560,3.789027,5.117107,1.328080,True
Ag2Ba1Ge1S3Se1_kesterite,560,2.619539,4.118923,1.499384,False
Ag2Ba1Ge1S3Se1_stannite,560,4.048008,5.441120,1.393112,True
Ag2Ba1Ge1S4_kesterite,140,2.716871,4.504838,1.787967,False
Ag2Ba1Ge1S4_stannite,140,4.063375,6.005807,1.942432,True
Ag2Ba1Ge1Se2Te2_stannite,560,4.124457,4.956052,0.831595,True
Ag2Ba1Ge1Se4_kesterite,140,2.099968,2.972181,0.872213,False
Ag2Ba1Ge1Se4_stannite,140,3.183382,4.660407,1.477025,True
Ag2Ba1Ge1Te4_kesterite,140,3.882420,3.495740,0.000000,False
Ag2Ba1Ge1Te4_stannite,140,4.259644,5.106329,0.846685,True
Ag2Ba1Sn0.5Ge0.5S4_kesterite,560,2.976303,4.605063,1.628760,False
Ag2Ba1Sn0.5Ge0.5S4_stannite,560,3.499733,5.744095,2.244362,False
Ag2Ba1Sn0.5Ge0.5Se4_kesterite,560,2.437642,3.568396,1.130754,False
Ag2Ba1Sn0.5Ge0.5Se4_stannite,560,2.745299,4.299388,1.554089,True
Ag2Ba1Sn0.5Zr0.5S4_kesterite,552,3.359709,5.486967,2.127258,False
Ag2Ba1Sn0.5Zr0.5S4_stannite,552,3.536383,5.554364,2.017981,True
Ag2Ba1Sn0.5Zr0.5Se4_kesterite,552,3.314841,4.921631,1.606790,False
Ag2Ba1Sn0.5Zr0.5Se4_stannite,552,3.411782,4.922431,1.510649,False
Ag2Ba1Sn0.5Zr0.5Te4_stannite,552,5.389673,6.590377,1.200704,False
Ag2Ba1Sn1S1Se1Te2_stannite,560,3.193504,4.580789,1.387285,True
Ag2Ba1Sn1S1Se3_stannite,560,2.872824,4.462552,1.589728,False
Ag2Ba1Sn1S1Te3_kesterite,560,3.585185,4.272873,0.687688,True
Ag2Ba1Sn1S1Te3_stannite,560,3.526515,4.749873,1.223358,True
Ag2Ba1Sn1S2Se1Te1_kesterite,560,3.432726,4.149002,0.716276,True
Ag2Ba1Sn1S2Se1Te1_stannite,560,3.213894,4.804464,1.590570,True
Ag2Ba1Sn1S2Se2_kesterite,560,2.360363,3.851563,1.491200,False
Ag2Ba1Sn1S2Se2_stannite,560,2.932355,4.707938,1.775583,False
Ag2Ba1Sn1S2Te2_kesterite,560,3.281845,4.304137,1.022292,True
Ag2Ba1Sn1S2Te2_stannite,560,3.418782,5.035613,1.616831,False
Ag2Ba1Sn1S3Se1_stannite,560,3.333236,5.184930,1.851694,False
Ag2Ba1Sn1S3Te1_kesterite,560,3.760167,4.498236,0.738069,True
Ag2Ba1Sn1S3Te1_stannite,560,3.488523,5.160638,1.672115,True
Ag2Ba1Sn1S4_kesterite,140,3.239168,4.339745,1.100577,False
Ag2Ba1Sn1Se1Te3_kesterite,560,3.559925,4.238226,0.678301,True
Ag2Ba1Sn1Se2Te2_kesterite,560,3.048768,3.950082,0.901314,True
Ag2Ba1Sn1Se2Te2_stannite,560,3.042673,4.489240,1.446567,False
Ag2Ba1Sn1Se3Te1_kesterite,560,3.041063,3.749999,0.708936,True
Ag2Ba1Sn1Se3Te1_stannite,560,2.960572,4.393808,1.433236,False
Ag2Ba1Sn1Se4_kesterite,140,2.485692,3.369953,0.884261,False
Ag2Ba1Sn1Se4_stannite,140,2.931064,4.545674,1.614610,False
Ag2Ba1Sn1Te4_kesterite,140,4.578427,4.686090,0.107663,False
Ag2Ba1Sn1Te4_stannite,140,4.735764,5.730801,0.995037,False
Ag2Ba1Zr1S1Se1Te2_kesterite,544,3.055401,4.264104,1.208703,True
Ag2Ba1Zr1S1Se1Te2_stannite,544,3.155645,4.940147,1.784502,True
Ag2Ba1Zr1S1Se2Te1_kesterite,544,3.092486,4.392552,1.300066,True
Ag2Ba1Zr1S1Se3_kesterite,544,3.152610,5.021185,1.868575,False
Ag2Ba1Zr1S1Se3_stannite,544,3.878779,5.255563,1.376784,True
Ag2Ba1Zr1S1Te3_stannite,544,3.294068,4.933250,1.639182,True
Ag2Ba1Zr1S2Se1Te1_kesterite,544,3.158484,4.666367,1.507883,True
Ag2Ba1Zr1S2Se1Te1_stannite,544,3.268798,5.068811,1.800013,True
Ag2Ba1Zr1S2Se2_kesterite,544,2.363389,4.556124,2.192735,False
Ag2Ba1Zr1S2Se2_stannite,544,2.709226,4.995969,2.286743,True
Ag2Ba1Zr1S2Te2_kesterite,544,3.886034,5.255645,1.369611,True
Ag2Ba1Zr1S2Te2_stannite,544,4.851795,6.175746,1.323951,True
Ag2Ba1Zr1S3Se1_kesterite,544,2.619650,4.761181,2.141531,False
Ag2Ba1Zr1S3Te1_kesterite,544,3.556933,4.873905,1.316972,False
Ag2Ba1Zr1S4_kesterite,544,3.437610,5.586931,2.149321,False
Ag2Ba1Zr1S4_stannite,544,3.549760,5.747292,2.197532,True
Ag2Ba1Zr1Se2Te2_kesterite,544,2.877274,4.527339,1.650065,False
Ag2Ba1Zr1Se2Te2_stannite,544,3.109661,4.924313,1.814652,True
Ag2Ba1Zr1Se3Te1_kesterite,544,2.904775,4.297788,1.393013,True
Ag2Ba1Zr1Se4_kesterite,544,3.347446,5.067641,1.720195,False
Ag2Ba1Zr1Se4_stannite,544,3.390184,5.238597,1.848413,True
Ag2Ba1Zr1Te4_kesterite,544,3.779339,5.057626,1.278287,False
Ag2Ba1Zr1Te4_stannite,544,3.862470,5.344550,1.482080,True
Ag2Ca0.5Ba0.5Ge1S4_kesterite,560,3.025496,4.898552,1.873056,False
Ag2Ca0.5Ba0.5Ge1S4_stannite,560,3.200432,5.692725,2.492293,True
Ag2Ca0.5Ba0.5Ge1Se4_kesterite,560,2.281521,3.807767,1.526246,False
Ag2Ca0.5Ba0.5Ge1Se4_stannite,560,2.689340,4.279123,1.589783,True
Ag2Ca0.5Ba0.5Sn1S4_kesterite,560,3.217572,5.195476,1.977904,False
Ag2Ca0.5Ba0.5Sn1S4_stannite,560,3.477539,5.401312,1.923773,True
Ag2Ca0.5Ba0.5Sn1Se4_kesterite,560,2.898423,4.292172,1.393749,True
Ag2Ca0.5Ba0.5Sn1Se4_stannite,560,3.091620,4.456436,1.364816,True
Ag2Ca0.5Ba0.5Sn1Te4_kesterite,560,3.371935,4.207718,0.835783,True
Ag2Ca0.5Ba0.5Sn1Te4_stannite,560,5.025848,6.419276,1.393428,True
Ag2Ca0.5Ba0.5Zr1S4_kesterite,544,3.334220,5.575149,2.240929,True
Ag2Ca0.5Ba0.5Zr1S4_stannite,544,2.815100,5.479576,2.664476,True
Ag2Ca0.5Ba0.5Zr1Se4_kesterite,544,2.653951,4.783834,2.129883,False
Ag2Ca0.5Ba0.5Zr1Se4_stannite,544,2.970441,4.950866,1.980425,True
Ag2Ca0.5Ba0.5Zr1Te4_stannite,544,3.222819,4.740336,1.517517,True
Ag2Ca0.5Cd0.5Ge1S4_kesterite,568,3.253315,5.031049,1.777734,True
Ag2Ca0.5Cd0.5Ge1S4_stannite,568,3.011099,4.893393,1.882294,True
Ag2Ca0.5Cd0.5Ge1Se4_kesterite,568,2.536514,3.832303,1.295789,True
Ag2Ca0.5Cd0.5Ge1Se4_stannite,568,2.706907,3.678313,0.971406,True
Ag2Ca0.5Cd0.5Ge1Te4_kesterite,568,4.618832,5.562153,0.943321,True
Ag2Ca0.5Cd0.5Ge1Te4_stannite,568,4.731244,5.511358,0.780114,True
Ag2Ca0.5Cd0.5Sn1S4_kesterite,568,3.539887,5.171042,1.631155,True
Ag2Ca0.5Cd0.5Sn1S4_stannite,568,3.626161,5.072746,1.446585,True
Ag2Ca0.5Cd0.5Sn1Se4_kesterite,568,3.195894,4.272804,1.076910,True
Ag2Ca0.5Cd0.5Sn1Se4_stannite,568,3.295828,4.197658,0.901830,True
Ag2Ca0.5Cd0.5Sn1Te4_stannite,568,5.428450,6.297599,0.869149,True
Ag2Ca0.5Cd0.5Zr1S4_kesterite,552,2.984265,5.561410,2.577145,True
Ag2Ca0.5Cd0.5Zr1S4_stannite,552,3.151635,5.383731,2.232096,True
Ag2Ca0.5Cd0.5Zr1Se4_kesterite,552,1.923939,4.099880,2.175941,True
Ag2Ca0.5Cd0.5Zr1Te4_kesterite,552,4.747015,6.063625,1.316610,True
Ag2Ca0.5Cd0.5Zr1Te4_stannite,552,4.749304,5.937053,1.187749,True
Ag2Ca0.5Sr0.5Ge1S4_kesterite,560,3.034861,5.005127,1.970266,False
Ag2Ca0.5Sr0.5Ge1S4_stannite,560,3.013659,5.527284,2.513625,True
Ag2Ca0.5Sr0.5Ge1Se4_kesterite,560,2.196268,3.876309,1.680041,False
Ag2Ca0.5Sr0.5Ge1Se4_stannite,560,2.593622,4.174971,1.581349,True
Ag2Ca0.5Sr0.5Ge1Te4_stannite,560,4.374626,5.767703,1.393077,True
Ag2Ca0.5Sr0.5Sn0.5Ge0.5S2Te2_kesterite,560,3.381213,4.476757,1.095544,True
Ag2Ca0.5Sr0.5Sn1S4_kesterite,560,3.274929,5.251200,1.976271,False
Ag2Ca0.5Sr0.5Sn1S4_stannite,560,3.198692,5.034423,1.835731,True
Ag2Ca0.5Sr0.5Sn1Se4_kesterite,560,2.918118,4.325773,1.407655,True
Ag2Ca0.5Sr0.5Sn1Se4_stannite,560,3.071776,4.439878,1.368102,True
Ag2Ca0.5Sr0.5Sn1Te4_kesterite,560,4.961012,6.175962,1.214950,True
Ag2Ca0.5Sr0.5Sn1Te4_stannite,560,3.453662,4.677983,1.224321,True
Ag2Ca0.5Sr0.5Zr1S4_kesterite,544,3.322556,5.612327,2.289771,False
Ag2Ca0.5Sr0.5Zr1S4_stannite,544,3.173833,5.790627,2.616794,True
Ag2Ca0.5Sr0.5Zr1Se4_kesterite,544,2.815103,4.800211,1.985108,False
Ag2Ca0.5Sr0.5Zr1Se4_stannite,544,2.734373,4.937475,2.203102,True
Ag2Ca0.5Sr0.5Zr1Te4_kesterite,544,4.471086,6.027947,1.556861,False
Ag2Ca0.5Sr0.5Zr1Te4_stannite,544,4.776660,5.984477,1.207817,True
Ag2Ca0.5Zn0.5Ge1S4_kesterite,568,3.195930,5.249125,2.053195,False
Ag2Ca0.5Zn0.5Ge1S4_stannite,568,3.163228,4.947273,1.784045,True
Ag2Ca0.5Zn0.5Ge1Se4_kesterite,568,2.606682,3.939481,1.332799,True
Ag2Ca0.5Zn0.5Ge1Se4_stannite,568,2.850298,3.675047,0.824749,True
Ag2Ca0.5Zn0.5Ge1Te4_kesterite,568,4.650011,5.587821,0.937810,True
Ag2Ca0.5Zn0.5Ge1Te4_stannite,568,4.708946,5.222252,0.513306,True
Ag2Ca0.5Zn0.5Sn1S4_kesterite,568,3.270047,4.930770,1.660723,True
Ag2Ca0.5Zn0.5Sn1S4_stannite,568,3.715959,5.040120,1.324161,True
Ag2Ca0.5Zn0.5Sn1Se4_kesterite,568,3.103960,4.201587,1.097627,True
Ag2Ca0.5Zn0.5Sn1Se4_stannite,568,3.257884,4.024079,0.766195,True
Ag2Ca0.5Zn0.5Sn1Te4_kesterite,568,5.199026,6.203063,1.004037,True
Ag2Ca0.5Zn0.5Sn1Te4_stannite,568,5.295833,5.976974,0.681141,True
Ag2Ca0.5Zn0.5Zr1S4_kesterite,552,3.385051,5.572510,2.187459,True
Ag2Ca0.5Zn0.5Zr1S4_stannite,552,3.480635,5.391886,1.911251,True
Ag2Ca0.5Zn0.5Zr1Se4_kesterite,552,2.785452,4.682928,1.897476,True
Ag2Ca0.5Zn0.5Zr1Se4_stannite,552,2.857913,4.481343,1.623430,False
Ag2Ca0.5Zn0.5Zr1Te4_kesterite,552,4.696499,5.891058,1.194559,True
Ag2Ca0.5Zn0.5Zr1Te4_stannite,552,4.626774,5.744283,1.117509,True
Ag2Ca1Ge0.5Zr0.5S4_kesterite,552,3.102040,5.288422,2.186382,True
Ag2Ca1Ge0.5Zr0.5S4_stannite,552,3.021461,5.443917,2.422456,False
Ag2Ca1Ge0.5Zr0.5Se4_kesterite,552,2.418998,4.111301,1.692303,True
Ag2Ca1Ge0.5Zr0.5Se4_stannite,552,2.462919,4.249681,1.786762,False
Ag2Ca1Ge0.5Zr0.5Te4_kesterite,552,3.188192,4.247575,1.059383,False
Ag2Ca1Ge0.5Zr0.5Te4_stannite,552,4.050723,5.413679,1.362956,True
Ag2Ca1Ge1S1Se1Te2_kesterite,560,3.738950,4.665139,0.926189,False
Ag2Ca1Ge1S1Se1Te2_stannite,560,3.469135,4.746011,1.276876,True
Ag2Ca1Ge1S1Se3_kesterite,560,1.984303,3.915725,1.931422,True
Ag2Ca1Ge1S1Se3_stannite,560,3.114619,4.657411,1.542792,True
Ag2Ca1Ge1S1Te3_kesterite,560,3.463610,4.498925,1.035315,True
Ag2Ca1Ge1S1Te3_stannite,560,4.243900,5.493097,1.249197,True
Ag2Ca1Ge1S2Se1Te1_kesterite,560,3.571421,4.512601,0.941180,True
Ag2Ca1Ge1S2Se1Te1_stannite,560,3.642779,5.110736,1.467957,True
Ag2Ca1Ge1S2Se2_kesterite,560,2.173902,4.293354,2.119452,False
Ag2Ca1Ge1S2Se2_stannite,560,2.997896,5.018055,2.020159,True
Ag2Ca1Ge1S2Te2_stannite,560,4.340594,5.794570,1.453976,True
Ag2Ca1Ge1S3Te1_kesterite,560,4.215513,5.192609,0.977096,True
Ag2Ca1Ge1S4_kesterite,140,2.634172,5.024078,2.389906,False
Ag2Ca1Ge1Se1Te3_kesterite,560,3.990990,5.037993,1.047003,True
Ag2Ca1Ge1Se1Te3_stannite,560,4.106779,5.359750,1.252971,True
Ag2Ca1Ge1Se3Te1_stannite,560,3.204104,4.653325,1.449221,True
Ag2Ca1Ge1Se4_kesterite,140,2.594443,3.705783,1.111340,False
Ag2Ca1Ge1Te4_kesterite,140,3.862285,4.501421,0.639136,True
Ag2Ca1Ge1Te4_stannite,140,3.811928,5.199921,1.387993,True
Ag2Ca1Sn0.5Ge0.5S4_kesterite,560,2.702708,4.940537,2.237829,True
Ag2Ca1Sn0.5Ge0.5S4_stannite,560,2.859469,5.134038,2.274569,True
Ag2Ca1Sn0.5Ge0.5Se4_kesterite,560,2.321934,3.855262,1.533328,False
Ag2Ca1Sn0.5Ge0.5Se4_stannite,560,2.619008,4.031869,1.412861,True
Ag2Ca1Sn0.5Ge0.5Te4_kesterite,560,4.159107,5.228728,1.069621,True
Ag2Ca1Sn0.5Ge0.5Te4_stannite,560,4.277078,5.580496,1.303418,True
Ag2Ca1Sn0.5Zr0.5S4_kesterite,552,3.363825,5.561581,2.197756,False
Ag2Ca1Sn0.5Zr0.5S4_stannite,552,3.407854,5.536042,2.128188,False
Ag2Ca1Sn0.5Zr0.5Se4_kesterite,552,2.833550,4.645959,1.812409,False
Ag2Ca1Sn0.5Zr0.5Se4_stannite,552,2.955912,4.613780,1.657868,False
Ag2Ca1Sn0.5Zr0.5Te4_kesterite,552,4.042567,5.306972,1.264405,False
Ag2Ca1Sn0.5Zr0.5Te4_stannite,552,4.842521,6.235953,1.393432,False
Ag2Ca1Sn1S1Se1Te2_kesterite,560,3.480759,4.300389,0.819630,True
Ag2Ca1Sn1S1Se1Te2_stannite,560,3.370075,4.543104,1.173029,True
Ag2Ca1Sn1S1Se2Te1_kesterite,560,3.096779,4.131628,1.034849,True
Ag2Ca1Sn1S1Se2Te1_stannite,560,4.248993,5.271302,1.022309,True
Ag2Ca1Sn1S1Se3_kesterite,560,2.517108,3.873883,1.356775,False
Ag2Ca1Sn1S1Se3_stannite,560,2.663336,4.115457,1.452121,True
Ag2Ca1Sn1S1Te3_stannite,560,3.788917,4.979552,1.190635,True
Ag2Ca1Sn1S2Se1Te1_kesterite,560,3.701030,4.472699,0.771669,True
Ag2Ca1Sn1S2Se1Te1_stannite,560,3.803803,5.068932,1.265129,True
Ag2Ca1Sn1S2Se2_kesterite,560,2.618713,4.252373,1.633660,True
Ag2Ca1Sn1S2Te2_kesterite,560,3.277022,4.581316,1.304294,True
Ag2Ca1Sn1S2Te2_stannite,560,4.121213,5.469523,1.348310,True
Ag2Ca1Sn1S3Se1_kesterite,560,2.614121,4.486738,1.872617,True
Ag2Ca1Sn1S3Se1_stannite,560,2.787922,4.738422,1.950500,True
Ag2Ca1Sn1S3Te1_stannite,560,4.092520,5.361386,1.268866,True
Ag2Ca1Sn1S4_kesterite,140,3.282716,4.865258,1.582542,True
Ag2Ca1Sn1Se1Te3_kesterite,560,3.648346,4.658887,1.010541,True
Ag2Ca1Sn1Se2Te2_kesterite,560,3.000457,4.070270,1.069813,True
Ag2Ca1Sn1Se3Te1_kesterite,560,2.719196,3.812391,1.093195,True
Ag2Ca1Sn1Se4_kesterite,140,2.441560,3.604821,1.163261,True
Ag2Ca1Sn1Se4_stannite,140,2.454150,3.950868,1.496718,True
Ag2Ca1Sn1Te4_kesterite,140,3.964583,4.817837,0.853254,True
Ag2Ca1Sn1Te4_stannite,140,4.074636,5.430109,1.355473,True
Ag2Ca1Zr1S1Se1Te2_stannite,544,3.123266,4.937007,1.813741,True
Ag2Ca1Zr1S1Se2Te1_kesterite,544,3.004011,4.595323,1.591312,True
Ag2Ca1Zr1S1Se2Te1_stannite,544,2.947541,4.869561,1.922020,True
Ag2Ca1Zr1S1Se3_kesterite,544,2.294472,4.519168,2.224696,False
Ag2Ca1Zr1S1Se3_stannite,544,3.087083,5.202545,2.115462,True
Ag2Ca1Zr1S1Te3_kesterite,544,3.350674,4.922607,1.571933,True
Ag2Ca1Zr1S1Te3_stannite,544,3.448178,5.172412,1.724234,True
Ag2Ca1Zr1S2Se1Te1_kesterite,544,3.268860,4.923077,1.654217,True
Ag2Ca1Zr1S2Se2_kesterite,544,3.135311,5.253801,2.118490,False
Ag2Ca1Zr1S2Se2_stannite,544,2.799359,5.077530,2.278171,True
Ag2Ca1Zr1S2Te2_kesterite,544,3.381109,5.139756,1.758647,False
Ag2Ca1Zr1S3Se1_stannite,544,3.171130,5.659957,2.488827,True
Ag2Ca1Zr1S3Te1_kesterite,544,3.597448,5.138780,1.541332,True
Ag2Ca1Zr1S4_kesterite,544,3.338906,5.676976,2.338070,False
Ag2Ca1Zr1S4_stannite,544,3.395021,5.870705,2.475684,True
Ag2Ca1Zr1Se1Te3_stannite,544,3.143173,4.797925,1.654752,True
Ag2Ca1Zr1Se2Te2_kesterite,544,3.837010,5.514520,1.677510,False
Ag2Ca1Zr1Se3Te1_kesterite,544,3.526468,5.135925,1.609457,True
Ag2Ca1Zr1Se3Te1_stannite,544,2.769943,4.698019,1.928076,True
Ag2Ca1Zr1Se4_kesterite,544,2.826355,4.855510,2.029155,False
Ag2Ca1Zr1Se4_stannite,544,2.910525,4.982614,2.072089,True
Ag2Ca1Zr1Te4_kesterite,544,4.491043,6.071028,1.579985,False
Ag2Ca1Zr1Te4_stannite,544,3.924312,5.351080,1.426768,True
Ag2Cd1Ge0.5Zr0.5S4_kesterite,568,3.284959,5.125804,1.840845,True
Ag2Cd1Ge0.5Zr0.5S4_stannite,568,3.256584,5.043678,1.787094,False
Ag2Cd1Ge0.5Zr0.5Se4_kesterite,568,2.580368,4.005248,1.424880,True
Ag2Cd1Ge0.5Zr0.5Se4_stannite,568,2.636227,3.955013,1.318786,False
Ag2Cd1Ge0.5Zr0.5Te4_stannite,568,4.555604,5.345544,0.789940,False
Ag2Cd1Ge1S1Se1Te2_kesterite,576,3.515647,4.292658,0.777011,True
Ag2Cd1Ge1S1Se1Te2_stannite,576,4.246015,4.697629,0.451614,True
Ag2Cd1Ge1S1Se2Te1_kesterite,576,3.062690,4.022210,0.959520,True
Ag2Cd1Ge1S1Se2Te1_stannite,576,3.597035,3.888858,0.291823,True
Ag2Cd1Ge1S1Se3_kesterite,576,2.806192,3.960845,1.154653,True
Ag2Cd1Ge1S1Se3_stannite,576,2.821820,3.811487,0.989667,True
Ag2Cd1Ge1S1Te3_kesterite,576,3.766786,4.602544,0.835758,True
Ag2Cd1Ge1S1Te3_stannite,576,4.789920,5.236195,0.446275,True
Ag2Cd1Ge1S2Se1Te1_kesterite,576,3.576552,4.350374,0.773822,True
Ag2Cd1Ge1S2Se1Te1_stannite,576,3.892197,4.215642,0.323445,True
Ag2Cd1Ge1S2Se2_kesterite,576,2.931715,4.259234,1.327519,True
Ag2Cd1Ge1S2Se2_stannite,576,2.955135,4.107901,1.152766,True
Ag2Cd1Ge1S2Te2_kesterite,576,3.825164,4.745960,0.920796,True
Ag2Cd1Ge1S2Te2_stannite,576,4.231607,4.907941,0.676334,True
Ag2Cd1Ge1S3Se1_kesterite,576,3.247246,4.567140,1.319894,True
Ag2Cd1Ge1S3Se1_stannite,576,3.517627,4.463850,0.946223,True
Ag2Cd1Ge1S3Te1_kesterite,576,3.674344,4.744595,1.070251,True
Ag2Cd1Ge1S3Te1_stannite,576,4.433502,4.832087,0.398585,True
Ag2Cd1Ge1S4_kesterite,144,2.852913,4.831054,1.978141,True
Ag2Cd1Ge1S4_stannite,144,3.621957,4.784403,1.162446,True
Ag2Cd1Ge1Se1Te3_stannite,576,4.545831,5.014746,0.468915,True
Ag2Cd1Ge1Se2Te2_kesterite,576,3.329155,4.005667,0.676512,True
Ag2Cd1Ge1Se2Te2_stannite,576,4.150488,4.518057,0.367569,True
Ag2Cd1Ge1Se3Te1_kesterite,576,2.814340,3.676124,0.861784,True
Ag2Cd1Ge1Se3Te1_stannite,576,3.759247,4.039716,0.280469,True
Ag2Cd1Ge1Se4_kesterite,144,2.741098,3.467372,0.726274,True
Ag2Cd1Ge1Se4_stannite,144,2.424541,3.360554,0.936013,True
Ag2Cd1Ge1Te4_kesterite,144,4.042010,4.765073,0.723063,True
Ag2Cd1Ge1Te4_stannite,144,4.106698,4.575660,0.468962,True
Ag2Cd1Sn0.5Ge0.5S4_kesterite,576,3.212369,4.747670,1.535301,True
Ag2Cd1Sn0.5Ge0.5S4_stannite,576,3.434167,4.692371,1.258204,True
Ag2Cd1Sn0.5Ge0.5Se4_kesterite,576,2.517054,3.322668,0.805614,True
Ag2Cd1Sn0.5Ge0.5Te4_kesterite,576,4.857103,5.554228,0.697125,True
Ag2Cd1Sn0.5Ge0.5Te4_stannite,576,4.958111,5.439512,0.481401,True
Ag2Cd1Sn0.5Zr0.5S4_kesterite,568,3.521818,5.392738,1.870920,False
Ag2Cd1Sn0.5Zr0.5S4_stannite,568,3.618579,5.391118,1.772539,False
Ag2Cd1Sn0.5Zr0.5Se4_kesterite,568,3.108943,4.577403,1.468460,False
Ag2Cd1Sn0.5Zr0.5Se4_stannite,568,3.218074,4.573110,1.355036,False
Ag2Cd1Sn0.5Zr0.5Te4_stannite,568,5.383910,6.315369,0.931459,False
Ag2Cd1Sn1S1Se1Te2_kesterite,576,3.767275,4.217963,0.450688,True
Ag2Cd1Sn1S1Se1Te2_stannite,576,5.144011,5.470005,0.325994,True
Ag2Cd1Sn1S1Se2Te1_kesterite,576,3.293149,4.046718,0.753569,True
Ag2Cd1Sn1S1Se2Te1_stannite,576,4.594417,4.915601,0.321184,True
Ag2Cd1Sn1S1Se3_kesterite,576,2.846261,3.697383,0.851122,True
Ag2Cd1Sn1S1Se3_stannite,576,3.666898,4.348968,0.682070,True
Ag2Cd1Sn1S1Te3_kesterite,576,4.078989,4.751544,0.672555,True
Ag2Cd1Sn1S2Se1Te1_kesterite,576,3.810687,4.379077,0.568390,True
Ag2Cd1Sn1S2Se1Te1_stannite,576,4.033507,4.147960,0.114453,True
Ag2Cd1Sn1S2Se2_kesterite,576,3.023370,4.055870,1.032500,True
Ag2Cd1Sn1S2Se2_stannite,576,3.596690,4.550026,0.953336,True
Ag2Cd1Sn1S2Te2_kesterite,576,3.940631,4.769624,0.828993,True
Ag2Cd1Sn1S2Te2_stannite,576,4.272718,4.603858,0.331140,True
Ag2Cd1Sn1S3Se1_kesterite,576,3.075864,4.221445,1.145581,True
Ag2Cd1Sn1S3Se1_stannite,576,3.926282,4.790749,0.864467,True
Ag2Cd1Sn1S3Te1_kesterite,576,3.839551,4.696685,0.857134,True
Ag2Cd1Sn1S3Te1_stannite,576,4.897608,5.317180,0.419572,True
Ag2Cd1Sn1S4_kesterite,144,3.105687,4.643804,1.538117,True
Ag2Cd1Sn1S4_stannite,144,3.775692,4.610093,0.834401,True
Ag2Cd1Sn1Se1Te3_kesterite,576,3.853548,4.450886,0.597338,True
Ag2Cd1Sn1Se1Te3_stannite,576,3.978260,4.332379,0.354119,True
Ag2Cd1Sn1Se2Te2_kesterite,576,3.498169,4.115232,0.617063,True
Ag2Cd1Sn1Se2Te2_stannite,576,3.623116,3.997184,0.374068,True
Ag2Cd1Sn1Se3Te1_kesterite,576,3.280179,3.748409,0.468230,True
Ag2Cd1Sn1Se3Te1_stannite,576,4.404510,4.727762,0.323252,True
Ag2Cd1Sn1Se4_kesterite,144,2.697627,3.481052,0.783425,True
Ag2Cd1Sn1Se4_stannite,144,2.875690,3.239098,0.363408,True
Ag2Cd1Sn1Te4_kesterite,144,4.517466,5.171133,0.653667,True
Ag2Cd1Sn1Te4_stannite,144,4.565315,5.076582,0.511267,True
Ag2Cd1Zr1S1Se1Te2_kesterite,560,3.268716,4.674035,1.405319,True
Ag2Cd1Zr1S1Se1Te2_stannite,560,4.612421,5.717905,1.105484,False
Ag2Cd1Zr1S1Se2Te1_stannite,560,4.144454,5.338701,1.194247,True
Ag2Cd1Zr1S1Se3_stannite,560,3.089136,4.914470,1.825334,True
Ag2Cd1Zr1S1Te3_stannite,560,3.850129,4.944633,1.094504,True
Ag2Cd1Zr1S2Se1Te1_kesterite,560,3.436540,4.951918,1.515378,True
Ag2Cd1Zr1S2Se1Te1_stannite,560,4.336873,5.507127,1.170254,True
Ag2Cd1Zr1S2Se2_kesterite,560,2.887154,5.184248,2.297094,True
Ag2Cd1Zr1S2Se2_stannite,560,3.317130,5.108726,1.791596,True
Ag2Cd1Zr1S2Te2_kesterite,560,3.554817,5.111831,1.557014,True
Ag2Cd1Zr1S2Te2_stannite,560,4.695305,5.864081,1.168776,True
Ag2Cd1Zr1S3Se1_kesterite,560,2.966001,4.939648,1.973647,True
Ag2Cd1Zr1S3Se1_stannite,560,3.503277,5.310911,1.807634,True
Ag2Cd1Zr1S3Te1_kesterite,560,3.671553,5.167616,1.496063,True
Ag2Cd1Zr1S3Te1_stannite,560,3.971939,5.100353,1.128414,False
Ag2Cd1Zr1S4_kesterite,560,3.522942,5.612911,2.089969,True
Ag2Cd1Zr1S4_stannite,560,3.500751,5.520378,2.019627,True
Ag2Cd1Zr1Se1Te3_kesterite,560,3.313306,4.695083,1.381777,True
Ag2Cd1Zr1Se1Te3_stannite,560,3.475240,4.644802,1.169562,False
Ag2Cd1Zr1Se2Te2_kesterite,560,4.173731,5.564699,1.390968,True
Ag2Cd1Zr1Se2Te2_stannite,560,3.229883,4.468603,1.238720,False
Ag2Cd1Zr1Se3Te1_kesterite,560,2.879793,4.378051,1.498258,True
Ag2Cd1Zr1Se3Te1_stannite,560,3.066306,4.241382,1.175076,False
Ag2Cd1Zr1Se4_kesterite,560,3.065441,4.823983,1.758542,True
Ag2Cd1Zr1Se4_stannite,560,2.985854,4.745926,1.760072,True
Ag2Cd1Zr1Te4_kesterite,560,5.062238,6.180051,1.117813,True
Ag2Cd1Zr1Te4_stannite,560,5.017700,6.203121,1.185421,True
Ag2Mg0.5Ba0.5Ge1S4_kesterite,528,2.824929,4.938768,2.113839,False
Ag2Mg0.5Ba0.5Ge1S4_stannite,528,3.203034,4.977006,1.773972,True
Ag2Mg0.5Ba0.5Ge1Se4_kesterite,528,2.441780,3.697771,1.255991,False
Ag2Mg0.5Ba0.5Ge1Se4_stannite,528,2.596936,3.739726,1.142790,True
Ag2Mg0.5Ba0.5Ge1Te4_stannite,528,4.057318,4.900692,0.843374,True
Ag2Mg0.5Ba0.5Sn0.5Ge0.5S2Se2_kesterite,528,2.344811,4.010553,1.665742,False
Ag2Mg0.5Ba0.5Sn1S4_kesterite,528,3.625402,5.316439,1.691037,False
Ag2Mg0.5Ba0.5Sn1S4_stannite,528,3.815635,5.303880,1.488245,True
Ag2Mg0.5Ba0.5Sn1Se4_kesterite,528,3.451670,4.677519,1.225849,True
Ag2Mg0.5Ba0.5Sn1Se4_stannite,528,3.555592,4.624613,1.069021,True
Ag2Mg0.5Ba0.5Sn1Te4_kesterite,528,3.862871,4.727895,0.865024,True
Ag2Mg0.5Ba0.5Sn1Te4_stannite,528,5.694328,6.780922,1.086594,True
Ag2Mg0.5Ba0.5Zr1S4_kesterite,512,2.706603,5.227459,2.520856,False
Ag2Mg0.5Ba0.5Zr1S4_stannite,512,3.008672,5.337772,2.329100,False
Ag2Mg0.5Ba0.5Zr1Se4_kesterite,512,2.369523,4.431270,2.061747,False
Ag2Mg0.5Ba0.5Zr1Se4_stannite,512,3.344817,5.223177,1.878360,True
Ag2Mg0.5Ba0.5Zr1Te4_kesterite,512,3.576348,5.068390,1.492042,True
Ag2Mg0.5Ba0.5Zr1Te4_stannite,512,5.439599,6.423669,0.984070,True
Ag2Mg0.5Ca0.5Ge1S4_kesterite,528,3.396549,5.277114,1.880565,True
Ag2Mg0.5Ca0.5Ge1S4_stannite,528,3.370443,5.224590,1.854147,True
Ag2Mg0.5Ca0.5Ge1Se4_kesterite,528,2.480886,3.994802,1.513916,True
Ag2Mg0.5Ca0.5Ge1Se4_stannite,528,2.747445,3.927304,1.179859,True
Ag2Mg0.5Ca0.5Ge1Te4_kesterite,528,4.452441,5.469704,1.017263,True
Ag2Mg0.5Ca0.5Ge1Te4_stannite,528,4.556990,5.467360,0.910370,True
Ag2Mg0.5Ca0.5Sn1S4_kesterite,528,3.500143,5.371437,1.871294,True
Ag2Mg0.5Ca0.5Sn1S4_stannite,528,3.488796,5.288359,1.799563,True
Ag2Mg0.5Ca0.5Sn1Se4_kesterite,528,3.079016,4.366165,1.287149,True
Ag2Mg0.5Ca0.5Sn1Se4_stannite,528,3.240844,4.291563,1.050719,True
Ag2Mg0.5Ca0.5Sn1Te4_kesterite,528,5.168729,6.316930,1.148201,True
Ag2Mg0.5Ca0.5Sn1Te4_stannite,528,5.260034,6.281313,1.021279,True
Ag2Mg0.5Ca0.5Zr1S4_kesterite,512,3.445660,5.791860,2.346200,False
Ag2Mg0.5Ca0.5Zr1S4_stannite,512,3.517310,5.937959,2.420649,True
Ag2Mg0.5Ca0.5Zr1Se4_kesterite,512,1.948840,4.404406,2.455566,False
Ag2Mg0.5Ca0.5Zr1Se4_stannite,512,2.943989,4.996884,2.052895,True
Ag2Mg0.5Ca0.5Zr1Te4_kesterite,512,4.628002,6.118529,1.490527,True
Ag2Mg0.5Ca0.5Zr1Te4_stannite,512,4.796214,6.069074,1.272860,True
Ag2Mg0.5Cd0.5Ge1S4_kesterite,536,3.442826,5.172515,1.729689,True
Ag2Mg0.5Cd0.5Ge1S4_stannite,536,3.249955,5.060479,1.810524,True
Ag2Mg0.5Cd0.5Ge1Se4_kesterite,536,2.669869,3.861337,1.191468,True
Ag2Mg0.5Cd0.5Ge1Se4_stannite,536,2.737005,3.744613,1.007608,True
Ag2Mg0.5Cd0.5Ge1Te4_kesterite,536,4.731012,5.613716,0.882704,True
Ag2Mg0.5Cd0.5Ge1Te4_stannite,536,4.916292,5.495046,0.578754,True
Ag2Mg0.5Cd0.5Sn1S4_kesterite,536,3.671849,5.212759,1.540910,True
Ag2Mg0.5Cd0.5Sn1S4_stannite,536,3.812107,5.128104,1.315997,True
Ag2Mg0.5Cd0.5Sn1Se4_kesterite,536,3.283796,4.249150,0.965354,True
Ag2Mg0.5Cd0.5Sn1Se4_stannite,536,3.298185,4.143647,0.845462,True
Ag2Mg0.5Cd0.5Sn1Te4_kesterite,536,5.492591,6.451870,0.959279,True
Ag2Mg0.5Cd0.5Sn1Te4_stannite,536,5.576712,6.239195,0.662483,True
Ag2Mg0.5Cd0.5Zr1S4_kesterite,520,3.476785,5.666336,2.189551,True
Ag2Mg0.5Cd0.5Zr1S4_stannite,520,3.556853,5.575470,2.018617,False
Ag2Mg0.5Cd0.5Zr1Se4_kesterite,520,2.565931,4.784455,2.218524,True
Ag2Mg0.5Cd0.5Zr1Se4_stannite,520,2.764467,4.620745,1.856278,True
Ag2Mg0.5Cd0.5Zr1Te4_kesterite,520,4.827996,6.034305,1.206309,True
Ag2Mg0.5Cd0.5Zr1Te4_stannite,520,4.807036,5.965792,1.158756,True
Ag2Mg0.5Sr0.5Ge1S4_kesterite,528,2.804197,5.100241,2.296044,False
Ag2Mg0.5Sr0.5Ge1S4_stannite,528,3.256108,5.076060,1.819952,True
Ag2Mg0.5Sr0.5Ge1Se4_kesterite,528,2.428307,3.851297,1.422990,False
Ag2Mg0.5Sr0.5Ge1Se4_stannite,528,2.631420,3.775803,1.144383,True
Ag2Mg0.5Sr0.5Ge1Te4_kesterite,528,4.428870,5.408008,0.979138,True
Ag2Mg0.5Sr0.5Ge1Te4_stannite,528,4.497227,5.455132,0.957905,True
Ag2Mg0.5Sr0.5Sn1S4_kesterite,528,3.572061,5.398115,1.826054,True
Ag2Mg0.5Sr0.5Sn1S4_stannite,528,3.756698,5.342739,1.586041,True
Ag2Mg0.5Sr0.5Sn1Se4_kesterite,528,3.435962,4.713335,1.277373,True
Ag2Mg0.5Sr0.5Sn1Se4_stannite,528,3.570657,4.662595,1.091938,True
Ag2Mg0.5Sr0.5Sn1Te4_kesterite,528,5.694789,6.844146,1.149357,True
Ag2Mg0.5Sr0.5Sn1Te4_stannite,528,5.735699,6.826432,1.090733,True
Ag2Mg0.5Sr0.5Zr1S4_kesterite,512,3.569480,5.839195,2.269715,False
Ag2Mg0.5Sr0.5Zr1S4_stannite,512,3.566569,5.961968,2.395399,True
Ag2Mg0.5Sr0.5Zr1Se4_kesterite,512,3.170733,5.188604,2.017871,False
Ag2Mg0.5Sr0.5Zr1Se4_stannite,512,3.273586,5.253664,1.980078,True
Ag2Mg0.5Sr0.5Zr1Te4_kesterite,512,3.570958,5.088069,1.517111,True
Ag2Mg0.5Sr0.5Zr1Te4_stannite,512,5.339096,6.434598,1.095502,True
Ag2Mg0.5Zn0.5Ge1S4_kesterite,536,3.405233,5.485417,2.080184,True
Ag2Mg0.5Zn0.5Ge1S4_stannite,536,3.687588,5.279925,1.592337,True
Ag2Mg0.5Zn0.5Ge1Se4_kesterite,536,2.805551,4.059114,1.253563,True
Ag2Mg0.5Zn0.5Ge1Se4_stannite,536,3.029384,3.792486,0.763102,True
Ag2Mg0.5Zn0.5Ge1Te4_kesterite,536,4.762372,5.665919,0.903547,True
Ag2Mg0.5Zn0.5Ge1Te4_stannite,536,4.981381,5.378739,0.397358,True
Ag2Mg0.5Zn0.5Sn1S1Se1Te2_kesterite,536,3.897332,4.640970,0.743638,True
Ag2Mg0.5Zn0.5Sn1S1Se1Te2_stannite,536,4.268305,4.535427,0.267122,True
Ag2Mg0.5Zn0.5Sn1S4_kesterite,536,3.712144,5.324194,1.612050,True
Ag2Mg0.5Zn0.5Sn1S4_stannite,536,3.776620,5.191695,1.415075,True
Ag2Mg0.5Zn0.5Sn1Se4_kesterite,536,2.784767,3.729909,0.945142,True
Ag2Mg0.5Zn0.5Sn1Se4_stannite,536,3.245381,4.033456,0.788075,True
Ag2Mg0.5Zn0.5Sn1Te4_kesterite,536,5.287373,6.277542,0.990169,True
Ag2Mg0.5Zn0.5Sn1Te4_stannite,536,5.438565,5.978399,0.539834,True
Ag2Mg0.5Zn0.5Zr1S4_kesterite,520,3.540234,5.661340,2.121106,True
Ag2Mg0.5Zn0.5Zr1S4_stannite,520,3.467221,5.414459,1.947238,False
Ag2Mg0.5Zn0.5Zr1Se4_kesterite,520,2.864697,4.697069,1.832372,True
Ag2Mg0.5Zn0.5Zr1Se4_stannite,520,2.924543,4.518713,1.594170,False
Ag2Mg0.5Zn0.5Zr1Te4_kesterite,520,4.658791,5.872027,1.213236,True
Ag2Mg0.5Zn0.5Zr1Te4_stannite,520,4.727656,5.811760,1.084104,True
Ag2Mg1Ge0.5Zr0.5S4_kesterite,488,3.388474,5.642992,2.254518,True
Ag2Mg1Ge0.5Zr0.5S4_stannite,488,3.137141,5.491600,2.354459,False
Ag2Mg1Ge0.5Zr0.5Se4_kesterite,488,2.182890,4.259653,2.076763,False
Ag2Mg1Ge0.5Zr0.5Se4_stannite,488,2.674660,4.157764,1.483104,False
Ag2Mg1Ge0.5Zr0.5Te4_kesterite,488,4.151725,5.243581,1.091856,False
Ag2Mg1Ge0.5Zr0.5Te4_stannite,488,4.328551,5.182398,0.853847,False
Ag2Mg1Ge1S1Se1Te2_kesterite,496,3.958618,5.058402,1.099784,True
Ag2Mg1Ge1S1Se1Te2_stannite,496,4.180518,4.929711,0.749193,True
Ag2Mg1Ge1S1Se2Te1_kesterite,496,3.455865,4.732794,1.276929,True
Ag2Mg1Ge1S1Se2Te1_stannite,496,4.060313,4.613440,0.553127,True
Ag2Mg1Ge1S1Se3_kesterite,496,2.863201,4.394331,1.531130,True
Ag2Mg1Ge1S1Se3_stannite,496,2.931853,4.240503,1.308650,True
Ag2Mg1Ge1S1Te3_kesterite,496,4.281921,5.495892,1.213971,True
Ag2Mg1Ge1S1Te3_stannite,496,4.544040,5.398266,0.854226,True
Ag2Mg1Ge1S2Se1Te1_kesterite,496,3.999603,5.074917,1.075314,True
Ag2Mg1Ge1S2Se1Te1_stannite,496,4.362033,4.948163,0.586130,True
Ag2Mg1Ge1S2Se2_kesterite,496,3.082608,4.741279,1.658671,True
Ag2Mg1Ge1S2Se2_stannite,496,3.071703,4.584918,1.513215,True
Ag2Mg1Ge1S2Te2_kesterite,496,4.237818,5.502171,1.264353,True
Ag2Mg1Ge1S2Te2_stannite,496,4.412474,5.391642,0.979168,True
Ag2Mg1Ge1S3Se1_kesterite,496,3.400475,5.025994,1.625519,True
Ag2Mg1Ge1S3Se1_stannite,496,3.294612,4.942075,1.647463,True
Ag2Mg1Ge1S3Te1_kesterite,496,4.192788,5.398902,1.206114,True
Ag2Mg1Ge1S3Te1_stannite,496,4.651479,5.278857,0.627378,True
Ag2Mg1Ge1S4_kesterite,124,2.882115,5.424100,2.541985,True
Ag2Mg1Ge1S4_stannite,124,3.780528,5.337517,1.556989,True
Ag2Mg1Ge1Se1Te3_kesterite,496,4.121833,5.242670,1.120837,True
Ag2Mg1Ge1Se1Te3_stannite,496,4.359251,5.089415,0.730164,True
Ag2Mg1Ge1Se2Te2_kesterite,496,3.336175,4.381916,1.045741,True
Ag2Mg1Ge1Se2Te2_stannite,496,4.116314,4.725665,0.609351,True
Ag2Mg1Ge1Se3Te1_kesterite,496,3.167105,4.446532,1.279427,True
Ag2Mg1Ge1Se3Te1_stannite,496,3.522649,4.295842,0.773193,True
Ag2Mg1Ge1Se4_kesterite,124,2.288560,3.922748,1.634188,True
Ag2Mg1Ge1Se4_stannite,124,2.968094,3.813718,0.845624,True
Ag2Mg1Ge1Te4_kesterite,124,3.906685,4.949834,1.043149,True
Ag2Mg1Ge1Te4_stannite,124,4.045589,4.832364,0.786775,True
Ag2Mg1Sn0.5Ge0.5S4_kesterite,496,3.701099,5.297104,1.596005,True
Ag2Mg1Sn0.5Ge0.5S4_stannite,496,3.564838,5.162519,1.597681,True
Ag2Mg1Sn0.5Ge0.5Se4_kesterite,496,2.691403,3.945401,1.253998,True
Ag2Mg1Sn0.5Ge0.5Se4_stannite,496,2.888493,3.768836,0.880343,True
Ag2Mg1Sn0.5Ge0.5Te4_kesterite,496,4.451512,5.300672,0.849160,True
Ag2Mg1Sn0.5Ge0.5Te4_stannite,496,4.582398,5.246143,0.663745,True
Ag2Mg1Sn0.5Zr0.5S4_kesterite,488,3.567725,5.833798,2.266073,False
Ag2Mg1Sn0.5Zr0.5S4_stannite,488,3.570786,5.725072,2.154286,False
Ag2Mg1Sn0.5Zr0.5Se4_kesterite,488,3.129728,5.060810,1.931082,False
Ag2Mg1Sn0.5Zr0.5Se4_stannite,488,3.406247,4.917633,1.511386,False
Ag2Mg1Sn0.5Zr0.5Te4_kesterite,488,5.222770,6.728064,1.505294,False
Ag2Mg1Sn0.5Zr0.5Te4_stannite,488,5.452713,6.659391,1.206678,False
Ag2Mg1Sn1S1Se1Te2_kesterite,496,4.738844,5.752354,1.013510,True
Ag2Mg1Sn1S1Se1Te2_stannite,496,5.053766,5.642298,0.588532,True
Ag2Mg1Sn1S1Se2Te1_kesterite,496,4.094788,5.280504,1.185716,True
Ag2Mg1Sn1S1Se2Te1_stannite,496,4.368720,5.157673,0.788953,True
Ag2Mg1Sn1S1Se3_kesterite,496,3.427128,4.778721,1.351593,True
Ag2Mg1Sn1S1Se3_stannite,496,3.494640,4.644544,1.149904,True
Ag2Mg1Sn1S1Te3_kesterite,496,4.163301,5.033213,0.869912,True
Ag2Mg1Sn1S1Te3_stannite,496,5.497688,6.208957,0.711269,True
Ag2Mg1Sn1S2Se1Te1_kesterite,496,4.278471,5.546621,1.268150,True
Ag2Mg1Sn1S2Se1Te1_stannite,496,4.858635,5.439288,0.580653,True
Ag2Mg1Sn1S2Se2_kesterite,496,3.515045,5.037838,1.522793,True
Ag2Mg1Sn1S2Se2_stannite,496,3.584367,4.904233,1.319866,True
Ag2Mg1Sn1S2Te2_kesterite,496,4.158283,5.223498,1.065215,True
Ag2Mg1Sn1S2Te2_stannite,496,4.286078,5.170303,0.884225,True
Ag2Mg1Sn1S3Se1_kesterite,496,3.417938,5.284827,1.866889,True
Ag2Mg1Sn1S3Se1_stannite,496,4.186183,5.168064,0.981881,True
Ag2Mg1Sn1S3Te1_kesterite,496,4.558865,5.782023,1.223158,True
Ag2Mg1Sn1S3Te1_stannite,496,5.071034,5.685937,0.614903,True
Ag2Mg1Sn1S4_kesterite,124,3.190124,5.193345,2.003221,True
Ag2Mg1Sn1S4_stannite,124,3.386055,5.124396,1.738341,True
Ag2Mg1Sn1Se1Te3_kesterite,496,4.077212,4.920486,0.843274,True
Ag2Mg1Sn1Se1Te3_stannite,496,4.132002,4.811124,0.679122,True
Ag2Mg1Sn1Se2Te2_stannite,496,5.137750,5.762488,0.624738,True
Ag2Mg1Sn1Se3Te1_kesterite,496,4.136704,5.346655,1.209951,True
Ag2Mg1Sn1Se3Te1_stannite,496,4.405918,5.202119,0.796201,True
Ag2Mg1Sn1Se4_kesterite,124,2.647973,3.954434,1.306461,True
Ag2Mg1Sn1Te4_kesterite,124,4.503486,5.482009,0.978523,True
Ag2Mg1Sn1Te4_stannite,124,4.630913,5.310727,0.679814,True
Ag2Mg1Zr1S1Se1Te2_stannite,480,4.536115,5.983797,1.447682,True
Ag2Mg1Zr1S1Se2Te1_kesterite,480,3.254025,5.045851,1.791826,True
Ag2Mg1Zr1S1Se2Te1_stannite,480,4.261827,5.683607,1.421780,True
Ag2Mg1Zr1S1Se3_kesterite,480,3.097939,5.328805,2.230866,True
Ag2Mg1Zr1S1Se3_stannite,480,3.052004,5.386938,2.334934,True
Ag2Mg1Zr1S1Te3_kesterite,480,3.705911,5.316415,1.610504,False
Ag2Mg1Zr1S1Te3_stannite,480,4.949800,6.238624,1.288824,True
Ag2Mg1Zr1S2Se1Te1_kesterite,480,4.151588,5.881421,1.729833,False
Ag2Mg1Zr1S2Se1Te1_stannite,480,4.555145,5.838290,1.283145,True
Ag2Mg1Zr1S2Te2_stannite,480,4.518616,6.100239,1.581623,True
Ag2Mg1Zr1S3Se1_kesterite,480,3.085770,5.790628,2.704858,False
Ag2Mg1Zr1S3Se1_stannite,480,3.354766,5.862414,2.507648,True
Ag2Mg1Zr1S3Te1_kesterite,480,4.396490,6.105676,1.709186,True
Ag2Mg1Zr1S3Te1_stannite,480,4.820908,6.102336,1.281428,True
Ag2Mg1Zr1S4_kesterite,480,3.614950,6.036090,2.421140,True
Ag2Mg1Zr1S4_stannite,480,3.382222,6.143641,2.761419,True
Ag2Mg1Zr1Se1Te3_kesterite,480,4.675442,6.264279,1.588837,True
Ag2Mg1Zr1Se1Te3_stannite,480,4.946062,6.278245,1.332183,True
Ag2Mg1Zr1Se2Te2_kesterite,480,4.204282,5.975191,1.770909,True
Ag2Mg1Zr1Se2Te2_stannite,480,4.230940,5.943398,1.712458,True
Ag2Mg1Zr1Se3Te1_kesterite,480,3.843651,5.643848,1.800197,False
Ag2Mg1Zr1Se3Te1_stannite,480,4.248976,5.661656,1.412680,True
Ag2Mg1Zr1Se4_kesterite,480,2.776677,5.298564,2.521887,True
Ag2Mg1Zr1Se4_stannite,480,2.981242,5.359533,2.378291,True
Ag2Mg1Zr1Te4_kesterite,480,5.067407,6.537242,1.469835,True
Ag2Mg1Zr1Te4_stannite,480,5.160541,6.554007,1.393466,True
Ag2Sr0.5Ba0.5Ge1S4_kesterite,560,3.001844,4.825820,1.823976,False
Ag2Sr0.5Ba0.5Ge1S4_stannite,560,3.638175,5.899636,2.261461,True
Ag2Sr0.5Ba0.5Ge1Se4_kesterite,560,2.466698,3.732635,1.265937,False
Ag2Sr0.5Ba0.5Ge1Se4_stannite,560,2.673650,4.345781,1.672131,True
Ag2Sr0.5Ba0.5Ge1Te4_stannite,560,4.362089,5.720649,1.358560,True
Ag2Sr0.5Ba0.5Sn1S4_kesterite,560,3.315509,5.284616,1.969107,False
Ag2Sr0.5Ba0.5Sn1S4_stannite,560,3.585753,5.526348,1.940595,True
Ag2Sr0.5Ba0.5Sn1Se4_kesterite,560,3.297431,4.710596,1.413165,True
Ag2Sr0.5Ba0.5Sn1Se4_stannite,560,3.463806,4.908802,1.444996,True
Ag2Sr0.5Ba0.5Sn1Te4_kesterite,560,3.286911,4.030430,0.743519,True
Ag2Sr0.5Ba0.5Zr1S4_kesterite,544,3.277955,5.618073,2.340118,False
Ag2Sr0.5Ba0.5Zr1S4_stannite,544,3.530248,5.792993,2.262745,True
Ag2Sr0.5Ba0.5Zr1Se4_kesterite,544,3.158565,5.066233,1.907668,False
Ag2Sr0.5Ba0.5Zr1Se4_stannite,544,3.331961,5.249867,1.917906,True
Ag2Sr0.5Ba0.5Zr1Te4_kesterite,544,3.345037,4.860210,1.515173,False
Ag2Sr0.5Ba0.5Zr1Te4_stannite,544,5.359296,6.393772,1.034476,True
Ag2Sr0.5Cd0.5Ge1S4_kesterite,568,3.072489,4.672183,1.599694,True
Ag2Sr0.5Cd0.5Ge1S4_stannite,568,2.883587,4.711797,1.828210,True
Ag2Sr0.5Cd0.5Ge1Se4_kesterite,568,2.483930,3.709194,1.225264,True
Ag2Sr0.5Cd0.5Ge1Se4_stannite,568,2.686795,3.622487,0.935692,True
Ag2Sr0.5Cd0.5Ge1Te4_kesterite,568,4.594942,5.468002,0.873060,True
Ag2Sr0.5Cd0.5Ge1Te4_stannite,568,4.703817,5.414898,0.711081,True
Ag2Sr0.5Cd0.5Sn1S4_kesterite,568,3.482903,5.063562,1.580659,True
Ag2Sr0.5Cd0.5Sn1S4_stannite,568,3.586009,4.988535,1.402526,True
Ag2Sr0.5Cd0.5Sn1Se4_kesterite,568,3.154827,4.182493,1.027666,True
Ag2Sr0.5Cd0.5Sn1Se4_stannite,568,3.238623,4.104734,0.866111,True
Ag2Sr0.5Cd0.5Sn1Te4_kesterite,568,3.491359,4.195916,0.704557,True
Ag2Sr0.5Cd0.5Sn1Te4_stannite,568,5.383011,6.231480,0.848469,True
Ag2Sr0.5Cd0.5Zr1S4_kesterite,552,3.407812,5.509908,2.102096,True
Ag2Sr0.5Cd0.5Zr1S4_stannite,552,3.412663,5.322304,1.909641,False
Ag2Sr0.5Cd0.5Zr1Se4_kesterite,552,2.222229,3.972258,1.750029,True
Ag2Sr0.5Cd0.5Zr1Se4_stannite,552,2.954293,4.523957,1.569664,False
Ag2Sr0.5Cd0.5Zr1Te4_kesterite,552,3.235213,4.651151,1.415938,True
Ag2Sr0.5Cd0.5Zr1Te4_stannite,552,4.942947,5.891661,0.948714,True
Ag2Sr0.5Zn0.5Ge1S4_kesterite,568,3.139891,5.018557,1.878666,False
Ag2Sr0.5Zn0.5Ge1S4_stannite,568,3.051486,4.699627,1.648141,True
Ag2Sr0.5Zn0.5Ge1Se4_kesterite,568,2.596608,3.808986,1.212378,False
Ag2Sr0.5Zn0.5Ge1Se4_stannite,568,2.761260,3.508148,0.746888,True
Ag2Sr0.5Zn0.5Ge1Te4_kesterite,568,4.639949,5.472530,0.832581,True
Ag2Sr0.5Zn0.5Ge1Te4_stannite,568,4.742418,5.183753,0.441335,True
Ag2Sr0.5Zn0.5Sn1S4_kesterite,568,3.467190,5.099383,1.632193,False
Ag2Sr0.5Zn0.5Sn1S4_stannite,568,3.384228,4.879624,1.495396,True
Ag2Sr0.5Zn0.5Sn1Se4_kesterite,568,3.036009,4.093586,1.057577,True
Ag2Sr0.5Zn0.5Sn1Se4_stannite,568,3.179914,3.915235,0.735321,True
Ag2Sr0.5Zn0.5Sn1Te4_kesterite,568,3.678290,4.445225,0.766935,True
Ag2Sr0.5Zn0.5Sn1Te4_stannite,568,5.242664,5.879044,0.636380,True
Ag2Sr0.5Zn0.5Zr1S4_kesterite,552,3.316069,5.502537,2.186468,True
Ag2Sr0.5Zn0.5Zr1S4_stannite,552,3.372673,5.338769,1.966096,False
Ag2Sr0.5Zn0.5Zr1Se4_kesterite,552,2.811946,4.623237,1.811291,True
Ag2Sr0.5Zn0.5Zr1Se4_stannite,552,2.865250,4.425403,1.560153,False
Ag2Sr0.5Zn0.5Zr1Te4_kesterite,552,4.737255,5.868039,1.130784,True
Ag2Sr0.5Zn0.5Zr1Te4_stannite,552,4.746204,5.716160,0.969956,True
Ag2Sr1Ge0.5Zr0.5S4_kesterite,552,2.431750,4.872348,2.440598,True
Ag2Sr1Ge0.5Zr0.5S4_stannite,552,3.161199,5.408112,2.246913,True
Ag2Sr1Ge0.5Zr0.5Se4_stannite,552,2.363911,4.207505,1.843594,True
Ag2Sr1Ge0.5Zr0.5Te4_kesterite,552,2.901777,4.046881,1.145104,False
Ag2Sr1Ge1S1Se1Te2_stannite,560,3.719281,4.989012,1.269731,True
Ag2Sr1Ge1S1Se2Te1_kesterite,560,3.665623,4.363907,0.698284,True
Ag2Sr1Ge1S1Se2Te1_stannite,560,4.776919,5.226194,0.449275,True
Ag2Sr1Ge1S2Se1Te1_kesterite,560,3.408767,4.188309,0.779542,True
Ag2Sr1Ge1S2Se1Te1_stannite,560,3.331971,5.079201,1.747230,True
Ag2Sr1Ge1S2Se2_kesterite,560,2.693952,4.295714,1.601762,False
Ag2Sr1Ge1S2Se2_stannite,560,2.809423,4.899493,2.090070,True
Ag2Sr1Ge1S2Te2_kesterite,560,3.317673,4.348423,1.030750,True
Ag2Sr1Ge1S2Te2_stannite,560,3.984886,5.581448,1.596562,True
Ag2Sr1Ge1S3Te1_kesterite,560,3.922831,4.601318,0.678487,True
Ag2Sr1Ge1S3Te1_stannite,560,4.265958,5.750554,1.484596,True
Ag2Sr1Ge1S4_kesterite,140,2.936181,3.985913,1.049732,False
Ag2Sr1Ge1S4_stannite,140,3.702391,6.067562,2.365171,True
Ag2Sr1Ge1Se4_kesterite,140,1.775704,3.347704,1.572000,False
Ag2Sr1Ge1Se4_stannite,140,2.357577,4.246264,1.888687,False
Ag2Sr1Ge1Te4_kesterite,140,3.219608,4.146315,0.926707,True
Ag2Sr1Ge1Te4_stannite,140,4.231346,5.285934,1.054588,False
Ag2Sr1Sn0.5Ge0.5S4_kesterite,560,2.557096,4.715951,2.158855,False
Ag2Sr1Sn0.5Ge0.5S4_stannite,560,3.308903,5.318502,2.009599,True
Ag2Sr1Sn0.5Ge0.5Te4_kesterite,560,4.102217,5.104640,1.002423,True
Ag2Sr1Sn0.5Zr0.5S4_kesterite,552,3.469580,5.534839,2.065259,False
Ag2Sr1Sn0.5Zr0.5S4_stannite,552,3.451109,5.559831,2.108722,False
Ag2Sr1Sn0.5Zr0.5Se4_kesterite,552,3.221034,4.933484,1.712450,False
Ag2Sr1Sn0.5Zr0.5Se4_stannite,552,3.283915,4.934283,1.650368,False
Ag2Sr1Sn0.5Zr0.5Te4_kesterite,552,3.510315,4.728522,1.218207,False
Ag2Sr1Sn0.5Zr0.5Te4_stannite,552,5.326640,6.668642,1.342002,False
Ag2Sr1Sn1S1Se1Te2_kesterite,560,3.219469,3.958431,0.738962,False
Ag2Sr1Sn1S1Se1Te2_stannite,560,3.384899,4.587219,1.202320,True
Ag2Sr1Sn1S1Se2Te1_kesterite,560,3.214745,3.887622,0.672877,True
Ag2Sr1Sn1S1Se3_kesterite,560,2.343563,3.593616,1.250053,False
Ag2Sr1Sn1S1Te3_kesterite,560,3.471730,4.241188,0.769458,True
Ag2Sr1Sn1S1Te3_stannite,560,3.636724,4.862609,1.225885,True
Ag2Sr1Sn1S2Se1Te1_stannite,560,3.605681,5.021335,1.415654,True
Ag2Sr1Sn1S2Se2_kesterite,560,2.263069,4.017392,1.754323,True
Ag2Sr1Sn1S2Se2_stannite,560,2.897962,4.662081,1.764119,True
Ag2Sr1Sn1S2Te2_kesterite,560,3.599107,4.549225,0.950118,True
Ag2Sr1Sn1S2Te2_stannite,560,3.901944,5.328115,1.426171,True
Ag2Sr1Sn1S3Se1_stannite,560,3.297419,5.083603,1.786184,False
Ag2Sr1Sn1S3Te1_kesterite,560,3.680947,4.653392,0.972445,True
Ag2Sr1Sn1S3Te1_stannite,560,3.730674,5.244752,1.514078,True
Ag2Sr1Sn1S4_kesterite,140,3.379533,4.548820,1.169287,False
Ag2Sr1Sn1S4_stannite,140,3.825182,5.843900,2.018718,True
Ag2Sr1Sn1Se1Te3_kesterite,560,3.612816,4.425672,0.812856,True
Ag2Sr1Sn1Se1Te3_stannite,560,3.447550,4.619788,1.172238,True
Ag2Sr1Sn1Se2Te2_kesterite,560,3.193803,4.142589,0.948786,True
Ag2Sr1Sn1Se2Te2_stannite,560,3.515780,4.848886,1.333106,True
Ag2Sr1Sn1Se3Te1_kesterite,560,3.133730,3.886044,0.752314,True
Ag2Sr1Sn1Se3Te1_stannite,560,3.122167,4.410864,1.288697,True
Ag2Sr1Sn1Se4_kesterite,140,2.716621,3.521651,0.805030,True
Ag2Sr1Sn1Se4_stannite,140,3.501313,4.856210,1.354897,True
Ag2Sr1Sn1Te4_kesterite,140,4.633905,4.859682,0.225777,True
Ag2Sr1Sn1Te4_stannite,140,4.629170,5.803039,1.173869,True
Ag2Sr1Zr1S1Se1Te2_kesterite,544,3.238828,4.549708,1.310880,True
Ag2Sr1Zr1S1Se1Te2_stannite,544,3.060329,4.933014,1.872685,True
Ag2Sr1Zr1S1Se2Te1_kesterite,544,2.990249,4.486755,1.496506,True
Ag2Sr1Zr1S1Se3_kesterite,544,3.040582,5.063051,2.022469,True
Ag2Sr1Zr1S1Te3_stannite,544,3.261745,5.013641,1.751896,True
Ag2Sr1Zr1S2Se1Te1_kesterite,544,3.036947,4.660048,1.623101,True
Ag2Sr1Zr1S2Se1Te1_stannite,544,3.465379,5.317658,1.852279,True
Ag2Sr1Zr1S2Se2_kesterite,544,3.117983,5.262392,2.144409,False
Ag2Sr1Zr1S2Te2_kesterite,544,3.212273,4.868052,1.655779,True
Ag2Sr1Zr1S2Te2_stannite,544,3.721589,5.516343,1.794754,True
Ag2Sr1Zr1S3Se1_kesterite,544,2.719352,4.940906,2.221554,True
Ag2Sr1Zr1S3Te1_stannite,544,3.752809,5.605995,1.853186,True
Ag2Sr1Zr1S4_kesterite,544,3.436428,5.648274,2.211846,False
Ag2Sr1Zr1S4_stannite,544,3.378056,5.849118,2.471062,True
Ag2Sr1Zr1Se1Te3_stannite,544,3.202159,4.868788,1.666629,True
Ag2Sr1Zr1Se2Te2_kesterite,544,2.944293,4.653524,1.709231,True
Ag2Sr1Zr1Se4_kesterite,544,2.938145,5.086279,2.148134,False
Ag2Sr1Zr1Se4_stannite,544,3.255194,5.227909,1.972715,True
Ag2Sr1Zr1Te4_kesterite,544,4.954916,6.414299,1.459383,False
Ag2Sr1Zr1Te4_stannite,544,5.288537,6.389299,1.100762,True
Ag2Zn0.5Cd0.5Ge1S4_kesterite,576,3.272000,5.123833,1.851833,True
Ag2Zn0.5Cd0.5Ge1S4_stannite,576,3.544194,4.989312,1.445118,True
Ag2Zn0.5Cd0.5Ge1Se4_kesterite,576,2.761844,3.783296,1.021452,True
Ag2Zn0.5Cd0.5Ge1Se4_stannite,576,2.860748,3.641778,0.781030,True
Ag2Zn0.5Cd0.5Ge1Te4_kesterite,576,4.914163,5.721480,0.807317,True
Ag2Zn0.5Cd0.5Ge1Te4_stannite,576,5.037329,5.394875,0.357546,True
Ag2Zn0.5Cd0.5Sn1S4_kesterite,576,3.776320,5.158801,1.382481,True
Ag2Zn0.5Cd0.5Sn1S4_stannite,576,3.928691,5.071595,1.142904,True
Ag2Zn0.5Cd0.5Sn1Se4_kesterite,576,3.368883,4.197238,0.828355,True
Ag2Zn0.5Cd0.5Sn1Se4_stannite,576,3.515219,4.053592,0.538373,True
Ag2Zn0.5Cd0.5Sn1Te4_kesterite,576,5.652706,6.507485,0.854779,True
Ag2Zn0.5Cd0.5Sn1Te4_stannite,576,5.740139,6.178305,0.438166,True
Ag2Zn0.5Cd0.5Zr1S4_kesterite,560,3.520888,5.593629,2.072741,True
Ag2Zn0.5Cd0.5Zr1S4_stannite,560,3.249249,5.251659,2.002410,False
Ag2Zn0.5Cd0.5Zr1Se4_stannite,560,3.060004,4.625859,1.565855,True
Ag2Zn0.5Cd0.5Zr1Te4_kesterite,560,4.952067,5.993119,1.041052,True
Ag2Zn0.5Cd0.5Zr1Te4_stannite,560,4.933684,6.031120,1.097436,False
Ag2Zn1Ge0.5Zr0.5S4_kesterite,568,3.393278,5.663368,2.270090,True
Ag2Zn1Ge0.5Zr0.5S4_stannite,568,3.415230,5.494955,2.079725,False
Ag2Zn1Ge0.5Zr0.5Se4_kesterite,568,2.664146,4.308907,1.644761,False
Ag2Zn1Ge0.5Zr0.5Se4_stannite,568,2.881934,4.095689,1.213755,False
Ag2Zn1Ge0.5Zr0.5Te4_stannite,568,4.630141,5.104881,0.474740,False
Ag2Zn1Ge1S1Se1Te2_kesterite,576,4.278145,5.047401,0.769256,True
Ag2Zn1Ge1S1Se1Te2_stannite,576,4.709362,4.718795,0.009433,True
Ag2Zn1Ge1S1Se2Te1_kesterite,576,3.580552,4.745170,1.164618,True
Ag2Zn1Ge1S1Se2Te1_stannite,576,4.315240,4.304134,0.000000,False
Ag2Zn1Ge1S1Se3_kesterite,576,3.048614,4.368649,1.320035,True
Ag2Zn1Ge1S1Se3_stannite,576,3.398653,4.142749,0.744096,True
Ag2Zn1Ge1S1Te3_stannite,576,4.972391,5.230002,0.257611,True
Ag2Zn1Ge1S2Se1Te1_kesterite,576,3.837399,5.114081,1.276682,True
Ag2Zn1Ge1S2Se1Te1_stannite,576,4.641964,4.649445,0.007481,False
Ag2Zn1Ge1S2Se2_kesterite,576,3.085097,4.625832,1.540735,True
Ag2Zn1Ge1S2Se2_stannite,576,3.622383,4.497922,0.875539,True
Ag2Zn1Ge1S2Te2_kesterite,576,4.508539,5.591279,1.082740,True
Ag2Zn1Ge1S2Te2_stannite,576,4.683687,5.055185,0.371498,True
Ag2Zn1Ge1S3Se1_kesterite,576,3.288061,5.047033,1.758972,True
Ag2Zn1Ge1S3Se1_stannite,576,3.593409,4.894689,1.301280,True
Ag2Zn1Ge1S3Te1_kesterite,576,4.166995,5.475270,1.308275,True
Ag2Zn1Ge1S3Te1_stannite,576,5.325267,4.906823,0.000000,False
Ag2Zn1Ge1S4_kesterite,144,3.799488,5.478203,1.678715,True
Ag2Zn1Ge1S4_stannite,144,4.016212,5.170942,1.154730,True
Ag2Zn1Ge1Se1Te3_kesterite,576,4.362641,5.256087,0.893446,True
Ag2Zn1Ge1Se1Te3_stannite,576,4.698952,4.951559,0.252607,True
Ag2Zn1Ge1Se2Te2_kesterite,576,4.033638,4.929439,0.895801,True
Ag2Zn1Ge1Se2Te2_stannite,576,4.344135,4.523398,0.179263,True
Ag2Zn1Ge1Se3Te1_kesterite,576,3.386226,4.455728,1.069502,True
Ag2Zn1Ge1Se3Te1_stannite,576,4.107276,4.117501,0.010225,True
Ag2Zn1Ge1Se4_kesterite,144,2.970277,3.935783,0.965506,True
Ag2Zn1Ge1Se4_stannite,144,2.804026,3.712996,0.908970,True
Ag2Zn1Ge1Te4_kesterite,144,4.275017,5.153992,0.878975,True
Ag2Zn1Ge1Te4_stannite,144,4.369380,4.839144,0.469764,True
Ag2Zn1Sn0.5Ge0.5S4_kesterite,576,3.617132,5.313039,1.695907,True
Ag2Zn1Sn0.5Ge0.5S4_stannite,576,3.628103,5.136615,1.508512,True
Ag2Zn1Sn0.5Ge0.5Se4_kesterite,576,2.985976,3.946894,0.960918,True
Ag2Zn1Sn0.5Ge0.5Se4_stannite,576,3.154494,3.678767,0.524273,True
Ag2Zn1Sn0.5Ge0.5Te4_kesterite,576,4.792156,5.497744,0.705588,True
Ag2Zn1Sn0.5Ge0.5Te4_stannite,576,5.118654,5.135909,0.017255,True
Ag2Zn1Sn0.5Zr0.5S4_kesterite,568,3.313928,5.687030,2.373102,False
Ag2Zn1Sn0.5Zr0.5S4_stannite,568,3.592915,5.460834,1.867919,False
Ag2Zn1Sn0.5Zr0.5Se4_kesterite,568,2.950799,4.611206,1.660407,False
Ag2Zn1Sn0.5Zr0.5Se4_stannite,568,3.208828,4.424937,1.216109,False
Ag2Zn1Sn0.5Zr0.5Te4_kesterite,568,5.091308,6.366230,1.274922,False
Ag2Zn1Sn0.5Zr0.5Te4_stannite,568,5.211662,5.949335,0.737673,False
Ag2Zn1Sn1S1Se1Te2_kesterite,576,3.952222,4.711677,0.759455,True
Ag2Zn1Sn1S1Se1Te2_stannite,576,5.128303,5.233742,0.105439,True
Ag2Zn1Sn1S1Se2Te1_stannite,576,4.752643,4.762205,0.009562,True
Ag2Zn1Sn1S1Se3_kesterite,576,3.479754,4.508460,1.028706,True
Ag2Zn1Sn1S1Se3_stannite,576,3.714660,4.322277,0.607617,True
Ag2Zn1Sn1S1Te3_kesterite,576,4.200623,4.996200,0.795577,True
Ag2Zn1Sn1S1Te3_stannite,576,5.403313,5.697704,0.294391,True
Ag2Zn1Sn1S2Se1Te1_kesterite,576,4.161206,5.282244,1.121038,True
Ag2Zn1Sn1S2Se1Te1_stannite,576,4.951411,4.979088,0.027677,True
Ag2Zn1Sn1S2Se2_kesterite,576,3.582317,4.785162,1.202845,True
Ag2Zn1Sn1S2Se2_stannite,576,3.674996,4.589256,0.914260,True
Ag2Zn1Sn1S2Te2_kesterite,576,4.775044,5.821169,1.046125,True
Ag2Zn1Sn1S2Te2_stannite,576,4.439862,4.761523,0.321661,True
Ag2Zn1Sn1S3Se1_kesterite,576,3.356846,4.711208,1.354362,True
Ag2Zn1Sn1S3Se1_stannite,576,3.959917,4.647959,0.688042,True
Ag2Zn1Sn1S3Te1_kesterite,576,4.493683,5.544172,1.050489,True
Ag2Zn1Sn1S3Te1_stannite,576,5.135460,4.774397,0.000000,False
Ag2Zn1Sn1S4_kesterite,144,4.007134,5.213416,1.206282,True
Ag2Zn1Sn1S4_stannite,144,3.637333,5.076413,1.439080,True
Ag2Zn1Sn1Se1Te3_stannite,576,5.237083,5.517335,0.280252,True
Ag2Zn1Sn1Se2Te2_kesterite,576,4.549302,5.377066,0.827764,True
Ag2Zn1Sn1Se2Te2_stannite,576,4.834596,5.016654,0.182058,True
Ag2Zn1Sn1Se3Te1_kesterite,576,3.922627,4.787547,0.864920,True
Ag2Zn1Sn1Se4_kesterite,144,2.868747,3.852211,0.983464,True
Ag2Zn1Sn1Se4_stannite,144,3.218448,3.442657,0.224209,True
Ag2Zn1Sn1Te4_kesterite,144,4.526969,5.341564,0.814595,True
Ag2Zn1Sn1Te4_stannite,144,5.007774,4.385972,0.000000,False
Ag2Zn1Zr1S1Se1Te2_stannite,560,4.549415,5.558639,1.009224,True
Ag2Zn1Zr1S1Se2Te1_kesterite,560,3.476847,4.825532,1.348685,True
Ag2Zn1Zr1S1Se2Te1_stannite,560,3.751263,4.766451,1.015188,True
Ag2Zn1Zr1S1Se3_kesterite,560,2.794784,4.584970,1.790186,True
Ag2Zn1Zr1S1Se3_stannite,560,2.734575,4.515805,1.781230,False
Ag2Zn1Zr1S1Te3_kesterite,560,3.840781,5.114897,1.274116,True
Ag2Zn1Zr1S2Se1Te1_kesterite,560,3.787021,5.103358,1.316337,True
Ag2Zn1Zr1S2Se1Te1_stannite,560,4.470536,5.456416,0.985880,False
Ag2Zn1Zr1S2Se2_kesterite,560,2.904276,5.118984,2.214708,True
Ag2Zn1Zr1S2Se2_stannite,560,3.391206,5.126095,1.734889,False
Ag2Zn1Zr1S2Te2_stannite,560,4.304148,5.232013,0.927865,False
Ag2Zn1Zr1S3Se1_stannite,560,3.661016,5.356277,1.695261,False
Ag2Zn1Zr1S3Te1_kesterite,560,4.462675,5.698450,1.235775,True
Ag2Zn1Zr1S3Te1_stannite,560,4.723486,5.709464,0.985978,False
Ag2Zn1Zr1S4_kesterite,560,3.573472,5.576335,2.002863,True
Ag2Zn1Zr1S4_stannite,560,3.349919,5.649356,2.299437,False
Ag2Zn1Zr1Se1Te3_stannite,560,3.770583,4.766364,0.995781,True
Ag2Zn1Zr1Se2Te2_kesterite,560,3.985559,5.313064,1.327505,True
Ag2Zn1Zr1Se2Te2_stannite,560,4.289887,5.306560,1.016673,False
Ag2Zn1Zr1Se3Te1_kesterite,560,3.136246,4.503758,1.367512,True
Ag2Zn1Zr1Se3Te1_stannite,560,3.939054,4.990952,1.051898,True
Ag2Zn1Zr1Se4_kesterite,560,2.936992,4.670687,1.733695,True
Ag2Zn1Zr1Se4_stannite,560,3.016366,4.661000,1.644634,True
Ag2Zn1Zr1Te4_kesterite,560,4.835534,5.929313,1.093779,True
Ag2Zn1Zr1Te4_stannite,560,4.878264,5.929399,1.051135,True
Cs0.5Ag0.5Al0.5Ga0.5S1Se1_kesterite,480,2.096158,4.264448,2.168290,False
Cs0.5Ag0.5Al0.5Ga0.5S1Se1_stannite,480,3.095412,4.383173,1.287761,False
Cs0.5Ag0.5Al0.5In0.5S1Se1_kesterite,480,2.428036,4.310472,1.882436,True
Cs0.5Ag0.5Al0.5In0.5S1Se1_stannite,480,2.636636,4.231753,1.595117,False
Cs0.5Ag0.5Al0.5In0.5S1Te1_kesterite,480,4.633772,5.027380,0.393608,True
Cs0.5Ag0.5Al0.5In0.5S1Te1_stannite,480,3.625616,4.423444,0.797828,True
Cs0.5Ag0.5Al0.5In0.5S2_kesterite,480,2.668521,4.777376,2.108855,True
Cs0.5Ag0.5Al0.5In0.5Te2_kesterite,480,5.158379,5.549136,0.390757,False
Cs0.5Ag0.5Al0.5In0.5Te2_stannite,480,3.814369,4.452389,0.638020,False
Cs0.5Ag0.5Al1S1Se1_kesterite,400,2.147964,4.668933,2.520969,False
Cs0.5Ag0.5Al1S2_kesterite,400,2.213176,5.175524,2.962348,False
Cs0.5Ag0.5Al1Se1Te1_kesterite,400,2.808819,4.687010,1.878191,True
Cs0.5Ag0.5Al1Se1Te1_stannite,400,3.518650,4.334387,0.815737,False
Cs0.5Ag0.5Al1Se2_kesterite,400,1.766675,4.103336,2.336661,False
Cs0.5Ag0.5Al1Te2_kesterite,400,3.220156,5.049093,1.828937,False
Cs0.5Ag0.5Al1Te2_stannite,400,3.698220,4.724647,1.026427,False
Cs0.5Ag0.5Ga0.5In0.5S1Te1_kesterite,560,3.973459,4.506551,0.533092,False
Cs0.5Ag0.5Ga0.5In0.5S1Te1_stannite,560,3.560546,4.098949,0.538403,False
Cs0.5Ag0.5Ga1S2_kesterite,560,2.132897,4.624054,2.491157,False
Cs0.5Ag0.5Ga1S2_stannite,560,3.133467,4.707245,1.573778,False
Cs0.5Ag0.5Ga1Se2_kesterite,560,3.187137,3.651829,0.464692,False
Cs0.5Ag0.5Ga1Se2_stannite,560,2.641085,3.360502,0.719417,False
Cs0.5Ag0.5Ga1Te2_kesterite,560,4.175324,4.806726,0.631402,False
Cs0.5Ag0.5Ga1Te2_stannite,560,3.687778,3.980374,0.292596,False
Cs0.5Ag0.5In1S1Te1_kesterite,560,4.466739,4.863151,0.396412,False
Cs0.5Ag0.5In1S1Te1_stannite,560,3.320712,3.967677,0.646965,False
Cs0.5Ag0.5In1S2_kesterite,560,2.213572,3.920879,1.707307,False
Cs0.5Ag0.5In1S2_stannite,560,3.242067,4.423390,1.181323,False
Cs0.5Ag0.5In1Se2_kesterite,560,2.121100,3.336473,1.215373,True
Cs0.5Ag0.5In1Se2_stannite,560,2.626907,3.356431,0.729524,False
Cs0.5Ag0.5In1Te2_kesterite,560,3.828949,4.669690,0.840741,True
Cs0.5Ag0.5In1Te2_stannite,560,3.942926,4.522885,0.579959,False
Cs0.5Ag1.5Ba1Ge1S4_stannite,552,2.331886,4.757159,2.425273,False
Cs0.5Ag1.5Ba1Ge1Se4_stannite,552,1.875556,3.592060,1.716504,False
Cs0.5Ag1.5Ba1Sn1Te4_stannite,552,3.758486,4.840006,1.081520,True
Cs0.5Ag1.5Ba1Zr1S4_kesterite,536,2.797127,5.008092,2.210965,True
Cs0.5Ag1.5Ba1Zr1S4_stannite,536,2.363795,4.751683,2.387888,False
Cs0.5Ag1.5Ba1Zr1Se4_kesterite,536,3.063579,4.654039,1.590460,True
Cs0.5Ag1.5Ba1Zr1Se4_stannite,536,1.704287,3.753388,2.049101,False
Cs0.5Ag1.5Ba1Zr1Te4_kesterite,536,2.874708,4.157285,1.282577,True
Cs0.5Ag1.5Ba1Zr1Te4_stannite,536,2.648745,4.254257,1.605512,False
Cs0.5Ag1.5Ca1Ge1Te4_stannite,552,2.956052,3.609699,0.653647,False
Cs0.5Ag1.5Ca1Sn1Te4_stannite,552,2.907593,3.906813,0.999220,True
Cs0.5Ag1.5Ca1Zr1S4_stannite,536,2.329277,4.695159,2.365882,True
Cs0.5Ag1.5Ca1Zr1Se4_kesterite,536,1.651734,3.588311,1.936577,False
Cs0.5Ag1.5Cd1Ge1S4_kesterite,568,2.542510,4.512709,1.970199,False
Cs0.5Ag1.5Cd1Ge1Se4_kesterite,568,2.545907,3.364839,0.818932,False
Cs0.5Ag1.5Cd1Ge1Se4_stannite,568,1.756053,2.533332,0.777279,True
Cs0.5Ag1.5Cd1Sn1S4_kesterite,568,3.031284,4.704221,1.672937,False
Cs0.5Ag1.5Cd1Sn1S4_stannite,568,2.928299,3.914232,0.985933,True
Cs0.5Ag1.5Cd1Sn1Se4_kesterite,568,2.977008,3.925332,0.948324,True
Cs0.5Ag1.5Cd1Sn1Se4_stannite,568,2.985250,3.784283,0.799033,True
Cs0.5Ag1.5Cd1Sn1Te4_kesterite,568,4.656465,5.376100,0.719635,True
Cs0.5Ag1.5Cd1Zr1S4_kesterite,552,2.349881,4.834489,2.484608,True
Cs0.5Ag1.5Cd1Zr1S4_stannite,552,3.222411,5.130341,1.907930,True
Cs0.5Ag1.5Cd1Zr1Se4_kesterite,552,2.588780,4.478726,1.889946,True
Cs0.5Ag1.5Cd1Zr1Se4_stannite,552,1.932659,3.536622,1.603963,True
Cs0.5Ag1.5Cd1Zr1Te4_stannite,552,3.939728,5.136154,1.196426,True
Cs0.5Ag1.5Mg1Ge1S4_kesterite,488,2.590483,5.102695,2.512212,False
Cs0.5Ag1.5Mg1Ge1S4_stannite,488,2.727930,4.565207,1.837277,True
Cs0.5Ag1.5Mg1Ge1Se4_kesterite,488,2.107765,3.754505,1.646740,False
Cs0.5Ag1.5Mg1Ge1Se4_stannite,488,2.207358,3.357137,1.149779,True
Cs0.5Ag1.5Mg1Sn1S4_kesterite,488,3.386640,4.687978,1.301338,False
Cs0.5Ag1.5Mg1Sn1S4_stannite,488,3.292066,4.914971,1.622905,True
Cs0.5Ag1.5Mg1Sn1Se4_kesterite,488,2.200799,3.318281,1.117482,False
Cs0.5Ag1.5Mg1Sn1Se4_stannite,488,2.332367,3.128919,0.796552,True
Cs0.5Ag1.5Mg1Sn1Te4_kesterite,488,5.229582,6.274643,1.045061,True
Cs0.5Ag1.5Mg1Sn1Te4_stannite,488,5.437528,5.777520,0.339992,True
Cs0.5Ag1.5Mg1Zr1S4_kesterite,472,3.114664,5.499331,2.384667,False
Cs0.5Ag1.5Mg1Zr1S4_stannite,472,2.793408,5.550056,2.756648,False
Cs0.5Ag1.5Mg1Zr1Se4_kesterite,472,2.620385,4.834920,2.214535,False
Cs0.5Ag1.5Mg1Zr1Se4_stannite,472,2.819562,4.893032,2.073470,False
Cs0.5Ag1.5Mg1Zr1Te4_kesterite,472,3.129884,4.634887,1.505003,False
Cs0.5Ag1.5Mg1Zr1Te4_stannite,472,3.138347,4.643260,1.504913,True
Cs0.5Ag1.5Sr1Ge1S4_stannite,552,2.510525,4.975920,2.465395,True
Cs0.5Ag1.5Sr1Ge1Se4_stannite,552,2.148056,3.914786,1.766730,True
Cs0.5Ag1.5Sr1Sn1S4_kesterite,552,2.903831,4.638239,1.734408,False
Cs0.5Ag1.5Sr1Sn1S4_stannite,552,2.448366,4.529038,2.080672,False
Cs0.5Ag1.5Sr1Sn1Se4_stannite,552,1.823644,3.363626,1.539982,False
Cs0.5Ag1.5Sr1Zr1Se4_kesterite,536,1.670592,3.545450,1.874858,False
Cs0.5Ag1.5Sr1Zr1Te4_kesterite,536,2.723871,4.248300,1.524429,False
Cs0.5Ag1.5Zn1Ge1S4_kesterite,568,2.786353,5.044169,2.257816,False
Cs0.5Ag1.5Zn1Ge1S4_stannite,568,2.990328,4.477470,1.487142,True
Cs0.5Ag1.5Zn1Ge1Se4_kesterite,568,2.276944,3.627191,1.350247,False
Cs0.5Ag1.5Zn1Ge1Se4_stannite,568,2.685995,3.159608,0.473613,True
Cs0.5Ag1.5Zn1Ge1Te4_kesterite,568,4.490652,5.102518,0.611866,True
Cs0.5Ag1.5Zn1Ge1Te4_stannite,568,4.562117,4.681882,0.119765,False
Cs0.5Ag1.5Zn1Sn1S4_kesterite,568,2.886953,4.857640,1.970687,False
Cs0.5Ag1.5Zn1Sn1S4_stannite,568,3.274437,4.588822,1.314385,True
Cs0.5Ag1.5Zn1Sn1Se4_kesterite,568,2.766260,3.818363,1.052103,True
Cs0.5Ag1.5Zn1Sn1Se4_stannite,568,2.930303,3.548128,0.617825,True
Cs0.5Ag1.5Zn1Sn1Te4_kesterite,568,5.067009,5.730738,0.663729,True
Cs0.5Ag1.5Zn1Sn1Te4_stannite,568,3.696577,3.766009,0.069432,True
Cs0.5Ag1.5Zn1Zr1S4_kesterite,552,2.819136,5.182707,2.363571,False
Cs0.5Ag1.5Zn1Zr1S4_stannite,552,2.929173,5.124391,2.195218,False
Cs0.5Ag1.5Zn1Zr1Se4_kesterite,552,2.464829,4.314628,1.849799,False
Cs0.5Ag1.5Zn1Zr1Se4_stannite,552,2.713117,4.273696,1.560579,False
Cs0.5Cu0.5Ag1Ba1Ge1Te4_stannite,552,2.991063,4.149819,1.158756,False
Cs0.5Cu0.5Ag1Ba1Sn1Se4_kesterite,552,1.920614,3.460680,1.540066,False
Cs0.5Cu0.5Ag1Ba1Sn1Se4_stannite,552,1.896813,3.435721,1.538908,False
Cs0.5Cu0.5Ag1Ba1Sn1Te4_stannite,552,2.820783,4.068244,1.247461,False
Cs0.5Cu0.5Ag1Ca1Zr1S4_stannite,536,2.918124,4.816886,1.898762,True
Cs0.5Cu0.5Ag1Ca1Zr1Te4_stannite,536,2.763932,4.213096,1.449164,True
Cs0.5Cu0.5Ag1Cd1Ge1S4_kesterite,568,2.752023,4.660046,1.908023,False
Cs0.5Cu0.5Ag1Cd1Ge1S4_stannite,568,2.586046,4.081207,1.495161,True
Cs0.5Cu0.5Ag1Cd1Ge1Se4_stannite,568,1.977719,2.704069,0.726350,True
Cs0.5Cu0.5Ag1Cd1Sn1S4_kesterite,568,5.155290,4.219603,0.000000,False
Cs0.5Cu0.5Ag1Cd1Sn1S4_stannite,568,3.471237,4.385768,0.914531,True
Cs0.5Cu0.5Ag1Cd1Sn1Se4_stannite,568,2.083304,2.747156,0.663852,True
Cs0.5Cu0.5Ag1Cd1Sn1Te4_stannite,568,5.050438,5.443643,0.393205,True
Cs0.5Cu0.5Ag1Cd1Zr1S4_kesterite,552,2.532067,4.648120,2.116053,True
Cs0.5Cu0.5Ag1Cd1Zr1Se4_stannite,552,2.413412,3.693831,1.280419,False
Cs0.5Cu0.5Ag1Cd1Zr1Te4_kesterite,552,3.322380,4.242093,0.919713,True
Cs0.5Cu0.5Ag1Cd1Zr1Te4_stannite,552,3.658713,4.844838,1.186125,True
Cs0.5Cu0.5Ag1Mg0.5Ca0.5Ge1Se1Te3_kesterite,520,3.239960,4.397254,1.157294,True
Cs0.5Cu0.5Ag1Mg0.5Ca0.5Ge1Se1Te3_stannite,520,4.270932,4.301224,0.030292,True
Cs0.5Cu0.5Ag1Mg1Ge1S4_kesterite,488,5.824808,5.262422,0.000000,False
Cs0.5Cu0.5Ag1Mg1Ge1S4_stannite,488,3.468052,4.700410,1.232358,True
Cs0.5Cu0.5Ag1Mg1Ge1Se4_stannite,488,2.368936,3.544553,1.175617,True
Cs0.5Cu0.5Ag1Mg1Ge1Te4_stannite,488,3.323158,3.757726,0.434568,True
Cs0.5Cu0.5Ag1Mg1Sn1S4_stannite,488,3.210136,4.680469,1.470333,True
Cs0.5Cu0.5Ag1Mg1Sn1Se4_stannite,488,2.534268,3.579756,1.045488,True
Cs0.5Cu0.5Ag1Mg1Sn1Te4_kesterite,488,3.226499,4.179547,0.953048,True
Cs0.5Cu0.5Ag1Mg1Sn1Te4_stannite,488,3.379264,3.876596,0.497332,True
Cs0.5Cu0.5Ag1Mg1Zr1S4_kesterite,472,5.418150,5.240408,0.000000,False
Cs0.5Cu0.5Ag1Mg1Zr1S4_stannite,472,2.893557,5.286523,2.392966,False
Cs0.5Cu0.5Ag1Mg1Zr1Se4_kesterite,472,1.810726,3.952686,2.141960,False
Cs0.5Cu0.5Ag1Mg1Zr1Se4_stannite,472,2.137978,4.367069,2.229091,False
Cs0.5Cu0.5Ag1Mg1Zr1Te4_kesterite,472,3.031652,4.401709,1.370057,True
Cs0.5Cu0.5Ag1Zn0.5Cd0.5Sn0.5Ge0.5S3Se1_stannite,568,2.784746,3.796617,1.011871,True
Cs0.5Cu0.5Ag1Zn1Ge1Se4_stannite,568,2.612258,2.970035,0.357777,True
Cs0.5Cu0.5Ag1Zn1Sn1S4_stannite,568,3.435842,4.596233,1.160391,True
Cs0.5Cu0.5Ag1Zn1Sn1Se4_stannite,568,3.130542,3.490870,0.360328,True
Cs0.5Cu0.5Ag1Zn1Sn1Te4_stannite,568,4.949902,5.064419,0.114517,True
Cs0.5Cu0.5Ag1Zn1Zr1S4_kesterite,552,5.150768,5.129926,0.000000,False
Cs0.5Cu0.5Ag1Zn1Zr1S4_stannite,552,3.400382,4.909056,1.508674,False
Cs0.5Cu0.5Ag1Zn1Zr1Se4_stannite,552,2.962482,4.176059,1.213577,False
Cs0.5Cu0.5Ag1Zn1Zr1Te4_stannite,552,4.284316,5.316452,1.032136,True
Cs0.5Cu0.5Al0.5Ga0.5S1Se1_kesterite,480,4.492193,4.271563,0.000000,False
Cs0.5Cu0.5Al0.5Ga0.5S2_stannite,480,3.961768,5.032035,1.070267,False
Cs0.5Cu0.5Al0.5Ga0.5Se1Te1_stannite,480,3.426075,4.188215,0.762140,False
Cs0.5Cu0.5Al0.5In0.5S1Te1_kesterite,480,5.104430,4.696198,0.000000,False
Cs0.5Cu0.5Al0.5In0.5S1Te1_stannite,480,4.068847,4.607304,0.538457,True
Cs0.5Cu0.5Al0.5In0.5Se1Te1_kesterite,480,3.137639,4.186501,1.048862,True
Cs0.5Cu0.5Al0.5In0.5Se1Te1_stannite,480,3.284802,3.813448,0.528646,False
Cs0.5Cu0.5Al0.5In0.5Se2_stannite,480,2.466636,3.395208,0.928572,False
Cs0.5Cu0.5Al1S1Se1_stannite,400,3.146009,4.599837,1.453828,False
Cs0.5Cu0.5Al1S2_kesterite,400,2.708201,5.399287,2.691086,False
Cs0.5Cu0.5Al1S2_stannite,400,3.664431,5.173244,1.508813,False
Cs0.5Cu0.5Al1Se1Te1_stannite,400,3.615425,4.559678,0.944253,False
Cs0.5Cu0.5Al1Se2_kesterite,400,2.378963,3.883607,1.504644,True
Cs0.5Cu0.5Al1Se2_stannite,400,2.813732,4.269361,1.455629,False
Cs0.5Cu0.5Al1Te2_kesterite,400,3.562532,4.568431,1.005899,True
Cs0.5Cu0.5Al1Te2_stannite,400,3.958716,4.996864,1.038148,False
Cs0.5Cu0.5Ga0.5In0.5S1Se1_stannite,560,3.051162,4.217817,1.166655,False
Cs0.5Cu0.5Ga1S1Te1_kesterite,560,4.136421,4.482436,0.346015,False
Cs0.5Cu0.5Ga1S1Te1_stannite,560,4.149244,4.404933,0.255689,True
Cs0.5Cu0.5Ga1Se2_kesterite,560,1.483267,3.323785,1.840518,False
Cs0.5Cu0.5Ga1Se2_stannite,560,2.513574,2.857577,0.344003,False
Cs0.5Cu0.5Ga1Te2_kesterite,560,3.485050,4.073331,0.588281,True
Cs0.5Cu0.5Ga1Te2_stannite,560,3.939839,4.259314,0.319475,False
Cs0.5Cu0.5In1S1Se1_stannite,560,3.298848,4.110448,0.811600,False
Cs0.5Cu0.5In1S1Te1_kesterite,560,4.596980,4.755842,0.158862,False
Cs0.5Cu0.5In1S1Te1_stannite,560,4.580431,4.122032,0.000000,False
Cs0.5Cu0.5In1S2_kesterite,560,3.418556,4.584250,1.165694,False
Cs0.5Cu0.5In1S2_stannite,560,3.406849,4.734193,1.327344,False
Cs0.5Cu0.5In1Se1Te1_kesterite,560,4.124483,4.436580,0.312097,False
Cs0.5Cu0.5In1Se1Te1_stannite,560,3.354191,4.002451,0.648260,False
Cs0.5Cu0.5In1Se2_stannite,560,2.554032,3.527443,0.973411,False
Cs0.5Cu0.5In1Te2_kesterite,560,3.534625,3.986858,0.452233,True
Cs0.5Cu0.5In1Te2_stannite,560,3.795663,4.453329,0.657666,False
Cs0.5Cu1.5Ba0.5Cd0.5Sn1S4_stannite,560,2.918862,3.980318,1.061456,False
Cs0.5Cu1.5Ba1Zr1Se4_kesterite,536,3.017035,4.208336,1.191301,True
Cs0.5Cu1.5Ba1Zr1Te4_stannite,536,2.902357,4.342261,1.439904,False
Cs0.5Cu1.5Ca1Ge1Te4_stannite,552,3.310486,4.211804,0.901318,False
Cs0.5Cu1.5Ca1Zr1Te4_stannite,536,2.983104,4.313568,1.330464,False
Cs0.5Cu1.5Cd1Ge1S4_kesterite,568,5.432884,5.040175,0.000000,False
Cs0.5Cu1.5Cd1Ge1S4_stannite,568,2.705819,4.232510,1.526691,True
Cs0.5Cu1.5Cd1Ge1Te4_stannite,568,4.859318,5.107882,0.248564,True
Cs0.5Cu1.5Cd1Sn1S4_kesterite,568,3.726241,4.637263,0.911022,True
Cs0.5Cu1.5Cd1Sn1S4_stannite,568,3.319164,4.213740,0.894576,True
Cs0.5Cu1.5Cd1Sn1Se4_kesterite,568,2.477269,3.052092,0.574823,True
Cs0.5Cu1.5Cd1Sn1Se4_stannite,568,3.181100,3.653371,0.472271,True
Cs0.5Cu1.5Cd1Zr1S4_kesterite,552,4.987997,5.038541,0.050544,False
Cs0.5Cu1.5Cd1Zr1S4_stannite,552,3.455389,4.759177,1.303788,True
Cs0.5Cu1.5Cd1Zr1Se4_kesterite,552,4.423100,4.448678,0.025578,False
Cs0.5Cu1.5Cd1Zr1Te4_kesterite,552,4.716171,5.078329,0.362158,True
Cs0.5Cu1.5Cd1Zr1Te4_stannite,552,3.571259,4.398133,0.826874,True
Cs0.5Cu1.5Mg0.5Ca0.5Sn1Se4_kesterite,520,2.905943,3.648148,0.742205,False
Cs0.5Cu1.5Mg0.5Ca0.5Sn1Se4_stannite,520,2.450067,3.298473,0.848406,False
Cs0.5Cu1.5Mg1Ge1S4_kesterite,488,5.896373,5.576734,0.000000,False
Cs0.5Cu1.5Mg1Ge1S4_stannite,488,2.932863,4.911106,1.978243,True
Cs0.5Cu1.5Mg1Ge1Se4_kesterite,488,2.532885,3.824355,1.291470,False
Cs0.5Cu1.5Mg1Ge1Se4_stannite,488,2.773809,3.656763,0.882954,True
Cs0.5Cu1.5Mg1Ge1Te4_kesterite,488,3.549595,4.276612,0.727017,True
Cs0.5Cu1.5Mg1Sn1S4_kesterite,488,3.963972,5.024973,1.061001,False
Cs0.5Cu1.5Mg1Sn1S4_stannite,488,3.446776,4.917038,1.470262,True
Cs0.5Cu1.5Mg1Sn1Se4_kesterite,488,3.334343,3.944245,0.609902,True
Cs0.5Cu1.5Mg1Sn1Se4_stannite,488,3.122161,3.856498,0.734337,True
Cs0.5Cu1.5Mg1Sn1Te4_stannite,488,3.751503,4.195625,0.444122,True
Cs0.5Cu1.5Mg1Zr1S4_kesterite,472,5.351121,5.148313,0.000000,False
Cs0.5Cu1.5Mg1Zr1S4_stannite,472,3.614464,5.344901,1.730437,True
Cs0.5Cu1.5Mg1Zr1Se4_kesterite,472,4.546782,4.512378,0.000000,False
Cs0.5Cu1.5Mg1Zr1Se4_stannite,472,2.932950,4.501276,1.568326,False
Cs0.5Cu1.5Mg1Zr1Te4_kesterite,472,4.607646,5.676146,1.068500,True
Cs0.5Cu1.5Mg1Zr1Te4_stannite,472,4.532503,5.649605,1.117102,False
Cs0.5Cu1.5Sr1Sn1Se4_kesterite,552,2.684846,3.441348,0.756502,True
Cs0.5Cu1.5Sr1Sn1Te4_stannite,552,3.239660,4.187094,0.947434,False
Cs0.5Cu1.5Zn1Ge1S4_kesterite,568,5.083586,5.088837,0.005251,True
Cs0.5Cu1.5Zn1Ge1S4_stannite,568,3.221449,4.645771,1.424322,True
Cs0.5Cu1.5Zn1Ge1Se4_stannite,568,2.363320,2.972720,0.609400,True
Cs0.5Cu1.5Zn1Ge1Te4_stannite,568,3.943912,4.092926,0.149014,False
Cs0.5Cu1.5Zn1Sn1S1Se1Te2_kesterite,568,3.720773,4.545399,0.824626,True
Cs0.5Cu1.5Zn1Sn1S1Se1Te2_stannite,568,4.139736,4.445775,0.306039,True
Cs0.5Cu1.5Zn1Sn1S4_stannite,568,3.505171,4.734718,1.229547,True
Cs0.5Cu1.5Zn1Sn1Se4_stannite,568,3.021845,3.647224,0.625379,True
Cs0.5Cu1.5Zn1Sn1Te4_kesterite,568,4.009869,4.325170,0.315301,True
Cs0.5Cu1.5Zn1Zr1S4_kesterite,552,5.366252,5.350146,0.000000,False
Cs0.5Cu1.5Zn1Zr1S4_stannite,552,3.385459,5.016291,1.630832,False
Cs0.5Cu1.5Zn1Zr1Se4_stannite,552,2.196433,3.854154,1.657721,True
Cs0.5Cu1.5Zn1Zr1Te4_kesterite,552,4.873901,5.548129,0.674228,True
Cs0.5Cu1.5Zn1Zr1Te4_stannite,552,4.514717,5.546739,1.032022,False
Cs0.5Cu1Ag0.5Ba1Ge1Te4_stannite,552,4.439263,5.064134,0.624871,True
Cs0.5Cu1Ag0.5Ba1Zr1S4_kesterite,536,3.327445,4.667294,1.339849,True
Cs0.5Cu1Ag0.5Ba1Zr1Te4_stannite,536,2.678250,4.148245,1.469995,False
Cs0.5Cu1Ag0.5Ca1Ge1Se4_kesterite,552,2.116952,3.559532,1.442580,False
Cs0.5Cu1Ag0.5Ca1Ge1Se4_stannite,552,3.971566,3.604932,0.000000,False
Cs0.5Cu1Ag0.5Ca1Ge1Te4_kesterite,552,3.750630,5.006588,1.255958,True
Cs0.5Cu1Ag0.5Ca1Ge1Te4_stannite,552,3.505439,4.393666,0.888227,True
Cs0.5Cu1Ag0.5Ca1Zr1Te4_stannite,536,2.997624,4.352406,1.354782,True
Cs0.5Cu1Ag0.5Cd1Ge1S4_stannite,568,3.173699,4.178940,1.005241,True
Cs0.5Cu1Ag0.5Cd1Ge1Te4_kesterite,568,3.573849,3.959504,0.385655,True
Cs0.5Cu1Ag0.5Cd1Ge1Te4_stannite,568,3.490229,3.639397,0.149168,True
Cs0.5Cu1Ag0.5Cd1Sn1S4_kesterite,568,2.581747,4.095889,1.514142,True
Cs0.5Cu1Ag0.5Cd1Sn1S4_stannite,568,2.967515,4.136708,1.169193,True
Cs0.5Cu1Ag0.5Cd1Sn1Se4_kesterite,568,2.286948,2.930899,0.643951,True
Cs0.5Cu1Ag0.5Cd1Sn1Se4_stannite,568,2.274885,2.892497,0.617612,True
Cs0.5Cu1Ag0.5Cd1Zr1S4_kesterite,552,5.044802,4.936607,0.000000,False
Cs0.5Cu1Ag0.5Cd1Zr1Se4_stannite,552,2.295856,3.662847,1.366991,False
Cs0.5Cu1Ag0.5Mg1Ge1S4_stannite,488,2.977668,4.611946,1.634278,True
Cs0.5Cu1Ag0.5Mg1Ge1Se4_kesterite,488,1.919588,3.517734,1.598146,False
Cs0.5Cu1Ag0.5Mg1Ge1Se4_stannite,488,2.181944,3.187457,1.005513,True
Cs0.5Cu1Ag0.5Mg1Ge1Te4_kesterite,488,3.401484,4.171385,0.769901,True
Cs0.5Cu1Ag0.5Mg1Ge1Te4_stannite,488,3.383957,3.846065,0.462108,True
Cs0.5Cu1Ag0.5Mg1Sn1S4_stannite,488,3.554097,4.567442,1.013345,True
Cs0.5Cu1Ag0.5Mg1Sn1Se4_kesterite,488,2.499479,3.798052,1.298573,False
Cs0.5Cu1Ag0.5Mg1Sn1Se4_stannite,488,2.687069,3.776550,1.089481,True
Cs0.5Cu1Ag0.5Mg1Sn1Te4_kesterite,488,3.504883,4.348120,0.843237,True
Cs0.5Cu1Ag0.5Mg1Sn1Te4_stannite,488,3.553802,4.075324,0.521522,True
Cs0.5Cu1Ag0.5Mg1Zr1S4_stannite,472,3.224939,5.004413,1.779474,True
Cs0.5Cu1Ag0.5Mg1Zr1Se4_kesterite,472,4.173121,4.015912,0.000000,False
Cs0.5Cu1Ag0.5Mg1Zr1Se4_stannite,472,2.562995,4.442824,1.879829,True
Cs0.5Cu1Ag0.5Sr1Ge1Te4_stannite,552,2.898840,3.922094,1.023254,False
Cs0.5Cu1Ag0.5Sr1Zr1S4_kesterite,536,3.684621,4.374615,0.689994,False
Cs0.5Cu1Ag0.5Zn1Ge1Se4_kesterite,568,2.592334,3.052212,0.459878,False
Cs0.5Cu1Ag0.5Zn1Ge1Se4_stannite,568,2.703369,3.080645,0.377276,True
Cs0.5Cu1Ag0.5Zn1Ge1Te4_stannite,568,4.427956,4.463733,0.035777,True
Cs0.5Cu1Ag0.5Zn1Sn1S4_kesterite,568,2.844218,4.585547,1.741329,False
Cs0.5Cu1Ag0.5Zn1Sn1S4_stannite,568,3.906896,4.737019,0.830123,True
Cs0.5Cu1Ag0.5Zn1Sn1Se4_stannite,568,2.989902,3.637017,0.647115,True
Cs0.5Cu1Ag0.5Zn1Sn1Te4_stannite,568,3.867927,3.903925,0.035998,True
Cs0.5Cu1Ag0.5Zn1Zr1S4_stannite,552,3.109284,5.115550,2.006266,False
Cs0.5Cu1Ag0.5Zn1Zr1Se4_stannite,552,2.153309,3.886641,1.733332,False
Cs0.5Cu1Ag0.5Zn1Zr1Te4_stannite,552,3.372819,4.385071,1.012252,True
Cs1.5Ag0.5Ba1Sn1S4_stannite,536,1.117894,3.298066,2.180172,True
Cs1.5Ag0.5Ba1Zr1S4_kesterite,520,1.104378,4.011180,2.906802,False
Cs1.5Ag0.5Ba1Zr1Se4_kesterite,520,0.654383,3.262362,2.607979,False
Cs1.5Ag0.5Ba1Zr1Se4_stannite,520,0.689692,3.269872,2.580180,False
Cs1.5Ag0.5Ca1Ge1S4_stannite,536,1.186535,3.540373,2.353838,False
Cs1.5Ag0.5Ca1Ge1Se4_stannite,536,1.753553,3.422086,1.668533,False
Cs1.5Ag0.5Ca1Sn1S4_stannite,536,1.213321,3.499364,2.286043,True
Cs1.5Ag0.5Ca1Sn1Te4_kesterite,536,2.880638,4.355566,1.474928,True
Cs1.5Ag0.5Ca1Zr1S4_kesterite,520,1.325853,4.172274,2.846421,False
Cs1.5Ag0.5Ca1Zr1S4_stannite,520,1.713281,4.236991,2.523710,False
Cs1.5Ag0.5Ca1Zr1Se4_kesterite,520,0.749756,3.323362,2.573606,False
Cs1.5Ag0.5Ca1Zr1Te4_stannite,520,1.484477,3.728652,2.244175,False
Cs1.5Ag0.5Cd1Ge1S4_kesterite,552,1.566808,4.064535,2.497727,False
Cs1.5Ag0.5Cd1Ge1S4_stannite,552,2.403208,3.753776,1.350568,False
Cs1.5Ag0.5Cd1Sn1S4_kesterite,552,1.479608,3.870801,2.391193,False
Cs1.5Ag0.5Cd1Sn1S4_stannite,552,1.663417,3.386407,1.722990,False
Cs1.5Ag0.5Cd1Sn1Se4_stannite,552,1.230839,2.359759,1.128920,False
Cs1.5Ag0.5Cd1Sn1Te4_kesterite,552,2.102520,3.532712,1.430192,False
Cs1.5Ag0.5Cd1Zr1S4_stannite,536,1.857476,3.591625,1.734149,False
Cs1.5Ag0.5Cd1Zr1Se4_kesterite,536,0.822221,2.941546,2.119325,False
Cs1.5Ag0.5Cd1Zr1Se4_stannite,536,1.350298,2.757624,1.407326,False
Cs1.5Ag0.5Cd1Zr1Te4_kesterite,536,2.637631,3.802686,1.165055,False
Cs1.5Ag0.5Mg1Ge1S4_kesterite,472,2.006864,5.044094,3.037230,True
Cs1.5Ag0.5Mg1Ge1S4_stannite,472,2.468947,4.120081,1.651134,False
Cs1.5Ag0.5Mg1Ge1Se4_kesterite,472,1.205992,3.547252,2.341260,False
Cs1.5Ag0.5Mg1Ge1Se4_stannite,472,2.115354,3.116979,1.001625,False
Cs1.5Ag0.5Mg1Sn1S2Se2_kesterite,472,1.561403,3.768056,2.206653,True
Cs1.5Ag0.5Mg1Sn1S2Se2_stannite,472,1.294113,3.088811,1.794698,True
Cs1.5Ag0.5Mg1Sn1S4_kesterite,472,2.253287,4.810405,2.557118,True
Cs1.5Ag0.5Mg1Sn1S4_stannite,472,2.523308,4.295901,1.772593,False
Cs1.5Ag0.5Mg1Sn1Se4_kesterite,472,2.155502,4.115054,1.959552,True
Cs1.5Ag0.5Mg1Sn1Se4_stannite,472,2.478497,3.565200,1.086703,True
Cs1.5Ag0.5Mg1Sn1Te4_stannite,472,2.360082,3.142898,0.782816,False
Cs1.5Ag0.5Mg1Zr1S4_kesterite,456,1.985220,4.580421,2.595201,False
Cs1.5Ag0.5Mg1Zr1S4_stannite,456,2.411774,4.570178,2.158404,True
Cs1.5Ag0.5Mg1Zr1Se4_kesterite,456,1.879905,3.972663,2.092758,False
Cs1.5Ag0.5Mg1Zr1Se4_stannite,456,2.075441,3.931006,1.855565,True
Cs1.5Ag0.5Mg1Zr1Te4_kesterite,456,3.713595,5.118532,1.404937,False
Cs1.5Ag0.5Mg1Zr1Te4_stannite,456,3.665484,4.988733,1.323249,False
Cs1.5Ag0.5Sr1Ge1S3Se1_kesterite,536,1.828439,4.866026,3.037587,False
Cs1.5Ag0.5Sr1Sn1S4_stannite,536,1.162581,3.302890,2.140309,True
Cs1.5Ag0.5Sr1Sn1Se4_stannite,536,0.841133,2.537127,1.695994,True
Cs1.5Ag0.5Sr1Zr1S4_stannite,520,0.839337,4.086709,3.247372,False
Cs1.5Ag0.5Sr1Zr1Se4_kesterite,520,0.617676,3.210396,2.592720,False
Cs1.5Ag0.5Zn1Ge1S4_kesterite,552,1.836308,4.882726,3.046418,True
Cs1.5Ag0.5Zn1Ge1S4_stannite,552,2.223560,3.831145,1.607585,False
Cs1.5Ag0.5Zn1Sn1S4_kesterite,552,1.859212,4.306271,2.447059,False
Cs1.5Ag0.5Zn1Sn1S4_stannite,552,2.040293,3.713951,1.673658,False
Cs1.5Ag0.5Zn1Sn1Se4_stannite,552,1.665005,2.725041,1.060036,False
Cs1.5Ag0.5Zn1Sn1Te4_kesterite,552,2.676912,3.837710,1.160798,True
Cs1.5Ag0.5Zn1Zr1S4_kesterite,536,2.299296,4.453348,2.154052,False
Cs1.5Ag0.5Zn1Zr1S4_stannite,536,1.647853,3.837249,2.189396,False
Cs1.5Ag0.5Zn1Zr1Se4_kesterite,536,1.118888,3.265266,2.146378,False
Cs1.5Ag0.5Zn1Zr1Te4_kesterite,536,3.034839,3.974841,0.940002,False
Cs1.5Ag0.5Zn1Zr1Te4_stannite,536,3.807599,4.680068,0.872469,False
Cs1.5Cu0.5Ba1Zr1Te4_kesterite,520,1.674877,3.591249,1.916372,False
Cs1.5Cu0.5Ca1Ge1Se4_stannite,536,1.336384,2.966669,1.630285,False
Cs1.5Cu0.5Ca1Sn1Te4_stannite,536,2.624726,2.769341,0.144615,False
Cs1.5Cu0.5Ca1Zr1S4_kesterite,520,2.546199,4.435581,1.889382,False
Cs1.5Cu0.5Cd1Ge1Se4_kesterite,552,1.281364,2.830729,1.549365,False
Cs1.5Cu0.5Cd1Ge1Se4_stannite,552,1.145121,1.500611,0.355490,False
Cs1.5Cu0.5Cd1Sn1Te4_stannite,552,2.277216,2.750652,0.473436,False
Cs1.5Cu0.5Mg1Ge1S4_kesterite,472,5.457867,4.901066,0.000000,False
Cs1.5Cu0.5Mg1Ge1S4_stannite,472,2.293714,3.721687,1.427973,False
Cs1.5Cu0.5Mg1Ge1Se4_kesterite,472,2.046215,3.607983,1.561768,False
Cs1.5Cu0.5Mg1Ge1Se4_stannite,472,2.308156,3.154567,0.846411,False
Cs1.5Cu0.5Mg1Sn1S4_stannite,472,2.738528,4.070121,1.331593,True
Cs1.5Cu0.5Mg1Sn1Se4_stannite,472,2.297644,3.126806,0.829162,True
Cs1.5Cu0.5Mg1Zr1S4_stannite,456,4.063361,4.444323,0.380962,True
Cs1.5Cu0.5Mg1Zr1Se4_stannite,456,1.525582,3.299767,1.774185,False
Cs1.5Cu0.5Mg1Zr1Te4_kesterite,456,2.349472,3.953387,1.603915,False
Cs1.5Cu0.5Mg1Zr1Te4_stannite,456,2.389730,3.716244,1.326514,False
Cs1.5Cu0.5Sr1Zr1Te4_kesterite,520,2.961877,3.638660,0.676783,False
Cs1.5Cu0.5Zn1Ge1S4_stannite,552,2.636127,3.877020,1.240893,False
Cs1.5Cu0.5Zn1Sn1Te4_kesterite,552,3.011770,4.029004,1.017234,False
Cs1.5Cu0.5Zn1Zr1Se4_stannite,536,2.356076,3.370034,1.013958,True
Cs1.5Cu0.5Zn1Zr1Te4_kesterite,536,2.194007,3.591417,1.397410,False
Cs1.5Cu0.5Zn1Zr1Te4_stannite,536,2.261149,3.290435,1.029286,False
Cs1Ag1Ba1Ge1Te4_stannite,544,1.871193,3.197557,1.326364,False
Cs1Ag1Ba1Sn1Se4_stannite,544,1.529357,3.230055,1.700698,False
Cs1Ag1Ba1Zr1S4_stannite,528,1.541703,4.533229,2.991526,False
Cs1Ag1Ba1Zr1Se4_stannite,528,1.338784,3.773518,2.434734,False
Cs1Ag1Ba1Zr1Te4_stannite,528,2.290989,4.295575,2.004586,False
Cs1Ag1Ca0.5Sr0.5Ge1S1Se2Te1_kesterite,544,2.677557,4.232823,1.555266,True
Cs1Ag1Ca0.5Sr0.5Ge1S1Se2Te1_stannite,544,1.845307,3.515277,1.669970,False
Cs1Ag1Ca1Zr1S4_stannite,528,1.713248,4.786624,3.073376,True
Cs1Ag1Ca1Zr1Se4_stannite,528,1.271771,3.888276,2.616505,True
Cs1Ag1Ca1Zr1Te4_stannite,528,2.148870,4.280942,2.132072,False
Cs1Ag1Cd1Ge1S4_stannite,560,2.161799,3.952565,1.790766,False
Cs1Ag1Cd1Sn1S4_stannite,560,3.070891,4.694970,1.624079,False
Cs1Ag1Cd1Sn1Se4_kesterite,560,1.719630,2.509727,0.790097,True
Cs1Ag1Cd1Sn1Se4_stannite,560,3.034832,3.982325,0.947493,False
Cs1Ag1Cd1Zr1Se4_kesterite,544,1.528789,3.174011,1.645222,True
Cs1Ag1Cd1Zr1Se4_stannite,544,2.695499,4.133625,1.438126,True
Cs1Ag1Mg1Ge1S4_stannite,480,2.592547,4.629151,2.036604,False
Cs1Ag1Mg1Ge1Se4_stannite,480,2.395054,3.527216,1.132162,False
Cs1Ag1Mg1Sn1S4_kesterite,480,2.409940,4.135873,1.725933,True
Cs1Ag1Mg1Sn1S4_stannite,480,3.050981,4.872944,1.821963,False
Cs1Ag1Mg1Sn1Se4_stannite,480,2.985194,4.153511,1.168317,False
Cs1Ag1Mg1Sn1Te4_kesterite,480,3.032357,3.697433,0.665076,True
Cs1Ag1Mg1Sn1Te4_stannite,480,3.087015,3.954255,0.867240,False
Cs1Ag1Mg1Zr1S4_kesterite,464,2.056420,4.430646,2.374226,True
Cs1Ag1Mg1Zr1S4_stannite,464,2.718611,5.157191,2.438580,True
Cs1Ag1Mg1Zr1Se4_kesterite,464,1.606981,3.543058,1.936077,False
Cs1Ag1Mg1Zr1Se4_stannite,464,2.472821,4.504286,2.031465,True
Cs1Ag1Mg1Zr1Te4_stannite,464,2.384831,4.008620,1.623789,False
Cs1Ag1Sr1Ge1S4_stannite,544,2.354094,4.739430,2.385336,False
Cs1Ag1Sr1Ge1Se4_stannite,544,1.921469,3.873423,1.951954,False
Cs1Ag1Sr1Sn1S4_stannite,544,1.699066,4.022830,2.323764,False
Cs1Ag1Sr1Zr1S4_stannite,528,2.743494,5.504748,2.761254,False
Cs1Ag1Zn1Ge1Se4_stannite,560,2.120906,3.079068,0.958162,False
Cs1Ag1Zn1Ge1Te4_stannite,560,4.375007,4.149131,0.000000,False
Cs1Ag1Zn1Sn1S4_stannite,560,3.186518,4.676350,1.489832,False
Cs1Ag1Zn1Sn1Se4_stannite,560,2.968984,3.719000,0.750016,False
Cs1Ag1Zn1Zr1S4_kesterite,544,3.138344,4.876453,1.738109,False
Cs1Ag1Zn1Zr1S4_stannite,544,2.785847,4.421391,1.635544,True
Cs1Ag1Zn1Zr1Se4_stannite,544,1.948477,3.410090,1.461613,True
Cs1Ag1Zn1Zr1Te4_kesterite,544,2.684740,3.778972,1.094232,True
Cs1Ag1Zn1Zr1Te4_stannite,544,4.111247,5.015508,0.904261,False
Cs1Al0.5Ga0.5S2_kesterite,464,1.320448,5.199998,3.879550,True
Cs1Al0.5Ga0.5S2_stannite,464,2.544090,4.407208,1.863118,False
Cs1Al0.5Ga0.5Se1Te1_kesterite,464,1.954740,4.430330,2.475590,False
Cs1Al0.5Ga0.5Se1Te1_stannite,464,1.934797,2.108069,0.173272,True
Cs1Al0.5Ga0.5Se2_kesterite,464,1.271369,4.543695,3.272326,False
Cs1Al0.5Ga0.5Se2_stannite,464,1.517917,3.362690,1.844773,True
Cs1Al0.5Ga0.5Te2_stannite,464,2.295510,2.497670,0.202160,False
Cs1Al0.5In0.5S1Te1_kesterite,464,2.301941,4.753476,2.451535,False
Cs1Al0.5In0.5S1Te1_stannite,464,2.200507,2.776311,0.575804,True
Cs1Al0.5In0.5S2_kesterite,464,1.552830,5.209307,3.656477,True
Cs1Al0.5In0.5S2_stannite,464,1.747367,4.130162,2.382795,True
Cs1Al0.5In0.5Se1Te1_kesterite,464,2.067698,4.197949,2.130251,False
Cs1Al0.5In0.5Se1Te1_stannite,464,2.239968,3.120157,0.880189,True
Cs1Al0.5In0.5Se2_kesterite,464,1.302441,4.285058,2.982617,False
Cs1Al0.5In0.5Se2_stannite,464,1.566986,2.961564,1.394578,True
Cs1Al0.5In0.5Te2_kesterite,464,2.487429,4.878203,2.390774,False
Cs1Al0.5In0.5Te2_stannite,464,2.753783,3.436604,0.682821,True
Cs1Al1S1Se1_kesterite,384,1.309875,5.349764,4.039889,True
Cs1Al1S1Te1_stannite,384,3.269387,4.169789,0.900402,True
Cs1Al1S2_kesterite,96,2.032964,6.162052,4.129088,True
Cs1Al1S2_stannite,96,3.418988,4.731725,1.312737,False
Cs1Al1Se1Te1_kesterite,384,1.650825,4.821360,3.170535,False
Cs1Al1Se1Te1_stannite,384,2.658689,3.672409,1.013720,True
Cs1Al1Se2_kesterite,96,0.956759,4.794682,3.837923,False
Cs1Al1Se2_stannite,96,2.683554,3.681845,0.998291,False
Cs1Al1Te2_kesterite,96,2.212665,5.281159,3.068494,True
Cs1Al1Te2_stannite,96,2.071675,3.379077,1.307402,True
Cs1Cu0.5Ag0.5Ba0.5Zn0.5Sn1S1Se1Te2_stannite,552,2.599472,3.464490,0.865018,False
Cs1Cu0.5Ag0.5Ba1Sn1Te4_stannite,544,1.924464,3.235133,1.310669,False
Cs1Cu0.5Ag0.5Ca1Zr1Te4_stannite,528,2.384881,4.069062,1.684181,False
Cs1Cu0.5Ag0.5Cd1Ge1S3Te1_kesterite,560,3.131898,3.407990,0.276092,False
Cs1Cu0.5Ag0.5Cd1Ge1S3Te1_stannite,560,3.320706,3.874303,0.553597,True
Cs1Cu0.5Ag0.5Cd1Sn1S4_stannite,560,2.910975,4.005995,1.095020,False
Cs1Cu0.5Ag0.5Cd1Sn1Se4_stannite,560,2.780336,3.735282,0.954946,False
Cs1Cu0.5Ag0.5Cd1Sn1Te4_kesterite,560,2.428564,3.168809,0.740245,True
Cs1Cu0.5Ag0.5Cd1Sn1Te4_stannite,560,3.013608,3.668693,0.655085,False
Cs1Cu0.5Ag0.5Cd1Zr1Te4_kesterite,544,2.621156,3.584712,0.963556,True
Cs1Cu0.5Ag0.5Cd1Zr1Te4_stannite,544,3.341932,4.381340,1.039408,False
Cs1Cu0.5Ag0.5Mg0.5Ba0.5Sn0.5Ge0.5S1Se2Te1_stannite,512,3.806128,3.418739,0.000000,False
Cs1Cu0.5Ag0.5Mg1Ge1S4_kesterite,480,3.181201,4.587155,1.405954,True
Cs1Cu0.5Ag0.5Mg1Ge1S4_stannite,480,2.612055,4.427673,1.815618,False
Cs1Cu0.5Ag0.5Mg1Ge1Se4_stannite,480,1.936627,3.162876,1.226249,False
Cs1Cu0.5Ag0.5Mg1Sn1S4_kesterite,480,3.359286,4.410995,1.051709,True
Cs1Cu0.5Ag0.5Mg1Sn1Te4_stannite,480,3.148087,3.990925,0.842838,False
Cs1Cu0.5Ag0.5Mg1Zr1Se4_stannite,464,2.051370,3.805776,1.754406,False
Cs1Cu0.5Ag0.5Mg1Zr1Te4_kesterite,464,2.615914,3.801747,1.185833,True
Cs1Cu0.5Ag0.5Mg1Zr1Te4_stannite,464,2.532002,4.125871,1.593869,False
Cs1Cu0.5Ag0.5Sr0.5Ba0.5Sn0.5Ge0.5S3Te1_stannite,544,2.311762,4.044870,1.733108,False
Cs1Cu0.5Ag0.5Sr1Ge1S1Se2Te1_kesterite,544,2.783373,3.936741,1.153368,False
Cs1Cu0.5Ag0.5Sr1Ge1S2Te2_stannite,544,2.236968,3.879644,1.642676,False
Cs1Cu0.5Ag0.5Sr1Sn1Se4_stannite,544,3.665319,3.177432,0.000000,False
Cs1Cu0.5Ag0.5Zn1Ge1S4_stannite,560,3.618989,4.413300,0.794311,False
Cs1Cu0.5Ag0.5Zn1Ge1Se4_stannite,560,2.908779,3.546404,0.637625,False
Cs1Cu0.5Ag0.5Zn1Sn1Se4_stannite,560,2.305768,3.102289,0.796521,False
Cs1Cu0.5Ag0.5Zn1Zr1Te4_kesterite,544,2.833395,3.806076,0.972681,True
Cs1Cu0.5Ag0.5Zn1Zr1Te4_stannite,544,2.875653,3.902311,1.026658,True
Cs1Cu1Ba0.5Cd0.5Ge1Se4_stannite,552,1.888054,2.582902,0.694848,False
Cs1Cu1Ba1Ge1Se4_stannite,544,3.357556,3.042370,0.000000,False
Cs1Cu1Ba1Ge1Te4_stannite,544,2.124306,3.111191,0.986885,False
Cs1Cu1Ba1Sn1Se4_stannite,544,1.424945,3.029872,1.604927,False
Cs1Cu1Ba1Zr1Se4_stannite,528,1.415169,3.679807,2.264638,False
Cs1Cu1Cd1Ge1S4_stannite,560,3.281606,4.504202,1.222596,False
Cs1Cu1Cd1Ge1Se4_stannite,560,1.977012,3.042122,1.065110,False
Cs1Cu1Cd1Sn1S4_stannite,560,3.193096,4.678265,1.485169,False
Cs1Cu1Cd1Sn1Te4_kesterite,560,3.332616,3.815275,0.482659,True
Cs1Cu1Cd1Sn1Te4_stannite,560,3.507760,4.116789,0.609029,False
Cs1Cu1Cd1Zr1Se4_stannite,544,3.016968,3.997220,0.980252,True
Cs1Cu1Cd1Zr1Te4_kesterite,544,2.836138,3.695980,0.859842,True
Cs1Cu1Cd1Zr1Te4_stannite,544,4.365200,5.120452,0.755252,False
Cs1Cu1Mg1Ge1S4_kesterite,480,3.034545,4.232209,1.197664,True
Cs1Cu1Mg1Ge1S4_stannite,480,2.830339,4.842816,2.012477,False
Cs1Cu1Mg1Ge1Se4_kesterite,480,2.019955,2.897311,0.877356,True
Cs1Cu1Mg1Ge1Se4_stannite,480,2.324150,3.318882,0.994732,False
Cs1Cu1Mg1Ge1Te4_kesterite,480,4.405404,4.145699,0.000000,False
Cs1Cu1Mg1Ge1Te4_stannite,480,3.327109,4.157905,0.830796,False
Cs1Cu1Mg1Sn1S4_kesterite,480,2.966199,3.986264,1.020065,True
Cs1Cu1Mg1Sn1S4_stannite,480,3.202438,4.901307,1.698869,False
Cs1Cu1Mg1Sn1Se4_stannite,480,2.890593,3.955155,1.064562,False
Cs1Cu1Mg1Sn1Te4_stannite,480,4.516092,5.419056,0.902964,False
Cs1Cu1Mg1Zr1S4_stannite,464,2.626389,4.907345,2.280956,False
Cs1Cu1Mg1Zr1Se4_stannite,464,1.775167,3.912052,2.136885,False
Cs1Cu1Mg1Zr1Te4_kesterite,464,2.992908,3.974905,0.981997,True
Cs1Cu1Sr1Sn0.5Ge0.5S1Te3_stannite,544,2.720946,3.690496,0.969550,False
Cs1Cu1Sr1Sn1Se4_stannite,544,1.916581,3.048055,1.131474,False
Cs1Cu1Sr1Zr1S4_stannite,528,2.157227,4.699237,2.542010,False
Cs1Cu1Sr1Zr1Te4_stannite,528,3.984428,5.519579,1.535151,False
Cs1Cu1Zn1Ge1S4_stannite,560,3.551814,4.465673,0.913859,False
Cs1Cu1Zn1Ge1Se4_kesterite,560,1.927641,3.358220,1.430579,False
Cs1Cu1Zn1Ge1Se4_stannite,560,2.354853,3.325473,0.970620,False
Cs1Cu1Zn1Sn1Se4_stannite,560,2.874983,3.852086,0.977103,False
Cs1Cu1Zn1Sn1Te4_stannite,560,3.679071,4.127735,0.448664,False
Cs1Cu1Zn1Zr1S4_stannite,544,2.774886,4.547358,1.772472,True
Cs1Ga0.5In0.5S2_kesterite,544,1.170855,4.073604,2.902749,False
Cs1Ga0.5In0.5Se2_kesterite,544,1.254160,4.027424,2.773264,False
Cs1Ga0.5In0.5Se2_stannite,544,1.632523,2.464321,0.831798,False
Cs1Ga0.5In0.5Te2_stannite,544,2.450302,2.995906,0.545604,True
Cs1Ga1S1Se1_kesterite,544,1.448788,4.697378,3.248590,False
Cs1Ga1S1Se1_stannite,544,2.316510,3.361375,1.044865,True
Cs1Ga1S1Te1_kesterite,544,2.381730,4.611595,2.229865,False
Cs1Ga1S2_kesterite,136,1.345281,5.369787,4.024506,False
Cs1Ga1S2_stannite,136,2.162440,2.943666,0.781226,True
Cs1Ga1Se1Te1_kesterite,544,2.059156,4.418613,2.359457,False
Cs1Ga1Se1Te1_stannite,544,2.121422,2.818881,0.697459,True
Cs1Ga1Se2_kesterite,136,1.596458,4.305829,2.709371,False
Cs1Ga1Se2_stannite,136,2.006587,1.214043,0.000000,False
Cs1Ga1Te2_kesterite,136,2.312547,4.751092,2.438545,False
Cs1Ga1Te2_stannite,136,2.969600,2.320746,0.000000,False
Cs1In1S1Se1_kesterite,544,1.226071,4.260543,3.034472,False
Cs1In1S1Se1_stannite,544,1.592598,2.940694,1.348096,True
Cs1In1S1Te1_kesterite,544,3.441143,4.869707,1.428564,False
Cs1In1S1Te1_stannite,544,2.335710,3.153515,0.817805,True
Cs1In1S2_kesterite,136,1.523113,4.920457,3.397344,False
Cs1In1S2_stannite,136,1.988040,3.076756,1.088716,True
Cs1In1Se1Te1_kesterite,544,2.142022,4.574530,2.432508,False
Cs1In1Se1Te1_stannite,544,2.527893,3.056502,0.528609,True
Cs1In1Se2_kesterite,136,1.804355,4.343139,2.538784,False
Cs1In1Se2_stannite,136,1.147113,2.893955,1.746842,False
Cs1In1Te2_kesterite,136,3.516036,5.999153,2.483117,False
Cs1In1Te2_stannite,136,4.325264,3.470194,0.000000,False
Cs2Ba0.5Cd0.5Ge1S4_stannite,536,1.652258,3.264390,1.612132,True
Cs2Ba0.5Cd0.5Ge1Se4_stannite,536,1.485984,2.714990,1.229006,True
Cs2Ba0.5Cd0.5Ge1Te4_stannite,536,1.896256,2.328358,0.432102,True
Cs2Ba0.5Cd0.5Sn1S4_stannite,536,1.653242,2.909132,1.255890,False
Cs2Ba0.5Cd0.5Zr1S4_stannite,520,1.760658,3.515598,1.754940,False
Cs2Ba0.5Cd0.5Zr1Se4_stannite,520,1.642496,2.989906,1.347410,False
Cs2Ba0.5Cd0.5Zr1Te4_stannite,520,3.357001,4.158250,0.801249,False
Cs2Ba0.5Zn0.5Ge1S4_kesterite,536,1.293840,3.783728,2.489888,False
Cs2Ba0.5Zn0.5Ge1S4_stannite,536,1.762084,3.013687,1.251603,True
Cs2Ba0.5Zn0.5Sn1Te4_kesterite,536,1.117249,3.115065,1.997816,False
Cs2Ba0.5Zn0.5Zr1S4_kesterite,520,1.120167,3.876182,2.756015,True
Cs2Ba0.5Zn0.5Zr1Se4_kesterite,520,0.044176,3.019426,2.975250,True
Cs2Ba0.5Zn0.5Zr1Se4_stannite,520,1.563813,2.743980,1.180167,False
Cs2Ba1Ge0.5Zr0.5S4_kesterite,520,1.039318,3.943307,2.903989,True
Cs2Ba1Ge0.5Zr0.5Se4_kesterite,520,0.764982,2.534148,1.769166,True
Cs2Ba1Ge0.5Zr0.5Te4_stannite,520,2.546917,3.912044,1.365127,True
Cs2Ba1Ge1S2Te2_stannite,528,1.049635,2.626992,1.577357,True
Cs2Ba1Ge1S3Se1_stannite,528,0.631307,2.832526,2.201219,False
Cs2Ba1Ge1S4_kesterite,132,1.373944,3.644165,2.270221,True
Cs2Ba1Ge1S4_stannite,132,1.057645,3.359022,2.301377,True
Cs2Ba1Ge1Se3Te1_kesterite,528,1.827751,4.162369,2.334618,False
Cs2Ba1Ge1Se4_kesterite,132,0.916854,2.828721,1.911867,True
Cs2Ba1Ge1Se4_stannite,132,1.106609,2.924650,1.818041,True
Cs2Ba1Ge1Te4_kesterite,132,1.004490,2.603459,1.598969,False
Cs2Ba1Ge1Te4_stannite,132,1.367862,2.223068,0.855206,False
Cs2Ba1Sn0.5Ge0.5S4_kesterite,528,0.943303,3.804475,2.861172,True
Cs2Ba1Sn0.5Ge0.5S4_stannite,528,1.249482,3.739140,2.489658,True
Cs2Ba1Sn0.5Ge0.5Te4_stannite,528,0.491934,2.200857,1.708923,False
Cs2Ba1Sn0.5Zr0.5S4_kesterite,520,1.178962,4.229123,3.050161,True
Cs2Ba1Sn0.5Zr0.5S4_stannite,520,1.369313,4.041289,2.671976,True
Cs2Ba1Sn0.5Zr0.5Se4_kesterite,520,1.336082,3.840793,2.504711,True
Cs2Ba1Sn0.5Zr0.5Se4_stannite,520,1.588748,3.671777,2.083029,True
Cs2Ba1Sn0.5Zr0.5Te4_kesterite,520,3.520077,5.305914,1.785837,True
Cs2Ba1Sn0.5Zr0.5Te4_stannite,520,2.758346,3.907164,1.148818,False
Cs2Ba1Sn1S1Se3_stannite,528,1.376634,3.572291,2.195657,True
Cs2Ba1Sn1S2Se2_stannite,528,1.483701,3.768438,2.284737,True
Cs2Ba1Sn1S2Te2_stannite,528,0.931187,2.619965,1.688778,True
Cs2Ba1Sn1S3Se1_kesterite,528,1.869375,4.880827,3.011452,True
Cs2Ba1Sn1S3Se1_stannite,528,0.705340,3.180548,2.475208,True
Cs2Ba1Sn1S3Te1_stannite,528,1.232600,2.954839,1.722239,True
Cs2Ba1Sn1S4_kesterite,132,1.403578,3.947882,2.544304,True
Cs2Ba1Sn1S4_stannite,132,1.403619,3.517066,2.113447,True
Cs2Ba1Sn1Se3Te1_stannite,528,0.595846,2.170938,1.575092,True
Cs2Ba1Sn1Se4_kesterite,132,1.319443,3.320787,2.001344,True
Cs2Ba1Sn1Se4_stannite,132,1.427135,3.054890,1.627755,True
Cs2Ba1Sn1Te4_kesterite,132,2.612246,3.972447,1.360201,False
Cs2Ba1Sn1Te4_stannite,132,1.346393,2.252170,0.905777,False
Cs2Ba1Zr1S1Se1Te2_stannite,512,1.842582,4.254437,2.411855,False
Cs2Ba1Zr1S1Se2Te1_stannite,512,1.486936,4.150630,2.663694,False
Cs2Ba1Zr1S1Se3_stannite,512,1.050011,4.135454,3.085443,True
Cs2Ba1Zr1S2Se1Te1_stannite,512,0.847646,3.389077,2.541431,True
Cs2Ba1Zr1S2Se2_kesterite,512,0.094976,3.405872,3.310896,True
Cs2Ba1Zr1S2Se2_stannite,512,1.101517,4.324716,3.223199,True
Cs2Ba1Zr1S2Te2_stannite,512,0.752087,3.549017,2.796930,False
Cs2Ba1Zr1S3Se1_stannite,512,1.183717,4.462188,3.278471,True
Cs2Ba1Zr1S3Te1_stannite,512,1.070554,3.531450,2.460896,True
Cs2Ba1Zr1S4_kesterite,512,0.086069,3.752452,3.666383,True
Cs2Ba1Zr1S4_stannite,512,1.248623,4.632053,3.383430,True
Cs2Ba1Zr1Se1Te3_stannite,512,1.028633,3.263605,2.234972,True
Cs2Ba1Zr1Se2Te2_kesterite,512,2.883481,4.597268,1.713787,False
Cs2Ba1Zr1Se2Te2_stannite,512,1.141657,3.475427,2.333770,False
Cs2Ba1Zr1Se3Te1_stannite,512,0.777551,3.342819,2.565268,True
Cs2Ba1Zr1Se4_kesterite,512,1.362629,4.498417,3.135788,False
Cs2Ba1Zr1Se4_stannite,512,1.607731,4.390785,2.783054,True
Cs2Ca0.5Ba0.5Ge1S4_stannite,528,1.536399,3.851883,2.315484,True
Cs2Ca0.5Ba0.5Ge1Se4_stannite,528,1.318354,3.202076,1.883722,True
Cs2Ca0.5Ba0.5Sn1S4_stannite,528,1.501412,4.048715,2.547303,True
Cs2Ca0.5Ba0.5Sn1Se4_stannite,528,1.335618,3.307411,1.971793,True
Cs2Ca0.5Ba0.5Sn1Te4_stannite,528,2.934303,4.104218,1.169915,True
Cs2Ca0.5Ba0.5Zr1S4_stannite,512,1.300621,4.291396,2.990775,False
Cs2Ca0.5Ba0.5Zr1Se4_stannite,512,1.063740,3.627520,2.563780,False
Cs2Ca0.5Ba0.5Zr1Te4_stannite,512,2.520372,4.375967,1.855595,False
Cs2Ca0.5Cd0.5Sn1S4_kesterite,536,1.490211,4.721306,3.231095,False
Cs2Ca0.5Cd0.5Sn1S4_stannite,536,1.916207,3.858712,1.942505,True
Cs2Ca0.5Cd0.5Sn1Se4_stannite,536,1.774623,3.174431,1.399808,True
Cs2Ca0.5Cd0.5Zr1S4_kesterite,520,1.438606,4.778655,3.340049,True
Cs2Ca0.5Cd0.5Zr1S4_stannite,520,1.828629,3.653685,1.825056,False
Cs2Ca0.5Cd0.5Zr1Se4_kesterite,520,1.287531,4.133647,2.846116,True
Cs2Ca0.5Cd0.5Zr1Se4_stannite,520,1.693916,3.096566,1.402650,False
Cs2Ca0.5Cd0.5Zr1Te4_kesterite,520,3.055114,5.127918,2.072804,True
Cs2Ca0.5Cd0.5Zr1Te4_stannite,520,1.282476,2.533563,1.251087,False
Cs2Ca0.5Sr0.5Ge1S4_kesterite,528,1.113387,4.275579,3.162192,True
Cs2Ca0.5Sr0.5Ge1S4_stannite,528,1.531977,3.899627,2.367650,True
Cs2Ca0.5Sr0.5Ge1Te4_stannite,528,2.993854,3.991967,0.998113,True
Cs2Ca0.5Sr0.5Sn1S4_kesterite,528,1.223973,4.495497,3.271524,True
Cs2Ca0.5Sr0.5Sn1S4_stannite,528,1.526212,4.036350,2.510138,True
Cs2Ca0.5Sr0.5Sn1Se4_stannite,528,1.326378,3.281273,1.954895,True
Cs2Ca0.5Sr0.5Zr1S4_kesterite,512,1.003697,4.772430,3.768733,False
Cs2Ca0.5Sr0.5Zr1S4_stannite,512,1.342010,4.391815,3.049805,False
Cs2Ca0.5Sr0.5Zr1Se4_kesterite,512,0.735260,4.101504,3.366244,False
Cs2Ca0.5Sr0.5Zr1Se4_stannite,512,1.082143,3.692270,2.610127,False
Cs2Ca0.5Sr0.5Zr1Te4_stannite,512,2.527578,4.419759,1.892181,False
Cs2Ca0.5Zn0.5Ge1S4_stannite,536,1.753044,3.509500,1.756456,True
Cs2Ca0.5Zn0.5Ge1Te4_stannite,536,2.074520,2.551043,0.476523,True
Cs2Ca0.5Zn0.5Sn1S4_stannite,536,2.053967,3.393336,1.339369,False
Cs2Ca0.5Zn0.5Sn1Se4_stannite,536,0.713145,2.258405,1.545260,True
Cs2Ca0.5Zn0.5Zr1S4_stannite,520,1.226732,2.960882,1.734150,False
Cs2Ca0.5Zn0.5Zr1Se4_kesterite,520,0.265055,3.254373,2.989318,False
Cs2Ca1Ge0.5Zr0.5S4_kesterite,520,1.031324,4.304018,3.272694,True
Cs2Ca1Ge0.5Zr0.5S4_stannite,520,1.374074,3.820010,2.445936,True
Cs2Ca1Ge0.5Zr0.5Te4_kesterite,520,2.176830,4.316377,2.139547,False
Cs2Ca1Ge1S1Te3_stannite,528,1.671477,2.741448,1.069971,True
Cs2Ca1Ge1S2Se1Te1_stannite,528,2.074881,3.058483,0.983602,True
Cs2Ca1Ge1S2Te2_stannite,528,1.729562,3.095404,1.365842,True
Cs2Ca1Ge1S3Te1_stannite,528,2.689404,3.885429,1.196025,True
Cs2Ca1Ge1S4_kesterite,132,0.526938,4.146591,3.619653,True
Cs2Ca1Ge1S4_stannite,132,1.302929,3.428172,2.125243,True
Cs2Ca1Ge1Se1Te3_stannite,528,1.383364,2.509394,1.126030,True
Cs2Ca1Ge1Se4_kesterite,132,0.345512,3.235507,2.889995,True
Cs2Ca1Ge1Se4_stannite,132,1.096780,2.460785,1.364005,True
Cs2Ca1Ge1Te4_kesterite,132,2.235507,3.550084,1.314577,False
Cs2Ca1Ge1Te4_stannite,132,2.448713,3.026753,0.578040,True
Cs2Ca1Sn0.5Ge0.5S4_kesterite,528,1.058812,4.343433,3.284621,True
Cs2Ca1Sn0.5Ge0.5S4_stannite,528,1.454837,3.877935,2.423098,True
Cs2Ca1Sn0.5Ge0.5Se2Te2_stannite,528,1.257760,1.659992,0.402232,True
Cs2Ca1Sn0.5Zr0.5S4_kesterite,520,0.367603,3.929458,3.561855,True
Cs2Ca1Sn0.5Zr0.5S4_stannite,520,1.540932,3.991399,2.450467,True
Cs2Ca1Sn0.5Zr0.5Se4_stannite,520,1.307808,3.220695,1.912887,True
Cs2Ca1Sn0.5Zr0.5Te4_stannite,520,0.918561,2.527492,1.608931,True
Cs2Ca1Sn1S1Se1Te2_stannite,528,1.554773,2.653330,1.098557,True
Cs2Ca1Sn1S1Se2Te1_stannite,528,1.442277,2.669103,1.226826,True
Cs2Ca1Sn1S1Se3_stannite,528,1.416514,3.485221,2.068707,True
Cs2Ca1Sn1S2Se1Te1_stannite,528,2.397541,3.898403,1.500862,False
Cs2Ca1Sn1S2Se2_stannite,528,0.525742,2.822559,2.296817,True
Cs2Ca1Sn1S2Te2_stannite,528,1.539529,3.068596,1.529067,True
Cs2Ca1Sn1S3Se1_stannite,528,1.586672,3.867756,2.281084,True
Cs2Ca1Sn1S3Te1_stannite,528,1.931465,3.172136,1.240671,True
Cs2Ca1Sn1S4_kesterite,132,0.562263,4.366604,3.804341,True
Cs2Ca1Sn1S4_stannite,132,1.278206,3.243917,1.965711,True
Cs2Ca1Sn1Se3Te1_stannite,528,1.956988,3.585785,1.628797,True
Cs2Ca1Sn1Se4_kesterite,132,0.195100,3.359225,3.164125,False
Cs2Ca1Sn1Se4_stannite,132,0.996825,2.355521,1.358696,True
Cs2Ca1Sn1Te4_kesterite,132,2.229021,3.788049,1.559028,False
Cs2Ca1Sn1Te4_stannite,132,4.494657,4.021710,0.000000,False
Cs2Ca1Zr1S1Se1Te2_stannite,512,1.253873,3.363553,2.109680,False
Cs2Ca1Zr1S1Se2Te1_kesterite,512,1.855785,4.139504,2.283719,True
Cs2Ca1Zr1S1Se2Te1_stannite,512,1.442327,3.167485,1.725158,False
Cs2Ca1Zr1S1Se3_stannite,512,1.256661,3.948672,2.692011,True
Cs2Ca1Zr1S1Te3_kesterite,512,2.477319,4.347469,1.870150,True
Cs2Ca1Zr1S1Te3_stannite,512,1.567763,3.611011,2.043248,False
Cs2Ca1Zr1S2Se1Te1_kesterite,512,1.390567,4.429651,3.039084,True
Cs2Ca1Zr1S2Se1Te1_stannite,512,1.096607,3.601396,2.504789,False
Cs2Ca1Zr1S2Se2_stannite,512,1.329256,4.142490,2.813234,True
Cs2Ca1Zr1S2Te2_kesterite,512,0.783312,3.692472,2.909160,True
Cs2Ca1Zr1S2Te2_stannite,512,2.261229,4.539278,2.278049,True
Cs2Ca1Zr1S3Se1_stannite,512,1.390004,4.298862,2.908858,False
Cs2Ca1Zr1S4_kesterite,512,1.078981,4.864311,3.785330,False
Cs2Ca1Zr1S4_stannite,512,1.453159,4.521795,3.068636,True
Cs2Ca1Zr1Se1Te3_stannite,512,1.064268,3.352228,2.287960,True
Cs2Ca1Zr1Se2Te2_stannite,512,1.952312,4.167910,2.215598,True
Cs2Ca1Zr1Se3Te1_stannite,512,1.632167,3.882660,2.250493,False
Cs2Ca1Zr1Se4_kesterite,512,0.821452,4.181104,3.359652,False
Cs2Ca1Zr1Se4_stannite,512,1.201395,3.808553,2.607158,True
Cs2Ca1Zr1Te4_kesterite,512,2.343780,4.790870,2.447090,True
Cs2Ca1Zr1Te4_stannite,512,2.679221,4.494901,1.815680,True
Cs2Cd1Ge0.5Zr0.5S4_stannite,536,1.639902,3.429582,1.789680,True
Cs2Cd1Ge1S1Se3_stannite,544,1.137945,2.711425,1.573480,True
Cs2Cd1Ge1S1Te3_kesterite,544,1.824981,3.661360,1.836379,True
Cs2Cd1Ge1S2Se1Te1_stannite,544,2.818055,3.517594,0.699539,False
Cs2Cd1Ge1S2Se2_stannite,544,1.778741,3.249306,1.470565,True
Cs2Cd1Ge1S2Te2_stannite,544,2.239036,2.919544,0.680508,True
Cs2Cd1Ge1S3Se1_stannite,544,1.746371,3.160974,1.414603,True
Cs2Cd1Ge1S4_kesterite,136,1.419360,4.468614,3.049254,False
Cs2Cd1Ge1S4_stannite,136,1.028673,3.353985,2.325312,False
Cs2Cd1Ge1Se1Te3_kesterite,544,1.829844,3.706684,1.876840,True
Cs2Cd1Ge1Se1Te3_stannite,544,2.092019,2.622006,0.529987,True
Cs2Cd1Ge1Se2Te2_stannite,544,1.824083,2.539252,0.715169,True
Cs2Cd1Ge1Se3Te1_stannite,544,1.946138,2.456533,0.510395,False
Cs2Cd1Ge1Se4_kesterite,136,1.160434,3.572035,2.411601,False
Cs2Cd1Ge1Se4_stannite,136,1.659875,0.867526,0.000000,False
Cs2Cd1Ge1Te4_kesterite,136,2.087640,3.797666,1.710026,False
Cs2Cd1Ge1Te4_stannite,136,3.042249,2.032277,0.000000,False
Cs2Cd1Sn0.5Ge0.5S4_kesterite,544,1.213118,4.219230,3.006112,False
Cs2Cd1Sn0.5Ge0.5S4_stannite,544,1.750084,3.608403,1.858319,True
Cs2Cd1Sn0.5Ge0.5Se4_stannite,544,1.659328,3.016083,1.356755,True
Cs2Cd1Sn0.5Zr0.5S4_stannite,536,2.166896,3.880655,1.713759,True
Cs2Cd1Sn0.5Zr0.5Se4_stannite,536,2.136463,3.286538,1.150075,True
Cs2Cd1Sn1S1Se2Te1_stannite,544,2.091797,2.738098,0.646301,True
Cs2Cd1Sn1S1Se3_stannite,544,2.156344,3.489977,1.333633,True
Cs2Cd1Sn1S2Se2_kesterite,544,1.061028,3.508032,2.447004,True
Cs2Cd1Sn1S2Se2_stannite,544,2.196969,3.651199,1.454230,True
Cs2Cd1Sn1S2Te2_kesterite,544,1.543988,3.524470,1.980482,False
Cs2Cd1Sn1S3Te1_stannite,544,2.629076,3.041799,0.412723,False
Cs2Cd1Sn1S4_kesterite,136,1.652638,4.093026,2.440388,True
Cs2Cd1Sn1S4_stannite,136,1.614693,2.386937,0.772244,True
Cs2Cd1Sn1Se4_kesterite,136,1.283808,3.658072,2.374264,False
Cs2Cd1Sn1Se4_stannite,136,1.214986,1.750172,0.535186,False
Cs2Cd1Sn1Te4_kesterite,136,2.932196,4.937197,2.005001,False
Cs2Cd1Sn1Te4_stannite,136,3.513947,2.533539,0.000000,False
Cs2Cd1Zr1S1Se1Te2_stannite,528,1.764301,2.653923,0.889622,False
Cs2Cd1Zr1S1Se2Te1_stannite,528,1.589803,2.622195,1.032392,False
Cs2Cd1Zr1S1Se3_stannite,528,2.113274,3.438896,1.325622,True
Cs2Cd1Zr1S2Se1Te1_stannite,528,2.894837,3.911097,1.016260,True
Cs2Cd1Zr1S2Te2_kesterite,528,1.432190,3.191825,1.759635,False
Cs2Cd1Zr1S2Te2_stannite,528,1.692517,3.100453,1.407936,True
Cs2Cd1Zr1S3Se1_stannite,528,2.136209,3.693688,1.557479,True
Cs2Cd1Zr1S3Te1_stannite,528,2.140881,3.023249,0.882368,False
Cs2Cd1Zr1S4_kesterite,528,1.519215,4.731354,3.212139,True
Cs2Cd1Zr1S4_stannite,528,2.147157,3.827754,1.680597,True
Cs2Cd1Zr1Se1Te3_stannite,528,2.517661,3.048440,0.530779,False
Cs2Cd1Zr1Se2Te2_stannite,528,1.331155,2.694877,1.363722,True
Cs2Cd1Zr1Se3Te1_stannite,528,1.296595,2.467208,1.170613,False
Cs2Cd1Zr1Se4_kesterite,528,0.682595,3.164717,2.482122,True
Cs2Cd1Zr1Se4_stannite,528,1.085598,2.430030,1.344432,True
Cs2Mg0.5Ba0.5Ge1S4_stannite,496,1.664516,3.566851,1.902335,True
Cs2Mg0.5Ba0.5Sn1S4_stannite,496,1.806125,3.745947,1.939822,True
Cs2Mg0.5Ba0.5Sn1Se4_stannite,496,2.045639,3.298937,1.253298,True
Cs2Mg0.5Ba0.5Sn1Te4_stannite,496,1.269672,2.535834,1.266162,True
Cs2Mg0.5Ba0.5Zr1S4_kesterite,480,0.272933,4.029737,3.756804,True
Cs2Mg0.5Ba0.5Zr1S4_stannite,480,1.679277,3.636468,1.957191,False
Cs2Mg0.5Ba0.5Zr1Se4_stannite,480,1.886656,3.445790,1.559134,False
Cs2Mg0.5Ba0.5Zr1Te4_stannite,480,3.425440,4.478061,1.052621,False
Cs2Mg0.5Ca0.5Ge1S4_kesterite,496,1.261299,4.781773,3.520474,True
Cs2Mg0.5Ca0.5Ge1S4_stannite,496,1.665341,3.883729,2.218388,True
Cs2Mg0.5Ca0.5Ge1Se4_stannite,496,1.490656,3.045051,1.554395,True
Cs2Mg0.5Ca0.5Sn1S1Se3_kesterite,496,0.584821,3.360151,2.775330,False
Cs2Mg0.5Ca0.5Sn1S1Se3_stannite,496,0.844750,2.279893,1.435143,True
Cs2Mg0.5Ca0.5Sn1S4_kesterite,496,1.271371,4.692606,3.421235,False
Cs2Mg0.5Ca0.5Sn1S4_stannite,496,1.697552,3.830162,2.132610,True
Cs2Mg0.5Ca0.5Sn1Se4_stannite,496,1.430847,2.972600,1.541753,True
Cs2Mg0.5Ca0.5Sn1Te4_stannite,496,1.376296,2.590119,1.213823,True
Cs2Mg0.5Ca0.5Zr1S4_kesterite,480,1.161295,4.841956,3.680661,True
Cs2Mg0.5Ca0.5Zr1S4_stannite,480,1.568577,3.847855,2.279278,False
Cs2Mg0.5Ca0.5Zr1Se4_stannite,480,1.254364,3.117063,1.862699,False
Cs2Mg0.5Ca0.5Zr1Te4_stannite,480,2.669453,3.896367,1.226914,False
Cs2Mg0.5Cd0.5Ge1S4_stannite,504,1.833661,3.865390,2.031729,True
Cs2Mg0.5Cd0.5Ge1Se4_stannite,504,1.319781,2.552463,1.232682,True
Cs2Mg0.5Cd0.5Ge1Te4_stannite,504,2.001175,2.772343,0.771168,True
Cs2Mg0.5Cd0.5Sn1S4_kesterite,504,1.224591,4.406444,3.181853,False
Cs2Mg0.5Cd0.5Sn1S4_stannite,504,2.014316,3.952312,1.937996,True
Cs2Mg0.5Cd0.5Sn1Se4_kesterite,504,0.693610,3.452444,2.758834,False
Cs2Mg0.5Cd0.5Sn1Te4_stannite,504,1.903783,2.894167,0.990384,True
Cs2Mg0.5Cd0.5Zr1S4_kesterite,488,1.436437,4.725638,3.289201,True
Cs2Mg0.5Cd0.5Zr1Se4_kesterite,488,1.279997,4.038882,2.758885,True
Cs2Mg0.5Cd0.5Zr1Se4_stannite,488,1.772560,3.172811,1.400251,True
Cs2Mg0.5Cd0.5Zr1Te4_kesterite,488,1.826985,3.788588,1.961603,True
Cs2Mg0.5Cd0.5Zr1Te4_stannite,488,2.339996,3.191795,0.851799,True
Cs2Mg0.5Sr0.5Ge1S4_stannite,496,1.622486,3.720312,2.097826,True
Cs2Mg0.5Sr0.5Ge1Se4_stannite,496,0.695019,2.250987,1.555968,True
Cs2Mg0.5Sr0.5Sn1S4_stannite,496,1.763304,3.863730,2.100426,True
Cs2Mg0.5Sr0.5Sn1Se4_stannite,496,1.988718,3.371928,1.383210,True
Cs2Mg0.5Sr0.5Sn1Te4_kesterite,496,1.752557,3.843803,2.091246,True
Cs2Mg0.5Sr0.5Zr1S4_kesterite,480,0.618767,4.368111,3.749344,True
Cs2Mg0.5Sr0.5Zr1S4_stannite,480,1.046670,3.265376,2.218706,False
Cs2Mg0.5Sr0.5Zr1Se4_kesterite,480,0.286529,3.454358,3.167829,True
Cs2Mg0.5Sr0.5Zr1Se4_stannite,480,1.895070,3.500547,1.605477,False
Cs2Mg0.5Sr0.5Zr1Te4_stannite,480,1.601204,2.930800,1.329596,False
Cs2Mg0.5Zn0.5Ge1S4_kesterite,504,1.487623,5.057033,3.569410,False
Cs2Mg0.5Zn0.5Ge1S4_stannite,504,1.753098,3.679561,1.926463,True
Cs2Mg0.5Zn0.5Ge1Se4_stannite,504,1.657434,3.052963,1.395529,True
Cs2Mg0.5Zn0.5Sn1S4_kesterite,504,1.510031,4.797551,3.287520,False
Cs2Mg0.5Zn0.5Sn1S4_stannite,504,1.908939,3.875910,1.966971,True
Cs2Mg0.5Zn0.5Sn1Se4_kesterite,504,1.348169,3.909111,2.560942,False
Cs2Mg0.5Zn0.5Sn1Se4_stannite,504,1.671523,2.996123,1.324600,True
Cs2Mg0.5Zn0.5Sn1Te4_kesterite,504,2.282524,4.102413,1.819889,False
Cs2Mg0.5Zn0.5Zr1S4_kesterite,488,1.426640,4.657760,3.231120,True
Cs2Mg0.5Zn0.5Zr1S4_stannite,488,1.811432,3.661666,1.850234,True
Cs2Mg0.5Zn0.5Zr1Se4_kesterite,488,1.191023,3.862143,2.671120,True
Cs2Mg0.5Zn0.5Zr1Se4_stannite,488,1.564270,2.985441,1.421171,True
Cs2Mg1Ge0.5Zr0.5S4_kesterite,456,1.175986,4.679986,3.504000,False
Cs2Mg1Ge0.5Zr0.5S4_stannite,456,1.566237,3.788376,2.222139,True
Cs2Mg1Ge0.5Zr0.5Se4_stannite,456,0.918610,2.672854,1.754244,False
Cs2Mg1Ge0.5Zr0.5Te4_stannite,456,1.786664,2.842739,1.056075,True
Cs2Mg1Ge1S1Se3_stannite,464,1.496458,2.912657,1.416199,True
Cs2Mg1Ge1S2Se2_stannite,464,1.812134,3.547072,1.734938,True
Cs2Mg1Ge1S3Se1_stannite,464,1.280551,1.873119,0.592568,False
Cs2Mg1Ge1S3Te1_kesterite,464,1.596493,4.406856,2.810363,False
Cs2Mg1Ge1S3Te1_stannite,464,3.211942,4.012766,0.800824,True
Cs2Mg1Ge1S4_kesterite,116,0.847215,5.083096,4.235881,True
Cs2Mg1Ge1S4_stannite,116,1.679894,3.563837,1.883943,True
Cs2Mg1Ge1Se1Te3_kesterite,464,1.686640,3.691882,2.005242,True
Cs2Mg1Ge1Se1Te3_stannite,464,2.250629,2.794088,0.543459,True
Cs2Mg1Ge1Se2Te2_stannite,464,2.033194,2.725159,0.691965,True
Cs2Mg1Ge1Se4_kesterite,116,0.543507,3.941766,3.398259,False
Cs2Mg1Ge1Se4_stannite,116,1.291453,2.389924,1.098471,True
Cs2Mg1Ge1Te4_kesterite,116,2.469094,4.212178,1.743084,False
Cs2Mg1Ge1Te4_stannite,116,3.007952,2.030578,0.000000,False
Cs2Mg1Sn0.5Ge0.5S4_kesterite,464,1.206059,4.913865,3.707806,True
Cs2Mg1Sn0.5Ge0.5S4_stannite,464,1.645001,3.899340,2.254339,True
Cs2Mg1Sn0.5Ge0.5Se4_kesterite,464,0.951871,3.770726,2.818855,False
Cs2Mg1Sn0.5Ge0.5Te4_kesterite,464,2.566335,4.513458,1.947123,False
Cs2Mg1Sn0.5Zr0.5S4_kesterite,456,1.447832,4.746091,3.298259,True
Cs2Mg1Sn0.5Zr0.5S4_stannite,456,1.772763,3.953663,2.180900,True
Cs2Mg1Sn0.5Zr0.5Se4_kesterite,456,0.523380,3.617246,3.093866,True
Cs2Mg1Sn0.5Zr0.5Se4_stannite,456,1.858413,3.315720,1.457307,True
Cs2Mg1Sn0.5Zr0.5Te4_stannite,456,3.492170,4.338461,0.846291,True
Cs2Mg1Sn1S1Se2Te1_stannite,464,2.724183,3.636142,0.911959,True
Cs2Mg1Sn1S1Se3_kesterite,464,0.868562,3.768068,2.899506,True
Cs2Mg1Sn1S1Se3_stannite,464,1.679775,3.389166,1.709391,True
Cs2Mg1Sn1S2Se1Te1_stannite,464,2.863171,3.603230,0.740059,True
Cs2Mg1Sn1S2Se2_kesterite,464,0.735942,3.978564,3.242622,True
Cs2Mg1Sn1S2Te2_stannite,464,3.017250,3.764124,0.746874,True
Cs2Mg1Sn1S3Se1_stannite,464,2.198443,3.826122,1.627679,True
Cs2Mg1Sn1S3Te1_kesterite,464,1.621785,4.219912,2.598127,False
Cs2Mg1Sn1S3Te1_stannite,464,3.151725,3.918681,0.766956,False
Cs2Mg1Sn1S4_kesterite,116,0.899577,4.831605,3.932028,False
Cs2Mg1Sn1S4_stannite,116,1.657385,3.182780,1.525395,True
Cs2Mg1Sn1Se1Te3_kesterite,464,1.752207,3.908704,2.156497,True
Cs2Mg1Sn1Se3Te1_stannite,464,2.556800,3.599035,1.042235,True
Cs2Mg1Sn1Se4_kesterite,116,1.213218,3.990323,2.777105,False
Cs2Mg1Sn1Se4_stannite,116,1.688701,1.726783,0.038082,True
Cs2Mg1Sn1Te4_stannite,116,3.306697,2.285629,0.000000,False
Cs2Mg1Zr1S1Se1Te2_stannite,448,2.355697,3.702641,1.346944,False
Cs2Mg1Zr1S1Se2Te1_kesterite,448,1.015714,3.705241,2.689527,True
Cs2Mg1Zr1S1Se3_kesterite,448,0.507242,3.693608,3.186366,True
Cs2Mg1Zr1S1Se3_stannite,448,1.431289,3.438636,2.007347,True
Cs2Mg1Zr1S1Te3_stannite,448,2.463888,4.010856,1.546968,True
Cs2Mg1Zr1S2Se1Te1_stannite,448,2.169498,3.825634,1.656136,True
Cs2Mg1Zr1S2Se2_kesterite,448,0.656075,3.947815,3.291740,True
Cs2Mg1Zr1S2Se2_stannite,448,1.522618,3.637162,2.114544,True
Cs2Mg1Zr1S2Te2_stannite,448,2.381018,4.094767,1.713749,True
Cs2Mg1Zr1S3Se1_kesterite,448,1.480916,4.672120,3.191204,True
Cs2Mg1Zr1S3Se1_stannite,448,1.639764,3.814313,2.174549,True
Cs2Mg1Zr1S3Te1_stannite,448,2.441131,4.012855,1.571724,True
Cs2Mg1Zr1S4_kesterite,448,1.310881,4.916784,3.605903,True
Cs2Mg1Zr1S4_stannite,448,1.706460,4.000703,2.294243,True
Cs2Mg1Zr1Se1Te3_stannite,448,1.634103,3.215376,1.581273,True
Cs2Mg1Zr1Se2Te2_kesterite,448,1.117946,3.529074,2.411128,True
Cs2Mg1Zr1Se2Te2_stannite,448,2.815129,4.092496,1.277367,True
Cs2Mg1Zr1Se3Te1_stannite,448,2.413697,3.810892,1.397195,True
Cs2Mg1Zr1Se4_kesterite,448,1.461184,4.499449,3.038265,True
Cs2Mg1Zr1Se4_stannite,448,1.960586,3.590972,1.630386,True
Cs2Mg1Zr1Te4_kesterite,448,3.117895,5.194229,2.076334,True
Cs2Mg1Zr1Te4_stannite,448,3.524483,4.502504,0.978021,True
Cs2Sr0.5Ba0.5Ge1S4_stannite,528,1.456604,3.817479,2.360875,True
Cs2Sr0.5Ba0.5Ge1Se4_stannite,528,1.336344,3.201169,1.864825,True
Cs2Sr0.5Ba0.5Ge1Te4_stannite,528,1.192169,2.509275,1.317106,False
Cs2Sr0.5Ba0.5Sn1S4_kesterite,528,1.253189,4.322690,3.069501,True
Cs2Sr0.5Ba0.5Sn1S4_stannite,528,1.540948,4.114298,2.573350,True
Cs2Sr0.5Ba0.5Zr1S4_kesterite,512,1.024857,4.740062,3.715205,True
Cs2Sr0.5Ba0.5Zr1S4_stannite,512,1.297659,4.571294,3.273635,False
Cs2Sr0.5Ba0.5Zr1Se4_kesterite,512,1.332074,4.500257,3.168183,False
Cs2Sr0.5Ba0.5Zr1Se4_stannite,512,1.659870,4.332034,2.672164,False
Cs2Sr0.5Cd0.5Ge1S4_kesterite,536,1.235327,4.533521,3.298194,True
Cs2Sr0.5Cd0.5Ge1S4_stannite,536,0.702983,3.013501,2.310518,False
Cs2Sr0.5Cd0.5Ge1Se4_stannite,536,0.557427,2.079273,1.521846,True
Cs2Sr0.5Cd0.5Sn1S4_stannite,536,1.842021,3.711931,1.869910,True
Cs2Sr0.5Cd0.5Sn1Se4_stannite,536,1.696941,3.093975,1.397034,True
Cs2Sr0.5Cd0.5Zr1S4_stannite,520,1.763082,3.565136,1.802054,False
Cs2Sr0.5Cd0.5Zr1Te4_stannite,520,3.342635,4.178871,0.836236,False
Cs2Sr0.5Zn0.5Ge1S4_stannite,536,0.914789,3.166918,2.252129,False
Cs2Sr0.5Zn0.5Ge1Se4_stannite,536,0.851874,2.071217,1.219343,True
Cs2Sr0.5Zn0.5Sn1S4_stannite,536,1.811767,3.353100,1.541333,True
Cs2Sr0.5Zn0.5Sn1Se4_kesterite,536,0.238151,2.934152,2.696001,False
Cs2Sr0.5Zn0.5Zr1S4_stannite,520,1.792417,3.381525,1.589108,False
Cs2Sr0.5Zn0.5Zr1Se4_stannite,520,1.527695,2.796232,1.268537,False
Cs2Sr1Ge0.5Zr0.5S4_kesterite,520,0.960931,4.096790,3.135859,True
Cs2Sr1Ge0.5Zr0.5S4_stannite,520,1.236144,3.759317,2.523173,True
Cs2Sr1Ge0.5Zr0.5Se4_kesterite,520,0.743357,3.349756,2.606399,True
Cs2Sr1Ge0.5Zr0.5Se4_stannite,520,1.058326,3.076499,2.018173,True
Cs2Sr1Ge0.5Zr0.5Te4_stannite,520,0.955134,2.382020,1.426886,True
Cs2Sr1Ge1S4_kesterite,132,0.370972,3.894586,3.523614,True
Cs2Sr1Ge1S4_stannite,132,1.135384,3.361887,2.226503,True
Cs2Sr1Ge1Se2Te2_stannite,528,0.688083,2.344580,1.656497,True
Cs2Sr1Ge1Se3Te1_stannite,528,0.971604,2.234836,1.263232,True
Cs2Sr1Ge1Se4_kesterite,132,0.189253,3.003253,2.814000,True
Cs2Sr1Ge1Se4_stannite,132,0.950246,2.487346,1.537100,True
Cs2Sr1Ge1Te4_kesterite,132,2.081521,3.357928,1.276407,False
Cs2Sr1Ge1Te4_stannite,132,2.315282,3.081495,0.766213,True
Cs2Sr1Sn0.5Ge0.5S4_kesterite,528,0.937047,4.103875,3.166828,True
Cs2Sr1Sn0.5Ge0.5S4_stannite,528,1.307714,3.814334,2.506620,True
Cs2Sr1Sn0.5Ge0.5Se4_kesterite,528,0.749699,3.335284,2.585585,True
Cs2Sr1Sn0.5Ge0.5Se4_stannite,528,0.257553,2.154560,1.897007,False
Cs2Sr1Sn0.5Zr0.5S4_kesterite,520,1.124422,4.335490,3.211068,True
Cs2Sr1Sn0.5Zr0.5S4_stannite,520,1.463124,4.022415,2.559291,True
Cs2Sr1Sn0.5Zr0.5Se4_kesterite,520,-0.068872,2.660901,2.729773,True
Cs2Sr1Sn0.5Zr0.5Se4_stannite,520,1.650086,3.615981,1.965895,True
Cs2Sr1Sn1S1Se2Te1_stannite,528,2.187988,3.790070,1.602082,True
Cs2Sr1Sn1S2Se2_stannite,528,1.489636,3.756753,2.267117,True
Cs2Sr1Sn1S3Se1_stannite,528,1.495034,3.925966,2.430932,True
Cs2Sr1Sn1S3Te1_stannite,528,2.492145,4.170538,1.678393,True
Cs2Sr1Sn1S4_kesterite,132,0.459653,4.179346,3.719693,True
Cs2Sr1Sn1S4_stannite,132,1.460250,3.319966,1.859716,True
Cs2Sr1Sn1Se3Te1_stannite,528,2.389954,3.979973,1.590019,True
Cs2Sr1Sn1Se4_kesterite,132,0.370509,3.461983,3.091474,True
Cs2Sr1Sn1Se4_stannite,132,1.137006,2.718350,1.581344,True
Cs2Sr1Sn1Te4_kesterite,132,2.495628,3.862608,1.366980,False
Cs2Sr1Sn1Te4_stannite,132,2.781752,3.686187,0.904435,True
Cs2Sr1Zr1S1Se1Te2_stannite,512,1.031548,3.200721,2.169173,False
Cs2Sr1Zr1S1Se2Te1_stannite,512,1.635577,4.139662,2.504085,False
Cs2Sr1Zr1S1Se3_stannite,512,1.129391,4.092261,2.962870,False
Cs2Sr1Zr1S1Te3_stannite,512,2.195313,4.559958,2.364645,False
Cs2Sr1Zr1S2Se2_kesterite,512,0.937675,4.418100,3.480425,True
Cs2Sr1Zr1S2Se2_stannite,512,1.181906,4.294806,3.112900,False
Cs2Sr1Zr1S2Te2_stannite,512,1.072264,3.552632,2.480368,False
Cs2Sr1Zr1S3Se1_stannite,512,1.260128,4.419391,3.159263,False
Cs2Sr1Zr1S3Te1_stannite,512,2.053129,4.478408,2.425279,False
Cs2Sr1Zr1S4_kesterite,512,0.392189,4.311266,3.919077,True
Cs2Sr1Zr1S4_stannite,512,0.874320,3.763882,2.889562,True
Cs2Sr1Zr1Se2Te2_kesterite,512,2.843841,4.676641,1.832800,False
Cs2Sr1Zr1Se3Te1_stannite,512,2.151920,4.536728,2.384808,False
Cs2Sr1Zr1Se4_kesterite,512,0.399395,3.873428,3.474033,True
Cs2Sr1Zr1Se4_stannite,512,0.819528,3.471521,2.651993,True
Cs2Sr1Zr1Te4_kesterite,512,3.003374,5.335568,2.332194,False
Cs2Zn0.5Cd0.5Ge1S4_stannite,544,1.459960,3.611125,2.151165,True
Cs2Zn0.5Cd0.5Ge1Se4_stannite,544,1.113970,2.487682,1.373712,True
Cs2Zn0.5Cd0.5Sn1S4_stannite,544,1.287186,3.486908,2.199722,False
Cs2Zn0.5Cd0.5Sn1Se4_stannite,544,1.532882,2.413835,0.880953,True
Cs2Zn0.5Cd0.5Zr1S4_kesterite,528,1.164294,3.810137,2.645843,True
Cs2Zn0.5Cd0.5Zr1S4_stannite,528,2.110124,3.716083,1.605959,True
Cs2Zn0.5Cd0.5Zr1Se4_stannite,528,2.002266,3.161073,1.158807,True
Cs2Zn1Ge0.5Zr0.5S4_stannite,536,1.355328,3.538934,2.183606,False
Cs2Zn1Ge0.5Zr0.5Se4_stannite,536,1.909766,2.963633,1.053867,True
Cs2Zn1Ge0.5Zr0.5Te4_stannite,536,2.253634,2.900205,0.646571,True
Cs2Zn1Ge1S1Se2Te1_stannite,544,3.619026,3.301887,0.000000,False
Cs2Zn1Ge1S2Se1Te1_stannite,544,3.401391,3.399824,0.000000,False
Cs2Zn1Ge1S2Se2_kesterite,544,1.639846,4.609486,2.969640,False
Cs2Zn1Ge1S2Te2_kesterite,544,2.087981,2.768493,0.680512,False
Cs2Zn1Ge1S3Se1_stannite,544,1.967038,3.703647,1.736609,True
Cs2Zn1Ge1S3Te1_stannite,544,3.916313,3.549328,0.000000,False
Cs2Zn1Ge1S4_kesterite,136,1.676035,4.885694,3.209659,False
Cs2Zn1Ge1S4_stannite,136,1.771312,2.884711,1.113399,True
Cs2Zn1Ge1Se1Te3_stannite,544,2.424331,2.819064,0.394733,False
Cs2Zn1Ge1Se4_kesterite,136,0.948427,3.966779,3.018352,True
Cs2Zn1Ge1Se4_stannite,136,1.675009,0.902018,0.000000,False
Cs2Zn1Ge1Te4_kesterite,136,2.487430,4.155382,1.667952,False
Cs2Zn1Ge1Te4_stannite,136,2.891360,2.829409,0.000000,False
Cs2Zn1Sn0.5Ge0.5S4_kesterite,544,1.386516,5.037002,3.650486,False
Cs2Zn1Sn0.5Ge0.5S4_stannite,544,1.645729,3.689733,2.044004,True
Cs2Zn1Sn0.5Ge0.5Se4_stannite,544,1.242292,2.642176,1.399884,True
Cs2Zn1Sn0.5Zr0.5S4_stannite,536,2.011441,3.794668,1.783227,True
Cs2Zn1Sn0.5Zr0.5Se4_stannite,536,1.447081,2.637357,1.190276,True
Cs2Zn1Sn1S1Se1Te2_kesterite,544,1.770238,3.981941,2.211703,True
Cs2Zn1Sn1S1Se1Te2_stannite,544,2.953428,3.142271,0.188843,True
Cs2Zn1Sn1S1Se3_kesterite,544,1.297242,4.011119,2.713877,False
Cs2Zn1Sn1S1Se3_stannite,544,2.029172,3.267681,1.238509,True
Cs2Zn1Sn1S2Se1Te1_stannite,544,3.171729,3.669493,0.497764,True
Cs2Zn1Sn1S2Se2_stannite,544,1.985643,3.571899,1.586256,True
Cs2Zn1Sn1S2Te2_stannite,544,2.667385,3.356979,0.689594,False
Cs2Zn1Sn1S3Se1_stannite,544,2.719238,3.716788,0.997550,True
Cs2Zn1Sn1S4_kesterite,136,1.907817,4.812963,2.905146,True
Cs2Zn1Sn1S4_stannite,136,1.802752,2.825031,1.022279,True
Cs2Zn1Sn1Se1Te3_kesterite,544,2.102081,4.140480,2.038399,True
Cs2Zn1Sn1Se2Te2_stannite,544,2.353640,2.765338,0.411698,True
Cs2Zn1Sn1Se4_kesterite,136,1.595425,3.904710,2.309285,True
Cs2Zn1Sn1Se4_stannite,136,1.694722,1.036954,0.000000,False
Cs2Zn1Sn1Te4_kesterite,136,2.480563,4.311872,1.831309,False
Cs2Zn1Sn1Te4_stannite,136,3.256017,2.354992,0.000000,False
Cs2Zn1Zr1S1Se1Te2_stannite,528,1.922252,2.914555,0.992303,False
Cs2Zn1Zr1S1Se2Te1_stannite,528,2.181712,2.864495,0.682783,True
Cs2Zn1Zr1S1Se3_kesterite,528,0.694660,3.317483,2.622823,True
Cs2Zn1Zr1S1Se3_stannite,528,1.914554,3.219966,1.305412,True
Cs2Zn1Zr1S2Se1Te1_stannite,528,2.353331,3.172879,0.819548,True
Cs2Zn1Zr1S2Se2_stannite,528,1.969161,3.380201,1.411040,True
Cs2Zn1Zr1S2Te2_stannite,528,2.255199,3.375412,1.120213,True
Cs2Zn1Zr1S3Se1_stannite,528,2.021746,3.522744,1.500998,True
Cs2Zn1Zr1S3Te1_stannite,528,2.815292,3.792065,0.976773,True
Cs2Zn1Zr1S4_kesterite,528,1.634169,4.587889,2.953720,True
Cs2Zn1Zr1S4_stannite,528,2.051853,3.698800,1.646947,True
Cs2Zn1Zr1Se2Te2_stannite,528,1.749837,2.880624,1.130787,True
Cs2Zn1Zr1Se3Te1_stannite,528,2.383599,3.358358,0.974759,True
Cs2Zn1Zr1Se4_kesterite,528,1.457243,3.878047,2.420804,True
Cs2Zn1Zr1Se4_stannite,528,1.783674,3.063466,1.279792,True
Cs2Zn1Zr1Te4_kesterite,528,3.279091,4.813621,1.534530,True
Cs2Zn1Zr1Te4_stannite,528,1.834192,2.950585,1.116393,True
Cu0.5Ag0.5Al0.5In0.5S1Se1_kesterite,496,3.974336,5.468065,1.493729,True
Cu0.5Ag0.5Al0.5In0.5S1Se1_stannite,496,3.896423,5.317752,1.421329,True
Cu0.5Ag0.5Al0.5In0.5S1Te1_stannite,496,5.210106,5.622396,0.412290,True
Cu0.5Ag0.5Al0.5In0.5S2_stannite,496,4.726142,6.118098,1.391956,True
Cu0.5Ag0.5Al0.5In0.5Se2_kesterite,496,3.525882,4.732836,1.206954,True
Cu0.5Ag0.5Al1S1Te1_stannite,416,5.268466,6.134079,0.865613,True
Cu0.5Ag0.5Al1S2_kesterite,416,3.973462,7.080163,3.106701,True
Cu0.5Ag0.5Al1S2_stannite,416,4.887092,6.995988,2.108896,True
Cu0.5Ag0.5Al1Se1Te1_stannite,416,4.526746,5.496048,0.969302,True
Cu0.5Ag0.5Al1Se2_stannite,416,3.723242,5.233619,1.510377,True
Cu0.5Ag0.5Al1Te2_kesterite,416,4.633601,6.448343,1.814742,True
Cu0.5Ag0.5Al1Te2_stannite,416,4.833462,6.111820,1.278358,True
Cu0.5Ag0.5Ga0.5In0.5S2_kesterite,576,2.308361,3.027313,0.718952,False
Cu0.5Ag0.5Ga0.5In0.5S2_stannite,576,4.356035,5.812563,1.456528,True
Cu0.5Ag0.5Ga0.5In0.5Te2_kesterite,576,4.802934,5.674196,0.871262,True
Cu0.5Ag0.5Ga0.5In0.5Te2_stannite,576,4.848292,5.314082,0.465790,True
Cu0.5Ag0.5Ga1S1Te1_kesterite,576,4.660734,5.883093,1.222359,True
Cu0.5Ag0.5Ga1S1Te1_stannite,576,5.134218,5.286834,0.152616,True
Cu0.5Ag0.5Ga1S2_stannite,576,4.550352,6.028116,1.477764,True
Cu0.5Ag0.5Ga1Se2_stannite,576,3.457736,4.289502,0.831766,True
Cu0.5Ag0.5Ga1Te2_kesterite,576,4.717704,5.749811,1.032107,True
Cu0.5Ag0.5Ga1Te2_stannite,576,4.883552,5.245839,0.362287,True
Cu0.5Ag0.5In1S2_kesterite,576,4.594226,5.632773,1.038547,True
Cu0.5Ag0.5In1S2_stannite,576,3.534131,3.514123,0.000000,False
Cu0.5Ag0.5In1Se1Te1_kesterite,576,4.362379,4.948526,0.586147,True
Cu0.5Ag0.5In1Se1Te1_stannite,576,4.425980,4.736215,0.310235,True
Cu0.5Ag0.5In1Se2_kesterite,576,3.509336,4.270476,0.761140,True
Cu0.5Ag0.5In1Se2_stannite,576,3.676606,4.129288,0.452682,True
Cu0.5Ag0.5In1Te2_kesterite,576,4.829984,5.604519,0.774535,True
Cu0.5Ag0.5In1Te2_stannite,576,4.803920,5.350184,0.546264,True
Cu0.5Ag1.5Ba1Ge1Se4_kesterite,560,2.609240,3.789045,1.179805,False
Cu0.5Ag1.5Ba1Sn1Se4_kesterite,560,2.742246,3.852485,1.110239,False
Cu0.5Ag1.5Ba1Zr1S4_kesterite,544,3.693185,4.978089,1.284904,False
Cu0.5Ag1.5Ba1Zr1Se4_kesterite,544,2.688211,4.440179,1.751968,False
Cu0.5Ag1.5Ba1Zr1Te4_kesterite,544,4.333447,5.588608,1.255161,False
Cu0.5Ag1.5Ca1Ge1S4_kesterite,560,6.013422,5.307102,0.000000,False
Cu0.5Ag1.5Ca1Ge1Se4_stannite,560,2.592439,4.389975,1.797536,True
Cu0.5Ag1.5Ca1Ge1Te4_stannite,560,3.744598,5.061257,1.316659,True
Cu0.5Ag1.5Ca1Sn1S4_stannite,560,5.709478,5.595720,0.000000,False
Cu0.5Ag1.5Ca1Sn1Se4_kesterite,560,2.820802,4.112315,1.291513,True
Cu0.5Ag1.5Ca1Sn1Se4_stannite,560,2.766701,4.225494,1.458793,True
Cu0.5Ag1.5Ca1Sn1Te4_kesterite,560,4.694962,5.799866,1.104904,True
Cu0.5Ag1.5Ca1Sn1Te4_stannite,560,3.893747,5.085599,1.191852,True
Cu0.5Ag1.5Ca1Zr1S4_stannite,544,3.574728,5.745388,2.170660,True
Cu0.5Ag1.5Ca1Zr1Se4_kesterite,544,1.963151,4.333708,2.370557,True
Cu0.5Ag1.5Ca1Zr1Se4_stannite,544,2.736556,4.702772,1.966216,True
Cu0.5Ag1.5Ca1Zr1Te4_stannite,544,4.312476,5.634815,1.322339,True
Cu0.5Ag1.5Cd1Ge1S4_kesterite,576,3.419027,5.092262,1.673235,True
Cu0.5Ag1.5Cd1Ge1S4_stannite,576,3.351355,4.967495,1.616140,True
Cu0.5Ag1.5Cd1Ge1Se4_kesterite,576,2.893703,3.849321,0.955618,True
Cu0.5Ag1.5Cd1Ge1Se4_stannite,576,3.049226,3.719894,0.670668,True
Cu0.5Ag1.5Cd1Ge1Te4_kesterite,576,5.031834,5.833469,0.801635,True
Cu0.5Ag1.5Cd1Ge1Te4_stannite,576,5.126863,5.683567,0.556704,True
Cu0.5Ag1.5Cd1Sn1S4_kesterite,576,3.785321,4.954585,1.169264,True
Cu0.5Ag1.5Cd1Sn1S4_stannite,576,3.844553,4.859181,1.014628,True
Cu0.5Ag1.5Cd1Sn1Se4_kesterite,576,3.205420,3.951487,0.746067,True
Cu0.5Ag1.5Cd1Sn1Se4_stannite,576,3.227221,3.866843,0.639622,True
Cu0.5Ag1.5Cd1Sn1Te4_kesterite,576,5.404281,6.198517,0.794236,True
Cu0.5Ag1.5Cd1Zr1S4_stannite,560,3.789901,5.380950,1.591049,True
Cu0.5Ag1.5Cd1Zr1Se4_kesterite,560,4.729451,4.657577,0.000000,False
Cu0.5Ag1.5Cd1Zr1Se4_stannite,560,2.943967,4.489382,1.545415,False
Cu0.5Ag1.5Cd1Zr1Te4_kesterite,560,4.753750,5.777950,1.024200,True
Cu0.5Ag1.5Mg1Ge1S4_kesterite,496,6.128496,6.178034,0.049538,False
Cu0.5Ag1.5Mg1Ge1S4_stannite,496,3.522659,5.511526,1.988867,True
Cu0.5Ag1.5Mg1Ge1Se4_kesterite,496,2.870583,4.252654,1.382071,True
Cu0.5Ag1.5Mg1Ge1Se4_stannite,496,2.907134,4.078615,1.171481,True
Cu0.5Ag1.5Mg1Ge1Te4_kesterite,496,4.681939,5.659523,0.977584,True
Cu0.5Ag1.5Mg1Ge1Te4_stannite,496,4.919902,5.680010,0.760108,True
Cu0.5Ag1.5Mg1Sn1S4_kesterite,496,3.409900,5.392223,1.982323,False
Cu0.5Ag1.5Mg1Sn1S4_stannite,496,4.000688,5.271501,1.270813,True
Cu0.5Ag1.5Mg1Sn1Se4_kesterite,496,3.101125,4.179597,1.078472,True
Cu0.5Ag1.5Mg1Sn1Se4_stannite,496,3.075055,4.037143,0.962088,True
Cu0.5Ag1.5Mg1Sn1Te4_kesterite,496,4.844449,5.895679,1.051230,True
Cu0.5Ag1.5Mg1Sn1Te4_stannite,496,4.995669,5.754666,0.758997,True
Cu0.5Ag1.5Mg1Zr1S4_stannite,480,4.023766,5.881926,1.858160,True
Cu0.5Ag1.5Mg1Zr1Se4_kesterite,480,4.978055,4.902344,0.000000,False
Cu0.5Ag1.5Mg1Zr1Se4_stannite,480,2.577817,4.808056,2.230239,True
Cu0.5Ag1.5Mg1Zr1Te4_kesterite,480,4.121612,5.680780,1.559168,True
Cu0.5Ag1.5Mg1Zr1Te4_stannite,480,4.399232,5.751068,1.351836,True
Cu0.5Ag1.5Sr1Sn1Se4_kesterite,560,2.711804,3.891311,1.179507,True
Cu0.5Ag1.5Sr1Sn1Te4_stannite,560,4.558091,5.955559,1.397468,True
Cu0.5Ag1.5Zn0.5Cd0.5Ge1S3Te1_kesterite,576,4.239366,5.292866,1.053500,True
Cu0.5Ag1.5Zn1Ge1S4_stannite,576,3.949239,5.464952,1.515713,True
Cu0.5Ag1.5Zn1Ge1Se4_kesterite,576,2.919472,4.195789,1.276317,True
Cu0.5Ag1.5Zn1Ge1Se4_stannite,576,3.313809,3.918098,0.604289,True
Cu0.5Ag1.5Zn1Ge1Te4_kesterite,576,5.075449,5.949234,0.873785,True
Cu0.5Ag1.5Zn1Ge1Te4_stannite,576,5.277756,5.528146,0.250390,True
Cu0.5Ag1.5Zn1Sn1S4_kesterite,576,4.049582,5.420706,1.371124,True
Cu0.5Ag1.5Zn1Sn1S4_stannite,576,4.048254,5.266854,1.218600,True
Cu0.5Ag1.5Zn1Sn1Se4_kesterite,576,3.236113,4.180407,0.944294,True
Cu0.5Ag1.5Zn1Sn1Se4_stannite,576,3.396506,3.984769,0.588263,True
Cu0.5Ag1.5Zn1Sn1Te4_kesterite,576,5.341233,6.235594,0.894361,True
Cu0.5Ag1.5Zn1Sn1Te4_stannite,576,5.453130,5.836708,0.383578,True
Cu0.5Ag1.5Zn1Zr1S4_kesterite,560,5.883806,5.661963,0.000000,False
Cu0.5Ag1.5Zn1Zr1S4_stannite,560,4.113285,5.651363,1.538078,False
Cu0.5Ag1.5Zn1Zr1Se4_kesterite,560,4.890955,4.682658,0.000000,False
Cu0.5Ag1.5Zn1Zr1Se4_stannite,560,2.813966,4.544166,1.730200,False
Cu0.5Ag1.5Zn1Zr1Te4_kesterite,560,4.732175,5.728305,0.996130,True
Cu0.5Ag1.5Zn1Zr1Te4_stannite,560,4.685322,5.702103,1.016781,True
Cu1.5Ag0.5Ba1Ge1S4_kesterite,560,5.558665,4.927305,0.000000,False
Cu1.5Ag0.5Ba1Ge1S4_stannite,560,4.074338,6.022280,1.947942,True
Cu1.5Ag0.5Ba1Ge1Se4_kesterite,560,2.906373,3.789312,0.882939,False
Cu1.5Ag0.5Ba1Ge1Te4_kesterite,560,4.783111,4.969064,0.185953,False
Cu1.5Ag0.5Ba1Sn1S4_kesterite,560,5.117673,4.307150,0.000000,False
Cu1.5Ag0.5Ba1Sn1Se4_kesterite,560,3.025344,4.052142,1.026798,True
Cu1.5Ag0.5Ba1Sn1Se4_stannite,560,3.684455,4.475470,0.791015,True
Cu1.5Ag0.5Ba1Sn1Te4_kesterite,560,5.220552,5.748348,0.527796,True
Cu1.5Ag0.5Ba1Sn1Te4_stannite,560,5.132544,6.354195,1.221651,True
Cu1.5Ag0.5Ba1Zr1S4_kesterite,544,3.449055,4.944589,1.495534,True
Cu1.5Ag0.5Ba1Zr1S4_stannite,544,4.371419,6.173340,1.801921,True
Cu1.5Ag0.5Ba1Zr1Se4_kesterite,544,3.194800,4.522650,1.327850,True
Cu1.5Ag0.5Ba1Zr1Te4_stannite,544,4.874412,5.858701,0.984289,True
Cu1.5Ag0.5Ca0.5Zn0.5Ge1S1Se2Te1_kesterite,568,3.588716,4.542305,0.953589,True
Cu1.5Ag0.5Ca0.5Zn0.5Ge1S1Se2Te1_stannite,568,3.568433,4.581491,1.013058,True
Cu1.5Ag0.5Ca1Ge1Se4_kesterite,560,2.574025,3.871420,1.297395,True
Cu1.5Ag0.5Ca1Ge1Se4_stannite,560,2.791812,4.644759,1.852947,True
Cu1.5Ag0.5Ca1Ge1Te4_kesterite,560,4.774048,5.513267,0.739219,True
Cu1.5Ag0.5Ca1Ge1Te4_stannite,560,4.864479,6.068566,1.204087,True
Cu1.5Ag0.5Ca1Sn1S4_kesterite,560,3.480292,5.270487,1.790195,True
Cu1.5Ag0.5Ca1Sn1S4_stannite,560,4.890374,5.750775,0.860401,True
Cu1.5Ag0.5Ca1Sn1Se4_kesterite,560,2.833049,3.784427,0.951378,True
Cu1.5Ag0.5Ca1Sn1Se4_stannite,560,2.686958,4.074764,1.387806,True
Cu1.5Ag0.5Ca1Sn1Te4_kesterite,560,5.219554,6.076330,0.856776,True
Cu1.5Ag0.5Ca1Sn1Te4_stannite,560,5.127366,6.382234,1.254868,True
Cu1.5Ag0.5Ca1Zr1S4_kesterite,544,5.838366,5.532077,0.000000,False
Cu1.5Ag0.5Ca1Zr1S4_stannite,544,3.756370,5.841516,2.085146,True
Cu1.5Ag0.5Ca1Zr1Se4_kesterite,544,3.178218,4.703563,1.525345,False
Cu1.5Ag0.5Ca1Zr1Se4_stannite,544,2.433919,4.560087,2.126168,True
Cu1.5Ag0.5Ca1Zr1Te4_stannite,544,4.861500,5.925489,1.063989,True
Cu1.5Ag0.5Cd1Ge1S4_kesterite,576,3.512860,5.398902,1.886042,True
Cu1.5Ag0.5Cd1Ge1S4_stannite,576,3.906640,5.338928,1.432288,True
Cu1.5Ag0.5Cd1Ge1Se4_kesterite,576,3.093540,4.029738,0.936198,True
Cu1.5Ag0.5Cd1Ge1Se4_stannite,576,3.129133,3.952963,0.823830,True
Cu1.5Ag0.5Cd1Ge1Te4_kesterite,576,4.427455,4.825764,0.398309,True
Cu1.5Ag0.5Cd1Ge1Te4_stannite,576,4.400500,4.814066,0.413566,True
Cu1.5Ag0.5Cd1Sn1S4_kesterite,576,4.157274,5.263036,1.105762,True
Cu1.5Ag0.5Cd1Sn1S4_stannite,576,4.206033,5.237468,1.031435,True
Cu1.5Ag0.5Cd1Sn1Se4_kesterite,576,3.552085,4.219671,0.667586,True
Cu1.5Ag0.5Cd1Sn1Se4_stannite,576,3.571209,4.170404,0.599195,True
Cu1.5Ag0.5Cd1Sn1Te4_kesterite,576,5.776177,6.409700,0.633523,True
Cu1.5Ag0.5Cd1Sn1Te4_stannite,576,5.745430,6.418018,0.672588,True
Cu1.5Ag0.5Cd1Zr1S4_stannite,560,3.938236,5.593545,1.655309,True
Cu1.5Ag0.5Cd1Zr1Se4_stannite,560,3.191857,4.682650,1.490793,True
Cu1.5Ag0.5Cd1Zr1Te4_kesterite,560,5.019601,6.116470,1.096869,True
Cu1.5Ag0.5Cd1Zr1Te4_stannite,560,4.014121,4.952432,0.938311,True
Cu1.5Ag0.5Mg0.5Ca0.5Sn0.5Ge0.5S1Se2Te1_kesterite,528,3.938311,4.685580,0.747269,True
Cu1.5Ag0.5Mg1Ge1S4_kesterite,496,3.915745,5.991259,2.075514,True
Cu1.5Ag0.5Mg1Ge1S4_stannite,496,4.040453,5.900470,1.860017,True
Cu1.5Ag0.5Mg1Ge1Se4_kesterite,496,2.934446,4.423557,1.489111,True
Cu1.5Ag0.5Mg1Ge1Se4_stannite,496,3.110443,4.365584,1.255141,True
Cu1.5Ag0.5Mg1Ge1Te4_kesterite,496,5.038705,5.808694,0.769989,True
Cu1.5Ag0.5Mg1Ge1Te4_stannite,496,5.038127,5.847833,0.809706,True
Cu1.5Ag0.5Mg1Sn1S4_kesterite,496,3.954671,5.739535,1.784864,True
Cu1.5Ag0.5Mg1Sn1S4_stannite,496,4.067786,5.679089,1.611303,True
Cu1.5Ag0.5Mg1Sn1Se4_kesterite,496,3.450503,4.445529,0.995026,True
Cu1.5Ag0.5Mg1Sn1Se4_stannite,496,3.411824,4.436071,1.024247,True
Cu1.5Ag0.5Mg1Sn1Te4_kesterite,496,5.418123,6.258504,0.840381,True
Cu1.5Ag0.5Mg1Sn1Te4_stannite,496,5.395065,6.300855,0.905790,True
Cu1.5Ag0.5Mg1Zr1S4_kesterite,480,6.119578,6.001995,0.000000,False
Cu1.5Ag0.5Mg1Zr1S4_stannite,480,4.043416,6.004970,1.961554,True
Cu1.5Ag0.5Mg1Zr1Se4_kesterite,480,2.955552,4.778605,1.823053,True
Cu1.5Ag0.5Mg1Zr1Se4_stannite,480,3.250219,4.897187,1.646968,True
Cu1.5Ag0.5Mg1Zr1Te4_kesterite,480,4.541825,6.046406,1.504581,True
Cu1.5Ag0.5Mg1Zr1Te4_stannite,480,4.801570,6.043533,1.241963,True
Cu1.5Ag0.5Sr0.5Ba0.5Sn0.5Ge0.5Se3Te1_stannite,560,4.036385,4.968927,0.932542,True
Cu1.5Ag0.5Sr0.5Zn0.5Ge1S1Se1Te2_kesterite,568,3.828454,4.701110,0.872656,True
Cu1.5Ag0.5Sr0.5Zn0.5Ge1S1Se1Te2_stannite,568,3.281868,4.001909,0.720041,True
Cu1.5Ag0.5Sr1Ge1Te4_kesterite,560,4.196678,4.792765,0.596087,True
Cu1.5Ag0.5Sr1Ge1Te4_stannite,560,4.893596,6.020121,1.126525,True
Cu1.5Ag0.5Sr1Sn1S4_kesterite,560,5.472908,4.741004,0.000000,False
Cu1.5Ag0.5Sr1Sn1S4_stannite,560,4.939337,6.286166,1.346829,True
Cu1.5Ag0.5Sr1Sn1Se4_stannite,560,3.044431,4.542438,1.498007,True
Cu1.5Ag0.5Sr1Zr1S4_kesterite,544,3.860313,5.276115,1.415802,False
Cu1.5Ag0.5Sr1Zr1Se4_stannite,544,3.068519,4.784747,1.716228,True
Cu1.5Ag0.5Sr1Zr1Te4_kesterite,544,3.674075,4.825339,1.151264,False
Cu1.5Ag0.5Sr1Zr1Te4_stannite,544,4.375252,5.178640,0.803388,True
Cu1.5Ag0.5Zn1Ge1S4_kesterite,576,4.150811,6.016896,1.866085,True
Cu1.5Ag0.5Zn1Ge1S4_stannite,576,4.282063,5.784186,1.502123,True
Cu1.5Ag0.5Zn1Ge1Se4_kesterite,576,3.309582,4.406070,1.096488,True
Cu1.5Ag0.5Zn1Ge1Se4_stannite,576,3.455929,4.160193,0.704264,True
Cu1.5Ag0.5Zn1Ge1Te4_kesterite,576,5.336770,5.997447,0.660677,True
Cu1.5Ag0.5Zn1Ge1Te4_stannite,576,5.450134,5.774813,0.324679,True
Cu1.5Ag0.5Zn1Sn1S4_kesterite,576,4.211486,5.763067,1.551581,True
Cu1.5Ag0.5Zn1Sn1S4_stannite,576,4.423488,5.614970,1.191482,True
Cu1.5Ag0.5Zn1Sn1Se4_kesterite,576,3.669513,4.490931,0.821418,True
Cu1.5Ag0.5Zn1Sn1Se4_stannite,576,3.722866,4.317921,0.595055,True
Cu1.5Ag0.5Zn1Sn1Te4_kesterite,576,5.639758,6.369852,0.730094,True
Cu1.5Ag0.5Zn1Sn1Te4_stannite,576,5.780422,6.229533,0.449111,True
Cu1.5Ag0.5Zn1Zr1S4_kesterite,560,5.459574,5.700390,0.240816,True
Cu1.5Ag0.5Zn1Zr1S4_stannite,560,4.111783,5.827370,1.715587,False
Cu1.5Ag0.5Zn1Zr1Se4_kesterite,560,4.484427,4.548374,0.063947,True
Cu1.5Ag0.5Zn1Zr1Se4_stannite,560,2.954240,4.703225,1.748985,False
Cu1.5Ag0.5Zn1Zr1Te4_kesterite,560,5.039315,5.983006,0.943691,True
Cu1.5Ag0.5Zn1Zr1Te4_stannite,560,5.006779,5.961429,0.954650,True
Cu1Ag1Ba1Ge1S4_stannite,560,4.135146,6.095402,1.960256,False
Cu1Ag1Ba1Ge1Te4_kesterite,560,3.490651,3.819554,0.328903,False
Cu1Ag1Ba1Ge1Te4_stannite,560,3.878155,5.098561,1.220406,True
Cu1Ag1Ba1Sn1Se4_stannite,560,3.256172,4.461676,1.205504,False
Cu1Ag1Ba1Zr1S4_kesterite,544,3.891524,5.009110,1.117586,False
Cu1Ag1Ba1Zr1Se4_kesterite,544,2.750719,4.432996,1.682277,False
Cu1Ag1Ba1Zr1Te4_kesterite,544,4.651796,5.716120,1.064324,False
Cu1Ag1Ca1Ge1Se4_kesterite,560,2.707366,4.056443,1.349077,True
Cu1Ag1Ca1Ge1Te4_kesterite,560,3.708374,4.404093,0.695719,True
Cu1Ag1Ca1Ge1Te4_stannite,560,4.807686,6.024843,1.217157,True
Cu1Ag1Ca1Sn1Se4_kesterite,560,3.074575,4.226904,1.152329,True
Cu1Ag1Ca1Sn1Te4_stannite,560,4.942800,6.237126,1.294326,True
Cu1Ag1Ca1Zr1S4_stannite,544,3.370143,5.855726,2.485583,True
Cu1Ag1Ca1Zr1Te4_kesterite,544,3.703013,4.933025,1.230012,True
Cu1Ag1Ca1Zr1Te4_stannite,544,3.474903,5.035158,1.560255,True
Cu1Ag1Cd1Ge1S4_kesterite,576,3.624682,5.185909,1.561227,True
Cu1Ag1Cd1Ge1S4_stannite,576,3.481806,5.153881,1.672075,True
Cu1Ag1Cd1Ge1Se4_kesterite,576,3.019231,3.880798,0.861567,True
Cu1Ag1Cd1Ge1Se4_stannite,576,3.125454,3.853091,0.727637,True
Cu1Ag1Cd1Ge1Te4_kesterite,576,5.185463,5.713645,0.528182,True
Cu1Ag1Cd1Ge1Te4_stannite,576,5.222563,5.818720,0.596157,True
Cu1Ag1Cd1Sn1S4_kesterite,576,3.851919,4.910286,1.058367,True
Cu1Ag1Cd1Sn1Se4_kesterite,576,3.420990,4.061007,0.640017,True
Cu1Ag1Cd1Sn1Se4_stannite,576,3.098557,3.562801,0.464244,True
Cu1Ag1Cd1Sn1Te4_kesterite,576,5.633460,6.225113,0.591653,True
Cu1Ag1Cd1Sn1Te4_stannite,576,5.562676,6.220096,0.657420,True
Cu1Ag1Cd1Zr1S4_stannite,560,3.229627,5.358164,2.128537,True
Cu1Ag1Cd1Zr1Se4_stannite,560,2.294771,4.189632,1.894861,False
Cu1Ag1Cd1Zr1Te4_kesterite,560,4.865396,5.889439,1.024043,True
Cu1Ag1Cd1Zr1Te4_stannite,560,4.348554,5.468551,1.119997,True
Cu1Ag1Mg1Ge1S4_kesterite,496,5.929153,6.023306,0.094153,False
Cu1Ag1Mg1Ge1S4_stannite,496,3.649712,5.710748,2.061036,True
Cu1Ag1Mg1Ge1Se4_kesterite,496,2.842260,4.272641,1.430381,True
Cu1Ag1Mg1Ge1Se4_stannite,496,2.982586,4.225886,1.243300,True
Cu1Ag1Mg1Ge1Te4_kesterite,496,4.841822,5.566459,0.724637,True
Cu1Ag1Mg1Ge1Te4_stannite,496,5.033018,5.826966,0.793948,True
Cu1Ag1Mg1Sn1S4_kesterite,496,4.011652,5.516010,1.504358,True
Cu1Ag1Mg1Sn1S4_stannite,496,3.872036,5.493977,1.621941,True
Cu1Ag1Mg1Sn1Se4_kesterite,496,3.324649,4.316920,0.992271,True
Cu1Ag1Mg1Sn1Se4_stannite,496,3.229022,4.256905,1.027883,True
Cu1Ag1Mg1Sn1Te4_kesterite,496,5.205405,6.003228,0.797823,True
Cu1Ag1Mg1Sn1Te4_stannite,496,5.233796,6.087293,0.853497,True
Cu1Ag1Mg1Zr1Se4_stannite,480,3.134622,4.932880,1.798258,True
Cu1Ag1Mg1Zr1Te4_kesterite,480,3.709114,5.128095,1.418981,True
Cu1Ag1Mg1Zr1Te4_stannite,480,4.601606,5.928400,1.326794,True
Cu1Ag1Zn1Ge1S4_kesterite,576,3.964705,5.802422,1.837717,True
Cu1Ag1Zn1Ge1S4_stannite,576,4.201054,5.643352,1.442298,True
Cu1Ag1Zn1Ge1Se4_kesterite,576,3.032874,4.236277,1.203403,True
Cu1Ag1Zn1Ge1Se4_stannite,576,3.379431,4.055838,0.676407,True
Cu1Ag1Zn1Ge1Te4_kesterite,576,5.230618,5.859913,0.629295,True
Cu1Ag1Zn1Ge1Te4_stannite,576,5.376511,5.689795,0.313284,True
Cu1Ag1Zn1Sn1S4_kesterite,576,4.277355,5.564225,1.286870,True
Cu1Ag1Zn1Sn1S4_stannite,576,4.441830,5.476933,1.035103,True
Cu1Ag1Zn1Sn1Se4_kesterite,576,3.510548,4.312613,0.802065,True
Cu1Ag1Zn1Sn1Se4_stannite,576,3.632780,4.107477,0.474697,True
Cu1Ag1Zn1Sn1Te4_kesterite,576,5.470406,6.174627,0.704221,True
Cu1Ag1Zn1Sn1Te4_stannite,576,5.530725,5.956413,0.425688,True
Cu1Ag1Zn1Zr1Se4_stannite,560,2.783374,4.621834,1.838460,False
Cu1Ag1Zn1Zr1Te4_kesterite,560,4.326673,5.323381,0.996708,True
Cu1Ag1Zn1Zr1Te4_stannite,560,4.831186,5.842710,1.011524,True
Cu1Al0.5Ga0.5S2_kesterite,496,4.689302,7.071293,2.381991,True
Cu1Al0.5Ga0.5S2_stannite,496,4.867841,6.862973,1.995132,True
Cu1Al0.5Ga0.5Te2_stannite,496,4.972833,5.824699,0.851866,True
Cu1Al0.5In0.5S2_stannite,496,4.690241,6.505569,1.815328,True
Cu1Al0.5In0.5Se2_kesterite,496,3.621487,5.029954,1.408467,True
Cu1Al0.5In0.5Se2_stannite,496,3.961519,4.971579,1.010060,True
Cu1Al0.5In0.5Te2_kesterite,496,5.083623,6.372603,1.288980,True
Cu1Al0.5In0.5Te2_stannite,496,5.093046,6.031074,0.938028,True
Cu1Al1S1Te1_stannite,416,5.209950,6.424987,1.215037,True
Cu1Al1S2_stannite,104,4.649487,7.541076,2.891589,True
Cu1Al1Se1Te1_kesterite,416,3.226798,4.584866,1.358068,True
Cu1Al1Se2_kesterite,104,3.426015,5.796517,2.370502,True
Cu1Al1Se2_stannite,104,3.608687,5.632155,2.023468,True
Cu1Al1Te2_kesterite,104,4.984230,6.902982,1.918752,True
Cu1Al1Te2_stannite,104,5.107939,6.509797,1.401858,True
Cu1Ga0.5In0.5S2_stannite,576,4.869636,6.152201,1.282565,True
Cu1Ga0.5In0.5Se2_stannite,576,2.192094,2.199834,0.007740,True
Cu1Ga0.5In0.5Te2_kesterite,576,5.105224,6.081105,0.975881,True
Cu1Ga0.5In0.5Te2_stannite,576,5.114345,5.725425,0.611080,True
Cu1Ga1S1Se1_kesterite,576,3.935087,5.795552,1.860465,True
Cu1Ga1S1Te1_stannite,576,5.144935,5.501189,0.356254,True
Cu1Ga1S2_kesterite,144,4.322686,6.676264,2.353578,True
Cu1Ga1S2_stannite,144,4.579375,6.462429,1.883054,True
Cu1Ga1Se1Te1_stannite,576,4.428829,4.942192,0.513363,True
Cu1Ga1Se2_kesterite,144,3.517679,4.957006,1.439327,True
Cu1Ga1Se2_stannite,144,3.643473,4.677175,1.033702,True
Cu1Ga1Te2_kesterite,144,5.082825,6.436679,1.353854,True
Cu1Ga1Te2_stannite,144,5.228006,5.733308,0.505302,True
Cu1In1S1Se1_kesterite,576,4.322925,5.346160,1.023235,True
Cu1In1S1Se1_stannite,576,4.303046,5.205175,0.902129,True
Cu1In1S1Te1_kesterite,576,5.087953,6.018750,0.930797,True
Cu1In1S1Te1_stannite,576,5.101525,5.670679,0.569154,True
Cu1In1S2_kesterite,144,4.917180,6.228973,1.311793,True
Cu1In1S2_stannite,144,5.649394,6.029529,0.380135,True
Cu1In1Se1Te1_kesterite,576,4.651802,5.271604,0.619802,True
Cu1In1Se1Te1_stannite,576,4.662353,5.079940,0.417587,True
Cu1In1Se2_kesterite,144,3.876313,4.730785,0.854472,True
Cu1In1Se2_stannite,144,4.091494,4.611746,0.520252,True
Cu1In1Te2_kesterite,144,5.352560,6.317463,0.964903,True
Cu1In1Te2_stannite,144,5.343330,5.944243,0.600913,True
Cu2Ba0.5Cd0.5Ge1S4_stannite,568,3.554087,5.423752,1.869665,True
Cu2Ba0.5Cd0.5Ge1Se4_kesterite,568,2.860442,3.878199,1.017757,True
Cu2Ba0.5Cd0.5Ge1Se4_stannite,568,3.023398,3.970921,0.947523,True
Cu2Ba0.5Cd0.5Sn1S4_kesterite,568,3.740593,5.121441,1.380848,True
Cu2Ba0.5Cd0.5Sn1S4_stannite,568,3.855672,5.338536,1.482864,True
Cu2Ba0.5Cd0.5Sn1Se4_kesterite,568,3.322916,4.165877,0.842961,True
Cu2Ba0.5Cd0.5Sn1Se4_stannite,568,3.230735,4.205946,0.975211,True
Cu2Ba0.5Cd0.5Sn1Te4_kesterite,568,5.655283,6.062152,0.406869,True
Cu2Ba0.5Cd0.5Sn1Te4_stannite,568,4.184561,4.782565,0.598004,True
Cu2Ba0.5Cd0.5Zr1S4_kesterite,552,3.660800,5.547531,1.886731,False
Cu2Ba0.5Cd0.5Zr1S4_stannite,552,3.542951,5.388379,1.845428,False
Cu2Ba0.5Cd0.5Zr1Se4_kesterite,552,3.089911,4.726762,1.636851,False
Cu2Ba0.5Cd0.5Zr1Se4_stannite,552,3.261114,4.566672,1.305558,False
Cu2Ba0.5Cd0.5Zr1Te4_kesterite,552,4.974478,6.075278,1.100800,False
Cu2Ba0.5Zn0.5Ge1S4_stannite,568,3.568215,5.313832,1.745617,True
Cu2Ba0.5Zn0.5Ge1Se4_kesterite,568,2.630983,3.660169,1.029186,True
Cu2Ba0.5Zn0.5Ge1Se4_stannite,568,3.083831,3.872899,0.789068,True
Cu2Ba0.5Zn0.5Ge1Te4_stannite,568,4.148563,4.585503,0.436940,True
Cu2Ba0.5Zn0.5Sn1S4_kesterite,568,3.712487,5.169824,1.457337,True
Cu2Ba0.5Zn0.5Sn1S4_stannite,568,4.198788,5.358208,1.159420,True
Cu2Ba0.5Zn0.5Sn1Se4_kesterite,568,3.542172,4.245023,0.702851,True
Cu2Ba0.5Zn0.5Sn1Se4_stannite,568,2.956134,3.774622,0.818488,True
Cu2Ba0.5Zn0.5Sn1Te4_kesterite,568,4.436530,4.835854,0.399324,True
Cu2Ba0.5Zn0.5Sn1Te4_stannite,568,4.288595,4.811720,0.523125,True
Cu2Ba0.5Zn0.5Zr1S4_kesterite,552,3.945589,5.639007,1.693418,False
Cu2Ba0.5Zn0.5Zr1S4_stannite,552,3.985425,5.481004,1.495579,True
Cu2Ba0.5Zn0.5Zr1Se4_kesterite,552,3.272083,4.723193,1.451110,False
Cu2Ba0.5Zn0.5Zr1Se4_stannite,552,3.327168,4.538782,1.211614,True
Cu2Ba0.5Zn0.5Zr1Te4_stannite,552,5.132972,5.881840,0.748868,True
Cu2Ba1Ge0.5Zr0.5S4_kesterite,552,3.359442,5.104804,1.745362,False
Cu2Ba1Ge0.5Zr0.5S4_stannite,552,4.180571,5.868708,1.688137,True
Cu2Ba1Ge0.5Zr0.5Se4_kesterite,552,2.839685,3.964152,1.124467,False
Cu2Ba1Ge0.5Zr0.5Te4_kesterite,552,3.495924,4.100059,0.604135,False
Cu2Ba1Ge0.5Zr0.5Te4_stannite,552,4.742846,5.140756,0.397910,False
Cu2Ba1Ge1S1Se1Te2_stannite,560,4.284549,5.106395,0.821846,False
Cu2Ba1Ge1S1Se2Te1_kesterite,560,3.864491,3.972386,0.107895,False
Cu2Ba1Ge1S1Se3_stannite,560,3.479874,5.048509,1.568635,False
Cu2Ba1Ge1S1Te3_kesterite,560,4.563077,4.262536,0.000000,False
Cu2Ba1Ge1S1Te3_stannite,560,4.386242,4.940702,0.554460,True
Cu2Ba1Ge1S2Se1Te1_stannite,560,3.662349,5.039261,1.376912,True
Cu2Ba1Ge1S2Se2_kesterite,560,2.918936,3.929776,1.010840,False
Cu2Ba1Ge1S2Se2_stannite,560,3.702860,5.198263,1.495403,True
Cu2Ba1Ge1S2Te2_kesterite,560,4.293189,4.875140,0.581951,True
Cu2Ba1Ge1S3Se1_stannite,560,3.987529,5.679835,1.692306,False
Cu2Ba1Ge1S3Te1_stannite,560,4.181959,5.626752,1.444793,True
Cu2Ba1Ge1S4_kesterite,140,3.622923,4.751103,1.128180,False
Cu2Ba1Ge1S4_stannite,140,3.903343,5.850417,1.947074,True
Cu2Ba1Ge1Se4_kesterite,140,2.642701,3.267449,0.624748,False
Cu2Ba1Ge1Se4_stannite,140,3.222133,4.545399,1.323266,True
Cu2Ba1Ge1Te4_kesterite,140,3.376280,3.740665,0.364385,True
Cu2Ba1Ge1Te4_stannite,140,4.293327,4.928568,0.635241,True
Cu2Ba1Sn0.25Zr0.75S2Se2_kesterite,548,3.066075,4.536677,1.470602,False
Cu2Ba1Sn0.25Zr0.75S4_kesterite,548,2.374906,3.722451,1.347545,False
Cu2Ba1Sn0.25Zr0.75Se4_kesterite,548,2.692406,3.951848,1.259442,False
Cu2Ba1Sn0.25Zr0.75Se4_stannite,548,3.705249,4.053203,0.347954,False
Cu2Ba1Sn0.5Ge0.5S4_stannite,560,4.180846,5.958360,1.777514,True
Cu2Ba1Sn0.5Ge0.5Te4_kesterite,560,3.577958,3.803053,0.225095,True
Cu2Ba1Sn0.5Zr0.5S2Se2_stannite,552,2.872124,4.589103,1.716979,True
Cu2Ba1Sn0.5Zr0.5S4_kesterite,552,3.651590,4.740877,1.089287,False
Cu2Ba1Sn0.5Zr0.5Se4_kesterite,552,2.773008,3.594400,0.821392,False
Cu2Ba1Sn0.5Zr0.5Se4_stannite,552,2.502062,3.883146,1.381084,False
Cu2Ba1Sn0.5Zr0.5Te4_stannite,552,5.129375,5.951893,0.822518,False
Cu2Ba1Sn0.75Zr0.25S2Se2_stannite,556,3.782598,5.031099,1.248501,True
Cu2Ba1Sn0.75Zr0.25S4_stannite,556,4.293748,5.739685,1.445937,True
Cu2Ba1Sn0.75Zr0.25Se4_kesterite,556,2.763774,3.450792,0.687018,False
Cu2Ba1Sn0.75Zr0.25Se4_stannite,556,2.852113,3.925050,1.072937,False
Cu2Ba1Sn1S1Se3_stannite,560,3.441143,4.773128,1.331985,True
Cu2Ba1Sn1S1Te3_stannite,560,4.889603,5.864648,0.975045,False
Cu2Ba1Sn1S2Se2_kesterite,560,2.827939,3.208266,0.380327,False
Cu2Ba1Sn1S2Se2_stannite,560,3.094546,4.629069,1.534523,False
Cu2Ba1Sn1S3Se1_stannite,560,3.813598,5.435426,1.621828,False
Cu2Ba1Sn1S3Te1_kesterite,560,4.272387,4.720679,0.448292,False
Cu2Ba1Sn1S3Te1_stannite,560,3.892810,5.339015,1.446205,True
Cu2Ba1Sn1S4_kesterite,140,4.270391,4.540199,0.269808,False
Cu2Ba1Sn1S4_stannite,140,3.939220,5.787784,1.848564,True
Cu2Ba1Sn1Se2Te2_kesterite,560,3.529028,3.832563,0.303535,True
Cu2Ba1Sn1Se2Te2_stannite,560,3.335144,4.741501,1.406357,False
Cu2Ba1Sn1Se4_stannite,140,3.687347,4.539458,0.852111,True
Cu2Ba1Sn1Te4_kesterite,140,3.916162,3.942767,0.026605,True
Cu2Ba1Sn1Te4_stannite,140,4.747130,5.288783,0.541653,False
Cu2Ba1Zr1S1Se2Te1_stannite,544,3.984085,5.158969,1.174884,True
Cu2Ba1Zr1S1Se3_kesterite,544,3.367965,4.742652,1.374687,False
Cu2Ba1Zr1S1Te3_kesterite,544,4.755815,5.745412,0.989597,False
Cu2Ba1Zr1S2Se1Te1_kesterite,544,3.892510,4.893323,1.000813,True
Cu2Ba1Zr1S2Se2_kesterite,544,3.041840,4.462446,1.420606,False
Cu2Ba1Zr1S2Se2_stannite,544,3.365293,5.322147,1.956854,False
Cu2Ba1Zr1S2Te2_kesterite,544,3.751574,5.006354,1.254780,False
Cu2Ba1Zr1S2Te2_stannite,544,3.861498,5.458032,1.596534,True
Cu2Ba1Zr1S4_kesterite,544,3.320794,4.890725,1.569931,False
Cu2Ba1Zr1Se1Te3_stannite,544,4.742281,5.700161,0.957880,True
Cu2Ba1Zr1Se2Te2_kesterite,544,3.296861,4.510222,1.213361,False
Cu2Ba1Zr1Se2Te2_stannite,544,4.374886,5.496455,1.121569,True
Cu2Ba1Zr1Se4_kesterite,544,2.702388,3.989444,1.287056,False
Cu2Ba1Zr1Se4_stannite,544,2.632728,4.681321,2.048593,False
Cu2Ba1Zr1Te4_kesterite,544,4.725651,5.482562,0.756911,False
Cu2Ba1Zr1Te4_stannite,544,4.630869,5.129921,0.499052,True
Cu2Ca0.5Ba0.5Ge1S4_kesterite,560,3.166038,5.159095,1.993057,False
Cu2Ca0.5Ba0.5Ge1Se4_kesterite,560,2.809955,3.874848,1.064893,True
Cu2Ca0.5Ba0.5Ge1Se4_stannite,560,3.263646,4.803115,1.539469,True
Cu2Ca0.5Ba0.5Sn1S4_kesterite,560,3.678281,5.001880,1.323599,False
Cu2Ca0.5Ba0.5Sn1S4_stannite,560,3.818091,5.788469,1.970378,True
Cu2Ca0.5Ba0.5Sn1Se4_kesterite,560,3.160043,4.220867,1.060824,True
Cu2Ca0.5Ba0.5Sn1Se4_stannite,560,3.464605,4.647565,1.182960,True
Cu2Ca0.5Ba0.5Sn1Te4_kesterite,560,5.051889,5.549920,0.498031,True
Cu2Ca0.5Ba0.5Sn1Te4_stannite,560,5.028659,6.076937,1.048278,True
Cu2Ca0.5Ba0.5Zr1S4_kesterite,544,3.442972,5.495391,2.052419,False
Cu2Ca0.5Ba0.5Zr1S4_stannite,544,3.529369,5.887174,2.357805,True
Cu2Ca0.5Ba0.5Zr1Se4_kesterite,544,2.932485,4.634311,1.701826,False
Cu2Ca0.5Ba0.5Zr1Se4_stannite,544,3.189700,4.831593,1.641893,True
Cu2Ca0.5Ba0.5Zr1Te4_kesterite,544,3.634569,4.907807,1.273238,False
Cu2Ca0.5Cd0.5Ge1S4_kesterite,568,3.476341,5.464794,1.988453,True
Cu2Ca0.5Cd0.5Ge1S4_stannite,568,3.651185,5.662514,2.011329,True
Cu2Ca0.5Cd0.5Ge1Se4_kesterite,568,2.915498,4.138166,1.222668,True
Cu2Ca0.5Cd0.5Ge1Se4_stannite,568,3.013190,4.253878,1.240688,True
Cu2Ca0.5Cd0.5Ge1Te4_stannite,568,5.029575,5.852136,0.822561,True
Cu2Ca0.5Cd0.5Sn1S4_kesterite,568,3.930862,5.452669,1.521807,True
Cu2Ca0.5Cd0.5Sn1S4_stannite,568,3.951689,5.513925,1.562236,True
Cu2Ca0.5Cd0.5Sn1Se4_kesterite,568,3.466414,4.373120,0.906706,True
Cu2Ca0.5Cd0.5Sn1Se4_stannite,568,3.475745,4.376022,0.900277,True
Cu2Ca0.5Cd0.5Sn1Te4_kesterite,568,5.669007,6.324313,0.655306,True
Cu2Ca0.5Cd0.5Sn1Te4_stannite,568,5.543120,6.357242,0.814122,True
Cu2Ca0.5Cd0.5Zr1S4_kesterite,552,3.486223,5.714275,2.228052,False
Cu2Ca0.5Cd0.5Zr1S4_stannite,552,3.580428,5.653695,2.073267,True
Cu2Ca0.5Cd0.5Zr1Se4_kesterite,552,2.720258,4.410110,1.689852,False
Cu2Ca0.5Cd0.5Zr1Se4_stannite,552,2.961269,4.705400,1.744131,True
Cu2Ca0.5Cd0.5Zr1Te4_kesterite,552,4.773036,6.099251,1.326215,False
Cu2Ca0.5Cd0.5Zr1Te4_stannite,552,4.543041,5.511168,0.968127,True
Cu2Ca0.5Sr0.5Ge1S4_kesterite,560,3.154831,5.364869,2.210038,True
Cu2Ca0.5Sr0.5Ge1S4_stannite,560,3.780623,6.371552,2.590929,True
Cu2Ca0.5Sr0.5Ge1Se4_kesterite,560,2.885124,4.079916,1.194792,True
Cu2Ca0.5Sr0.5Ge1Se4_stannite,560,3.159188,4.778509,1.619321,True
Cu2Ca0.5Sr0.5Ge1Te4_kesterite,560,4.996275,5.574799,0.578524,True
Cu2Ca0.5Sr0.5Ge1Te4_stannite,560,4.861512,6.043769,1.182257,True
Cu2Ca0.5Sr0.5Sn1S4_kesterite,560,3.388976,5.054711,1.665735,False
Cu2Ca0.5Sr0.5Sn1S4_stannite,560,4.250543,5.833707,1.583164,True
Cu2Ca0.5Sr0.5Sn1Se4_kesterite,560,3.364180,4.311856,0.947676,True
Cu2Ca0.5Sr0.5Sn1Se4_stannite,560,3.171591,4.676742,1.505151,True
Cu2Ca0.5Sr0.5Sn1Te4_kesterite,560,5.409950,6.065241,0.655291,True
Cu2Ca0.5Sr0.5Zr1S4_kesterite,544,3.288464,5.447425,2.158961,False
Cu2Ca0.5Sr0.5Zr1S4_stannite,544,3.685802,5.857758,2.171956,True
Cu2Ca0.5Sr0.5Zr1Se4_kesterite,544,2.788891,4.668682,1.879791,False
Cu2Ca0.5Sr0.5Zr1Se4_stannite,544,2.972526,4.828053,1.855527,True
Cu2Ca0.5Sr0.5Zr1Te4_kesterite,544,4.625615,5.965164,1.339549,False
Cu2Ca0.5Sr0.5Zr1Te4_stannite,544,3.620734,4.831982,1.211248,True
Cu2Ca0.5Zn0.5Ge1S4_kesterite,568,3.618509,5.726746,2.108237,True
Cu2Ca0.5Zn0.5Ge1S4_stannite,568,3.748058,5.707740,1.959682,True
Cu2Ca0.5Zn0.5Ge1Se4_kesterite,568,2.994255,4.080840,1.086585,True
Cu2Ca0.5Zn0.5Ge1Se4_stannite,568,3.128504,4.117864,0.989360,True
Cu2Ca0.5Zn0.5Ge1Te4_kesterite,568,5.212653,5.817982,0.605329,True
Cu2Ca0.5Zn0.5Ge1Te4_stannite,568,5.044704,5.734688,0.689984,True
Cu2Ca0.5Zn0.5Sn1S4_kesterite,568,4.071373,5.672676,1.601303,True
Cu2Ca0.5Zn0.5Sn1S4_stannite,568,4.336670,5.654966,1.318296,True
Cu2Ca0.5Zn0.5Sn1Se4_kesterite,568,3.478751,4.476241,0.997490,True
Cu2Ca0.5Zn0.5Sn1Se4_stannite,568,3.559894,4.457833,0.897939,True
Cu2Ca0.5Zn0.5Sn1Te4_kesterite,568,5.559234,6.259363,0.700129,True
Cu2Ca0.5Zn0.5Sn1Te4_stannite,568,5.598348,6.286579,0.688231,True
Cu2Ca0.5Zn0.5Zr1S4_kesterite,552,3.913678,5.734150,1.820472,False
Cu2Ca0.5Zn0.5Zr1S4_stannite,552,3.714694,5.681428,1.966734,True
Cu2Ca0.5Zn0.5Zr1Se4_kesterite,552,3.201681,4.789686,1.588005,True
Cu2Ca0.5Zn0.5Zr1Se4_stannite,552,3.239338,4.602600,1.363262,True
Cu2Ca0.5Zn0.5Zr1Te4_kesterite,552,5.038199,6.074817,1.036618,True
Cu2Ca0.5Zn0.5Zr1Te4_stannite,552,5.136135,5.978039,0.841904,True
Cu2Ca1Ge0.5Zr0.5S4_kesterite,552,3.623860,5.549070,1.925210,False
Cu2Ca1Ge0.5Zr0.5S4_stannite,552,3.908753,5.963403,2.054650,True
Cu2Ca1Ge0.5Zr0.5Se4_kesterite,552,2.434027,4.050316,1.616289,False
Cu2Ca1Ge0.5Zr0.5Te4_stannite,552,4.737262,5.862262,1.125000,False
Cu2Ca1Ge1S2Se1Te1_kesterite,560,3.917387,4.903197,0.985810,True
Cu2Ca1Ge1S2Se2_kesterite,560,2.898435,4.760971,1.862536,True
Cu2Ca1Ge1S2Se2_stannite,560,3.432714,5.234309,1.801595,True
Cu2Ca1Ge1S2Te2_kesterite,560,3.862451,5.029741,1.167290,True
Cu2Ca1Ge1S2Te2_stannite,560,4.452938,5.359569,0.906631,True
Cu2Ca1Ge1S3Te1_kesterite,560,4.450463,5.346608,0.896145,True
Cu2Ca1Ge1S3Te1_stannite,560,4.192030,5.731300,1.539270,True
Cu2Ca1Ge1S4_kesterite,140,3.902276,5.541537,1.639261,True
Cu2Ca1Ge1S4_stannite,140,3.724687,6.390885,2.666198,False
Cu2Ca1Ge1Se1Te3_kesterite,560,4.555954,5.186435,0.630481,True
Cu2Ca1Ge1Se2Te2_kesterite,560,3.538063,4.303902,0.765839,True
Cu2Ca1Ge1Se3Te1_kesterite,560,3.366041,4.145571,0.779530,True
Cu2Ca1Ge1Se4_kesterite,140,3.087141,3.796306,0.709165,True
Cu2Ca1Ge1Se4_stannite,140,2.707277,4.730094,2.022817,True
Cu2Ca1Ge1Te4_kesterite,140,3.831902,4.579524,0.747622,True
Cu2Ca1Ge1Te4_stannite,140,3.942256,5.126184,1.183928,True
Cu2Ca1Sn0.5Ge0.5S4_kesterite,560,3.680953,5.477314,1.796361,True
Cu2Ca1Sn0.5Ge0.5S4_stannite,560,4.201393,6.042501,1.841108,True
Cu2Ca1Sn0.5Ge0.5Se4_kesterite,560,3.113639,4.219938,1.106299,True
Cu2Ca1Sn0.5Ge0.5Te4_kesterite,560,4.817515,5.478288,0.660773,True
Cu2Ca1Sn0.5Zr0.5S4_kesterite,552,3.496172,5.678989,2.182817,False
Cu2Ca1Sn0.5Zr0.5S4_stannite,552,3.635750,5.805974,2.170224,True
Cu2Ca1Sn0.5Zr0.5Se4_kesterite,552,2.837715,4.191014,1.353299,False
Cu2Ca1Sn0.5Zr0.5Se4_stannite,552,3.233210,4.718224,1.485014,False
Cu2Ca1Sn0.5Zr0.5Te4_kesterite,552,5.057162,5.942208,0.885046,False
Cu2Ca1Sn0.5Zr0.5Te4_stannite,552,5.058706,6.239061,1.180355,False
Cu2Ca1Sn1S1Se2Te1_kesterite,560,3.860333,4.599790,0.739457,True
Cu2Ca1Sn1S1Se2Te1_stannite,560,3.744032,5.106456,1.362424,True
Cu2Ca1Sn1S1Se3_kesterite,560,3.278996,4.287050,1.008054,True
Cu2Ca1Sn1S1Te3_kesterite,560,4.319473,4.820231,0.500758,True
Cu2Ca1Sn1S1Te3_stannite,560,4.382053,5.309877,0.927824,True
Cu2Ca1Sn1S2Se1Te1_kesterite,560,4.017604,4.888867,0.871263,True
Cu2Ca1Sn1S2Se1Te1_stannite,560,4.062058,5.446037,1.383979,True
Cu2Ca1Sn1S2Se2_kesterite,560,3.701388,4.934947,1.233559,True
Cu2Ca1Sn1S2Se2_stannite,560,3.652786,5.237339,1.584553,True
Cu2Ca1Sn1S2Te2_kesterite,560,4.332270,5.079437,0.747167,True
Cu2Ca1Sn1S2Te2_stannite,560,4.479290,5.513088,1.033798,True
Cu2Ca1Sn1S3Se1_kesterite,560,3.643447,5.163996,1.520549,True
Cu2Ca1Sn1S3Te1_kesterite,560,5.050090,5.566851,0.516761,True
Cu2Ca1Sn1S4_kesterite,140,3.585559,5.399180,1.813621,True
Cu2Ca1Sn1Se1Te3_kesterite,560,4.153824,4.666730,0.512906,True
Cu2Ca1Sn1Se1Te3_stannite,560,4.124524,5.232886,1.108362,True
Cu2Ca1Sn1Se2Te2_kesterite,560,3.769267,4.421831,0.652564,True
Cu2Ca1Sn1Se3Te1_kesterite,560,3.659071,4.230662,0.571591,True
Cu2Ca1Sn1Se4_kesterite,140,3.414193,3.966986,0.552793,True
Cu2Ca1Sn1Se4_stannite,140,3.542721,4.444050,0.901329,True
Cu2Ca1Sn1Te4_kesterite,140,4.397123,4.988130,0.591007,True
Cu2Ca1Sn1Te4_stannite,140,4.536289,5.528060,0.991771,True
Cu2Ca1Zr1S1Se2Te1_kesterite,544,3.954213,5.185033,1.230820,False
Cu2Ca1Zr1S1Se2Te1_stannite,544,3.571528,5.129370,1.557842,True
Cu2Ca1Zr1S1Se3_kesterite,544,3.269551,4.986048,1.716497,True
Cu2Ca1Zr1S1Se3_stannite,544,2.809636,4.982483,2.172847,True
Cu2Ca1Zr1S1Te3_kesterite,544,4.715643,4.864497,0.148854,False
Cu2Ca1Zr1S1Te3_stannite,544,3.907614,5.371005,1.463391,True
Cu2Ca1Zr1S2Se1Te1_kesterite,544,4.140641,5.451943,1.311302,False
Cu2Ca1Zr1S2Se2_kesterite,544,3.043500,5.187501,2.144001,True
Cu2Ca1Zr1S2Te2_stannite,544,4.446208,5.927801,1.481593,True
Cu2Ca1Zr1S3Se1_stannite,544,3.491753,5.634544,2.142791,True
Cu2Ca1Zr1S4_kesterite,544,3.745801,5.635324,1.889523,False
Cu2Ca1Zr1S4_stannite,544,3.877682,5.925005,2.047323,True
Cu2Ca1Zr1Se1Te3_stannite,544,3.745811,5.024449,1.278638,True
Cu2Ca1Zr1Se2Te2_kesterite,544,4.026249,5.398481,1.372232,False
Cu2Ca1Zr1Se3Te1_kesterite,544,3.267531,4.618094,1.350563,True
Cu2Ca1Zr1Se3Te1_stannite,544,3.897740,5.199198,1.301458,True
Cu2Ca1Zr1Se4_kesterite,544,3.005631,4.739574,1.733943,False
Cu2Ca1Zr1Se4_stannite,544,3.143073,4.822753,1.679680,True
Cu2Ca1Zr1Te4_kesterite,544,4.674069,6.079407,1.405338,False
Cu2Ca1Zr1Te4_stannite,544,4.947646,5.939978,0.992332,True
Cu2Cd1Ge0.5Zr0.5S4_kesterite,568,3.561786,5.664574,2.102788,False
Cu2Cd1Ge0.5Zr0.5S4_stannite,568,3.856141,5.658833,1.802692,False
Cu2Cd1Ge0.5Zr0.5Se4_kesterite,568,3.054089,4.331225,1.277136,False
Cu2Cd1Ge0.5Zr0.5Se4_stannite,568,3.069994,4.423162,1.353168,False
Cu2Cd1Ge0.5Zr0.5Te4_kesterite,568,4.955123,5.646586,0.691463,False
Cu2Cd1Ge0.5Zr0.5Te4_stannite,568,4.969636,5.807104,0.837468,False
Cu2Cd1Ge1S1Se1Te2_kesterite,576,4.368420,4.838878,0.470458,True
Cu2Cd1Ge1S1Se1Te2_stannite,576,4.565869,5.257102,0.691233,True
Cu2Cd1Ge1S1Se2Te1_kesterite,576,3.769341,4.552517,0.783176,True
Cu2Cd1Ge1S1Se2Te1_stannite,576,4.198119,4.830477,0.632358,True
Cu2Cd1Ge1S1Se3_kesterite,576,3.219761,4.387590,1.167829,True
Cu2Cd1Ge1S1Se3_stannite,576,3.441860,4.412327,0.970467,True
Cu2Cd1Ge1S1Te3_kesterite,576,4.516177,5.157724,0.641547,True
Cu2Cd1Ge1S1Te3_stannite,576,5.040288,5.716579,0.676291,True
Cu2Cd1Ge1S2Se1Te1_kesterite,576,4.342052,5.132776,0.790724,True
Cu2Cd1Ge1S2Se2_kesterite,576,3.374472,4.727005,1.352533,True
Cu2Cd1Ge1S2Se2_stannite,576,3.374996,4.667890,1.292894,True
Cu2Cd1Ge1S2Te2_kesterite,576,3.009300,3.331474,0.322174,True
Cu2Cd1Ge1S2Te2_stannite,576,3.046281,3.228671,0.182390,True
Cu2Cd1Ge1S3Se1_kesterite,576,3.569812,5.106782,1.536970,True
Cu2Cd1Ge1S3Se1_stannite,576,3.831042,5.072240,1.241198,True
Cu2Cd1Ge1S3Te1_kesterite,576,4.866584,5.463804,0.597220,True
Cu2Cd1Ge1S3Te1_stannite,576,4.714114,5.473681,0.759567,True
Cu2Cd1Ge1S4_kesterite,144,4.269580,5.559021,1.289441,True
Cu2Cd1Ge1S4_stannite,144,4.291672,5.516980,1.225308,True
Cu2Cd1Ge1Se1Te3_kesterite,576,4.898702,5.393604,0.494902,True
Cu2Cd1Ge1Se1Te3_stannite,576,4.883491,5.477634,0.594143,True
Cu2Cd1Ge1Se2Te2_kesterite,576,3.843829,4.484649,0.640820,True
Cu2Cd1Ge1Se2Te2_stannite,576,4.367268,5.085874,0.718606,True
Cu2Cd1Ge1Se3Te1_kesterite,576,3.980563,4.555206,0.574643,True
Cu2Cd1Ge1Se3Te1_stannite,576,3.799634,4.550703,0.751069,True
Cu2Cd1Ge1Se4_kesterite,144,3.184893,3.979028,0.794135,True
Cu2Cd1Ge1Se4_stannite,144,2.969274,3.914553,0.945279,True
Cu2Cd1Ge1Te4_kesterite,144,4.594079,5.198627,0.604548,True
Cu2Cd1Ge1Te4_stannite,144,4.702661,5.100373,0.397712,True
Cu2Cd1Sn0.5Ge0.5S4_kesterite,576,3.858113,5.374546,1.516433,True
Cu2Cd1Sn0.5Ge0.5S4_stannite,576,4.131746,5.400461,1.268715,True
Cu2Cd1Sn0.5Ge0.5Se4_kesterite,576,3.169162,3.804286,0.635124,True
Cu2Cd1Sn0.5Ge0.5Se4_stannite,576,3.350855,4.091331,0.740476,True
Cu2Cd1Sn0.5Ge0.5Te4_kesterite,576,5.477904,5.780683,0.302779,True
Cu2Cd1Sn0.5Ge0.5Te4_stannite,576,5.430660,5.919656,0.488996,True
Cu2Cd1Sn0.5Zr0.5S4_kesterite,568,3.710425,5.658948,1.948523,False
Cu2Cd1Sn0.5Zr0.5S4_stannite,568,4.034335,5.719130,1.684795,False
Cu2Cd1Sn0.5Zr0.5Se4_kesterite,568,3.093230,4.531683,1.438453,False
Cu2Cd1Sn0.5Zr0.5Te4_kesterite,568,5.314713,6.243885,0.929172,False
Cu2Cd1Sn0.5Zr0.5Te4_stannite,568,5.361964,6.213259,0.851295,False
Cu2Cd1Sn1S1Se1Te2_kesterite,576,4.582899,4.905595,0.322696,True
Cu2Cd1Sn1S1Se1Te2_stannite,576,5.013650,5.601141,0.587491,True
Cu2Cd1Sn1S1Se2Te1_kesterite,576,4.385130,5.014245,0.629115,True
Cu2Cd1Sn1S1Se2Te1_stannite,576,4.390812,5.056462,0.665650,True
Cu2Cd1Sn1S1Se3_kesterite,576,3.898082,4.545566,0.647484,True
Cu2Cd1Sn1S1Se3_stannite,576,3.845894,4.557819,0.711925,True
Cu2Cd1Sn1S1Te3_kesterite,576,4.836405,5.274362,0.437957,True
Cu2Cd1Sn1S1Te3_stannite,576,4.733735,5.229423,0.495688,True
Cu2Cd1Sn1S2Se1Te1_kesterite,576,4.535631,4.924319,0.388688,True
Cu2Cd1Sn1S2Se2_kesterite,576,3.590775,4.481524,0.890749,True
Cu2Cd1Sn1S2Se2_stannite,576,3.769115,4.471264,0.702149,True
Cu2Cd1Sn1S2Te2_kesterite,576,4.645934,5.253908,0.607974,True
Cu2Cd1Sn1S2Te2_stannite,576,4.759810,5.254381,0.494571,True
Cu2Cd1Sn1S3Se1_kesterite,576,4.239119,5.085126,0.846007,True
Cu2Cd1Sn1S3Se1_stannite,576,3.966904,5.097584,1.130680,True
Cu2Cd1Sn1S3Te1_kesterite,576,4.750715,5.483165,0.732450,True
Cu2Cd1Sn1S3Te1_stannite,576,4.798932,5.551909,0.752977,False
Cu2Cd1Sn1S4_stannite,144,4.047402,5.316554,1.269152,True
Cu2Cd1Sn1Se1Te3_kesterite,576,4.556280,4.931434,0.375154,True
Cu2Cd1Sn1Se1Te3_stannite,576,4.408063,4.929997,0.521934,True
Cu2Cd1Sn1Se2Te2_stannite,576,4.821787,5.430361,0.608574,True
Cu2Cd1Sn1Se3Te1_kesterite,576,3.936424,4.256180,0.319756,True
Cu2Cd1Sn1Se3Te1_stannite,576,4.202878,4.798192,0.595314,True
Cu2Cd1Sn1Se4_stannite,144,3.381233,3.891604,0.510371,True
Cu2Cd1Sn1Te4_kesterite,144,4.558828,5.120835,0.562007,True
Cu2Cd1Sn1Te4_stannite,144,4.759402,5.384076,0.624674,True
Cu2Cd1Zr1S1Se1Te2_kesterite,560,3.885162,5.087483,1.202321,False
Cu2Cd1Zr1S1Se1Te2_stannite,560,4.509859,5.655487,1.145628,False
Cu2Cd1Zr1S1Se2Te1_kesterite,560,3.969757,5.325653,1.355896,True
Cu2Cd1Zr1S1Se2Te1_stannite,560,4.169345,5.322152,1.152807,True
Cu2Cd1Zr1S1Se3_stannite,560,3.154137,4.970703,1.816566,True
Cu2Cd1Zr1S1Te3_kesterite,560,4.207353,5.341585,1.134232,True
Cu2Cd1Zr1S1Te3_stannite,560,4.291903,5.315125,1.023222,True
Cu2Cd1Zr1S2Se1Te1_kesterite,560,4.255735,5.568533,1.312798,True
Cu2Cd1Zr1S2Se1Te1_stannite,560,4.068857,5.198593,1.129736,True
Cu2Cd1Zr1S2Se2_stannite,560,3.714595,5.209813,1.495218,True
Cu2Cd1Zr1S2Te2_stannite,560,4.592927,5.845758,1.252831,False
Cu2Cd1Zr1S3Se1_stannite,560,3.945625,5.464917,1.519292,True
Cu2Cd1Zr1S3Te1_kesterite,560,4.284018,5.605046,1.321028,True
Cu2Cd1Zr1S3Te1_stannite,560,4.701031,5.768078,1.067047,True
Cu2Cd1Zr1S4_stannite,560,3.996194,5.737027,1.740833,True
Cu2Cd1Zr1Se1Te3_kesterite,560,3.682794,4.991671,1.308877,True
Cu2Cd1Zr1Se1Te3_stannite,560,3.923258,5.016835,1.093577,True
Cu2Cd1Zr1Se2Te2_kesterite,560,3.623207,4.881659,1.258452,True
Cu2Cd1Zr1Se2Te2_stannite,560,4.112764,5.459058,1.346294,True
Cu2Cd1Zr1Se3Te1_kesterite,560,3.755155,5.089157,1.334002,True
Cu2Cd1Zr1Se3Te1_stannite,560,3.508949,4.601424,1.092475,False
Cu2Cd1Zr1Se4_kesterite,560,3.018903,4.735025,1.716122,False
Cu2Cd1Zr1Se4_stannite,560,3.225229,4.772587,1.547358,True
Cu2Cd1Zr1Te4_kesterite,560,4.989547,6.070536,1.080989,True
Cu2Cd1Zr1Te4_stannite,560,4.838523,6.131438,1.292915,True
Cu2Mg0.5Ba0.5Ge1S4_stannite,528,4.039489,5.817977,1.778488,True
Cu2Mg0.5Ba0.5Ge1Se4_kesterite,528,2.881841,3.915304,1.033463,True
Cu2Mg0.5Ba0.5Ge1Se4_stannite,528,3.152203,4.341504,1.189301,True
Cu2Mg0.5Ba0.5Ge1Te4_kesterite,528,4.103797,4.501233,0.397436,True
Cu2Mg0.5Ba0.5Ge1Te4_stannite,528,4.053139,4.922955,0.869816,True
Cu2Mg0.5Ba0.5Sn1S4_kesterite,528,4.048010,5.351887,1.303877,True
Cu2Mg0.5Ba0.5Sn1S4_stannite,528,3.872548,5.570611,1.698063,True
Cu2Mg0.5Ba0.5Sn1Se4_kesterite,528,3.445275,4.269360,0.824085,True
Cu2Mg0.5Ba0.5Sn1Se4_stannite,528,3.244858,4.436927,1.192069,True
Cu2Mg0.5Ba0.5Sn1Te4_kesterite,528,5.552166,6.090900,0.538734,True
Cu2Mg0.5Ba0.5Sn1Te4_stannite,528,4.126262,4.938906,0.812644,True
Cu2Mg0.5Ba0.5Zr1S4_kesterite,512,4.793878,5.665817,0.871939,False
Cu2Mg0.5Ba0.5Zr1S4_stannite,512,3.620081,5.823156,2.203075,True
Cu2Mg0.5Ba0.5Zr1Se4_kesterite,512,2.815729,4.783875,1.968146,True
Cu2Mg0.5Ba0.5Zr1Se4_stannite,512,3.055805,4.839603,1.783798,True
Cu2Mg0.5Ba0.5Zr1Te4_kesterite,512,3.743138,5.101035,1.357897,False
Cu2Mg0.5Ba0.5Zr1Te4_stannite,512,5.159931,5.990808,0.830877,True
Cu2Mg0.5Ca0.5Ge1S4_kesterite,528,3.806684,5.797691,1.991007,True
Cu2Mg0.5Ca0.5Ge1S4_stannite,528,3.718531,6.021173,2.302642,True
Cu2Mg0.5Ca0.5Ge1Se4_kesterite,528,2.842377,4.293794,1.451417,True
Cu2Mg0.5Ca0.5Ge1Se4_stannite,528,3.130708,4.528864,1.398156,True
Cu2Mg0.5Ca0.5Ge1Te4_kesterite,528,5.094879,5.729464,0.634585,True
Cu2Mg0.5Ca0.5Ge1Te4_stannite,528,4.934244,5.963880,1.029636,True
Cu2Mg0.5Ca0.5Sn1S4_kesterite,528,4.018888,5.456480,1.437592,True
Cu2Mg0.5Ca0.5Sn1Se4_kesterite,528,3.093450,4.005652,0.912202,True
Cu2Mg0.5Ca0.5Sn1Te4_kesterite,528,5.429533,6.167386,0.737853,True
Cu2Mg0.5Ca0.5Sn1Te4_stannite,528,5.438988,6.407203,0.968215,True
Cu2Mg0.5Ca0.5Zr1S4_kesterite,512,3.420970,5.826062,2.405092,False
Cu2Mg0.5Ca0.5Zr1S4_stannite,512,3.674880,5.964976,2.290096,True
Cu2Mg0.5Ca0.5Zr1Se4_kesterite,512,2.822194,4.886233,2.064039,False
Cu2Mg0.5Ca0.5Zr1Se4_stannite,512,2.990424,4.909157,1.918733,True
Cu2Mg0.5Ca0.5Zr1Te4_kesterite,512,4.794063,6.143472,1.349409,True
Cu2Mg0.5Ca0.5Zr1Te4_stannite,512,5.021350,6.055650,1.034300,True
Cu2Mg0.5Cd0.5Ge1S4_kesterite,536,3.958376,5.785083,1.826707,True
Cu2Mg0.5Cd0.5Ge1S4_stannite,536,3.858939,5.815926,1.956987,True
Cu2Mg0.5Cd0.5Ge1Se4_kesterite,536,3.210667,4.272875,1.062208,True
Cu2Mg0.5Cd0.5Ge1Se4_stannite,536,3.270905,4.274046,1.003141,True
Cu2Mg0.5Cd0.5Ge1Te4_kesterite,536,5.289559,5.828667,0.539108,True
Cu2Mg0.5Cd0.5Ge1Te4_stannite,536,5.283469,5.913884,0.630415,True
Cu2Mg0.5Cd0.5Sn1S4_kesterite,536,4.343810,5.581172,1.237362,True
Cu2Mg0.5Cd0.5Sn1S4_stannite,536,4.370482,5.617985,1.247503,True
Cu2Mg0.5Cd0.5Sn1Se4_kesterite,536,3.618247,4.404863,0.786616,True
Cu2Mg0.5Cd0.5Sn1Se4_stannite,536,3.632820,4.436525,0.803705,True
Cu2Mg0.5Cd0.5Sn1Te4_kesterite,536,5.683931,6.314595,0.630664,True
Cu2Mg0.5Cd0.5Sn1Te4_stannite,536,5.704551,6.415415,0.710864,True
Cu2Mg0.5Cd0.5Zr1S4_kesterite,520,4.132406,5.850273,1.717867,False
Cu2Mg0.5Cd0.5Zr1S4_stannite,520,4.094452,5.843252,1.748800,True
Cu2Mg0.5Cd0.5Zr1Se4_kesterite,520,3.359183,4.839194,1.480011,True
Cu2Mg0.5Cd0.5Zr1Se4_stannite,520,3.268925,4.795484,1.526559,False
Cu2Mg0.5Cd0.5Zr1Te4_kesterite,520,4.965922,6.099545,1.133623,True
Cu2Mg0.5Cd0.5Zr1Te4_stannite,520,4.888715,6.040674,1.151959,True
Cu2Mg0.5Sr0.5Ge1S4_kesterite,528,5.783621,5.822539,0.038918,True
Cu2Mg0.5Sr0.5Ge1S4_stannite,528,3.669474,5.933242,2.263768,True
Cu2Mg0.5Sr0.5Ge1Se4_kesterite,528,3.025234,4.170030,1.144796,True
Cu2Mg0.5Sr0.5Ge1Se4_stannite,528,2.909976,4.405834,1.495858,True
Cu2Mg0.5Sr0.5Ge1Te4_stannite,528,5.027912,5.989869,0.961957,True
Cu2Mg0.5Sr0.5Sn1S4_kesterite,528,3.826519,5.482286,1.655767,True
Cu2Mg0.5Sr0.5Sn1S4_stannite,528,3.906469,5.665191,1.758722,True
Cu2Mg0.5Sr0.5Sn1Se4_kesterite,528,3.389255,4.292117,0.902862,True
Cu2Mg0.5Sr0.5Sn1Se4_stannite,528,3.453791,4.505546,1.051755,True
Cu2Mg0.5Sr0.5Sn1Te4_kesterite,528,4.255839,4.838118,0.582279,True
Cu2Mg0.5Sr0.5Sn1Te4_stannite,528,5.580885,6.682014,1.101129,True
Cu2Mg0.5Sr0.5Zr1S4_kesterite,512,5.712428,5.662379,0.000000,False
Cu2Mg0.5Sr0.5Zr1S4_stannite,512,3.569462,5.864267,2.294805,True
Cu2Mg0.5Sr0.5Zr1Se4_kesterite,512,2.692645,4.459114,1.766469,False
Cu2Mg0.5Sr0.5Zr1Te4_kesterite,512,3.778017,5.172467,1.394450,True
Cu2Mg0.5Sr0.5Zr1Te4_stannite,512,5.026277,6.005943,0.979666,True
Cu2Mg0.5Zn0.5Ge1S4_kesterite,536,3.866503,6.094748,2.228245,True
Cu2Mg0.5Zn0.5Ge1S4_stannite,536,4.339879,5.992007,1.652128,True
Cu2Mg0.5Zn0.5Ge1Se4_kesterite,536,3.284002,4.459176,1.175174,True
Cu2Mg0.5Zn0.5Ge1Se4_stannite,536,3.422185,4.348702,0.926517,True
Cu2Mg0.5Zn0.5Ge1Te4_kesterite,536,5.301526,5.905183,0.603657,True
Cu2Mg0.5Zn0.5Ge1Te4_stannite,536,5.356130,5.868458,0.512328,True
Cu2Mg0.5Zn0.5Sn1S4_kesterite,536,4.259168,5.873086,1.613918,True
Cu2Mg0.5Zn0.5Sn1S4_stannite,536,4.570787,5.817660,1.246873,True
Cu2Mg0.5Zn0.5Sn1Se4_kesterite,536,3.727392,4.588831,0.861439,True
Cu2Mg0.5Zn0.5Sn1Se4_stannite,536,3.687916,4.522410,0.834494,True
Cu2Mg0.5Zn0.5Sn1Te4_kesterite,536,5.745913,6.422046,0.676133,True
Cu2Mg0.5Zn0.5Sn1Te4_stannite,536,5.725463,6.322088,0.596625,True
Cu2Mg0.5Zn0.5Zr1S4_kesterite,520,4.274569,5.907477,1.632908,False
Cu2Mg0.5Zn0.5Zr1S4_stannite,520,4.240537,5.858237,1.617700,True
Cu2Mg0.5Zn0.5Zr1Se4_kesterite,520,2.903186,4.831422,1.928236,True
Cu2Mg0.5Zn0.5Zr1Se4_stannite,520,2.921608,4.749367,1.827759,True
Cu2Mg0.5Zn0.5Zr1Te4_kesterite,520,5.018869,6.091275,1.072406,True
Cu2Mg0.5Zn0.5Zr1Te4_stannite,520,4.964703,6.030923,1.066220,True
Cu2Mg1Ge0.5Zr0.5S4_kesterite,488,3.763079,6.014607,2.251528,False
Cu2Mg1Ge0.5Zr0.5S4_stannite,488,3.867187,6.133553,2.266366,False
Cu2Mg1Ge0.5Zr0.5Se4_kesterite,488,3.200628,4.473836,1.273208,False
Cu2Mg1Ge0.5Zr0.5Se4_stannite,488,3.161671,4.687077,1.525406,False
Cu2Mg1Ge0.5Zr0.5Te4_kesterite,488,4.857259,5.633701,0.776442,False
Cu2Mg1Ge0.5Zr0.5Te4_stannite,488,4.850894,5.859632,1.008738,False
Cu2Mg1Ge1S1Se1Te2_kesterite,496,4.748429,5.458020,0.709591,True
Cu2Mg1Ge1S1Se1Te2_stannite,496,4.781599,5.551800,0.770201,True
Cu2Mg1Ge1S1Se2Te1_kesterite,496,4.196075,5.134685,0.938610,True
Cu2Mg1Ge1S1Se2Te1_stannite,496,4.381972,5.228533,0.846561,True
Cu2Mg1Ge1S1Se3_kesterite,496,3.219510,4.803051,1.583541,True
Cu2Mg1Ge1S1Se3_stannite,496,3.348025,4.855921,1.507896,True
Cu2Mg1Ge1S1Te3_kesterite,496,5.011046,5.692767,0.681721,True
Cu2Mg1Ge1S1Te3_stannite,496,5.144024,6.002536,0.858512,True
Cu2Mg1Ge1S2Se1Te1_kesterite,496,4.156957,5.323454,1.166497,True
Cu2Mg1Ge1S2Se1Te1_stannite,496,4.773013,5.669017,0.896004,True
Cu2Mg1Ge1S2Se2_kesterite,496,3.326229,5.141920,1.815691,True
Cu2Mg1Ge1S2Se2_stannite,496,3.541820,5.240767,1.698947,True
Cu2Mg1Ge1S2Te2_kesterite,496,4.814258,5.724126,0.909868,True
Cu2Mg1Ge1S2Te2_stannite,496,4.720282,5.758297,1.038015,True
Cu2Mg1Ge1S3Se1_kesterite,496,3.597280,5.598651,2.001371,True
Cu2Mg1Ge1S3Se1_stannite,496,3.737183,5.665699,1.928516,True
Cu2Mg1Ge1S3Te1_kesterite,496,4.988004,5.856664,0.868660,True
Cu2Mg1Ge1S3Te1_stannite,496,5.037474,5.996151,0.958677,True
Cu2Mg1Ge1S4_kesterite,124,4.430244,6.086713,1.656469,True
Cu2Mg1Ge1S4_stannite,124,4.538955,6.104349,1.565394,True
Cu2Mg1Ge1Se1Te3_kesterite,496,4.761585,5.402073,0.640488,True
Cu2Mg1Ge1Se1Te3_stannite,496,4.810684,5.679861,0.869177,True
Cu2Mg1Ge1Se2Te2_kesterite,496,4.230671,5.155635,0.924964,True
Cu2Mg1Ge1Se2Te2_stannite,496,4.500682,5.436282,0.935600,True
Cu2Mg1Ge1Se3Te1_kesterite,496,3.990794,4.811187,0.820393,True
Cu2Mg1Ge1Se3Te1_stannite,496,4.072016,4.905074,0.833058,True
Cu2Mg1Ge1Se4_kesterite,124,3.332846,4.320294,0.987448,True
Cu2Mg1Ge1Se4_stannite,124,3.046749,4.322240,1.275491,True
Cu2Mg1Ge1Te4_kesterite,124,4.279620,5.145158,0.865538,True
Cu2Mg1Ge1Te4_stannite,124,4.358359,5.259558,0.901199,True
Cu2Mg1Sn0.5Ge0.5S4_kesterite,496,4.170053,5.880734,1.710681,True
Cu2Mg1Sn0.5Ge0.5S4_stannite,496,4.000139,5.870344,1.870205,True
Cu2Mg1Sn0.5Ge0.5Se4_kesterite,496,3.367954,4.437598,1.069644,True
Cu2Mg1Sn0.5Ge0.5Se4_stannite,496,3.448090,4.463378,1.015288,True
Cu2Mg1Sn0.5Ge0.5Te4_kesterite,496,5.236569,5.758461,0.521892,True
Cu2Mg1Sn0.5Ge0.5Te4_stannite,496,5.225414,5.986093,0.760679,True
Cu2Mg1Sn0.5Zr0.5S4_kesterite,488,3.721199,6.050027,2.328828,False
Cu2Mg1Sn0.5Zr0.5S4_stannite,488,4.153558,6.053317,1.899759,False
Cu2Mg1Sn0.5Zr0.5Se4_kesterite,488,3.267859,4.730480,1.462621,False
Cu2Mg1Sn0.5Zr0.5Se4_stannite,488,3.330475,4.821403,1.490928,False
Cu2Mg1Sn0.5Zr0.5Te4_kesterite,488,5.176726,6.215562,1.038836,False
Cu2Mg1Sn0.5Zr0.5Te4_stannite,488,5.157168,6.390295,1.233127,True
Cu2Mg1Sn1S1Se1Te2_kesterite,496,4.894060,5.631604,0.737544,True
Cu2Mg1Sn1S1Se1Te2_stannite,496,4.890463,5.771472,0.881009,True
Cu2Mg1Sn1S1Se2Te1_kesterite,496,4.385552,5.287465,0.901913,True
Cu2Mg1Sn1S1Se2Te1_stannite,496,4.615618,5.337786,0.722168,True
Cu2Mg1Sn1S1Se3_kesterite,496,3.583717,4.551680,0.967963,True
Cu2Mg1Sn1S1Se3_stannite,496,3.629929,4.573566,0.943637,True
Cu2Mg1Sn1S1Te3_kesterite,496,4.681919,5.278657,0.596738,True
Cu2Mg1Sn1S2Se1Te1_kesterite,496,4.557659,5.569306,1.011647,True
Cu2Mg1Sn1S2Se1Te1_stannite,496,4.700195,5.678518,0.978323,True
Cu2Mg1Sn1S2Se2_kesterite,496,3.604946,4.936842,1.331896,True
Cu2Mg1Sn1S2Te2_kesterite,496,5.198065,6.012382,0.814317,True
Cu2Mg1Sn1S2Te2_stannite,496,5.386279,6.280661,0.894382,True
Cu2Mg1Sn1S3Se1_kesterite,496,4.098475,5.351586,1.253111,True
Cu2Mg1Sn1S3Te1_kesterite,496,4.885060,5.869348,0.984288,True
Cu2Mg1Sn1S3Te1_stannite,496,5.287258,5.946600,0.659342,True
Cu2Mg1Sn1Se1Te3_kesterite,496,5.216973,5.827062,0.610089,True
Cu2Mg1Sn1Se1Te3_stannite,496,5.056794,5.913873,0.857079,True
Cu2Mg1Sn1Se2Te2_kesterite,496,4.705549,5.525938,0.820389,True
Cu2Mg1Sn1Se2Te2_stannite,496,4.744403,5.646511,0.902108,True
Cu2Mg1Sn1Se3Te1_kesterite,496,4.354606,5.042559,0.687953,True
Cu2Mg1Sn1Se3Te1_stannite,496,4.177651,5.081074,0.903423,True
Cu2Mg1Sn1Se4_stannite,124,3.308518,4.319267,1.010749,True
Cu2Mg1Sn1Te4_kesterite,124,5.288144,4.792303,0.000000,False
Cu2Mg1Sn1Te4_stannite,124,4.707660,5.615229,0.907569,True
Cu2Mg1Zr1S1Se1Te2_kesterite,480,4.420649,5.795847,1.375198,False
Cu2Mg1Zr1S1Se1Te2_stannite,480,4.508857,5.783882,1.275025,True
Cu2Mg1Zr1S1Se2Te1_kesterite,480,4.012239,5.535989,1.523750,True
Cu2Mg1Zr1S1Se2Te1_stannite,480,4.237681,5.559849,1.322168,True
Cu2Mg1Zr1S1Se3_stannite,480,3.505132,5.257089,1.751957,True
Cu2Mg1Zr1S1Te3_kesterite,480,4.214732,5.623222,1.408490,True
Cu2Mg1Zr1S1Te3_stannite,480,4.921408,6.116689,1.195281,True
Cu2Mg1Zr1S2Se1Te1_kesterite,480,4.378196,5.783138,1.404942,True
Cu2Mg1Zr1S2Se1Te1_stannite,480,4.617237,5.767369,1.150132,True
Cu2Mg1Zr1S2Se2_kesterite,480,3.609264,5.414667,1.805403,False
Cu2Mg1Zr1S2Se2_stannite,480,3.728756,5.504164,1.775408,True
Cu2Mg1Zr1S2Te2_kesterite,480,4.534255,6.055638,1.521383,False
Cu2Mg1Zr1S2Te2_stannite,480,4.837653,6.004951,1.167298,True
Cu2Mg1Zr1S3Se1_stannite,480,4.064550,5.805290,1.740740,True
Cu2Mg1Zr1S3Te1_kesterite,480,4.627446,6.015104,1.387658,True
Cu2Mg1Zr1S3Te1_stannite,480,4.602985,6.063746,1.460761,True
Cu2Mg1Zr1S4_kesterite,480,4.106798,6.076729,1.969931,False
Cu2Mg1Zr1S4_stannite,480,3.743495,6.039534,2.296039,True
Cu2Mg1Zr1Se1Te3_kesterite,480,4.520448,5.937336,1.416888,True
Cu2Mg1Zr1Se1Te3_stannite,480,4.645772,5.868914,1.223142,True
Cu2Mg1Zr1Se2Te2_kesterite,480,3.631501,5.177397,1.545896,True
Cu2Mg1Zr1Se2Te2_stannite,480,4.269796,5.612735,1.342939,True
Cu2Mg1Zr1Se3Te1_kesterite,480,3.812167,5.318804,1.506637,True
Cu2Mg1Zr1Se3Te1_stannite,480,3.239529,4.917105,1.677576,True
Cu2Mg1Zr1Se4_kesterite,480,2.747406,5.025816,2.278410,False
Cu2Mg1Zr1Se4_stannite,480,2.954833,4.963611,2.008778,True
Cu2Mg1Zr1Te4_kesterite,480,4.756293,6.042316,1.286023,True
Cu2Mg1Zr1Te4_stannite,480,3.873492,5.300378,1.426886,True
Cu2Sr0.5Ba0.5Ge1S4_kesterite,560,3.801485,5.051512,1.250027,False
Cu2Sr0.5Ba0.5Ge1S4_stannite,560,4.266574,6.249093,1.982519,False
Cu2Sr0.5Ba0.5Ge1Se4_kesterite,560,2.822005,3.848156,1.026151,True
Cu2Sr0.5Ba0.5Ge1Te4_kesterite,560,4.637932,5.007753,0.369821,True
Cu2Sr0.5Ba0.5Ge1Te4_stannite,560,4.640242,4.968821,0.328579,True
Cu2Sr0.5Ba0.5Sn1S4_kesterite,560,3.725852,4.829658,1.103806,True
Cu2Sr0.5Ba0.5Sn1S4_stannite,560,4.239140,5.913753,1.674613,False
Cu2Sr0.5Ba0.5Sn1Se4_kesterite,560,3.426442,4.140657,0.714215,True
Cu2Sr0.5Ba0.5Sn1Se4_stannite,560,3.067148,4.638979,1.571831,True
Cu2Sr0.5Ba0.5Sn1Te4_kesterite,560,5.330981,5.792111,0.461130,True
Cu2Sr0.5Ba0.5Sn1Te4_stannite,560,3.946954,5.092779,1.145825,True
Cu2Sr0.5Ba0.5Zr1S4_kesterite,544,3.545959,5.393065,1.847106,False
Cu2Sr0.5Ba0.5Zr1S4_stannite,544,3.515065,5.867532,2.352467,True
Cu2Sr0.5Ba0.5Zr1Se4_kesterite,544,3.072851,4.567224,1.494373,False
Cu2Sr0.5Ba0.5Zr1Se4_stannite,544,3.159662,4.846989,1.687327,True
Cu2Sr0.5Ba0.5Zr1Te4_kesterite,544,3.406325,4.645492,1.239167,False
Cu2Sr0.5Ba0.5Zr1Te4_stannite,544,3.503467,4.807737,1.304270,True
Cu2Sr0.5Cd0.5Ge1S4_stannite,568,3.606923,5.504298,1.897375,True
Cu2Sr0.5Cd0.5Ge1Se4_kesterite,568,2.848158,3.988975,1.140817,True
Cu2Sr0.5Cd0.5Ge1Se4_stannite,568,2.889278,4.142935,1.253657,True
Cu2Sr0.5Cd0.5Ge1Te4_kesterite,568,5.072830,5.542383,0.469553,True
Cu2Sr0.5Cd0.5Ge1Te4_stannite,568,5.102440,5.873851,0.771411,True
Cu2Sr0.5Cd0.5Sn1S4_kesterite,568,3.866084,5.297694,1.431610,True
Cu2Sr0.5Cd0.5Sn1S4_stannite,568,4.153825,5.407593,1.253768,True
Cu2Sr0.5Cd0.5Sn1Se4_kesterite,568,3.362752,4.241958,0.879206,True
Cu2Sr0.5Cd0.5Sn1Se4_stannite,568,3.085361,3.866945,0.781584,True
Cu2Sr0.5Cd0.5Sn1Te4_kesterite,568,5.654069,6.252834,0.598765,True
Cu2Sr0.5Cd0.5Sn1Te4_stannite,568,5.527838,6.306753,0.778915,True
Cu2Sr0.5Cd0.5Zr1S4_kesterite,552,3.322331,5.494281,2.171950,False
Cu2Sr0.5Cd0.5Zr1S4_stannite,552,3.552217,5.524834,1.972617,False
Cu2Sr0.5Cd0.5Zr1Se4_kesterite,552,2.675876,4.317178,1.641302,False
Cu2Sr0.5Cd0.5Zr1Se4_stannite,552,3.190045,4.613248,1.423203,False
Cu2Sr0.5Cd0.5Zr1Te4_stannite,552,3.942767,4.858300,0.915533,True
Cu2Sr0.5Zn0.5Ge1S4_kesterite,568,3.763795,5.483510,1.719715,True
Cu2Sr0.5Zn0.5Ge1S4_stannite,568,3.892618,5.423940,1.531322,True
Cu2Sr0.5Zn0.5Ge1Se4_kesterite,568,3.018412,4.020267,1.001855,True
Cu2Sr0.5Zn0.5Ge1Te4_stannite,568,5.031455,5.676818,0.645363,True
Cu2Sr0.5Zn0.5Sn1S4_kesterite,568,4.234594,5.494398,1.259804,True
Cu2Sr0.5Zn0.5Sn1S4_stannite,568,3.923767,5.422929,1.499162,True
Cu2Sr0.5Zn0.5Sn1Se4_kesterite,568,3.385461,4.346906,0.961445,True
Cu2Sr0.5Zn0.5Sn1Se4_stannite,568,3.513067,4.330755,0.817688,True
Cu2Sr0.5Zn0.5Sn1Te4_kesterite,568,4.475779,5.000070,0.524291,True
Cu2Sr0.5Zn0.5Sn1Te4_stannite,568,5.532389,6.209310,0.676921,True
Cu2Sr0.5Zn0.5Zr1S4_kesterite,552,3.899934,5.645054,1.745120,False
Cu2Sr0.5Zn0.5Zr1S4_stannite,552,4.011300,5.557157,1.545857,True
Cu2Sr0.5Zn0.5Zr1Se4_kesterite,552,2.908182,4.438278,1.530096,True
Cu2Sr0.5Zn0.5Zr1Se4_stannite,552,2.561325,4.139104,1.577779,True
Cu2Sr0.5Zn0.5Zr1Te4_kesterite,552,4.028208,5.080176,1.051968,True
Cu2Sr0.5Zn0.5Zr1Te4_stannite,552,5.027918,5.914543,0.886625,True
Cu2Sr1Ge0.5Zr0.5S4_kesterite,552,3.411102,5.325715,1.914613,False
Cu2Sr1Ge0.5Zr0.5S4_stannite,552,3.642555,5.843810,2.201255,True
Cu2Sr1Ge0.5Zr0.5Se4_kesterite,552,2.393256,3.805661,1.412405,False
Cu2Sr1Ge0.5Zr0.5Te4_kesterite,552,4.342319,4.937770,0.595451,False
Cu2Sr1Ge1S1Se1Te2_stannite,560,3.659757,4.851019,1.191262,False
Cu2Sr1Ge1S1Se2Te1_kesterite,560,3.706029,4.191128,0.485099,True
Cu2Sr1Ge1S2Se2_kesterite,560,3.022525,4.280907,1.258382,False
Cu2Sr1Ge1S2Se2_stannite,560,3.684279,5.285495,1.601216,True
Cu2Sr1Ge1S2Te2_kesterite,560,3.928721,5.085538,1.156817,True
Cu2Sr1Ge1S2Te2_stannite,560,4.526741,5.465520,0.938779,True
Cu2Sr1Ge1S3Se1_kesterite,560,3.007133,4.699014,1.691881,False
Cu2Sr1Ge1S3Se1_stannite,560,4.098162,5.792224,1.694062,False
Cu2Sr1Ge1S3Te1_kesterite,560,4.369703,5.030436,0.660733,False
Cu2Sr1Ge1S4_kesterite,140,4.025738,5.107745,1.082007,False
Cu2Sr1Ge1S4_stannite,140,4.855688,6.248533,1.392845,True
Cu2Sr1Ge1Se4_kesterite,140,2.717688,3.590407,0.872719,True
Cu2Sr1Ge1Se4_stannite,140,3.198086,4.904053,1.705967,True
Cu2Sr1Ge1Te4_kesterite,140,3.918124,4.171416,0.253292,True
Cu2Sr1Sn0.5Ge0.5S4_stannite,560,3.831280,6.101184,2.269904,True
Cu2Sr1Sn0.5Ge0.5Se4_kesterite,560,2.613732,3.498589,0.884857,True
Cu2Sr1Sn0.5Ge0.5Se4_stannite,560,3.243165,4.634935,1.391770,True
Cu2Sr1Sn0.5Ge0.5Te4_stannite,560,4.712828,5.948998,1.236170,True
Cu2Sr1Sn0.5Zr0.5S4_kesterite,552,3.438842,5.451642,2.012800,False
Cu2Sr1Sn0.5Zr0.5S4_stannite,552,3.662658,5.674797,2.012139,True
Cu2Sr1Sn0.5Zr0.5Se4_kesterite,552,2.712237,3.933465,1.221228,False
Cu2Sr1Sn0.5Zr0.5Se4_stannite,552,3.170620,4.585674,1.415054,False
Cu2Sr1Sn1S1Se3_stannite,560,3.519630,4.759032,1.239402,False
Cu2Sr1Sn1S1Te3_kesterite,560,5.129417,5.594720,0.465303,True
Cu2Sr1Sn1S1Te3_stannite,560,3.972058,5.002358,1.030300,True
Cu2Sr1Sn1S2Se1Te1_kesterite,560,4.173282,5.044426,0.871144,True
Cu2Sr1Sn1S2Se1Te1_stannite,560,4.068123,5.279861,1.211738,True
Cu2Sr1Sn1S2Se2_stannite,560,3.887198,5.068268,1.181070,False
Cu2Sr1Sn1S2Te2_kesterite,560,4.667876,5.393250,0.725374,True
Cu2Sr1Sn1S3Se1_kesterite,560,3.465847,4.517956,1.052109,False
Cu2Sr1Sn1S3Te1_kesterite,560,4.387263,4.990028,0.602765,True
Cu2Sr1Sn1S4_kesterite,140,3.376484,4.821073,1.444589,False
Cu2Sr1Sn1S4_stannite,140,4.948284,6.476348,1.528064,True
Cu2Sr1Sn1Se1Te3_kesterite,560,4.465621,4.889848,0.424227,True
Cu2Sr1Sn1Se2Te2_kesterite,560,3.561055,4.093035,0.531980,True
Cu2Sr1Sn1Se4_kesterite,140,3.164257,3.703263,0.539006,True
Cu2Sr1Zr1S1Te3_kesterite,544,4.163392,5.259735,1.096343,True
Cu2Sr1Zr1S2Se2_kesterite,544,2.861966,4.790624,1.928658,False
Cu2Sr1Zr1S2Te2_kesterite,544,3.889244,5.216949,1.327705,False
Cu2Sr1Zr1S3Se1_kesterite,544,3.536466,5.216773,1.680307,False
Cu2Sr1Zr1S4_kesterite,544,3.415980,5.469223,2.053243,False
Cu2Sr1Zr1S4_stannite,544,3.745552,5.843677,2.098125,True
Cu2Sr1Zr1Se2Te2_kesterite,544,3.171637,4.643720,1.472083,False
Cu2Sr1Zr1Se4_kesterite,544,2.900432,4.651144,1.750712,False
Cu2Sr1Zr1Se4_stannite,544,3.111008,4.809832,1.698824,True
Cu2Sr1Zr1Te4_stannite,544,3.525795,4.956620,1.430825,True
Cu2Zn0.5Cd0.5Ge1S4_kesterite,576,4.062124,5.817668,1.755544,True
Cu2Zn0.5Cd0.5Ge1S4_stannite,576,4.175959,5.722834,1.546875,True
Cu2Zn0.5Cd0.5Ge1Se4_kesterite,576,3.268977,4.257144,0.988167,True
Cu2Zn0.5Cd0.5Ge1Se4_stannite,576,3.280111,4.069251,0.789140,True
Cu2Zn0.5Cd0.5Ge1Te4_kesterite,576,5.284825,5.779665,0.494840,True
Cu2Zn0.5Cd0.5Ge1Te4_stannite,576,5.425025,5.885031,0.460006,True
Cu2Zn0.5Cd0.5Sn1S4_kesterite,576,4.472352,5.629913,1.157561,True
Cu2Zn0.5Cd0.5Sn1S4_stannite,576,4.494078,5.572340,1.078262,True
Cu2Zn0.5Cd0.5Sn1Se4_kesterite,576,3.720645,4.440921,0.720276,True
Cu2Zn0.5Cd0.5Sn1Se4_stannite,576,3.731480,4.370198,0.638718,True
Cu2Zn0.5Cd0.5Sn1Te4_kesterite,576,5.917811,6.499005,0.581194,True
Cu2Zn0.5Cd0.5Sn1Te4_stannite,576,5.879013,6.426735,0.547722,True
Cu2Zn0.5Cd0.5Zr1S4_stannite,560,3.937227,5.748466,1.811239,False
Cu2Zn0.5Cd0.5Zr1Se4_kesterite,560,3.008521,4.729299,1.720778,True
Cu2Zn0.5Cd0.5Zr1Se4_stannite,560,2.957019,4.721168,1.764149,False
Cu2Zn0.5Cd0.5Zr1Te4_kesterite,560,5.137643,6.067207,0.929564,True
Cu2Zn0.5Cd0.5Zr1Te4_stannite,560,5.037778,6.077183,1.039405,True
Cu2Zn1Ge0.5Zr0.5S4_kesterite,568,4.407720,6.116359,1.708639,False
Cu2Zn1Ge0.5Zr0.5S4_stannite,568,4.176729,5.879678,1.702949,False
Cu2Zn1Ge0.5Zr0.5Se4_stannite,568,3.290679,4.376467,1.085788,False
Cu2Zn1Ge0.5Zr0.5Te4_kesterite,568,5.015719,5.805491,0.789772,False
Cu2Zn1Ge0.5Zr0.5Te4_stannite,568,4.951430,5.511387,0.559957,False
Cu2Zn1Ge1S1Se1Te2_kesterite,576,4.769028,5.581432,0.812404,True
Cu2Zn1Ge1S1Se1Te2_stannite,576,5.067206,5.385501,0.318295,True
Cu2Zn1Ge1S1Se2Te1_kesterite,576,4.166233,5.189246,1.023013,True
Cu2Zn1Ge1S1Se2Te1_stannite,576,4.519445,4.878875,0.359430,True
Cu2Zn1Ge1S1Se3_kesterite,576,3.488570,4.833241,1.344671,True
Cu2Zn1Ge1S1Se3_stannite,576,3.485937,4.574732,1.088795,True
Cu2Zn1Ge1S1Te3_kesterite,576,5.177209,5.840443,0.663234,True
Cu2Zn1Ge1S1Te3_stannite,576,5.263332,5.594362,0.331030,True
Cu2Zn1Ge1S2Se1Te1_kesterite,576,4.310067,5.449326,1.139259,True
Cu2Zn1Ge1S2Se1Te1_stannite,576,4.554058,5.235968,0.681910,True
Cu2Zn1Ge1S2Se2_kesterite,576,3.734220,5.159692,1.425472,True
Cu2Zn1Ge1S2Se2_stannite,576,3.960896,4.985572,1.024676,True
Cu2Zn1Ge1S2Te2_kesterite,576,5.062212,5.880221,0.818009,True
Cu2Zn1Ge1S2Te2_stannite,576,5.050297,5.536311,0.486014,True
Cu2Zn1Ge1S3Se1_kesterite,576,3.760277,5.615316,1.855039,True
Cu2Zn1Ge1S3Se1_stannite,576,4.000234,5.502851,1.502617,True
Cu2Zn1Ge1S3Te1_kesterite,576,4.768213,5.944712,1.176499,True
Cu2Zn1Ge1S3Te1_stannite,576,5.232463,5.753302,0.520839,True
Cu2Zn1Ge1S4_kesterite,144,4.639349,6.204601,1.565252,True
Cu2Zn1Ge1S4_stannite,144,4.071000,6.009751,1.938751,True
Cu2Zn1Ge1Se1Te3_kesterite,576,4.989847,5.559115,0.569268,True
Cu2Zn1Ge1Se1Te3_stannite,576,4.596620,4.847579,0.250959,True
Cu2Zn1Ge1Se2Te2_kesterite,576,4.478847,5.280323,0.801476,True
Cu2Zn1Ge1Se2Te2_stannite,576,4.640300,5.106523,0.466223,True
Cu2Zn1Ge1Se3Te1_kesterite,576,4.109996,4.888287,0.778291,True
Cu2Zn1Ge1Se3Te1_stannite,576,4.204074,4.675410,0.471336,True
Cu2Zn1Ge1Se4_kesterite,144,3.214076,4.442762,1.228686,True
Cu2Zn1Ge1Se4_stannite,144,3.292816,4.254260,0.961444,True
Cu2Zn1Ge1Te4_kesterite,144,4.852558,5.647416,0.794858,True
Cu2Zn1Ge1Te4_stannite,144,4.774572,5.249191,0.474619,True
Cu2Zn1Sn0.25Zr0.75S2Se2_kesterite,564,5.447705,5.319594,0.000000,False
Cu2Zn1Sn0.25Zr0.75S2Se2_stannite,564,3.656874,5.077737,1.420863,False
Cu2Zn1Sn0.25Zr0.75S4_kesterite,564,3.927700,6.267005,2.339305,False
Cu2Zn1Sn0.25Zr0.75S4_stannite,564,2.047761,2.310864,0.263103,False
Cu2Zn1Sn0.25Zr0.75Se4_kesterite,564,3.090030,4.793181,1.703151,False
Cu2Zn1Sn0.25Zr0.75Se4_stannite,564,2.853771,4.535713,1.681942,False
Cu2Zn1Sn0.5Ge0.5S4_kesterite,576,4.149048,5.928717,1.779669,True
Cu2Zn1Sn0.5Ge0.5S4_stannite,576,4.483034,5.841586,1.358552,True
Cu2Zn1Sn0.5Ge0.5Se4_kesterite,576,3.553225,4.447910,0.894685,True
Cu2Zn1Sn0.5Ge0.5Se4_stannite,576,3.603311,4.302620,0.699309,True
Cu2Zn1Sn0.5Ge0.5Te4_kesterite,576,5.508829,5.939876,0.431047,True
Cu2Zn1Sn0.5Ge0.5Te4_stannite,576,5.578048,5.743886,0.165838,True
Cu2Zn1Sn0.5Zr0.5S2Se2_stannite,568,3.595999,5.120181,1.524182,False
Cu2Zn1Sn0.5Zr0.5S4_kesterite,568,3.842658,6.030103,2.187445,False
Cu2Zn1Sn0.5Zr0.5S4_stannite,568,3.965753,5.699269,1.733516,False
Cu2Zn1Sn0.5Zr0.5Se4_kesterite,568,3.215970,4.520631,1.304661,False
Cu2Zn1Sn0.5Zr0.5Se4_stannite,568,1.785394,2.359427,0.574033,True
Cu2Zn1Sn0.5Zr0.5Te4_kesterite,568,4.489388,5.279804,0.790416,True
Cu2Zn1Sn0.5Zr0.5Te4_stannite,568,4.428661,5.105233,0.676572,True
Cu2Zn1Sn0.75Zr0.25S2Se2_kesterite,572,3.793775,5.119899,1.326124,True
Cu2Zn1Sn0.75Zr0.25S2Se2_stannite,572,4.030122,5.061777,1.031655,True
Cu2Zn1Sn0.75Zr0.25S4_kesterite,572,4.398572,5.954721,1.556149,True
Cu2Zn1Sn0.75Zr0.25Se4_kesterite,572,3.393931,4.433685,1.039754,True
Cu2Zn1Sn0.75Zr0.25Se4_stannite,572,1.873141,2.168016,0.294875,True
Cu2Zn1Sn1S1Se1Te2_kesterite,576,4.767473,5.358992,0.591519,True
Cu2Zn1Sn1S1Se1Te2_stannite,576,5.337981,5.650839,0.312858,True
Cu2Zn1Sn1S1Se2Te1_kesterite,576,4.558480,5.336403,0.777923,True
Cu2Zn1Sn1S1Se2Te1_stannite,576,4.809943,5.221817,0.411874,True
Cu2Zn1Sn1S1Se3_kesterite,576,4.006530,4.882349,0.875819,True
Cu2Zn1Sn1S1Se3_stannite,576,4.072391,4.759892,0.687501,True
Cu2Zn1Sn1S1Te3_kesterite,576,4.986689,5.558760,0.572071,True
Cu2Zn1Sn1S1Te3_stannite,576,5.655493,5.917987,0.262494,True
Cu2Zn1Sn1S2Se1Te1_kesterite,576,4.754558,5.639313,0.884755,True
Cu2Zn1Sn1S2Se1Te1_stannite,576,4.848393,5.458301,0.609908,True
Cu2Zn1Sn1S2Te2_kesterite,576,4.970876,5.734575,0.763699,True
Cu2Zn1Sn1S3Se1_kesterite,576,4.413904,5.541122,1.127218,True
Cu2Zn1Sn1S3Se1_stannite,576,4.556484,5.436041,0.879557,True
Cu2Zn1Sn1S3Te1_kesterite,576,5.014566,5.926270,0.911704,True
Cu2Zn1Sn1S3Te1_stannite,576,5.497329,5.790855,0.293526,True
Cu2Zn1Sn1S4_kesterite,144,4.390697,5.951697,1.561000,True
Cu2Zn1Sn1S4_stannite,144,4.331520,5.772829,1.441309,True
Cu2Zn1Sn1Se1Te3_kesterite,576,4.756317,5.269383,0.513066,True
Cu2Zn1Sn1Se1Te3_stannite,576,5.518805,5.688801,0.169996,True
Cu2Zn1Sn1Se2Te2_kesterite,576,4.460634,5.032036,0.571402,True
Cu2Zn1Sn1Se2Te2_stannite,576,4.965858,5.422881,0.457023,True
Cu2Zn1Sn1Se3Te1_kesterite,576,4.426421,5.097101,0.670680,True
Cu2Zn1Sn1Se3Te1_stannite,576,4.605402,4.947170,0.341768,True
Cu2Zn1Sn1Se4_stannite,144,3.696382,4.133061,0.436679,True
Cu2Zn1Sn1Te4_kesterite,144,5.080225,5.807700,0.727475,True
Cu2Zn1Sn1Te4_stannite,144,5.134080,5.569218,0.435138,True
Cu2Zn1Zr1S1Se1Te2_kesterite,560,4.135409,5.290793,1.155384,False
Cu2Zn1Zr1S1Se1Te2_stannite,560,4.335197,5.342369,1.007172,True
Cu2Zn1Zr1S1Se2Te1_kesterite,560,4.211761,5.376204,1.164443,True
Cu2Zn1Zr1S1Se2Te1_stannite,560,4.144161,5.337144,1.192983,True
Cu2Zn1Zr1S1Se3_kesterite,560,3.464271,5.033784,1.569513,True
Cu2Zn1Zr1S1Se3_stannite,560,3.205761,5.028049,1.822288,True
Cu2Zn1Zr1S1Te3_kesterite,560,4.426279,5.463206,1.036927,True
Cu2Zn1Zr1S1Te3_stannite,560,4.660839,5.537106,0.876267,False
Cu2Zn1Zr1S2Se1Te1_kesterite,560,4.391799,5.672466,1.280667,True
Cu2Zn1Zr1S2Se1Te1_stannite,560,4.758017,5.618468,0.860451,True
Cu2Zn1Zr1S2Se2_kesterite,560,3.188656,5.245019,2.056363,True
Cu2Zn1Zr1S2Se2_stannite,560,3.555446,4.937900,1.382454,False
Cu2Zn1Zr1S2Te2_kesterite,560,4.292401,5.608318,1.315917,False
Cu2Zn1Zr1S3Se1_stannite,560,4.112664,5.590099,1.477435,False
Cu2Zn1Zr1S3Te1_kesterite,560,4.903202,5.973601,1.070399,True
Cu2Zn1Zr1S3Te1_stannite,560,5.039231,5.922944,0.883713,True
Cu2Zn1Zr1S4_kesterite,560,4.166601,5.794916,1.628315,False
Cu2Zn1Zr1S4_stannite,560,3.473288,5.536871,2.063583,True
Cu2Zn1Zr1Se1Te3_kesterite,560,4.154120,5.187942,1.033822,True
Cu2Zn1Zr1Se1Te3_stannite,560,4.054540,5.211109,1.156569,True
Cu2Zn1Zr1Se2Te2_kesterite,560,3.900388,5.053075,1.152687,True
Cu2Zn1Zr1Se2Te2_stannite,560,3.822685,5.015485,1.192800,False
Cu2Zn1Zr1Se3Te1_kesterite,560,3.500219,4.859721,1.359502,True
Cu2Zn1Zr1Se3Te1_stannite,560,4.173035,5.113960,0.940925,True
Cu2Zn1Zr1Se4_kesterite,560,2.968679,4.579897,1.611218,True
Cu2Zn1Zr1Se4_stannite,560,2.629742,4.330418,1.700676,True
Cu2Zn1Zr1Te4_kesterite,560,4.972688,5.966104,0.993416,True
Cu2Zn1Zr1Te4_stannite,560,5.040492,6.042645,1.002153,True
K0.5Ag0.5Al0.5Ga0.5S1Te1_kesterite,480,2.576815,4.831946,2.255131,False
K0.5Ag0.5Al0.5Ga0.5S1Te1_stannite,480,3.645683,4.350138,0.704455,True
K0.5Ag0.5Al0.5In0.5S2_kesterite,480,2.371341,4.758377,2.387036,False
K0.5Ag0.5Al1S1Te1_kesterite,400,2.719769,5.278921,2.559152,True
K0.5Ag0.5Al1S1Te1_stannite,400,3.716066,4.787120,1.071054,True
K0.5Ag0.5Al1S2_kesterite,400,1.994505,5.378453,3.383948,False
K0.5Ag0.5Al1Se1Te1_kesterite,400,2.587372,4.800844,2.213472,True
K0.5Ag0.5Al1Se1Te1_stannite,400,3.038665,4.187049,1.148384,False
K0.5Ag0.5Al1Se2_kesterite,400,1.614142,4.031784,2.417642,False
K0.5Ag0.5Al1Se2_stannite,400,2.253983,3.992591,1.738608,False
K0.5Ag0.5Al1Te2_kesterite,400,2.783343,4.851291,2.067948,False
K0.5Ag0.5Al1Te2_stannite,400,3.453620,4.587186,1.133566,False
K0.5Ag0.5Ga0.5In0.5S1Se1_kesterite,560,2.210182,4.105448,1.895266,True
K0.5Ag0.5Ga0.5In0.5S1Se1_stannite,560,2.515082,3.712179,1.197097,False
K0.5Ag0.5Ga0.5In0.5Se1Te1_kesterite,560,2.731450,4.200683,1.469233,True
K0.5Ag0.5Ga0.5In0.5Se1Te1_stannite,560,2.950283,3.442234,0.491951,False
K0.5Ag0.5Ga0.5In0.5Se2_kesterite,560,1.608613,3.251545,1.642932,False
K0.5Ag0.5Ga0.5In0.5Se2_stannite,560,2.223668,3.027697,0.804029,False
K0.5Ag0.5Ga1S2_kesterite,560,1.879619,4.740522,2.860903,False
K0.5Ag0.5Ga1S2_stannite,560,3.386699,4.595141,1.208442,False
K0.5Ag0.5Ga1Se2_kesterite,560,1.409928,3.248256,1.838328,False
K0.5Ag0.5Ga1Se2_stannite,560,2.313683,3.157936,0.844253,False
K0.5Ag0.5Ga1Te2_kesterite,560,2.886483,4.285131,1.398648,True
K0.5Ag0.5Ga1Te2_stannite,560,3.496810,3.872711,0.375901,False
K0.5Ag0.5In1S1Te1_kesterite,560,3.101949,4.712844,1.610895,False
K0.5Ag0.5In1S1Te1_stannite,560,2.971557,3.835596,0.864039,True
K0.5Ag0.5In1S2_stannite,560,2.987242,4.250534,1.263292,False
K0.5Ag0.5In1Se2_kesterite,560,1.665350,3.053632,1.388282,False
K0.5Ag0.5In1Se2_stannite,560,2.234089,3.060758,0.826669,False
K0.5Ag0.5In1Te2_kesterite,560,3.193842,4.489883,1.296041,True
K0.5Ag0.5In1Te2_stannite,560,3.505337,4.180162,0.674825,False
K0.5Ag1.5Ba1Ge1S4_stannite,552,2.940199,5.176155,2.235956,False
K0.5Ag1.5Ba1Sn1Te4_kesterite,552,4.501201,5.834145,1.332944,False
K0.5Ag1.5Ba1Zr1S4_kesterite,536,2.998059,4.957028,1.958969,False
K0.5Ag1.5Ba1Zr1Se4_kesterite,536,2.505397,4.311075,1.805678,False
K0.5Ag1.5Ba1Zr1Te4_kesterite,536,4.260374,5.601225,1.340851,False
K0.5Ag1.5Ca1Ge1Se4_stannite,552,2.101437,3.706430,1.604993,True
K0.5Ag1.5Ca1Sn1S4_kesterite,552,1.855098,4.273740,2.418642,False
K0.5Ag1.5Ca1Sn1Se4_stannite,552,1.691993,3.136941,1.444948,True
K0.5Ag1.5Ca1Sn1Te4_kesterite,552,2.666387,3.969405,1.303018,True
K0.5Ag1.5Ca1Sn1Te4_stannite,552,2.845933,4.007087,1.161154,True
K0.5Ag1.5Ca1Zr1S4_kesterite,536,2.400550,5.003398,2.602848,False
K0.5Ag1.5Ca1Zr1S4_stannite,536,1.933415,4.764645,2.831230,True
K0.5Ag1.5Ca1Zr1Se4_kesterite,536,1.497228,3.577973,2.080745,False
K0.5Ag1.5Ca1Zr1Te4_stannite,536,2.552021,4.246087,1.694066,True
K0.5Ag1.5Cd1Ge1S4_kesterite,568,2.140400,4.471918,2.331518,True
K0.5Ag1.5Cd1Ge1S4_stannite,568,2.254119,4.021182,1.767063,True
K0.5Ag1.5Cd1Ge1Se4_kesterite,568,1.811709,3.318883,1.507174,True
K0.5Ag1.5Cd1Ge1Se4_stannite,568,2.378643,3.080395,0.701752,True
K0.5Ag1.5Cd1Ge1Te4_stannite,568,4.336205,4.875883,0.539678,True
K0.5Ag1.5Cd1Sn1S4_kesterite,568,2.978503,4.685742,1.707239,True
K0.5Ag1.5Cd1Sn1S4_stannite,568,3.027836,4.560031,1.532195,True
K0.5Ag1.5Cd1Sn1Se4_kesterite,568,1.881121,2.954361,1.073240,True
K0.5Ag1.5Cd1Sn1Se4_stannite,568,3.004055,3.774327,0.770272,True
K0.5Ag1.5Cd1Sn1Te4_kesterite,568,3.333170,4.193724,0.860554,True
K0.5Ag1.5Cd1Sn1Te4_stannite,568,3.463762,3.931005,0.467243,True
K0.5Ag1.5Cd1Zr1S4_kesterite,552,2.915938,5.063851,2.147913,True
K0.5Ag1.5Cd1Zr1S4_stannite,552,2.724394,4.969274,2.244880,False
K0.5Ag1.5Cd1Zr1Se4_kesterite,552,2.259581,4.324099,2.064518,True
K0.5Ag1.5Cd1Zr1Se4_stannite,552,1.790276,3.457719,1.667443,True
K0.5Ag1.5Cd1Zr1Te4_kesterite,552,2.879958,4.243227,1.363269,True
K0.5Ag1.5Cd1Zr1Te4_stannite,552,2.916703,4.143986,1.227283,True
K0.5Ag1.5Mg1Ge1S4_kesterite,488,2.183486,5.003305,2.819819,True
K0.5Ag1.5Mg1Ge1S4_stannite,488,3.084158,4.675629,1.591471,True
K0.5Ag1.5Mg1Ge1Se4_kesterite,488,1.727466,3.711325,1.983859,True
K0.5Ag1.5Mg1Ge1Se4_stannite,488,2.090116,3.395511,1.305395,True
K0.5Ag1.5Mg1Ge1Te4_kesterite,488,3.822312,5.212223,1.389911,True
K0.5Ag1.5Mg1Ge1Te4_stannite,488,4.105633,4.879441,0.773808,True
K0.5Ag1.5Mg1Sn1S4_kesterite,488,3.157391,5.082098,1.924707,True
K0.5Ag1.5Mg1Sn1S4_stannite,488,3.048326,4.896223,1.847897,True
K0.5Ag1.5Mg1Sn1Se4_kesterite,488,2.530484,4.118777,1.588293,True
K0.5Ag1.5Mg1Sn1Se4_stannite,488,2.885543,3.908444,1.022901,True
K0.5Ag1.5Mg1Sn1Te4_kesterite,488,4.672382,6.007791,1.335409,True
K0.5Ag1.5Mg1Sn1Te4_stannite,488,4.817292,5.776136,0.958844,True
K0.5Ag1.5Mg1Zr1S4_kesterite,472,2.558621,5.398097,2.839476,True
K0.5Ag1.5Mg1Zr1S4_stannite,472,3.090218,5.450441,2.360223,False
K0.5Ag1.5Mg1Zr1Se4_kesterite,472,2.437187,4.547205,2.110018,True
K0.5Ag1.5Mg1Zr1Se4_stannite,472,2.498522,4.587652,2.089130,False
K0.5Ag1.5Mg1Zr1Te4_kesterite,472,3.116323,4.633904,1.517581,True
K0.5Ag1.5Mg1Zr1Te4_stannite,472,3.216593,4.665352,1.448759,True
K0.5Ag1.5Sr1Ge1S4_stannite,552,2.671228,4.875152,2.203924,False
K0.5Ag1.5Sr1Sn1S4_kesterite,552,1.826739,4.091558,2.264819,False
K0.5Ag1.5Sr1Sn1Se4_kesterite,552,1.509167,2.944107,1.434940,False
K0.5Ag1.5Sr1Sn1Te4_kesterite,552,4.438014,5.869343,1.431329,True
K0.5Ag1.5Sr1Zr1S4_stannite,536,2.266730,4.896803,2.630073,False
K0.5Ag1.5Sr1Zr1Se4_kesterite,536,2.156414,4.304784,2.148370,False
K0.5Ag1.5Sr1Zr1Te4_kesterite,536,4.094308,5.629749,1.535441,False
K0.5Ag1.5Zn1Ge1S4_kesterite,568,2.944339,5.049137,2.104798,True
K0.5Ag1.5Zn1Ge1S4_stannite,568,3.242401,4.531802,1.289401,True
K0.5Ag1.5Zn1Ge1Se4_kesterite,568,2.181352,3.683330,1.501978,True
K0.5Ag1.5Zn1Ge1Se4_stannite,568,2.354952,3.262410,0.907458,True
K0.5Ag1.5Zn1Ge1Te4_kesterite,568,4.052062,5.207636,1.155574,True
K0.5Ag1.5Zn1Sn1S4_kesterite,568,2.999850,4.870181,1.870331,True
K0.5Ag1.5Zn1Sn1S4_stannite,568,3.162501,4.651849,1.489348,True
K0.5Ag1.5Zn1Sn1Se4_kesterite,568,2.625523,3.851734,1.226211,True
K0.5Ag1.5Zn1Sn1Se4_stannite,568,2.977237,3.576930,0.599693,True
K0.5Ag1.5Zn1Sn1Te4_kesterite,568,4.788744,5.862033,1.073289,True
K0.5Ag1.5Zn1Sn1Te4_stannite,568,4.938313,5.288270,0.349957,True
K0.5Ag1.5Zn1Zr1S4_kesterite,552,2.961360,5.021580,2.060220,True
K0.5Ag1.5Zn1Zr1S4_stannite,552,2.870782,4.795937,1.925155,False
K0.5Ag1.5Zn1Zr1Se4_kesterite,552,2.010053,4.125718,2.115665,True
K0.5Ag1.5Zn1Zr1Se4_stannite,552,2.130433,3.636290,1.505857,False
K0.5Ag1.5Zn1Zr1Te4_kesterite,552,4.343330,5.392137,1.048807,True
K0.5Ag1.5Zn1Zr1Te4_stannite,552,3.089109,4.252597,1.163488,True
K0.5Cs0.5Ag1Ba1Ge1Se4_kesterite,544,0.797413,2.220944,1.423531,True
K0.5Cs0.5Ag1Ba1Ge1Te4_kesterite,544,2.307831,3.068762,0.760931,True
K0.5Cs0.5Ag1Ba1Ge1Te4_stannite,544,2.440521,3.680858,1.240337,False
K0.5Cs0.5Ag1Ba1Zr1S4_stannite,528,1.776617,4.445611,2.668994,False
K0.5Cs0.5Ag1Ba1Zr1Te4_kesterite,528,3.233303,4.637318,1.404015,False
K0.5Cs0.5Ag1Ba1Zr1Te4_stannite,528,3.079484,4.846947,1.767463,False
K0.5Cs0.5Ag1Ca1Sn1S4_stannite,544,1.732176,3.995492,2.263316,False
K0.5Cs0.5Ag1Ca1Sn1Se4_stannite,544,1.309247,2.861671,1.552424,False
K0.5Cs0.5Ag1Ca1Sn1Te4_stannite,544,2.178763,3.437000,1.258237,False
K0.5Cs0.5Ag1Ca1Zr1S4_stannite,528,2.284126,5.355648,3.071522,False
K0.5Cs0.5Ag1Ca1Zr1Te4_stannite,528,2.141173,4.234396,2.093223,True
K0.5Cs0.5Ag1Cd1Ge1S4_stannite,560,2.286605,4.092872,1.806267,False
K0.5Cs0.5Ag1Cd1Ge1Te4_stannite,560,2.754066,3.295065,0.540999,False
K0.5Cs0.5Ag1Cd1Sn1S4_stannite,560,2.825225,4.490209,1.664984,False
K0.5Cs0.5Ag1Cd1Sn1Se4_stannite,560,1.859164,2.724974,0.865810,False
K0.5Cs0.5Ag1Cd1Zr1S4_kesterite,544,1.819065,3.972839,2.153774,True
K0.5Cs0.5Ag1Cd1Zr1S4_stannite,544,1.888050,4.043946,2.155896,True
K0.5Cs0.5Ag1Cd1Zr1Se4_stannite,544,1.280905,3.095860,1.814955,False
K0.5Cs0.5Ag1Cd1Zr1Te4_stannite,544,3.492523,4.594324,1.101801,True
K0.5Cs0.5Ag1Mg1Ge1S4_stannite,480,2.664502,4.204130,1.539628,False
K0.5Cs0.5Ag1Mg1Ge1Se4_stannite,480,2.176181,3.386577,1.210396,False
K0.5Cs0.5Ag1Mg1Sn1S4_stannite,480,2.838443,4.692652,1.854209,False
K0.5Cs0.5Ag1Mg1Sn1Se4_stannite,480,2.420858,3.740660,1.319802,False
K0.5Cs0.5Ag1Mg1Sn1Te4_stannite,480,4.488551,5.172184,0.683633,False
K0.5Cs0.5Ag1Mg1Zr1S4_kesterite,464,1.548769,4.321830,2.773061,True
K0.5Cs0.5Ag1Mg1Zr1S4_stannite,464,2.493024,5.069812,2.576788,False
K0.5Cs0.5Ag1Mg1Zr1Se4_kesterite,464,1.394688,3.505491,2.110803,True
K0.5Cs0.5Ag1Mg1Zr1Se4_stannite,464,2.287261,4.247002,1.959741,True
K0.5Cs0.5Ag1Mg1Zr1Te4_kesterite,464,2.185838,3.842102,1.656264,False
K0.5Cs0.5Ag1Mg1Zr1Te4_stannite,464,3.901544,5.340162,1.438618,True
K0.5Cs0.5Ag1Sr1Ge1S4_stannite,544,1.461192,4.185075,2.723883,False
K0.5Cs0.5Ag1Sr1Ge1Se4_kesterite,544,1.510616,3.335935,1.825319,False
K0.5Cs0.5Ag1Sr1Ge1Se4_stannite,544,1.140403,3.082544,1.942141,False
K0.5Cs0.5Ag1Zn1Ge1S4_stannite,560,2.556413,4.240734,1.684321,False
K0.5Cs0.5Ag1Zn1Ge1Se4_stannite,560,2.431879,3.234341,0.802462,False
K0.5Cs0.5Ag1Zn1Ge1Te4_stannite,560,3.195215,3.476029,0.280814,False
K0.5Cs0.5Ag1Zn1Sn1S4_stannite,560,3.213977,4.496653,1.282676,False
K0.5Cs0.5Ag1Zn1Sn1Se4_stannite,560,2.762592,3.526874,0.764282,False
K0.5Cs0.5Ag1Zn1Sn1Te4_kesterite,560,3.089448,3.808711,0.719263,True
K0.5Cs0.5Ag1Zn1Sn1Te4_stannite,560,3.369030,3.764200,0.395170,False
K0.5Cs0.5Ag1Zn1Zr1S4_kesterite,544,2.002221,4.240134,2.237913,False
K0.5Cs0.5Ag1Zn1Zr1S4_stannite,544,2.557966,4.599832,2.041866,True
K0.5Cs0.5Ag1Zn1Zr1Se4_kesterite,544,1.401350,3.240781,1.839431,False
K0.5Cs0.5Ag1Zn1Zr1Te4_stannite,544,2.582822,3.684830,1.102008,True
K0.5Cs0.5Al0.5Ga0.5S1Se1_kesterite,464,1.115718,4.538836,3.423118,False
K0.5Cs0.5Al0.5Ga0.5S1Se1_stannite,464,0.680045,1.375088,0.695043,True
K0.5Cs0.5Al0.5Ga0.5S1Te1_stannite,464,2.793496,3.521833,0.728337,False
K0.5Cs0.5Al0.5Ga0.5S2_kesterite,464,1.147923,4.804571,3.656648,True
K0.5Cs0.5Al0.5Ga0.5Se2_kesterite,464,0.812369,3.847160,3.034791,True
K0.5Cs0.5Al0.5Ga0.5Se2_stannite,464,1.556026,2.996282,1.440256,True
K0.5Cs0.5Al0.5In0.5S1Se1_kesterite,464,1.327534,4.169113,2.841579,False
K0.5Cs0.5Al0.5In0.5S1Se1_stannite,464,1.725591,3.358228,1.632637,True
K0.5Cs0.5Al0.5In0.5Se1Te1_kesterite,464,1.521502,3.245229,1.723727,False
K0.5Cs0.5Al0.5In0.5Se1Te1_stannite,464,2.097321,3.022707,0.925386,True
K0.5Cs0.5Al0.5In0.5Te2_kesterite,464,2.177450,4.406249,2.228799,True
K0.5Cs0.5Al0.5In0.5Te2_stannite,464,2.332651,3.198244,0.865593,True
K0.5Cs0.5Al1S2_kesterite,384,1.367798,5.862205,4.494407,False
K0.5Cs0.5Al1Se2_kesterite,384,0.799902,4.522975,3.723073,False
K0.5Cs0.5Al1Se2_stannite,384,1.820073,3.406975,1.586902,True
K0.5Cs0.5Al1Te2_kesterite,384,2.195162,5.145038,2.949876,True
K0.5Cs0.5Al1Te2_stannite,384,2.540551,3.734782,1.194231,True
K0.5Cs0.5Cu0.5Ag0.5Ba0.5Zn0.5Ge1S1Se1Te2_kesterite,552,2.396844,3.657065,1.260221,False
K0.5Cs0.5Cu0.5Ag0.5Ba0.5Zn0.5Ge1S1Se1Te2_stannite,552,2.846987,3.198787,0.351800,False
K0.5Cs0.5Cu0.5Ag0.5Ba1Ge1Se4_stannite,544,1.952837,3.776468,1.823631,False
K0.5Cs0.5Cu0.5Ag0.5Ba1Sn1Te4_stannite,544,1.890228,3.226285,1.336057,False
K0.5Cs0.5Cu0.5Ag0.5Ca1Ge1S4_kesterite,544,4.838917,4.653638,0.000000,False
K0.5Cs0.5Cu0.5Ag0.5Ca1Ge1S4_stannite,544,4.634323,4.378515,0.000000,False
K0.5Cs0.5Cu0.5Ag0.5Cd1Ge1S4_stannite,560,2.451218,4.196178,1.744960,False
K0.5Cs0.5Cu0.5Ag0.5Cd1Ge1Te4_stannite,560,3.056970,3.621911,0.564941,False
K0.5Cs0.5Cu0.5Ag0.5Cd1Sn1S4_stannite,560,2.396640,3.848155,1.451515,False
K0.5Cs0.5Cu0.5Ag0.5Cd1Zr1Se4_stannite,544,1.982163,3.259596,1.277433,False
K0.5Cs0.5Cu0.5Ag0.5Cd1Zr1Te4_stannite,544,4.070825,5.012236,0.941411,True
K0.5Cs0.5Cu0.5Ag0.5Mg0.5Zn0.5Ge1S1Se1Te2_kesterite,520,2.548502,3.955798,1.407296,True
K0.5Cs0.5Cu0.5Ag0.5Mg0.5Zn0.5Ge1S1Se1Te2_stannite,520,3.183692,3.773910,0.590218,False
K0.5Cs0.5Cu0.5Ag0.5Mg1Ge1Se4_stannite,480,1.810539,3.023861,1.213322,False
K0.5Cs0.5Cu0.5Ag0.5Mg1Sn1S4_stannite,480,3.001263,4.190152,1.188889,False
K0.5Cs0.5Cu0.5Ag0.5Mg1Sn1Se4_stannite,480,2.250058,3.497120,1.247062,False
K0.5Cs0.5Cu0.5Ag0.5Mg1Zr1S4_stannite,464,2.712584,4.745487,2.032903,False
K0.5Cs0.5Cu0.5Ag0.5Mg1Zr1Se4_stannite,464,1.929827,3.735231,1.805404,False
K0.5Cs0.5Cu0.5Ag0.5Sr0.5Zn0.5Sn0.5Ge0.5S4_stannite,552,2.103148,3.667046,1.563898,True
K0.5Cs0.5Cu0.5Ag0.5Sr1Ge1Se4_stannite,544,2.188856,3.799932,1.611076,False
K0.5Cs0.5Cu0.5Ag0.5Zn1Ge1Te4_stannite,560,3.386767,3.673698,0.286931,False
K0.5Cs0.5Cu0.5Ag0.5Zn1Sn1Se1Te3_kesterite,560,3.753489,4.426155,0.672666,False
K0.5Cs0.5Cu0.5Ag0.5Zn1Sn1Se1Te3_stannite,560,2.877268,3.160999,0.283731,False
K0.5Cs0.5Cu0.5Ag0.5Zn1Sn1Se4_stannite,560,2.177489,2.995396,0.817907,False
K0.5Cs0.5Cu0.5Ag0.5Zn1Sn1Te4_stannite,560,4.451731,4.929175,0.477444,False
K0.5Cs0.5Cu0.5Ag0.5Zn1Zr1S4_stannite,544,2.899023,4.398094,1.499071,True
K0.5Cs0.5Cu1Ba1Sn1S4_stannite,544,2.124051,4.095120,1.971069,False
K0.5Cs0.5Cu1Ca1Sn1Te4_kesterite,544,2.201836,3.157887,0.956051,False
K0.5Cs0.5Cu1Cd1Ge1S4_stannite,560,2.839406,4.030399,1.190993,False
K0.5Cs0.5Cu1Cd1Sn1S4_stannite,560,2.985052,4.051941,1.066889,False
K0.5Cs0.5Cu1Mg1Ge1S4_stannite,480,2.764663,4.711814,1.947151,False
K0.5Cs0.5Cu1Mg1Ge1Se4_stannite,480,2.142397,3.180025,1.037628,False
K0.5Cs0.5Cu1Mg1Ge1Te4_stannite,480,4.084411,4.972385,0.887974,False
K0.5Cs0.5Cu1Mg1Sn1Se4_stannite,480,2.285819,3.186931,0.901112,False
K0.5Cs0.5Cu1Mg1Zr1S4_stannite,464,3.165230,5.052908,1.887678,False
K0.5Cs0.5Cu1Sr1Sn1Se4_kesterite,544,2.241736,3.311696,1.069960,True
K0.5Cs0.5Cu1Zn1Ge1S4_stannite,560,3.369293,4.467363,1.098070,False
K0.5Cs0.5Cu1Zn1Ge1Se4_stannite,560,2.218456,3.126843,0.908387,False
K0.5Cs0.5Cu1Zn1Ge1Te4_stannite,560,3.441163,3.810345,0.369182,False
K0.5Cs0.5Cu1Zn1Sn1S4_stannite,560,3.587361,4.683606,1.096245,False
K0.5Cs0.5Cu1Zn1Zr1S4_kesterite,544,3.278464,4.306531,1.028067,False
K0.5Cs0.5Cu1Zn1Zr1S4_stannite,544,2.669045,4.522739,1.853694,True
K0.5Cs0.5Cu1Zn1Zr1Te4_stannite,544,2.868511,3.841552,0.973041,True
K0.5Cs0.5Ga0.5In0.5S1Se1_stannite,544,1.434748,3.133138,1.698390,True
K0.5Cs0.5Ga0.5In0.5S2_kesterite,544,1.020195,3.827841,2.807646,False
K0.5Cs0.5Ga0.5In0.5S2_stannite,544,2.292769,3.337135,1.044366,True
K0.5Cs0.5Ga1S2_kesterite,544,1.159068,5.111330,3.952262,True
K0.5Cs0.5Ga1S2_stannite,544,2.186149,3.853114,1.666965,False
K0.5Cs0.5Ga1Se2_stannite,544,0.723420,1.576817,0.853397,False
K0.5Cs0.5Ga1Te2_kesterite,544,2.217498,4.482137,2.264639,False
K0.5Cs0.5Ga1Te2_stannite,544,2.181526,2.300270,0.118744,False
K0.5Cs0.5In1S1Se1_stannite,544,1.707097,2.959650,1.252553,True
K0.5Cs0.5In1S2_kesterite,544,1.477130,4.094221,2.617091,True
K0.5Cs0.5In1S2_stannite,544,0.980746,2.944134,1.963388,True
K0.5Cs0.5In1Se2_kesterite,544,0.774805,3.049943,2.275138,False
K0.5Cs0.5In1Se2_stannite,544,0.800207,2.318414,1.518207,True
K0.5Cs0.5In1Te2_kesterite,544,2.147653,4.458191,2.310538,False
K0.5Cs0.5In1Te2_stannite,544,3.074868,3.891908,0.817040,True
K0.5Cs1.5Ba1Ge1S4_kesterite,528,1.151183,3.743171,2.591988,False
K0.5Cs1.5Ba1Ge1S4_stannite,528,0.122279,2.986722,2.864443,False
K0.5Cs1.5Ba1Sn1Se4_stannite,528,1.056762,3.404463,2.347701,True
K0.5Cs1.5Ba1Zr1S4_kesterite,512,0.968545,4.368900,3.400355,False
K0.5Cs1.5Ba1Zr1S4_stannite,512,0.973688,4.580239,3.606551,True
K0.5Cs1.5Ba1Zr1Se4_kesterite,512,0.158812,2.961269,2.802457,False
K0.5Cs1.5Ba1Zr1Se4_stannite,512,0.343321,3.247925,2.904604,True
K0.5Cs1.5Ca1Ge1Se4_stannite,528,0.460374,2.267383,1.807009,False
K0.5Cs1.5Ca1Sn1S4_kesterite,528,1.068375,4.391420,3.323045,True
K0.5Cs1.5Ca1Sn1S4_stannite,528,1.315276,3.981512,2.666236,True
K0.5Cs1.5Ca1Sn1Se4_kesterite,528,0.885118,3.600301,2.715183,True
K0.5Cs1.5Ca1Zr1S4_kesterite,512,0.316017,3.874717,3.558700,False
K0.5Cs1.5Ca1Zr1S4_stannite,512,1.142433,4.455084,3.312651,True
K0.5Cs1.5Ca1Zr1Se4_kesterite,512,0.744233,3.898957,3.154724,False
K0.5Cs1.5Ca1Zr1Se4_stannite,512,0.905304,3.737541,2.832237,True
K0.5Cs1.5Ca1Zr1Te4_stannite,512,2.386198,4.496190,2.109992,True
K0.5Cs1.5Cd1Ge1S4_stannite,544,1.447659,3.564373,2.116714,False
K0.5Cs1.5Cd1Ge1Te4_kesterite,544,2.095839,3.757067,1.661228,False
K0.5Cs1.5Cd1Sn1S4_stannite,544,1.824433,3.900697,2.076264,False
K0.5Cs1.5Cd1Sn1Se4_stannite,544,1.717263,3.250220,1.532957,False
K0.5Cs1.5Cd1Zr1S4_kesterite,528,0.596963,3.583055,2.986092,True
K0.5Cs1.5Cd1Zr1S4_stannite,528,1.719600,3.737426,2.017826,True
K0.5Cs1.5Cd1Zr1Se4_kesterite,528,0.278346,2.717678,2.439332,True
K0.5Cs1.5Cd1Zr1Se4_stannite,528,1.635258,3.219364,1.584106,True
K0.5Cs1.5Cd1Zr1Te4_kesterite,528,2.041317,3.746781,1.705464,True
K0.5Cs1.5Cd1Zr1Te4_stannite,528,2.295935,3.296938,1.001003,False
K0.5Cs1.5Mg1Ge1S4_kesterite,464,1.158358,4.800867,3.642509,True
K0.5Cs1.5Mg1Ge1S4_stannite,464,1.367733,3.942320,2.574587,False
K0.5Cs1.5Mg1Ge1Se4_kesterite,464,0.278469,2.175446,1.896977,False
K0.5Cs1.5Mg1Ge1Se4_stannite,464,0.670644,2.528263,1.857619,False
K0.5Cs1.5Mg1Sn1S4_stannite,464,1.572401,3.942207,2.369806,False
K0.5Cs1.5Mg1Sn1Se4_kesterite,464,1.143563,3.671449,2.527886,True
K0.5Cs1.5Mg1Sn1Te4_stannite,464,1.728372,2.819922,1.091550,True
K0.5Cs1.5Mg1Zr1S4_kesterite,448,1.239371,4.752621,3.513250,True
K0.5Cs1.5Mg1Zr1S4_stannite,448,1.356251,3.977721,2.621470,True
K0.5Cs1.5Mg1Zr1Se4_kesterite,448,0.934697,3.877644,2.942947,True
K0.5Cs1.5Mg1Zr1Se4_stannite,448,1.007179,3.205343,2.198164,False
K0.5Cs1.5Mg1Zr1Te4_stannite,448,2.465011,4.000743,1.535732,False
K0.5Cs1.5Sr1Ge1S4_stannite,528,1.064526,3.792216,2.727690,True
K0.5Cs1.5Sr1Ge1Te4_kesterite,528,1.523934,2.568150,1.044216,True
K0.5Cs1.5Sr1Sn1S4_kesterite,528,1.054699,4.257260,3.202561,False
K0.5Cs1.5Sr1Sn1S4_stannite,528,1.233007,4.050765,2.817758,True
K0.5Cs1.5Sr1Sn1Se4_kesterite,528,0.908461,3.521224,2.612763,False
K0.5Cs1.5Sr1Sn1Se4_stannite,528,1.105652,3.288497,2.182845,True
K0.5Cs1.5Sr1Sn1Te4_kesterite,528,2.629089,4.300239,1.671150,False
K0.5Cs1.5Sr1Zr1S4_kesterite,512,0.915962,4.492776,3.576814,False
K0.5Cs1.5Sr1Zr1S4_stannite,512,1.017551,4.576667,3.559116,False
K0.5Cs1.5Sr1Zr1Se4_kesterite,512,0.664724,3.822310,3.157586,False
K0.5Cs1.5Sr1Zr1Se4_stannite,512,0.772885,3.884574,3.111689,True
K0.5Cs1.5Sr1Zr1Te4_kesterite,512,0.580494,3.094159,2.513665,False
K0.5Cs1.5Sr1Zr1Te4_stannite,512,2.183076,4.597683,2.414607,True
K0.5Cs1.5Zn1Ge1S4_kesterite,544,1.538633,4.789464,3.250831,False
K0.5Cs1.5Zn1Ge1S4_stannite,544,1.595873,3.809767,2.213894,False
K0.5Cs1.5Zn1Ge1Se4_kesterite,544,1.406127,3.762026,2.355899,False
K0.5Cs1.5Zn1Ge1Se4_stannite,544,1.197097,2.571407,1.374310,True
K0.5Cs1.5Zn1Sn1S4_kesterite,544,1.262035,4.396846,3.134811,False
K0.5Cs1.5Zn1Sn1S4_stannite,544,1.547475,3.047022,1.499547,False
K0.5Cs1.5Zn1Sn1Se4_kesterite,544,1.463185,3.834050,2.370865,False
K0.5Cs1.5Zn1Sn1Se4_stannite,544,1.140005,2.532071,1.392066,True
K0.5Cs1.5Zn1Zr1S4_kesterite,528,1.578139,4.378177,2.800038,True
K0.5Cs1.5Zn1Zr1S4_stannite,528,1.679415,3.611698,1.932283,False
K0.5Cs1.5Zn1Zr1Se4_kesterite,528,1.390935,3.665982,2.275047,True
K0.5Cs1.5Zn1Zr1Se4_stannite,528,1.379555,2.973278,1.593723,False
K0.5Cs1Ag0.5Ba1Sn1S4_stannite,536,0.799675,3.325153,2.525478,True
K0.5Cs1Ag0.5Ba1Zr1S4_stannite,520,0.626273,3.778192,3.151919,False
K0.5Cs1Ag0.5Ba1Zr1Se4_stannite,520,0.196645,2.958478,2.761833,False
K0.5Cs1Ag0.5Ca1Ge1Te4_stannite,536,1.469164,2.551488,1.082324,True
K0.5Cs1Ag0.5Ca1Sn1S4_stannite,536,1.874983,4.197770,2.322787,True
K0.5Cs1Ag0.5Ca1Sn1Se4_stannite,536,1.833698,3.467162,1.633464,True
K0.5Cs1Ag0.5Ca1Zr1S4_stannite,520,0.850041,4.032422,3.182381,False
K0.5Cs1Ag0.5Ca1Zr1Se4_kesterite,520,2.058429,4.448506,2.390077,True
K0.5Cs1Ag0.5Ca1Zr1Se4_stannite,520,0.813509,3.466140,2.652631,False
K0.5Cs1Ag0.5Ca1Zr1Te4_kesterite,520,1.445810,3.648678,2.202868,False
K0.5Cs1Ag0.5Ca1Zr1Te4_stannite,520,1.427967,3.574890,2.146923,False
K0.5Cs1Ag0.5Cd1Ge1S4_stannite,552,1.309357,3.172329,1.862972,False
K0.5Cs1Ag0.5Cd1Sn1S4_stannite,552,2.576669,3.996095,1.419426,True
K0.5Cs1Ag0.5Cd1Zr1Se4_stannite,536,0.890609,2.650762,1.760153,True
K0.5Cs1Ag0.5Cd1Zr1Te4_kesterite,536,2.658032,3.912530,1.254498,False
K0.5Cs1Ag0.5Cd1Zr1Te4_stannite,536,2.850496,3.667031,0.816535,False
K0.5Cs1Ag0.5Mg1Ge1S4_kesterite,472,1.878703,4.770652,2.891949,True
K0.5Cs1Ag0.5Mg1Ge1S4_stannite,472,1.948111,3.921864,1.973753,True
K0.5Cs1Ag0.5Mg1Ge1Se4_kesterite,472,0.925001,3.230396,2.305395,True
K0.5Cs1Ag0.5Mg1Ge1Se4_stannite,472,1.377559,2.427669,1.050110,True
K0.5Cs1Ag0.5Mg1Sn1S4_stannite,472,2.191556,4.107305,1.915749,True
K0.5Cs1Ag0.5Mg1Sn1Se4_kesterite,472,1.923799,3.747856,1.824057,True
K0.5Cs1Ag0.5Mg1Sn1Se4_stannite,472,2.168772,3.111907,0.943135,True
K0.5Cs1Ag0.5Mg1Zr1S4_kesterite,456,2.257801,4.479680,2.221879,False
K0.5Cs1Ag0.5Mg1Zr1S4_stannite,456,1.696316,4.194848,2.498532,False
K0.5Cs1Ag0.5Mg1Zr1Se4_stannite,456,1.735094,3.685998,1.950904,False
K0.5Cs1Ag0.5Mg1Zr1Te4_stannite,456,3.328602,4.698163,1.369561,False
K0.5Cs1Ag0.5Sr1Ge1Se4_stannite,536,1.475351,3.146558,1.671207,True
K0.5Cs1Ag0.5Sr1Ge1Te4_stannite,536,1.891145,3.086673,1.195528,False
K0.5Cs1Ag0.5Sr1Sn1Se4_stannite,536,0.423863,2.265104,1.841241,True
K0.5Cs1Ag0.5Sr1Zr1S4_stannite,520,0.714267,3.878923,3.164656,False
K0.5Cs1Ag0.5Sr1Zr1Se4_stannite,520,0.791510,3.375627,2.584117,False
K0.5Cs1Ag0.5Sr1Zr1Te4_stannite,520,1.316389,3.494399,2.178010,False
K0.5Cs1Ag0.5Zn1Ge1S3Te1_stannite,552,2.513276,2.367522,0.000000,False
K0.5Cs1Ag0.5Zn1Ge1Se4_stannite,552,1.698056,2.670394,0.972338,False
K0.5Cs1Ag0.5Zn1Zr1S4_stannite,536,2.261225,4.012277,1.751052,False
K0.5Cs1Ag0.5Zn1Zr1Se4_stannite,536,1.951389,3.350887,1.399498,False
K0.5Cs1Ag0.5Zn1Zr1Te4_stannite,536,2.753628,3.694528,0.940900,False
K0.5Cs1Cu0.5Ca1Ge1Se4_kesterite,536,2.036290,4.147896,2.111606,False
K0.5Cs1Cu0.5Ca1Ge1Se4_stannite,536,0.921023,2.300664,1.379641,True
K0.5Cs1Cu0.5Ca1Zr1S4_kesterite,520,1.883777,4.049167,2.165390,False
K0.5Cs1Cu0.5Ca1Zr1Se4_kesterite,520,3.235574,3.272171,0.036597,False
K0.5Cs1Cu0.5Ca1Zr1Te4_stannite,520,1.592511,3.609022,2.016511,False
K0.5Cs1Cu0.5Cd1Ge1Te4_stannite,552,2.219376,3.172906,0.953530,False
K0.5Cs1Cu0.5Cd1Sn1S4_stannite,552,3.461000,3.674939,0.213939,True
K0.5Cs1Cu0.5Cd1Zr1S4_stannite,536,3.819314,3.923532,0.104218,False
K0.5Cs1Cu0.5Cd1Zr1Te4_stannite,536,2.562272,3.427211,0.864939,False
K0.5Cs1Cu0.5Mg1Ge1S4_stannite,472,1.960393,3.536426,1.576033,True
K0.5Cs1Cu0.5Mg1Ge1Te4_stannite,472,2.472961,3.385735,0.912774,False
K0.5Cs1Cu0.5Mg1Sn1S4_stannite,472,2.267593,3.865951,1.598358,True
K0.5Cs1Cu0.5Mg1Sn1Se4_stannite,472,1.259749,2.316832,1.057083,True
K0.5Cs1Cu0.5Mg1Sn1Te4_stannite,472,3.610216,4.053676,0.443460,True
K0.5Cs1Cu0.5Mg1Zr1S4_stannite,456,4.426280,4.342270,0.000000,False
K0.5Cs1Cu0.5Mg1Zr1Se4_stannite,456,1.817669,3.564090,1.746421,False
K0.5Cs1Cu0.5Sr1Zr1Te4_kesterite,520,1.710110,3.586125,1.876015,False
K0.5Cs1Cu0.5Zn1Ge1Se4_kesterite,552,1.874043,3.344956,1.470913,True
K0.5Cs1Cu0.5Zn1Sn1S4_stannite,552,2.466679,3.759146,1.292467,True
K0.5Cs1Cu0.5Zn1Sn1Te4_stannite,552,3.602307,3.632465,0.030158,True
K0.5Cs1Cu0.5Zn1Zr1S4_stannite,536,3.804664,3.720796,0.000000,False
K0.5Cs1Cu0.5Zn1Zr1Se4_kesterite,536,1.777596,3.402621,1.625025,False
K0.5Cs1Cu0.5Zn1Zr1Se4_stannite,536,2.011967,3.188839,1.176872,False
K0.5Cu0.5Ag1Ba1Ge1Se4_kesterite,552,1.781835,3.401836,1.620001,False
K0.5Cu0.5Ag1Ba1Ge1Se4_stannite,552,4.481171,4.078363,0.000000,False
K0.5Cu0.5Ag1Ca1Zr1S4_kesterite,536,5.737552,5.824290,0.086738,False
K0.5Cu0.5Ag1Ca1Zr1S4_stannite,536,2.739351,4.848812,2.109461,True
K0.5Cu0.5Ag1Cd1Ge1S4_kesterite,568,4.850442,4.880362,0.029920,True
K0.5Cu0.5Ag1Cd1Ge1S4_stannite,568,3.259286,4.212260,0.952974,True
K0.5Cu0.5Ag1Cd1Ge1Se4_stannite,568,1.901550,2.805509,0.903959,True
K0.5Cu0.5Ag1Cd1Sn1S4_kesterite,568,5.173652,4.181297,0.000000,False
K0.5Cu0.5Ag1Cd1Sn1S4_stannite,568,2.720629,4.075166,1.354537,True
K0.5Cu0.5Ag1Cd1Sn1Se4_kesterite,568,2.056998,2.991943,0.934945,True
K0.5Cu0.5Ag1Cd1Sn1Te4_stannite,568,4.124201,4.574974,0.450773,True
K0.5Cu0.5Ag1Cd1Zr1S4_kesterite,552,4.860263,4.923848,0.063585,True
K0.5Cu0.5Ag1Cd1Zr1S4_stannite,552,2.972436,4.573317,1.600881,True
K0.5Cu0.5Ag1Cd1Zr1Se4_stannite,552,1.663587,3.511639,1.848052,False
K0.5Cu0.5Ag1Cd1Zr1Te4_stannite,552,2.847428,4.052578,1.205150,True
K0.5Cu0.5Ag1Mg0.5Zn0.5Ge1Se4_kesterite,528,2.612913,3.386305,0.773392,True
K0.5Cu0.5Ag1Mg0.5Zn0.5Ge1Se4_stannite,528,2.140597,3.117431,0.976834,True
K0.5Cu0.5Ag1Mg0.5Zn0.5Ge1Te4_kesterite,528,3.363393,4.388565,1.025172,True
K0.5Cu0.5Ag1Mg0.5Zn0.5Ge1Te4_stannite,528,3.621801,4.005662,0.383861,True
K0.5Cu0.5Ag1Mg1Ge1S4_stannite,488,3.450851,4.850035,1.399184,True
K0.5Cu0.5Ag1Mg1Ge1Se4_kesterite,488,4.500696,4.357720,0.000000,False
K0.5Cu0.5Ag1Mg1Ge1Se4_stannite,488,2.196273,3.495865,1.299592,True
K0.5Cu0.5Ag1Mg1Ge1Te4_kesterite,488,4.036170,5.355645,1.319475,True
K0.5Cu0.5Ag1Mg1Ge1Te4_stannite,488,3.530466,4.184494,0.654028,True
K0.5Cu0.5Ag1Mg1Sn1S4_stannite,488,3.531752,4.717689,1.185937,True
K0.5Cu0.5Ag1Mg1Sn1Se4_stannite,488,2.716695,3.581144,0.864449,True
K0.5Cu0.5Ag1Mg1Sn1Te4_kesterite,488,4.151534,5.404477,1.252943,True
K0.5Cu0.5Ag1Mg1Sn1Te4_stannite,488,3.341401,4.037816,0.696415,True
K0.5Cu0.5Ag1Mg1Zr1S4_kesterite,472,5.228711,5.157191,0.000000,False
K0.5Cu0.5Ag1Mg1Zr1S4_stannite,472,3.255418,5.236455,1.981037,False
K0.5Cu0.5Ag1Mg1Zr1Se4_kesterite,472,4.119196,4.040275,0.000000,False
K0.5Cu0.5Ag1Mg1Zr1Se4_stannite,472,1.979546,4.286797,2.307251,False
K0.5Cu0.5Ag1Mg1Zr1Te4_kesterite,472,3.777910,5.186583,1.408673,True
K0.5Cu0.5Ag1Mg1Zr1Te4_stannite,472,3.815452,5.293359,1.477907,True
K0.5Cu0.5Ag1Sr1Zr1Se4_kesterite,536,2.210624,3.921344,1.710720,False
K0.5Cu0.5Ag1Zn0.5Cd0.5Sn1Te4_kesterite,568,3.434473,4.349458,0.914985,True
K0.5Cu0.5Ag1Zn0.5Cd0.5Sn1Te4_stannite,568,3.666746,4.054553,0.387807,True
K0.5Cu0.5Ag1Zn1Ge1S4_stannite,568,3.054953,4.748026,1.693073,True
K0.5Cu0.5Ag1Zn1Ge1Se4_kesterite,568,2.096572,3.755893,1.659321,True
K0.5Cu0.5Ag1Zn1Ge1Se4_stannite,568,2.709719,3.278942,0.569223,True
K0.5Cu0.5Ag1Zn1Sn1S4_kesterite,568,5.654086,4.817656,0.000000,False
K0.5Cu0.5Ag1Zn1Sn1S4_stannite,568,3.285220,4.659997,1.374777,True
K0.5Cu0.5Ag1Zn1Sn1Se4_kesterite,568,2.022343,3.342417,1.320074,False
K0.5Cu0.5Ag1Zn1Sn1Se4_stannite,568,2.706859,3.429378,0.722519,True
K0.5Cu0.5Ag1Zn1Zr1Se4_kesterite,552,3.961731,3.918216,0.000000,False
K0.5Cu0.5Ag1Zn1Zr1Se4_stannite,552,2.001737,3.749959,1.748222,False
K0.5Cu0.5Al0.5Ga0.5S1Se1_stannite,480,2.628437,4.361501,1.733064,False
K0.5Cu0.5Al0.5Ga0.5Se1Te1_kesterite,480,2.808024,4.371544,1.563520,True
K0.5Cu0.5Al0.5Ga0.5Se1Te1_stannite,480,3.170861,4.009315,0.838454,False
K0.5Cu0.5Al0.5Ga0.5Se2_kesterite,480,1.486560,3.519232,2.032672,False
K0.5Cu0.5Al0.5Ga0.5Se2_stannite,480,2.673173,3.731520,1.058347,False
K0.5Cu0.5Al0.5In0.5S2_kesterite,480,2.472515,4.762668,2.290153,False
K0.5Cu0.5Al0.5In0.5S2_stannite,480,3.099294,4.863689,1.764395,False
K0.5Cu0.5Al1S2_kesterite,400,2.500076,5.457624,2.957548,True
K0.5Cu0.5Al1S2_stannite,400,3.725665,5.521624,1.795959,False
K0.5Cu0.5Al1Se2_kesterite,400,1.550691,3.877362,2.326671,True
K0.5Cu0.5Al1Se2_stannite,400,2.645779,4.274892,1.629113,False
K0.5Cu0.5Al1Te2_kesterite,400,3.026092,4.778398,1.752306,False
K0.5Cu0.5Al1Te2_stannite,400,3.678913,4.939273,1.260360,False
K0.5Cu0.5Ga0.5In0.5S1Se1_kesterite,560,1.994875,4.190067,2.195192,True
K0.5Cu0.5Ga0.5In0.5S1Se1_stannite,560,2.612131,3.999462,1.387331,False
K0.5Cu0.5Ga0.5In0.5Se1Te1_kesterite,560,3.032342,4.143614,1.111272,True
K0.5Cu0.5Ga0.5In0.5Se1Te1_stannite,560,3.130130,3.802611,0.672481,False
K0.5Cu0.5Ga1S2_kesterite,560,4.518494,4.526293,0.007799,True
K0.5Cu0.5Ga1S2_stannite,560,3.047416,4.764226,1.716810,False
K0.5Cu0.5Ga1Se2_kesterite,560,3.093090,2.947700,0.000000,False
K0.5Cu0.5Ga1Se2_stannite,560,2.581829,3.383035,0.801206,False
K0.5Cu0.5Ga1Te2_kesterite,560,4.608050,6.065701,1.457651,True
K0.5Cu0.5Ga1Te2_stannite,560,3.621517,4.115576,0.494059,False
K0.5Cu0.5In1S2_kesterite,560,2.559979,4.171529,1.611550,False
K0.5Cu0.5In1S2_stannite,560,3.494300,4.555241,1.060941,False
K0.5Cu0.5In1Se2_kesterite,560,2.386445,3.087040,0.700595,False
K0.5Cu0.5In1Se2_stannite,560,2.579435,3.369440,0.790005,False
K0.5Cu0.5In1Te2_kesterite,560,3.234085,4.285587,1.051502,True
K0.5Cu0.5In1Te2_stannite,560,3.572912,4.367172,0.794260,False
K0.5Cu1.5Ba1Ge1Se4_kesterite,552,1.955019,2.735063,0.780044,True
K0.5Cu1.5Ba1Sn1Te4_kesterite,552,3.344885,3.731042,0.386157,True
K0.5Cu1.5Ba1Zr1S4_kesterite,536,2.532786,4.272047,1.739261,True
K0.5Cu1.5Ca0.5Ba0.5Sn1S3Se1_stannite,552,2.767231,4.815256,2.048025,False
K0.5Cu1.5Ca0.5Sr0.5Ge1S4_kesterite,552,4.304998,4.763004,0.458006,False
K0.5Cu1.5Ca1Sn1Te4_kesterite,552,3.253840,4.225054,0.971214,True
K0.5Cu1.5Ca1Zr1S4_kesterite,536,3.494351,4.958641,1.464290,False
K0.5Cu1.5Ca1Zr1Te4_stannite,536,2.947312,4.300575,1.353263,True
K0.5Cu1.5Cd1Ge1S4_kesterite,568,5.369402,5.235863,0.000000,False
K0.5Cu1.5Cd1Ge1S4_stannite,568,2.757152,4.429373,1.672221,True
K0.5Cu1.5Cd1Ge1Se4_kesterite,568,2.467716,3.534060,1.066344,True
K0.5Cu1.5Cd1Ge1Se4_stannite,568,2.609710,3.356492,0.746782,True
K0.5Cu1.5Cd1Sn1S4_kesterite,568,3.095133,4.666147,1.571014,True
K0.5Cu1.5Cd1Sn1S4_stannite,568,3.175752,4.585074,1.409322,True
K0.5Cu1.5Cd1Sn1Se4_kesterite,568,2.920971,3.765791,0.844820,True
K0.5Cu1.5Cd1Sn1Se4_stannite,568,2.731566,3.613838,0.882272,True
K0.5Cu1.5Cd1Sn1Te4_stannite,568,5.111132,5.843753,0.732621,True
K0.5Cu1.5Cd1Zr1S4_kesterite,552,4.935124,4.935373,0.000249,False
K0.5Cu1.5Cd1Zr1S4_stannite,552,3.147633,4.756609,1.608976,False
K0.5Cu1.5Cd1Zr1Se4_kesterite,552,3.779674,3.861063,0.081389,False
K0.5Cu1.5Cd1Zr1Se4_stannite,552,2.409810,4.113665,1.703855,False
K0.5Cu1.5Mg1Ge1S4_kesterite,488,5.567797,5.529136,0.000000,False
K0.5Cu1.5Mg1Ge1S4_stannite,488,2.960455,4.978743,2.018288,True
K0.5Cu1.5Mg1Ge1Se4_kesterite,488,2.401504,3.912663,1.511159,True
K0.5Cu1.5Mg1Ge1Se4_stannite,488,2.097664,3.295001,1.197337,True
K0.5Cu1.5Mg1Ge1Te4_kesterite,488,4.473350,5.449579,0.976229,True
K0.5Cu1.5Mg1Ge1Te4_stannite,488,3.673183,4.231233,0.558050,True
K0.5Cu1.5Mg1Sn1S4_kesterite,488,3.508965,5.049931,1.540966,False
K0.5Cu1.5Mg1Sn1S4_stannite,488,3.647140,4.983195,1.336055,True
K0.5Cu1.5Mg1Sn1Se4_kesterite,488,2.781801,3.959657,1.177856,True
K0.5Cu1.5Mg1Sn1Se4_stannite,488,2.980989,3.871958,0.890969,True
K0.5Cu1.5Mg1Sn1Te4_kesterite,488,4.773260,5.765938,0.992678,True
K0.5Cu1.5Mg1Sn1Te4_stannite,488,3.647190,4.368031,0.720841,True
K0.5Cu1.5Mg1Zr1S4_kesterite,472,5.361700,5.292766,0.000000,False
K0.5Cu1.5Mg1Zr1Se4_kesterite,472,4.561225,4.482800,0.000000,False
K0.5Cu1.5Mg1Zr1Te4_kesterite,472,4.336339,5.562260,1.225921,True
K0.5Cu1.5Sr0.5Zn0.5Sn1S3Se1_kesterite,560,3.059045,4.063956,1.004911,False
K0.5Cu1.5Sr1Sn1S4_kesterite,552,4.990127,4.295361,0.000000,False
K0.5Cu1.5Sr1Zr1Se4_kesterite,536,1.809850,3.532093,1.722243,False
K0.5Cu1.5Sr1Zr1Te4_kesterite,536,2.886935,4.221348,1.334413,True
K0.5Cu1.5Zn0.5Cd0.5Sn1S2Se1Te1_stannite,568,3.796940,3.997564,0.200624,True
K0.5Cu1.5Zn1Ge1S4_kesterite,568,5.769505,5.579418,0.000000,False
K0.5Cu1.5Zn1Ge1S4_stannite,568,3.147408,4.796643,1.649235,True
K0.5Cu1.5Zn1Ge1Se4_kesterite,568,2.355573,3.538515,1.182942,True
K0.5Cu1.5Zn1Ge1Se4_stannite,568,2.474919,3.318581,0.843662,True
K0.5Cu1.5Zn1Ge1Te4_kesterite,568,4.681035,5.463006,0.781971,True
K0.5Cu1.5Zn1Ge1Te4_stannite,568,4.739551,5.134890,0.395339,True
K0.5Cu1.5Zn1Sn1S4_stannite,568,3.516944,4.860217,1.343273,True
K0.5Cu1.5Zn1Sn1Se4_kesterite,568,2.965740,3.918732,0.952992,True
K0.5Cu1.5Zn1Sn1Se4_stannite,568,2.866777,3.604146,0.737369,True
K0.5Cu1.5Zn1Sn1Te4_kesterite,568,4.155926,4.852743,0.696817,True
K0.5Cu1.5Zn1Sn1Te4_stannite,568,4.997819,5.416581,0.418762,True
K0.5Cu1.5Zn1Zr1S4_kesterite,552,5.232366,5.195315,0.000000,False
K0.5Cu1.5Zn1Zr1Se4_kesterite,552,4.084503,4.010896,0.000000,False
K0.5Cu1.5Zn1Zr1Se4_stannite,552,2.097797,3.834604,1.736807,False
K0.5Cu1.5Zn1Zr1Te4_kesterite,552,4.595766,5.447885,0.852119,True
K0.5Cu1.5Zn1Zr1Te4_stannite,552,4.590036,5.434407,0.844371,True
K0.5Cu1Ag0.5Ba1Ge1Te4_stannite,552,2.891087,3.969299,1.078212,False
K0.5Cu1Ag0.5Ba1Zr1S4_kesterite,536,2.734412,4.195339,1.460927,False
K0.5Cu1Ag0.5Ba1Zr1Te4_stannite,536,2.741200,4.295423,1.554223,False
K0.5Cu1Ag0.5Ca1Ge1Te4_kesterite,552,3.368800,4.397873,1.029073,True
K0.5Cu1Ag0.5Ca1Zr1S4_kesterite,536,3.106208,4.612437,1.506229,False
K0.5Cu1Ag0.5Ca1Zr1Se4_kesterite,536,2.170761,3.635294,1.464533,False
K0.5Cu1Ag0.5Ca1Zr1Te4_kesterite,536,2.960073,4.211612,1.251539,False
K0.5Cu1Ag0.5Ca1Zr1Te4_stannite,536,2.898992,4.341089,1.442097,True
K0.5Cu1Ag0.5Cd1Ge1S1Se2Te1_stannite,568,3.153692,3.562717,0.409025,True
K0.5Cu1Ag0.5Cd1Ge1S4_stannite,568,3.180067,4.488663,1.308596,True
K0.5Cu1Ag0.5Cd1Ge1Se4_stannite,568,2.507240,3.297949,0.790709,True
K0.5Cu1Ag0.5Cd1Ge1Te4_kesterite,568,3.337588,4.055969,0.718381,True
K0.5Cu1Ag0.5Cd1Sn0.5Ge0.5Se1Te3_kesterite,568,3.376393,4.204878,0.828485,True
K0.5Cu1Ag0.5Cd1Sn0.5Ge0.5Se1Te3_stannite,568,3.294690,3.751782,0.457092,True
K0.5Cu1Ag0.5Cd1Sn1S4_kesterite,568,5.259174,4.211786,0.000000,False
K0.5Cu1Ag0.5Cd1Sn1S4_stannite,568,3.506371,4.544294,1.037923,True
K0.5Cu1Ag0.5Cd1Sn1Se4_kesterite,568,2.215123,3.003281,0.788158,True
K0.5Cu1Ag0.5Cd1Sn1Se4_stannite,568,2.444391,2.992089,0.547698,True
K0.5Cu1Ag0.5Cd1Zr1S4_stannite,552,2.634056,4.696638,2.062582,False
K0.5Cu1Ag0.5Cd1Zr1Te4_stannite,552,2.983283,4.161294,1.178011,True
K0.5Cu1Ag0.5Mg0.5Ca0.5Sn1S4_stannite,520,5.196902,4.644945,0.000000,False
K0.5Cu1Ag0.5Mg1Ge1S4_stannite,488,3.362645,4.959843,1.597198,True
K0.5Cu1Ag0.5Mg1Ge1Se4_stannite,488,2.625916,3.688506,1.062590,True
K0.5Cu1Ag0.5Mg1Ge1Te4_kesterite,488,3.304420,4.290839,0.986419,True
K0.5Cu1Ag0.5Mg1Ge1Te4_stannite,488,3.497096,4.147130,0.650034,True
K0.5Cu1Ag0.5Mg1Sn1S4_kesterite,488,5.689883,4.722236,0.000000,False
K0.5Cu1Ag0.5Mg1Sn1S4_stannite,488,3.618852,4.902651,1.283799,True
K0.5Cu1Ag0.5Mg1Sn1Se4_kesterite,488,2.387601,3.837873,1.450272,True
K0.5Cu1Ag0.5Mg1Sn1Te4_kesterite,488,4.448785,5.510388,1.061603,True
K0.5Cu1Ag0.5Mg1Sn1Te4_stannite,488,3.492665,4.237032,0.744367,True
K0.5Cu1Ag0.5Mg1Zr1S4_kesterite,472,2.864343,5.169217,2.304874,True
K0.5Cu1Ag0.5Mg1Zr1Se4_kesterite,472,2.971988,4.296058,1.324070,True
K0.5Cu1Ag0.5Mg1Zr1Se4_stannite,472,2.194607,4.318086,2.123479,True
K0.5Cu1Ag0.5Mg1Zr1Te4_kesterite,472,2.993499,4.468548,1.475049,True
K0.5Cu1Ag0.5Mg1Zr1Te4_stannite,472,4.097702,5.410121,1.312419,True
K0.5Cu1Ag0.5Sr0.5Zn0.5Ge1S3Se1_kesterite,560,2.856135,4.425952,1.569817,False
K0.5Cu1Ag0.5Sr1Ge1Se4_stannite,552,1.821115,3.613548,1.792433,False
K0.5Cu1Ag0.5Sr1Sn1Se3Te1_stannite,552,2.439832,3.626716,1.186884,True
K0.5Cu1Ag0.5Zn1Ge1S4_stannite,568,3.738178,4.855169,1.116991,True
K0.5Cu1Ag0.5Zn1Ge1Se4_kesterite,568,2.429029,3.698926,1.269897,True
K0.5Cu1Ag0.5Zn1Ge1Se4_stannite,568,2.602644,3.482263,0.879619,True
K0.5Cu1Ag0.5Zn1Sn0.5Ge0.5Se4_kesterite,568,2.127052,3.416449,1.289397,True
K0.5Cu1Ag0.5Zn1Sn0.5Ge0.5Se4_stannite,568,2.723201,3.234724,0.511523,True
K0.5Cu1Ag0.5Zn1Sn1S4_kesterite,568,3.638783,4.739047,1.100264,False
K0.5Cu1Ag0.5Zn1Sn1S4_stannite,568,3.470435,4.828463,1.358028,True
K0.5Cu1Ag0.5Zn1Sn1Se4_kesterite,568,2.465832,3.378365,0.912533,True
K0.5Cu1Ag0.5Zn1Sn1Se4_stannite,568,3.094269,3.595014,0.500745,True
K0.5Cu1Ag0.5Zn1Sn1Te4_kesterite,568,4.884168,5.728157,0.843989,True
K0.5Cu1Ag0.5Zn1Sn1Te4_stannite,568,3.950139,4.283594,0.333455,True
K0.5Cu1Ag0.5Zn1Zr1S4_kesterite,552,5.200313,5.051116,0.000000,False
K0.5Cu1Ag0.5Zn1Zr1S4_stannite,552,3.323308,4.963405,1.640097,False
K0.5Rb0.5Ag1Ba1Ge1Se4_stannite,544,1.630732,3.739176,2.108444,False
K0.5Rb0.5Ag1Ba1Sn1S4_stannite,544,1.481686,4.002716,2.521030,False
K0.5Rb0.5Ag1Ba1Sn1Se4_kesterite,544,2.148438,3.614633,1.466195,True
K0.5Rb0.5Ag1Ba1Zr1S4_stannite,528,1.350042,4.382311,3.032269,False
K0.5Rb0.5Ag1Ba1Zr1Se4_stannite,528,0.926833,3.470441,2.543608,False
K0.5Rb0.5Ag1Ba1Zr1Te4_stannite,528,1.979716,4.040475,2.060759,False
K0.5Rb0.5Ag1Ca0.5Sr0.5Sn0.5Ge0.5S1Se3_stannite,544,1.470682,3.170847,1.700165,False
K0.5Rb0.5Ag1Ca0.5Sr0.5Sn0.5Ge0.5Se1Te3_stannite,544,2.101436,3.460846,1.359410,True
K0.5Rb0.5Ag1Ca1Ge1Se4_stannite,544,1.526381,3.517577,1.991196,True
K0.5Rb0.5Ag1Ca1Ge1Te4_kesterite,544,4.517660,4.959249,0.441589,False
K0.5Rb0.5Ag1Ca1Ge1Te4_stannite,544,2.553635,3.844683,1.291048,False
K0.5Rb0.5Ag1Ca1Sn1S4_stannite,544,1.629312,3.905329,2.276017,False
K0.5Rb0.5Ag1Ca1Sn1Se4_stannite,544,1.211114,2.780562,1.569448,False
K0.5Rb0.5Ag1Ca1Zr1S4_kesterite,528,1.346090,3.814594,2.468504,False
K0.5Rb0.5Ag1Ca1Zr1S4_stannite,528,1.685567,4.685604,3.000037,True
K0.5Rb0.5Ag1Ca1Zr1Te4_stannite,528,2.016232,4.173870,2.157638,True
K0.5Rb0.5Ag1Cd1Ge1S4_stannite,560,2.525485,3.966314,1.440829,False
K0.5Rb0.5Ag1Cd1Sn1S4_kesterite,560,1.818862,3.499114,1.680252,False
K0.5Rb0.5Ag1Cd1Sn1S4_stannite,560,2.919354,4.351196,1.431842,False
K0.5Rb0.5Ag1Cd1Sn1Se4_kesterite,560,1.064407,2.305720,1.241313,False
K0.5Rb0.5Ag1Cd1Sn1Se4_stannite,560,2.575229,3.600873,1.025644,False
K0.5Rb0.5Ag1Cd1Sn1Te4_kesterite,560,2.517549,3.483877,0.966328,True
K0.5Rb0.5Ag1Cd1Zr1S4_stannite,544,2.264067,4.466078,2.202011,False
K0.5Rb0.5Ag1Cd1Zr1Se4_stannite,544,1.313565,2.954393,1.640828,True
K0.5Rb0.5Ag1Cd1Zr1Te4_kesterite,544,2.769535,4.172232,1.402697,True
K0.5Rb0.5Ag1Mg0.5Zn0.5Ge1S3Te1_kesterite,520,1.905360,3.997407,2.092047,False
K0.5Rb0.5Ag1Mg0.5Zn0.5Ge1Se3Te1_kesterite,520,2.145245,3.542711,1.397466,True
K0.5Rb0.5Ag1Mg1Ge1S4_kesterite,480,1.817506,4.416230,2.598724,False
K0.5Rb0.5Ag1Mg1Ge1S4_stannite,480,2.461229,4.148301,1.687072,False
K0.5Rb0.5Ag1Mg1Ge1Se4_stannite,480,2.003737,3.249991,1.246254,False
K0.5Rb0.5Ag1Mg1Ge1Te4_kesterite,480,2.301046,3.521210,1.220164,False
K0.5Rb0.5Ag1Mg1Ge1Te4_stannite,480,2.757688,3.609425,0.851737,False
K0.5Rb0.5Ag1Mg1Sn1S4_kesterite,480,2.308289,4.522046,2.213757,False
K0.5Rb0.5Ag1Mg1Sn1S4_stannite,480,2.639145,4.557396,1.918251,False
K0.5Rb0.5Ag1Mg1Sn1Se4_stannite,480,2.319830,3.600429,1.280599,False
K0.5Rb0.5Ag1Mg1Sn1Te4_stannite,480,2.603704,3.417016,0.813312,False
K0.5Rb0.5Ag1Mg1Zr1S4_kesterite,464,1.947058,4.729303,2.782245,True
K0.5Rb0.5Ag1Mg1Zr1S4_stannite,464,2.318909,4.951658,2.632749,False
K0.5Rb0.5Ag1Mg1Zr1Se4_kesterite,464,1.011849,3.280947,2.269098,False
K0.5Rb0.5Ag1Mg1Zr1Se4_stannite,464,1.810620,4.128343,2.317723,False
K0.5Rb0.5Ag1Mg1Zr1Te4_kesterite,464,2.445327,4.059550,1.614223,True
K0.5Rb0.5Ag1Mg1Zr1Te4_stannite,464,2.707990,4.152041,1.444051,True
K0.5Rb0.5Ag1Sr1Ge1Te4_kesterite,544,1.685650,2.699213,1.013563,False
K0.5Rb0.5Ag1Sr1Sn1Se4_stannite,544,1.196300,3.050420,1.854120,False
K0.5Rb0.5Ag1Sr1Zr1S4_kesterite,528,1.315823,3.652082,2.336259,True
K0.5Rb0.5Ag1Sr1Zr1Se4_kesterite,528,1.836511,3.749456,1.912945,True
K0.5Rb0.5Ag1Zn1Ge1S4_kesterite,560,1.423765,3.920281,2.496516,False
K0.5Rb0.5Ag1Zn1Ge1Se4_stannite,560,2.293235,3.133924,0.840689,False
K0.5Rb0.5Ag1Zn1Sn1S4_kesterite,560,2.384236,4.338373,1.954137,False
K0.5Rb0.5Ag1Zn1Sn1S4_stannite,560,3.060597,4.357825,1.297228,False
K0.5Rb0.5Ag1Zn1Sn1Se4_kesterite,560,1.940718,3.398877,1.458159,False
K0.5Rb0.5Ag1Zn1Sn1Se4_stannite,560,2.601259,3.389488,0.788229,False
K0.5Rb0.5Ag1Zn1Sn1Te4_kesterite,560,2.593374,3.643839,1.050465,True
K0.5Rb0.5Ag1Zn1Sn1Te4_stannite,560,3.192917,3.624433,0.431516,False
K0.5Rb0.5Ag1Zn1Zr1S4_kesterite,544,1.795325,4.155412,2.360087,False
K0.5Rb0.5Ag1Zn1Zr1S4_stannite,544,2.091556,4.235411,2.143855,True
K0.5Rb0.5Ag1Zn1Zr1Se4_kesterite,544,1.169812,3.172302,2.002490,False
K0.5Rb0.5Ag1Zn1Zr1Se4_stannite,544,1.687349,3.184223,1.496874,True
K0.5Rb0.5Ag1Zn1Zr1Te4_stannite,544,2.564542,3.714190,1.149648,True
K0.5Rb0.5Al0.5Ga0.5Se2_stannite,464,0.444939,1.999447,1.554508,True
K0.5Rb0.5Al1S2_kesterite,384,1.080753,5.623095,4.542342,False
K0.5Rb0.5Al1Se1Te1_kesterite,384,1.910685,4.460869,2.550184,True
K0.5Rb0.5Al1Se1Te1_stannite,384,2.215128,3.296638,1.081510,True
K0.5Rb0.5Al1Se2_kesterite,384,0.723090,4.294041,3.570951,True
K0.5Rb0.5Al1Se2_stannite,384,1.037732,3.208724,2.170992,True
K0.5Rb0.5Al1Te2_kesterite,384,2.185482,5.063177,2.877695,True
K0.5Rb0.5Al1Te2_stannite,384,2.380184,3.599493,1.219309,True
K0.5Rb0.5Cs0.5Ag0.5Ba1Zr1S4_stannite,520,0.490034,3.767918,3.277884,False
K0.5Rb0.5Cs0.5Ag0.5Ba1Zr1Se4_stannite,520,0.132988,2.946076,2.813088,False
K0.5Rb0.5Cs0.5Ag0.5Ca1Sn1S4_stannite,536,0.929071,3.158657,2.229586,True
K0.5Rb0.5Cs0.5Ag0.5Ca1Sn1Se4_stannite,536,1.463523,3.288703,1.825180,False
K0.5Rb0.5Cs0.5Ag0.5Ca1Zr1S4_stannite,520,1.413482,4.000716,2.587234,False
K0.5Rb0.5Cs0.5Ag0.5Ca1Zr1Se4_stannite,520,1.125143,4.061881,2.936738,False
K0.5Rb0.5Cs0.5Ag0.5Ca1Zr1Te4_stannite,520,1.334197,3.523893,2.189696,False
K0.5Rb0.5Cs0.5Ag0.5Cd1Ge1S4_stannite,552,1.662155,3.442886,1.780731,True
K0.5Rb0.5Cs0.5Ag0.5Cd1Ge1Se4_kesterite,552,1.677002,2.037838,0.360836,False
K0.5Rb0.5Cs0.5Ag0.5Cd1Ge1Se4_stannite,552,1.148575,1.888577,0.740002,True
K0.5Rb0.5Cs0.5Ag0.5Cd1Ge1Te4_kesterite,552,2.052935,2.939282,0.886347,False
K0.5Rb0.5Cs0.5Ag0.5Cd1Sn1S4_stannite,552,2.166010,3.880161,1.714151,True
K0.5Rb0.5Cs0.5Ag0.5Cd1Sn1Te4_stannite,552,2.637640,2.890305,0.252665,True
K0.5Rb0.5Cs0.5Ag0.5Cd1Zr1S4_stannite,536,2.107480,4.027950,1.920470,False
K0.5Rb0.5Cs0.5Ag0.5Cd1Zr1Se4_stannite,536,1.877202,3.445019,1.567817,False
K0.5Rb0.5Cs0.5Ag0.5Cd1Zr1Te4_stannite,536,3.800635,4.832810,1.032175,False
K0.5Rb0.5Cs0.5Ag0.5Mg1Ge1S4_stannite,472,1.740491,3.830904,2.090413,True
K0.5Rb0.5Cs0.5Ag0.5Mg1Ge1Se4_stannite,472,2.073291,2.732201,0.658910,True
K0.5Rb0.5Cs0.5Ag0.5Mg1Sn1S4_kesterite,472,1.694804,4.394981,2.700177,False
K0.5Rb0.5Cs0.5Ag0.5Mg1Sn1S4_stannite,472,2.071475,3.984884,1.913409,True
K0.5Rb0.5Cs0.5Ag0.5Mg1Sn1Se4_kesterite,472,0.978215,3.489407,2.511192,False
K0.5Rb0.5Cs0.5Ag0.5Mg1Sn1Se4_stannite,472,1.334862,2.305636,0.970774,True
K0.5Rb0.5Cs0.5Ag0.5Mg1Sn1Te4_stannite,472,3.986393,3.981416,0.000000,False
K0.5Rb0.5Cs0.5Ag0.5Mg1Zr1S4_stannite,456,1.440587,3.941641,2.501054,False
K0.5Rb0.5Cs0.5Ag0.5Mg1Zr1Se4_kesterite,456,0.779166,3.333254,2.554088,False
K0.5Rb0.5Cs0.5Ag0.5Mg1Zr1Se4_stannite,456,0.890675,3.048922,2.158247,False
K0.5Rb0.5Cs0.5Ag0.5Mg1Zr1Te4_stannite,456,3.090569,4.624441,1.533872,False
K0.5Rb0.5Cs0.5Ag0.5Sr1Ge1S4_stannite,536,1.255055,3.964794,2.709739,False
K0.5Rb0.5Cs0.5Ag0.5Sr1Sn1S4_stannite,536,0.775235,3.225612,2.450377,True
K0.5Rb0.5Cs0.5Ag0.5Sr1Zr1S4_stannite,520,0.574246,3.856101,3.281855,False
K0.5Rb0.5Cs0.5Ag0.5Sr1Zr1Se4_stannite,520,0.420077,2.999293,2.579216,False
K0.5Rb0.5Cs0.5Ag0.5Zn1Ge1S4_kesterite,552,1.679855,4.594124,2.914269,False
K0.5Rb0.5Cs0.5Ag0.5Zn1Ge1S4_stannite,552,1.681024,3.396092,1.715068,True
K0.5Rb0.5Cs0.5Ag0.5Zn1Ge1Se4_kesterite,552,1.139109,3.223695,2.084586,True
K0.5Rb0.5Cs0.5Ag0.5Zn1Ge1Se4_stannite,552,2.182482,2.566426,0.383944,True
K0.5Rb0.5Cs0.5Ag0.5Zn1Sn1S4_stannite,552,2.222762,3.783006,1.560244,True
K0.5Rb0.5Cs0.5Ag0.5Zn1Sn1Se4_stannite,552,1.221229,2.265654,1.044425,True
K0.5Rb0.5Cs0.5Ag0.5Zn1Sn1Te4_stannite,552,3.131827,2.955097,0.000000,False
K0.5Rb0.5Cs0.5Ag0.5Zn1Zr1S4_stannite,536,2.080933,3.944171,1.863238,False
K0.5Rb0.5Cs0.5Ag0.5Zn1Zr1Se4_stannite,536,1.665742,3.240790,1.575048,False
K0.5Rb0.5Cs0.5Ag0.5Zn1Zr1Te4_stannite,536,3.477686,4.452206,0.974520,False
K0.5Rb0.5Cs0.5Cu0.5Ba1Zr1Se4_kesterite,520,1.489042,3.949518,2.460476,False
K0.5Rb0.5Cs0.5Cu0.5Ba1Zr1Se4_stannite,520,0.630870,3.364257,2.733387,False
K0.5Rb0.5Cs0.5Cu0.5Ca1Ge1S4_stannite,536,3.463502,3.479246,0.015744,True
K0.5Rb0.5Cs0.5Cu0.5Ca1Zr1Te4_kesterite,520,3.325992,5.082202,1.756210,True
K0.5Rb0.5Cs0.5Cu0.5Ca1Zr1Te4_stannite,520,2.012829,3.922696,1.909867,False
K0.5Rb0.5Cs0.5Cu0.5Cd1Ge1S4_stannite,552,1.474896,3.020236,1.545340,False
K0.5Rb0.5Cs0.5Cu0.5Cd1Ge1Se4_stannite,552,0.936036,1.822557,0.886521,True
K0.5Rb0.5Cs0.5Cu0.5Cd1Sn1Se4_stannite,552,1.810908,2.811932,1.001024,False
K0.5Rb0.5Cs0.5Cu0.5Cd1Zr1Se4_stannite,536,1.316051,2.486045,1.169994,True
K0.5Rb0.5Cs0.5Cu0.5Cd1Zr1Te4_stannite,536,1.942752,3.048074,1.105322,False
K0.5Rb0.5Cs0.5Cu0.5Mg0.5Sr0.5Sn1S4_stannite,504,1.583973,3.004167,1.420194,True
K0.5Rb0.5Cs0.5Cu0.5Mg1Ge1S4_stannite,472,1.889247,3.441904,1.552657,True
K0.5Rb0.5Cs0.5Cu0.5Mg1Ge1Se4_stannite,472,1.131416,2.218100,1.086684,True
K0.5Rb0.5Cs0.5Cu0.5Mg1Sn0.5Ge0.5S3Te1_stannite,472,2.558013,3.026458,0.468445,False
K0.5Rb0.5Cs0.5Cu0.5Mg1Sn1S4_stannite,472,1.720809,3.359696,1.638887,True
K0.5Rb0.5Cs0.5Cu0.5Mg1Sn1Se4_kesterite,472,0.842658,3.040107,2.197449,False
K0.5Rb0.5Cs0.5Cu0.5Mg1Sn1Se4_stannite,472,1.258255,2.273230,1.014975,True
K0.5Rb0.5Cs0.5Cu0.5Mg1Zr1S4_stannite,456,4.072998,4.006880,0.000000,False
K0.5Rb0.5Cs0.5Cu0.5Mg1Zr1Te4_stannite,456,1.797235,3.352662,1.555427,False
K0.5Rb0.5Cs0.5Cu0.5Sr1Zr1Se4_kesterite,520,1.257674,3.195178,1.937504,False
K0.5Rb0.5Cs0.5Cu0.5Zn1Ge1Te4_kesterite,552,2.831482,4.143742,1.312260,False
K0.5Rb0.5Cs0.5Cu0.5Zn1Ge1Te4_stannite,552,3.061080,3.060327,0.000000,False
K0.5Rb0.5Cs0.5Cu0.5Zn1Sn1S4_stannite,552,1.985939,3.265541,1.279602,True
K0.5Rb0.5Cs0.5Cu0.5Zn1Zr1S4_kesterite,536,3.836146,3.706802,0.000000,False
K0.5Rb0.5Cs0.5Cu0.5Zn1Zr1S4_stannite,536,1.597555,3.454292,1.856737,True
K0.5Rb0.5Cs0.5Cu0.5Zn1Zr1Se4_stannite,536,1.820538,3.084912,1.264374,False
K0.5Rb0.5Cs1Ba0.5Cd0.5Sn1S4_stannite,536,0.508783,2.372772,1.863989,False
K0.5Rb0.5Cs1Ba1Ge1S4_kesterite,528,0.587772,3.307344,2.719572,False
K0.5Rb0.5Cs1Ba1Ge1S4_stannite,528,0.921246,3.672848,2.751602,True
K0.5Rb0.5Cs1Ba1Sn1S4_kesterite,528,0.715212,3.117961,2.402749,True
K0.5Rb0.5Cs1Ba1Sn1S4_stannite,528,1.073738,3.994380,2.920642,True
K0.5Rb0.5Cs1Ba1Sn1Se4_stannite,528,0.896286,3.314153,2.417867,True
K0.5Rb0.5Cs1Ba1Sn1Te4_stannite,528,1.736144,2.354090,0.617946,True
K0.5Rb0.5Cs1Ba1Zr1S4_kesterite,512,0.969668,4.297527,3.327859,False
K0.5Rb0.5Cs1Ba1Zr1S4_stannite,512,0.794562,4.503754,3.709192,True
K0.5Rb0.5Cs1Ba1Zr1Se4_kesterite,512,0.241320,2.946407,2.705087,False
K0.5Rb0.5Cs1Ba1Zr1Se4_stannite,512,-0.267546,3.085465,3.353011,False
K0.5Rb0.5Cs1Ba1Zr1Te4_stannite,512,2.300994,4.485135,2.184141,False
K0.5Rb0.5Cs1Ca1Sn1S4_stannite,528,1.118028,3.878531,2.760503,True
K0.5Rb0.5Cs1Ca1Zr1S4_kesterite,512,0.934196,4.480750,3.546554,False
K0.5Rb0.5Cs1Ca1Zr1S4_stannite,512,0.754797,3.840183,3.085386,True
K0.5Rb0.5Cs1Ca1Zr1Se4_kesterite,512,0.657086,3.791156,3.134070,False
K0.5Rb0.5Cs1Ca1Zr1Se4_stannite,512,0.725629,3.658657,2.933028,True
K0.5Rb0.5Cs1Ca1Zr1Te4_stannite,512,2.208167,4.419999,2.211832,True
K0.5Rb0.5Cs1Cd1Ge1S4_stannite,544,1.091713,3.460077,2.368364,False
K0.5Rb0.5Cs1Cd1Ge1Se4_stannite,544,1.041914,2.692167,1.650253,False
K0.5Rb0.5Cs1Cd1Sn1S4_stannite,544,0.728577,3.188812,2.460235,True
K0.5Rb0.5Cs1Cd1Sn1Se4_stannite,544,1.519647,3.133653,1.614006,True
K0.5Rb0.5Cs1Cd1Sn1Te4_stannite,544,3.152140,4.237346,1.085206,True
K0.5Rb0.5Cs1Cd1Zr1S4_kesterite,528,0.523703,3.487688,2.963985,False
K0.5Rb0.5Cs1Cd1Zr1S4_stannite,528,1.501750,3.622397,2.120647,True
K0.5Rb0.5Cs1Cd1Zr1Se4_kesterite,528,0.240989,2.649727,2.408738,False
K0.5Rb0.5Cs1Cd1Zr1Se4_stannite,528,1.431845,3.098734,1.666889,True
K0.5Rb0.5Cs1Cd1Zr1Te4_stannite,528,2.301165,3.385291,1.084126,False
K0.5Rb0.5Cs1Mg1Ge1S4_kesterite,464,1.086231,4.710805,3.624574,True
K0.5Rb0.5Cs1Mg1Ge1S4_stannite,464,1.069753,3.864919,2.795166,False
K0.5Rb0.5Cs1Mg1Ge1Te4_stannite,464,2.221150,3.157278,0.936128,True
K0.5Rb0.5Cs1Mg1Sn1S4_stannite,464,1.343047,3.822284,2.479237,False
K0.5Rb0.5Cs1Mg1Sn1Se4_kesterite,464,1.053284,3.575167,2.521883,True
K0.5Rb0.5Cs1Mg1Sn1Se4_stannite,464,0.950861,2.917028,1.966167,False
K0.5Rb0.5Cs1Mg1Sn1Te4_stannite,464,2.829288,4.026509,1.197221,True
K0.5Rb0.5Cs1Mg1Zr1S4_kesterite,448,1.135454,4.597524,3.462070,True
K0.5Rb0.5Cs1Mg1Zr1S4_stannite,448,1.191479,3.881565,2.690086,True
K0.5Rb0.5Cs1Mg1Zr1Se4_kesterite,448,0.903874,3.726118,2.822244,True
K0.5Rb0.5Cs1Mg1Zr1Se4_stannite,448,0.824334,3.101557,2.277223,True
K0.5Rb0.5Cs1Mg1Zr1Te4_kesterite,448,1.023674,3.177430,2.153756,False
K0.5Rb0.5Cs1Mg1Zr1Te4_stannite,448,2.292946,3.901693,1.608747,False
K0.5Rb0.5Cs1Sr1Ge1Se4_kesterite,528,1.801678,3.717110,1.915432,False
K0.5Rb0.5Cs1Sr1Ge1Se4_stannite,528,0.256886,2.350177,2.093291,False
K0.5Rb0.5Cs1Sr1Sn1S4_kesterite,528,1.004378,4.153075,3.148697,False
K0.5Rb0.5Cs1Sr1Sn1S4_stannite,528,-0.012595,3.005764,3.018359,False
K0.5Rb0.5Cs1Sr1Sn1Se4_stannite,528,0.921942,3.209261,2.287319,True
K0.5Rb0.5Cs1Sr1Zr1S4_kesterite,512,0.834309,4.407392,3.573083,False
K0.5Rb0.5Cs1Sr1Zr1S4_stannite,512,0.828045,4.470799,3.642754,False
K0.5Rb0.5Cs1Sr1Zr1Se4_kesterite,512,-0.276098,2.828332,3.104430,True
K0.5Rb0.5Cs1Sr1Zr1Se4_stannite,512,0.597843,3.798025,3.200182,False
K0.5Rb0.5Cs1Sr1Zr1Te4_stannite,512,0.640005,3.179985,2.539980,True
K0.5Rb0.5Cs1Zn1Ge1Se4_stannite,544,1.242579,2.371846,1.129267,False
K0.5Rb0.5Cs1Zn1Sn1S4_kesterite,544,1.177729,4.557083,3.379354,False
K0.5Rb0.5Cs1Zn1Sn1S4_stannite,544,1.986184,3.517382,1.531198,True
K0.5Rb0.5Cs1Zn1Sn1Se4_kesterite,544,1.147770,3.468090,2.320320,True
K0.5Rb0.5Cs1Zn1Zr1S4_kesterite,528,0.462077,3.664803,3.202726,True
K0.5Rb0.5Cs1Zn1Zr1S4_stannite,528,0.814989,3.149693,2.334704,False
K0.5Rb0.5Cs1Zn1Zr1Se4_kesterite,528,0.378394,2.867103,2.488709,False
K0.5Rb0.5Cs1Zn1Zr1Se4_stannite,528,1.164224,2.864071,1.699847,False
K0.5Rb0.5Cs1Zn1Zr1Te4_stannite,528,2.276967,3.042114,0.765147,False
K0.5Rb0.5Cu0.5Ag0.5Ba0.5Cd0.5Sn1Se2Te2_kesterite,552,2.055776,3.256434,1.200658,False
K0.5Rb0.5Cu0.5Ag0.5Ba0.5Cd0.5Sn1Se2Te2_stannite,552,2.149107,3.048211,0.899104,False
K0.5Rb0.5Cu0.5Ag0.5Ba1Sn1Se4_stannite,544,1.763989,3.676519,1.912530,False
K0.5Rb0.5Cu0.5Ag0.5Ba1Sn1Te4_stannite,544,1.824999,3.198730,1.373731,False
K0.5Rb0.5Cu0.5Ag0.5Ca1Zr1S4_kesterite,528,1.960741,4.254010,2.293269,False
K0.5Rb0.5Cu0.5Ag0.5Cd1Ge1Se4_stannite,560,1.936225,3.103325,1.167100,False
K0.5Rb0.5Cu0.5Ag0.5Cd1Ge1Te4_kesterite,560,2.405126,3.230845,0.825719,True
K0.5Rb0.5Cu0.5Ag0.5Cd1Zr1S4_stannite,544,1.915382,3.977748,2.062366,False
K0.5Rb0.5Cu0.5Ag0.5Cd1Zr1Se4_kesterite,544,1.028993,2.895392,1.866399,True
K0.5Rb0.5Cu0.5Ag0.5Cd1Zr1Te4_stannite,544,2.767125,3.744077,0.976952,True
K0.5Rb0.5Cu0.5Ag0.5Mg0.5Ba0.5Ge1S2Te2_kesterite,512,2.942030,4.070275,1.128245,True
K0.5Rb0.5Cu0.5Ag0.5Mg0.5Ba0.5Ge1S2Te2_stannite,512,2.196871,3.678257,1.481386,False
K0.5Rb0.5Cu0.5Ag0.5Mg0.5Cd0.5Ge1S1Se2Te1_stannite,520,2.590751,3.384242,0.793491,True
K0.5Rb0.5Cu0.5Ag0.5Mg1Ge1S4_stannite,480,2.604828,4.213007,1.608179,False
K0.5Rb0.5Cu0.5Ag0.5Mg1Ge1Se4_stannite,480,1.660755,2.928814,1.268059,False
K0.5Rb0.5Cu0.5Ag0.5Mg1Ge1Te4_stannite,480,2.895818,3.777217,0.881399,False
K0.5Rb0.5Cu0.5Ag0.5Mg1Sn1S4_stannite,480,2.993921,4.388471,1.394550,False
K0.5Rb0.5Cu0.5Ag0.5Mg1Sn1Se4_kesterite,480,1.343752,2.804376,1.460624,True
K0.5Rb0.5Cu0.5Ag0.5Mg1Sn1Se4_stannite,480,1.989020,2.919701,0.930681,False
K0.5Rb0.5Cu0.5Ag0.5Mg1Sn1Te4_kesterite,480,2.301870,3.480095,1.178225,False
K0.5Rb0.5Cu0.5Ag0.5Mg1Zr1S4_kesterite,464,4.506268,4.435109,0.000000,False
K0.5Rb0.5Cu0.5Ag0.5Mg1Zr1S4_stannite,464,2.564226,4.674270,2.110044,False
K0.5Rb0.5Cu0.5Ag0.5Mg1Zr1Te4_stannite,464,2.354395,4.021529,1.667134,False
K0.5Rb0.5Cu0.5Ag0.5Sr1Sn1Te4_kesterite,544,3.419771,4.245339,0.825568,True
K0.5Rb0.5Cu0.5Ag0.5Sr1Sn1Te4_stannite,544,2.918808,3.464276,0.545468,False
K0.5Rb0.5Cu0.5Ag0.5Zn0.5Cd0.5Ge1Se4_stannite,560,1.926874,2.680560,0.753686,False
K0.5Rb0.5Cu0.5Ag0.5Zn1Ge1S4_stannite,560,3.315937,4.215826,0.899889,False
K0.5Rb0.5Cu0.5Ag0.5Zn1Ge1Te4_stannite,560,4.187745,4.580334,0.392589,False
K0.5Rb0.5Cu0.5Ag0.5Zn1Sn1Se4_stannite,560,2.279467,2.871685,0.592218,False
K0.5Rb0.5Cu0.5Ag0.5Zn1Zr1S4_stannite,544,2.739757,4.269527,1.529770,True
K0.5Rb0.5Cu0.5Ag0.5Zn1Zr1Te4_stannite,544,2.618894,3.705947,1.087053,True
K0.5Rb0.5Cu1Ba0.5Cd0.5Ge1S3Te1_kesterite,552,1.990936,2.375193,0.384257,False
K0.5Rb0.5Cu1Ba0.5Cd0.5Ge1S3Te1_stannite,552,3.234666,2.581412,0.000000,False
K0.5Rb0.5Cu1Ba1Zr1S4_kesterite,528,1.608114,4.052638,2.444524,True
K0.5Rb0.5Cu1Ba1Zr1S4_stannite,528,1.826469,4.328150,2.501681,False
K0.5Rb0.5Cu1Ba1Zr1Te4_stannite,528,3.816039,5.284371,1.468332,False
K0.5Rb0.5Cu1Ca1Zr1Se4_stannite,528,1.185873,3.713211,2.527338,False
K0.5Rb0.5Cu1Cd1Ge1S4_stannite,560,2.263161,3.970756,1.707595,False
K0.5Rb0.5Cu1Cd1Sn1S4_kesterite,560,2.355114,3.431300,1.076186,True
K0.5Rb0.5Cu1Cd1Sn1S4_stannite,560,2.358925,3.858855,1.499930,False
K0.5Rb0.5Cu1Cd1Sn1Te4_kesterite,560,4.307692,5.134661,0.826969,False
K0.5Rb0.5Cu1Cd1Sn1Te4_stannite,560,3.101257,3.732857,0.631600,False
K0.5Rb0.5Cu1Mg0.5Ca0.5Ge1S1Se2Te1_kesterite,512,3.608174,3.324207,0.000000,False
K0.5Rb0.5Cu1Mg0.5Ca0.5Ge1S1Se2Te1_stannite,512,2.408669,3.485802,1.077133,False
K0.5Rb0.5Cu1Mg1Ge1S4_stannite,480,2.452480,4.407595,1.955115,False
K0.5Rb0.5Cu1Mg1Ge1Se4_stannite,480,1.829503,3.078083,1.248580,False
K0.5Rb0.5Cu1Mg1Sn1S4_stannite,480,2.560424,4.210268,1.649844,False
K0.5Rb0.5Cu1Mg1Sn1Se4_stannite,480,2.519822,3.563432,1.043610,False
K0.5Rb0.5Cu1Mg1Sn1Te4_kesterite,480,2.592475,3.526859,0.934384,True
K0.5Rb0.5Cu1Mg1Sn1Te4_stannite,480,4.098633,5.097887,0.999254,False
K0.5Rb0.5Cu1Mg1Zr1S4_stannite,464,2.489044,4.931157,2.442113,False
K0.5Rb0.5Cu1Mg1Zr1Se4_stannite,464,1.490439,3.729845,2.239406,False
K0.5Rb0.5Cu1Sr0.5Cd0.5Sn0.5Ge0.5S2Se2_stannite,552,1.688760,3.157033,1.468273,False
K0.5Rb0.5Cu1Sr0.5Zn0.5Sn0.5Ge0.5Se3Te1_kesterite,552,2.169431,2.967959,0.798528,True
K0.5Rb0.5Cu1Sr0.5Zn0.5Sn0.5Ge0.5Se3Te1_stannite,552,2.020155,2.844245,0.824090,False
K0.5Rb0.5Cu1Sr1Ge1Te4_stannite,544,2.676230,3.460989,0.784759,False
K0.5Rb0.5Cu1Zn1Ge1S4_stannite,560,2.869416,4.532665,1.663249,False
K0.5Rb0.5Cu1Zn1Ge1Se4_stannite,560,2.050557,2.974361,0.923804,False
K0.5Rb0.5Cu1Zn1Ge1Te4_stannite,560,4.281046,4.807830,0.526784,False
K0.5Rb0.5Cu1Zn1Sn1S4_stannite,560,3.310242,4.315770,1.005528,False
K0.5Rb0.5Cu1Zn1Zr1S4_kesterite,544,3.526451,5.217105,1.690654,False
K0.5Rb0.5Cu1Zn1Zr1S4_stannite,544,2.498795,4.254260,1.755465,True
K0.5Rb0.5Ga0.5In0.5S1Se1_kesterite,544,1.249811,3.092715,1.842904,False
K0.5Rb0.5Ga0.5In0.5S1Se1_stannite,544,1.133227,3.002673,1.869446,True
K0.5Rb0.5Ga0.5In0.5Se1Te1_kesterite,544,1.946658,3.722523,1.775865,False
K0.5Rb0.5Ga0.5In0.5Se1Te1_stannite,544,1.666501,2.568489,0.901988,True
K0.5Rb0.5Ga0.5In0.5Se2_stannite,544,0.686572,2.327877,1.641305,True
K0.5Rb0.5Ga0.5In0.5Te2_stannite,544,1.803215,2.428671,0.625456,True
K0.5Rb0.5Ga1S1Se1_kesterite,544,1.057323,3.806106,2.748783,False
K0.5Rb0.5Ga1S1Se1_stannite,544,1.645696,3.013973,1.368277,False
K0.5Rb0.5Ga1S2_kesterite,544,1.499882,4.396654,2.896772,False
K0.5Rb0.5Ga1S2_stannite,544,0.914796,2.912828,1.998032,True
K0.5Rb0.5Ga1Se1Te1_kesterite,544,1.499880,3.074739,1.574859,False
K0.5Rb0.5Ga1Se1Te1_stannite,544,1.953047,2.620017,0.666970,True
K0.5Rb0.5Ga1Se2_kesterite,544,-0.080265,2.579418,2.659683,False
K0.5Rb0.5Ga1Se2_stannite,544,0.622594,1.127752,0.505158,True
K0.5Rb0.5Ga1Te2_kesterite,544,2.232924,4.654607,2.421683,True
K0.5Rb0.5Ga1Te2_stannite,544,2.202847,2.856976,0.654129,True
K0.5Rb0.5In1S2_kesterite,544,0.645154,3.562970,2.917816,False
K0.5Rb0.5In1S2_stannite,544,0.972957,3.258613,2.285656,False
K0.5Rb0.5In1Se2_kesterite,544,0.395663,2.753654,2.357991,False
K0.5Rb0.5In1Se2_stannite,544,1.371081,1.710712,0.339631,True
K0.5Rb0.5In1Te2_kesterite,544,2.240249,4.381257,2.141008,True
K0.5Rb0.5In1Te2_stannite,544,2.569970,3.435405,0.865435,True
K0.5Rb1.5Ba0.5Zn0.5Ge1S1Se1Te2_kesterite,536,1.177521,3.007859,1.830338,True
K0.5Rb1.5Ba0.5Zn0.5Ge1S1Se1Te2_stannite,536,1.413254,2.283940,0.870686,True
K0.5Rb1.5Ba1Ge1S4_kesterite,528,0.547898,3.508599,2.960701,True
K0.5Rb1.5Ba1Ge1S4_stannite,528,0.674814,3.578537,2.903723,True
K0.5Rb1.5Ba1Ge1Se4_kesterite,528,0.094042,2.579976,2.485934,True
K0.5Rb1.5Ba1Ge1Te4_stannite,528,0.502570,2.070007,1.567437,True
K0.5Rb1.5Ba1Sn1S4_kesterite,528,0.655230,3.872261,3.217031,True
K0.5Rb1.5Ba1Sn1S4_stannite,528,0.754478,3.841579,3.087101,True
K0.5Rb1.5Ba1Sn1Se4_stannite,528,0.387810,3.179765,2.791955,True
K0.5Rb1.5Ba1Zr1S4_kesterite,512,0.444148,4.164178,3.720030,False
K0.5Rb1.5Ba1Zr1S4_stannite,512,0.544375,4.284312,3.739937,False
K0.5Rb1.5Ba1Zr1Se4_kesterite,512,-0.410029,2.920425,3.330454,False
K0.5Rb1.5Ba1Zr1Se4_stannite,512,-0.392855,3.039557,3.432412,True
K0.5Rb1.5Ba1Zr1Te4_stannite,512,0.347736,3.010456,2.662720,False
K0.5Rb1.5Ca0.5Sr0.5Sn0.5Ge0.5S2Te2_kesterite,528,2.645419,4.502357,1.856938,True
K0.5Rb1.5Ca0.5Sr0.5Sn0.5Ge0.5S2Te2_stannite,528,1.056088,2.851630,1.795542,True
K0.5Rb1.5Ca1Ge1S4_stannite,528,0.852264,3.123164,2.270900,True
K0.5Rb1.5Ca1Ge1Se4_stannite,528,0.362724,2.875298,2.512574,False
K0.5Rb1.5Ca1Ge1Te4_stannite,528,0.923809,2.249776,1.325967,True
K0.5Rb1.5Ca1Sn1S4_stannite,528,0.134914,2.848494,2.713580,True
K0.5Rb1.5Ca1Sn1Se4_kesterite,528,0.746056,3.282785,2.536729,False
K0.5Rb1.5Ca1Sn1Se4_stannite,528,0.458548,2.883695,2.425147,False
K0.5Rb1.5Ca1Sn1Te4_stannite,528,1.004781,2.407156,1.402375,True
K0.5Rb1.5Ca1Zr1S4_kesterite,512,0.407420,4.313061,3.905641,False
K0.5Rb1.5Ca1Zr1S4_stannite,512,0.471743,4.247882,3.776139,True
K0.5Rb1.5Ca1Zr1Se4_kesterite,512,0.042751,3.641041,3.598290,False
K0.5Rb1.5Ca1Zr1Se4_stannite,512,0.248098,3.508583,3.260485,True
K0.5Rb1.5Ca1Zr1Te4_kesterite,512,1.956974,4.436923,2.479949,True
K0.5Rb1.5Ca1Zr1Te4_stannite,512,1.813606,4.312695,2.499089,True
K0.5Rb1.5Cd1Ge1S4_stannite,544,1.088139,3.208007,2.119868,False
K0.5Rb1.5Cd1Ge1Se4_kesterite,544,0.419461,2.914434,2.494973,True
K0.5Rb1.5Cd1Ge1Te4_kesterite,544,1.959696,3.604500,1.644804,True
K0.5Rb1.5Cd1Sn1S4_stannite,544,0.909440,3.559617,2.650177,False
K0.5Rb1.5Cd1Sn1Se4_stannite,544,0.962226,2.914727,1.952501,True
K0.5Rb1.5Cd1Sn1Te4_kesterite,544,1.316477,3.304178,1.987701,True
K0.5Rb1.5Cd1Zr1S4_kesterite,528,0.020809,3.275861,3.255052,True
K0.5Rb1.5Cd1Zr1S4_stannite,528,0.970827,3.402300,2.431473,False
K0.5Rb1.5Cd1Zr1Se4_stannite,528,1.133060,2.880546,1.747486,False
K0.5Rb1.5Cd1Zr1Te4_kesterite,528,1.138870,2.865990,1.727120,False
K0.5Rb1.5Cd1Zr1Te4_stannite,528,1.332124,2.643132,1.311008,True
K0.5Rb1.5Mg0.5Sr0.5Sn0.5Ge0.5S1Se1Te2_stannite,496,0.864410,1.395238,0.530828,True
K0.5Rb1.5Mg1Ge1S4_stannite,464,0.767321,3.613824,2.846503,True
K0.5Rb1.5Mg1Ge1Se4_kesterite,464,0.179240,3.388789,3.209549,False
K0.5Rb1.5Mg1Ge1Se4_stannite,464,0.591767,2.687838,2.096071,True
K0.5Rb1.5Mg1Ge1Te4_kesterite,464,2.258660,4.218714,1.960054,False
K0.5Rb1.5Mg1Sn1S4_stannite,464,0.737141,3.241229,2.504088,True
K0.5Rb1.5Mg1Sn1Se4_kesterite,464,0.604485,3.334342,2.729857,False
K0.5Rb1.5Mg1Sn1Se4_stannite,464,0.566627,2.700080,2.133453,False
K0.5Rb1.5Mg1Sn1Te4_stannite,464,1.458856,2.610371,1.151515,True
K0.5Rb1.5Mg1Zr1S4_kesterite,448,0.574568,4.314255,3.739687,True
K0.5Rb1.5Mg1Zr1S4_stannite,448,1.138161,3.711817,2.573656,False
K0.5Rb1.5Mg1Zr1Se4_kesterite,448,0.175300,3.454812,3.279512,True
K0.5Rb1.5Mg1Zr1Se4_stannite,448,0.351017,2.926813,2.575796,False
K0.5Rb1.5Mg1Zr1Te4_kesterite,448,1.967354,4.148893,2.181539,False
K0.5Rb1.5Mg1Zr1Te4_stannite,448,1.162844,2.910920,1.748076,True
K0.5Rb1.5Sr0.5Zn0.5Sn0.5Ge0.5S2Se2_kesterite,536,0.768780,2.835658,2.066878,False
K0.5Rb1.5Sr1Ge1S4_stannite,528,0.764961,2.729463,1.964502,False
K0.5Rb1.5Sr1Ge1Se1Te3_stannite,528,1.430222,2.127779,0.697557,True
K0.5Rb1.5Sr1Ge1Se4_kesterite,528,0.833766,3.002919,2.169153,False
K0.5Rb1.5Sr1Ge1Se4_stannite,528,-0.143786,1.906194,2.049980,False
K0.5Rb1.5Sr1Sn1S2Te2_kesterite,528,0.626650,3.173004,2.546354,False
K0.5Rb1.5Sr1Sn1S4_kesterite,528,0.899888,4.006697,3.106809,True
K0.5Rb1.5Sr1Sn1S4_stannite,528,0.457628,3.733490,3.275862,False
K0.5Rb1.5Sr1Sn1Se4_stannite,528,0.307821,3.016493,2.708672,True
K0.5Rb1.5Sr1Zr1S4_kesterite,512,0.643524,4.258978,3.615454,False
K0.5Rb1.5Sr1Zr1S4_stannite,512,0.412982,4.332902,3.919920,False
K0.5Rb1.5Sr1Zr1Se4_stannite,512,0.090203,3.631151,3.540948,True
K0.5Rb1.5Sr1Zr1Te4_stannite,512,0.504766,3.079035,2.574269,True
K0.5Rb1.5Zn1Ge1S4_stannite,544,1.008490,3.477905,2.469415,True
K0.5Rb1.5Zn1Ge1Te4_kesterite,544,3.288174,4.597987,1.309813,False
K0.5Rb1.5Zn1Ge1Te4_stannite,544,2.217674,2.613299,0.395625,True
K0.5Rb1.5Zn1Sn1S4_kesterite,544,1.021054,4.270594,3.249540,True
K0.5Rb1.5Zn1Sn1Se4_kesterite,544,0.971595,3.453442,2.481847,False
K0.5Rb1.5Zn1Sn1Te4_stannite,544,2.329000,2.661327,0.332327,True
K0.5Rb1.5Zn1Zr1S4_stannite,528,1.072525,3.306345,2.233820,False
K0.5Rb1.5Zn1Zr1Se4_stannite,528,0.723830,2.663847,1.940017,False
K0.5Rb1.5Zn1Zr1Te4_kesterite,528,1.099913,2.879550,1.779637,False
K0.5Rb1.5Zn1Zr1Te4_stannite,528,2.644774,3.848698,1.203924,True
K0.5Rb1Ag0.5Ba1Zr1Se4_stannite,520,0.260787,2.913483,2.652696,False
K0.5Rb1Ag0.5Ca1Sn1Se4_stannite,536,0.540815,2.197659,1.656844,True
K0.5Rb1Ag0.5Ca1Zr1Se4_stannite,520,0.656967,3.102198,2.445231,False
K0.5Rb1Ag0.5Ca1Zr1Te4_kesterite,520,1.421075,3.596166,2.175091,True
K0.5Rb1Ag0.5Ca1Zr1Te4_stannite,520,1.259978,3.508902,2.248924,False
K0.5Rb1Ag0.5Cd1Ge1S4_kesterite,552,1.099613,3.850261,2.750648,False
K0.5Rb1Ag0.5Cd1Ge1S4_stannite,552,1.021220,3.077740,2.056520,False
K0.5Rb1Ag0.5Cd1Ge1Se4_stannite,552,0.649923,1.952096,1.302173,False
K0.5Rb1Ag0.5Cd1Sn1Te4_kesterite,552,2.623045,3.997742,1.374697,True
K0.5Rb1Ag0.5Cd1Sn1Te4_stannite,552,2.481445,3.081219,0.599774,False
K0.5Rb1Ag0.5Cd1Zr1S4_kesterite,536,1.216381,3.481765,2.265384,True
K0.5Rb1Ag0.5Cd1Zr1S4_stannite,536,0.917925,3.362089,2.444164,True
K0.5Rb1Ag0.5Cd1Zr1Se4_kesterite,536,0.722289,2.587588,1.865299,True
K0.5Rb1Ag0.5Cd1Zr1Se4_stannite,536,0.724981,2.469827,1.744846,False
K0.5Rb1Ag0.5Cd1Zr1Te4_stannite,536,1.781798,3.000801,1.219003,True
K0.5Rb1Ag0.5Mg0.5Ba0.5Sn1S1Se3_kesterite,504,2.096783,4.248006,2.151223,True
K0.5Rb1Ag0.5Mg0.5Ba0.5Sn1S1Se3_stannite,504,0.926470,2.208554,1.282084,False
K0.5Rb1Ag0.5Mg1Ge1S2Te2_kesterite,472,1.851234,3.839852,1.988618,True
K0.5Rb1Ag0.5Mg1Ge1S4_kesterite,472,1.419928,4.479698,3.059770,False
K0.5Rb1Ag0.5Mg1Ge1Se4_stannite,472,1.074273,2.779242,1.704969,True
K0.5Rb1Ag0.5Mg1Sn1S4_kesterite,472,2.210065,4.462595,2.252530,False
K0.5Rb1Ag0.5Mg1Sn1S4_stannite,472,1.203892,3.447973,2.244081,True
K0.5Rb1Ag0.5Mg1Sn1Se4_stannite,472,0.744472,2.291321,1.546849,False
K0.5Rb1Ag0.5Mg1Sn1Te4_stannite,472,1.960169,2.853350,0.893181,False
K0.5Rb1Ag0.5Mg1Zr1S4_stannite,456,1.379284,4.295262,2.915978,True
K0.5Rb1Ag0.5Mg1Zr1Se4_stannite,456,1.158828,3.506567,2.347739,False
K0.5Rb1Ag0.5Mg1Zr1Te4_stannite,456,2.872852,4.527587,1.654735,False
K0.5Rb1Ag0.5Sr0.5Ba0.5Sn1Se1Te3_stannite,536,3.590535,3.719613,0.129078,False
K0.5Rb1Ag0.5Sr1Sn1Se4_stannite,536,0.751735,2.453135,1.701400,True
K0.5Rb1Ag0.5Sr1Zr1S4_kesterite,520,0.779112,3.829298,3.050186,False
K0.5Rb1Ag0.5Sr1Zr1Se4_stannite,520,0.590222,3.073751,2.483529,False
K0.5Rb1Ag0.5Zn1Ge1S4_kesterite,552,1.459287,4.377393,2.918106,False
K0.5Rb1Ag0.5Zn1Sn1S4_kesterite,552,1.501549,4.075005,2.573456,False
K0.5Rb1Ag0.5Zn1Sn1S4_stannite,552,1.475106,3.445208,1.970102,False
K0.5Rb1Ag0.5Zn1Sn1Se4_stannite,552,2.140950,2.822297,0.681347,True
K0.5Rb1Ag0.5Zn1Sn1Te4_kesterite,552,3.149816,3.979499,0.829683,True
K0.5Rb1Ag0.5Zn1Sn1Te4_stannite,552,2.556338,2.924300,0.367962,False
K0.5Rb1Ag0.5Zn1Zr1S4_stannite,536,1.179539,3.616501,2.436962,True
K0.5Rb1Ag0.5Zn1Zr1Se4_stannite,536,1.034033,2.678214,1.644181,True
K0.5Rb1Cs0.5Ba1Ge1S4_kesterite,528,0.775291,3.575035,2.799744,True
K0.5Rb1Cs0.5Ba1Ge1S4_stannite,528,1.618405,2.738119,1.119714,False
K0.5Rb1Cs0.5Ba1Ge1Te4_stannite,528,0.484381,2.110780,1.626399,True
K0.5Rb1Cs0.5Ba1Sn1S4_stannite,528,0.681299,3.944744,3.263445,True
K0.5Rb1Cs0.5Ba1Sn1Se4_stannite,528,0.833524,3.253765,2.420241,False
K0.5Rb1Cs0.5Ba1Zr1S4_stannite,512,0.700590,4.406933,3.706343,False
K0.5Rb1Cs0.5Ba1Zr1Se4_kesterite,512,0.222456,2.646508,2.424052,True
K0.5Rb1Cs0.5Ba1Zr1Se4_stannite,512,0.395614,3.781406,3.385792,False
K0.5Rb1Cs0.5Ba1Zr1Te4_stannite,512,0.349722,2.971662,2.621940,False
K0.5Rb1Cs0.5Ca1Ge1S4_stannite,528,0.668423,3.714379,3.045956,False
K0.5Rb1Cs0.5Ca1Sn1S4_stannite,528,0.800425,3.766946,2.966521,False
K0.5Rb1Cs0.5Ca1Sn1Se4_stannite,528,0.643849,3.007377,2.363528,False
K0.5Rb1Cs0.5Ca1Zr1S4_stannite,512,0.663824,4.323220,3.659396,True
K0.5Rb1Cs0.5Ca1Zr1Se4_kesterite,512,0.610906,2.891440,2.280534,True
K0.5Rb1Cs0.5Ca1Zr1Se4_stannite,512,0.441944,3.599870,3.157926,True
K0.5Rb1Cs0.5Ca1Zr1Te4_kesterite,512,0.486522,3.120385,2.633863,False
K0.5Rb1Cs0.5Ca1Zr1Te4_stannite,512,1.969812,4.379110,2.409298,True
K0.5Rb1Cs0.5Cd1Ge1S4_stannite,544,1.134324,3.371827,2.237503,False
K0.5Rb1Cs0.5Cd1Ge1Se4_stannite,544,1.087631,2.584472,1.496841,False
K0.5Rb1Cs0.5Cd1Sn1S4_stannite,544,1.244865,3.681190,2.436325,False
K0.5Rb1Cs0.5Cd1Sn1Se4_stannite,544,1.386731,3.017806,1.631075,False
K0.5Rb1Cs0.5Cd1Sn1Te4_stannite,544,3.022092,4.112289,1.090197,True
K0.5Rb1Cs0.5Cd1Zr1S4_stannite,528,1.095680,3.520148,2.424468,False
K0.5Rb1Cs0.5Cd1Zr1Se4_stannite,528,1.314109,2.995026,1.680917,False
K0.5Rb1Cs0.5Cd1Zr1Te4_stannite,528,1.358440,2.651407,1.292967,True
K0.5Rb1Cs0.5Mg1Ge1S4_kesterite,464,0.873939,4.550265,3.676326,False
K0.5Rb1Cs0.5Mg1Ge1Se4_stannite,464,0.789558,2.227655,1.438097,True
K0.5Rb1Cs0.5Mg1Ge1Te4_stannite,464,1.880884,2.978129,1.097245,True
K0.5Rb1Cs0.5Mg1Sn1Se4_stannite,464,1.585370,2.759401,1.174031,False
K0.5Rb1Cs0.5Mg1Zr1S4_stannite,448,0.964024,3.802668,2.838644,False
K0.5Rb1Cs0.5Mg1Zr1Se4_kesterite,448,0.708207,3.600266,2.892059,True
K0.5Rb1Cs0.5Mg1Zr1Se4_stannite,448,0.560235,3.024855,2.464620,False
K0.5Rb1Cs0.5Mg1Zr1Te4_stannite,448,2.175615,3.859458,1.683843,False
K0.5Rb1Cs0.5Sr0.5Cd0.5Sn1S4_kesterite,536,2.405944,5.337501,2.931557,False
K0.5Rb1Cs0.5Sr0.5Cd0.5Sn1S4_stannite,536,0.225021,2.481568,2.256547,False
K0.5Rb1Cs0.5Sr1Ge1S4_stannite,528,0.604976,3.712613,3.107637,False
K0.5Rb1Cs0.5Sr1Sn1S4_stannite,528,0.762881,3.846217,3.083336,False
K0.5Rb1Cs0.5Sr1Sn1Se4_stannite,528,0.668339,3.077771,2.409432,False
K0.5Rb1Cs0.5Sr1Sn1Te4_stannite,528,1.202706,3.039646,1.836940,False
K0.5Rb1Cs0.5Sr1Zr1S4_stannite,512,0.567492,4.437150,3.869658,False
K0.5Rb1Cs0.5Sr1Zr1Se4_stannite,512,0.343666,3.733706,3.390040,True
K0.5Rb1Cs0.5Zn1Ge1Se4_stannite,544,0.992293,2.658102,1.665809,False
K0.5Rb1Cs0.5Zn1Sn1S4_kesterite,544,1.190703,4.232553,3.041850,True
K0.5Rb1Cs0.5Zn1Sn1Se4_kesterite,544,0.967663,3.155673,2.188010,True
K0.5Rb1Cs0.5Zn1Sn1Te4_kesterite,544,2.775588,4.556777,1.781189,False
K0.5Rb1Cs0.5Zn1Zr1S4_stannite,528,1.146903,3.417409,2.270506,False
K0.5Rb1Cs0.5Zn1Zr1Se4_stannite,528,1.263697,2.781583,1.517886,False
K0.5Rb1Cu0.5Ba1Ge1Se4_stannite,536,2.086999,2.886738,0.799739,False
K0.5Rb1Cu0.5Ca0.5Zn0.5Ge1S2Se1Te1_stannite,544,2.805818,3.927147,1.121329,False
K0.5Rb1Cu0.5Ca0.5Zn0.5Sn0.5Ge0.5Se2Te2_stannite,544,2.912332,2.339344,0.000000,False
K0.5Rb1Cu0.5Ca1Ge1Te4_stannite,536,2.017248,3.406167,1.388919,False
K0.5Rb1Cu0.5Ca1Zr1Te4_stannite,520,1.364845,3.470635,2.105790,False
K0.5Rb1Cu0.5Cd1Ge1Te4_stannite,552,1.960184,2.457059,0.496875,False
K0.5Rb1Cu0.5Cd1Sn1Te4_stannite,552,2.140326,2.695821,0.555495,False
K0.5Rb1Cu0.5Cd1Zr1Te4_stannite,536,1.889297,3.005570,1.116273,True
K0.5Rb1Cu0.5Mg1Ge1S1Te3_kesterite,472,2.920974,4.070662,1.149688,True
K0.5Rb1Cu0.5Mg1Ge1S1Te3_stannite,472,2.347165,3.149572,0.802407,False
K0.5Rb1Cu0.5Mg1Ge1Se4_stannite,472,0.877369,2.236793,1.359424,True
K0.5Rb1Cu0.5Mg1Ge1Te4_stannite,472,2.162395,2.536439,0.374044,True
K0.5Rb1Cu0.5Zn1Sn1Se4_stannite,552,3.160099,2.277674,0.000000,False
K0.5Rb1Cu0.5Zn1Zr1Se4_stannite,536,1.087164,2.735301,1.648137,False
K1.5Ag0.5Ba1Ge1Se4_kesterite,536,1.167490,3.374620,2.207130,False
K1.5Ag0.5Ba1Sn1Se4_kesterite,536,1.260183,3.723885,2.463702,False
K1.5Ag0.5Ba1Zr1S4_kesterite,520,0.680021,3.861170,3.181149,False
K1.5Ag0.5Ca1Zr1S4_kesterite,520,1.067683,4.434975,3.367292,False
K1.5Ag0.5Ca1Zr1S4_stannite,520,0.472432,4.068781,3.596349,False
K1.5Ag0.5Ca1Zr1Se4_kesterite,520,0.396437,3.162117,2.765680,True
K1.5Ag0.5Ca1Zr1Se4_stannite,520,0.310368,3.208638,2.898270,False
K1.5Ag0.5Ca1Zr1Te4_stannite,520,1.250146,3.565869,2.315723,False
K1.5Ag0.5Cd1Ge1S4_stannite,552,1.049047,3.210035,2.160988,True
K1.5Ag0.5Cd1Sn1S4_stannite,552,1.141784,3.255557,2.113773,False
K1.5Ag0.5Cd1Sn1Te4_stannite,552,1.953277,2.714741,0.761464,False
K1.5Ag0.5Cd1Zr1S4_stannite,536,1.198780,3.396890,2.198110,False
K1.5Ag0.5Cd1Zr1Se4_stannite,536,1.278782,3.292016,2.013234,False
K1.5Ag0.5Cd1Zr1Te4_stannite,536,1.864317,3.139169,1.274852,True
K1.5Ag0.5Mg1Ge1S4_kesterite,472,1.805234,4.717055,2.911821,False
K1.5Ag0.5Mg1Ge1S4_stannite,472,1.083570,3.567067,2.483497,False
K1.5Ag0.5Mg1Ge1Se4_kesterite,472,0.863001,3.564998,2.701997,True
K1.5Ag0.5Mg1Ge1Se4_stannite,472,0.943340,2.825375,1.882035,False
K1.5Ag0.5Mg1Ge1Te4_stannite,472,1.959296,2.867736,0.908440,False
K1.5Ag0.5Mg1Sn1S4_kesterite,472,2.108070,4.471434,2.363364,False
K1.5Ag0.5Mg1Sn1S4_stannite,472,1.195735,3.584298,2.388563,False
K1.5Ag0.5Mg1Sn1Se4_stannite,472,1.175881,2.375909,1.200028,False
K1.5Ag0.5Mg1Sn1Te4_kesterite,472,3.049576,5.028831,1.979255,True
K1.5Ag0.5Mg1Sn1Te4_stannite,472,1.993751,2.962499,0.968748,False
K1.5Ag0.5Mg1Zr1S4_kesterite,456,1.049101,4.086483,3.037382,True
K1.5Ag0.5Mg1Zr1S4_stannite,456,0.944861,4.064070,3.119209,False
K1.5Ag0.5Mg1Zr1Se4_kesterite,456,1.047536,3.504932,2.457396,True
K1.5Ag0.5Mg1Zr1Se4_stannite,456,0.979105,3.510668,2.531563,True
K1.5Ag0.5Mg1Zr1Te4_kesterite,456,2.806910,4.598113,1.791203,True
K1.5Ag0.5Mg1Zr1Te4_stannite,456,2.741816,4.559604,1.817788,True
K1.5Ag0.5Sr1Ge1Se4_stannite,536,0.226764,2.491444,2.264680,True
K1.5Ag0.5Sr1Sn1Se4_kesterite,536,1.004279,3.644955,2.640676,True
K1.5Ag0.5Sr1Zr1S4_kesterite,520,0.700082,3.888862,3.188780,False
K1.5Ag0.5Sr1Zr1Te4_stannite,520,1.151311,3.517445,2.366134,True
K1.5Ag0.5Zn1Ge1S4_kesterite,552,1.446547,4.498004,3.051457,False
K1.5Ag0.5Zn1Ge1S4_stannite,552,1.783577,3.599081,1.815504,True
K1.5Ag0.5Zn1Ge1Se4_stannite,552,1.168246,2.657233,1.488987,False
K1.5Ag0.5Zn1Sn1S4_kesterite,552,1.497995,4.259761,2.761766,False
K1.5Ag0.5Zn1Sn1S4_stannite,552,1.582709,3.524017,1.941308,False
K1.5Ag0.5Zn1Sn1Te4_kesterite,552,3.372395,5.205539,1.833144,True
K1.5Ag0.5Zn1Zr1S4_kesterite,536,1.242121,3.969939,2.727818,True
K1.5Ag0.5Zn1Zr1S4_stannite,536,1.506802,3.661475,2.154673,False
K1.5Ag0.5Zn1Zr1Se4_stannite,536,0.934408,2.672148,1.737740,True
K1.5Cs0.5Ba1Ge1S4_kesterite,528,0.680271,3.543745,2.863474,True
K1.5Cs0.5Ba1Sn1S4_kesterite,528,-0.378286,2.865282,3.243568,True
K1.5Cs0.5Ba1Sn1S4_stannite,528,0.650327,3.999297,3.348970,True
K1.5Cs0.5Ba1Sn1Se4_kesterite,528,0.743473,3.243524,2.500051,True
K1.5Cs0.5Ba1Sn1Se4_stannite,528,0.826868,3.282173,2.455305,False
K1.5Cs0.5Ba1Zr1S4_kesterite,512,0.578122,4.217401,3.639279,False
K1.5Cs0.5Ba1Zr1S4_stannite,512,0.657990,4.392020,3.734030,False
K1.5Cs0.5Ba1Zr1Se4_kesterite,512,0.381488,3.617665,3.236177,False
K1.5Cs0.5Ba1Zr1Se4_stannite,512,0.467102,3.772021,3.304919,False
K1.5Cs0.5Ba1Zr1Te4_kesterite,512,0.992822,3.533049,2.540227,True
K1.5Cs0.5Ba1Zr1Te4_stannite,512,1.018148,3.712520,2.694372,True
K1.5Cs0.5Ca1Ge1S4_stannite,528,0.594561,3.709209,3.114648,False
K1.5Cs0.5Ca1Ge1Se4_stannite,528,0.466469,2.919607,2.453138,False
K1.5Cs0.5Ca1Sn1S4_kesterite,528,0.773544,4.118420,3.344876,False
K1.5Cs0.5Ca1Sn1S4_stannite,528,0.665188,3.767972,3.102784,True
K1.5Cs0.5Ca1Sn1Se4_kesterite,528,0.420230,3.366374,2.946144,False
K1.5Cs0.5Ca1Sn1Se4_stannite,528,0.491209,3.001597,2.510388,True
K1.5Cs0.5Ca1Zr1S4_kesterite,512,0.595254,4.412332,3.817078,False
K1.5Cs0.5Ca1Zr1S4_stannite,512,0.518203,4.341450,3.823247,False
K1.5Cs0.5Ca1Zr1Se4_stannite,512,0.327638,3.614820,3.287182,False
K1.5Cs0.5Ca1Zr1Te4_kesterite,512,0.878973,3.141648,2.262675,True
K1.5Cs0.5Ca1Zr1Te4_stannite,512,1.905197,4.451050,2.545853,False
K1.5Cs0.5Cd1Ge1S4_kesterite,544,1.272281,3.945942,2.673661,False
K1.5Cs0.5Cd1Ge1S4_stannite,544,0.949859,3.330557,2.380698,False
K1.5Cs0.5Cd1Ge1Se4_stannite,544,0.786221,2.560467,1.774246,False
K1.5Cs0.5Cd1Sn1S4_stannite,544,1.190498,3.669970,2.479472,True
K1.5Cs0.5Cd1Sn1Se4_stannite,544,1.694021,3.003531,1.309510,True
K1.5Cs0.5Cd1Sn1Te4_stannite,544,1.544411,2.537367,0.992956,True
K1.5Cs0.5Cd1Zr1S4_kesterite,528,0.735484,4.122939,3.387455,False
K1.5Cs0.5Cd1Zr1S4_stannite,528,0.993036,3.503399,2.510363,False
K1.5Cs0.5Cd1Zr1Se4_kesterite,528,0.694369,3.544758,2.850389,False
K1.5Cs0.5Cd1Zr1Se4_stannite,528,1.023983,2.973728,1.949745,False
K1.5Cs0.5Cd1Zr1Te4_kesterite,528,2.858684,4.742923,1.884239,True
K1.5Cs0.5Cd1Zr1Te4_stannite,528,1.421579,2.746435,1.324856,True
K1.5Cs0.5Mg1Ge1S4_kesterite,464,0.667493,4.526214,3.858721,False
K1.5Cs0.5Mg1Ge1Se4_kesterite,464,0.512172,3.464840,2.952668,False
K1.5Cs0.5Mg1Ge1Se4_stannite,464,0.683933,2.774410,2.090477,False
K1.5Cs0.5Mg1Sn1S4_kesterite,464,1.050971,4.322217,3.271246,False
K1.5Cs0.5Mg1Sn1S4_stannite,464,1.086213,3.725666,2.639453,True
K1.5Cs0.5Mg1Sn1Se4_kesterite,464,0.631553,3.407153,2.775600,False
K1.5Cs0.5Mg1Sn1Se4_stannite,464,1.570592,2.811861,1.241269,True
K1.5Cs0.5Mg1Zr1S4_kesterite,448,0.347494,4.024683,3.677189,False
K1.5Cs0.5Mg1Zr1S4_stannite,448,0.751716,3.507709,2.755993,False
K1.5Cs0.5Mg1Zr1Se4_kesterite,448,0.452399,3.545549,3.093150,False
K1.5Cs0.5Mg1Zr1Se4_stannite,448,0.958617,3.034604,2.075987,False
K1.5Cs0.5Mg1Zr1Te4_kesterite,448,2.111688,4.274579,2.162891,False
K1.5Cs0.5Mg1Zr1Te4_stannite,448,2.131336,3.922160,1.790824,False
K1.5Cs0.5Sr1Sn1S4_kesterite,528,-0.095199,3.389028,3.484227,False
K1.5Cs0.5Sr1Sn1S4_stannite,528,-0.001007,3.092559,3.093566,False
K1.5Cs0.5Sr1Sn1Se4_kesterite,528,0.711079,3.317658,2.606579,False
K1.5Cs0.5Sr1Sn1Se4_stannite,528,0.568304,3.109680,2.541376,False
K1.5Cs0.5Sr1Zr1S4_stannite,512,0.393072,4.422945,4.029873,False
K1.5Cs0.5Sr1Zr1Se4_stannite,512,0.245157,3.771829,3.526672,False
K1.5Cs0.5Sr1Zr1Te4_kesterite,512,1.275962,3.041391,1.765429,False
K1.5Cs0.5Sr1Zr1Te4_stannite,512,1.757833,4.559299,2.801466,False
K1.5Cs0.5Zn1Ge1S4_stannite,544,1.163416,3.602130,2.438714,True
K1.5Cs0.5Zn1Ge1Se4_stannite,544,0.922013,2.607784,1.685771,False
K1.5Cs0.5Zn1Ge1Te4_kesterite,544,2.390944,1.935457,0.000000,False
K1.5Cs0.5Zn1Sn1S4_kesterite,544,1.101388,4.262261,3.160873,True
K1.5Cs0.5Zn1Sn1S4_stannite,544,1.755745,3.642302,1.886557,True
K1.5Cs0.5Zn1Sn1Se2Te2_kesterite,544,1.331906,3.115213,1.783307,False
K1.5Cs0.5Zn1Sn1Se2Te2_stannite,544,1.809410,2.470955,0.661545,True
K1.5Cs0.5Zn1Sn1Se4_kesterite,544,1.270930,3.505501,2.234571,False
K1.5Cs0.5Zn1Sn1Se4_stannite,544,1.597630,2.724439,1.126809,True
K1.5Cs0.5Zn1Sn1Te4_stannite,544,2.301527,2.826571,0.525044,True
K1.5Cs0.5Zn1Zr1S4_kesterite,528,1.234119,3.945048,2.710929,False
K1.5Cs0.5Zn1Zr1S4_stannite,528,1.432964,3.410705,1.977741,False
K1.5Cs0.5Zn1Zr1Se4_kesterite,528,0.866522,3.232811,2.366289,False
K1.5Cs0.5Zn1Zr1Se4_stannite,528,0.620471,2.421343,1.800872,True
K1.5Cs0.5Zn1Zr1Te4_kesterite,528,2.701883,4.251613,1.549730,False
K1.5Cs0.5Zn1Zr1Te4_stannite,528,1.528629,2.732545,1.203916,True
K1.5Cu0.5Ba0.5Zn0.5Sn1S4_kesterite,544,3.706077,3.455204,0.000000,False
K1.5Cu0.5Ba1Sn1Te4_kesterite,536,2.691637,4.504141,1.812504,False
K1.5Cu0.5Ca1Zr1S4_kesterite,520,1.660397,4.110939,2.450542,False
K1.5Cu0.5Ca1Zr1Se4_kesterite,520,1.023702,3.562656,2.538954,False
K1.5Cu0.5Cd1Ge1Se4_kesterite,552,3.439284,2.618240,0.000000,False
K1.5Cu0.5Cd1Ge1Se4_stannite,552,0.673538,1.423427,0.749889,True
K1.5Cu0.5Cd1Ge1Te4_kesterite,552,3.134957,4.835425,1.700468,True
K1.5Cu0.5Cd1Zr1Se4_stannite,536,2.533434,2.504224,0.000000,False
K1.5Cu0.5Mg1Sn0.5Ge0.5S3Se1_stannite,472,3.639286,3.251995,0.000000,False
K1.5Cu0.5Sr1Zr1Se4_kesterite,520,0.994921,3.224698,2.229777,False
K1.5Cu0.5Zn0.5Cd0.5Sn1Te4_stannite,552,2.507537,2.951998,0.444461,False
K1.5Cu0.5Zn1Ge1Te4_stannite,552,2.538769,2.843224,0.304455,False
K1.5Cu0.5Zn1Sn0.5Ge0.5S3Se1_stannite,552,2.057380,3.206903,1.149523,False
K1.5Cu0.5Zn1Sn1Te4_stannite,552,3.661974,4.182816,0.520842,False
K1.5Cu0.5Zn1Zr1Se4_kesterite,536,2.741931,2.830902,0.088971,False
K1.5Cu0.5Zn1Zr1Se4_stannite,536,2.740587,2.680757,0.000000,False
K1.5Cu0.5Zn1Zr1Te4_stannite,536,2.021638,3.151273,1.129635,True
K1.5Rb0.5Ba1Ge1S4_kesterite,528,0.432136,3.509545,3.077409,True
K1.5Rb0.5Ba1Ge1S4_stannite,528,0.617420,3.601864,2.984444,True
K1.5Rb0.5Ba1Ge1Se4_kesterite,528,-0.619519,2.122182,2.741701,False
K1.5Rb0.5Ba1Sn1S4_kesterite,528,0.571867,3.913348,3.341481,False
K1.5Rb0.5Ba1Sn1S4_stannite,528,0.682174,3.888320,3.206146,True
K1.5Rb0.5Ba1Sn1Se4_kesterite,528,0.412852,3.188154,2.775302,True
K1.5Rb0.5Ba1Sn1Se4_stannite,528,0.489479,3.192897,2.703418,True
K1.5Rb0.5Ba1Zr1S4_kesterite,512,0.398860,4.178355,3.779495,False
K1.5Rb0.5Ba1Zr1S4_stannite,512,0.291317,4.271434,3.980117,False
K1.5Rb0.5Ba1Zr1Se4_kesterite,512,0.175847,3.578814,3.402967,False
K1.5Rb0.5Ba1Zr1Se4_stannite,512,-0.652432,2.740744,3.393176,True
K1.5Rb0.5Ba1Zr1Te4_kesterite,512,1.496033,3.388290,1.892257,True
K1.5Rb0.5Ba1Zr1Te4_stannite,512,0.843075,3.431832,2.588757,True
K1.5Rb0.5Ca0.5Zn0.5Sn1Se3Te1_kesterite,536,1.316365,2.538707,1.222342,True
K1.5Rb0.5Ca0.5Zn0.5Sn1Se3Te1_stannite,536,0.362090,1.235111,0.873021,True
K1.5Rb0.5Ca1Ge1S4_stannite,528,0.339921,3.627223,3.287302,False
K1.5Rb0.5Ca1Zr1S4_kesterite,512,0.099019,4.209532,4.110513,False
K1.5Rb0.5Ca1Zr1S4_stannite,512,0.212954,4.259268,4.046314,False
K1.5Rb0.5Ca1Zr1Se4_kesterite,512,0.180076,3.646710,3.466634,False
K1.5Rb0.5Ca1Zr1Se4_stannite,512,0.314745,3.521907,3.207162,False
K1.5Rb0.5Ca1Zr1Te4_stannite,512,1.692526,4.375459,2.682933,False
K1.5Rb0.5Cd1Ge1S4_stannite,544,0.920965,3.191075,2.270110,False
K1.5Rb0.5Cd1Ge1Se4_stannite,544,0.564443,2.470635,1.906192,True
K1.5Rb0.5Cd1Ge1Te4_kesterite,544,1.930233,3.604422,1.674189,True
K1.5Rb0.5Cd1Sn1S4_stannite,544,1.469876,3.559204,2.089328,True
K1.5Rb0.5Cd1Sn1Se4_stannite,544,1.649545,2.890933,1.241388,True
K1.5Rb0.5Cd1Sn1Te4_stannite,544,1.776724,2.937253,1.160529,True
K1.5Rb0.5Cd1Zr1S4_kesterite,528,-0.234056,3.239128,3.473184,True
K1.5Rb0.5Cd1Zr1S4_stannite,528,0.721025,3.369816,2.648791,True
K1.5Rb0.5Cd1Zr1Se4_kesterite,528,0.037163,2.398388,2.361225,True
K1.5Rb0.5Cd1Zr1Se4_stannite,528,0.944267,2.852321,1.908054,True
K1.5Rb0.5Cd1Zr1Te4_kesterite,528,1.557498,3.423718,1.866220,True
K1.5Rb0.5Cd1Zr1Te4_stannite,528,1.702701,3.007256,1.304555,True
K1.5Rb0.5Mg1Ge1S4_stannite,464,0.834317,3.278990,2.444673,False
K1.5Rb0.5Mg1Ge1Se4_stannite,464,0.533917,2.660426,2.126509,True
K1.5Rb0.5Mg1Ge1Te4_stannite,464,1.634663,2.580850,0.946187,True
K1.5Rb0.5Mg1Sn1S4_stannite,464,1.349229,3.272181,1.922952,True
K1.5Rb0.5Mg1Sn1Se4_kesterite,464,0.533234,3.280303,2.747069,False
K1.5Rb0.5Mg1Sn1Se4_stannite,464,0.598132,2.695862,2.097730,True
K1.5Rb0.5Mg1Sn1Te4_kesterite,464,2.246612,4.494397,2.247785,False
K1.5Rb0.5Mg1Zr1S4_kesterite,448,0.277819,4.255711,3.977892,True
K1.5Rb0.5Mg1Zr1S4_stannite,448,0.505777,3.715371,3.209594,False
K1.5Rb0.5Mg1Zr1Se4_kesterite,448,0.024755,3.416511,3.391756,True
K1.5Rb0.5Mg1Zr1Se4_stannite,448,0.287529,2.944158,2.656629,True
K1.5Rb0.5Mg1Zr1Te4_kesterite,448,1.873569,4.168374,2.294805,False
K1.5Rb0.5Mg1Zr1Te4_stannite,448,1.963377,3.826085,1.862708,False
K1.5Rb0.5Sr1Ge1Se4_stannite,528,0.166271,2.868024,2.701753,False
K1.5Rb0.5Sr1Sn1S4_stannite,528,0.565666,3.736357,3.170691,True
K1.5Rb0.5Sr1Sn1Se4_stannite,528,0.235949,3.025920,2.789971,True
K1.5Rb0.5Sr1Zr1S4_kesterite,512,0.506441,4.266642,3.760201,False
K1.5Rb0.5Sr1Zr1S4_stannite,512,0.479558,4.327395,3.847837,False
K1.5Rb0.5Sr1Zr1Se4_kesterite,512,-0.848792,2.798286,3.647078,True
K1.5Rb0.5Sr1Zr1Se4_stannite,512,-0.029118,3.671230,3.700348,False
K1.5Rb0.5Sr1Zr1Te4_kesterite,512,1.575056,4.459032,2.883976,True
K1.5Rb0.5Sr1Zr1Te4_stannite,512,0.501522,3.100723,2.599201,True
K1.5Rb0.5Zn1Ge1S4_stannite,544,0.962741,3.502990,2.540249,True
K1.5Rb0.5Zn1Ge1Se4_kesterite,544,0.305556,3.387300,3.081744,False
K1.5Rb0.5Zn1Ge1Se4_stannite,544,1.138842,2.578266,1.439424,True
K1.5Rb0.5Zn1Sn1S1Se2Te1_kesterite,544,0.779254,3.358144,2.578890,True
K1.5Rb0.5Zn1Sn1Se4_kesterite,544,0.784400,3.181347,2.396947,True
K1.5Rb0.5Zn1Sn1Se4_stannite,544,0.986418,2.193395,1.206977,True
K1.5Rb0.5Zn1Sn1Te4_kesterite,544,2.052672,4.130965,2.078293,False
K1.5Rb0.5Zn1Sn1Te4_stannite,544,1.852908,2.337805,0.484897,True
K1.5Rb0.5Zn1Zr1S4_stannite,528,0.722601,3.292412,2.569811,True
K1.5Rb0.5Zn1Zr1Se4_kesterite,528,0.160313,2.624749,2.464436,False
K1.5Rb0.5Zn1Zr1Se4_stannite,528,0.929829,2.633168,1.703339,True
K1.5Rb0.5Zn1Zr1Te4_kesterite,528,2.390277,4.126163,1.735886,False
K1.5Rb0.5Zn1Zr1Te4_stannite,528,2.503538,3.792436,1.288898,True
K1Ag1Ba1Ge1S4_stannite,544,1.303188,4.103389,2.800201,False
K1Ag1Ba1Sn1Se4_stannite,544,1.123229,2.978867,1.855638,False
K1Ag1Ba1Zr1S4_stannite,528,1.687565,4.404860,2.717295,False
K1Ag1Ba1Zr1Se4_stannite,528,1.141293,3.515433,2.374140,False
K1Ag1Ba1Zr1Te4_stannite,528,1.967679,4.050476,2.082797,False
K1Ag1Ca1Ge1Se4_stannite,544,1.122073,2.921533,1.799460,True
K1Ag1Ca1Ge1Te4_kesterite,544,4.192657,4.983626,0.790969,True
K1Ag1Ca1Ge1Te4_stannite,544,2.530221,3.849320,1.319099,False
K1Ag1Ca1Sn1Se4_stannite,544,1.833582,3.780039,1.946457,False
K1Ag1Ca1Zr1S4_kesterite,528,1.465524,3.858528,2.393004,False
K1Ag1Ca1Zr1S4_stannite,528,2.251338,5.196517,2.945179,False
K1Ag1Ca1Zr1Se4_kesterite,528,0.824751,2.973593,2.148842,False
K1Ag1Ca1Zr1Te4_stannite,528,1.974903,4.196355,2.221452,True
K1Ag1Cd1Ge1Se4_stannite,560,1.972614,3.025369,1.052755,False
K1Ag1Cd1Ge1Te4_stannite,560,2.708226,3.339015,0.630789,False
K1Ag1Cd1Sn1S4_kesterite,560,2.492560,4.272077,1.779517,False
K1Ag1Cd1Sn1S4_stannite,560,2.871257,4.335505,1.464248,False
K1Ag1Cd1Sn1Se4_kesterite,560,1.228287,2.510012,1.281725,False
K1Ag1Cd1Sn1Se4_stannite,560,1.705391,2.628950,0.923559,False
K1Ag1Cd1Sn1Te4_kesterite,560,2.531088,3.586614,1.055526,True
K1Ag1Cd1Zr1S4_kesterite,544,2.042007,4.493300,2.451293,True
K1Ag1Cd1Zr1S4_stannite,544,1.719402,3.941971,2.222569,True
K1Ag1Cd1Zr1Se4_kesterite,544,1.199725,3.052701,1.852976,True
K1Ag1Cd1Zr1Se4_stannite,544,1.478367,2.949441,1.471074,False
K1Ag1Cd1Zr1Te4_kesterite,544,2.285397,3.699538,1.414141,True
K1Ag1Cd1Zr1Te4_stannite,544,4.035058,5.194560,1.159502,True
K1Ag1Mg1Ge1S4_stannite,480,2.195403,4.394356,2.198953,False
K1Ag1Mg1Ge1Se4_stannite,480,1.496625,2.834702,1.338077,False
K1Ag1Mg1Ge1Te4_kesterite,480,2.691997,4.117645,1.425648,False
K1Ag1Mg1Ge1Te4_stannite,480,6.927480,4.360674,0.000000,False
K1Ag1Mg1Sn1S4_kesterite,480,2.305515,4.554831,2.249316,False
K1Ag1Mg1Sn1S4_stannite,480,2.621202,4.552637,1.931435,False
K1Ag1Mg1Sn1Se4_kesterite,480,1.939169,3.639606,1.700437,False
K1Ag1Mg1Sn1Se4_stannite,480,2.366299,3.594689,1.228390,False
K1Ag1Mg1Sn1Te4_kesterite,480,2.285852,3.665759,1.379907,True
K1Ag1Mg1Sn1Te4_stannite,480,4.237324,5.263363,1.026039,False
K1Ag1Mg1Zr1S4_kesterite,464,2.077687,4.756318,2.678631,True
K1Ag1Mg1Zr1S4_stannite,464,2.280233,4.939883,2.659650,False
K1Ag1Mg1Zr1Se4_kesterite,464,1.574563,3.956922,2.382359,True
K1Ag1Mg1Zr1Se4_stannite,464,1.772012,4.109128,2.337116,True
K1Ag1Mg1Zr1Te4_kesterite,464,2.150996,3.795987,1.644991,True
K1Ag1Mg1Zr1Te4_stannite,464,3.588756,5.222935,1.634179,False
K1Ag1Sr0.5Cd0.5Ge1S2Se2_kesterite,552,0.927517,3.090215,2.162698,True
K1Ag1Sr0.5Cd0.5Ge1S2Se2_stannite,552,1.460593,2.760741,1.300148,True
K1Ag1Sr1Ge1Se4_stannite,544,1.504591,3.619416,2.114825,False
K1Ag1Sr1Sn1S4_stannite,544,2.113770,4.036828,1.923058,False
K1Ag1Sr1Zr1S4_kesterite,528,1.297658,3.694590,2.396932,False
K1Ag1Sr1Zr1Se4_kesterite,528,0.745785,2.848016,2.102231,True
K1Ag1Zn0.5Cd0.5Ge1Se1Te3_kesterite,560,2.323256,3.587223,1.263967,False
K1Ag1Zn0.5Cd0.5Ge1Se1Te3_stannite,560,2.790859,3.292609,0.501750,False
K1Ag1Zn1Ge1S4_kesterite,560,1.955718,4.211184,2.255466,False
K1Ag1Zn1Ge1S4_stannite,560,2.004487,3.492559,1.488072,False
K1Ag1Zn1Ge1Se4_stannite,560,2.229416,3.113766,0.884350,False
K1Ag1Zn1Ge1Te4_stannite,560,4.043749,4.493567,0.449818,False
K1Ag1Zn1Sn1S4_kesterite,560,2.063340,4.379199,2.315859,False
K1Ag1Zn1Sn1S4_stannite,560,3.018440,4.368262,1.349822,False
K1Ag1Zn1Sn1Se4_kesterite,560,1.976899,3.432916,1.456017,False
K1Ag1Zn1Sn1Se4_stannite,560,2.531379,3.364653,0.833274,False
K1Ag1Zn1Sn1Te4_kesterite,560,4.072697,5.338336,1.265639,True
K1Ag1Zn1Sn1Te4_stannite,560,3.233467,3.705703,0.472236,False
K1Ag1Zn1Zr1S4_kesterite,544,1.849825,4.189156,2.339331,True
K1Ag1Zn1Zr1S4_stannite,544,2.662530,4.444468,1.781938,True
K1Ag1Zn1Zr1Se4_stannite,544,2.265312,3.635956,1.370644,True
K1Ag1Zn1Zr1Te4_stannite,544,2.575515,3.734262,1.158747,True
K1Al0.5Ga0.5Se1Te1_kesterite,464,1.503240,4.299974,2.796734,True
K1Al0.5Ga0.5Se1Te1_stannite,464,1.017854,1.823811,0.805957,False
K1Al0.5Ga0.5Se2_kesterite,464,0.765742,3.969623,3.203881,True
K1Al0.5Ga0.5Se2_stannite,464,0.306793,1.581326,1.274533,True
K1Al0.5In0.5S2_kesterite,464,1.004981,4.727089,3.722108,False
K1Al0.5In0.5Se2_kesterite,464,1.110819,2.937210,1.826391,False
K1Al0.5In0.5Se2_stannite,464,0.789755,2.644174,1.854419,True
K1Al0.5In0.5Te2_kesterite,464,1.767309,4.335773,2.568464,True
K1Al0.5In0.5Te2_stannite,464,2.112894,3.171340,1.058446,True
K1Al1S1Se1_kesterite,384,0.628242,4.942719,4.314477,True
K1Al1S1Te1_kesterite,384,1.457074,5.060385,3.603311,True
K1Al1S1Te1_stannite,384,2.793906,3.846580,1.052674,False
K1Al1S2_stannite,96,1.265703,4.493554,3.227851,False
K1Al1Se1Te1_kesterite,384,1.370874,4.565001,3.194127,True
K1Al1Se1Te1_stannite,384,2.216752,3.368030,1.151278,True
K1Al1Se2_stannite,96,0.826767,3.300211,2.473444,False
K1Al1Te2_stannite,96,2.563825,3.630631,1.066806,True
K1Cs0.5Ag0.5Ba1Ge1Se4_kesterite,536,1.650089,3.559185,1.909096,False
K1Cs0.5Ag0.5Ba1Sn1Se4_stannite,536,0.568408,2.310692,1.742284,False
K1Cs0.5Ag0.5Ba1Zr1Se4_stannite,520,0.397578,2.982270,2.584692,False
K1Cs0.5Ag0.5Ca1Ge1S4_stannite,536,1.420005,3.992250,2.572245,True
K1Cs0.5Ag0.5Ca1Ge1Se4_stannite,536,1.371643,3.042963,1.671320,True
K1Cs0.5Ag0.5Ca1Sn1S4_stannite,536,0.958660,3.319543,2.360883,True
K1Cs0.5Ag0.5Ca1Sn1Se4_stannite,536,1.792502,3.317294,1.524792,True
K1Cs0.5Ag0.5Ca1Sn1Te4_stannite,536,1.966012,2.597048,0.631036,True
K1Cs0.5Ag0.5Ca1Zr1S4_stannite,520,0.655341,4.039397,3.384056,False
K1Cs0.5Ag0.5Ca1Zr1Se4_stannite,520,0.854106,3.155565,2.301459,False
K1Cs0.5Ag0.5Ca1Zr1Te4_stannite,520,1.311310,3.531515,2.220205,False
K1Cs0.5Ag0.5Cd1Ge1S4_stannite,552,1.616377,3.441483,1.825106,True
K1Cs0.5Ag0.5Cd1Sn1S4_stannite,552,2.142929,3.878763,1.735834,True
K1Cs0.5Ag0.5Cd1Sn1Se4_stannite,552,0.945017,2.092361,1.147344,True
K1Cs0.5Ag0.5Cd1Sn1Te4_kesterite,552,2.189475,3.517739,1.328264,True
K1Cs0.5Ag0.5Cd1Zr1S4_kesterite,536,1.322503,3.880695,2.558192,False
K1Cs0.5Ag0.5Cd1Zr1S4_stannite,536,1.469007,3.328625,1.859618,False
K1Cs0.5Ag0.5Cd1Zr1Se4_kesterite,536,0.841292,3.060370,2.219078,False
K1Cs0.5Ag0.5Cd1Zr1Se4_stannite,536,0.830396,2.573702,1.743306,False
K1Cs0.5Ag0.5Mg1Ge1S4_kesterite,472,1.568201,4.718396,3.150195,False
K1Cs0.5Ag0.5Mg1Ge1S4_stannite,472,1.145349,3.284538,2.139189,True
K1Cs0.5Ag0.5Mg1Sn1S4_kesterite,472,1.006165,3.937451,2.931286,False
K1Cs0.5Ag0.5Mg1Sn1S4_stannite,472,1.524211,3.456703,1.932492,True
K1Cs0.5Ag0.5Mg1Sn1Se4_stannite,472,1.747752,3.044389,1.296637,True
K1Cs0.5Ag0.5Mg1Sn1Te4_stannite,472,3.914265,4.021159,0.106894,True
K1Cs0.5Ag0.5Mg1Zr1S4_kesterite,456,1.181648,4.367943,3.186295,False
K1Cs0.5Ag0.5Mg1Zr1S4_stannite,456,1.482267,3.971460,2.489193,False
K1Cs0.5Ag0.5Mg1Zr1Se4_stannite,456,1.407678,3.612501,2.204823,False
K1Cs0.5Ag0.5Mg1Zr1Te4_stannite,456,3.080885,4.651047,1.570162,False
K1Cs0.5Ag0.5Sr1Ge1S4_kesterite,536,2.310360,4.948905,2.638545,False
K1Cs0.5Ag0.5Sr1Ge1S4_stannite,536,0.778068,3.377052,2.598984,False
K1Cs0.5Ag0.5Sr1Ge1Se4_stannite,536,1.274580,3.188017,1.913437,False
K1Cs0.5Ag0.5Sr1Sn1S4_stannite,536,1.714505,4.284739,2.570234,True
K1Cs0.5Ag0.5Sr1Sn1Se4_stannite,536,0.506370,2.226515,1.720145,True
K1Cs0.5Ag0.5Sr1Zr1Se4_stannite,520,0.402785,3.396442,2.993657,False
K1Cs0.5Ag0.5Sr1Zr1Te4_stannite,520,2.792556,5.107385,2.314829,False
K1Cs0.5Ag0.5Zn1Ge1S4_kesterite,552,1.817995,4.819466,3.001471,False
K1Cs0.5Ag0.5Zn1Ge1S4_stannite,552,2.234591,3.680051,1.445460,True
K1Cs0.5Ag0.5Zn1Ge1Se4_kesterite,552,0.982135,3.394364,2.412229,False
K1Cs0.5Ag0.5Zn1Sn1S4_stannite,552,2.485577,3.800865,1.315288,True
K1Cs0.5Ag0.5Zn1Sn1Se4_stannite,552,1.857064,2.803267,0.946203,True
K1Cs0.5Ag0.5Zn1Sn1Te4_kesterite,552,2.441856,4.004745,1.562889,True
K1Cs0.5Ag0.5Zn1Zr1S4_kesterite,536,1.315742,4.277920,2.962178,False
K1Cs0.5Ag0.5Zn1Zr1S4_stannite,536,2.028244,3.943369,1.915125,True
K1Cs0.5Ag0.5Zn1Zr1Se4_kesterite,536,0.675408,2.729979,2.054571,True
K1Cs0.5Ag0.5Zn1Zr1Se4_stannite,536,1.142899,2.774175,1.631276,True
K1Cs0.5Ag0.5Zn1Zr1Te4_stannite,536,3.437689,4.461753,1.024064,False
K1Cs0.5Cu0.5Ba1Ge1Se4_kesterite,536,3.334099,3.961113,0.627014,False
K1Cs0.5Cu0.5Ca1Ge1Se4_stannite,536,1.090672,2.596153,1.505481,True
K1Cs0.5Cu0.5Ca1Sn0.5Ge0.5Se3Te1_stannite,536,1.349507,0.710707,0.000000,False
K1Cs0.5Cu0.5Ca1Zr1Te4_stannite,520,1.512220,3.594201,2.081981,False
K1Cs0.5Cu0.5Cd1Ge1S4_stannite,552,1.458107,3.084000,1.625893,True
K1Cs0.5Cu0.5Cd1Zr1Te4_stannite,536,1.958960,3.072117,1.113157,False
K1Cs0.5Cu0.5Mg1Ge1S4_stannite,472,1.691011,3.495262,1.804251,True
K1Cs0.5Cu0.5Mg1Ge1Se4_stannite,472,2.221733,2.710835,0.489102,True
K1Cs0.5Cu0.5Mg1Sn1S4_stannite,472,2.408602,3.777179,1.368577,True
K1Cs0.5Cu0.5Mg1Sn1Se4_stannite,472,1.480581,2.235354,0.754773,True
K1Cs0.5Cu0.5Mg1Zr1S4_stannite,456,4.092722,4.038974,0.000000,False
K1Cs0.5Cu0.5Mg1Zr1Se4_stannite,456,0.811752,3.088271,2.276519,False
K1Cs0.5Cu0.5Zn1Ge1S4_stannite,552,1.813604,3.414000,1.600396,True
K1Cs0.5Cu0.5Zn1Sn1S4_stannite,552,2.293579,3.630683,1.337104,True
K1Cs0.5Cu0.5Zn1Zr1S4_stannite,536,3.671703,3.700168,0.028465,True
K1Cs0.5Cu0.5Zn1Zr1Se4_stannite,536,1.125881,2.713702,1.587821,False
K1Cs1Ba0.5Zn0.5Sn1S3Te1_kesterite,536,1.238940,3.782829,2.543889,True
K1Cs1Ba1Sn1S4_kesterite,528,0.161858,3.158892,2.997034,True
K1Cs1Ba1Sn1S4_stannite,528,0.973206,4.015262,3.042056,True
K1Cs1Ba1Sn1Se4_stannite,528,0.840639,3.335147,2.494508,True
K1Cs1Ba1Sn1Te4_stannite,528,1.442237,3.027164,1.584927,True
K1Cs1Ba1Zr1S4_kesterite,512,0.837890,4.310892,3.473002,False
K1Cs1Ba1Zr1S4_stannite,512,0.735222,4.507124,3.771902,False
K1Cs1Ba1Zr1Se4_kesterite,512,-0.588990,2.791921,3.380911,False
K1Cs1Ba1Zr1Se4_stannite,512,-0.114179,2.818317,2.932496,False
K1Cs1Ca1Ge1S4_stannite,528,0.929855,3.789489,2.859634,True
K1Cs1Ca1Ge1Se4_stannite,528,0.091866,2.246280,2.154414,True
K1Cs1Ca1Sn1S4_stannite,528,1.035356,3.888137,2.852781,True
K1Cs1Ca1Sn1Se4_kesterite,528,0.849746,3.426623,2.576877,True
K1Cs1Ca1Sn1Se4_stannite,528,0.814071,3.067953,2.253882,True
K1Cs1Ca1Zr1S4_stannite,512,0.128112,3.897360,3.769248,True
K1Cs1Ca1Zr1Se4_stannite,512,0.668364,3.678459,3.010095,True
K1Cs1Ca1Zr1Te4_stannite,512,2.219445,4.480043,2.260598,True
K1Cs1Cd1Ge1S4_stannite,544,1.977076,3.452690,1.475614,False
K1Cs1Cd1Ge1Te4_kesterite,544,2.045649,3.700044,1.654395,True
K1Cs1Cd1Sn1Se4_stannite,544,1.815319,3.145799,1.330480,False
K1Cs1Cd1Zr1S4_stannite,528,1.380639,3.618944,2.238305,True
K1Cs1Cd1Zr1Se4_kesterite,528,0.224993,2.623617,2.398624,False
K1Cs1Cd1Zr1Se4_stannite,528,1.310180,3.086223,1.776043,True
K1Cs1Cd1Zr1Te4_stannite,528,2.194991,3.348849,1.153858,False
K1Cs1Mg1Ge1S4_kesterite,464,0.815234,4.607540,3.792306,True
K1Cs1Mg1Ge1S4_stannite,464,0.819787,3.509731,2.689944,True
K1Cs1Mg1Ge1Se4_stannite,464,0.872911,2.982043,2.109132,True
K1Cs1Mg1Sn1S4_kesterite,464,1.305934,4.500806,3.194872,True
K1Cs1Mg1Sn1S4_stannite,464,1.468496,3.804709,2.336213,False
K1Cs1Mg1Sn1Se3Te1_kesterite,464,0.773700,3.643184,2.869484,False
K1Cs1Mg1Sn1Se3Te1_stannite,464,1.443591,2.407790,0.964199,True
K1Cs1Mg1Sn1Se4_kesterite,464,1.093968,3.563595,2.469627,True
K1Cs1Mg1Sn1Se4_stannite,464,1.437854,2.938433,1.500579,True
K1Cs1Mg1Zr1S4_kesterite,448,1.018616,4.531220,3.512604,True
K1Cs1Mg1Zr1S4_stannite,448,1.100453,3.889979,2.789526,True
K1Cs1Mg1Zr1Se4_kesterite,448,0.757729,3.684798,2.927069,True
K1Cs1Mg1Zr1Se4_stannite,448,0.755238,3.106840,2.351602,False
K1Cs1Mg1Zr1Te4_stannite,448,2.237198,3.935442,1.698244,False
K1Cs1Sr1Ge1S4_stannite,528,0.761581,3.650219,2.888638,False
K1Cs1Sr1Ge1Se4_stannite,528,1.841177,2.999401,1.158224,False
K1Cs1Sr1Sn1S4_stannite,528,0.994683,3.970304,2.975621,True
K1Cs1Sr1Sn1Se4_stannite,528,0.830599,3.246805,2.416206,True
K1Cs1Sr1Zr1S4_stannite,512,0.769411,4.489593,3.720182,False
K1Cs1Sr1Zr1Se4_kesterite,512,-0.492257,2.888306,3.380563,False
K1Cs1Sr1Zr1Se4_stannite,512,0.555538,3.817074,3.261536,False
K1Cs1Sr1Zr1Te4_stannite,512,2.102438,4.552905,2.450467,True
K1Cs1Zn1Ge1S4_stannite,544,1.540851,3.574896,2.034045,False
K1Cs1Zn1Ge1Se4_stannite,544,1.226337,2.866541,1.640204,True
K1Cs1Zn1Sn1Se4_stannite,544,1.440693,2.442774,1.002081,True
K1Cs1Zn1Sn1Te4_kesterite,544,2.360076,4.261052,1.900976,False
K1Cs1Zn1Sn1Te4_stannite,544,3.416670,4.111627,0.694957,True
K1Cs1Zn1Zr1S4_stannite,528,1.358780,3.495911,2.137131,False
K1Cs1Zn1Zr1Te4_stannite,528,1.656713,2.866498,1.209785,True
K1Cu0.5Ag0.5Ba1Sn1Te4_stannite,544,1.988060,3.327756,1.339696,False
K1Cu0.5Ag0.5Ca1Ge1Te4_stannite,544,2.684154,3.684588,1.000434,False
K1Cu0.5Ag0.5Ca1Sn1Te4_stannite,544,2.200235,3.479900,1.279665,False
K1Cu0.5Ag0.5Ca1Zr1S4_stannite,528,2.195612,5.037067,2.841455,False
K1Cu0.5Ag0.5Ca1Zr1Se4_kesterite,528,2.334074,4.320628,1.986554,False
K1Cu0.5Ag0.5Ca1Zr1Se4_stannite,528,1.661601,3.873597,2.211996,False
K1Cu0.5Ag0.5Cd1Ge1Te4_stannite,560,3.687668,4.461468,0.773800,False
K1Cu0.5Ag0.5Cd1Zr1Se4_kesterite,544,1.669255,3.502336,1.833081,True
K1Cu0.5Ag0.5Cd1Zr1Te4_kesterite,544,2.691658,3.839255,1.147597,True
K1Cu0.5Ag0.5Cd1Zr1Te4_stannite,544,2.739327,3.722814,0.983487,True
K1Cu0.5Ag0.5Mg1Ge1S4_stannite,480,3.042382,4.305655,1.263273,False
K1Cu0.5Ag0.5Mg1Ge1Se4_stannite,480,1.942620,3.325313,1.382693,False
K1Cu0.5Ag0.5Mg1Sn1S4_stannite,480,3.230523,4.143015,0.912492,False
K1Cu0.5Ag0.5Mg1Sn1Se4_stannite,480,1.732842,2.906860,1.174018,False
K1Cu0.5Ag0.5Mg1Sn1Te4_kesterite,480,3.433631,4.822517,1.388886,True
K1Cu0.5Ag0.5Mg1Sn1Te4_stannite,480,3.787409,4.788408,1.000999,False
K1Cu0.5Ag0.5Mg1Zr1S4_kesterite,464,1.821403,4.255978,2.434575,True
K1Cu0.5Ag0.5Mg1Zr1S4_stannite,464,2.512626,4.628886,2.116260,False
K1Cu0.5Ag0.5Mg1Zr1Se4_kesterite,464,1.084261,3.305218,2.220957,True
K1Cu0.5Ag0.5Mg1Zr1Se4_stannite,464,1.382907,3.621116,2.238209,True
K1Cu0.5Ag0.5Mg1Zr1Te4_kesterite,464,2.168466,3.727131,1.558665,True
K1Cu0.5Ag0.5Sr1Ge1Te4_stannite,544,2.106069,3.410851,1.304782,True
K1Cu0.5Ag0.5Zn1Ge1S4_stannite,560,3.100364,4.312314,1.211950,False
K1Cu0.5Ag0.5Zn1Ge1Te4_kesterite,560,3.679135,4.827797,1.148662,True
K1Cu0.5Ag0.5Zn1Ge1Te4_stannite,560,3.225511,3.613951,0.388440,False
K1Cu0.5Ag0.5Zn1Sn1Te4_kesterite,560,3.891605,5.031389,1.139784,True
K1Cu0.5Ag0.5Zn1Zr1Se4_kesterite,544,1.230073,3.133416,1.903343,True
K1Cu0.5Ag0.5Zn1Zr1Se4_stannite,544,1.579033,3.246396,1.667363,False
K1Cu1Ba1Ge1Se4_stannite,544,2.060191,3.591802,1.531611,False
K1Cu1Ba1Ge1Te4_stannite,544,1.952581,3.088953,1.136372,False
K1Cu1Ba1Sn1Te4_stannite,544,4.017311,4.668266,0.650955,False
K1Cu1Ca0.5Sr0.5Sn0.5Ge0.5Te4_stannite,544,2.671133,3.672302,1.001169,False
K1Cu1Ca1Zr1S4_kesterite,528,2.158408,3.933195,1.774787,False
K1Cu1Cd1Ge1Se4_stannite,560,1.854217,2.762407,0.908190,False
K1Cu1Cd1Ge1Te4_stannite,560,3.447172,4.261307,0.814135,False
K1Cu1Cd1Sn1S4_kesterite,560,4.310212,3.988832,0.000000,False
K1Cu1Cd1Sn1Se4_stannite,560,2.279024,3.485696,1.206672,False
K1Cu1Cd1Sn1Te4_kesterite,560,3.599658,4.302709,0.703051,False
K1Cu1Mg1Ge1S4_stannite,480,2.422444,4.459711,2.037267,False
K1Cu1Mg1Ge1Se4_stannite,480,2.265493,3.543428,1.277935,False
K1Cu1Mg1Ge1Te4_kesterite,480,2.526927,3.515271,0.988344,True
K1Cu1Mg1Sn1S4_stannite,480,2.622215,4.341889,1.719674,False
K1Cu1Mg1Sn1Se4_kesterite,480,1.852859,2.827479,0.974620,False
K1Cu1Mg1Sn1Se4_stannite,480,2.250364,3.606663,1.356299,False
K1Cu1Mg1Sn1Te4_kesterite,480,2.612225,3.616707,1.004482,True
K1Cu1Mg1Sn1Te4_stannite,480,4.048115,5.125016,1.076901,False
K1Cu1Mg1Zr1S4_kesterite,464,2.035066,4.277693,2.242627,True
K1Cu1Mg1Zr1S4_stannite,464,2.698563,4.791091,2.092528,False
K1Cu1Mg1Zr1Se4_kesterite,464,1.383231,3.330894,1.947663,True
K1Cu1Mg1Zr1Se4_stannite,464,2.222151,4.071962,1.849811,False
K1Cu1Mg1Zr1Te4_kesterite,464,2.513556,3.853065,1.339509,True
K1Cu1Zn1Ge1S4_stannite,560,2.732825,4.439372,1.706547,False
K1Cu1Zn1Ge1Se4_stannite,560,2.237287,3.004395,0.767108,False
K1Cu1Zn1Ge1Te4_stannite,560,3.247144,3.666115,0.418971,False
K1Cu1Zn1Sn1S4_kesterite,560,2.820476,4.003875,1.183399,False
K1Cu1Zn1Sn1S4_stannite,560,3.040427,4.537976,1.497549,False
K1Cu1Zn1Sn1Se4_kesterite,560,1.393516,2.786143,1.392627,False
K1Cu1Zn1Sn1Se4_stannite,560,2.588056,3.510516,0.922460,False
K1Cu1Zn1Sn1Te4_stannite,560,4.458634,5.108464,0.649830,False
K1Cu1Zn1Zr1S4_stannite,544,2.431903,4.394248,1.962345,True
K1Ga0.5In0.5S1Se1_stannite,544,0.497592,1.877102,1.379510,True
K1Ga0.5In0.5S2_kesterite,544,0.948553,4.283158,3.334605,True
K1Ga0.5In0.5S2_stannite,544,1.490022,3.547731,2.057709,True
K1Ga0.5In0.5Se2_kesterite,544,0.301543,2.684268,2.382725,False
K1Ga0.5In0.5Se2_stannite,544,0.748041,2.474709,1.726668,False
K1Ga0.5In0.5Te2_stannite,544,2.100782,3.033278,0.932496,True
K1Ga1S1Se1_kesterite,544,0.133539,3.446524,3.312985,True
K1Ga1S1Se1_stannite,544,1.437863,2.985401,1.547538,True
K1Ga1S1Te1_kesterite,544,1.488006,4.439424,2.951418,True
K1Ga1S1Te1_stannite,544,1.636921,1.966491,0.329570,True
K1Ga1S2_stannite,136,0.849312,3.387264,2.537952,True
K1Ga1Se1Te1_kesterite,544,1.549881,4.157943,2.608062,True
K1Ga1Se1Te1_stannite,544,2.048303,2.590170,0.541867,False
K1Ga1Se2_stannite,136,1.339199,1.816032,0.476833,True
K1Ga1Te2_stannite,136,2.692164,1.974274,0.000000,False
K1In1S1Se1_kesterite,544,0.914689,3.684037,2.769348,True
K1In1S1Se1_stannite,544,0.807984,2.847530,2.039546,False
K1In1S1Te1_kesterite,544,2.162241,4.162056,1.999815,True
K1In1S1Te1_stannite,544,1.567434,2.539934,0.972500,True
K1In1S2_kesterite,136,0.954180,4.302527,3.348347,True
K1In1S2_stannite,136,2.279181,3.189784,0.910603,False
K1In1Se1Te1_kesterite,544,1.582393,3.908402,2.326009,True
K1In1Se2_kesterite,136,1.136545,3.321853,2.185308,True
K1In1Se2_stannite,136,0.671568,2.446926,1.775358,False
K1In1Te2_stannite,136,2.051618,2.896011,0.844393,True
K1Rb0.5Ag0.5Ba1Ge1S4_kesterite,536,1.211152,3.653792,2.442640,False
K1Rb0.5Ag0.5Ba1Ge1S4_stannite,536,0.702908,3.896995,3.194087,False
K1Rb0.5Ag0.5Ba1Zr1S4_stannite,520,0.615491,3.809054,3.193563,False
K1Rb0.5Ag0.5Ba1Zr1Se4_kesterite,520,0.482141,3.311951,2.829810,False
K1Rb0.5Ag0.5Ba1Zr1Se4_stannite,520,0.455737,3.414499,2.958762,True
K1Rb0.5Ag0.5Ca0.5Zn0.5Ge1S2Te2_kesterite,544,3.196137,4.539067,1.342930,True
K1Rb0.5Ag0.5Ca0.5Zn0.5Ge1S2Te2_stannite,544,1.808610,2.361605,0.552995,True
K1Rb0.5Ag0.5Ca1Ge1Se4_stannite,536,0.887494,2.242010,1.354516,False
K1Rb0.5Ag0.5Ca1Zr1Se4_kesterite,520,0.504863,3.240813,2.735950,False
K1Rb0.5Ag0.5Ca1Zr1Se4_stannite,520,0.212558,3.332077,3.119519,False
K1Rb0.5Ag0.5Cd1Ge1Se4_stannite,552,2.357094,2.496609,0.139515,False
K1Rb0.5Ag0.5Cd1Sn1Se4_stannite,552,1.333873,2.098116,0.764243,False
K1Rb0.5Ag0.5Cd1Zr1S4_stannite,536,0.901958,3.364218,2.462260,False
K1Rb0.5Ag0.5Cd1Zr1Se4_stannite,536,1.727408,3.315267,1.587859,False
K1Rb0.5Ag0.5Cd1Zr1Te4_stannite,536,3.493690,4.709967,1.216277,False
K1Rb0.5Ag0.5Mg0.5Ca0.5Ge1S1Se2Te1_kesterite,504,2.128948,4.190672,2.061724,True
K1Rb0.5Ag0.5Mg0.5Ca0.5Ge1S1Se2Te1_stannite,504,1.491374,2.346072,0.854698,True
K1Rb0.5Ag0.5Mg0.5Sr0.5Sn1Se1Te3_kesterite,504,3.279810,4.690928,1.411118,True
K1Rb0.5Ag0.5Mg1Ge1S4_stannite,472,2.857919,3.760582,0.902663,True
K1Rb0.5Ag0.5Mg1Ge1Se4_stannite,472,1.046449,2.758159,1.711710,True
K1Rb0.5Ag0.5Mg1Ge1Te4_kesterite,472,2.116555,3.664942,1.548387,True
K1Rb0.5Ag0.5Mg1Ge1Te4_stannite,472,2.110394,2.729153,0.618759,False
K1Rb0.5Ag0.5Mg1Sn1S4_kesterite,472,1.290548,4.332315,3.041767,False
K1Rb0.5Ag0.5Mg1Sn1S4_stannite,472,1.212725,3.506386,2.293661,True
K1Rb0.5Ag0.5Mg1Sn1Se4_kesterite,472,0.779861,3.219506,2.439645,False
K1Rb0.5Ag0.5Mg1Sn1Se4_stannite,472,1.512387,1.869354,0.356967,True
K1Rb0.5Ag0.5Mg1Sn1Te4_kesterite,472,2.130776,3.932371,1.801595,True
K1Rb0.5Ag0.5Mg1Sn1Te4_stannite,472,2.261765,3.057928,0.796163,True
K1Rb0.5Ag0.5Mg1Zr1S4_kesterite,456,1.004140,4.133052,3.128912,False
K1Rb0.5Ag0.5Mg1Zr1S4_stannite,456,1.329755,4.296494,2.966739,True
K1Rb0.5Ag0.5Mg1Zr1Se4_stannite,456,1.052123,3.508629,2.456506,False
K1Rb0.5Ag0.5Mg1Zr1Te4_stannite,456,2.822683,4.547811,1.725128,False
K1Rb0.5Ag0.5Sr0.5Cd0.5Sn0.5Ge0.5S2Se1Te1_kesterite,544,0.834788,3.152874,2.318086,False
K1Rb0.5Ag0.5Sr0.5Cd0.5Sn0.5Ge0.5S2Se1Te1_stannite,544,1.419659,2.595884,1.176225,True
K1Rb0.5Ag0.5Sr0.5Zn0.5Ge1S1Se3_stannite,544,0.644988,1.929874,1.284886,False
K1Rb0.5Ag0.5Sr1Ge1Te4_kesterite,536,1.905530,3.311120,1.405590,True
K1Rb0.5Ag0.5Sr1Sn0.5Ge0.5S1Se1Te2_kesterite,536,3.233431,4.892229,1.658798,True
K1Rb0.5Ag0.5Sr1Sn0.5Ge0.5S1Se1Te2_stannite,536,1.376703,3.240707,1.864004,True
K1Rb0.5Ag0.5Sr1Sn1S4_stannite,536,1.377501,4.187981,2.810480,True
K1Rb0.5Ag0.5Sr1Zr1Se4_stannite,520,0.054198,3.016832,2.962634,False
K1Rb0.5Ag0.5Zn1Ge1S4_kesterite,552,1.836815,4.731430,2.894615,False
K1Rb0.5Ag0.5Zn1Ge1S4_stannite,552,2.522271,3.688737,1.166466,False
K1Rb0.5Ag0.5Zn1Ge1Te4_stannite,552,2.324300,2.730114,0.405814,False
K1Rb0.5Ag0.5Zn1Sn1S4_kesterite,552,1.487349,4.181904,2.694555,False
K1Rb0.5Ag0.5Zn1Zr1S4_stannite,536,1.172092,3.632366,2.460274,True
K1Rb0.5Ag0.5Zn1Zr1Se4_stannite,536,0.996880,2.687115,1.690235,True
K1Rb0.5Cs0.5Ba1Ge1S4_stannite,528,-0.060784,2.873290,2.934074,False
K1Rb0.5Cs0.5Ba1Sn1S2Se2_kesterite,528,1.678227,4.573692,2.895465,True
K1Rb0.5Cs0.5Ba1Sn1S2Se2_stannite,528,0.489320,2.737555,2.248235,False
K1Rb0.5Cs0.5Ba1Sn1Se4_stannite,528,0.804825,3.270316,2.465491,True
K1Rb0.5Cs0.5Ba1Zr1S4_kesterite,512,0.603423,4.225422,3.621999,False
K1Rb0.5Cs0.5Ba1Zr1S4_stannite,512,0.712404,4.406265,3.693861,False
K1Rb0.5Cs0.5Ba1Zr1Se4_kesterite,512,-0.009308,2.720391,2.729699,True
K1Rb0.5Cs0.5Ba1Zr1Se4_stannite,512,0.458283,3.783590,3.325307,False
K1Rb0.5Cs0.5Ba1Zr1Te4_stannite,512,0.404934,3.100761,2.695827,False
K1Rb0.5Cs0.5Ca1Ge1S4_stannite,528,0.635868,3.746497,3.110629,False
K1Rb0.5Cs0.5Ca1Sn1S4_stannite,528,0.733854,3.743674,3.009820,False
K1Rb0.5Cs0.5Ca1Sn1Se4_stannite,528,0.564742,2.965844,2.401102,False
K1Rb0.5Cs0.5Ca1Zr1S4_stannite,512,0.603690,4.327174,3.723484,True
K1Rb0.5Cs0.5Ca1Zr1Se4_stannite,512,0.405563,3.601712,3.196149,True
K1Rb0.5Cs0.5Ca1Zr1Te4_stannite,512,1.964379,4.414929,2.450550,True
K1Rb0.5Cs0.5Cd1Ge1S4_kesterite,544,0.447563,3.821115,3.373552,False
K1Rb0.5Cs0.5Cd1Ge1S4_stannite,544,0.065959,1.769729,1.703770,False
K1Rb0.5Cs0.5Cd1Ge1Se4_stannite,544,0.855770,2.593852,1.738082,False
K1Rb0.5Cs0.5Cd1Ge1Te4_stannite,544,1.710755,2.643937,0.933182,True
K1Rb0.5Cs0.5Cd1Sn1S4_kesterite,544,0.643955,3.628483,2.984528,False
K1Rb0.5Cs0.5Cd1Sn1S4_stannite,544,0.400611,2.734661,2.334050,False
K1Rb0.5Cs0.5Cd1Sn1Se4_stannite,544,0.318789,2.122095,1.803306,True
K1Rb0.5Cs0.5Cd1Zr1S4_stannite,528,0.381286,2.956542,2.575256,False
K1Rb0.5Cs0.5Cd1Zr1Se4_kesterite,528,1.103692,3.574492,2.470800,False
K1Rb0.5Cs0.5Cd1Zr1Se4_stannite,528,1.292368,2.979765,1.687397,False
K1Rb0.5Cs0.5Cd1Zr1Te4_stannite,528,1.413395,2.720410,1.307015,True
K1Rb0.5Cs0.5Mg0.5Ba0.5Sn0.5Ge0.5S2Se2_kesterite,496,1.110392,4.031153,2.920761,False
K1Rb0.5Cs0.5Mg0.5Ba0.5Sn0.5Ge0.5S2Se2_stannite,496,0.895244,2.374485,1.479241,False
K1Rb0.5Cs0.5Mg1Ge1Se4_stannite,464,1.220163,2.832108,1.611945,True
K1Rb0.5Cs0.5Mg1Sn1S4_kesterite,464,0.861227,4.359614,3.498387,False
K1Rb0.5Cs0.5Mg1Sn1S4_stannite,464,1.080964,3.751280,2.670316,False
K1Rb0.5Cs0.5Mg1Sn1Se4_kesterite,464,0.610733,3.430406,2.819673,False
K1Rb0.5Cs0.5Mg1Sn1Se4_stannite,464,1.705821,2.764415,1.058594,True
K1Rb0.5Cs0.5Mg1Zr1S4_kesterite,448,0.808618,4.394847,3.586229,True
K1Rb0.5Cs0.5Mg1Zr1S4_stannite,448,0.788233,3.817616,3.029383,False
K1Rb0.5Cs0.5Mg1Zr1Se4_kesterite,448,0.546589,3.546773,3.000184,False
K1Rb0.5Cs0.5Mg1Zr1Se4_stannite,448,0.502515,3.021720,2.519205,False
K1Rb0.5Cs0.5Mg1Zr1Te4_stannite,448,2.114048,3.881140,1.767092,False
K1Rb0.5Cs0.5Sr0.5Ba0.5Ge1S3Te1_kesterite,528,1.961333,4.729655,2.768322,False
K1Rb0.5Cs0.5Sr0.5Ba0.5Ge1S3Te1_stannite,528,1.229843,3.067416,1.837573,True
K1Rb0.5Cs0.5Sr1Sn1S4_stannite,528,0.702636,3.843238,3.140602,False
K1Rb0.5Cs0.5Sr1Sn1Se4_stannite,528,0.580560,3.112509,2.531949,False
K1Rb0.5Cs0.5Sr1Zr1S4_stannite,512,0.535695,4.431604,3.895909,False
K1Rb0.5Cs0.5Sr1Zr1Se4_stannite,512,0.297169,3.749611,3.452442,True
K1Rb0.5Cs0.5Sr1Zr1Te4_stannite,512,1.839031,4.518654,2.679623,True
K1Rb0.5Cs0.5Zn1Ge1Se4_stannite,544,0.953931,2.654854,1.700923,True
K1Rb0.5Cs0.5Zn1Ge1Te4_kesterite,544,2.272103,3.824300,1.552197,False
K1Rb0.5Cs0.5Zn1Sn1S4_kesterite,544,1.185968,4.274233,3.088265,True
K1Rb0.5Cs0.5Zn1Sn1S4_stannite,544,1.612445,3.630296,2.017851,False
K1Rb0.5Cs0.5Zn1Sn1Se4_kesterite,544,0.920690,3.307926,2.387236,True
K1Rb0.5Cs0.5Zn1Zr1S4_kesterite,528,0.270279,3.634232,3.363953,False
K1Rb0.5Cs0.5Zn1Zr1S4_stannite,528,1.085683,3.416908,2.331225,False
K1Rb0.5Cs0.5Zn1Zr1Se4_stannite,528,0.877032,2.761226,1.884194,False
K1Rb0.5Cs0.5Zn1Zr1Te4_kesterite,528,1.134689,2.941613,1.806924,False
K1Rb0.5Cs0.5Zn1Zr1Te4_stannite,528,2.716556,3.887972,1.171416,False
K1Rb0.5Cu0.5Ca1Sn1Te4_kesterite,536,2.753065,4.543247,1.790182,False
K1Rb0.5Cu0.5Ca1Zr1Se4_kesterite,520,1.353393,3.589927,2.236534,False
K1Rb0.5Cu0.5Ca1Zr1Te4_stannite,520,1.425269,3.559167,2.133898,False
K1Rb0.5Cu0.5Cd1Sn1Te4_stannite,552,3.731365,4.485591,0.754226,False
K1Rb0.5Cu0.5Cd1Zr1Se4_stannite,536,2.669083,2.397410,0.000000,False
K1Rb0.5Cu0.5Cd1Zr1Te4_stannite,536,1.839069,3.022139,1.183070,True
K1Rb0.5Cu0.5Mg1Ge1S4_stannite,472,3.834339,3.475645,0.000000,False
K1Rb0.5Cu0.5Mg1Ge1Se4_stannite,472,0.855277,2.261076,1.405799,True
K1Rb0.5Cu0.5Mg1Sn1Te4_stannite,472,2.544694,2.820069,0.275375,True
K1Rb0.5Cu0.5Mg1Zr1Te4_stannite,456,1.732986,3.325939,1.592953,True
K1Rb0.5Cu0.5Sr1Ge1Se4_kesterite,536,3.508109,3.265204,0.000000,False
K1Rb0.5Cu0.5Sr1Zr1S4_kesterite,520,1.707727,4.072955,2.365228,False
K1Rb0.5Cu0.5Sr1Zr1Se4_kesterite,520,0.845941,3.256496,2.410555,True
K1Rb0.5Cu0.5Zn1Ge1Te4_stannite,552,2.986415,3.277523,0.291108,False
K1Rb0.5Cu0.5Zn1Zr1Se4_stannite,536,1.597009,2.387700,0.790691,False
K1Rb1Ba1Ge1S4_kesterite,528,1.300106,3.538683,2.238577,True
K1Rb1Ba1Ge1S4_stannite,528,0.274784,3.546988,3.272204,True
K1Rb1Ba1Ge1Te4_stannite,528,1.372752,2.334965,0.962213,False
K1Rb1Ba1Sn1S4_stannite,528,0.055097,2.812184,2.757087,False
K1Rb1Ba1Sn1Se4_stannite,528,0.515261,3.147252,2.631991,True
K1Rb1Ba1Zr1S4_kesterite,512,0.259334,4.180504,3.921170,False
K1Rb1Ba1Zr1S4_stannite,512,-0.312433,3.474685,3.787118,True
K1Rb1Ba1Zr1Se4_kesterite,512,0.392506,3.555396,3.162890,False
K1Rb1Ba1Zr1Se4_stannite,512,0.319385,3.662811,3.343426,False
K1Rb1Ba1Zr1Te4_stannite,512,0.359201,3.037694,2.678493,False
K1Rb1Ca0.5Cd0.5Sn0.5Ge0.5Se1Te3_stannite,536,0.912872,1.961117,1.048245,True
K1Rb1Ca1Ge1S4_stannite,528,0.968698,3.642412,2.673714,False
K1Rb1Ca1Ge1Se4_stannite,528,0.297317,2.856108,2.558791,True
K1Rb1Ca1Ge1Te4_stannite,528,1.229979,2.897652,1.667673,True
K1Rb1Ca1Sn0.5Ge0.5S1Se2Te1_stannite,528,1.016828,2.544398,1.527570,True
K1Rb1Ca1Sn1Se4_stannite,528,0.645939,2.879845,2.233906,True
K1Rb1Ca1Zr1S4_stannite,512,0.383840,4.243212,3.859372,True
K1Rb1Ca1Zr1Se4_stannite,512,0.173046,3.515840,3.342794,False
K1Rb1Ca1Zr1Te4_stannite,512,1.767975,4.344766,2.576791,True
K1Rb1Cd1Ge1S4_stannite,544,0.971362,3.233630,2.262268,False
K1Rb1Cd1Ge1Se4_stannite,544,0.598695,2.483820,1.885125,True
K1Rb1Cd1Sn1S4_stannite,544,1.201518,3.050162,1.848644,True
K1Rb1Cd1Sn1Se4_kesterite,544,1.677798,2.579994,0.902196,False
K1Rb1Cd1Sn1Se4_stannite,544,0.888388,2.894287,2.005899,True
K1Rb1Cd1Sn1Te4_stannite,544,1.656796,2.783884,1.127088,True
K1Rb1Cd1Zr1S4_stannite,528,0.706293,3.371635,2.665342,False
K1Rb1Cd1Zr1Se4_stannite,528,0.712153,2.856716,2.144563,False
K1Rb1Cd1Zr1Te4_stannite,528,2.824616,4.188059,1.363443,False
K1Rb1Mg1Ge1S4_stannite,464,0.849829,3.254736,2.404907,True
K1Rb1Mg1Ge1Se4_stannite,464,0.864206,2.689725,1.825519,True
K1Rb1Mg1Sn1S4_stannite,464,1.595627,3.588911,1.993284,False
K1Rb1Mg1Sn1Te4_stannite,464,1.453492,2.643925,1.190433,True
K1Rb1Mg1Zr1S4_kesterite,448,0.791749,4.294939,3.503190,False
K1Rb1Mg1Zr1S4_stannite,448,1.161273,3.717591,2.556318,False
K1Rb1Mg1Zr1Se4_stannite,448,0.311692,2.927498,2.615806,False
K1Rb1Mg1Zr1Te4_stannite,448,1.935240,3.794923,1.859683,False
K1Rb1Sr1Ge1S1Se1Te2_stannite,528,1.015703,2.666312,1.650609,True
K1Rb1Sr1Ge1S4_stannite,528,0.607737,3.601508,2.993771,False
K1Rb1Sr1Ge1Te4_stannite,528,0.651251,2.117208,1.465957,True
K1Rb1Sr1Sn1S4_stannite,528,0.447916,3.736228,3.288312,False
K1Rb1Sr1Sn1Se4_stannite,528,1.347710,2.999212,1.651502,True
K1Rb1Sr1Sn1Te4_stannite,528,0.463179,2.326997,1.863818,True
K1Rb1Sr1Zr1S4_stannite,512,0.310826,4.330167,4.019341,False
K1Rb1Sr1Zr1Se4_stannite,512,0.026474,3.660667,3.634193,True
K1Rb1Sr1Zr1Te4_stannite,512,0.499325,3.086908,2.587583,True
K1Rb1Zn1Ge1S4_kesterite,544,0.997631,4.466019,3.468388,True
K1Rb1Zn1Ge1Se4_stannite,544,1.111962,2.508784,1.396822,True
K1Rb1Zn1Sn1S4_kesterite,544,1.011785,2.617417,1.605632,False
K1Rb1Zn1Sn1S4_stannite,544,1.578994,3.198774,1.619780,False
K1Rb1Zn1Sn1Se4_stannite,544,0.955722,2.636441,1.680719,True
K1Rb1Zn1Zr1S4_stannite,528,1.365955,3.299004,1.933049,False
K1Rb1Zn1Zr1Se4_kesterite,528,0.036234,2.634356,2.598122,False
K1Rb1Zn1Zr1Se4_stannite,528,0.662918,2.648899,1.985981,False
K1Rb1Zn1Zr1Te4_stannite,528,2.534530,3.836488,1.301958,False
K2Ba0.5Cd0.5Ge1S4_stannite,536,1.059654,2.798179,1.738525,False
K2Ba0.5Cd0.5Ge1Se4_stannite,536,0.481725,2.274129,1.792404,False
K2Ba0.5Cd0.5Sn1Se4_stannite,536,1.001120,2.712114,1.710994,False
K2Ba0.5Cd0.5Zr1S4_stannite,520,0.790047,3.098474,2.308427,False
K2Ba0.5Cd0.5Zr1Se4_stannite,520,-0.228584,1.588298,1.816882,False
K2Ba0.5Cd0.5Zr1Te4_stannite,520,2.392979,3.869831,1.476852,False
K2Ba0.5Zn0.5Ge1Te4_stannite,536,2.361532,3.218221,0.856689,True
K2Ba0.5Zn0.5Sn1Te4_stannite,536,1.146008,2.005718,0.859710,False
K2Ba0.5Zn0.5Zr1S4_stannite,520,1.722373,3.044675,1.322302,False
K2Ba0.5Zn0.5Zr1Se4_stannite,520,-0.045524,1.707762,1.753286,False
K2Ba0.5Zn0.5Zr1Te4_stannite,520,2.249838,3.587673,1.337835,False
K2Ba1Ge0.5Zr0.5S4_kesterite,520,0.498369,3.535095,3.036726,False
K2Ba1Ge0.5Zr0.5S4_stannite,520,0.415008,3.469304,3.054296,True
K2Ba1Ge0.5Zr0.5Se4_kesterite,520,-0.054025,2.812211,2.866236,False
K2Ba1Ge0.5Zr0.5Se4_stannite,520,0.225364,2.719287,2.493923,True
K2Ba1Ge1S1Te3_stannite,528,1.515034,3.114705,1.599671,True
K2Ba1Ge1S2Se1Te1_stannite,528,0.627645,2.700816,2.073171,True
K2Ba1Ge1S2Te2_kesterite,528,1.326710,2.831577,1.504867,False
K2Ba1Ge1S2Te2_stannite,528,1.163367,2.933060,1.769693,True
K2Ba1Sn0.5Ge0.5S4_kesterite,528,0.083707,3.532996,3.449289,False
K2Ba1Sn0.5Ge0.5S4_stannite,528,0.470640,3.461244,2.990604,True
K2Ba1Sn0.5Ge0.5Se4_kesterite,528,-0.053809,2.797863,2.851672,False
K2Ba1Sn0.5Ge0.5Se4_stannite,528,0.225693,2.713659,2.487966,True
K2Ba1Sn0.5Zr0.5S4_kesterite,520,0.512609,3.831612,3.319003,False
K2Ba1Sn0.5Zr0.5S4_stannite,520,0.318968,3.758319,3.439351,True
K2Ba1Sn0.5Zr0.5Se4_stannite,520,0.316916,3.046266,2.729350,True
K2Ba1Sn0.5Zr0.5Te4_stannite,520,0.856573,2.308486,1.451913,False
K2Ba1Sn1S1Se2Te1_stannite,528,0.461688,2.278930,1.817242,True
K2Ba1Sn1S2Se1Te1_stannite,528,0.588989,2.615356,2.026367,True
K2Ba1Sn1S2Se2_stannite,528,-0.085680,2.386145,2.471825,True
K2Ba1Sn1S3Te1_stannite,528,0.852649,2.803707,1.951058,True
K2Ba1Sn1Se2Te2_stannite,528,0.268361,2.198869,1.930508,True
K2Ba1Sn1Se3Te1_stannite,528,0.246458,2.065608,1.819150,True
K2Ba1Sn1Se4_stannite,132,-0.253664,2.525581,2.779245,False
K2Ba1Zr1S1Se1Te2_stannite,512,1.501909,4.065857,2.563948,False
K2Ba1Zr1S1Se2Te1_stannite,512,1.143684,3.928766,2.785082,False
K2Ba1Zr1S2Se1Te1_stannite,512,1.363123,4.164593,2.801470,False
K2Ba1Zr1S2Te2_stannite,512,0.415163,3.443720,3.028557,False
K2Ba1Zr1S3Te1_kesterite,512,0.330913,3.262125,2.931212,True
K2Ba1Zr1S3Te1_stannite,512,0.692353,3.370769,2.678416,False
K2Ba1Zr1S4_kesterite,512,0.259793,4.191026,3.931233,False
K2Ba1Zr1S4_stannite,512,0.385297,4.260973,3.875676,False
K2Ba1Zr1Se1Te3_stannite,512,0.376133,2.995766,2.619633,False
K2Ba1Zr1Se2Te2_stannite,512,0.211503,2.967346,2.755843,False
K2Ba1Zr1Se3Te1_stannite,512,0.113136,2.838837,2.725701,False
K2Ba1Zr1Se4_kesterite,512,0.130789,3.614346,3.483557,False
K2Ba1Zr1Se4_stannite,512,0.310897,3.659927,3.349030,False
K2Ba1Zr1Te4_stannite,512,1.849528,4.559631,2.710103,False
K2Ca0.5Ba0.5Ge1S4_stannite,528,1.166606,3.496558,2.329952,True
K2Ca0.5Ba0.5Ge1Se4_stannite,528,0.371566,2.853526,2.481960,True
K2Ca0.5Ba0.5Sn1S4_stannite,528,2.840121,3.649391,0.809270,False
K2Ca0.5Ba0.5Sn1Se4_stannite,528,1.156192,2.930844,1.774652,True
K2Ca0.5Ba0.5Sn1Te4_stannite,528,1.088550,2.261258,1.172708,True
K2Ca0.5Ba0.5Zr1S4_stannite,512,1.013182,3.977058,2.963876,False
K2Ca0.5Ba0.5Zr1Se4_stannite,512,-0.396747,2.743623,3.140370,True
K2Ca0.5Ba0.5Zr1Te4_kesterite,512,1.791998,4.369261,2.577263,False
K2Ca0.5Ba0.5Zr1Te4_stannite,512,1.736170,4.343238,2.607068,False
K2Ca0.5Cd0.5Ge1S4_stannite,536,0.403083,3.163961,2.760878,False
K2Ca0.5Cd0.5Ge1Se4_stannite,536,0.618018,2.451796,1.833778,True
K2Ca0.5Cd0.5Sn1S4_stannite,536,1.894746,3.550257,1.655511,True
K2Ca0.5Cd0.5Sn1Se4_stannite,536,-0.063462,1.871390,1.934852,True
K2Ca0.5Cd0.5Sn1Te4_stannite,536,2.713450,4.232321,1.518871,True
K2Ca0.5Cd0.5Zr1S4_kesterite,520,0.356033,4.096022,3.739989,False
K2Ca0.5Cd0.5Zr1S4_stannite,520,0.587539,3.274065,2.686526,False
K2Ca0.5Cd0.5Zr1Se4_stannite,520,0.635990,2.629541,1.993551,True
K2Ca0.5Cd0.5Zr1Te4_stannite,520,2.340501,3.945327,1.604826,False
K2Ca0.5Sr0.5Ge1S4_stannite,528,1.441907,3.634644,2.192737,True
K2Ca0.5Sr0.5Ge1Se4_stannite,528,0.846359,2.817771,1.971412,True
K2Ca0.5Sr0.5Ge1Te4_stannite,528,2.128348,3.733212,1.604864,True
K2Ca0.5Sr0.5Sn1S1Se2Te1_kesterite,528,1.935866,4.530266,2.594400,True
K2Ca0.5Sr0.5Sn1S1Se2Te1_stannite,528,0.809070,2.482315,1.673245,True
K2Ca0.5Sr0.5Sn1Se4_stannite,528,0.254544,1.938102,1.683558,True
K2Ca0.5Sr0.5Sn1Te4_stannite,528,1.630370,2.280543,0.650173,True
K2Ca0.5Sr0.5Zr1S4_stannite,512,0.487273,3.728214,3.240941,True
K2Ca0.5Sr0.5Zr1Se4_stannite,512,-0.008981,3.378515,3.387496,False
K2Ca0.5Sr0.5Zr1Te4_kesterite,512,1.492151,4.435907,2.943756,False
K2Ca0.5Sr0.5Zr1Te4_stannite,512,1.714131,4.357536,2.643405,False
K2Ca0.5Zn0.5Ge1S4_stannite,536,0.760359,2.946368,2.186009,False
K2Ca0.5Zn0.5Ge1Se4_kesterite,536,0.054598,2.895849,2.841251,True
K2Ca0.5Zn0.5Ge1Se4_stannite,536,0.928982,2.325850,1.396868,True
K2Ca0.5Zn0.5Sn1Se4_stannite,536,0.125698,1.900790,1.775092,False
K2Ca0.5Zn0.5Sn1Te4_stannite,536,1.439014,2.375289,0.936275,True
K2Ca0.5Zn0.5Zr1S4_stannite,520,0.447133,3.080511,2.633378,True
K2Ca0.5Zn0.5Zr1Te4_stannite,520,1.087189,2.396348,1.309159,False
K2Ca1Ge0.5Zr0.5S4_stannite,520,0.277113,3.532669,3.255556,True
K2Ca1Ge0.5Zr0.5Se4_kesterite,520,0.905537,3.005141,2.099604,False
K2Ca1Ge0.5Zr0.5Se4_stannite,520,0.074455,2.697851,2.623396,True
K2Ca1Ge1S1Se3_stannite,528,0.976571,3.035324,2.058753,False
K2Ca1Ge1S2Se1Te1_stannite,528,1.961102,3.536381,1.575279,False
K2Ca1Ge1S2Se2_stannite,528,0.382515,3.217883,2.835368,True
K2Ca1Ge1S3Se1_stannite,528,0.598037,2.897377,2.299340,False
K2Ca1Ge1S3Te1_stannite,528,1.743688,2.937959,1.194271,False
K2Ca1Ge1S4_stannite,132,0.017731,3.203521,3.185790,False
K2Ca1Ge1Se3Te1_stannite,528,1.530856,3.148229,1.617373,True
K2Ca1Sn0.5Ge0.5S4_kesterite,528,-0.018572,3.796356,3.814928,False
K2Ca1Sn0.5Ge0.5Te4_stannite,528,0.884807,2.306592,1.421785,True
K2Ca1Sn0.5Zr0.5S4_stannite,520,1.485848,3.685036,2.199188,True
K2Ca1Sn0.5Zr0.5Se4_stannite,520,0.498894,2.808336,2.309442,True
K2Ca1Sn0.5Zr0.5Te4_stannite,520,3.150410,4.031226,0.880816,True
K2Ca1Sn1S1Se1Te2_stannite,528,1.119422,2.459040,1.339618,True
K2Ca1Sn1S1Se2Te1_stannite,528,1.525873,3.397771,1.871898,True
K2Ca1Sn1S1Se3_stannite,528,0.397517,2.235915,1.838398,True
K2Ca1Sn1S1Te3_stannite,528,1.225323,2.626195,1.400872,True
K2Ca1Sn1S2Se1Te1_stannite,528,1.219940,2.664152,1.444212,True
K2Ca1Sn1S2Se2_stannite,528,0.092292,2.483451,2.391159,True
K2Ca1Sn1S2Te2_stannite,528,1.157298,2.838292,1.680994,True
K2Ca1Sn1S3Se1_stannite,528,0.620011,3.437836,2.817825,True
K2Ca1Sn1S3Te1_stannite,528,1.661420,2.908856,1.247436,False
K2Ca1Sn1S4_stannite,132,0.007955,3.012101,3.004146,False
K2Ca1Sn1Se2Te2_stannite,528,0.703590,2.303190,1.599600,True
K2Ca1Sn1Se3Te1_stannite,528,0.723428,2.145184,1.421756,True
K2Ca1Sn1Se4_stannite,132,-0.215204,2.162095,2.377299,False
K2Ca1Zr1S1Se1Te2_stannite,512,1.510349,3.985665,2.475316,False
K2Ca1Zr1S1Se2Te1_stannite,512,1.200123,3.851586,2.651463,False
K2Ca1Zr1S1Se3_stannite,512,-0.103358,3.199651,3.303009,False
K2Ca1Zr1S1Te3_stannite,512,0.960356,3.361448,2.401092,True
K2Ca1Zr1S2Se1Te1_stannite,512,1.402786,4.057614,2.654828,False
K2Ca1Zr1S2Se2_stannite,512,0.857895,3.886389,3.028494,False
K2Ca1Zr1S2Te2_stannite,512,0.938967,3.621517,2.682550,False
K2Ca1Zr1S3Se1_stannite,512,0.309513,4.062957,3.753444,False
K2Ca1Zr1S3Te1_stannite,512,1.790805,4.175174,2.384369,False
K2Ca1Zr1S4_kesterite,512,0.659599,3.872755,3.213156,True
K2Ca1Zr1S4_stannite,512,-0.065988,3.732277,3.798265,False
K2Ca1Zr1Se1Te3_kesterite,512,2.653215,4.815919,2.162704,True
K2Ca1Zr1Se1Te3_stannite,512,0.742373,3.119509,2.377136,False
K2Ca1Zr1Se2Te2_stannite,512,0.485885,3.156279,2.670394,True
K2Ca1Zr1Se3Te1_stannite,512,1.024569,3.720716,2.696147,False
K2Ca1Zr1Se4_kesterite,512,-0.656245,2.925491,3.581736,True
K2Ca1Zr1Se4_stannite,512,-0.371775,2.883582,3.255357,False
K2Ca1Zr1Te4_kesterite,512,1.715217,4.512634,2.797417,True
K2Ca1Zr1Te4_stannite,512,1.729194,4.405200,2.676006,True
K2Cd1Ge0.5Zr0.5S4_stannite,536,0.635597,2.914580,2.278983,True
K2Cd1Ge0.5Zr0.5Se4_stannite,536,0.685072,2.373085,1.688013,False
K2Cd1Ge0.5Zr0.5Te4_stannite,536,1.170992,1.800960,0.629968,True
K2Cd1Ge1S1Se1Te2_stannite,544,2.460867,3.084380,0.623513,True
K2Cd1Ge1S1Se2Te1_stannite,544,2.094301,2.893766,0.799465,False
K2Cd1Ge1S1Se3_stannite,544,0.644907,2.602141,1.957234,True
K2Cd1Ge1S1Te3_stannite,544,2.433623,3.270835,0.837212,True
K2Cd1Ge1S2Se2_stannite,544,0.900548,2.793683,1.893135,False
K2Cd1Ge1S2Te2_stannite,544,2.099255,3.445936,1.346681,True
K2Cd1Ge1S3Se1_stannite,544,1.119089,3.013187,1.894098,False
K2Cd1Ge1S3Te1_stannite,544,2.452049,3.232759,0.780710,False
K2Cd1Ge1S4_stannite,136,1.223399,2.912959,1.689560,False
K2Cd1Ge1Se3Te1_stannite,544,1.828086,2.768435,0.940349,False
K2Cd1Ge1Se4_stannite,136,-0.043366,0.794532,0.837898,False
K2Cd1Ge1Te4_stannite,136,2.108718,2.205958,0.097240,False
K2Cd1Sn0.5Ge0.5S4_stannite,544,0.868449,3.177021,2.308572,True
K2Cd1Sn0.5Ge0.5Se4_stannite,544,0.779050,2.379505,1.600455,True
K2Cd1Sn0.5Zr0.5S4_stannite,536,0.722485,3.425687,2.703202,False
K2Cd1Sn0.5Zr0.5Se4_stannite,536,1.034959,2.834659,1.799700,True
K2Cd1Sn0.5Zr0.5Te4_stannite,536,2.196102,3.501340,1.305238,False
K2Cd1Sn1S1Se1Te2_stannite,544,1.918456,2.433582,0.515126,True
K2Cd1Sn1S1Se2Te1_stannite,544,1.804015,2.378703,0.574688,False
K2Cd1Sn1S1Te3_stannite,544,2.205027,3.189399,0.984372,True
K2Cd1Sn1S2Se1Te1_stannite,544,1.855861,2.642020,0.786159,False
K2Cd1Sn1S2Se2_stannite,544,0.974495,3.172628,2.198133,True
K2Cd1Sn1S2Te2_stannite,544,2.609022,3.931056,1.322034,True
K2Cd1Sn1S3Se1_stannite,544,1.173183,3.355421,2.182238,True
K2Cd1Sn1S3Te1_stannite,544,2.717004,3.693331,0.976327,False
K2Cd1Sn1S4_stannite,136,1.071819,2.523181,1.451362,False
K2Cd1Sn1Se4_stannite,136,0.090280,1.560517,1.470237,False
K2Cd1Zr1S1Se1Te2_stannite,528,2.461202,3.591920,1.130718,False
K2Cd1Zr1S1Se2Te1_stannite,528,1.990592,3.286992,1.296400,True
K2Cd1Zr1S1Se3_stannite,528,0.710055,2.965291,2.255236,True
K2Cd1Zr1S1Te3_stannite,528,1.463152,2.486272,1.023120,False
K2Cd1Zr1S3Se1_stannite,528,0.882574,3.217658,2.335084,False
K2Cd1Zr1S4_kesterite,528,1.392664,3.967870,2.575206,True
K2Cd1Zr1S4_stannite,528,0.668771,3.370591,2.701820,False
K2Cd1Zr1Se2Te2_stannite,528,2.120014,3.575258,1.455244,True
K2Cd1Zr1Se3Te1_stannite,528,1.799065,3.164851,1.365786,True
K2Cd1Zr1Se4_stannite,528,0.953998,2.823249,1.869251,True
K2Cd1Zr1Te4_stannite,528,2.796794,4.195512,1.398718,True
K2Mg0.5Ba0.5Ge1Se4_stannite,496,0.249926,2.492067,2.242141,False
K2Mg0.5Ba0.5Ge1Te4_stannite,496,1.581418,2.172571,0.591153,False
K2Mg0.5Ba0.5Sn1Te4_stannite,496,2.230159,3.802783,1.572624,False
K2Mg0.5Ba0.5Zr1S4_stannite,480,0.811387,3.366155,2.554768,False
K2Mg0.5Ba0.5Zr1Se4_stannite,480,0.708338,2.846158,2.137820,False
K2Mg0.5Ba0.5Zr1Te4_stannite,480,1.903244,3.847804,1.944560,False
K2Mg0.5Ca0.5Ge1S4_stannite,496,1.061643,3.487710,2.426067,False
K2Mg0.5Ca0.5Ge1Se4_stannite,496,0.322245,2.614513,2.292268,True
K2Mg0.5Ca0.5Ge1Te4_stannite,496,2.351494,3.512338,1.160844,True
K2Mg0.5Ca0.5Sn1Te4_stannite,496,2.260051,3.754529,1.494478,True
K2Mg0.5Ca0.5Zr1S4_stannite,480,0.267404,3.478059,3.210655,False
K2Mg0.5Ca0.5Zr1Se4_stannite,480,0.823841,2.910584,2.086743,False
K2Mg0.5Ca0.5Zr1Te4_stannite,480,1.772654,3.769416,1.996762,False
K2Mg0.5Cd0.5Ge1S4_kesterite,504,0.680433,4.108105,3.427672,False
K2Mg0.5Cd0.5Ge1S4_stannite,504,0.978327,3.397196,2.418869,True
K2Mg0.5Cd0.5Ge1Se4_stannite,504,0.886514,2.542804,1.656290,True
K2Mg0.5Cd0.5Sn1Se4_stannite,504,1.141409,2.734052,1.592643,True
K2Mg0.5Cd0.5Sn1Te4_stannite,504,2.733784,4.176367,1.442583,True
K2Mg0.5Cd0.5Zr1S4_kesterite,488,0.958372,3.992867,3.034495,False
K2Mg0.5Cd0.5Zr1S4_stannite,488,0.546225,3.293703,2.747478,False
K2Mg0.5Cd0.5Zr1Se4_kesterite,488,0.886508,3.322619,2.436111,True
K2Mg0.5Cd0.5Zr1Se4_stannite,488,0.704189,2.679344,1.975155,False
K2Mg0.5Cd0.5Zr1Te4_kesterite,488,2.225998,4.361716,2.135718,True
K2Mg0.5Cd0.5Zr1Te4_stannite,488,2.519073,3.907777,1.388704,True
K2Mg0.5Sr0.5Ge1Se4_stannite,496,0.789686,2.530196,1.740510,False
K2Mg0.5Sr0.5Sn1Se4_stannite,496,0.836512,2.657763,1.821251,True
K2Mg0.5Sr0.5Sn1Te4_kesterite,496,2.075021,4.234760,2.159739,True
K2Mg0.5Sr0.5Zr1S4_kesterite,480,-0.186851,3.842740,4.029591,True
K2Mg0.5Sr0.5Zr1S4_stannite,480,0.046008,3.116227,3.070219,False
K2Mg0.5Sr0.5Zr1Se4_stannite,480,0.222143,2.838304,2.616161,False
K2Mg0.5Sr0.5Zr1Te4_stannite,480,1.881653,3.888382,2.006729,False
K2Mg0.5Zn0.5Ge1S4_stannite,504,0.882548,3.502304,2.619756,True
K2Mg0.5Zn0.5Ge1Se4_kesterite,504,0.561656,3.463387,2.901731,True
K2Mg0.5Zn0.5Ge1Se4_stannite,504,0.585885,2.487898,1.902013,True
K2Mg0.5Zn0.5Ge1Te4_stannite,504,2.796706,3.662010,0.865304,True
K2Mg0.5Zn0.5Sn1Te4_stannite,504,2.642407,3.799645,1.157238,True
K2Mg0.5Zn0.5Zr1S4_kesterite,488,0.273176,3.896663,3.623487,False
K2Mg0.5Zn0.5Zr1S4_stannite,488,0.550281,3.161350,2.611069,False
K2Mg0.5Zn0.5Zr1Se4_kesterite,488,0.545229,2.690031,2.144802,False
K2Mg0.5Zn0.5Zr1Se4_stannite,488,0.048221,2.111064,2.062843,True
K2Mg0.5Zn0.5Zr1Te4_stannite,488,2.134732,3.590831,1.456099,True
K2Mg1Ge0.5Zr0.5S4_stannite,456,0.882146,3.549109,2.666963,False
K2Mg1Ge0.5Zr0.5Se4_stannite,456,0.356825,2.568271,2.211446,False
K2Mg1Ge0.5Zr0.5Te4_stannite,456,2.106925,3.290053,1.183128,True
K2Mg1Ge1S1Se1Te2_stannite,464,2.392950,3.271270,0.878320,False
K2Mg1Ge1S1Se2Te1_stannite,464,2.141579,3.115685,0.974106,False
K2Mg1Ge1S1Se3_stannite,464,1.185138,2.870485,1.685347,True
K2Mg1Ge1S2Se1Te1_stannite,464,2.304315,3.330681,1.026366,False
K2Mg1Ge1S2Se2_stannite,464,1.212254,3.115524,1.903270,False
K2Mg1Ge1S2Te2_stannite,464,2.390229,3.566690,1.176461,True
K2Mg1Ge1S3Se1_stannite,464,1.294567,3.355946,2.061379,True
K2Mg1Ge1S3Te1_stannite,464,2.616252,3.576052,0.959800,False
K2Mg1Ge1S4_stannite,116,0.390125,3.367839,2.977714,False
K2Mg1Ge1Se3Te1_stannite,464,1.895130,2.897291,1.002161,True
K2Mg1Ge1Se4_kesterite,116,0.133806,3.405408,3.271602,True
K2Mg1Ge1Se4_stannite,116,0.216433,2.178096,1.961663,False
K2Mg1Sn0.5Ge0.5S4_stannite,464,0.957009,3.505185,2.548176,True
K2Mg1Sn0.5Ge0.5Te4_kesterite,464,1.689435,4.018427,2.328992,False
K2Mg1Sn0.5Ge0.5Te4_stannite,464,2.266835,3.400937,1.134102,True
K2Mg1Sn0.5Zr0.5S4_stannite,456,1.358273,3.646922,2.288649,False
K2Mg1Sn0.5Zr0.5Se4_stannite,456,0.377442,2.676873,2.299431,True
K2Mg1Sn0.5Zr0.5Te4_stannite,456,2.300019,3.787780,1.487761,True
K2Mg1Sn1S1Se1Te2_stannite,464,2.460464,3.412656,0.952192,True
K2Mg1Sn1S1Se2Te1_stannite,464,2.197145,3.223188,1.026043,False
K2Mg1Sn1S1Te3_stannite,464,2.714608,3.753760,1.039152,True
K2Mg1Sn1S2Se1Te1_stannite,464,2.395349,3.352264,0.956915,False
K2Mg1Sn1S2Se2_stannite,464,0.796294,3.133887,2.337593,True
K2Mg1Sn1S2Te2_stannite,464,2.488857,3.728353,1.239496,True
K2Mg1Sn1S3Se1_stannite,464,1.033443,3.359733,2.326290,True
K2Mg1Sn1S3Te1_stannite,464,2.617785,3.600762,0.982977,True
K2Mg1Sn1S4_stannite,116,1.877073,3.117434,1.240361,True
K2Mg1Sn1Se1Te3_stannite,464,2.211371,3.535454,1.324083,True
K2Mg1Sn1Se2Te2_stannite,464,2.124518,3.337485,1.212967,True
K2Mg1Sn1Se3Te1_stannite,464,1.969817,2.977958,1.008141,True
K2Mg1Sn1Se4_stannite,116,0.019077,2.027146,2.008069,False
K2Mg1Zr1S1Se1Te2_stannite,448,1.886538,3.523554,1.637016,False
K2Mg1Zr1S1Se2Te1_stannite,448,1.644237,3.333980,1.689743,True
K2Mg1Zr1S1Se3_stannite,448,0.656436,3.123324,2.466888,True
K2Mg1Zr1S1Te3_stannite,448,1.953970,3.853362,1.899392,True
K2Mg1Zr1S2Se1Te1_kesterite,448,0.886906,3.682447,2.795541,False
K2Mg1Zr1S2Se1Te1_stannite,448,1.471859,3.088112,1.616253,True
K2Mg1Zr1S2Se2_stannite,448,0.472593,3.351293,2.878700,False
K2Mg1Zr1S2Te2_stannite,448,1.991709,3.840889,1.849180,True
K2Mg1Zr1S3Se1_stannite,448,0.626716,3.509380,2.882664,True
K2Mg1Zr1S3Te1_stannite,448,2.131671,3.736535,1.604864,True
K2Mg1Zr1S4_kesterite,448,0.160316,4.212312,4.051996,False
K2Mg1Zr1S4_stannite,448,0.435958,3.715772,3.279814,True
K2Mg1Zr1Se1Te3_stannite,448,1.878902,3.636093,1.757191,True
K2Mg1Zr1Se2Te2_stannite,448,1.447923,3.436864,1.988941,True
K2Mg1Zr1Se3Te1_stannite,448,1.473135,3.139220,1.666085,True
K2Mg1Zr1Se4_kesterite,448,0.231446,3.409815,3.178369,False
K2Mg1Zr1Se4_stannite,448,0.242280,2.940413,2.698133,True
K2Mg1Zr1Te4_kesterite,448,1.760547,4.174580,2.414033,True
K2Mg1Zr1Te4_stannite,448,1.895309,3.849305,1.953996,True
K2Sr0.5Ba0.5Ge1S4_kesterite,528,0.077454,3.585045,3.507591,True
K2Sr0.5Ba0.5Ge1S4_stannite,528,0.821110,3.622789,2.801679,True
K2Sr0.5Ba0.5Ge1Se4_stannite,528,-0.361568,2.153938,2.515506,True
K2Sr0.5Ba0.5Sn1S4_stannite,528,0.367563,3.813684,3.446121,False
K2Sr0.5Ba0.5Zr1S4_kesterite,512,0.076108,4.185708,4.109600,False
K2Sr0.5Ba0.5Zr1S4_stannite,512,0.139485,4.179276,4.039791,False
K2Sr0.5Ba0.5Zr1Se4_kesterite,512,-0.077744,3.588341,3.666085,False
K2Sr0.5Ba0.5Zr1Se4_stannite,512,0.212402,3.655957,3.443555,False
K2Sr0.5Ba0.5Zr1Te4_kesterite,512,1.634892,4.451213,2.816321,False
K2Sr0.5Cd0.5Ge1S4_stannite,536,0.318033,3.022304,2.704271,False
K2Sr0.5Cd0.5Ge1Se4_stannite,536,0.542814,2.327690,1.784876,False
K2Sr0.5Cd0.5Zr1Se4_stannite,520,0.333641,2.551566,2.217925,True
K2Sr0.5Zn0.5Ge1S4_stannite,536,0.483906,2.878241,2.394335,True
K2Sr0.5Zn0.5Ge1Te4_kesterite,536,4.338111,4.840697,0.502586,False
K2Sr0.5Zn0.5Zr1S4_stannite,520,1.253558,3.052135,1.798577,False
K2Sr0.5Zn0.5Zr1Se4_stannite,520,0.305759,2.350970,2.045211,True
K2Sr0.5Zn0.5Zr1Te4_stannite,520,2.215658,3.599476,1.383818,True
K2Sr1Ge0.5Zr0.5S4_kesterite,520,0.711615,3.612308,2.900693,True
K2Sr1Ge0.5Zr0.5S4_stannite,520,0.129276,3.462635,3.333359,True
K2Sr1Ge0.5Zr0.5Se4_stannite,520,-0.020557,2.685786,2.706343,True
K2Sr1Ge1S1Se2Te1_stannite,528,1.321026,3.256629,1.935603,True
K2Sr1Ge1S3Se1_kesterite,528,0.425291,3.421324,2.996033,False
K2Sr1Ge1S3Se1_stannite,528,0.385732,3.375927,2.990195,False
K2Sr1Ge1S3Te1_stannite,528,1.859273,3.644501,1.785228,False
K2Sr1Ge1S4_stannite,132,-0.111722,3.147773,3.259495,False
K2Sr1Ge1Se4_stannite,132,-0.186361,2.272309,2.458670,False
K2Sr1Sn0.5Ge0.5Se4_kesterite,528,0.455472,2.184161,1.728689,True
K2Sr1Sn0.5Ge0.5Se4_stannite,528,0.081493,2.070723,1.989230,True
K2Sr1Sn0.5Zr0.5Se4_kesterite,520,1.195131,4.129778,2.934647,False
K2Sr1Sn0.5Zr0.5Se4_stannite,520,-0.425929,2.105574,2.531503,False
K2Sr1Sn1S1Se2Te1_stannite,528,1.417073,3.513240,2.096167,True
K2Sr1Sn1S1Se3_kesterite,528,1.829470,4.647677,2.818207,True
K2Sr1Sn1S1Se3_stannite,528,0.844933,2.328144,1.483211,True
K2Sr1Sn1S3Se1_stannite,528,0.440510,3.535088,3.094578,True
K2Sr1Sn1S4_stannite,132,-0.045454,3.122898,3.168352,False
K2Sr1Zr1S1Se1Te2_stannite,512,1.460291,4.127536,2.667245,False
K2Sr1Zr1S1Se2Te1_stannite,512,1.105327,3.946942,2.841615,False
K2Sr1Zr1S1Se3_stannite,512,0.288183,3.828937,3.540754,False
K2Sr1Zr1S2Se2_stannite,512,0.049462,3.999888,3.950426,False
K2Sr1Zr1S3Te1_stannite,512,1.477391,4.273896,2.796505,False
K2Sr1Zr1S4_kesterite,512,0.017202,4.238339,4.221137,False
K2Sr1Zr1S4_stannite,512,0.127319,4.336301,4.208982,False
K2Sr1Zr1Se3Te1_stannite,512,0.991706,3.825120,2.833414,False
K2Sr1Zr1Se4_stannite,512,0.278526,3.670295,3.391769,False
K2Sr1Zr1Te4_kesterite,512,1.809089,4.497571,2.688482,False
K2Sr1Zr1Te4_stannite,512,1.623311,4.510905,2.887594,True
K2Zn0.5Cd0.5Ge1S4_stannite,544,1.183356,3.289865,2.106509,True
K2Zn0.5Cd0.5Ge1Se4_stannite,544,0.595474,2.413966,1.818492,True
K2Zn0.5Cd0.5Sn1Te4_stannite,544,2.252866,3.320645,1.067779,True
K2Zn0.5Cd0.5Zr1S4_kesterite,528,0.315267,3.807935,3.492668,True
K2Zn0.5Cd0.5Zr1S4_stannite,528,0.659475,3.259050,2.599575,True
K2Zn0.5Cd0.5Zr1Se4_stannite,528,0.587346,2.669433,2.082087,False
K2Zn0.5Cd0.5Zr1Te4_stannite,528,2.622059,3.977294,1.355235,True
K2Zn1Ge0.5Zr0.5Se4_stannite,536,0.981533,2.383866,1.402333,False
K2Zn1Ge1S1Se1Te2_stannite,544,2.839671,3.053130,0.213459,True
K2Zn1Ge1S1Se2Te1_stannite,544,2.452878,2.923445,0.470567,False
K2Zn1Ge1S1Se3_stannite,544,0.937873,2.710773,1.772900,True
K2Zn1Ge1S2Se2_stannite,544,1.215206,2.685722,1.470516,True
K2Zn1Ge1S2Te2_stannite,544,2.536528,3.430913,0.894385,True
K2Zn1Ge1S3Se1_stannite,544,1.533266,2.994234,1.460968,False
K2Zn1Ge1S3Te1_stannite,544,2.950120,3.386144,0.436024,False
K2Zn1Ge1S4_stannite,136,1.715288,3.278112,1.562824,False
K2Zn1Ge1Se2Te2_stannite,544,2.270509,3.065914,0.795405,False
K2Zn1Ge1Se4_stannite,136,0.965430,1.400867,0.435437,False
K2Zn1Ge1Te4_stannite,136,2.303405,2.360992,0.057587,True
K2Zn1Sn0.5Ge0.5S4_stannite,544,1.177906,3.423926,2.246020,True
K2Zn1Sn0.5Ge0.5Se4_kesterite,544,0.767206,3.359497,2.592291,True
K2Zn1Sn0.5Ge0.5Se4_stannite,544,1.181434,2.431935,1.250501,False
K2Zn1Sn0.5Ge0.5Te4_stannite,544,1.909634,2.614227,0.704593,False
K2Zn1Sn0.5Zr0.5Te4_stannite,536,2.886046,3.845224,0.959178,True
K2Zn1Sn1S1Se1Te2_stannite,544,2.771599,3.263114,0.491515,True
K2Zn1Sn1S1Se2Te1_stannite,544,2.600445,2.407575,0.000000,False
K2Zn1Sn1S1Te3_stannite,544,3.020774,3.700566,0.679792,True
K2Zn1Sn1S3Se1_stannite,544,1.769556,3.263707,1.494151,True
K2Zn1Sn1S3Te1_stannite,544,2.835964,3.439636,0.603672,False
K2Zn1Sn1S4_stannite,136,1.962889,3.127762,1.164873,True
K2Zn1Sn1Se3Te1_stannite,544,2.363857,2.902760,0.538903,False
K2Zn1Sn1Se4_stannite,136,1.334528,1.948144,0.613616,True
K2Zn1Sn1Te4_stannite,136,2.426558,2.463798,0.037240,False
K2Zn1Zr1S1Se1Te2_stannite,528,2.319217,3.329224,1.010007,True
K2Zn1Zr1S1Se2Te1_stannite,528,1.982472,3.059050,1.076578,True
K2Zn1Zr1S2Se1Te1_stannite,528,2.151425,3.256766,1.105341,True
K2Zn1Zr1S2Se2_stannite,528,1.032317,2.959556,1.927239,False
K2Zn1Zr1S2Te2_stannite,528,2.329893,3.631613,1.301720,True
K2Zn1Zr1S3Se1_stannite,528,0.934042,3.113517,2.179475,True
K2Zn1Zr1S3Te1_stannite,528,2.403217,3.401119,0.997902,True
K2Zn1Zr1S4_kesterite,528,0.347615,3.765118,3.417503,True
K2Zn1Zr1S4_stannite,528,0.665878,3.277251,2.611373,True
K2Zn1Zr1Se1Te3_stannite,528,2.423168,3.546806,1.123638,True
K2Zn1Zr1Se2Te2_stannite,528,1.806741,3.275159,1.468418,False
K2Zn1Zr1Se3Te1_stannite,528,1.746556,2.915386,1.168830,True
K2Zn1Zr1Se4_kesterite,528,0.631208,3.064996,2.433788,True
K2Zn1Zr1Se4_stannite,528,0.858197,2.608245,1.750048,True
K2Zn1Zr1Te4_kesterite,528,1.386651,3.129592,1.742941,True
K2Zn1Zr1Te4_stannite,528,1.585425,2.880971,1.295546,True
Na0.5Ag0.5Al0.5Ga0.5Te2_kesterite,464,3.223153,4.997372,1.774219,True
Na0.5Ag0.5Al0.5Ga0.5Te2_stannite,464,3.721108,4.516512,0.795404,True
Na0.5Ag0.5Al0.5In0.5S1Se1_kesterite,464,2.098530,4.516719,2.418189,False
Na0.5Ag0.5Al0.5In0.5S1Se1_stannite,464,2.966191,4.352155,1.385964,True
Na0.5Ag0.5Al0.5In0.5S1Te1_kesterite,464,3.120917,5.256027,2.135110,True
Na0.5Ag0.5Al0.5In0.5S1Te1_stannite,464,3.640673,4.572699,0.932026,True
Na0.5Ag0.5Al0.5In0.5Se1Te1_kesterite,464,3.013663,4.751313,1.737650,True
Na0.5Ag0.5Al0.5In0.5Se1Te1_stannite,464,3.456027,4.124326,0.668299,True
Na0.5Ag0.5Al1S1Te1_kesterite,384,2.995896,5.764901,2.769005,True
Na0.5Ag0.5Al1S1Te1_stannite,384,3.869861,5.061925,1.192064,True
Na0.5Ag0.5Al1S2_kesterite,384,2.600242,5.964280,3.364038,True
Na0.5Ag0.5Al1Se2_kesterite,384,1.977122,4.485938,2.508816,True
Na0.5Ag0.5Al1Se2_stannite,384,2.795429,4.330392,1.534963,True
Na0.5Ag0.5Al1Te2_kesterite,384,3.288869,5.542102,2.253233,True
Na0.5Ag0.5Al1Te2_stannite,384,3.807613,5.040910,1.233297,True
Na0.5Ag0.5Ga0.5In0.5S1Te1_kesterite,544,3.410270,4.985604,1.575334,True
Na0.5Ag0.5Ga0.5In0.5S1Te1_stannite,544,3.049069,3.965200,0.916131,True
Na0.5Ag0.5Ga0.5In0.5Se2_kesterite,544,2.013270,3.575822,1.562552,True
Na0.5Ag0.5Ga0.5In0.5Se2_stannite,544,2.299237,3.019974,0.720737,True
Na0.5Ag0.5Ga1S2_kesterite,544,2.593791,5.177374,2.583583,False
Na0.5Ag0.5Ga1Se1Te1_kesterite,544,2.757848,4.464646,1.706798,True
Na0.5Ag0.5Ga1Se1Te1_stannite,544,3.172369,3.663115,0.490746,True
Na0.5Ag0.5Ga1Se2_kesterite,544,1.869333,3.702018,1.832685,True
Na0.5Ag0.5Ga1Se2_stannite,544,2.217894,3.405881,1.187987,True
Na0.5Ag0.5Ga1Te2_kesterite,544,3.324225,4.846442,1.522217,True
Na0.5Ag0.5Ga1Te2_stannite,544,3.713249,4.145606,0.432357,True
Na0.5Ag0.5In1S1Se1_kesterite,544,2.464942,4.038872,1.573930,False
Na0.5Ag0.5In1S1Se1_stannite,544,2.783256,3.938972,1.155716,True
Na0.5Ag0.5In1S1Te1_kesterite,544,3.226708,4.886019,1.659311,True
Na0.5Ag0.5In1S1Te1_stannite,544,3.271171,4.312179,1.041008,True
Na0.5Ag0.5In1S2_kesterite,544,2.497981,4.624676,2.126695,False
Na0.5Ag0.5In1S2_stannite,544,3.004008,4.580852,1.576844,True
Na0.5Ag0.5In1Se2_kesterite,544,2.034524,3.449912,1.415388,True
Na0.5Ag0.5In1Se2_stannite,544,2.509038,3.336237,0.827199,True
Na0.5Ag0.5In1Te2_kesterite,544,3.737888,5.098214,1.360326,True
Na0.5Ag0.5In1Te2_stannite,544,3.832581,4.593338,0.760757,True
Na0.5Ag1.5Ba1Ge1S4_kesterite,544,1.795468,4.131242,2.335774,False
Na0.5Ag1.5Ba1Sn0.5Ge0.5S1Se1Te2_kesterite,544,2.891599,3.889294,0.997695,True
Na0.5Ag1.5Ba1Sn1S4_stannite,544,3.113226,5.379787,2.266561,False
Na0.5Ag1.5Ba1Zr1S4_stannite,528,3.102247,5.436772,2.334525,True
Na0.5Ag1.5Ba1Zr1Se4_kesterite,528,2.692094,4.506280,1.814186,False
Na0.5Ag1.5Ba1Zr1Te4_stannite,528,4.641022,5.955033,1.314011,True
Na0.5Ag1.5Ca0.5Ba0.5Sn0.5Ge0.5Te4_kesterite,544,2.754061,3.934531,1.180470,True
Na0.5Ag1.5Ca0.5Ba0.5Sn0.5Ge0.5Te4_stannite,544,4.696313,5.340179,0.643866,True
Na0.5Ag1.5Ca1Ge1S4_kesterite,544,2.216153,4.903504,2.687351,False
Na0.5Ag1.5Ca1Ge1S4_stannite,544,2.397907,5.118230,2.720323,True
Na0.5Ag1.5Ca1Ge1Se4_kesterite,544,1.653154,3.708506,2.055352,False
Na0.5Ag1.5Ca1Ge1Se4_stannite,544,2.145941,3.891808,1.745867,True
Na0.5Ag1.5Ca1Ge1Te4_kesterite,544,3.875024,5.206241,1.331217,True
Na0.5Ag1.5Ca1Ge1Te4_stannite,544,3.987672,5.508870,1.521198,True
Na0.5Ag1.5Ca1Sn1S4_kesterite,544,2.569381,5.109200,2.539819,False
Na0.5Ag1.5Ca1Sn1S4_stannite,544,3.118262,5.161780,2.043518,True
Na0.5Ag1.5Ca1Sn1Se4_kesterite,544,2.393739,4.200767,1.807028,True
Na0.5Ag1.5Ca1Sn1Se4_stannite,544,2.705859,4.276829,1.570970,True
Na0.5Ag1.5Ca1Zr1S4_kesterite,528,2.953912,5.278435,2.324523,False
Na0.5Ag1.5Ca1Zr1S4_stannite,528,2.916689,5.489187,2.572498,True
Na0.5Ag1.5Ca1Zr1Se4_kesterite,528,2.506992,4.523662,2.016670,False
Na0.5Ag1.5Ca1Zr1Se4_stannite,528,2.508745,4.660616,2.151871,True
Na0.5Ag1.5Ca1Zr1Te4_kesterite,528,4.305486,5.794815,1.489329,False
Na0.5Ag1.5Cd1Ge1S4_kesterite,560,2.313624,4.615783,2.302159,True
Na0.5Ag1.5Cd1Ge1S4_stannite,560,3.054241,4.505048,1.450807,True
Na0.5Ag1.5Cd1Ge1Se4_kesterite,560,2.189093,3.532452,1.343359,True
Na0.5Ag1.5Cd1Ge1Se4_stannite,560,2.221648,3.353224,1.131576,True
Na0.5Ag1.5Cd1Ge1Te4_kesterite,560,4.413131,5.493593,1.080462,True
Na0.5Ag1.5Cd1Ge1Te4_stannite,560,4.543345,5.238043,0.694698,True
Na0.5Ag1.5Cd1Sn1S4_kesterite,560,3.171258,4.862258,1.691000,True
Na0.5Ag1.5Cd1Sn1S4_stannite,560,3.155895,4.790638,1.634743,True
Na0.5Ag1.5Cd1Sn1Se4_kesterite,560,2.215724,3.240934,1.025210,True
Na0.5Ag1.5Cd1Sn1Se4_stannite,560,2.497046,3.242670,0.745624,True
Na0.5Ag1.5Cd1Sn1Te4_kesterite,560,5.331374,6.485505,1.154131,True
Na0.5Ag1.5Cd1Sn1Te4_stannite,560,5.406134,6.255322,0.849188,True
Na0.5Ag1.5Cd1Zr1S4_kesterite,544,3.080039,5.219282,2.139243,True
Na0.5Ag1.5Cd1Zr1S4_stannite,544,2.933845,5.108351,2.174506,False
Na0.5Ag1.5Cd1Zr1Se4_kesterite,544,2.675643,4.476817,1.801174,True
Na0.5Ag1.5Cd1Zr1Se4_stannite,544,2.571415,4.376184,1.804769,False
Na0.5Ag1.5Cd1Zr1Te4_kesterite,544,3.731450,5.083774,1.352324,True
Na0.5Ag1.5Cd1Zr1Te4_stannite,544,4.641766,5.854091,1.212325,True
Na0.5Ag1.5Mg1Ge1S4_kesterite,480,2.910716,5.196143,2.285427,True
Na0.5Ag1.5Mg1Ge1S4_stannite,480,3.227633,4.991765,1.764132,False
Na0.5Ag1.5Mg1Ge1Se4_kesterite,480,2.063787,3.620197,1.556410,True
Na0.5Ag1.5Mg1Ge1Se4_stannite,480,2.225200,3.650700,1.425500,True
Na0.5Ag1.5Mg1Ge1Te4_stannite,480,4.256493,5.153706,0.897213,True
Na0.5Ag1.5Mg1Sn1S4_kesterite,480,3.327896,5.324001,1.996105,True
Na0.5Ag1.5Mg1Sn1S4_stannite,480,3.223941,5.169817,1.945876,True
Na0.5Ag1.5Mg1Sn1Se4_kesterite,480,2.796227,4.334313,1.538086,True
Na0.5Ag1.5Mg1Sn1Se4_stannite,480,3.052000,4.163032,1.111032,True
Na0.5Ag1.5Mg1Sn1Te4_kesterite,480,4.973248,6.329239,1.355991,True
Na0.5Ag1.5Mg1Sn1Te4_stannite,480,5.127671,6.132466,1.004795,True
Na0.5Ag1.5Mg1Zr1S4_kesterite,464,3.095484,5.614760,2.519276,True
Na0.5Ag1.5Mg1Zr1S4_stannite,464,3.167175,5.682124,2.514949,True
Na0.5Ag1.5Mg1Zr1Se4_kesterite,464,2.596084,4.741251,2.145167,True
Na0.5Ag1.5Mg1Zr1Se4_stannite,464,2.344732,4.800056,2.455324,True
Na0.5Ag1.5Mg1Zr1Te4_stannite,464,4.479094,5.955447,1.476353,True
Na0.5Ag1.5Sr1Ge1S4_kesterite,544,2.124073,4.640227,2.516154,False
Na0.5Ag1.5Sr1Ge1Se4_kesterite,544,2.036115,3.621764,1.585649,False
Na0.5Ag1.5Sr1Sn1S4_kesterite,544,3.067303,5.089167,2.021864,False
Na0.5Ag1.5Sr1Sn1Se4_stannite,544,2.752064,4.433577,1.681513,True
Na0.5Ag1.5Sr1Zr1S4_kesterite,528,3.038459,5.234549,2.196090,False
Na0.5Ag1.5Sr1Zr1S4_stannite,528,2.947083,5.445508,2.498425,True
Na0.5Ag1.5Sr1Zr1Se4_kesterite,528,2.658636,4.546970,1.888334,False
Na0.5Ag1.5Sr1Zr1Se4_stannite,528,2.565737,4.692218,2.126481,True
Na0.5Ag1.5Sr1Zr1Te4_stannite,528,4.450199,5.924569,1.474370,True
Na0.5Ag1.5Zn1Ge1S4_kesterite,560,3.147276,5.235559,2.088283,True
Na0.5Ag1.5Zn1Ge1S4_stannite,560,3.539549,5.001702,1.462153,True
Na0.5Ag1.5Zn1Ge1Se4_kesterite,560,2.377973,3.853517,1.475544,True
Na0.5Ag1.5Zn1Ge1Se4_stannite,560,2.450645,3.451951,1.001306,True
Na0.5Ag1.5Zn1Ge1Te4_kesterite,560,4.429158,5.589021,1.159863,True
Na0.5Ag1.5Zn1Ge1Te4_stannite,560,4.725613,5.049559,0.323946,True
Na0.5Ag1.5Zn1Sn1S4_kesterite,560,3.284930,5.121134,1.836204,True
Na0.5Ag1.5Zn1Sn1S4_stannite,560,3.619000,4.954560,1.335560,True
Na0.5Ag1.5Zn1Sn1Se4_kesterite,560,2.817226,4.019115,1.201889,True
Na0.5Ag1.5Zn1Sn1Se4_stannite,560,3.135058,3.834567,0.699509,True
Na0.5Ag1.5Zn1Sn1Te4_kesterite,560,5.062200,6.211737,1.149537,True
Na0.5Ag1.5Zn1Sn1Te4_stannite,560,5.242777,5.760703,0.517926,True
Na0.5Ag1.5Zn1Zr1S4_kesterite,544,2.663655,5.140407,2.476752,True
Na0.5Ag1.5Zn1Zr1S4_stannite,544,2.891253,5.173739,2.282486,False
Na0.5Ag1.5Zn1Zr1Se4_kesterite,544,2.145442,4.253344,2.107902,True
Na0.5Ag1.5Zn1Zr1Se4_stannite,544,2.619215,4.239522,1.620307,False
Na0.5Ag1.5Zn1Zr1Te4_kesterite,544,4.234324,5.555919,1.321595,True
Na0.5Ag1.5Zn1Zr1Te4_stannite,544,4.483304,5.555049,1.071745,True
Na0.5Cs0.5Ag1Ba1Sn1S4_kesterite,536,2.792012,4.532656,1.740644,True
Na0.5Cs0.5Ag1Ba1Zr1Te4_kesterite,520,2.914495,4.113973,1.199478,True
Na0.5Cs0.5Ag1Ba1Zr1Te4_stannite,520,2.869187,4.799170,1.929983,False
Na0.5Cs0.5Ag1Ca1Ge1S4_stannite,536,2.342602,4.644153,2.301551,True
Na0.5Cs0.5Ag1Ca1Ge1Se4_stannite,536,1.962842,3.663611,1.700769,True
Na0.5Cs0.5Ag1Ca1Zr1S4_kesterite,520,2.371799,4.736266,2.364467,True
Na0.5Cs0.5Ag1Cd1Ge1Se4_stannite,552,2.182093,3.109169,0.927076,False
Na0.5Cs0.5Ag1Cd1Ge1Te4_kesterite,552,2.777840,3.500659,0.722819,True
Na0.5Cs0.5Ag1Cd1Ge1Te4_stannite,552,3.022704,3.514557,0.491853,False
Na0.5Cs0.5Ag1Cd1Sn1S4_stannite,552,3.119640,4.489489,1.369849,False
Na0.5Cs0.5Ag1Cd1Sn1Se4_stannite,552,2.812837,3.764068,0.951231,False
Na0.5Cs0.5Ag1Cd1Sn1Te4_kesterite,552,3.259465,4.110839,0.851374,True
Na0.5Cs0.5Ag1Cd1Sn1Te4_stannite,552,3.392507,3.947247,0.554740,False
Na0.5Cs0.5Ag1Cd1Zr1Se4_kesterite,536,1.376235,3.220284,1.844049,False
Na0.5Cs0.5Ag1Cd1Zr1Te4_stannite,536,3.623953,4.773740,1.149787,True
Na0.5Cs0.5Ag1Mg1Ge1S4_stannite,472,2.414151,4.484738,2.070587,False
Na0.5Cs0.5Ag1Mg1Ge1Se4_stannite,472,2.180584,3.347417,1.166833,False
Na0.5Cs0.5Ag1Mg1Ge1Te4_stannite,472,2.743989,3.417526,0.673537,False
Na0.5Cs0.5Ag1Mg1Sn1S4_stannite,472,2.903788,4.774169,1.870381,False
Na0.5Cs0.5Ag1Mg1Sn1Se4_kesterite,472,2.152173,3.898351,1.746178,False
Na0.5Cs0.5Ag1Mg1Sn1Se4_stannite,472,2.660643,3.833941,1.173298,False
Na0.5Cs0.5Ag1Mg1Zr1S4_stannite,456,2.951429,5.243867,2.292438,True
Na0.5Cs0.5Ag1Sr1Zr1S4_kesterite,520,2.533118,4.665501,2.132383,True
Na0.5Cs0.5Ag1Sr1Zr1Se4_kesterite,520,2.249091,4.069682,1.820591,True
Na0.5Cs0.5Ag1Zn1Ge1Te4_stannite,552,4.229349,4.506077,0.276728,False
Na0.5Cs0.5Ag1Zn1Sn1S4_kesterite,552,2.429618,4.521670,2.092052,False
Na0.5Cs0.5Ag1Zn1Sn1S4_stannite,552,2.957024,4.471453,1.514429,False
Na0.5Cs0.5Ag1Zn1Sn1Se4_stannite,552,2.767677,3.446788,0.679111,False
Na0.5Cs0.5Ag1Zn1Sn1Te4_stannite,552,4.711436,5.160436,0.449000,False
Na0.5Cs0.5Ag1Zn1Zr1S4_stannite,536,2.724025,4.726944,2.002919,True
Na0.5Cs0.5Ag1Zn1Zr1Se4_kesterite,536,2.054216,3.908353,1.854137,False
Na0.5Cs0.5Ag1Zn1Zr1Se4_stannite,536,2.291408,3.937515,1.646107,True
Na0.5Cs0.5Al0.5In0.5S1Te1_kesterite,448,2.136744,4.738992,2.602248,True
Na0.5Cs0.5Al0.5In0.5S1Te1_stannite,448,2.725602,3.728288,1.002686,True
Na0.5Cs0.5Al0.5In0.5Se1Te1_kesterite,448,2.152812,3.877641,1.724829,True
Na0.5Cs0.5Al0.5In0.5Se1Te1_stannite,448,2.495063,3.412020,0.916957,True
Na0.5Cs0.5Al0.5In0.5Te2_stannite,448,2.670183,3.827839,1.157656,False
Na0.5Cs0.5Al1S1Se1_kesterite,368,1.553211,5.135740,3.582529,False
Na0.5Cs0.5Al1S2_kesterite,368,1.726456,5.646722,3.920266,True
Na0.5Cs0.5Cu0.5Ag0.5Ba1Ge1S4_stannite,536,2.579926,4.705989,2.126063,False
Na0.5Cs0.5Cu0.5Ag0.5Ba1Ge1Se4_stannite,536,2.071685,3.893104,1.821419,False
Na0.5Cs0.5Cu0.5Ag0.5Ca1Sn1Se4_kesterite,536,4.019278,3.858737,0.000000,False
Na0.5Cs0.5Cu0.5Ag0.5Cd1Ge1Se4_stannite,552,2.028503,3.142158,1.113655,False
Na0.5Cs0.5Cu0.5Ag0.5Cd1Ge1Te4_stannite,552,4.237618,4.731490,0.493872,False
Na0.5Cs0.5Cu0.5Ag0.5Cd1Sn1S4_stannite,552,2.712429,4.229116,1.516687,False
Na0.5Cs0.5Cu0.5Ag0.5Cd1Sn1Se4_kesterite,552,2.105017,3.330168,1.225151,True
Na0.5Cs0.5Cu0.5Ag0.5Cd1Sn1Se4_stannite,552,2.359492,3.394710,1.035218,False
Na0.5Cs0.5Cu0.5Ag0.5Cd1Sn1Te4_kesterite,552,4.507762,5.368238,0.860476,True
Na0.5Cs0.5Cu0.5Ag0.5Cd1Zr1S4_stannite,536,2.432290,4.523283,2.090993,False
Na0.5Cs0.5Cu0.5Ag0.5Cd1Zr1Se4_stannite,536,2.358431,3.795025,1.436594,False
Na0.5Cs0.5Cu0.5Ag0.5Cd1Zr1Te4_stannite,536,4.166969,5.151743,0.984774,False
Na0.5Cs0.5Cu0.5Ag0.5Mg0.5Cd0.5Ge1S1Se2Te1_kesterite,512,2.406832,3.366172,0.959340,False
Na0.5Cs0.5Cu0.5Ag0.5Mg0.5Cd0.5Ge1S1Se2Te1_stannite,512,2.740908,3.494072,0.753164,False
Na0.5Cs0.5Cu0.5Ag0.5Mg1Ge1S4_stannite,472,2.574258,4.532105,1.957847,False
Na0.5Cs0.5Cu0.5Ag0.5Mg1Ge1Se4_kesterite,472,1.896002,3.365772,1.469770,False
Na0.5Cs0.5Cu0.5Ag0.5Mg1Ge1Se4_stannite,472,2.052996,3.384232,1.331236,False
Na0.5Cs0.5Cu0.5Ag0.5Mg1Ge1Te4_kesterite,472,3.771731,4.856738,1.085007,False
Na0.5Cs0.5Cu0.5Ag0.5Mg1Sn1S4_stannite,472,2.760805,4.468705,1.707900,False
Na0.5Cs0.5Cu0.5Ag0.5Mg1Sn1Se4_kesterite,472,4.252952,3.439430,0.000000,False
Na0.5Cs0.5Cu0.5Ag0.5Mg1Sn1Se4_stannite,472,2.219440,3.428973,1.209533,False
Na0.5Cs0.5Cu0.5Ag0.5Mg1Sn1Te4_kesterite,472,3.931182,4.985935,1.054753,False
Na0.5Cs0.5Cu0.5Ag0.5Mg1Sn1Te4_stannite,472,4.073710,4.946762,0.873052,False
Na0.5Cs0.5Cu0.5Ag0.5Mg1Zr1S4_kesterite,456,4.480445,4.752205,0.271760,False
Na0.5Cs0.5Cu0.5Ag0.5Mg1Zr1S4_stannite,456,2.921637,5.016432,2.094795,False
Na0.5Cs0.5Cu0.5Ag0.5Mg1Zr1Se4_kesterite,456,1.805746,3.927252,2.121506,False
Na0.5Cs0.5Cu0.5Ag0.5Mg1Zr1Se4_stannite,456,1.922042,4.117805,2.195763,False
Na0.5Cs0.5Cu0.5Ag0.5Mg1Zr1Te4_stannite,456,3.680515,5.155441,1.474926,False
Na0.5Cs0.5Cu0.5Ag0.5Sr1Ge1Se4_stannite,536,1.939408,3.865211,1.925803,False
Na0.5Cs0.5Cu0.5Ag0.5Sr1Sn1S1Te3_kesterite,536,4.030800,4.041861,0.011061,False
Na0.5Cs0.5Cu0.5Ag0.5Sr1Sn1S1Te3_stannite,536,3.351168,3.701304,0.350136,False
Na0.5Cs0.5Cu0.5Ag0.5Zn1Ge1Te4_stannite,552,4.356824,4.640103,0.283279,False
Na0.5Cs0.5Cu0.5Ag0.5Zn1Sn1Te4_stannite,552,4.488267,4.926843,0.438576,False
Na0.5Cs0.5Cu0.5Ag0.5Zn1Zr1Te4_kesterite,536,3.791780,4.982086,1.190306,False
Na0.5Cs0.5Cu1Ba1Zr1Se4_kesterite,520,2.498257,3.707540,1.209283,True
Na0.5Cs0.5Cu1Ca1Sn1Se4_kesterite,536,1.973274,3.504353,1.531079,True
Na0.5Cs0.5Cu1Ca1Zr1S4_kesterite,520,2.666916,4.541382,1.874466,False
Na0.5Cs0.5Cu1Ca1Zr1Se4_kesterite,520,2.324924,3.905601,1.580677,True
Na0.5Cs0.5Cu1Cd1Ge1S4_stannite,552,3.002667,4.315972,1.313305,False
Na0.5Cs0.5Cu1Cd1Ge1Se4_kesterite,552,2.137543,2.948192,0.810649,False
Na0.5Cs0.5Cu1Cd1Ge1Se4_stannite,552,2.403109,3.296212,0.893103,False
Na0.5Cs0.5Cu1Cd1Ge1Te4_kesterite,552,4.267947,4.795130,0.527183,True
Na0.5Cs0.5Cu1Cd1Sn1S4_kesterite,552,4.421907,4.135301,0.000000,False
Na0.5Cs0.5Cu1Cd1Sn1S4_stannite,552,2.904947,4.444723,1.539776,False
Na0.5Cs0.5Cu1Cd1Sn1Se4_kesterite,552,2.585521,3.352737,0.767216,False
Na0.5Cs0.5Cu1Cd1Sn1Se4_stannite,552,2.479965,3.588260,1.108295,False
Na0.5Cs0.5Cu1Cd1Sn1Te4_kesterite,552,4.639051,5.227376,0.588325,True
Na0.5Cs0.5Cu1Cd1Sn1Te4_stannite,552,4.739537,5.544279,0.804742,False
Na0.5Cs0.5Cu1Cd1Zr1S4_kesterite,536,3.232450,4.473099,1.240649,False
Na0.5Cs0.5Cu1Cd1Zr1S4_stannite,536,3.159028,4.638242,1.479214,False
Na0.5Cs0.5Cu1Cd1Zr1Se4_kesterite,536,2.517058,3.796299,1.279241,False
Na0.5Cs0.5Cu1Cd1Zr1Se4_stannite,536,2.395765,3.915418,1.519653,False
Na0.5Cs0.5Cu1Mg0.5Zn0.5Sn1S2Te2_stannite,512,3.826683,4.041843,0.215160,False
Na0.5Cs0.5Cu1Mg1Ge1S4_stannite,472,2.762384,4.699896,1.937512,False
Na0.5Cs0.5Cu1Mg1Ge1Se4_stannite,472,2.446959,3.548976,1.102017,False
Na0.5Cs0.5Cu1Mg1Ge1Te4_kesterite,472,4.034519,4.708844,0.674325,False
Na0.5Cs0.5Cu1Mg1Ge1Te4_stannite,472,4.139028,5.062708,0.923680,False
Na0.5Cs0.5Cu1Mg1Sn1S4_kesterite,472,2.632128,4.470504,1.838376,False
Na0.5Cs0.5Cu1Mg1Sn1S4_stannite,472,3.389660,4.706108,1.316448,False
Na0.5Cs0.5Cu1Mg1Sn1Se4_stannite,472,2.378611,3.675444,1.296833,False
Na0.5Cs0.5Cu1Mg1Sn1Te4_stannite,472,4.317252,5.290088,0.972836,False
Na0.5Cs0.5Cu1Mg1Zr1S4_kesterite,456,2.581268,4.777172,2.195904,False
Na0.5Cs0.5Cu1Mg1Zr1S4_stannite,456,3.156038,5.134113,1.978075,False
Na0.5Cs0.5Cu1Mg1Zr1Se4_kesterite,456,2.311284,4.008197,1.696913,False
Na0.5Cs0.5Cu1Mg1Zr1Se4_stannite,456,2.540379,4.285380,1.745001,False
Na0.5Cs0.5Cu1Mg1Zr1Te4_stannite,456,3.995351,5.349630,1.354279,False
Na0.5Cs0.5Cu1Sr1Zr1S4_kesterite,520,2.444603,4.328932,1.884329,True
Na0.5Cs0.5Cu1Zn1Ge1S4_stannite,552,3.055939,4.591338,1.535399,False
Na0.5Cs0.5Cu1Zn1Ge1Te4_stannite,552,4.445952,4.824748,0.378796,False
Na0.5Cs0.5Cu1Zn1Sn1Te4_kesterite,552,4.771478,5.309191,0.537713,True
Na0.5Cs0.5Cu1Zn1Sn1Te4_stannite,552,4.696857,5.227571,0.530714,False
Na0.5Cs0.5Cu1Zn1Zr1S4_kesterite,536,3.391626,4.603789,1.212163,False
Na0.5Cs0.5Cu1Zn1Zr1Se4_kesterite,536,2.374857,3.791025,1.416168,False
Na0.5Cs0.5Cu1Zn1Zr1Se4_stannite,536,2.655039,3.851821,1.196782,True
Na0.5Cs0.5Cu1Zn1Zr1Te4_kesterite,536,4.023286,5.157086,1.133800,False
Na0.5Cs0.5Cu1Zn1Zr1Te4_stannite,536,4.204260,5.114492,0.910232,True
Na0.5Cs0.5Ga0.5In0.5S1Se1_kesterite,528,1.253652,3.877405,2.623753,True
Na0.5Cs0.5Ga0.5In0.5S1Se1_stannite,528,1.858578,3.376768,1.518190,True
Na0.5Cs0.5Ga0.5In0.5Te2_stannite,528,2.626387,3.413832,0.787445,False
Na0.5Cs0.5Ga1S1Te1_kesterite,528,2.225363,4.621783,2.396420,True
Na0.5Cs0.5Ga1S1Te1_stannite,528,2.860126,3.493923,0.633797,False
Na0.5Cs0.5Ga1Te2_stannite,528,2.290891,2.541008,0.250117,False
Na0.5Cs0.5In1S1Te1_kesterite,528,2.172630,4.321819,2.149189,True
Na0.5Cs0.5In1S1Te1_stannite,528,2.224160,3.498749,1.274589,True
Na0.5Cs0.5In1S2_kesterite,528,1.484447,4.380542,2.896095,True
Na0.5Cs0.5In1S2_stannite,528,1.994322,3.927544,1.933222,False
Na0.5Cs1.5Ba1Ge1S4_kesterite,520,1.407823,3.742018,2.334195,False
Na0.5Cs1.5Ca1Ge1S4_stannite,520,2.645444,3.889620,1.244176,True
Na0.5Cs1.5Cd1Ge1S4_stannite,536,1.910362,3.547706,1.637344,False
Na0.5Cs1.5Cd1Zr1Se4_stannite,520,1.928849,3.390670,1.461821,False
Na0.5Cs1.5Mg0.5Zn0.5Ge1S1Se1Te2_kesterite,496,3.145581,2.466935,0.000000,False
Na0.5Cs1.5Mg0.5Zn0.5Ge1S1Se1Te2_stannite,496,2.493660,2.867757,0.374097,True
Na0.5Cs1.5Mg1Ge1S4_stannite,456,1.607508,3.962358,2.354850,False
Na0.5Cs1.5Mg1Ge1Se4_stannite,456,1.974303,3.048736,1.074433,False
Na0.5Cs1.5Mg1Sn1S4_kesterite,456,1.865467,4.548226,2.682759,True
Na0.5Cs1.5Mg1Zr1S4_kesterite,440,0.625017,3.821385,3.196368,False
Na0.5Cs1.5Mg1Zr1Se4_kesterite,440,1.329897,3.880622,2.550725,False
Na0.5Cs1.5Sr1Zr1S4_kesterite,504,1.182614,4.235078,3.052464,False
Na0.5Cs1.5Sr1Zr1Se4_kesterite,504,0.956674,3.560794,2.604120,False
Na0.5Cs1.5Zn1Ge1S4_kesterite,536,1.708203,4.628333,2.920130,True
Na0.5Cs1.5Zn1Ge1Se4_kesterite,536,1.258930,3.565094,2.306164,True
Na0.5Cs1.5Zn1Ge1Se4_stannite,536,2.133943,2.964669,0.830726,False
Na0.5Cs1.5Zn1Sn1S4_stannite,536,2.028175,3.938124,1.909949,False
Na0.5Cs1.5Zn1Sn1Se4_stannite,536,1.803712,3.081594,1.277882,False
Na0.5Cs1.5Zn1Zr1S4_stannite,520,1.714206,3.763707,2.049501,False
Na0.5Cs1.5Zn1Zr1Se4_kesterite,520,1.513418,3.752475,2.239057,True
Na0.5Cs1.5Zn1Zr1Se4_stannite,520,1.637528,3.135555,1.498027,False
Na0.5Cs1Ag0.5Ba1Ge1Se4_stannite,528,1.459995,3.341411,1.881416,True
Na0.5Cs1Ag0.5Ca1Ge1S4_stannite,528,1.765837,3.936777,2.170940,True
Na0.5Cs1Ag0.5Ca1Ge1Se4_stannite,528,1.592291,3.112532,1.520241,True
Na0.5Cs1Ag0.5Cd1Ge1S4_stannite,544,1.999626,3.466105,1.466479,True
Na0.5Cs1Ag0.5Cd1Ge1Se4_stannite,544,1.622960,2.570396,0.947436,True
Na0.5Cs1Ag0.5Cd1Sn1S4_stannite,544,2.360390,3.974898,1.614508,True
Na0.5Cs1Ag0.5Cd1Sn1Se4_stannite,544,2.278254,3.261869,0.983615,True
Na0.5Cs1Ag0.5Cd1Zr1S4_stannite,528,2.428888,4.253249,1.824361,False
Na0.5Cs1Ag0.5Cd1Zr1Se4_stannite,528,2.309815,3.675436,1.365621,False
Na0.5Cs1Ag0.5Mg0.5Cd0.5Sn0.5Ge0.5S1Se2Te1_kesterite,504,2.619938,3.606965,0.987027,False
Na0.5Cs1Ag0.5Mg1Ge1S4_kesterite,464,2.039713,4.725181,2.685468,True
Na0.5Cs1Ag0.5Mg1Ge1S4_stannite,464,2.095283,3.822328,1.727045,True
Na0.5Cs1Ag0.5Mg1Ge1Se4_stannite,464,1.591298,2.788511,1.197213,True
Na0.5Cs1Ag0.5Mg1Sn1S4_kesterite,464,2.915908,4.690063,1.774155,True
Na0.5Cs1Ag0.5Mg1Sn1S4_stannite,464,2.308416,4.156724,1.848308,True
Na0.5Cs1Ag0.5Mg1Zr1S4_kesterite,448,2.344068,4.640519,2.296451,False
Na0.5Cs1Ag0.5Mg1Zr1S4_stannite,448,2.306942,4.644549,2.337607,False
Na0.5Cs1Ag0.5Sr1Ge1S4_stannite,528,1.383033,3.921383,2.538350,True
Na0.5Cs1Ag0.5Sr1Ge1Se4_stannite,528,1.556769,3.142457,1.585688,True
Na0.5Cs1Ag0.5Zn1Ge1S4_kesterite,544,2.232964,4.657318,2.424354,True
Na0.5Cs1Ag0.5Zn1Ge1S4_stannite,544,1.975714,3.720552,1.744838,True
Na0.5Cs1Ag0.5Zn1Ge1Se4_stannite,544,1.989319,2.627162,0.637843,True
Na0.5Cs1Ag0.5Zn1Sn1S4_kesterite,544,2.422460,4.478012,2.055552,True
Na0.5Cs1Ag0.5Zn1Sn1S4_stannite,544,2.333335,3.869254,1.535919,True
Na0.5Cs1Ag0.5Zn1Sn1Se4_kesterite,544,2.098956,3.581487,1.482531,True
Na0.5Cs1Ag0.5Zn1Sn1Se4_stannite,544,2.106126,2.923376,0.817250,True
Na0.5Cs1Ag0.5Zn1Zr1S4_stannite,528,2.371379,4.131212,1.759833,False
Na0.5Cs1Ag0.5Zn1Zr1Se4_stannite,528,2.124250,3.427139,1.302889,False
Na0.5Cs1Cu0.5Ca0.5Zn0.5Sn1S2Se2_kesterite,536,2.298528,3.518488,1.219960,False
Na0.5Cs1Cu0.5Ca1Ge1Se4_stannite,528,1.880595,3.186702,1.306107,True
Na0.5Cs1Cu0.5Ca1Sn1S4_stannite,528,4.055204,4.210132,0.154928,False
Na0.5Cs1Cu0.5Ca1Sn1Se4_stannite,528,1.668563,3.234324,1.565761,True
Na0.5Cs1Cu0.5Ca1Zr1S4_stannite,512,4.652436,4.439854,0.000000,False
Na0.5Cs1Cu0.5Ca1Zr1Se4_stannite,512,2.653878,3.801826,1.147948,False
Na0.5Cs1Cu0.5Cd1Ge1S4_stannite,544,2.308741,3.406141,1.097400,True
Na0.5Cs1Cu0.5Cd1Sn1S4_stannite,544,2.199016,3.610586,1.411570,True
Na0.5Cs1Cu0.5Cd1Sn1Se4_stannite,544,2.381662,2.856891,0.475229,True
Na0.5Cs1Cu0.5Cd1Zr1S4_stannite,528,2.545281,3.982711,1.437430,False
Na0.5Cs1Cu0.5Cd1Zr1Se4_stannite,528,2.164444,3.386898,1.222454,False
Na0.5Cs1Cu0.5Mg0.5Ca0.5Sn1S2Se2_kesterite,496,2.527219,3.895812,1.368593,False
Na0.5Cs1Cu0.5Mg1Ge1S4_kesterite,464,2.492797,4.626890,2.134093,True
Na0.5Cs1Cu0.5Mg1Ge1S4_stannite,464,2.044791,3.777833,1.733042,True
Na0.5Cs1Cu0.5Mg1Ge1Se4_stannite,464,1.797044,2.754687,0.957643,True
Na0.5Cs1Cu0.5Mg1Sn1S4_stannite,464,2.228864,3.799113,1.570249,True
Na0.5Cs1Cu0.5Mg1Sn1Se4_stannite,464,2.157232,2.833193,0.675961,True
Na0.5Cs1Cu0.5Mg1Sn1Te4_stannite,464,3.714300,4.175363,0.461063,True
Na0.5Cs1Cu0.5Mg1Zr1S4_stannite,448,4.492044,4.412982,0.000000,False
Na0.5Cs1Cu0.5Mg1Zr1Se4_stannite,448,1.843732,3.642329,1.798597,False
Na0.5Cs1Cu0.5Mg1Zr1Te4_stannite,448,3.394723,4.680020,1.285297,False
Na0.5Cs1Cu0.5Sr1Ge1Te4_stannite,528,3.453510,4.451227,0.997717,False
Na0.5Cs1Cu0.5Zn1Ge1S4_stannite,544,2.152378,3.583345,1.430967,True
Na0.5Cs1Cu0.5Zn1Ge1Se4_stannite,544,2.195563,2.488458,0.292895,True
Na0.5Cs1Cu0.5Zn1Sn1S4_stannite,544,2.437209,3.678677,1.241468,True
Na0.5Cs1Cu0.5Zn1Zr1S4_stannite,528,2.462688,3.989297,1.526609,False
Na0.5Cs1Cu0.5Zn1Zr1Se4_stannite,528,2.094782,3.269465,1.174683,False
Na0.5Cs1Cu0.5Zn1Zr1Te4_stannite,528,3.878160,4.529463,0.651303,False
Na0.5Cu0.5Ag1Ba0.5Cd0.5Sn1S2Se2_kesterite,552,4.601379,3.754762,0.000000,False
Na0.5Cu0.5Ag1Ba1Ge1S4_stannite,544,3.313238,5.843803,2.530565,False
Na0.5Cu0.5Ag1Ba1Sn0.5Ge0.5S2Te2_stannite,544,2.529414,4.376453,1.847039,True
Na0.5Cu0.5Ag1Ba1Zr1Se4_kesterite,528,2.526291,4.088394,1.562103,False
Na0.5Cu0.5Ag1Ca0.5Cd0.5Sn0.5Ge0.5S3Te1_kesterite,552,3.498802,4.513151,1.014349,True
Na0.5Cu0.5Ag1Ca0.5Cd0.5Sn0.5Ge0.5S3Te1_stannite,552,3.681010,4.351907,0.670897,False
Na0.5Cu0.5Ag1Ca0.5Cd0.5Sn1Se1Te3_kesterite,552,3.284288,4.318382,1.034094,True
Na0.5Cu0.5Ag1Ca0.5Cd0.5Sn1Se1Te3_stannite,552,3.265714,4.148060,0.882346,True
Na0.5Cu0.5Ag1Ca1Ge1Se4_stannite,544,2.398695,4.089005,1.690310,True
Na0.5Cu0.5Ag1Ca1Sn1Se4_kesterite,544,2.368835,3.878379,1.509544,True
Na0.5Cu0.5Ag1Ca1Sn1Se4_stannite,544,2.286680,3.962633,1.675953,True
Na0.5Cu0.5Ag1Ca1Zr1S4_stannite,528,3.290600,5.353325,2.062725,True
Na0.5Cu0.5Ag1Ca1Zr1Se4_stannite,528,2.415723,4.419092,2.003369,True
Na0.5Cu0.5Ag1Ca1Zr1Te4_kesterite,528,3.840651,5.399217,1.558566,False
Na0.5Cu0.5Ag1Cd1Ge1S4_kesterite,560,5.542079,5.253673,0.000000,False
Na0.5Cu0.5Ag1Cd1Ge1S4_stannite,560,3.446626,4.604879,1.158253,True
Na0.5Cu0.5Ag1Cd1Ge1Se4_kesterite,560,2.347080,3.590305,1.243225,True
Na0.5Cu0.5Ag1Cd1Ge1Se4_stannite,560,2.578838,3.415918,0.837080,True
Na0.5Cu0.5Ag1Cd1Sn1S4_kesterite,560,3.208191,4.652514,1.444323,True
Na0.5Cu0.5Ag1Cd1Sn1S4_stannite,560,3.110029,4.585616,1.475587,True
Na0.5Cu0.5Ag1Cd1Sn1Se4_kesterite,560,2.722774,3.725201,1.002427,True
Na0.5Cu0.5Ag1Cd1Sn1Se4_stannite,560,2.680896,3.626741,0.945845,True
Na0.5Cu0.5Ag1Cd1Sn1Te4_kesterite,560,4.870961,5.927211,1.056250,True
Na0.5Cu0.5Ag1Cd1Sn1Te4_stannite,560,4.930570,5.722906,0.792336,True
Na0.5Cu0.5Ag1Cd1Zr1S4_kesterite,544,5.155397,5.069167,0.000000,False
Na0.5Cu0.5Ag1Cd1Zr1Se4_kesterite,544,2.133173,4.123486,1.990313,True
Na0.5Cu0.5Ag1Cd1Zr1Se4_stannite,544,2.136299,4.095465,1.959166,False
Na0.5Cu0.5Ag1Cd1Zr1Te4_kesterite,544,4.121303,5.408083,1.286780,True
Na0.5Cu0.5Ag1Cd1Zr1Te4_stannite,544,4.237787,5.441438,1.203651,True
Na0.5Cu0.5Ag1Mg0.5Ba0.5Sn1S1Se2Te1_kesterite,512,3.051276,3.914337,0.863061,True
Na0.5Cu0.5Ag1Mg0.5Ba0.5Sn1S1Se2Te1_stannite,512,2.965076,3.911761,0.946685,True
Na0.5Cu0.5Ag1Mg1Ge1S1Se2Te1_kesterite,480,2.620987,4.361275,1.740288,True
Na0.5Cu0.5Ag1Mg1Ge1S1Se2Te1_stannite,480,3.372174,4.127963,0.755789,False
Na0.5Cu0.5Ag1Mg1Ge1S4_kesterite,480,5.772988,5.775304,0.002316,False
Na0.5Cu0.5Ag1Mg1Ge1S4_stannite,480,3.672702,5.122562,1.449860,True
Na0.5Cu0.5Ag1Mg1Ge1Se4_kesterite,480,2.875018,3.979436,1.104418,True
Na0.5Cu0.5Ag1Mg1Ge1Se4_stannite,480,2.656675,3.737086,1.080411,True
Na0.5Cu0.5Ag1Mg1Ge1Te4_kesterite,480,3.571567,4.854710,1.283143,True
Na0.5Cu0.5Ag1Mg1Ge1Te4_stannite,480,4.369454,5.202195,0.832741,True
Na0.5Cu0.5Ag1Mg1Sn1S4_stannite,480,3.076250,4.933144,1.856894,True
Na0.5Cu0.5Ag1Mg1Sn1Se4_kesterite,480,2.546532,3.919020,1.372488,True
Na0.5Cu0.5Ag1Mg1Sn1Se4_stannite,480,2.827365,3.755718,0.928353,True
Na0.5Cu0.5Ag1Mg1Sn1Te4_kesterite,480,4.370660,5.624790,1.254130,True
Na0.5Cu0.5Ag1Mg1Sn1Te4_stannite,480,4.535563,5.407506,0.871943,True
Na0.5Cu0.5Ag1Mg1Zr1S4_kesterite,464,5.240789,5.304951,0.064162,True
Na0.5Cu0.5Ag1Mg1Zr1S4_stannite,464,2.801224,5.496084,2.694860,True
Na0.5Cu0.5Ag1Mg1Zr1Se4_kesterite,464,3.884393,4.341826,0.457433,True
Na0.5Cu0.5Ag1Mg1Zr1Te4_kesterite,464,3.962770,5.342279,1.379509,True
Na0.5Cu0.5Ag1Mg1Zr1Te4_stannite,464,3.996970,5.428063,1.431093,True
Na0.5Cu0.5Ag1Sr1Ge1Te4_kesterite,544,4.010977,5.104784,1.093807,True
Na0.5Cu0.5Ag1Sr1Sn1Se4_kesterite,544,2.231206,3.721467,1.490261,False
Na0.5Cu0.5Ag1Sr1Sn1Te4_kesterite,544,4.087988,5.370378,1.282390,True
Na0.5Cu0.5Ag1Sr1Zr1Se4_kesterite,528,2.353353,4.128363,1.775010,False
Na0.5Cu0.5Ag1Sr1Zr1Te4_kesterite,528,3.769348,5.305175,1.535827,False
Na0.5Cu0.5Ag1Zn1Ge1S4_kesterite,560,5.861549,5.794592,0.000000,False
Na0.5Cu0.5Ag1Zn1Ge1S4_stannite,560,3.857474,5.057696,1.200222,True
Na0.5Cu0.5Ag1Zn1Ge1Se4_kesterite,560,2.479753,3.882350,1.402597,True
Na0.5Cu0.5Ag1Zn1Ge1Se4_stannite,560,2.886835,3.553572,0.666737,True
Na0.5Cu0.5Ag1Zn1Ge1Te4_kesterite,560,4.440425,5.586761,1.146336,True
Na0.5Cu0.5Ag1Zn1Ge1Te4_stannite,560,4.619953,5.045831,0.425878,True
Na0.5Cu0.5Ag1Zn1Sn1S3Te1_kesterite,560,3.568386,4.979280,1.410894,True
Na0.5Cu0.5Ag1Zn1Sn1S3Te1_stannite,560,4.098484,4.461241,0.362757,True
Na0.5Cu0.5Ag1Zn1Sn1S4_kesterite,560,5.474734,5.521561,0.046827,False
Na0.5Cu0.5Ag1Zn1Sn1S4_stannite,560,3.877439,4.906045,1.028606,True
Na0.5Cu0.5Ag1Zn1Sn1Se4_kesterite,560,2.597397,3.872648,1.275251,True
Na0.5Cu0.5Ag1Zn1Sn1Se4_stannite,560,3.087400,3.673273,0.585873,True
Na0.5Cu0.5Ag1Zn1Sn1Te4_kesterite,560,4.733675,5.822916,1.089241,True
Na0.5Cu0.5Ag1Zn1Sn1Te4_stannite,560,4.902259,5.403713,0.501454,True
Na0.5Cu0.5Ag1Zn1Zr1S4_kesterite,544,5.435040,5.199754,0.000000,False
Na0.5Cu0.5Ag1Zn1Zr1Se4_kesterite,544,4.435219,4.229693,0.000000,False
Na0.5Cu0.5Ag1Zn1Zr1Te4_stannite,544,4.225277,5.260228,1.034951,False
Na0.5Cu0.5Al0.5Ga0.5S1Te1_kesterite,464,3.719531,5.514210,1.794679,True
Na0.5Cu0.5Al0.5Ga0.5S1Te1_stannite,464,4.019549,4.827949,0.808400,True
Na0.5Cu0.5Al0.5Ga0.5Te2_kesterite,464,4.382747,6.307168,1.924421,True
Na0.5Cu0.5Al0.5Ga0.5Te2_stannite,464,3.875886,4.824159,0.948273,True
Na0.5Cu0.5Al0.5In0.5S1Se1_kesterite,464,3.168242,4.710137,1.541895,False
Na0.5Cu0.5Al0.5In0.5S1Se1_stannite,464,2.884093,4.581646,1.697553,False
Na0.5Cu0.5Al0.5In0.5S2_kesterite,464,3.697736,5.436741,1.739005,False
Na0.5Cu0.5Al0.5In0.5S2_stannite,464,3.261990,5.156007,1.894017,True
Na0.5Cu0.5Al0.5In0.5Se2_kesterite,464,2.202130,4.052976,1.850846,True
Na0.5Cu0.5Al0.5In0.5Se2_stannite,464,2.535623,3.918571,1.382948,True
Na0.5Cu0.5Al0.5In0.5Te2_kesterite,464,3.657094,5.229336,1.572242,True
Na0.5Cu0.5Al0.5In0.5Te2_stannite,464,3.618208,4.374492,0.756284,True
Na0.5Cu0.5Al1S1Te1_kesterite,384,3.427867,5.935021,2.507154,True
Na0.5Cu0.5Al1S1Te1_stannite,384,4.130547,5.279325,1.148778,True
Na0.5Cu0.5Al1S2_kesterite,384,2.951563,6.225446,3.273883,True
Na0.5Cu0.5Al1Se1Te1_kesterite,384,3.167514,5.255872,2.088358,True
Na0.5Cu0.5Al1Se1Te1_stannite,384,3.646199,4.780592,1.134393,True
Na0.5Cu0.5Ga0.5In0.5S1Se1_kesterite,544,2.494493,4.344782,1.850289,False
Na0.5Cu0.5Ga0.5In0.5S1Se1_stannite,544,2.680810,3.908757,1.227947,False
Na0.5Cu0.5Ga1S1Se1_kesterite,544,2.831365,4.439870,1.608505,False
Na0.5Cu0.5Ga1S1Se1_stannite,544,2.732674,4.334482,1.601808,True
Na0.5Cu0.5Ga1S1Te1_kesterite,544,3.634663,5.261840,1.627177,True
Na0.5Cu0.5Ga1S1Te1_stannite,544,3.948292,4.441827,0.493535,True
Na0.5Cu0.5Ga1Se2_kesterite,544,1.854415,3.719598,1.865183,False
Na0.5Cu0.5Ga1Se2_stannite,544,2.737079,3.615073,0.877994,True
Na0.5Cu0.5Ga1Te2_stannite,544,3.882685,4.477789,0.595104,True
Na0.5Cu0.5In1Se1Te1_kesterite,544,3.311536,4.387074,1.075538,True
Na0.5Cu0.5In1Se1Te1_stannite,544,3.412463,4.087845,0.675382,True
Na0.5Cu1.5Ba1Ge1S4_stannite,544,3.485551,5.813314,2.327763,False
Na0.5Cu1.5Ba1Ge1Se4_stannite,544,2.868241,4.616362,1.748121,False
Na0.5Cu1.5Ba1Sn1S4_stannite,544,3.462603,5.589009,2.126406,False
Na0.5Cu1.5Ba1Sn1Se4_kesterite,544,2.549105,3.822802,1.273697,False
Na0.5Cu1.5Ba1Zr1S4_kesterite,528,2.936269,4.810352,1.874083,True
Na0.5Cu1.5Ba1Zr1Se4_kesterite,528,2.937021,4.123756,1.186735,False
Na0.5Cu1.5Ca1Ge1Te4_kesterite,544,4.324071,5.286485,0.962414,True
Na0.5Cu1.5Ca1Sn1Se4_kesterite,544,2.733426,4.074122,1.340696,True
Na0.5Cu1.5Ca1Sn1Se4_stannite,544,2.561436,4.293546,1.732110,True
Na0.5Cu1.5Ca1Sn1Te4_kesterite,544,4.727854,5.799565,1.071711,True
Na0.5Cu1.5Ca1Zr1S4_stannite,528,3.187211,5.302012,2.114801,True
Na0.5Cu1.5Ca1Zr1Se4_kesterite,528,3.105452,4.328045,1.222593,False
Na0.5Cu1.5Ca1Zr1Se4_stannite,528,2.339798,4.408386,2.068588,True
Na0.5Cu1.5Cd1Ge1S4_kesterite,560,5.339769,4.972518,0.000000,False
Na0.5Cu1.5Cd1Ge1S4_stannite,560,2.984149,4.841929,1.857780,True
Na0.5Cu1.5Cd1Ge1Se4_kesterite,560,2.338312,3.674009,1.335697,True
Na0.5Cu1.5Cd1Ge1Se4_stannite,560,2.455422,3.555993,1.100571,True
Na0.5Cu1.5Cd1Ge1Te4_kesterite,560,4.671389,5.513470,0.842081,True
Na0.5Cu1.5Cd1Ge1Te4_stannite,560,4.712931,5.437325,0.724394,True
Na0.5Cu1.5Cd1Sn1S4_kesterite,560,3.287504,4.893912,1.606408,True
Na0.5Cu1.5Cd1Sn1S4_stannite,560,3.349620,4.832376,1.482756,True
Na0.5Cu1.5Cd1Sn1Se4_kesterite,560,3.052294,3.928909,0.876615,True
Na0.5Cu1.5Cd1Sn1Se4_stannite,560,2.909766,3.845520,0.935754,True
Na0.5Cu1.5Cd1Sn1Te4_kesterite,560,5.189365,6.163196,0.973831,True
Na0.5Cu1.5Cd1Sn1Te4_stannite,560,5.182945,6.001917,0.818972,True
Na0.5Cu1.5Cd1Zr1S4_kesterite,544,5.329036,5.236890,0.000000,False
Na0.5Cu1.5Cd1Zr1Se4_kesterite,544,2.849721,4.238981,1.389260,True
Na0.5Cu1.5Cd1Zr1Se4_stannite,544,2.300021,4.239562,1.939541,True
Na0.5Cu1.5Cd1Zr1Te4_stannite,544,4.516941,5.658985,1.142044,True
Na0.5Cu1.5Mg0.5Ca0.5Sn0.5Ge0.5Se2Te2_stannite,512,3.228257,4.344106,1.115849,True
Na0.5Cu1.5Mg1Ge1S4_kesterite,480,5.697668,5.724173,0.026505,False
Na0.5Cu1.5Mg1Ge1S4_stannite,480,3.134487,5.374202,2.239715,True
Na0.5Cu1.5Mg1Ge1Se4_kesterite,480,2.539878,4.058985,1.519107,True
Na0.5Cu1.5Mg1Ge1Se4_stannite,480,2.485992,3.911215,1.425223,True
Na0.5Cu1.5Mg1Ge1Te4_kesterite,480,4.439336,5.501351,1.062015,True
Na0.5Cu1.5Mg1Ge1Te4_stannite,480,4.565843,5.443883,0.878040,True
Na0.5Cu1.5Mg1Sn1S4_kesterite,480,5.337020,5.339543,0.002523,True
Na0.5Cu1.5Mg1Sn1S4_stannite,480,3.864091,5.249435,1.385344,True
Na0.5Cu1.5Mg1Sn1Se4_kesterite,480,2.741695,4.159687,1.417992,True
Na0.5Cu1.5Mg1Sn1Se4_stannite,480,2.825625,4.058701,1.233076,True
Na0.5Cu1.5Mg1Sn1Te4_kesterite,480,4.840973,5.940600,1.099627,True
Na0.5Cu1.5Mg1Sn1Te4_stannite,480,4.891233,5.880499,0.989266,True
Na0.5Cu1.5Mg1Zr1S4_kesterite,464,5.458826,5.485574,0.026748,False
Na0.5Cu1.5Mg1Zr1S4_stannite,464,3.426661,5.448382,2.021721,True
Na0.5Cu1.5Mg1Zr1Se4_kesterite,464,4.603988,4.568366,0.000000,False
Na0.5Cu1.5Mg1Zr1Se4_stannite,464,2.322981,4.481821,2.158840,True
Na0.5Cu1.5Mg1Zr1Te4_kesterite,464,4.049519,5.626578,1.577059,True
Na0.5Cu1.5Mg1Zr1Te4_stannite,464,4.315717,5.624844,1.309127,True
Na0.5Cu1.5Sr0.5Cd0.5Sn1Se3Te1_kesterite,552,2.804167,3.644034,0.839867,True
Na0.5Cu1.5Sr1Ge1Se4_stannite,544,2.766474,4.408082,1.641608,False
Na0.5Cu1.5Sr1Sn1Te4_kesterite,544,4.701622,5.626862,0.925240,True
Na0.5Cu1.5Sr1Zr1S4_kesterite,528,3.885971,4.945063,1.059092,False
Na0.5Cu1.5Sr1Zr1Se4_kesterite,528,2.358238,4.203098,1.844860,False
Na0.5Cu1.5Zn1Ge1S4_kesterite,560,5.278482,5.541792,0.263310,True
Na0.5Cu1.5Zn1Ge1S4_stannite,560,3.394661,5.253333,1.858672,True
Na0.5Cu1.5Zn1Ge1Se4_kesterite,560,2.496898,3.991183,1.494285,True
Na0.5Cu1.5Zn1Ge1Se4_stannite,560,2.686240,3.672809,0.986569,True
Na0.5Cu1.5Zn1Ge1Te4_kesterite,560,4.668440,5.661554,0.993114,True
Na0.5Cu1.5Zn1Ge1Te4_stannite,560,4.810584,5.235304,0.424720,True
Na0.5Cu1.5Zn1Sn1S4_kesterite,560,3.837120,5.328599,1.491479,True
Na0.5Cu1.5Zn1Sn1S4_stannite,560,3.696155,5.155997,1.459842,True
Na0.5Cu1.5Zn1Sn1Se4_kesterite,560,3.073284,4.121929,1.048645,True
Na0.5Cu1.5Zn1Sn1Se4_stannite,560,3.048805,3.895988,0.847183,True
Na0.5Cu1.5Zn1Sn1Te4_kesterite,560,4.093317,4.893280,0.799963,True
Na0.5Cu1.5Zn1Sn1Te4_stannite,560,5.198076,5.747934,0.549858,True
Na0.5Cu1.5Zn1Zr1S4_kesterite,544,5.557010,5.341132,0.000000,False
Na0.5Cu1.5Zn1Zr1S4_stannite,544,3.610972,5.234585,1.623613,False
Na0.5Cu1.5Zn1Zr1Se4_kesterite,544,2.343836,4.195185,1.851349,True
Na0.5Cu1.5Zn1Zr1Te4_kesterite,544,4.265956,5.475937,1.209981,True
Na0.5Cu1.5Zn1Zr1Te4_stannite,544,4.465592,5.479794,1.014202,True
Na0.5Cu1Ag0.5Ba1Ge1S4_stannite,544,3.233088,5.621543,2.388455,False
Na0.5Cu1Ag0.5Ba1Ge1Se4_kesterite,544,2.456988,3.469764,1.012776,False
Na0.5Cu1Ag0.5Ba1Ge1Se4_stannite,544,2.378355,4.411884,2.033529,False
Na0.5Cu1Ag0.5Ba1Zr1S4_kesterite,528,2.843581,4.763897,1.920316,False
Na0.5Cu1Ag0.5Ba1Zr1Se4_kesterite,528,2.770129,4.081695,1.311566,False
Na0.5Cu1Ag0.5Ca1Ge1S4_kesterite,544,5.331740,4.970708,0.000000,False
Na0.5Cu1Ag0.5Ca1Sn1Se4_kesterite,544,2.309883,3.923633,1.613750,True
Na0.5Cu1Ag0.5Ca1Sn1Te4_kesterite,544,4.510819,5.587843,1.077024,True
Na0.5Cu1Ag0.5Ca1Zr1S4_kesterite,528,3.580268,5.067192,1.486924,False
Na0.5Cu1Ag0.5Ca1Zr1Se4_kesterite,528,2.842514,4.257969,1.415455,False
Na0.5Cu1Ag0.5Ca1Zr1Te4_kesterite,528,4.326114,5.525625,1.199511,False
Na0.5Cu1Ag0.5Cd1Ge1S4_kesterite,560,5.242375,5.254772,0.012397,False
Na0.5Cu1Ag0.5Cd1Ge1Se4_kesterite,560,2.454395,3.570737,1.116342,True
Na0.5Cu1Ag0.5Cd1Ge1Se4_stannite,560,2.352335,3.507426,1.155091,True
Na0.5Cu1Ag0.5Cd1Sn1S4_kesterite,560,3.536769,4.737694,1.200925,True
Na0.5Cu1Ag0.5Cd1Sn1S4_stannite,560,3.626040,4.740198,1.114158,True
Na0.5Cu1Ag0.5Cd1Sn1Te4_kesterite,560,5.063338,5.970641,0.907303,True
Na0.5Cu1Ag0.5Cd1Sn1Te4_stannite,560,5.072603,5.918941,0.846338,True
Na0.5Cu1Ag0.5Cd1Zr1S4_kesterite,544,4.310324,5.055299,0.744975,True
Na0.5Cu1Ag0.5Cd1Zr1S4_stannite,544,3.336169,5.054139,1.717970,True
Na0.5Cu1Ag0.5Cd1Zr1Se4_kesterite,544,3.074193,4.209541,1.135348,True
Na0.5Cu1Ag0.5Cd1Zr1Te4_kesterite,544,4.199266,5.536436,1.337170,True
Na0.5Cu1Ag0.5Cd1Zr1Te4_stannite,544,4.412038,5.564727,1.152689,False
Na0.5Cu1Ag0.5Mg0.5Cd0.5Sn0.5Ge0.5Se2Te2_kesterite,520,3.232807,4.235890,1.003083,True
Na0.5Cu1Ag0.5Mg0.5Cd0.5Sn0.5Ge0.5Se2Te2_stannite,520,3.172433,3.914254,0.741821,True
Na0.5Cu1Ag0.5Mg0.5Sr0.5Sn1Se2Te2_kesterite,512,3.130236,4.003578,0.873342,True
Na0.5Cu1Ag0.5Mg0.5Sr0.5Sn1Se2Te2_stannite,512,3.135767,4.139938,1.004171,True
Na0.5Cu1Ag0.5Mg1Ge1S4_kesterite,480,5.505311,5.541834,0.036523,False
Na0.5Cu1Ag0.5Mg1Ge1S4_stannite,480,3.487059,5.257492,1.770433,True
Na0.5Cu1Ag0.5Mg1Ge1Se4_kesterite,480,4.075318,4.167538,0.092220,True
Na0.5Cu1Ag0.5Mg1Ge1Se4_stannite,480,2.391663,3.857078,1.465415,True
Na0.5Cu1Ag0.5Mg1Ge1Te4_kesterite,480,4.341434,5.331476,0.990042,True
Na0.5Cu1Ag0.5Mg1Sn1S4_kesterite,480,4.045014,5.160793,1.115779,True
Na0.5Cu1Ag0.5Mg1Sn1S4_stannite,480,3.740597,5.114639,1.374042,True
Na0.5Cu1Ag0.5Mg1Sn1Se4_kesterite,480,2.559964,4.017424,1.457460,True
Na0.5Cu1Ag0.5Mg1Sn1Se4_stannite,480,2.982873,3.944896,0.962023,True
Na0.5Cu1Ag0.5Mg1Sn1Te4_kesterite,480,4.654552,5.728675,1.074123,True
Na0.5Cu1Ag0.5Mg1Sn1Te4_stannite,480,4.750493,5.701500,0.951007,True
Na0.5Cu1Ag0.5Mg1Zr1S4_kesterite,464,4.312902,5.386186,1.073284,True
Na0.5Cu1Ag0.5Mg1Zr1S4_stannite,464,2.976904,5.464266,2.487362,True
Na0.5Cu1Ag0.5Mg1Zr1Se4_kesterite,464,3.152635,4.425542,1.272907,True
Na0.5Cu1Ag0.5Mg1Zr1Se4_stannite,464,2.253206,4.497965,2.244759,True
Na0.5Cu1Ag0.5Mg1Zr1Te4_kesterite,464,3.951738,5.505567,1.553829,True
Na0.5Cu1Ag0.5Mg1Zr1Te4_stannite,464,3.896112,5.543645,1.647533,True
Na0.5Cu1Ag0.5Sr0.5Zn0.5Ge1S1Se3_stannite,552,2.143936,3.552101,1.408165,True
Na0.5Cu1Ag0.5Sr0.5Zn0.5Sn1S4_kesterite,552,3.544245,4.668787,1.124542,False
Na0.5Cu1Ag0.5Sr0.5Zn0.5Sn1S4_stannite,552,3.256474,4.408247,1.151773,True
Na0.5Cu1Ag0.5Sr1Ge1S3Te1_kesterite,544,3.277958,4.020755,0.742797,False
Na0.5Cu1Ag0.5Sr1Ge1S3Te1_stannite,544,3.302049,4.629354,1.327305,True
Na0.5Cu1Ag0.5Sr1Ge1Te4_kesterite,544,4.178732,5.029109,0.850377,True
Na0.5Cu1Ag0.5Sr1Zr1S4_kesterite,528,2.761374,4.885869,2.124495,False
Na0.5Cu1Ag0.5Sr1Zr1Se4_kesterite,528,2.796837,4.140781,1.343944,False
Na0.5Cu1Ag0.5Zn1Ge1S4_kesterite,560,5.629128,5.664415,0.035287,False
Na0.5Cu1Ag0.5Zn1Ge1Se4_kesterite,560,2.581562,3.866346,1.284784,True
Na0.5Cu1Ag0.5Zn1Ge1Se4_stannite,560,2.634672,3.650534,1.015862,True
Na0.5Cu1Ag0.5Zn1Ge1Te4_kesterite,560,3.903026,4.774619,0.871593,True
Na0.5Cu1Ag0.5Zn1Ge1Te4_stannite,560,4.079394,4.474779,0.395385,True
Na0.5Cu1Ag0.5Zn1Sn1S4_kesterite,560,3.323611,5.160610,1.836999,True
Na0.5Cu1Ag0.5Zn1Sn1S4_stannite,560,4.004709,5.079882,1.075173,True
Na0.5Cu1Ag0.5Zn1Sn1Se4_stannite,560,2.951151,3.827712,0.876561,True
Na0.5Cu1Ag0.5Zn1Sn1Te4_kesterite,560,4.965359,5.937241,0.971882,True
Na0.5Cu1Ag0.5Zn1Sn1Te4_stannite,560,5.063131,5.624209,0.561078,True
Na0.5Cu1Ag0.5Zn1Zr1S4_kesterite,544,5.469484,5.312167,0.000000,False
Na0.5Cu1Ag0.5Zn1Zr1Se4_kesterite,544,4.203268,4.322737,0.119469,False
Na0.5Cu1Ag0.5Zn1Zr1Se4_stannite,544,2.418566,4.140416,1.721850,False
Na0.5Cu1Ag0.5Zn1Zr1Te4_kesterite,544,4.161953,5.403508,1.241555,True
Na0.5Cu1Ag0.5Zn1Zr1Te4_stannite,544,4.417328,5.376462,0.959134,False
Na0.5K0.5Ag1Ba1Ge1S4_kesterite,536,1.557002,3.904027,2.347025,False
Na0.5K0.5Ag1Ba1Ge1Se4_kesterite,536,1.364802,3.060542,1.695740,False
Na0.5K0.5Ag1Ba1Ge1Se4_stannite,536,1.671677,3.847815,2.176138,False
Na0.5K0.5Ag1Ca1Ge1S4_kesterite,536,1.805851,4.234467,2.428616,True
Na0.5K0.5Ag1Ca1Ge1S4_stannite,536,2.100236,4.565334,2.465098,True
Na0.5K0.5Ag1Ca1Ge1Se4_kesterite,536,1.426257,3.251336,1.825079,False
Na0.5K0.5Ag1Ca1Sn1S4_kesterite,536,2.308131,4.542144,2.234013,True
Na0.5K0.5Ag1Ca1Sn1Se4_kesterite,536,1.909983,3.725349,1.815366,True
Na0.5K0.5Ag1Ca1Zr1S4_kesterite,520,2.144724,4.631463,2.486739,False
Na0.5K0.5Ag1Ca1Zr1Se4_kesterite,520,1.888726,3.961319,2.072593,False
Na0.5K0.5Ag1Ca1Zr1Te4_kesterite,520,3.626999,5.211064,1.584065,False
Na0.5K0.5Ag1Cd1Ge1S4_kesterite,552,2.138870,4.003443,1.864573,True
Na0.5K0.5Ag1Cd1Ge1Se4_kesterite,552,1.768856,3.051188,1.282332,True
Na0.5K0.5Ag1Cd1Ge1Se4_stannite,552,1.941297,2.968997,1.027700,True
Na0.5K0.5Ag1Cd1Ge1Te4_kesterite,552,3.733342,4.870020,1.136678,True
Na0.5K0.5Ag1Cd1Ge1Te4_stannite,552,3.965784,4.670248,0.704464,True
Na0.5K0.5Ag1Cd1Sn1S4_stannite,552,2.889614,4.381028,1.491414,False
Na0.5K0.5Ag1Cd1Sn1Se4_kesterite,552,2.306851,3.719769,1.412918,True
Na0.5K0.5Ag1Cd1Sn1Se4_stannite,552,2.561020,3.619765,1.058745,True
Na0.5K0.5Ag1Cd1Sn1Te4_kesterite,552,4.671912,5.904980,1.233068,True
Na0.5K0.5Ag1Cd1Zr1S4_kesterite,536,2.479337,4.644759,2.165422,True
Na0.5K0.5Ag1Cd1Zr1S4_stannite,536,2.286657,4.548334,2.261677,False
Na0.5K0.5Ag1Cd1Zr1Se4_kesterite,536,2.188326,3.997911,1.809585,True
Na0.5K0.5Ag1Cd1Zr1Se4_stannite,536,2.296837,3.896614,1.599777,False
Na0.5K0.5Ag1Mg0.5Sr0.5Ge1S2Se1Te1_kesterite,504,2.274376,4.633976,2.359600,True
Na0.5K0.5Ag1Mg0.5Sr0.5Ge1S2Se1Te1_stannite,504,2.040589,3.659108,1.618519,True
Na0.5K0.5Ag1Mg1Ge1Se4_stannite,472,1.980272,3.185965,1.205693,True
Na0.5K0.5Ag1Mg1Ge1Te4_kesterite,472,3.344558,4.640534,1.295976,True
Na0.5K0.5Ag1Mg1Sn1S4_kesterite,472,2.577696,4.737493,2.159797,False
Na0.5K0.5Ag1Mg1Sn1S4_stannite,472,2.973402,4.685769,1.712367,False
Na0.5K0.5Ag1Mg1Sn1Se4_kesterite,472,2.120244,3.811519,1.691275,False
Na0.5K0.5Ag1Mg1Sn1Se4_stannite,472,2.434280,3.722174,1.287894,True
Na0.5K0.5Ag1Mg1Zr1S4_kesterite,456,2.234972,4.970149,2.735177,True
Na0.5K0.5Ag1Mg1Zr1S4_stannite,456,2.382394,5.105773,2.723379,True
Na0.5K0.5Ag1Mg1Zr1Se4_kesterite,456,1.944530,4.181002,2.236472,True
Na0.5K0.5Ag1Sr1Ge1S4_kesterite,536,1.847894,4.021752,2.173858,False
Na0.5K0.5Ag1Sr1Ge1Se4_kesterite,536,1.254213,3.103738,1.849525,False
Na0.5K0.5Ag1Sr1Sn1S4_kesterite,536,2.539948,4.528994,1.989046,False
Na0.5K0.5Ag1Sr1Zr1S4_kesterite,520,2.350259,4.593115,2.242856,False
Na0.5K0.5Ag1Sr1Zr1Se4_kesterite,520,2.017231,3.954627,1.937396,False
Na0.5K0.5Ag1Zn1Ge1Se4_kesterite,552,1.632823,3.263774,1.630951,False
Na0.5K0.5Ag1Zn1Ge1Se4_stannite,552,1.947377,3.037432,1.090055,True
Na0.5K0.5Ag1Zn1Ge1Te4_kesterite,552,3.613030,4.837467,1.224437,True
Na0.5K0.5Ag1Zn1Sn0.5Ge0.5S2Se1Te1_kesterite,552,2.809842,4.266945,1.457103,True
Na0.5K0.5Ag1Zn1Sn0.5Ge0.5S2Se1Te1_stannite,552,3.426517,3.620713,0.194196,False
Na0.5K0.5Ag1Zn1Sn1S4_kesterite,552,2.218758,4.531872,2.313114,False
Na0.5K0.5Ag1Zn1Sn1S4_stannite,552,2.798402,4.419265,1.620863,False
Na0.5K0.5Ag1Zn1Sn1Se4_kesterite,552,2.075529,3.592807,1.517278,False
Na0.5K0.5Ag1Zn1Sn1Se4_stannite,552,2.500717,3.370950,0.870233,False
Na0.5K0.5Ag1Zn1Sn1Te4_kesterite,552,4.356248,5.547910,1.191662,True
Na0.5K0.5Ag1Zn1Sn1Te4_stannite,552,4.537002,5.058095,0.521093,True
Na0.5K0.5Ag1Zn1Zr1S4_stannite,536,2.752672,4.544555,1.791883,False
Na0.5K0.5Ag1Zn1Zr1Se4_kesterite,536,1.686265,3.777906,2.091641,True
Na0.5K0.5Ag1Zn1Zr1Te4_kesterite,536,3.756944,5.062321,1.305377,True
Na0.5K0.5Al0.5Ga0.5S1Se1_kesterite,448,1.512672,4.203139,2.690467,False
Na0.5K0.5Al0.5Ga0.5S1Se1_stannite,448,1.449515,3.576558,2.127043,False
Na0.5K0.5Al0.5Ga0.5S2_kesterite,448,0.856655,5.073633,4.216978,True
Na0.5K0.5Al0.5Ga0.5Se2_kesterite,448,0.944310,3.954468,3.010158,True
Na0.5K0.5Al0.5Ga0.5Se2_stannite,448,1.002921,3.042311,2.039390,False
Na0.5K0.5Al0.5In0.5S1Se1_kesterite,448,1.603167,3.918455,2.315288,False
Na0.5K0.5Al0.5In0.5S1Se1_stannite,448,1.843205,3.484377,1.641172,False
Na0.5K0.5Al1S1Te1_kesterite,368,1.960535,5.437430,3.476895,True
Na0.5K0.5Al1S1Te1_stannite,368,2.912723,4.117443,1.204720,False
Na0.5K0.5Al1Se1Te1_kesterite,368,1.531196,4.658413,3.127217,False
Na0.5K0.5Al1Se1Te1_stannite,368,2.592706,3.687874,1.095168,True
Na0.5K0.5Cs0.5Ag0.5Ca0.5Zn0.5Sn0.5Ge0.5S3Se1_stannite,536,1.337585,2.876241,1.538656,False
Na0.5K0.5Cs0.5Ag0.5Ca0.5Zn0.5Sn1S3Te1_kesterite,536,1.868823,3.974996,2.106173,False
Na0.5K0.5Cs0.5Ag0.5Ca0.5Zn0.5Sn1S3Te1_stannite,536,2.670607,2.942179,0.271572,False
Na0.5K0.5Cs0.5Ag0.5Ca1Ge1S4_stannite,528,1.309756,3.897577,2.587821,False
Na0.5K0.5Cs0.5Ag0.5Ca1Ge1Se4_stannite,528,1.355671,3.043669,1.687998,False
Na0.5K0.5Cs0.5Ag0.5Ca1Sn1S4_stannite,528,2.049272,4.255480,2.206208,True
Na0.5K0.5Cs0.5Ag0.5Ca1Sn1Se4_stannite,528,1.819377,3.480558,1.661181,True
Na0.5K0.5Cs0.5Ag0.5Cd1Ge1S4_stannite,544,1.884613,3.434037,1.549424,True
Na0.5K0.5Cs0.5Ag0.5Cd1Ge1Se4_stannite,544,1.724071,2.523480,0.799409,True
Na0.5K0.5Cs0.5Ag0.5Cd1Sn1S4_stannite,544,2.434681,3.908086,1.473405,True
Na0.5K0.5Cs0.5Ag0.5Cd1Sn1Se4_stannite,544,2.295183,3.181143,0.885960,True
Na0.5K0.5Cs0.5Ag0.5Cd1Zr1S4_stannite,528,2.126028,4.131103,2.005075,False
Na0.5K0.5Cs0.5Ag0.5Cd1Zr1Se4_stannite,528,1.874585,3.539932,1.665347,False
Na0.5K0.5Cs0.5Ag0.5Mg0.5Ca0.5Sn0.5Ge0.5S2Se1Te1_kesterite,496,3.098441,4.127306,1.028865,False
Na0.5K0.5Cs0.5Ag0.5Mg1Ge1S4_stannite,464,1.951093,3.803298,1.852205,True
Na0.5K0.5Cs0.5Ag0.5Mg1Ge1Se4_stannite,464,1.307227,2.745873,1.438646,True
Na0.5K0.5Cs0.5Ag0.5Mg1Sn1S4_stannite,464,2.097997,4.116080,2.018083,True
Na0.5K0.5Cs0.5Ag0.5Mg1Sn1Se4_stannite,464,1.824062,3.187566,1.363504,True
Na0.5K0.5Cs0.5Ag0.5Mg1Zr1S4_kesterite,448,2.124964,4.538243,2.413279,True
Na0.5K0.5Cs0.5Ag0.5Mg1Zr1S4_stannite,448,2.005242,4.560964,2.555722,False
Na0.5K0.5Cs0.5Ag0.5Mg1Zr1Se4_stannite,448,1.643953,3.786483,2.142530,False
Na0.5K0.5Cs0.5Ag0.5Sr1Ge1S4_stannite,528,1.145086,3.878446,2.733360,False
Na0.5K0.5Cs0.5Ag0.5Zn1Ge1S4_stannite,544,1.806537,3.697326,1.890789,True
Na0.5K0.5Cs0.5Ag0.5Zn1Ge1Se4_stannite,544,1.890181,2.582667,0.692486,True
Na0.5K0.5Cs0.5Ag0.5Zn1Sn1S4_stannite,544,2.138066,3.828762,1.690696,True
Na0.5K0.5Cs0.5Ag0.5Zn1Sn1Se4_stannite,544,1.895744,2.869741,0.973997,True
Na0.5K0.5Cs0.5Ag0.5Zn1Zr1S4_stannite,528,2.042047,4.026348,1.984301,False
Na0.5K0.5Cs0.5Ag0.5Zn1Zr1Se4_kesterite,528,1.803260,3.509534,1.706274,False
Na0.5K0.5Cs0.5Ag0.5Zn1Zr1Se4_stannite,528,1.749977,3.302068,1.552091,False
Na0.5K0.5Cs0.5Cu0.5Ba1Sn0.5Ge0.5Se4_kesterite,528,2.309521,3.130773,0.821252,False
Na0.5K0.5Cs0.5Cu0.5Ca1Ge1S4_stannite,528,1.964716,4.022203,2.057487,True
Na0.5K0.5Cs0.5Cu0.5Ca1Ge1Se4_stannite,528,1.657011,3.135454,1.478443,False
Na0.5K0.5Cs0.5Cu0.5Ca1Sn1S4_stannite,528,3.973457,4.144856,0.171399,False
Na0.5K0.5Cs0.5Cu0.5Ca1Sn1Se4_stannite,528,1.829598,3.148500,1.318902,True
Na0.5K0.5Cs0.5Cu0.5Ca1Sn1Te4_stannite,528,3.357059,4.652098,1.295039,True
Na0.5K0.5Cs0.5Cu0.5Cd1Ge1S4_stannite,544,2.065592,3.369809,1.304217,True
Na0.5K0.5Cs0.5Cu0.5Cd1Ge1Se4_stannite,544,1.888308,2.467562,0.579254,True
Na0.5K0.5Cs0.5Cu0.5Cd1Ge1Te4_stannite,544,3.930735,4.090751,0.160016,True
Na0.5K0.5Cs0.5Cu0.5Cd1Sn1S4_stannite,544,1.933862,2.659689,0.725827,True
Na0.5K0.5Cs0.5Cu0.5Cd1Sn1Te4_stannite,544,4.344723,4.576043,0.231320,True
Na0.5K0.5Cs0.5Cu0.5Cd1Zr1Se4_stannite,528,1.573163,3.246581,1.673418,False
Na0.5K0.5Cs0.5Cu0.5Cd1Zr1Te4_stannite,528,3.605608,4.639343,1.033735,False
Na0.5K0.5Cs0.5Cu0.5Mg1Ge1S4_stannite,464,1.847057,3.774574,1.927517,True
Na0.5K0.5Cs0.5Cu0.5Mg1Ge1Se4_stannite,464,1.559555,2.717368,1.157813,True
Na0.5K0.5Cs0.5Cu0.5Mg1Sn1Te4_stannite,464,3.603293,4.175606,0.572313,True
Na0.5K0.5Cs0.5Cu0.5Mg1Zr1S4_stannite,448,4.353626,4.317970,0.000000,False
Na0.5K0.5Cs0.5Cu0.5Mg1Zr1Te4_stannite,448,3.072260,4.587550,1.515290,False
Na0.5K0.5Cs0.5Cu0.5Zn1Ge1Se4_stannite,544,1.702231,2.466432,0.764201,True
Na0.5K0.5Cs0.5Cu0.5Zn1Sn1S4_stannite,544,2.600703,3.634382,1.033679,True
Na0.5K0.5Cs0.5Cu0.5Zn1Sn1Se4_stannite,544,1.912715,2.642001,0.729286,True
Na0.5K0.5Cs0.5Cu0.5Zn1Zr1S4_stannite,528,3.888172,3.882157,0.000000,False
Na0.5K0.5Cs0.5Cu0.5Zn1Zr1Se4_kesterite,528,1.821463,3.333199,1.511736,False
Na0.5K0.5Cs0.5Cu0.5Zn1Zr1Te4_stannite,528,3.580122,4.412220,0.832098,False
Na0.5K0.5Cs1Ba1Ge1S4_kesterite,520,1.098531,3.629939,2.531408,False
Na0.5K0.5Cs1Cd1Zr1S4_stannite,520,1.601306,3.781243,2.179937,True
Na0.5K0.5Cs1Cd1Zr1Se4_stannite,520,1.314743,3.246928,1.932185,True
Na0.5K0.5Cs1Mg1Ge1S4_stannite,456,1.863895,3.852331,1.988436,False
Na0.5K0.5Cs1Mg1Ge1Se4_stannite,456,1.434842,2.908904,1.474062,False
Na0.5K0.5Cs1Mg1Sn1S4_kesterite,456,1.721490,4.423134,2.701644,True
Na0.5K0.5Cs1Sr1Zr1S4_kesterite,504,1.028204,4.188573,3.160369,False
Na0.5K0.5Cs1Zn1Ge1S4_kesterite,536,1.602043,4.702696,3.100653,True
Na0.5K0.5Cs1Zn1Ge1S4_stannite,536,1.519522,3.758236,2.238714,False
Na0.5K0.5Cs1Zn1Ge1Se4_kesterite,536,1.296703,3.555702,2.258999,True
Na0.5K0.5Cs1Zn1Zr1S4_stannite,520,1.330547,3.668047,2.337500,False
Na0.5K0.5Cs1Zn1Zr1Se4_stannite,520,1.537489,3.021509,1.484020,False
Na0.5K0.5Cu0.5Ag0.5Ba1Ge1Se4_stannite,536,1.829254,3.792766,1.963512,False
Na0.5K0.5Cu0.5Ag0.5Ba1Zr1Se4_kesterite,520,1.674310,3.583348,1.909038,True
Na0.5K0.5Cu0.5Ag0.5Ca1Sn1Se4_stannite,536,2.101291,3.593091,1.491800,True
Na0.5K0.5Cu0.5Ag0.5Ca1Sn1Te4_kesterite,536,2.500164,3.820560,1.320396,False
Na0.5K0.5Cu0.5Ag0.5Ca1Sn1Te4_stannite,536,2.803208,3.943035,1.139827,True
Na0.5K0.5Cu0.5Ag0.5Ca1Zr1S4_stannite,520,2.571136,5.014042,2.442906,False
Na0.5K0.5Cu0.5Ag0.5Ca1Zr1Se4_kesterite,520,1.759696,3.741919,1.982223,False
Na0.5K0.5Cu0.5Ag0.5Cd1Ge1S4_stannite,552,2.208779,4.091419,1.882640,True
Na0.5K0.5Cu0.5Ag0.5Cd1Ge1Se4_kesterite,552,1.873945,3.098790,1.224845,False
Na0.5K0.5Cu0.5Ag0.5Cd1Ge1Se4_stannite,552,2.040832,3.054665,1.013833,True
Na0.5K0.5Cu0.5Ag0.5Cd1Ge1Te4_kesterite,552,3.915322,4.957424,1.042102,True
Na0.5K0.5Cu0.5Ag0.5Cd1Sn1S4_stannite,552,2.536003,4.148521,1.612518,False
Na0.5K0.5Cu0.5Ag0.5Cd1Sn1Te4_stannite,552,4.331047,5.240811,0.909764,True
Na0.5K0.5Cu0.5Ag0.5Cd1Zr1Te4_kesterite,536,3.841145,5.043264,1.202119,True
Na0.5K0.5Cu0.5Ag0.5Mg0.5Sr0.5Sn0.5Ge0.5Se4_kesterite,504,3.544004,3.177518,0.000000,False
Na0.5K0.5Cu0.5Ag0.5Mg0.5Sr0.5Sn0.5Ge0.5Se4_stannite,504,1.704001,2.782722,1.078721,False
Na0.5K0.5Cu0.5Ag0.5Mg1Ge1S4_stannite,472,3.050657,4.532003,1.481346,False
Na0.5K0.5Cu0.5Ag0.5Mg1Ge1Se1Te3_kesterite,472,2.562864,3.813276,1.250412,True
Na0.5K0.5Cu0.5Ag0.5Mg1Ge1Se1Te3_stannite,472,2.821022,3.667892,0.846870,True
Na0.5K0.5Cu0.5Ag0.5Mg1Ge1Se4_kesterite,472,2.430725,3.415390,0.984665,True
Na0.5K0.5Cu0.5Ag0.5Mg1Ge1Se4_stannite,472,2.075398,3.324901,1.249503,False
Na0.5K0.5Cu0.5Ag0.5Mg1Sn1S4_stannite,472,3.027183,4.425578,1.398395,False
Na0.5K0.5Cu0.5Ag0.5Mg1Sn1Se4_kesterite,472,1.646265,3.423493,1.777228,False
Na0.5K0.5Cu0.5Ag0.5Mg1Sn1Te4_stannite,472,3.842461,4.896025,1.053564,True
Na0.5K0.5Cu0.5Ag0.5Mg1Zr1S4_kesterite,456,4.162815,4.660517,0.497702,True
Na0.5K0.5Cu0.5Ag0.5Mg1Zr1S4_stannite,456,2.696202,4.898734,2.202532,True
Na0.5K0.5Cu0.5Ag0.5Mg1Zr1Se4_kesterite,456,1.555814,3.805828,2.250014,True
Na0.5K0.5Cu0.5Ag0.5Mg1Zr1Se4_stannite,456,1.711941,4.000377,2.288436,True
Na0.5K0.5Cu0.5Ag0.5Mg1Zr1Te4_stannite,456,3.509033,4.997428,1.488395,False
Na0.5K0.5Cu0.5Ag0.5Sr0.5Zn0.5Ge1S2Se1Te1_kesterite,544,2.454261,3.923083,1.468822,True
Na0.5K0.5Cu0.5Ag0.5Sr1Sn1Te4_kesterite,536,3.557473,4.836911,1.279438,False
Na0.5K0.5Cu0.5Ag0.5Zn1Ge1S1Se2Te1_kesterite,552,2.142905,3.614690,1.471785,True
Na0.5K0.5Cu0.5Ag0.5Zn1Ge1S1Se2Te1_stannite,552,3.552029,3.448369,0.000000,False
Na0.5K0.5Cu0.5Ag0.5Zn1Ge1S4_stannite,552,2.685999,4.453600,1.767601,False
Na0.5K0.5Cu0.5Ag0.5Zn1Ge1Se4_kesterite,552,4.056050,3.316117,0.000000,False
Na0.5K0.5Cu0.5Ag0.5Zn1Ge1Se4_stannite,552,2.340713,3.121776,0.781063,False
Na0.5K0.5Cu0.5Ag0.5Zn1Ge1Te4_kesterite,552,3.903187,4.952934,1.049747,True
Na0.5K0.5Cu0.5Ag0.5Zn1Sn1S4_stannite,552,3.260718,4.379575,1.118857,False
Na0.5K0.5Cu0.5Ag0.5Zn1Sn1Se4_kesterite,552,4.216573,3.403371,0.000000,False
Na0.5K0.5Cu0.5Ag0.5Zn1Sn1Se4_stannite,552,2.523580,3.265145,0.741565,False
Na0.5K0.5Cu0.5Ag0.5Zn1Sn1Te4_stannite,552,4.304806,4.851215,0.546409,True
Na0.5K0.5Cu0.5Ag0.5Zn1Zr1S4_kesterite,536,4.754927,4.578399,0.000000,False
Na0.5K0.5Cu0.5Ag0.5Zn1Zr1Se4_kesterite,536,4.010686,3.741392,0.000000,False
Na0.5K0.5Cu0.5Ag0.5Zn1Zr1Se4_stannite,536,2.307718,3.595950,1.288232,False
Na0.5K0.5Cu0.5Ag0.5Zn1Zr1Te4_stannite,536,3.972274,4.843959,0.871685,True
Na0.5K0.5Cu1Ba1Zr1S4_kesterite,520,2.349864,4.142775,1.792911,True
Na0.5K0.5Cu1Ba1Zr1Se4_kesterite,520,2.082776,3.607832,1.525056,True
Na0.5K0.5Cu1Ca1Ge1S1Te3_kesterite,536,3.588458,4.446617,0.858159,False
Na0.5K0.5Cu1Ca1Ge1S1Te3_stannite,536,2.799083,3.824320,1.025237,False
Na0.5K0.5Cu1Ca1Ge1S4_kesterite,536,2.087277,4.275859,2.188582,False
Na0.5K0.5Cu1Ca1Zr1S4_kesterite,520,2.402420,4.455543,2.053123,False
Na0.5K0.5Cu1Ca1Zr1S4_stannite,520,2.407342,5.150818,2.743476,False
Na0.5K0.5Cu1Cd1Ge1S4_kesterite,552,4.030841,4.051165,0.020324,True
Na0.5K0.5Cu1Cd1Ge1S4_stannite,552,2.797369,4.275899,1.478530,True
Na0.5K0.5Cu1Cd1Sn1S4_kesterite,552,2.517870,4.175154,1.657284,False
Na0.5K0.5Cu1Cd1Sn1Se4_kesterite,552,2.395485,3.363387,0.967902,False
Na0.5K0.5Cu1Cd1Sn1Se4_stannite,552,2.308258,3.466392,1.158134,True
Na0.5K0.5Cu1Cd1Sn1Te4_stannite,552,4.487404,5.491684,1.004280,True
Na0.5K0.5Cu1Cd1Zr1S4_kesterite,536,2.383268,4.384569,2.001301,True
Na0.5K0.5Cu1Cd1Zr1S4_stannite,536,2.471525,4.482101,2.010576,False
Na0.5K0.5Cu1Cd1Zr1Se4_stannite,536,2.291854,3.708346,1.416492,False
Na0.5K0.5Cu1Cd1Zr1Te4_stannite,536,3.947768,5.111358,1.163590,False
Na0.5K0.5Cu1Mg0.5Ba0.5Sn1S3Te1_kesterite,504,3.192201,4.687424,1.495223,True
Na0.5K0.5Cu1Mg0.5Ba0.5Sn1S3Te1_stannite,504,3.158535,4.487831,1.329296,False
Na0.5K0.5Cu1Mg1Ge1S4_kesterite,472,4.530718,4.552847,0.022129,True
Na0.5K0.5Cu1Mg1Ge1Se4_stannite,472,2.018759,3.470762,1.452003,False
Na0.5K0.5Cu1Mg1Ge1Te4_stannite,472,3.896956,4.944144,1.047188,True
Na0.5K0.5Cu1Mg1Sn1S4_kesterite,472,2.459015,4.505496,2.046481,False
Na0.5K0.5Cu1Mg1Sn1S4_stannite,472,2.834935,4.642402,1.807467,False
Na0.5K0.5Cu1Mg1Sn1Se4_kesterite,472,1.873246,3.485751,1.612505,False
Na0.5K0.5Cu1Mg1Sn1Se4_stannite,472,2.436192,3.585624,1.149432,True
Na0.5K0.5Cu1Mg1Sn1Te4_kesterite,472,4.023566,5.024981,1.001415,True
Na0.5K0.5Cu1Mg1Sn1Te4_stannite,472,4.099122,5.239545,1.140423,True
Na0.5K0.5Cu1Mg1Zr1S4_kesterite,456,2.489351,4.671173,2.181822,True
Na0.5K0.5Cu1Mg1Zr1Se4_kesterite,456,2.142105,3.871687,1.729582,True
Na0.5K0.5Cu1Mg1Zr1Se4_stannite,456,1.885497,4.129402,2.243905,True
Na0.5K0.5Cu1Mg1Zr1Te4_stannite,456,3.792651,5.197206,1.404555,False
Na0.5K0.5Cu1Sr1Zr1S4_kesterite,520,2.292895,4.278768,1.985873,False
Na0.5K0.5Cu1Zn1Ge1Se2Te2_kesterite,552,2.434079,3.559405,1.125326,True
Na0.5K0.5Cu1Zn1Ge1Se2Te2_stannite,552,2.859804,3.500544,0.640740,True
Na0.5K0.5Cu1Zn1Ge1Se4_stannite,552,2.347537,3.265343,0.917806,True
Na0.5K0.5Cu1Zn1Ge1Te4_stannite,552,4.231452,4.810849,0.579397,True
Na0.5K0.5Cu1Zn1Sn1S4_kesterite,552,2.568824,4.472933,1.904109,False
Na0.5K0.5Cu1Zn1Sn1S4_stannite,552,3.427996,4.582288,1.154292,False
Na0.5K0.5Cu1Zn1Sn1Se4_kesterite,552,2.393994,3.443635,1.049641,False
Na0.5K0.5Cu1Zn1Sn1Se4_stannite,552,2.649562,3.457857,0.808295,False
Na0.5K0.5Cu1Zn1Sn1Te4_kesterite,552,4.429984,5.273898,0.843914,True
Na0.5K0.5Cu1Zn1Zr1S4_kesterite,536,3.274617,4.497036,1.222419,True
Na0.5K0.5Cu1Zn1Zr1Se4_kesterite,536,2.319533,3.665886,1.346353,True
Na0.5K0.5Ga0.5In0.5S1Te1_kesterite,528,2.042104,4.582274,2.540170,True
Na0.5K0.5Ga0.5In0.5S1Te1_stannite,528,2.628964,3.317673,0.688709,False
Na0.5K0.5Ga0.5In0.5Se2_kesterite,528,0.843244,3.348265,2.505021,True
Na0.5K0.5Ga0.5In0.5Se2_stannite,528,0.563043,2.177057,1.614014,False
Na0.5K0.5Ga1S2_kesterite,528,1.269297,4.880981,3.611684,True
Na0.5K0.5In1S1Se1_kesterite,528,0.621321,3.220000,2.598679,True
Na0.5K0.5In1S1Se1_stannite,528,0.794723,2.544093,1.749370,False
Na0.5K0.5In1Te2_kesterite,528,2.757013,4.570639,1.813626,True
Na0.5K0.5In1Te2_stannite,528,2.457962,3.553819,1.095857,False
Na0.5K0.5Rb0.5Ag0.5Ba1Sn1S4_kesterite,528,1.606296,4.373659,2.767363,False
Na0.5K0.5Rb0.5Ag0.5Ba1Zr1Se4_kesterite,512,1.108870,3.936367,2.827497,False
Na0.5K0.5Rb0.5Ag0.5Cd1Ge1S4_kesterite,544,1.254011,3.986367,2.732356,False
Na0.5K0.5Rb0.5Ag0.5Cd1Sn1S4_kesterite,544,1.665375,4.202217,2.536842,False
Na0.5K0.5Rb0.5Ag0.5Cd1Sn1Se4_kesterite,544,1.798944,3.562524,1.763580,True
Na0.5K0.5Rb0.5Ag0.5Cd1Zr1S4_kesterite,528,1.550565,4.168488,2.617923,True
Na0.5K0.5Rb0.5Ag0.5Cd1Zr1S4_stannite,528,1.510500,4.000396,2.489896,False
Na0.5K0.5Rb0.5Ag0.5Cd1Zr1Se4_kesterite,528,1.792411,3.589192,1.796781,True
Na0.5K0.5Rb0.5Ag0.5Cd1Zr1Se4_stannite,528,1.434259,3.409550,1.975291,False
Na0.5K0.5Rb0.5Ag0.5Cd1Zr1Te4_stannite,528,3.670789,4.856656,1.185867,False
Na0.5K0.5Rb0.5Ag0.5Mg1Ge1S4_stannite,464,1.244451,3.773667,2.529216,True
Na0.5K0.5Rb0.5Ag0.5Mg1Sn1S4_kesterite,464,1.485237,4.502864,3.017627,False
Na0.5K0.5Rb0.5Ag0.5Mg1Sn1Se4_kesterite,464,1.280645,3.581511,2.300866,False
Na0.5K0.5Rb0.5Ag0.5Mg1Zr1S4_kesterite,448,1.689336,4.440037,2.750701,False
Na0.5K0.5Rb0.5Ag0.5Mg1Zr1Se4_kesterite,448,1.363212,3.678477,2.315265,False
Na0.5K0.5Rb0.5Ag0.5Sr0.5Cd0.5Sn0.5Ge0.5S4_kesterite,536,1.025210,3.486543,2.461333,False
Na0.5K0.5Rb0.5Ag0.5Sr0.5Cd0.5Sn0.5Ge0.5S4_stannite,536,0.717030,2.867823,2.150793,True
Na0.5K0.5Rb0.5Ag0.5Sr1Sn1S2Se1Te1_kesterite,528,2.684654,4.770858,2.086204,True
Na0.5K0.5Rb0.5Ag0.5Sr1Sn1S2Se1Te1_stannite,528,1.515635,3.621191,2.105556,False
Na0.5K0.5Rb0.5Ag0.5Sr1Zr1S4_kesterite,512,1.669180,4.604525,2.935345,False
Na0.5K0.5Rb0.5Ag0.5Zn1Ge1Te4_stannite,544,3.312516,3.558678,0.246162,True
Na0.5K0.5Rb0.5Ag0.5Zn1Sn1Se4_kesterite,544,1.315495,3.422322,2.106827,False
Na0.5K0.5Rb0.5Ag0.5Zn1Sn1Se4_stannite,544,2.869098,2.855205,0.000000,False
Na0.5K0.5Rb0.5Ag0.5Zn1Zr1S4_kesterite,528,1.409292,4.104004,2.694712,False
Na0.5K0.5Rb0.5Ag0.5Zn1Zr1S4_stannite,528,1.485457,3.919366,2.433909,False
Na0.5K0.5Rb0.5Ag0.5Zn1Zr1Se4_kesterite,528,1.436008,3.367326,1.931318,False
Na0.5K0.5Rb0.5Ag0.5Zn1Zr1Se4_stannite,528,1.275831,3.187630,1.911799,False
Na0.5K0.5Rb0.5Ag0.5Zn1Zr1Te4_stannite,528,3.421148,4.476885,1.055737,False
Na0.5K0.5Rb0.5Cs0.5Ba1Ge1S4_kesterite,520,0.782900,3.556745,2.773845,True
Na0.5K0.5Rb0.5Cs0.5Ba1Zr1S4_kesterite,504,0.913636,3.962467,3.048831,False
Na0.5K0.5Rb0.5Cs0.5Cd1Sn1S4_stannite,536,1.205715,3.764376,2.558661,False
Na0.5K0.5Rb0.5Cs0.5Cd1Zr1S4_stannite,520,1.019797,3.674525,2.654728,False
Na0.5K0.5Rb0.5Cs0.5Cd1Zr1Se4_stannite,520,0.988707,3.138567,2.149860,False
Na0.5K0.5Rb0.5Cs0.5Mg0.5Zn0.5Sn1S2Te2_stannite,496,2.269293,2.979768,0.710475,False
Na0.5K0.5Rb0.5Cs0.5Mg1Ge1S4_kesterite,456,1.054024,4.320787,3.266763,True
Na0.5K0.5Rb0.5Cs0.5Mg1Ge1S4_stannite,456,1.484300,3.765855,2.281555,True
Na0.5K0.5Rb0.5Cs0.5Mg1Zr1S4_kesterite,440,1.287246,4.418923,3.131677,False
Na0.5K0.5Rb0.5Cs0.5Sr0.5Ba0.5Ge1S4_stannite,520,0.489530,3.697522,3.207992,False
Na0.5K0.5Rb0.5Cs0.5Zn1Ge1S4_stannite,536,1.769497,3.668493,1.898996,True
Na0.5K0.5Rb0.5Cs0.5Zn1Ge1Se4_kesterite,536,1.072757,3.375975,2.303218,True
Na0.5K0.5Rb0.5Cs0.5Zn1Ge1Se4_stannite,536,1.153776,2.660712,1.506936,True
Na0.5K0.5Rb0.5Cs0.5Zn1Zr1S4_kesterite,520,0.967549,4.059153,3.091604,True
Na0.5K0.5Rb0.5Cs0.5Zn1Zr1S4_stannite,520,1.087145,3.562447,2.475302,False
Na0.5K0.5Rb0.5Cs0.5Zn1Zr1Se4_stannite,520,1.320868,2.912203,1.591335,False
Na0.5K0.5Rb0.5Cs0.5Zn1Zr1Te4_stannite,520,2.828282,4.110101,1.281819,False
Na0.5K0.5Rb0.5Cu0.5Ba1Zr1S4_stannite,512,3.586411,4.131116,0.544705,False
Na0.5K0.5Rb0.5Cu0.5Ca0.5Sr0.5Sn0.5Ge0.5S3Se1_stannite,528,3.858484,3.538588,0.000000,False
Na0.5K0.5Rb0.5Cu0.5Cd1Zr1Se4_kesterite,528,1.449544,3.230745,1.781201,True
Na0.5K0.5Rb0.5Cu0.5Cd1Zr1Se4_stannite,528,1.301389,3.133974,1.832585,False
Na0.5K0.5Rb0.5Cu0.5Cd1Zr1Te4_stannite,528,3.316328,4.520113,1.203785,False
Na0.5K0.5Rb0.5Cu0.5Mg0.5Ba0.5Ge1S3Te1_kesterite,496,4.675673,4.836091,0.160418,False
Na0.5K0.5Rb0.5Cu0.5Mg0.5Ba0.5Ge1S3Te1_stannite,496,2.858567,4.479242,1.620675,False
Na0.5K0.5Rb0.5Cu0.5Mg0.5Cd0.5Sn0.5Ge0.5S3Te1_stannite,504,2.699133,3.084558,0.385425,False
Na0.5K0.5Rb0.5Cu0.5Mg0.5Zn0.5Sn1S2Se2_stannite,504,3.038246,2.802673,0.000000,False
Na0.5K0.5Rb0.5Cu0.5Mg1Ge1Te4_stannite,464,3.650445,4.053989,0.403544,True
Na0.5K0.5Rb0.5Cu0.5Sr0.5Cd0.5Sn1S4_kesterite,536,3.583428,3.443587,0.000000,False
Na0.5K0.5Rb0.5Cu0.5Sr0.5Cd0.5Sn1S4_stannite,536,1.665041,2.978943,1.313902,True
Na0.5K0.5Rb0.5Cu0.5Sr1Ge1Te4_stannite,528,5.636579,4.495260,0.000000,False
Na0.5K0.5Rb0.5Cu0.5Zn1Ge1Se4_kesterite,544,1.476675,3.339051,1.862376,False
Na0.5K0.5Rb0.5Cu0.5Zn1Sn0.5Ge0.5S4_stannite,544,2.617469,3.428314,0.810845,False
Na0.5K0.5Rb0.5Cu0.5Zn1Zr1Se4_kesterite,528,1.964269,3.187816,1.223547,True
Na0.5K0.5Rb0.5Cu0.5Zn1Zr1Te4_stannite,528,3.343444,4.293493,0.950049,False
Na0.5K0.5Rb1Ba0.5Cd0.5Ge1S2Se2_stannite,528,0.307285,1.507444,1.200159,False
Na0.5K0.5Rb1Ba1Ge1S4_kesterite,520,0.687726,3.511484,2.823758,True
Na0.5K0.5Rb1Ba1Ge1Se4_stannite,520,0.592238,3.049387,2.457149,True
Na0.5K0.5Rb1Ba1Sn1S4_kesterite,520,1.787821,3.859777,2.071956,True
Na0.5K0.5Rb1Ba1Zr1Se4_kesterite,504,0.494088,3.322887,2.828799,False
Na0.5K0.5Rb1Ca1Ge1Te4_stannite,520,2.830750,3.552267,0.721517,False
Na0.5K0.5Rb1Cd1Ge1S4_stannite,536,0.719227,3.255370,2.536143,True
Na0.5K0.5Rb1Cd1Ge1Se4_stannite,536,0.620083,2.432674,1.812591,False
Na0.5K0.5Rb1Cd1Sn0.5Ge0.5Te4_stannite,536,3.400394,3.052611,0.000000,False
Na0.5K0.5Rb1Cd1Zr1S4_stannite,520,1.101825,3.532366,2.430541,True
Na0.5K0.5Rb1Cd1Zr1Se4_stannite,520,1.092400,2.999582,1.907182,True
Na0.5K0.5Rb1Mg0.5Cd0.5Sn0.5Ge0.5S1Se1Te2_stannite,496,1.222110,1.712263,0.490153,True
Na0.5K0.5Rb1Mg0.5Cd0.5Sn1S2Te2_kesterite,496,1.437170,3.689635,2.252465,True
Na0.5K0.5Rb1Mg0.5Cd0.5Sn1S2Te2_stannite,496,1.726245,2.880876,1.154631,True
Na0.5K0.5Rb1Mg0.5Cd0.5Sn1S4_kesterite,496,0.159445,3.322159,3.162714,False
Na0.5K0.5Rb1Mg0.5Cd0.5Sn1S4_stannite,496,0.460462,2.961062,2.500600,True
Na0.5K0.5Rb1Mg1Ge1S4_stannite,456,0.859687,3.649363,2.789676,True
Na0.5K0.5Rb1Mg1Ge1Se4_stannite,456,0.637309,2.672343,2.035034,True
Na0.5K0.5Rb1Mg1Ge1Te4_stannite,456,2.726009,3.358538,0.632529,True
Na0.5K0.5Rb1Mg1Zr1S4_kesterite,440,0.604815,4.320259,3.715444,False
Na0.5K0.5Rb1Mg1Zr1Se4_kesterite,440,0.569077,3.592090,3.023013,True
Na0.5K0.5Rb1Sr1Ge1Te4_stannite,520,2.668920,3.867272,1.198352,True
Na0.5K0.5Rb1Zn1Ge1S4_stannite,536,1.499751,3.572678,2.072927,True
Na0.5K0.5Rb1Zn1Ge1Se4_stannite,536,0.968488,2.542555,1.574067,True
Na0.5K0.5Rb1Zn1Zr1S4_stannite,520,0.878069,3.438576,2.560507,True
Na0.5K0.5Rb1Zn1Zr1Se4_stannite,520,0.730478,2.775821,2.045343,True
Na0.5K0.5Rb1Zn1Zr1Te4_stannite,520,2.765893,4.012597,1.246704,True
Na0.5K1.5Ba1Ge1S4_kesterite,520,0.521195,3.556557,3.035362,False
Na0.5K1.5Ba1Ge1Se4_kesterite,520,0.261172,2.840403,2.579231,False
Na0.5K1.5Ba1Sn1S4_kesterite,520,0.821033,3.902112,3.081079,False
Na0.5K1.5Ba1Zr1S4_kesterite,504,0.589976,3.979094,3.389118,False
Na0.5K1.5Cd1Zr1S4_kesterite,520,0.529044,4.058404,3.529360,True
Na0.5K1.5Cd1Zr1S4_stannite,520,1.034029,3.489887,2.455858,False
Na0.5K1.5Cd1Zr1Se4_kesterite,520,0.823161,3.496070,2.672909,True
Na0.5K1.5Cd1Zr1Te4_kesterite,520,2.807849,4.742397,1.934548,True
Na0.5K1.5Cd1Zr1Te4_stannite,520,3.055055,4.354374,1.299319,True
Na0.5K1.5Mg1Ge1S4_stannite,456,1.078455,3.670203,2.591748,True
Na0.5K1.5Mg1Ge1Se4_stannite,456,0.553493,2.659976,2.106483,False
Na0.5K1.5Mg1Ge1Te4_kesterite,456,1.993597,4.084514,2.090917,False
Na0.5K1.5Mg1Ge1Te4_stannite,456,2.419357,3.722565,1.303208,True
Na0.5K1.5Mg1Zr1S4_kesterite,440,0.515100,4.332213,3.817113,True
Na0.5K1.5Sr1Ge1Se4_kesterite,520,0.590889,2.895328,2.304439,False
Na0.5K1.5Sr1Zr1S4_kesterite,504,0.721229,4.022974,3.301745,False
Na0.5K1.5Zn1Ge1S4_stannite,536,1.092307,3.613193,2.520886,False
Na0.5K1.5Zn1Ge1Se4_stannite,536,1.187616,2.544045,1.356429,True
Na0.5K1.5Zn1Ge1Te4_stannite,536,2.853074,3.764705,0.911631,True
Na0.5K1.5Zn1Sn1Te4_stannite,536,3.226993,4.142608,0.915615,False
Na0.5K1.5Zn1Zr1S4_kesterite,520,0.469295,3.818878,3.349583,False
Na0.5K1.5Zn1Zr1S4_stannite,520,1.176396,3.419964,2.243568,False
Na0.5K1.5Zn1Zr1Se4_kesterite,520,0.527599,3.120255,2.592656,True
Na0.5K1.5Zn1Zr1Se4_stannite,520,0.624668,2.729984,2.105316,True
Na0.5K1Ag0.5Ba1Sn1S4_kesterite,528,1.918098,4.378892,2.460794,False
Na0.5K1Ag0.5Ca0.5Ba0.5Ge1S2Te2_stannite,528,1.840194,3.493187,1.652993,False
Na0.5K1Ag0.5Ca1Ge1Se4_stannite,528,0.750871,2.984214,2.233343,False
Na0.5K1Ag0.5Ca1Zr1Se4_kesterite,512,0.884207,3.948773,3.064566,True
Na0.5K1Ag0.5Cd1Ge1S2Se2_kesterite,544,0.629508,3.190345,2.560837,False
Na0.5K1Ag0.5Cd1Ge1S2Se2_stannite,544,1.157032,2.620985,1.463953,False
Na0.5K1Ag0.5Cd1Ge1S4_stannite,544,1.197807,3.475047,2.277240,True
Na0.5K1Ag0.5Cd1Ge1Se4_kesterite,544,0.855139,3.048174,2.193035,True
Na0.5K1Ag0.5Cd1Ge1Se4_stannite,544,0.980510,2.547801,1.567291,True
Na0.5K1Ag0.5Cd1Sn1Se1Te3_stannite,544,2.289750,2.974210,0.684460,True
Na0.5K1Ag0.5Cd1Zr1S4_kesterite,528,1.744664,4.153931,2.409267,True
Na0.5K1Ag0.5Cd1Zr1S4_stannite,528,1.457333,3.990483,2.533150,False
Na0.5K1Ag0.5Cd1Zr1Se4_kesterite,528,1.618191,3.576717,1.958526,True
Na0.5K1Ag0.5Cd1Zr1Se4_stannite,528,1.591937,3.398031,1.806094,True
Na0.5K1Ag0.5Mg0.5Ca0.5Sn0.5Ge0.5S3Te1_stannite,496,2.625378,3.409711,0.784333,False
Na0.5K1Ag0.5Mg0.5Ca0.5Sn1S2Se1Te1_kesterite,496,1.868244,4.346774,2.478530,True
Na0.5K1Ag0.5Mg0.5Ca0.5Sn1S2Se1Te1_stannite,496,2.038088,3.059861,1.021773,True
Na0.5K1Ag0.5Mg1Ge1Se4_stannite,464,0.938661,2.764924,1.826263,True
Na0.5K1Ag0.5Mg1Sn0.5Ge0.5S1Se3_kesterite,464,0.898521,2.828020,1.929499,False
Na0.5K1Ag0.5Mg1Sn0.5Ge0.5S1Se3_stannite,464,0.765815,2.264744,1.498929,True
Na0.5K1Ag0.5Mg1Sn1Se4_kesterite,464,1.123657,3.602051,2.478394,False
Na0.5K1Ag0.5Mg1Zr1S4_kesterite,448,2.073992,4.450539,2.376547,True
Na0.5K1Ag0.5Mg1Zr1Se4_kesterite,448,1.223070,3.678736,2.455666,False
Na0.5K1Ag0.5Sr1Zr1Se4_kesterite,512,0.964243,3.966873,3.002630,True
Na0.5K1Ag0.5Zn0.5Cd0.5Ge1S4_kesterite,544,1.430697,3.491565,2.060868,False
Na0.5K1Ag0.5Zn0.5Cd0.5Ge1S4_stannite,544,1.686290,3.418762,1.732472,False
Na0.5K1Ag0.5Zn1Ge1S4_stannite,544,1.587035,3.802317,2.215282,True
Na0.5K1Ag0.5Zn1Ge1Se4_stannite,544,1.233537,2.628193,1.394656,True
Na0.5K1Ag0.5Zn1Ge1Te4_stannite,544,3.366121,3.934411,0.568290,True
Na0.5K1Ag0.5Zn1Sn1Se1Te3_kesterite,544,2.424827,4.252834,1.828007,True
Na0.5K1Ag0.5Zn1Sn1Se1Te3_stannite,544,2.260476,2.504396,0.243920,True
Na0.5K1Ag0.5Zn1Sn1Se4_kesterite,544,1.225458,3.439152,2.213694,False
Na0.5K1Ag0.5Zn1Sn1Te4_stannite,544,3.777451,4.503799,0.726348,True
Na0.5K1Ag0.5Zn1Zr1S4_stannite,528,1.941352,3.925661,1.984309,True
Na0.5K1Ag0.5Zn1Zr1Se4_kesterite,528,1.290582,3.335398,2.044816,False
Na0.5K1Ag0.5Zn1Zr1Se4_stannite,528,1.198339,3.168427,1.970088,True
Na0.5K1Ag0.5Zn1Zr1Te4_stannite,528,3.244914,4.460960,1.216046,True
Na0.5K1Cs0.5Ba1Ge1S4_kesterite,520,0.775881,3.543657,2.767776,True
Na0.5K1Cs0.5Ba1Ge1Se4_stannite,520,0.741292,3.161968,2.420676,True
Na0.5K1Cs0.5Ba1Sn0.5Ge0.5S1Se3_stannite,520,0.807462,3.190935,2.383473,True
Na0.5K1Cs0.5Ba1Zr1S4_kesterite,504,0.892534,3.989272,3.096738,False
Na0.5K1Cs0.5Ba1Zr1Se4_kesterite,504,0.725336,3.412007,2.686671,False
Na0.5K1Cs0.5Ca1Ge1Se4_stannite,520,2.073927,2.967181,0.893254,False
Na0.5K1Cs0.5Cd1Ge1S4_stannite,536,1.259782,3.370659,2.110877,False
Na0.5K1Cs0.5Cd1Ge1Se4_stannite,536,1.112861,2.535155,1.422294,True
Na0.5K1Cs0.5Cd1Sn1S4_stannite,536,1.709644,3.788239,2.078595,True
Na0.5K1Cs0.5Cd1Zr1Se4_stannite,520,1.256604,3.134791,1.878187,False
Na0.5K1Cs0.5Mg0.5Cd0.5Sn1S1Se2Te1_stannite,496,1.531275,2.418119,0.886844,True
Na0.5K1Cs0.5Mg1Zr1S4_kesterite,440,1.293781,4.427739,3.133958,True
Na0.5K1Cs0.5Mg1Zr1S4_stannite,440,1.476722,4.023474,2.546752,False
Na0.5K1Cs0.5Mg1Zr1Se4_kesterite,440,0.640179,3.716891,3.076712,False
Na0.5K1Cs0.5Zn1Ge1S4_stannite,536,1.270647,3.680485,2.409838,True
Na0.5K1Cs0.5Zn1Ge1Se4_stannite,536,1.095941,2.629642,1.533701,False
Na0.5K1Cs0.5Zn1Zr1S4_stannite,520,1.064369,3.562770,2.498401,False
Na0.5K1Cs0.5Zn1Zr1Te4_stannite,520,2.905465,4.122553,1.217088,False
Na0.5K1Cu0.5Ba1Zr1S4_stannite,512,1.510113,4.185048,2.674935,False
Na0.5K1Cu0.5Ca0.5Sr0.5Sn0.5Ge0.5S3Te1_stannite,528,1.821357,3.728756,1.907399,False
Na0.5K1Cu0.5Cd1Ge1Te4_stannite,544,3.444511,4.202690,0.758179,True
Na0.5K1Cu0.5Cd1Zr1Se4_kesterite,528,1.378080,3.205920,1.827840,True
Na0.5K1Cu0.5Mg0.5Ca0.5Sn0.5Ge0.5S1Se1Te2_stannite,496,1.904506,3.116054,1.211548,False
Na0.5K1Cu0.5Mg0.5Ca0.5Sn0.5Ge0.5Te4_stannite,496,2.116434,3.111478,0.995044,True
Na0.5K1Cu0.5Mg1Ge1Te4_kesterite,464,2.915585,4.523353,1.607768,False
Na0.5K1Cu0.5Mg1Sn1Te4_kesterite,464,2.960022,4.681560,1.721538,True
Na0.5K1Cu0.5Mg1Zr1Te4_kesterite,448,2.820709,4.467066,1.646357,True
Na0.5K1Cu0.5Mg1Zr1Te4_stannite,448,2.740941,4.481480,1.740539,True
Na0.5K1Cu0.5Zn0.5Cd0.5Ge1S1Se3_stannite,544,1.641133,2.432233,0.791100,False
Na0.5K1Cu0.5Zn1Ge1Se4_stannite,544,1.925242,2.486456,0.561214,False
Na0.5K1Cu0.5Zn1Sn1S2Se1Te1_kesterite,544,1.483445,3.574981,2.091536,True
Na0.5K1Cu0.5Zn1Sn1S2Se1Te1_stannite,544,2.737102,3.049590,0.312488,False
Na0.5K1Cu0.5Zn1Zr1Se4_kesterite,528,1.084028,3.146804,2.062776,True
Na0.5K1Cu0.5Zn1Zr1Te4_kesterite,528,3.137370,4.382655,1.245285,True
Na0.5K1Cu0.5Zn1Zr1Te4_stannite,528,3.184235,4.273518,1.089283,False
Na0.5K1Rb0.5Ba1Ge1S4_kesterite,520,0.513397,3.515572,3.002175,True
Na0.5K1Rb0.5Ba1Ge1S4_stannite,520,0.852086,3.720049,2.867963,True
Na0.5K1Rb0.5Ba1Ge1Se4_kesterite,520,0.382949,2.817764,2.434815,True
Na0.5K1Rb0.5Ba1Sn1S4_kesterite,520,0.821789,3.876560,3.054771,True
Na0.5K1Rb0.5Ba1Zr1S4_kesterite,504,0.679365,3.959510,3.280145,False
Na0.5K1Rb0.5Ba1Zr1Se4_kesterite,504,0.483960,3.356790,2.872830,False
Na0.5K1Rb0.5Ca0.5Cd0.5Ge1S1Te3_kesterite,528,1.384225,3.259785,1.875560,True
Na0.5K1Rb0.5Ca0.5Cd0.5Ge1S1Te3_stannite,528,1.682483,2.767793,1.085310,True
Na0.5K1Rb0.5Ca1Ge1S2Te2_stannite,520,1.156028,3.101302,1.945274,True
Na0.5K1Rb0.5Cd1Ge1S4_stannite,536,0.723324,3.268465,2.545141,False
Na0.5K1Rb0.5Cd1Ge1Se4_stannite,536,0.590608,2.432574,1.841966,True
Na0.5K1Rb0.5Cd1Sn0.5Ge0.5S3Te1_stannite,536,1.352788,1.977560,0.624772,True
Na0.5K1Rb0.5Cd1Zr1S4_stannite,520,0.791927,3.520200,2.728273,False
Na0.5K1Rb0.5Cd1Zr1Se4_stannite,520,1.061198,2.987632,1.926434,False
Na0.5K1Rb0.5Mg1Ge1S4_stannite,456,0.813705,3.661627,2.847922,True
Na0.5K1Rb0.5Mg1Ge1Se4_stannite,456,0.582717,2.671771,2.089054,True
Na0.5K1Rb0.5Mg1Ge1Te4_stannite,456,3.073622,3.349972,0.276350,False
Na0.5K1Rb0.5Mg1Zr1S4_kesterite,440,0.621438,4.318294,3.696856,True
Na0.5K1Rb0.5Mg1Zr1Te4_stannite,440,2.495259,4.191792,1.696533,True
Na0.5K1Rb0.5Sr0.5Ba0.5Sn0.5Ge0.5Te4_stannite,520,2.838621,3.160785,0.322164,False
Na0.5K1Rb0.5Sr0.5Cd0.5Sn0.5Ge0.5Se1Te3_stannite,528,1.541083,2.542644,1.001561,True
Na0.5K1Rb0.5Sr1Ge1Se4_kesterite,520,1.001677,2.856088,1.854411,False
Na0.5K1Rb0.5Sr1Zr1Se4_kesterite,504,0.823827,3.384002,2.560175,False
Na0.5K1Rb0.5Zn0.5Cd0.5Ge1S1Se2Te1_stannite,536,2.059880,2.454185,0.394305,False
Na0.5K1Rb0.5Zn1Ge1S4_stannite,536,1.202219,3.592229,2.390010,True
Na0.5K1Rb0.5Zn1Ge1Se4_stannite,536,0.910613,2.542829,1.632216,True
Na0.5K1Rb0.5Zn1Ge1Te4_stannite,536,3.342151,3.350824,0.008673,True
Na0.5K1Rb0.5Zn1Zr1S4_stannite,520,1.221891,3.438368,2.216477,True
Na0.5K1Rb0.5Zn1Zr1Se4_kesterite,520,0.666320,3.150348,2.484028,False
Na0.5K1Rb0.5Zn1Zr1Se4_stannite,520,0.987126,2.756429,1.769303,True
Na0.5K1Rb0.5Zn1Zr1Te4_stannite,520,2.704715,4.011475,1.306760,False
Na0.5Rb0.5Ag1Ba1Ge1S4_stannite,536,2.096850,4.744663,2.647813,False
Na0.5Rb0.5Ag1Ba1Ge1Se4_stannite,536,1.731198,3.819088,2.087890,False
Na0.5Rb0.5Ag1Ca0.5Ba0.5Sn1S1Se2Te1_stannite,536,1.833016,3.533416,1.700400,False
Na0.5Rb0.5Ag1Ca0.5Sr0.5Ge1S2Se1Te1_kesterite,536,2.510570,3.676316,1.165746,False
Na0.5Rb0.5Ag1Ca1Ge1S4_kesterite,536,1.783738,4.175204,2.391466,True
Na0.5Rb0.5Ag1Ca1Ge1S4_stannite,536,2.156902,4.543991,2.387089,True
Na0.5Rb0.5Ag1Ca1Ge1Se4_stannite,536,1.507662,3.526257,2.018595,True
Na0.5Rb0.5Ag1Ca1Sn1S4_kesterite,536,2.071576,4.508508,2.436932,True
Na0.5Rb0.5Ag1Ca1Sn1S4_stannite,536,2.441010,4.731898,2.290888,False
Na0.5Rb0.5Ag1Ca1Zr1Se4_kesterite,520,1.854206,3.971233,2.117027,True
Na0.5Rb0.5Ag1Cd1Ge1S4_stannite,552,2.634457,3.940611,1.306154,False
Na0.5Rb0.5Ag1Cd1Ge1Se4_kesterite,552,1.753747,2.991949,1.238202,True
Na0.5Rb0.5Ag1Cd1Ge1Te4_kesterite,552,3.740520,4.753852,1.013332,True
Na0.5Rb0.5Ag1Cd1Ge1Te4_stannite,552,4.002309,4.640442,0.638133,False
Na0.5Rb0.5Ag1Cd1Sn1S4_kesterite,552,2.775348,4.385641,1.610293,False
Na0.5Rb0.5Ag1Cd1Sn1Se4_kesterite,552,2.337368,3.679937,1.342569,True
Na0.5Rb0.5Ag1Cd1Sn1Se4_stannite,552,2.591853,3.612949,1.021096,False
Na0.5Rb0.5Ag1Cd1Zr1S4_kesterite,536,2.196943,4.629619,2.432676,True
Na0.5Rb0.5Ag1Cd1Zr1S4_stannite,536,2.340057,4.579245,2.239188,False
Na0.5Rb0.5Ag1Cd1Zr1Se4_kesterite,536,2.031637,3.998192,1.966555,True
Na0.5Rb0.5Ag1Mg0.5Sr0.5Sn0.5Ge0.5S2Te2_kesterite,504,2.449361,4.420377,1.971016,False
Na0.5Rb0.5Ag1Mg0.5Sr0.5Sn0.5Ge0.5S2Te2_stannite,504,2.672479,3.764875,1.092396,False
Na0.5Rb0.5Ag1Mg1Ge1S4_stannite,472,2.208263,4.354924,2.146661,False
Na0.5Rb0.5Ag1Mg1Ge1Se4_kesterite,472,1.510028,3.242496,1.732468,False
Na0.5Rb0.5Ag1Mg1Ge1Se4_stannite,472,2.020073,3.176865,1.156792,False
Na0.5Rb0.5Ag1Mg1Sn1S4_kesterite,472,2.610663,4.698124,2.087461,False
Na0.5Rb0.5Ag1Mg1Sn1S4_stannite,472,2.718911,4.665773,1.946862,False
Na0.5Rb0.5Ag1Mg1Zr1S4_kesterite,456,2.248392,4.955564,2.707172,True
Na0.5Rb0.5Ag1Mg1Zr1Se4_kesterite,456,1.952071,4.185559,2.233488,True
Na0.5Rb0.5Ag1Sr0.5Ba0.5Ge1S1Se2Te1_kesterite,536,2.234007,3.387668,1.153661,True
Na0.5Rb0.5Ag1Sr0.5Ba0.5Ge1S3Se1_kesterite,536,2.069811,3.893850,1.824039,False
Na0.5Rb0.5Ag1Sr0.5Ba0.5Ge1S3Se1_stannite,536,1.296567,3.879862,2.583295,False
Na0.5Rb0.5Ag1Sr1Zr1S4_kesterite,520,2.314003,4.573318,2.259315,False
Na0.5Rb0.5Ag1Sr1Zr1Se4_kesterite,520,2.015957,3.951361,1.935404,True
Na0.5Rb0.5Ag1Zn1Sn1S4_stannite,552,3.109481,4.403781,1.294300,False
Na0.5Rb0.5Ag1Zn1Sn1Se4_kesterite,552,2.113377,3.543440,1.430063,True
Na0.5Rb0.5Ag1Zn1Sn1Se4_stannite,552,2.566229,3.349663,0.783434,False
Na0.5Rb0.5Ag1Zn1Sn1Te4_kesterite,552,4.390766,5.467446,1.076680,True
Na0.5Rb0.5Ag1Zn1Sn1Te4_stannite,552,4.573851,5.036350,0.462499,False
Na0.5Rb0.5Ag1Zn1Zr1Se4_kesterite,536,1.900856,3.789910,1.889054,True
Na0.5Rb0.5Al0.5In0.5S1Te1_kesterite,448,1.962156,4.752806,2.790650,True
Na0.5Rb0.5Al0.5In0.5S1Te1_stannite,448,2.553365,3.580939,1.027574,True
Na0.5Rb0.5Al0.5In0.5S2_kesterite,448,0.996673,4.497051,3.500378,False
Na0.5Rb0.5Al0.5In0.5Se1Te1_kesterite,448,1.658154,3.893828,2.235674,True
Na0.5Rb0.5Al0.5In0.5Se1Te1_stannite,448,2.273462,3.202374,0.928912,True
Na0.5Rb0.5Al0.5In0.5Se2_kesterite,448,0.704242,3.353588,2.649346,False
Na0.5Rb0.5Al0.5In0.5Se2_stannite,448,0.998967,2.894509,1.895542,False
Na0.5Rb0.5Al0.5In0.5Te2_kesterite,448,2.373147,4.513392,2.140245,True
Na0.5Rb0.5Al0.5In0.5Te2_stannite,448,2.430759,3.603540,1.172781,False
Na0.5Rb0.5Cs0.5Ag0.5Ca1Ge1S4_stannite,528,1.581867,3.865515,2.283648,True
Na0.5Rb0.5Cs0.5Ag0.5Cd1Ge1S4_stannite,544,1.549546,3.394637,1.845091,True
Na0.5Rb0.5Cs0.5Ag0.5Cd1Sn1S4_stannite,544,2.142935,3.884310,1.741375,True
Na0.5Rb0.5Cs0.5Ag0.5Cd1Sn1Se4_stannite,544,2.042690,3.171570,1.128880,True
Na0.5Rb0.5Cs0.5Ag0.5Cd1Zr1S4_stannite,528,2.182467,4.131422,1.948955,False
Na0.5Rb0.5Cs0.5Ag0.5Cd1Zr1Se4_stannite,528,1.921166,3.558553,1.637387,False
Na0.5Rb0.5Cs0.5Ag0.5Mg0.5Ba0.5Sn1S2Se1Te1_kesterite,496,2.607100,4.543690,1.936590,False
Na0.5Rb0.5Cs0.5Ag0.5Mg1Ge1S4_stannite,464,1.958606,3.757319,1.798713,True
Na0.5Rb0.5Cs0.5Ag0.5Mg1Ge1Se4_stannite,464,1.671368,2.720853,1.049485,True
Na0.5Rb0.5Cs0.5Ag0.5Mg1Sn1S4_kesterite,464,2.511592,4.576787,2.065195,True
Na0.5Rb0.5Cs0.5Ag0.5Mg1Sn1S4_stannite,464,2.117544,4.081156,1.963612,True
Na0.5Rb0.5Cs0.5Ag0.5Mg1Sn1Se4_stannite,464,2.134558,3.166802,1.032244,True
Na0.5Rb0.5Cs0.5Ag0.5Mg1Zr1Se4_stannite,448,1.742065,3.784589,2.042524,False
Na0.5Rb0.5Cs0.5Ag0.5Sr1Ge1S4_stannite,528,1.137978,3.841994,2.704016,False
Na0.5Rb0.5Cs0.5Ag0.5Zn1Ge1S4_stannite,544,1.819371,3.657108,1.837737,True
Na0.5Rb0.5Cs0.5Ag0.5Zn1Ge1Se4_stannite,544,1.871888,2.547000,0.675112,True
Na0.5Rb0.5Cs0.5Ag0.5Zn1Sn1S4_kesterite,544,1.906887,4.402553,2.495666,True
Na0.5Rb0.5Cs0.5Ag0.5Zn1Sn1S4_stannite,544,2.159835,3.794437,1.634602,True
Na0.5Rb0.5Cs0.5Ag0.5Zn1Sn1Se4_stannite,544,1.928700,2.850551,0.921851,True
Na0.5Rb0.5Cs0.5Ag0.5Zn1Sn1Te4_stannite,544,4.157570,4.425927,0.268357,True
Na0.5Rb0.5Cs0.5Ag0.5Zn1Zr1S4_stannite,528,2.123205,4.020241,1.897036,False
Na0.5Rb0.5Cs0.5Ag0.5Zn1Zr1Se4_kesterite,528,1.811318,3.531717,1.720399,False
Na0.5Rb0.5Cs0.5Cu0.5Ba1Sn1S3Se1_stannite,528,1.481583,3.634130,2.152547,False
Na0.5Rb0.5Cs0.5Cu0.5Ca1Ge1S1Se3_kesterite,528,2.411956,3.816212,1.404256,False
Na0.5Rb0.5Cs0.5Cu0.5Ca1Ge1S4_stannite,528,2.006235,3.977834,1.971599,True
Na0.5Rb0.5Cs0.5Cu0.5Ca1Sn1S4_stannite,528,3.399944,3.409835,0.009891,True
Na0.5Rb0.5Cs0.5Cu0.5Ca1Sn1Te4_stannite,528,3.379952,4.619767,1.239815,False
Na0.5Rb0.5Cs0.5Cu0.5Cd1Ge1S4_stannite,544,1.879297,3.332382,1.453085,True
Na0.5Rb0.5Cs0.5Cu0.5Cd1Sn1S4_stannite,544,2.126902,3.517645,1.390743,True
Na0.5Rb0.5Cs0.5Cu0.5Cd1Sn1Se4_stannite,544,2.247967,2.754685,0.506718,True
Na0.5Rb0.5Cs0.5Cu0.5Cd1Zr1S4_stannite,528,3.385181,3.865031,0.479850,False
Na0.5Rb0.5Cs0.5Cu0.5Cd1Zr1Se4_stannite,528,2.024701,3.262155,1.237454,False
Na0.5Rb0.5Cs0.5Cu0.5Cd1Zr1Te4_stannite,528,3.713758,4.648206,0.934448,False
Na0.5Rb0.5Cs0.5Cu0.5Mg0.5Zn0.5Sn0.5Ge0.5Se1Te3_kesterite,504,3.539939,3.039504,0.000000,False
Na0.5Rb0.5Cs0.5Cu0.5Mg1Ge1S4_stannite,464,1.882117,3.720504,1.838387,True
Na0.5Rb0.5Cs0.5Cu0.5Mg1Ge1Se4_stannite,464,1.607716,2.680030,1.072314,True
Na0.5Rb0.5Cs0.5Cu0.5Mg1Sn1S4_stannite,464,2.113689,3.722337,1.608648,True
Na0.5Rb0.5Cs0.5Cu0.5Mg1Sn1Se4_stannite,464,1.713587,2.745218,1.031631,True
Na0.5Rb0.5Cs0.5Cu0.5Mg1Zr1S4_stannite,448,4.334687,4.316968,0.000000,False
Na0.5Rb0.5Cs0.5Cu0.5Mg1Zr1Se4_stannite,448,1.652737,3.539679,1.886942,False
Na0.5Rb0.5Cs0.5Cu0.5Mg1Zr1Te4_stannite,448,3.159785,4.584252,1.424467,False
Na0.5Rb0.5Cs0.5Cu0.5Zn1Ge1Se4_stannite,544,1.747967,2.423778,0.675811,True
Na0.5Rb0.5Cs0.5Cu0.5Zn1Sn1S4_stannite,544,2.266761,3.596006,1.329245,True
Na0.5Rb0.5Cs0.5Cu0.5Zn1Sn1Se4_stannite,544,1.924900,2.620416,0.695516,True
Na0.5Rb0.5Cs0.5Cu0.5Zn1Sn1Te4_stannite,544,4.059700,4.068031,0.008331,True
Na0.5Rb0.5Cs0.5Cu0.5Zn1Zr1S4_stannite,528,1.952909,3.875566,1.922657,False
Na0.5Rb0.5Cs0.5Cu0.5Zn1Zr1Se4_stannite,528,1.867750,3.151324,1.283574,False
Na0.5Rb0.5Cs0.5Cu0.5Zn1Zr1Te4_stannite,528,3.609442,4.423018,0.813576,False
Na0.5Rb0.5Cs1Ca1Ge1S3Te1_stannite,520,2.043146,3.348372,1.305226,False
Na0.5Rb0.5Cs1Ca1Ge1S4_stannite,520,3.149511,3.759630,0.610119,False
Na0.5Rb0.5Cs1Ca1Ge1Se4_stannite,520,0.786286,3.167424,2.381138,False
Na0.5Rb0.5Cs1Cd1Zr1S4_stannite,520,1.677517,3.785831,2.108314,False
Na0.5Rb0.5Cs1Cd1Zr1Se4_stannite,520,1.448638,3.261175,1.812537,False
Na0.5Rb0.5Cs1Mg0.5Ca0.5Ge1S1Se2Te1_kesterite,488,0.827525,3.251915,2.424390,True
Na0.5Rb0.5Cs1Mg1Ge1S4_stannite,456,1.993205,3.848310,1.855105,False
Na0.5Rb0.5Cs1Mg1Zr1S4_kesterite,440,1.581017,4.513578,2.932561,False
Na0.5Rb0.5Cs1Zn1Ge1S4_kesterite,536,1.463508,4.571101,3.107593,True
Na0.5Rb0.5Cs1Zn1Zr1S4_stannite,520,1.427535,3.676357,2.248822,False
Na0.5Rb0.5Cs1Zn1Zr1Se4_kesterite,520,1.362318,3.584081,2.221763,True
Na0.5Rb0.5Cs1Zn1Zr1Se4_stannite,520,1.201762,3.030653,1.828891,False
Na0.5Rb0.5Cu0.5Ag0.5Ba1Ge1Se4_stannite,536,1.849821,3.800107,1.950286,False
Na0.5Rb0.5Cu0.5Ag0.5Ba1Sn1Se4_stannite,536,1.990202,3.723721,1.733519,False
Na0.5Rb0.5Cu0.5Ag0.5Ba1Zr1Se4_kesterite,520,1.742313,3.603608,1.861295,True
Na0.5Rb0.5Cu0.5Ag0.5Ca0.5Cd0.5Ge1Se4_kesterite,544,3.248167,2.808834,0.000000,False
Na0.5Rb0.5Cu0.5Ag0.5Ca0.5Cd0.5Ge1Se4_stannite,544,1.576182,2.634284,1.058102,True
Na0.5Rb0.5Cu0.5Ag0.5Ca1Sn0.5Ge0.5Te4_kesterite,536,3.662469,4.780871,1.118402,True
Na0.5Rb0.5Cu0.5Ag0.5Ca1Sn1Se4_kesterite,536,3.822333,3.765718,0.000000,False
Na0.5Rb0.5Cu0.5Ag0.5Ca1Sn1Te4_kesterite,536,3.630176,4.938357,1.308181,False
Na0.5Rb0.5Cu0.5Ag0.5Ca1Zr1S4_stannite,520,2.136873,4.981789,2.844916,True
Na0.5Rb0.5Cu0.5Ag0.5Cd1Ge1Se4_kesterite,552,1.836323,3.000064,1.163741,False
Na0.5Rb0.5Cu0.5Ag0.5Cd1Ge1Se4_stannite,552,1.886140,3.040534,1.154394,False
Na0.5Rb0.5Cu0.5Ag0.5Cd1Ge1Te4_stannite,552,4.058650,4.851669,0.793019,False
Na0.5Rb0.5Cu0.5Ag0.5Cd1Sn1Se4_kesterite,552,2.275253,3.279830,1.004577,False
Na0.5Rb0.5Cu0.5Ag0.5Cd1Sn1Se4_stannite,552,2.423615,3.286656,0.863041,False
Na0.5Rb0.5Cu0.5Ag0.5Cd1Sn1Te4_kesterite,552,4.382584,5.341098,0.958514,True
Na0.5Rb0.5Cu0.5Ag0.5Cd1Sn1Te4_stannite,552,4.374617,5.215228,0.840611,False
Na0.5Rb0.5Cu0.5Ag0.5Cd1Zr1S4_stannite,536,2.279664,4.374424,2.094760,True
Na0.5Rb0.5Cu0.5Ag0.5Cd1Zr1Se4_stannite,536,2.097871,3.686453,1.588582,False
Na0.5Rb0.5Cu0.5Ag0.5Mg0.5Ba0.5Ge1S2Te2_stannite,504,2.352928,3.796124,1.443196,True
Na0.5Rb0.5Cu0.5Ag0.5Mg1Ge1S4_stannite,472,3.135085,4.466227,1.331142,False
Na0.5Rb0.5Cu0.5Ag0.5Mg1Ge1Se4_kesterite,472,1.405782,3.336551,1.930769,False
Na0.5Rb0.5Cu0.5Ag0.5Mg1Sn1S4_stannite,472,2.613636,4.381141,1.767505,False
Na0.5Rb0.5Cu0.5Ag0.5Mg1Sn1Se4_kesterite,472,3.224859,3.366329,0.141470,False
Na0.5Rb0.5Cu0.5Ag0.5Mg1Sn1Se4_stannite,472,2.125417,3.334968,1.209551,False
Na0.5Rb0.5Cu0.5Ag0.5Mg1Sn1Te4_kesterite,472,3.698580,4.970135,1.271555,True
Na0.5Rb0.5Cu0.5Ag0.5Mg1Zr1S4_kesterite,456,2.234634,4.634214,2.399580,True
Na0.5Rb0.5Cu0.5Ag0.5Mg1Zr1Se4_kesterite,456,1.944139,3.810466,1.866327,True
Na0.5Rb0.5Cu0.5Ag0.5Mg1Zr1Se4_stannite,456,1.714444,4.014574,2.300130,True
Na0.5Rb0.5Cu0.5Ag0.5Mg1Zr1Te4_kesterite,456,3.332786,4.884903,1.552117,True
Na0.5Rb0.5Cu0.5Ag0.5Mg1Zr1Te4_stannite,456,3.614047,5.018150,1.404103,False
Na0.5Rb0.5Cu0.5Ag0.5Sr0.5Ba0.5Sn0.5Ge0.5S1Te3_kesterite,536,2.678296,3.681565,1.003269,False
Na0.5Rb0.5Cu0.5Ag0.5Sr0.5Ba0.5Sn0.5Ge0.5S1Te3_stannite,536,2.111224,3.741963,1.630739,True
Na0.5Rb0.5Cu0.5Ag0.5Sr1Ge1S4_stannite,536,1.994369,4.718273,2.723904,False
Na0.5Rb0.5Cu0.5Ag0.5Sr1Ge1Se4_stannite,536,1.854967,3.761125,1.906158,False
Na0.5Rb0.5Cu0.5Ag0.5Zn1Ge1S4_stannite,552,3.269993,4.368332,1.098339,False
Na0.5Rb0.5Cu0.5Ag0.5Zn1Ge1Se4_kesterite,552,3.273784,3.211143,0.000000,False
Na0.5Rb0.5Cu0.5Ag0.5Zn1Ge1Se4_stannite,552,2.413555,3.095833,0.682278,False
Na0.5Rb0.5Cu0.5Ag0.5Zn1Sn1S3Te1_kesterite,552,2.962007,4.166292,1.204285,False
Na0.5Rb0.5Cu0.5Ag0.5Zn1Sn1S4_stannite,552,3.504597,4.340140,0.835543,False
Na0.5Rb0.5Cu0.5Ag0.5Zn1Sn1Se4_kesterite,552,4.239758,3.335982,0.000000,False
Na0.5Rb0.5Cu0.5Ag0.5Zn1Sn1Se4_stannite,552,2.594457,3.234510,0.640053,False
Na0.5Rb0.5Cu0.5Ag0.5Zn1Sn1Te4_kesterite,552,4.170384,5.131336,0.960952,True
Na0.5Rb0.5Cu0.5Ag0.5Zn1Zr1Se4_kesterite,536,1.773545,3.582707,1.809162,True
Na0.5Rb0.5Cu0.5Ag0.5Zn1Zr1Te4_kesterite,536,3.630765,4.866777,1.236012,False
Na0.5Rb0.5Cu1Ca1Ge1S4_kesterite,536,2.042681,4.186417,2.143736,False
Na0.5Rb0.5Cu1Ca1Ge1Te4_kesterite,536,3.720263,4.550623,0.830360,False
Na0.5Rb0.5Cu1Ca1Sn1Se4_kesterite,536,1.905374,3.445573,1.540199,True
Na0.5Rb0.5Cu1Ca1Zr1Se4_kesterite,520,2.092600,3.778895,1.686295,True
Na0.5Rb0.5Cu1Cd1Ge1S4_kesterite,552,1.936599,3.872768,1.936169,False
Na0.5Rb0.5Cu1Cd1Ge1Se4_kesterite,552,1.549712,2.916224,1.366512,True
Na0.5Rb0.5Cu1Cd1Ge1Se4_stannite,552,2.218064,3.196660,0.978596,False
Na0.5Rb0.5Cu1Cd1Sn1Se4_kesterite,552,2.064936,3.297898,1.232962,False
Na0.5Rb0.5Cu1Cd1Sn1Te4_stannite,552,4.519686,5.472411,0.952725,False
Na0.5Rb0.5Cu1Cd1Zr1S4_kesterite,536,2.947249,4.373115,1.425866,True
Na0.5Rb0.5Cu1Cd1Zr1S4_stannite,536,2.962745,4.485489,1.522744,False
Na0.5Rb0.5Cu1Cd1Zr1Se4_kesterite,536,2.319926,3.693141,1.373215,True
Na0.5Rb0.5Cu1Cd1Zr1Se4_stannite,536,2.402721,3.774129,1.371408,False
Na0.5Rb0.5Cu1Mg0.5Ba0.5Sn0.5Ge0.5Se4_kesterite,504,1.599646,3.256655,1.657009,True
Na0.5Rb0.5Cu1Mg0.5Ba0.5Sn0.5Ge0.5Se4_stannite,504,2.200832,3.906115,1.705283,False
Na0.5Rb0.5Cu1Mg0.5Zn0.5Sn1S4_stannite,512,3.137154,4.274691,1.137537,False
Na0.5Rb0.5Cu1Mg1Ge1S4_stannite,472,2.546887,4.633358,2.086471,False
Na0.5Rb0.5Cu1Mg1Ge1Se4_stannite,472,2.219822,3.451995,1.232173,False
Na0.5Rb0.5Cu1Mg1Ge1Te4_kesterite,472,3.939283,4.778275,0.838992,True
Na0.5Rb0.5Cu1Mg1Ge1Te4_stannite,472,3.930470,4.965166,1.034696,False
Na0.5Rb0.5Cu1Mg1Sn1S4_kesterite,472,3.233058,4.442049,1.208991,False
Na0.5Rb0.5Cu1Mg1Sn1S4_stannite,472,2.818986,4.619809,1.800823,False
Na0.5Rb0.5Cu1Mg1Sn1Se4_kesterite,472,2.402573,3.414963,1.012390,False
Na0.5Rb0.5Cu1Mg1Sn1Se4_stannite,472,2.519742,3.569348,1.049606,False
Na0.5Rb0.5Cu1Mg1Sn1Te4_stannite,472,4.131262,5.217191,1.085929,False
Na0.5Rb0.5Cu1Mg1Zr1S4_kesterite,456,2.386471,4.661614,2.275143,True
Na0.5Rb0.5Cu1Mg1Zr1S4_stannite,456,2.890039,5.034579,2.144540,False
Na0.5Rb0.5Cu1Mg1Zr1Se4_kesterite,456,2.132548,3.876643,1.744095,True
Na0.5Rb0.5Cu1Mg1Zr1Se4_stannite,456,2.281306,4.157231,1.875925,False
Na0.5Rb0.5Cu1Mg1Zr1Te4_stannite,456,3.727138,5.239679,1.512541,False
Na0.5Rb0.5Cu1Sr0.5Ba0.5Sn1S3Se1_stannite,536,1.587208,3.890953,2.303745,False
Na0.5Rb0.5Cu1Sr1Ge1Se4_kesterite,536,1.622331,3.081823,1.459492,True
Na0.5Rb0.5Cu1Sr1Sn0.5Ge0.5S2Te2_stannite,536,2.238722,3.611165,1.372443,False
Na0.5Rb0.5Cu1Sr1Zr1S4_kesterite,520,2.724065,4.278772,1.554707,False
Na0.5Rb0.5Cu1Zn1Ge1S4_stannite,552,2.841654,4.538898,1.697244,False
Na0.5Rb0.5Cu1Zn1Ge1Se4_stannite,552,2.476540,3.231473,0.754933,False
Na0.5Rb0.5Cu1Zn1Ge1Te4_stannite,552,4.253589,4.773252,0.519663,False
Na0.5Rb0.5Cu1Zn1Sn1S4_stannite,552,3.430192,4.527695,1.097503,False
Na0.5Rb0.5Cu1Zn1Sn1Se4_kesterite,552,2.046557,3.370281,1.323724,True
Na0.5Rb0.5Cu1Zn1Sn1Se4_stannite,552,2.745146,3.436665,0.691519,False
Na0.5Rb0.5Cu1Zn1Zr1S4_kesterite,536,2.418587,4.487182,2.068595,False
Na0.5Rb0.5Cu1Zn1Zr1S4_stannite,536,3.016808,4.575139,1.558331,True
Na0.5Rb0.5Cu1Zn1Zr1Se4_kesterite,536,2.250189,3.677868,1.427679,True
Na0.5Rb0.5Cu1Zn1Zr1Se4_stannite,536,2.585596,3.742604,1.157008,True
Na0.5Rb0.5Ga0.5In0.5S1Te1_kesterite,528,1.973625,4.490771,2.517146,True
Na0.5Rb0.5Ga0.5In0.5S1Te1_stannite,528,2.442608,3.323081,0.880473,True
Na0.5Rb0.5Ga0.5In0.5Te2_stannite,528,2.229935,2.813395,0.583460,False
Na0.5Rb0.5Ga1S1Se1_kesterite,528,1.241861,4.319665,3.077804,True
Na0.5Rb0.5Ga1S1Se1_stannite,528,1.557529,3.090082,1.532553,False
Na0.5Rb0.5Ga1S1Te1_kesterite,528,1.930279,4.647287,2.717008,True
Na0.5Rb0.5Ga1S1Te1_stannite,528,2.610093,3.349168,0.739075,True
Na0.5Rb0.5Ga1S2_kesterite,528,1.195807,4.741261,3.545454,True
Na0.5Rb0.5Ga1Se1Te1_kesterite,528,1.955118,3.969676,2.014558,True
Na0.5Rb0.5Ga1Se1Te1_stannite,528,2.205555,2.872253,0.666698,False
Na0.5Rb0.5Ga1Se2_kesterite,528,0.530317,2.838219,2.307902,True
Na0.5Rb0.5Ga1Se2_stannite,528,0.737901,2.172389,1.434488,False
Na0.5Rb0.5In1S2_kesterite,528,1.329160,4.299222,2.970062,True
Na0.5Rb0.5In1S2_stannite,528,2.217178,3.607444,1.390266,False
Na0.5Rb0.5In1Se1Te1_kesterite,528,2.276228,3.919597,1.643369,True
Na0.5Rb0.5In1Se1Te1_stannite,528,2.316494,3.033429,0.716935,False
Na0.5Rb0.5In1Se2_kesterite,528,1.066362,3.296394,2.230032,True
Na0.5Rb0.5In1Se2_stannite,528,1.494910,2.794512,1.299602,False
Na0.5Rb1.5Ba1Ge1S4_kesterite,520,0.641517,3.508590,2.867073,True
Na0.5Rb1.5Ba1Ge1Se4_kesterite,520,0.559604,2.828380,2.268776,True
Na0.5Rb1.5Ba1Sn1Se4_kesterite,520,0.783867,3.170315,2.386448,True
Na0.5Rb1.5Ba1Zr1S4_kesterite,504,0.792003,3.892898,3.100895,False
Na0.5Rb1.5Ba1Zr1Se4_kesterite,504,0.595731,3.292479,2.696748,False
Na0.5Rb1.5Ca1Ge1S4_kesterite,520,0.533762,3.831938,3.298176,False
Na0.5Rb1.5Ca1Ge1Se4_kesterite,520,0.567518,3.010285,2.442767,False
Na0.5Rb1.5Ca1Zr1Se4_kesterite,504,0.452040,3.428556,2.976516,False
Na0.5Rb1.5Cd1Ge1Se4_stannite,536,1.130087,2.435463,1.305376,False
Na0.5Rb1.5Cd1Zr1S4_stannite,520,0.944832,3.537979,2.593147,False
Na0.5Rb1.5Mg1Ge1S4_stannite,456,1.780855,3.636007,1.855152,True
Na0.5Rb1.5Mg1Sn1S4_kesterite,456,1.478237,4.186395,2.708158,True
Na0.5Rb1.5Mg1Zr1S4_kesterite,440,0.960420,4.308098,3.347678,False
Na0.5Rb1.5Mg1Zr1Te4_kesterite,440,2.338832,4.462385,2.123553,False
Na0.5Rb1.5Zn1Ge1S4_stannite,536,1.201341,3.567829,2.366488,True
Na0.5Rb1.5Zn1Zr1S4_kesterite,520,0.684325,3.940567,3.256242,False
Na0.5Rb1.5Zn1Zr1S4_stannite,520,0.967791,3.445625,2.477834,False
Na0.5Rb1.5Zn1Zr1Se4_kesterite,520,0.784999,3.239775,2.454776,True
Na0.5Rb1.5Zn1Zr1Se4_stannite,520,1.202554,2.787242,1.584688,False
Na0.5Rb1.5Zn1Zr1Te4_stannite,520,2.845269,4.020780,1.175511,True
Na0.5Rb1Ag0.5Ca0.5Ba0.5Sn1S2Se1Te1_kesterite,528,2.030659,4.386265,2.355606,False
Na0.5Rb1Ag0.5Ca0.5Ba0.5Sn1S2Se1Te1_stannite,528,1.629053,3.650181,2.021128,False
Na0.5Rb1Ag0.5Ca1Ge1Se4_stannite,528,1.599598,2.950567,1.350969,True
Na0.5Rb1Ag0.5Ca1Sn1S3Se1_kesterite,528,2.946396,5.003603,2.057207,False
Na0.5Rb1Ag0.5Ca1Sn1S3Se1_stannite,528,1.815496,3.188849,1.373353,True
Na0.5Rb1Ag0.5Ca1Sn1S4_stannite,528,2.369275,4.151969,1.782694,True
Na0.5Rb1Ag0.5Cd1Ge1S4_stannite,544,1.784457,3.358213,1.573756,True
Na0.5Rb1Ag0.5Cd1Ge1Se4_stannite,544,1.643617,2.467735,0.824118,True
Na0.5Rb1Ag0.5Cd1Sn1Se4_kesterite,544,1.805717,3.552984,1.747267,True
Na0.5Rb1Ag0.5Cd1Sn1Se4_stannite,544,2.327852,3.127196,0.799344,True
Na0.5Rb1Ag0.5Cd1Zr1S4_kesterite,528,1.937200,4.185957,2.248757,True
Na0.5Rb1Ag0.5Cd1Zr1S4_stannite,528,1.611418,4.010601,2.399183,False
Na0.5Rb1Ag0.5Cd1Zr1Se4_stannite,528,1.540537,3.428891,1.888354,False
Na0.5Rb1Ag0.5Mg1Ge1Te4_kesterite,464,3.156518,4.505723,1.349205,True
Na0.5Rb1Ag0.5Mg1Zr1S4_kesterite,448,1.543394,4.430501,2.887107,False
Na0.5Rb1Ag0.5Sr1Ge1S4_stannite,528,2.152390,3.796708,1.644318,False
Na0.5Rb1Ag0.5Zn0.5Cd0.5Ge1S2Se2_kesterite,544,0.790288,3.335576,2.545288,False
Na0.5Rb1Ag0.5Zn0.5Cd0.5Ge1S2Se2_stannite,544,1.572976,2.617812,1.044836,False
Na0.5Rb1Ag0.5Zn1Ge1S4_stannite,544,1.525368,3.653977,2.128609,False
Na0.5Rb1Ag0.5Zn1Ge1Se4_stannite,544,1.238539,2.537316,1.298777,True
Na0.5Rb1Ag0.5Zn1Ge1Te4_stannite,544,3.516659,3.529896,0.013237,True
Na0.5Rb1Ag0.5Zn1Zr1S4_kesterite,528,1.422557,4.115296,2.692739,False
Na0.5Rb1Ag0.5Zn1Zr1Se4_stannite,528,1.642195,3.195532,1.553337,False
Na0.5Rb1Ag0.5Zn1Zr1Te4_stannite,528,3.533484,4.487707,0.954223,False
Na0.5Rb1Cs0.5Ba1Ge1S4_kesterite,520,0.866884,3.568650,2.701766,True
Na0.5Rb1Cs0.5Ba1Zr1S4_kesterite,504,0.955733,3.934856,2.979123,False
Na0.5Rb1Cs0.5Ca0.5Zn0.5Sn0.5Ge0.5S4_stannite,528,2.007903,2.694944,0.687041,False
Na0.5Rb1Cs0.5Cd1Ge1Se4_stannite,536,1.267181,2.590363,1.323182,False
Na0.5Rb1Cs0.5Mg0.5Sr0.5Sn0.5Ge0.5S2Se1Te1_stannite,488,1.751915,2.553273,0.801358,True
Na0.5Rb1Cs0.5Mg1Zr1S4_stannite,440,1.088158,4.003678,2.915520,False
Na0.5Rb1Cs0.5Mg1Zr1Se4_kesterite,440,0.883459,3.699814,2.816355,False
Na0.5Rb1Cs0.5Zn1Ge1Se4_stannite,536,1.171905,2.677304,1.505399,True
Na0.5Rb1Cs0.5Zn1Zr1S4_stannite,520,1.200090,3.574791,2.374701,False
Na0.5Rb1Cs0.5Zn1Zr1Te4_stannite,520,2.978925,4.142466,1.163541,False
Na0.5Rb1Cu0.5Cd1Sn1S1Te3_stannite,544,2.606192,3.110951,0.504759,True
Na0.5Rb1Cu0.5Cd1Sn1Te4_kesterite,544,3.671762,5.094760,1.422998,True
Na0.5Rb1Cu0.5Mg1Ge1Se4_stannite,464,1.255661,2.630972,1.375311,True
Na0.5Rb1Cu0.5Mg1Sn1Te4_kesterite,464,3.101377,4.633335,1.531958,False
Na0.5Rb1Cu0.5Sr0.5Zn0.5Sn0.5Ge0.5S4_stannite,536,3.194167,3.063647,0.000000,False
Na0.5Rb1Cu0.5Zn1Ge1Te4_stannite,544,3.890079,3.882405,0.000000,False
Na0.5Rb1Cu0.5Zn1Sn1Te4_stannite,544,4.122328,4.081749,0.000000,False
Na0.5Rb1Cu0.5Zn1Zr1Te4_kesterite,528,3.241454,4.441872,1.200418,True
Na0.5Rb1Cu0.5Zn1Zr1Te4_stannite,528,3.368918,4.308175,0.939257,False
Na1.5Ag0.5Ba1Ge1S4_kesterite,512,1.162046,4.197984,3.035938,False
Na1.5Ag0.5Ba1Ge1S4_stannite,512,1.988562,4.998047,3.009485,True
Na1.5Ag0.5Ca1Ge1S4_stannite,512,2.440125,4.335201,1.895076,False
Na1.5Ag0.5Ca1Ge1Te4_kesterite,512,2.841924,4.568047,1.726123,True
Na1.5Ag0.5Cd1Ge1S4_stannite,528,1.428208,3.861824,2.433616,True
Na1.5Ag0.5Cd1Ge1Se4_kesterite,528,1.258312,3.211145,1.952833,True
Na1.5Ag0.5Cd1Ge1Te4_stannite,528,3.399715,4.574248,1.174533,True
Na1.5Ag0.5Cd1Sn1S4_kesterite,528,1.811948,4.467790,2.655842,True
Na1.5Ag0.5Cd1Sn1S4_stannite,528,1.911054,4.266987,2.355933,True
Na1.5Ag0.5Cd1Sn1Se4_kesterite,528,1.947514,3.792570,1.845056,True
Na1.5Ag0.5Cd1Sn1Se4_stannite,528,1.770177,3.516275,1.746098,True
Na1.5Ag0.5Cd1Sn1Te4_kesterite,528,4.321424,6.050816,1.729392,True
Na1.5Ag0.5Cd1Sn1Te4_stannite,528,4.407740,5.635470,1.227730,True
Na1.5Ag0.5Cd1Zr1Se4_kesterite,512,1.734730,3.830597,2.095867,True
Na1.5Ag0.5Cd1Zr1Se4_stannite,512,1.611177,3.631587,2.020410,True
Na1.5Ag0.5Cd1Zr1Te4_stannite,512,3.786843,5.119093,1.332250,True
Na1.5Ag0.5Mg0.5Cd0.5Ge1Se3Te1_kesterite,488,1.706551,3.655112,1.948561,True
Na1.5Ag0.5Mg0.5Cd0.5Ge1Se3Te1_stannite,488,2.093550,2.819919,0.726369,True
Na1.5Ag0.5Mg0.5Cd0.5Ge1Se4_kesterite,488,0.808166,3.148390,2.340224,True
Na1.5Ag0.5Mg0.5Cd0.5Ge1Se4_stannite,488,0.875265,2.646871,1.771606,True
Na1.5Ag0.5Mg1Ge1S4_kesterite,448,2.328876,4.790713,2.461837,True
Na1.5Ag0.5Mg1Ge1S4_stannite,448,1.567160,4.295430,2.728270,True
Na1.5Ag0.5Mg1Ge1Se4_stannite,448,1.176164,3.087641,1.911477,True
Na1.5Ag0.5Mg1Ge1Te4_kesterite,448,2.959257,4.765124,1.805867,True
Na1.5Ag0.5Mg1Ge1Te4_stannite,448,3.287867,4.376845,1.088978,True
Na1.5Ag0.5Mg1Zr1Se4_kesterite,432,1.212320,4.107365,2.895045,True
Na1.5Ag0.5Sr0.5Zn0.5Ge1S1Se3_kesterite,520,1.263677,3.233446,1.969769,False
Na1.5Ag0.5Sr0.5Zn0.5Ge1S1Se3_stannite,520,0.795113,2.558728,1.763615,True
Na1.5Ag0.5Sr1Ge1S4_stannite,512,1.590151,4.585448,2.995297,True
Na1.5Ag0.5Sr1Ge1Se4_stannite,512,1.161427,3.507712,2.346285,True
Na1.5Ag0.5Zn1Ge1S4_kesterite,528,2.615396,4.865945,2.250549,True
Na1.5Ag0.5Zn1Ge1Se4_kesterite,528,1.696304,3.553746,1.857442,True
Na1.5Ag0.5Zn1Ge1Se4_stannite,528,1.371480,2.936953,1.565473,True
Na1.5Ag0.5Zn1Ge1Te4_kesterite,528,3.225386,4.979594,1.754208,True
Na1.5Ag0.5Zn1Ge1Te4_stannite,528,3.646541,4.319524,0.672983,True
Na1.5Ag0.5Zn1Sn1S4_stannite,528,2.737517,4.323800,1.586283,True
Na1.5Ag0.5Zn1Sn1Se4_kesterite,528,1.691557,3.698159,2.006602,True
Na1.5Ag0.5Zn1Sn1Se4_stannite,528,2.204937,3.294437,1.089500,True
Na1.5Ag0.5Zn1Zr1S4_kesterite,512,1.998626,4.323102,2.324476,True
Na1.5Ag0.5Zn1Zr1Se4_kesterite,512,1.603670,3.582982,1.979312,True
Na1.5Ag0.5Zn1Zr1Se4_stannite,512,1.576272,3.422782,1.846510,False
Na1.5Ag0.5Zn1Zr1Te4_kesterite,512,3.473420,4.847521,1.374101,True
Na1.5Ag0.5Zn1Zr1Te4_stannite,512,3.553151,4.752313,1.199162,True
Na1.5Cs0.5Ba1Ge1S4_kesterite,504,0.763274,3.647688,2.884414,False
Na1.5Cs0.5Ba1Ge1Se4_kesterite,504,0.935730,3.036003,2.100273,False
Na1.5Cs0.5Ca1Ge1S4_stannite,504,0.802989,3.969574,3.166585,False
Na1.5Cs0.5Ca1Ge1Se4_stannite,504,0.669364,3.104001,2.434637,False
Na1.5Cs0.5Cd1Ge1S4_kesterite,520,0.790360,3.759303,2.968943,False
Na1.5Cs0.5Cd1Ge1Se4_kesterite,520,1.525220,2.979782,1.454562,False
Na1.5Cs0.5Cd1Sn1S4_kesterite,520,1.447013,4.230941,2.783928,False
Na1.5Cs0.5Cd1Sn1S4_stannite,520,1.664165,3.972457,2.308292,True
Na1.5Cs0.5Cd1Sn1Se4_stannite,520,2.070726,3.266573,1.195847,True
Na1.5Cs0.5Cd1Zr1S4_stannite,504,1.279998,3.919105,2.639107,False
Na1.5Cs0.5Cd1Zr1Se4_kesterite,504,1.074790,3.737761,2.662971,False
Na1.5Cs0.5Cd1Zr1Se4_stannite,504,1.377670,3.363844,1.986174,False
Na1.5Cs0.5Mg1Ge1S4_stannite,440,1.146903,3.875497,2.728594,True
Na1.5Cs0.5Mg1Ge1Se4_stannite,440,0.895450,2.816662,1.921212,True
Na1.5Cs0.5Sr0.5Zn0.5Sn0.5Ge0.5S2Se1Te1_stannite,512,2.022999,2.832143,0.809144,False
Na1.5Cs0.5Sr1Ge1Se4_stannite,504,1.119044,3.215988,2.096944,False
Na1.5Cs0.5Zn1Ge1S4_kesterite,520,1.185098,4.392847,3.207749,False
Na1.5Cs0.5Zn1Ge1S4_stannite,520,1.371121,3.749793,2.378672,True
Na1.5Cs0.5Zn1Ge1Se4_stannite,520,1.105224,2.623878,1.518654,True
Na1.5Cs0.5Zn1Sn1S4_stannite,520,1.772690,3.900333,2.127643,True
Na1.5Cs0.5Zn1Sn1Se4_stannite,520,2.094188,2.958151,0.863963,True
Na1.5Cs0.5Zn1Zr1S4_stannite,504,1.433150,3.819610,2.386460,False
Na1.5Cs0.5Zn1Zr1Se4_stannite,504,1.436959,3.139538,1.702579,False
Na1.5Cu0.5Ba0.5Zn0.5Sn1S2Se1Te1_stannite,520,2.260877,3.269479,1.008602,True
Na1.5Cu0.5Ba1Ge1Se4_kesterite,512,2.446584,3.519200,1.072616,False
Na1.5Cu0.5Ba1Zr1Te4_kesterite,496,3.155489,5.051828,1.896339,False
Na1.5Cu0.5Ca1Zr1Se4_stannite,496,3.968751,4.074140,0.105389,True
Na1.5Cu0.5Cd1Ge1Te4_kesterite,528,3.539046,5.160648,1.621602,True
Na1.5Cu0.5Cd1Sn1Se4_kesterite,528,1.592258,3.399551,1.807293,True
Na1.5Cu0.5Cd1Sn1Se4_stannite,528,3.066046,3.137100,0.071054,True
Na1.5Cu0.5Cd1Sn1Te4_kesterite,528,3.911129,5.574714,1.663585,True
Na1.5Cu0.5Cd1Zr1S4_kesterite,512,1.712107,4.117976,2.405869,True
Na1.5Cu0.5Cd1Zr1Se4_kesterite,512,3.104615,3.442133,0.337518,True
Na1.5Cu0.5Cd1Zr1Te4_kesterite,512,3.496149,4.806256,1.310107,True
Na1.5Cu0.5Cd1Zr1Te4_stannite,512,3.425340,4.725631,1.300291,True
Na1.5Cu0.5Mg1Ge1Se4_kesterite,448,4.134016,4.050876,0.000000,False
Na1.5Cu0.5Mg1Ge1Te4_kesterite,448,3.175371,4.806871,1.631500,True
Na1.5Cu0.5Mg1Ge1Te4_stannite,448,3.461557,4.473618,1.012061,True
Na1.5Cu0.5Mg1Sn1Te4_kesterite,448,3.304784,5.042510,1.737726,True
Na1.5Cu0.5Mg1Sn1Te4_stannite,448,3.544039,4.741934,1.197895,True
Na1.5Cu0.5Mg1Zr1Se4_kesterite,432,3.296477,3.663372,0.366895,True
Na1.5Cu0.5Mg1Zr1Te4_kesterite,432,2.853192,4.734091,1.880899,True
Na1.5Cu0.5Mg1Zr1Te4_stannite,432,3.070665,4.792415,1.721750,True
Na1.5Cu0.5Sr1Zr1Se4_stannite,496,1.309910,4.046028,2.736118,False
Na1.5Cu0.5Sr1Zr1Te4_kesterite,496,2.892140,5.073272,2.181132,False
Na1.5Cu0.5Zn1Ge1Se4_kesterite,528,3.828336,3.971349,0.143013,True
Na1.5Cu0.5Zn1Ge1Se4_stannite,528,1.569019,2.925322,1.356303,False
Na1.5Cu0.5Zn1Sn1Te4_kesterite,528,3.745894,5.302889,1.556995,True
Na1.5Cu0.5Zn1Zr1S4_kesterite,512,4.336349,4.190145,0.000000,False
Na1.5Cu0.5Zn1Zr1Se4_kesterite,512,3.939517,3.520665,0.000000,False
Na1.5Cu0.5Zn1Zr1Te4_kesterite,512,3.388539,4.592630,1.204091,True
Na1.5K0.5Ba1Ge1S3Te1_kesterite,504,2.804857,4.942792,2.137935,True
Na1.5K0.5Ba1Ge1S4_kesterite,504,0.430056,3.736231,3.306175,False
Na1.5K0.5Ba1Ge1Se4_kesterite,504,0.468250,3.002325,2.534075,False
Na1.5K0.5Ca0.5Ba0.5Ge1S1Se3_kesterite,504,2.127962,4.656662,2.528700,True
Na1.5K0.5Ca0.5Ba0.5Ge1S1Se3_stannite,504,0.054669,2.700073,2.645404,True
Na1.5K0.5Ca1Ge1Se4_stannite,504,0.508000,2.990347,2.482347,False
Na1.5K0.5Ca1Ge1Te4_stannite,504,2.245325,4.107576,1.862251,True
Na1.5K0.5Cd1Ge1S4_stannite,520,0.929773,3.448245,2.518472,False
Na1.5K0.5Cd1Ge1Se4_stannite,520,0.641101,2.530867,1.889766,True
Na1.5K0.5Cd1Ge1Te4_stannite,520,2.737572,4.126270,1.388698,True
Na1.5K0.5Cd1Sn1Se4_stannite,520,1.071494,3.170110,2.098616,True
Na1.5K0.5Cd1Sn1Te4_stannite,520,3.672499,5.131463,1.458964,True
Na1.5K0.5Cd1Zr1S4_kesterite,504,1.058759,4.199877,3.141118,True
Na1.5K0.5Cd1Zr1S4_stannite,504,1.101033,3.743384,2.642351,False
Na1.5K0.5Cd1Zr1Se4_kesterite,504,0.946646,3.609886,2.663240,True
Na1.5K0.5Cd1Zr1Se4_stannite,504,1.031493,3.179472,2.147979,False
Na1.5K0.5Cd1Zr1Te4_kesterite,504,3.194372,4.980873,1.786501,True
Na1.5K0.5Cd1Zr1Te4_stannite,504,3.247190,4.652765,1.405575,True
Na1.5K0.5Mg1Ge1S4_stannite,440,1.095371,3.852845,2.757474,False
Na1.5K0.5Mg1Ge1Se4_stannite,440,0.570912,2.759100,2.188188,True
Na1.5K0.5Mg1Ge1Te4_stannite,440,2.807066,3.947388,1.140322,True
Na1.5K0.5Sr0.5Cd0.5Sn1S1Se3_stannite,512,1.139204,2.136214,0.997010,True
Na1.5K0.5Sr1Ge1S4_kesterite,504,0.676727,3.770855,3.094128,True
Na1.5K0.5Sr1Ge1Se4_kesterite,504,0.063663,2.973035,2.909372,True
Na1.5K0.5Zn0.5Cd0.5Ge1S1Se1Te2_kesterite,520,1.254887,3.440640,2.185753,True
Na1.5K0.5Zn0.5Cd0.5Ge1S1Se1Te2_stannite,520,2.274543,2.740026,0.465483,False
Na1.5K0.5Zn1Ge1S4_stannite,520,1.224955,3.777251,2.552296,False
Na1.5K0.5Zn1Ge1Te4_kesterite,520,2.654932,4.528039,1.873107,True
Na1.5K0.5Zn1Ge1Te4_stannite,520,3.080249,3.931563,0.851314,True
Na1.5K0.5Zn1Sn1Te4_kesterite,520,3.237836,5.148457,1.910621,True
Na1.5K0.5Zn1Sn1Te4_stannite,520,3.469051,4.518827,1.049776,True
Na1.5K0.5Zn1Zr1S4_stannite,504,1.204743,3.662630,2.457887,False
Na1.5K0.5Zn1Zr1Se4_kesterite,504,0.456588,3.259108,2.802520,False
Na1.5K0.5Zn1Zr1Se4_stannite,504,0.978213,2.955657,1.977444,True
Na1.5K0.5Zn1Zr1Te4_stannite,504,2.969457,4.279365,1.309908,True
Na1.5Rb0.5Ba1Ge1S4_kesterite,504,0.493224,3.683312,3.190088,False
Na1.5Rb0.5Ca0.5Sr0.5Sn0.5Ge0.5S3Te1_kesterite,504,2.389609,4.365725,1.976116,True
Na1.5Rb0.5Ca0.5Sr0.5Sn0.5Ge0.5S3Te1_stannite,504,1.527327,3.281913,1.754586,True
Na1.5Rb0.5Cd1Ge1S4_kesterite,520,1.317530,3.726100,2.408570,False
Na1.5Rb0.5Cd1Ge1S4_stannite,520,0.776901,3.408658,2.631757,True
Na1.5Rb0.5Cd1Ge1Te4_kesterite,520,2.859584,4.499051,1.639467,False
Na1.5Rb0.5Cd1Sn1Te4_kesterite,520,3.679502,5.516657,1.837155,True
Na1.5Rb0.5Cd1Zr1S4_kesterite,504,1.215096,4.204173,2.989077,False
Na1.5Rb0.5Cd1Zr1S4_stannite,504,0.982576,3.768158,2.785582,False
Na1.5Rb0.5Cd1Zr1Se4_kesterite,504,1.045063,3.633379,2.588316,False
Na1.5Rb0.5Cd1Zr1Se4_stannite,504,1.147864,3.213232,2.065368,False
Na1.5Rb0.5Mg0.5Zn0.5Ge1S1Te3_stannite,480,2.009425,2.733015,0.723590,True
Na1.5Rb0.5Mg1Ge1S4_stannite,440,0.851206,3.808417,2.957211,False
Na1.5Rb0.5Mg1Ge1Se4_stannite,440,0.620623,2.748086,2.127463,False
Na1.5Rb0.5Mg1Ge1Te4_stannite,440,2.633530,3.945540,1.312010,True
Na1.5Rb0.5Sr0.5Ba0.5Sn0.5Ge0.5S2Se2_kesterite,504,-0.157717,2.630531,2.788248,True
Na1.5Rb0.5Sr1Ge1Se4_kesterite,504,1.228757,2.961557,1.732800,True
Na1.5Rb0.5Zn1Ge1S4_stannite,520,1.250006,3.721660,2.471654,True
Na1.5Rb0.5Zn1Ge1Te4_stannite,520,3.131109,3.895621,0.764512,False
Na1.5Rb0.5Zn1Zr1S4_kesterite,504,2.111312,4.023844,1.912532,False
Na1.5Rb0.5Zn1Zr1Se4_stannite,504,1.102481,2.988936,1.886455,True
Na1.5Rb0.5Zn1Zr1Te4_kesterite,504,3.133559,4.509537,1.375978,False
Na1.5Rb0.5Zn1Zr1Te4_stannite,504,3.060813,4.327004,1.266191,False
Na1Ag1Ba1Ge1S3Se1_kesterite,528,2.143467,4.093222,1.949755,False
Na1Ag1Ba1Ge1S3Se1_stannite,528,2.512644,4.976740,2.464096,True
Na1Ag1Ba1Ge1S4_stannite,528,2.509920,5.191055,2.681135,False
Na1Ag1Ba1Ge1Se4_kesterite,528,1.382774,3.239492,1.856718,False
Na1Ag1Ba1Ge1Se4_stannite,528,1.829503,4.059273,2.229770,False
Na1Ag1Ca1Ge1S3Te1_kesterite,528,3.185483,4.977900,1.792417,True
Na1Ag1Ca1Ge1S3Te1_stannite,528,2.598402,4.401379,1.802977,True
Na1Ag1Ca1Ge1S4_kesterite,528,1.722701,4.457184,2.734483,False
Na1Ag1Ca1Ge1S4_stannite,528,2.221904,4.746757,2.524853,True
Na1Ag1Ca1Ge1Se4_kesterite,528,1.279500,3.427328,2.147828,False
Na1Ag1Ca1Ge1Se4_stannite,528,1.809793,3.624068,1.814275,True
Na1Ag1Ca1Ge1Te4_kesterite,528,3.304652,4.740825,1.436173,True
Na1Ag1Ca1Zr1S4_stannite,512,2.208033,5.442407,3.234374,False
Na1Ag1Cd1Ge1S4_kesterite,544,1.794739,4.260901,2.466162,True
Na1Ag1Cd1Ge1Se4_kesterite,544,1.886850,3.251433,1.364583,True
Na1Ag1Cd1Ge1Se4_stannite,544,1.793653,3.053650,1.259997,True
Na1Ag1Cd1Ge1Te4_stannite,544,4.143341,4.861015,0.717674,True
Na1Ag1Cd1Sn0.5Ge0.5S1Se2Te1_kesterite,544,2.095021,3.487918,1.392897,True
Na1Ag1Cd1Sn0.5Ge0.5S1Se2Te1_stannite,544,2.908303,3.305481,0.397178,False
Na1Ag1Cd1Sn1S4_kesterite,544,2.399827,4.625699,2.225872,False
Na1Ag1Cd1Sn1S4_stannite,544,2.721163,4.503597,1.782434,True
Na1Ag1Cd1Sn1Se4_kesterite,544,2.452604,3.898002,1.445398,True
Na1Ag1Cd1Sn1Se4_stannite,544,2.723622,3.730128,1.006506,True
Na1Ag1Cd1Sn1Te4_stannite,544,4.999440,5.933117,0.933677,True
Na1Ag1Cd1Zr1S4_kesterite,528,2.267325,4.832489,2.565164,True
Na1Ag1Cd1Zr1S4_stannite,528,2.691292,4.667197,1.975905,True
Na1Ag1Cd1Zr1Se4_kesterite,528,2.313019,4.151490,1.838471,True
Na1Ag1Cd1Zr1Se4_stannite,528,2.356811,3.985613,1.628802,False
Na1Ag1Cd1Zr1Te4_stannite,528,4.285432,5.473322,1.187890,True
Na1Ag1Mg1Ge1S4_kesterite,464,1.916272,4.758356,2.842084,True
Na1Ag1Mg1Ge1S4_stannite,464,2.912573,4.612533,1.699960,True
Na1Ag1Mg1Ge1Se4_stannite,464,2.273688,3.313574,1.039886,True
Na1Ag1Mg1Ge1Te4_kesterite,464,3.452319,4.875483,1.423164,True
Na1Ag1Mg1Ge1Te4_stannite,464,3.857179,4.689066,0.831887,True
Na1Ag1Mg1Sn1S4_kesterite,464,2.400244,4.988416,2.588172,False
Na1Ag1Mg1Sn1S4_stannite,464,2.851297,4.886379,2.035082,True
Na1Ag1Mg1Sn1Se4_stannite,464,2.685918,3.909590,1.223672,True
Na1Ag1Mg1Zr1S4_stannite,448,2.546755,5.281676,2.734921,False
Na1Ag1Mg1Zr1Se4_kesterite,448,2.138991,4.395973,2.256982,True
Na1Ag1Mg1Zr1Te4_stannite,448,4.070208,5.695237,1.625029,False
Na1Ag1Sr1Ge1S4_kesterite,528,1.946868,4.226358,2.279490,False
Na1Ag1Sr1Ge1Se4_kesterite,528,1.279363,3.277603,1.998240,False
Na1Ag1Sr1Ge1Se4_stannite,528,1.702579,3.849054,2.146475,True
Na1Ag1Sr1Ge1Te4_stannite,528,3.772443,4.965630,1.193187,True
Na1Ag1Sr1Zr1S4_kesterite,512,2.301150,4.798702,2.497552,False
Na1Ag1Zn1Ge1S4_stannite,544,2.952181,4.578590,1.626409,True
Na1Ag1Zn1Ge1Se4_kesterite,544,1.827314,3.522232,1.694918,True
Na1Ag1Zn1Ge1Se4_stannite,544,2.004259,3.180775,1.176516,True
Na1Ag1Zn1Ge1Te4_stannite,544,4.176258,4.593797,0.417539,True
Na1Ag1Zn1Sn1S4_stannite,544,2.823491,4.593529,1.770038,True
Na1Ag1Zn1Sn1Se4_kesterite,544,2.283908,3.812744,1.528836,True
Na1Ag1Zn1Sn1Se4_stannite,544,2.682298,3.526334,0.844036,True
Na1Ag1Zn1Sn1Te4_stannite,544,4.776699,5.357910,0.581211,True
Na1Ag1Zn1Zr1S4_kesterite,528,2.530203,4.745873,2.215670,True
Na1Ag1Zn1Zr1Se4_kesterite,528,2.118845,3.930203,1.811358,True
Na1Ag1Zn1Zr1Se4_stannite,528,2.423167,3.805860,1.382693,False
Na1Ag1Zn1Zr1Te4_stannite,528,4.153655,5.137794,0.984139,False
Na1Al0.5In0.5S1Te1_kesterite,432,2.425052,5.083378,2.658326,True
Na1Al0.5In0.5S1Te1_stannite,432,2.869946,3.963590,1.093644,True
Na1Al0.5In0.5Se1Te1_kesterite,432,2.060646,4.506288,2.445642,True
Na1Al0.5In0.5Se1Te1_stannite,432,2.383634,3.530082,1.146448,True
Na1Al1S2_kesterite,88,0.977247,5.812525,4.835278,True
Na1Al1S2_stannite,88,3.339373,5.365000,2.025627,False
Na1Al1Se1Te1_kesterite,352,1.964803,5.141669,3.176866,True
Na1Al1Se1Te1_stannite,352,2.521121,3.964649,1.443528,True
Na1Al1Se2_kesterite,88,1.231117,4.433064,3.201947,True
Na1Al1Se2_stannite,88,1.011198,3.861723,2.850525,False
Na1Al1Te2_stannite,88,2.919424,4.386559,1.467135,True
Na1Cs0.5Ag0.5Ba0.5Zn0.5Sn0.5Ge0.5S2Se2_kesterite,528,0.896459,3.212318,2.315859,False
Na1Cs0.5Ag0.5Ba0.5Zn0.5Sn0.5Ge0.5S2Se2_stannite,528,1.847188,2.668856,0.821668,True
Na1Cs0.5Ag0.5Ba1Ge1S4_stannite,520,1.738269,4.427639,2.689370,False
Na1Cs0.5Ag0.5Ca0.5Sr0.5Sn1S2Se1Te1_kesterite,520,3.201975,4.896801,1.694826,True
Na1Cs0.5Ag0.5Ca0.5Sr0.5Sn1S2Se1Te1_stannite,520,1.783727,3.550537,1.766810,True
Na1Cs0.5Ag0.5Ca1Ge1S4_stannite,520,1.639023,4.114698,2.475675,False
Na1Cs0.5Ag0.5Ca1Ge1Se4_stannite,520,1.415521,3.213904,1.798383,False
Na1Cs0.5Ag0.5Ca1Sn1S4_stannite,520,2.211561,4.532859,2.321298,True
Na1Cs0.5Ag0.5Cd1Ge1S4_kesterite,536,2.113323,4.383878,2.270555,False
Na1Cs0.5Ag0.5Cd1Ge1S4_stannite,536,1.604496,3.571605,1.967109,True
Na1Cs0.5Ag0.5Cd1Sn1S4_kesterite,536,2.100289,4.451999,2.351710,False
Na1Cs0.5Ag0.5Cd1Sn1Se4_kesterite,536,2.113183,3.762343,1.649160,False
Na1Cs0.5Ag0.5Cd1Sn1Se4_stannite,536,2.096638,3.338812,1.242174,True
Na1Cs0.5Ag0.5Cd1Zr1S4_kesterite,520,2.362349,4.488523,2.126174,True
Na1Cs0.5Ag0.5Cd1Zr1S4_stannite,520,1.846409,4.290649,2.444240,False
Na1Cs0.5Ag0.5Cd1Zr1Te4_stannite,520,4.040656,5.160774,1.120118,False
Na1Cs0.5Ag0.5Mg1Ge1S3Te1_kesterite,456,1.947754,4.580059,2.632305,False
Na1Cs0.5Ag0.5Mg1Ge1S3Te1_stannite,456,3.056517,3.649530,0.593013,False
Na1Cs0.5Ag0.5Mg1Ge1Se4_kesterite,456,1.648587,3.761149,2.112562,False
Na1Cs0.5Ag0.5Mg1Ge1Te4_stannite,456,3.612968,4.056281,0.443313,True
Na1Cs0.5Ag0.5Mg1Sn1S4_kesterite,456,2.063848,4.786388,2.722540,False
Na1Cs0.5Ag0.5Mg1Sn1Se4_kesterite,456,2.118088,3.845012,1.726924,False
Na1Cs0.5Ag0.5Mg1Zr1S4_kesterite,440,2.186829,4.801149,2.614320,False
Na1Cs0.5Ag0.5Mg1Zr1S4_stannite,440,2.156575,4.776814,2.620239,False
Na1Cs0.5Ag0.5Sr1Ge1S4_stannite,520,1.572833,4.156395,2.583562,False
Na1Cs0.5Ag0.5Zn1Ge1S4_kesterite,536,1.792314,4.920667,3.128353,False
Na1Cs0.5Ag0.5Zn1Ge1S4_stannite,536,1.894784,3.844257,1.949473,True
Na1Cs0.5Ag0.5Zn1Ge1Se4_kesterite,536,1.483909,3.647135,2.163226,False
Na1Cs0.5Ag0.5Zn1Ge1Se4_stannite,536,1.567388,2.657795,1.090407,True
Na1Cs0.5Ag0.5Zn1Ge1Te4_stannite,536,3.901976,3.918725,0.016749,True
Na1Cs0.5Ag0.5Zn1Sn1Se4_stannite,536,2.007269,3.021172,1.013903,True
Na1Cs0.5Ag0.5Zn1Sn1Te4_stannite,536,4.384918,4.668976,0.284058,True
Na1Cs0.5Ag0.5Zn1Zr1S4_kesterite,520,1.804434,4.432142,2.627708,False
Na1Cs0.5Ag0.5Zn1Zr1S4_stannite,520,2.153272,4.192325,2.039053,False
Na1Cs0.5Ag0.5Zn1Zr1Se4_kesterite,520,1.557737,3.657210,2.099473,False
Na1Cs0.5Ag0.5Zn1Zr1Se4_stannite,520,1.777026,3.454889,1.677863,False
Na1Cs0.5Cu0.5Ca1Ge1S4_stannite,520,1.710033,4.278636,2.568603,False
Na1Cs0.5Cu0.5Ca1Sn1Se4_stannite,520,1.894128,3.340973,1.446845,True
Na1Cs0.5Cu0.5Ca1Zr1Te4_stannite,504,3.814931,5.020443,1.205512,False
Na1Cs0.5Cu0.5Cd1Ge1S4_stannite,536,2.106638,3.531581,1.424943,True
Na1Cs0.5Cu0.5Cd1Sn1S4_stannite,536,2.585577,3.701105,1.115528,True
Na1Cs0.5Cu0.5Cd1Zr1Se4_kesterite,520,1.785957,3.502543,1.716586,True
Na1Cs0.5Cu0.5Cd1Zr1Se4_stannite,520,1.661610,3.373252,1.711642,False
Na1Cs0.5Cu0.5Cd1Zr1Te4_stannite,520,3.674712,4.783413,1.108701,False
Na1Cs0.5Cu0.5Mg0.5Sr0.5Ge1Se4_kesterite,488,2.042278,4.249452,2.207174,False
Na1Cs0.5Cu0.5Mg1Ge1Se4_stannite,456,1.624266,2.870000,1.245734,True
Na1Cs0.5Cu0.5Mg1Ge1Te4_stannite,456,3.870554,4.136228,0.265674,True
Na1Cs0.5Cu0.5Mg1Sn1S4_stannite,456,2.503318,3.936785,1.433467,True
Na1Cs0.5Cu0.5Mg1Sn1Se4_stannite,456,1.758293,2.935570,1.177277,True
Na1Cs0.5Cu0.5Mg1Sn1Te4_stannite,456,3.775146,4.433068,0.657922,True
Na1Cs0.5Cu0.5Mg1Zr1Se4_kesterite,440,2.066045,3.694982,1.628937,True
Na1Cs0.5Cu0.5Mg1Zr1Se4_stannite,440,1.380049,3.669588,2.289539,False
Na1Cs0.5Cu0.5Mg1Zr1Te4_kesterite,440,3.487765,4.725109,1.237344,True
Na1Cs0.5Cu0.5Mg1Zr1Te4_stannite,440,3.220771,4.763554,1.542783,False
Na1Cs0.5Cu0.5Sr1Ge1S4_stannite,520,3.748725,4.385119,0.636394,False
Na1Cs0.5Cu0.5Sr1Ge1Se4_stannite,520,1.373198,3.477030,2.103832,False
Na1Cs0.5Cu0.5Sr1Sn1S4_stannite,520,1.979313,4.256494,2.277181,False
Na1Cs0.5Cu0.5Sr1Zr1S4_kesterite,504,4.055653,4.563153,0.507500,False
Na1Cs0.5Cu0.5Sr1Zr1Te4_stannite,504,3.394169,4.922987,1.528818,False
Na1Cs0.5Cu0.5Zn1Ge1S4_stannite,536,2.472235,3.752703,1.280468,True
Na1Cs0.5Cu0.5Zn1Ge1Se4_stannite,536,1.761829,2.574229,0.812400,True
Na1Cs0.5Cu0.5Zn1Ge1Te4_kesterite,536,3.727299,4.780976,1.053677,False
Na1Cs0.5Cu0.5Zn1Ge1Te4_stannite,536,4.046701,4.171322,0.124621,True
Na1Cs0.5Cu0.5Zn1Sn0.5Ge0.5S4_stannite,536,2.499366,3.596169,1.096803,True
Na1Cs0.5Cu0.5Zn1Sn1S4_stannite,536,2.717324,3.792908,1.075584,True
Na1Cs0.5Cu0.5Zn1Sn1Se4_kesterite,536,1.685724,3.450340,1.764616,False
Na1Cs0.5Cu0.5Zn1Sn1Se4_stannite,536,2.000311,2.769493,0.769182,True
Na1Cs0.5Cu0.5Zn1Zr1Se4_kesterite,520,1.924190,3.485972,1.561782,False
Na1Cs0.5Cu0.5Zn1Zr1Se4_stannite,520,1.693613,3.277614,1.584001,False
Na1Cs1Cd1Ge1Se4_stannite,528,0.939553,2.905376,1.965823,False
Na1Cs1Cd1Ge1Te4_stannite,528,3.315991,4.310996,0.995005,False
Na1Cs1Cd1Zr1Se4_stannite,512,1.193483,3.395060,2.201577,True
Na1Cs1Mg0.5Ca0.5Ge1S1Se2Te1_stannite,480,1.280682,2.283914,1.003232,True
Na1Cs1Mg1Ge1Te4_stannite,448,2.912530,4.094947,1.182417,False
Na1Cs1Mg1Zr1S4_kesterite,432,1.801459,4.672048,2.870589,False
Na1Cs1Sr1Ge1Se4_kesterite,512,0.956665,3.204538,2.247873,True
Na1Cs1Zn1Ge1S4_stannite,528,1.869237,3.979244,2.110007,False
Na1Cs1Zn1Ge1Te4_stannite,528,3.439135,4.221180,0.782045,False
Na1Cs1Zn1Sn1Se4_stannite,528,1.848683,3.194937,1.346254,False
Na1Cs1Zn1Zr1S4_kesterite,512,1.970812,4.380922,2.410110,False
Na1Cs1Zn1Zr1Se4_stannite,512,1.472122,3.191623,1.719501,False
Na1Cu0.5Ag0.5Ba0.5Cd0.5Ge1S4_kesterite,536,4.660414,4.084329,0.000000,False
Na1Cu0.5Ag0.5Ba0.5Cd0.5Ge1S4_stannite,536,1.983215,3.623277,1.640062,False
Na1Cu0.5Ag0.5Ba1Ge1Se4_stannite,528,1.899729,3.978073,2.078344,False
Na1Cu0.5Ag0.5Ba1Zr1Se4_kesterite,512,2.461242,3.741928,1.280686,True
Na1Cu0.5Ag0.5Ca0.5Sr0.5Ge1S1Se1Te2_kesterite,528,3.271157,4.463286,1.192129,True
Na1Cu0.5Ag0.5Ca1Zr1Se4_kesterite,512,2.039212,3.883134,1.843922,False
Na1Cu0.5Ag0.5Cd1Ge1Se4_stannite,544,2.133027,3.141751,1.008724,True
Na1Cu0.5Ag0.5Cd1Sn1S4_kesterite,544,4.450958,4.386372,0.000000,False
Na1Cu0.5Ag0.5Cd1Sn1S4_stannite,544,2.703006,4.283494,1.580488,True
Na1Cu0.5Ag0.5Cd1Sn1Se4_kesterite,544,2.069463,3.527610,1.458147,True
Na1Cu0.5Ag0.5Cd1Sn1Se4_stannite,544,2.296447,3.398936,1.102489,True
Na1Cu0.5Ag0.5Cd1Sn1Te4_kesterite,544,4.413178,5.670540,1.257362,True
Na1Cu0.5Ag0.5Cd1Sn1Te4_stannite,544,4.535291,5.421012,0.885721,True
Na1Cu0.5Ag0.5Cd1Zr1S4_kesterite,528,4.549675,4.583932,0.034257,True
Na1Cu0.5Ag0.5Cd1Zr1S4_stannite,528,2.802542,4.484152,1.681610,False
Na1Cu0.5Ag0.5Cd1Zr1Se4_kesterite,528,1.752436,3.758621,2.006185,True
Na1Cu0.5Ag0.5Cd1Zr1Te4_kesterite,528,3.680064,5.126994,1.446930,True
Na1Cu0.5Ag0.5Cd1Zr1Te4_stannite,528,3.916405,5.087715,1.171310,True
Na1Cu0.5Ag0.5Mg1Ge1Te4_kesterite,464,3.730856,5.073264,1.342408,True
Na1Cu0.5Ag0.5Mg1Sn1Se4_stannite,464,2.431939,3.495258,1.063319,True
Na1Cu0.5Ag0.5Mg1Sn1Te4_kesterite,464,3.867529,5.286399,1.418870,True
Na1Cu0.5Ag0.5Mg1Zr1Se4_kesterite,448,2.687941,3.980760,1.292819,True
Na1Cu0.5Ag0.5Mg1Zr1Te4_kesterite,448,3.324818,5.023964,1.699146,True
Na1Cu0.5Ag0.5Mg1Zr1Te4_stannite,448,3.598212,5.140575,1.542363,False
Na1Cu0.5Ag0.5Sr0.5Cd0.5Sn1S2Se2_stannite,536,1.578247,3.303209,1.724962,False
Na1Cu0.5Ag0.5Sr1Ge1Te4_kesterite,528,3.463452,4.776596,1.313144,False
Na1Cu0.5Ag0.5Sr1Zr1Se4_kesterite,512,2.353630,3.771856,1.418226,False
Na1Cu0.5Ag0.5Zn1Ge1Se4_kesterite,544,1.685780,3.604917,1.919137,True
Na1Cu0.5Ag0.5Zn1Ge1Te4_kesterite,544,3.930835,5.232970,1.302135,True
Na1Cu0.5Ag0.5Zn1Sn1S4_kesterite,544,5.490776,4.686964,0.000000,False
Na1Cu0.5Ag0.5Zn1Sn1S4_stannite,544,2.971892,4.556687,1.584795,True
Na1Cu0.5Ag0.5Zn1Sn1Se4_kesterite,544,1.987857,3.641488,1.653631,True
Na1Cu0.5Ag0.5Zn1Sn1Se4_stannite,544,2.638991,3.399470,0.760479,True
Na1Cu0.5Ag0.5Zn1Sn1Te4_kesterite,544,4.267467,5.494759,1.227292,True
Na1Cu0.5Ag0.5Zn1Sn1Te4_stannite,544,4.450606,5.033972,0.583366,True
Na1Cu0.5Ag0.5Zn1Zr1S4_stannite,528,2.622349,4.604048,1.981699,False
Na1Cu0.5Ag0.5Zn1Zr1Se4_kesterite,528,1.726477,3.724872,1.998395,True
Na1Cu0.5Ag0.5Zn1Zr1Se4_stannite,528,2.006492,3.670373,1.663881,False
Na1Cu0.5Ag0.5Zn1Zr1Te4_kesterite,528,3.564414,4.950721,1.386307,True
Na1Cu0.5Ag0.5Zn1Zr1Te4_stannite,528,3.962697,4.890133,0.927436,False
Na1Cu1Ba0.5Zn0.5Sn0.5Ge0.5S1Se3_kesterite,536,4.033048,3.363240,0.000000,False
Na1Cu1Ba0.5Zn0.5Sn0.5Ge0.5S1Se3_stannite,536,1.813413,3.007741,1.194328,False
Na1Cu1Ba1Ge1Se4_stannite,528,2.148059,3.817782,1.669723,False
Na1Cu1Ba1Zr1S4_kesterite,512,2.730410,4.325261,1.594851,False
Na1Cu1Ba1Zr1Se4_kesterite,512,2.398116,3.688370,1.290254,False
Na1Cu1Ba1Zr1Te4_stannite,512,4.092225,5.427743,1.335518,True
Na1Cu1Ca0.5Zn0.5Sn1Se2Te2_stannite,536,2.920600,3.727273,0.806673,True
Na1Cu1Ca1Sn1Te4_kesterite,528,4.075588,5.177207,1.101619,True
Na1Cu1Ca1Zr1S4_kesterite,512,2.247189,4.541961,2.294772,False
Na1Cu1Ca1Zr1S4_stannite,512,2.786034,5.275270,2.489236,False
Na1Cu1Cd1Ge1S4_stannite,544,2.857633,4.401051,1.543418,True
Na1Cu1Cd1Ge1Te4_kesterite,544,4.177893,5.021292,0.843399,True
Na1Cu1Cd1Ge1Te4_stannite,544,4.232513,5.110493,0.877980,True
Na1Cu1Cd1Sn0.5Ge0.5S3Se1_stannite,544,2.302299,3.888282,1.585983,True
Na1Cu1Cd1Sn1S4_kesterite,544,3.176596,4.449184,1.272588,False
Na1Cu1Cd1Sn1S4_stannite,544,2.792508,4.451448,1.658940,True
Na1Cu1Cd1Sn1Se4_kesterite,544,2.261321,3.571103,1.309782,True
Na1Cu1Cd1Sn1Se4_stannite,544,2.410663,3.555039,1.144376,True
Na1Cu1Cd1Sn1Te4_kesterite,544,4.617283,5.624683,1.007400,True
Na1Cu1Cd1Sn1Te4_stannite,544,4.673218,5.645737,0.972519,True
Na1Cu1Cd1Zr1S4_kesterite,528,3.198835,4.591565,1.392730,True
Na1Cu1Cd1Zr1S4_stannite,528,2.904427,4.575602,1.671175,False
Na1Cu1Mg1Ge1S4_kesterite,464,4.499795,4.889354,0.389559,True
Na1Cu1Mg1Ge1Se4_stannite,464,2.267406,3.576305,1.308899,True
Na1Cu1Mg1Ge1Te4_stannite,464,4.036880,5.023190,0.986310,True
Na1Cu1Mg1Sn1S4_stannite,464,2.907062,4.793330,1.886268,True
Na1Cu1Mg1Sn1Se4_stannite,464,2.567592,3.697758,1.130166,True
Na1Cu1Mg1Sn1Te4_kesterite,464,4.203712,5.348121,1.144409,True
Na1Cu1Mg1Sn1Te4_stannite,464,4.259350,5.402699,1.143349,True
Na1Cu1Mg1Zr1S4_kesterite,448,3.055939,4.893197,1.837258,True
Na1Cu1Mg1Zr1S4_stannite,448,2.601604,5.155169,2.553565,False
Na1Cu1Mg1Zr1Se4_kesterite,448,1.889659,4.010333,2.120674,True
Na1Cu1Mg1Zr1Te4_stannite,448,3.784735,5.315099,1.530364,False
Na1Cu1Sr1Zr1S4_kesterite,512,2.395844,4.446673,2.050829,False
Na1Cu1Zn1Ge1Se4_kesterite,544,1.769039,3.529379,1.760340,False
Na1Cu1Zn1Ge1Se4_stannite,544,2.518924,3.375878,0.856954,True
Na1Cu1Zn1Ge1Te4_kesterite,544,4.074243,5.095992,1.021749,True
Na1Cu1Zn1Sn1S4_kesterite,544,2.796983,4.790685,1.993702,False
Na1Cu1Zn1Sn1Se4_kesterite,544,2.465754,3.707665,1.241911,True
Na1Cu1Zn1Sn1Se4_stannite,544,2.566019,3.564189,0.998170,True
Na1Cu1Zn1Sn1Te4_kesterite,544,4.483438,5.591491,1.108053,True
Na1Cu1Zn1Sn1Te4_stannite,544,4.675575,5.280475,0.604900,True
Na1Cu1Zn1Zr1S4_kesterite,528,2.536431,4.686504,2.150073,True
Na1Cu1Zn1Zr1S4_stannite,528,3.050905,4.672323,1.621418,False
Na1Cu1Zn1Zr1Te4_kesterite,528,4.004266,5.090023,1.085757,True
Na1Cu1Zn1Zr1Te4_stannite,528,4.146389,5.023275,0.876886,False
Na1Ga1S1Se1_kesterite,512,1.274960,4.364837,3.089877,True
Na1Ga1S1Se1_stannite,512,1.549217,3.488491,1.939274,True
Na1Ga1S2_kesterite,128,1.725478,5.048061,3.322583,True
Na1Ga1S2_stannite,128,1.195311,4.287945,3.092634,False
Na1Ga1Se2_kesterite,128,0.745790,3.700742,2.954952,True
Na1Ga1Se2_stannite,128,1.316573,3.263156,1.946583,False
Na1In1S2_kesterite,128,1.902041,4.498431,2.596390,True
Na1In1S2_stannite,128,2.137493,4.054393,1.916900,True
Na1In1Se2_kesterite,128,1.003053,3.492034,2.488981,True
Na1In1Se2_stannite,128,1.613792,2.879547,1.265755,True
Na1K0.5Ag0.5Ba0.5Zn0.5Sn1S3Te1_kesterite,528,1.922505,3.822061,1.899556,True
Na1K0.5Ag0.5Ba0.5Zn0.5Sn1S3Te1_stannite,528,4.080399,4.533196,0.452797,False
Na1K0.5Ag0.5Ba1Ge1S1Se1Te2_stannite,520,2.998558,4.589828,1.591270,True
Na1K0.5Ag0.5Ba1Ge1Se4_kesterite,520,0.892800,3.407386,2.514586,False
Na1K0.5Ag0.5Ba1Ge1Se4_stannite,520,0.887373,3.627678,2.740305,True
Na1K0.5Ag0.5Ca0.5Cd0.5Sn0.5Ge0.5S1Se1Te2_kesterite,528,2.653805,4.007958,1.354153,True
Na1K0.5Ag0.5Ca1Ge1S4_stannite,520,2.464058,4.112986,1.648928,False
Na1K0.5Ag0.5Ca1Ge1Se4_stannite,520,1.394948,3.162139,1.767191,True
Na1K0.5Ag0.5Cd1Ge1S4_kesterite,536,1.572461,4.216439,2.643978,False
Na1K0.5Ag0.5Cd1Ge1S4_stannite,536,1.625018,3.632437,2.007419,False
Na1K0.5Ag0.5Cd1Ge1Se4_kesterite,536,1.351337,3.194183,1.842846,True
Na1K0.5Ag0.5Cd1Ge1Se4_stannite,536,1.001474,2.666454,1.664980,True
Na1K0.5Ag0.5Cd1Ge1Te4_kesterite,536,3.225865,4.977847,1.751982,True
Na1K0.5Ag0.5Cd1Ge1Te4_stannite,536,3.275095,4.233588,0.958493,True
Na1K0.5Ag0.5Cd1Zr1S4_kesterite,520,1.875428,4.342931,2.467503,True
Na1K0.5Ag0.5Cd1Zr1Se4_stannite,520,1.622911,3.518713,1.895802,False
Na1K0.5Ag0.5Mg0.5Ba0.5Sn0.5Ge0.5S3Te1_kesterite,488,2.360513,4.690824,2.330311,True
Na1K0.5Ag0.5Mg0.5Ba0.5Sn0.5Ge0.5S3Te1_stannite,488,2.354270,3.454488,1.100218,True
Na1K0.5Ag0.5Mg1Ge1S4_kesterite,456,2.415918,4.921493,2.505575,True
Na1K0.5Ag0.5Sr0.5Ba0.5Sn1S4_kesterite,520,2.692479,5.344471,2.651992,False
Na1K0.5Ag0.5Sr0.5Ba0.5Sn1S4_stannite,520,3.076273,5.860795,2.784522,True
Na1K0.5Cs0.5Sr1Ge1S1Se3_stannite,512,0.775367,3.063425,2.288058,False
Na1K0.5Cu0.5Ba0.5Zn0.5Sn0.5Ge0.5S3Te1_stannite,528,1.685539,3.500879,1.815340,True
Na1K0.5Cu0.5Ba0.5Zn0.5Sn1S1Te3_kesterite,528,4.120603,3.689617,0.000000,False
Na1K0.5Cu0.5Ba0.5Zn0.5Sn1S1Te3_stannite,528,2.659620,3.301312,0.641692,True
Na1K0.5Cu0.5Zn1Sn0.5Ge0.5S2Se1Te1_kesterite,536,1.841235,3.808992,1.967757,True
Na1K0.5Cu0.5Zn1Sn0.5Ge0.5S2Se1Te1_stannite,536,3.016693,3.214321,0.197628,False
Na1K0.5Rb0.5Ba0.5Zn0.5Ge1Se4_stannite,520,-0.000156,1.577326,1.577482,False
Na1K0.5Rb0.5Ca0.5Ba0.5Sn0.5Ge0.5S1Se1Te2_stannite,512,1.240749,2.586361,1.345612,True
Na1K0.5Rb0.5Ca0.5Sr0.5Sn0.5Ge0.5Se3Te1_stannite,512,0.853504,2.471133,1.617629,True
Na1K0.5Rb0.5Cd1Ge1S1Se3_kesterite,528,0.635514,2.708279,2.072765,True
Na1K0.5Rb0.5Cd1Ge1S1Se3_stannite,528,0.737265,2.281895,1.544630,True
Na1K0.5Rb0.5Mg0.5Ca0.5Sn1S3Se1_kesterite,480,1.796915,4.014675,2.217760,True
Na1K0.5Rb0.5Mg0.5Ca0.5Sn1S3Se1_stannite,480,0.684076,3.048177,2.364101,False
Na1K0.5Rb0.5Mg0.5Cd0.5Sn1Te4_stannite,488,1.969235,3.129505,1.160270,False
Na1K0.5Rb0.5Sr1Ge1S3Te1_kesterite,512,1.982262,4.483740,2.501478,True
Na1K0.5Rb0.5Sr1Ge1S3Te1_stannite,512,1.215682,3.210220,1.994538,True
Na1K1Zn0.5Cd0.5Sn1S1Se2Te1_stannite,528,1.980125,2.645206,0.665081,False
Na1Rb0.5Ag0.5Ca1Ge1S1Te3_stannite,520,2.224892,3.732091,1.507199,False
Na1Rb0.5Ag0.5Cd1Sn0.5Ge0.5S1Se1Te2_kesterite,536,2.383277,3.782760,1.399483,False
Na1Rb0.5Ag0.5Mg0.5Ca0.5Sn0.5Ge0.5S1Te3_stannite,488,2.306374,3.243818,0.937444,True
Na1Rb0.5Ag0.5Mg0.5Zn0.5Sn1S2Se2_kesterite,496,0.960316,3.516581,2.556265,False
Na1Rb0.5Ag0.5Mg0.5Zn0.5Sn1S2Se2_stannite,496,2.026545,3.071455,1.044910,True
Na1Rb0.5Ag0.5Sr0.5Zn0.5Ge1S1Se3_kesterite,528,0.781792,3.093192,2.311400,False
Na1Rb0.5Ag0.5Sr0.5Zn0.5Ge1S1Se3_stannite,528,0.687577,2.120796,1.433219,True
Na1Rb0.5Cs0.5Ba1Sn1Se4_kesterite,512,2.351717,4.721914,2.370197,True
Na1Rb0.5Cs0.5Ba1Sn1Se4_stannite,512,0.448796,3.032515,2.583719,True
Na1Rb0.5Cu0.5Ca0.5Cd0.5Sn1S3Te1_kesterite,528,1.813290,3.771984,1.958694,False
Na1Rb0.5Cu0.5Ca0.5Cd0.5Sn1S3Te1_stannite,528,2.364310,3.063134,0.698824,False
Na1Rb0.5Cu0.5Ca0.5Cd0.5Sn1Se4_kesterite,528,3.076396,2.711652,0.000000,False
Na1Rb0.5Cu0.5Ca0.5Cd0.5Sn1Se4_stannite,528,2.203292,2.213086,0.009794,True
Na1Rb0.5Cu0.5Ca0.5Zn0.5Ge1S2Se1Te1_kesterite,528,2.434566,4.695484,2.260918,True
Na1Rb0.5Cu0.5Ca1Sn1S3Se1_kesterite,520,5.377746,5.430497,0.052751,False
Na1Rb0.5Cu0.5Mg0.5Cd0.5Sn1S1Se2Te1_kesterite,496,1.773957,3.713477,1.939520,False
Na1Rb0.5Cu0.5Mg0.5Cd0.5Sn1S1Se2Te1_stannite,496,1.978830,2.674890,0.696060,False
Na1Rb0.5Cu0.5Mg1Sn0.5Ge0.5Te4_stannite,456,2.758048,3.914378,1.156330,False
Na1Rb1Mg0.5Zn0.5Ge1S1Se2Te1_stannite,488,2.280997,2.812706,0.531709,False
Na2Ba1Ge1S4_kesterite,124,0.152244,3.522778,3.370534,False
Na2Ba1Sn1S2Se2_kesterite,496,1.586987,4.132519,2.545532,True
Na2Ba1Sn1S4_kesterite,124,1.237574,3.692549,2.454975,False
Na2Ba1Zr1S4_stannite,480,1.385560,4.965494,3.579934,False
Na2Ca1Ge1S4_stannite,124,0.112508,3.896917,3.784409,False
Na2Ca1Ge1Se4_kesterite,124,-0.189787,2.868159,3.057946,False
Na2Ca1Sn1S4_stannite,124,0.353866,3.902551,3.548685,False
Na2Ca1Sn1Se4_stannite,124,0.773286,2.966863,2.193577,False
Na2Cd1Ge1S4_kesterite,128,0.981802,3.895590,2.913788,True
Na2Cd1Ge1S4_stannite,128,0.451475,3.416268,2.964793,False
Na2Cd1Ge1Se4_kesterite,128,0.583076,2.685644,2.102568,True
Na2Cd1Ge1Se4_stannite,128,0.146307,2.235785,2.089478,False
Na2Cd1Ge1Te4_stannite,128,2.475788,3.065273,0.589485,True
Na2Cd1Sn1S4_kesterite,128,1.203138,3.759394,2.556256,True
Na2Cd1Sn1S4_stannite,128,1.150833,3.355321,2.204488,True
Na2Cd1Sn1Se4_kesterite,128,1.002627,2.889784,1.887157,True
Na2Cd1Sn1Se4_stannite,128,1.132424,2.046859,0.914435,True
Na2Mg0.5Sr0.5Sn1S2Te2_kesterite,464,1.738539,4.122823,2.384284,True
Na2Mg0.5Sr0.5Sn1S2Te2_stannite,464,1.889399,3.548164,1.658765,True
Na2Mg1Ge1S3Se1_kesterite,432,0.538266,4.257807,3.719541,True
Na2Mg1Ge1S3Se1_stannite,432,1.350394,3.493414,2.143020,True
Na2Mg1Ge1Se4_kesterite,108,0.594424,3.168176,2.573752,True
Na2Mg1Ge1Se4_stannite,108,1.650139,2.522073,0.871934,False
Na2Mg1Ge1Te4_stannite,108,1.876242,3.350496,1.474254,True
Na2Mg1Sn1S4_kesterite,108,1.209324,4.281375,3.072051,True
Na2Mg1Sn1S4_stannite,108,0.776994,3.842301,3.065307,False
Na2Mg1Sn1Se4_kesterite,108,0.893560,3.232062,2.338502,True
Na2Mg1Sn1Se4_stannite,108,0.546475,2.686055,2.139580,True
Na2Sr1Ge1Se4_stannite,124,0.638569,3.011450,2.372881,False
Na2Sr1Sn1S4_kesterite,124,0.250270,3.769437,3.519167,False
Na2Sr1Sn1S4_stannite,124,1.143007,4.174110,3.031103,False
Na2Sr1Sn1Se4_stannite,124,0.322358,3.235206,2.912848,False
Na2Zn1Ge1S4_stannite,128,2.323282,3.926953,1.603671,False
Na2Zn1Ge1Se2Te2_kesterite,512,1.804310,3.736544,1.932234,True
Na2Zn1Ge1Se2Te2_stannite,512,2.098079,2.812202,0.714123,True
Na2Zn1Ge1Se4_kesterite,128,1.122981,3.304865,2.181884,True
Na2Zn1Ge1Se4_stannite,128,1.726837,2.556461,0.829624,False
Na2Zn1Ge1Te4_stannite,128,2.599784,3.189978,0.590194,True
Na2Zn1Sn1S4_kesterite,128,1.584610,4.253629,2.669019,True
Na2Zn1Sn1S4_stannite,128,0.944992,3.781292,2.836300,True
Na2Zn1Sn1Se4_kesterite,128,1.175032,3.138454,1.963422,True
Na2Zn1Sn1Se4_stannite,128,1.540853,2.555498,1.014645,True
Na2Zn1Sn1Te4_stannite,128,2.983301,3.449245,0.465944,True
Rb0.5Ag0.5Al0.5Ga0.5S1Se1_kesterite,480,1.901978,4.305225,2.403247,True
Rb0.5Ag0.5Al0.5Ga0.5S1Se1_stannite,480,2.388492,4.131736,1.743244,False
Rb0.5Ag0.5Al0.5Ga0.5S1Te1_kesterite,480,2.705887,4.776191,2.070304,False
Rb0.5Ag0.5Al0.5Ga0.5S1Te1_stannite,480,4.250822,4.255202,0.004380,True
Rb0.5Ag0.5Al0.5Ga0.5Se2_kesterite,480,1.475621,3.528469,2.052848,True
Rb0.5Ag0.5Al0.5Ga0.5Se2_stannite,480,2.191683,3.482031,1.290348,False
Rb0.5Ag0.5Al0.5Ga0.5Te2_kesterite,480,2.831306,4.305870,1.474564,True
Rb0.5Ag0.5Al0.5Ga0.5Te2_stannite,480,3.191974,3.696957,0.504983,False
Rb0.5Ag0.5Al0.5In0.5S1Se1_kesterite,480,1.846237,4.231181,2.384944,False
Rb0.5Ag0.5Al0.5In0.5S1Se1_stannite,480,2.707617,3.983932,1.276315,False
Rb0.5Ag0.5Al0.5In0.5Te2_kesterite,480,3.207391,4.575138,1.367747,False
Rb0.5Ag0.5Al0.5In0.5Te2_stannite,480,3.558152,4.325242,0.767090,False
Rb0.5Ag0.5Al1S1Te1_kesterite,400,2.822686,5.127085,2.304399,False
Rb0.5Ag0.5Al1S1Te1_stannite,400,3.121958,4.356323,1.234365,True
Rb0.5Ag0.5Al1S2_kesterite,400,1.870876,5.173435,3.302559,False
Rb0.5Ag0.5Al1Te2_kesterite,400,2.868747,4.795363,1.926616,False
Rb0.5Ag0.5Ga0.5In0.5S2_kesterite,560,1.681017,3.917167,2.236150,True
Rb0.5Ag0.5Ga0.5In0.5S2_stannite,560,2.694163,4.315342,1.621179,False
Rb0.5Ag0.5Ga0.5In0.5Te2_kesterite,560,2.809627,3.760621,0.950994,False
Rb0.5Ag0.5Ga0.5In0.5Te2_stannite,560,3.368193,3.871634,0.503441,False
Rb0.5Ag0.5Ga1S2_kesterite,560,1.944727,4.609797,2.665070,False
Rb0.5Ag0.5Ga1Se1Te1_kesterite,560,2.411178,4.001505,1.590327,True
Rb0.5Ag0.5Ga1Se1Te1_stannite,560,3.061516,3.369534,0.308018,False
Rb0.5Ag0.5Ga1Te2_stannite,560,3.446552,3.777179,0.330627,False
Rb0.5Ag1.5Sr0.5Cd0.5Ge1S1Se3_kesterite,560,2.005860,3.175846,1.169986,True
Rb0.5Ag1.5Sr0.5Cd0.5Ge1S1Se3_stannite,560,1.813812,2.887145,1.073333,True
Rb0.5Ag1.5Zn1Sn1S1Se3_kesterite,568,2.173759,3.599656,1.425897,True
Rb0.5Ag1.5Zn1Sn1S1Se3_stannite,568,2.647290,3.391392,0.744102,True
Rb0.5Cs0.5Ag1Ca0.5Zn0.5Sn0.5Ge0.5S2Se2_stannite,552,1.730760,3.228702,1.497942,False
Rb0.5Cs0.5Ag1Ca0.5Zn0.5Sn0.5Ge0.5Se1Te3_stannite,552,2.655995,3.398532,0.742537,False
Rb0.5Cs0.5Al0.5In0.5S2_kesterite,464,1.047458,4.751581,3.704123,False
Rb0.5Cs0.5Al0.5In0.5Se1Te1_kesterite,464,1.990094,4.133114,2.143020,False
Rb0.5Cs0.5Al0.5In0.5Se1Te1_stannite,464,1.934816,3.038500,1.103684,True
Rb0.5Cs0.5Cu0.5Ag0.5Ba1Sn1S3Se1_kesterite,544,2.790916,3.568941,0.778025,False
Rb0.5Cs0.5Cu0.5Ag0.5Ba1Sn1S3Se1_stannite,544,2.794557,3.648349,0.853792,False
Rb0.5Cs0.5Cu0.5Ag0.5Ca1Ge1S2Se2_stannite,544,4.136356,3.844922,0.000000,False
Rb0.5Cs0.5Cu0.5Ag0.5Mg0.5Cd0.5Ge1S2Se1Te1_stannite,520,3.081904,3.653083,0.571179,True
Rb0.5Cs0.5Ga0.5In0.5S2_kesterite,544,0.915016,4.502044,3.587028,False
Rb0.5Cs0.5Ga0.5In0.5S2_stannite,544,1.339582,3.691414,2.351832,True
Rb0.5Cs0.5In1S1Se1_kesterite,544,0.911234,3.406736,2.495502,False
Rb0.5Cs0.5In1S1Se1_stannite,544,1.652184,2.915407,1.263223,True
Rb0.5Cs0.5In1Se2_kesterite,544,0.824843,3.570281,2.745438,False
Rb0.5Cs0.5In1Se2_stannite,544,1.324922,2.457752,1.132830,True
Rb0.5Cs1Ag0.5Zn1Ge1S1Se3_kesterite,552,2.275702,3.058853,0.783151,True
Rb0.5Cs1Ag0.5Zn1Ge1S1Se3_stannite,552,2.057837,2.438599,0.380762,False
Rb0.5Cu0.5Ag1Ba0.5Cd0.5Sn0.5Ge0.5Se1Te3_kesterite,560,3.049535,4.028285,0.978750,True
Rb0.5Cu0.5Ag1Ba0.5Cd0.5Sn0.5Ge0.5Se1Te3_stannite,560,2.864628,3.620244,0.755616,False
Rb0.5Cu0.5Ag1Ca0.5Cd0.5Sn0.5Ge0.5Se1Te3_kesterite,560,3.089453,4.227891,1.138438,True
Rb0.5Cu0.5Ag1Ca0.5Cd0.5Sn0.5Ge0.5Se1Te3_stannite,560,3.045787,3.809742,0.763955,True
Rb0.5Cu0.5Ag1Ca1Sn1S2Te2_stannite,552,3.152530,4.566207,1.413677,False
Rb0.5Cu0.5Ag1Mg0.5Sr0.5Ge1Se3Te1_stannite,520,2.298904,3.287109,0.988205,True
Rb0.5Cu0.5Al0.5Ga0.5S1Se1_kesterite,480,1.630278,4.322414,2.692136,False
Rb0.5Cu0.5Al0.5Ga0.5S1Se1_stannite,480,2.716463,4.271907,1.555444,False
Rb0.5Cu0.5Al0.5Ga0.5S1Te1_kesterite,480,2.818241,4.711808,1.893567,True
Rb0.5Cu0.5Al0.5Ga0.5S1Te1_stannite,480,3.946017,4.482997,0.536980,True
Rb0.5Cu0.5Al0.5Ga0.5S2_stannite,480,3.662637,4.969669,1.307032,False
Rb0.5Cu0.5Al0.5Ga0.5Se1Te1_kesterite,480,2.789635,4.161479,1.371844,True
Rb0.5Cu0.5Al0.5Ga0.5Se1Te1_stannite,480,3.193091,3.993882,0.800791,False
Rb0.5Cu0.5Al0.5Ga0.5Se2_kesterite,480,1.780418,3.334497,1.554079,True
Rb0.5Cu0.5Al0.5Ga0.5Se2_stannite,480,2.497806,3.724178,1.226372,False
Rb0.5Cu0.5Al0.5Ga0.5Te2_kesterite,480,3.000202,4.277871,1.277669,False
Rb0.5Cu0.5Al0.5Ga0.5Te2_stannite,480,3.707409,4.463974,0.756565,False
Rb0.5Cu0.5Al0.5In0.5S1Te1_kesterite,480,3.075359,4.678130,1.602771,True
Rb0.5Cu0.5Al0.5In0.5S1Te1_stannite,480,3.755663,4.406365,0.650702,True
Rb0.5Cu0.5Al0.5In0.5S2_kesterite,480,3.171664,4.588516,1.416852,False
Rb0.5Cu0.5Al0.5In0.5S2_stannite,480,3.108728,4.732562,1.623834,False
Rb0.5Cu0.5Al1S1Se1_kesterite,400,2.562788,4.626759,2.063971,False
Rb0.5Cu0.5Al1S1Se1_stannite,400,3.244341,4.722228,1.477887,False
Rb0.5Cu0.5Al1S1Te1_kesterite,400,2.952102,5.312229,2.360127,True
Rb0.5Cu0.5Al1S1Te1_stannite,400,3.989053,4.900537,0.911484,True
Rb0.5Cu0.5Al1Se1Te1_kesterite,400,2.812569,4.637879,1.825310,True
Rb0.5Cu0.5Al1Se1Te1_stannite,400,3.342629,4.335490,0.992861,False
Rb0.5Cu0.5Ga0.5In0.5S1Te1_kesterite,560,3.262285,4.553747,1.291462,True
Rb0.5Cu0.5Ga0.5In0.5S1Te1_stannite,560,3.639052,4.134422,0.495370,True
Rb0.5Cu0.5Ga0.5In0.5Se1Te1_kesterite,560,3.016705,4.094232,1.077527,True
Rb0.5Cu0.5Ga0.5In0.5Se2_kesterite,560,1.658462,3.039720,1.381258,False
Rb0.5Cu0.5Ga0.5In0.5Se2_stannite,560,2.637842,3.323800,0.685958,False
Rb0.5Cu0.5Ga1Te2_kesterite,560,3.833144,5.278818,1.445674,False
Rb0.5Cu0.5Ga1Te2_stannite,560,3.815491,4.225627,0.410136,False
Rb0.5Cu0.5In1S1Te1_stannite,560,3.972422,4.344735,0.372313,False
Rb0.5Cu1.5Mg0.5Cd0.5Sn1S2Se2_kesterite,528,2.751945,3.867546,1.115601,True
Rb0.5Cu1.5Mg0.5Cd0.5Sn1S2Se2_stannite,528,2.618940,3.626773,1.007833,False
Rb0.5Cu1.5Sr0.5Cd0.5Ge1S3Te1_stannite,560,3.272467,4.015741,0.743274,True
Rb0.5Cu1Ag0.5Ba1Ge1Se1Te3_kesterite,552,3.413843,2.921285,0.000000,False
Rb0.5Cu1Ag0.5Ca0.5Ba0.5Sn0.5Ge0.5S3Se1_kesterite,552,2.733067,3.810661,1.077594,True
Rb0.5Cu1Ag0.5Ca0.5Ba0.5Sn0.5Ge0.5S3Se1_stannite,552,3.916589,4.103728,0.187139,False
Rb0.5Cu1Ag0.5Mg0.5Ba0.5Sn1S4_kesterite,520,2.483735,4.679296,2.195561,False
Rb0.5Cu1Ag0.5Mg0.5Ba0.5Sn1S4_stannite,520,2.946588,4.309238,1.362650,True
Rb0.5Cu1Ag0.5Sr0.5Zn0.5Ge1S2Se1Te1_kesterite,560,3.056933,4.232410,1.175477,True
Rb0.5Cu1Ag0.5Sr0.5Zn0.5Ge1S2Se1Te1_stannite,560,3.205331,3.898345,0.693014,True
Rb1.5Ag0.5Ca0.5Sr0.5Sn1Se3Te1_kesterite,536,2.293564,4.329133,2.035569,False
Rb1.5Ag0.5Ca0.5Sr0.5Sn1Se3Te1_stannite,536,1.070993,2.254236,1.183243,True
Rb1.5Ag0.5Ca1Sn0.5Ge0.5S2Te2_stannite,536,1.908092,3.284722,1.376630,False
Rb1.5Ag0.5Ca1Sn1Se2Te2_kesterite,536,1.257549,3.554329,2.296780,False
Rb1.5Ag0.5Ca1Sn1Se2Te2_stannite,536,1.440161,2.870848,1.430687,True
Rb1.5Ag0.5Mg0.5Ba0.5Sn1S1Se3_kesterite,504,1.879495,4.254804,2.375309,True
Rb1.5Ag0.5Mg0.5Ba0.5Sn1S1Se3_stannite,504,0.967717,2.230274,1.262557,True
Rb1.5Ag0.5Mg1Sn0.5Ge0.5S1Se1Te2_kesterite,472,2.169817,3.969938,1.800121,True
Rb1.5Ag0.5Mg1Sn0.5Ge0.5S1Se1Te2_stannite,472,2.250412,2.872462,0.622050,False
Rb1.5Cs0.5Ca0.5Zn0.5Ge1S2Te2_kesterite,536,1.192920,3.536112,2.343192,False
Rb1.5Cu0.5Cd1Sn1S2Se1Te1_stannite,552,1.917712,2.684423,0.766711,False
Rb1Ag1Mg0.5Sr0.5Ge1Se2Te2_kesterite,512,2.713485,4.228975,1.515490,False
Rb1Ag1Mg0.5Sr0.5Ge1Se2Te2_stannite,512,2.077856,3.074858,0.997002,False
Rb1Ag1Sr0.5Cd0.5Ge1S1Se1Te2_kesterite,552,1.949485,3.198153,1.248668,False
Rb1Ag1Sr0.5Cd0.5Ge1S1Se1Te2_stannite,552,2.148526,3.302604,1.154078,False
Rb1Ag1Zn0.5Cd0.5Sn0.5Ge0.5S3Se1_kesterite,560,1.833057,3.943017,2.109960,False
Rb1Ag1Zn0.5Cd0.5Sn0.5Ge0.5S3Se1_stannite,560,2.271509,3.473387,1.201878,False
Rb1Al0.5In0.5S1Te1_kesterite,464,1.575447,4.376949,2.801502,False
Rb1Al1S1Se1_kesterite,384,0.833606,4.811527,3.977921,False
Rb1Al1S2_stannite,96,2.846075,4.356481,1.510406,False
Rb1Al1Se1Te1_kesterite,384,1.443924,4.497454,3.053530,True
Rb1Al1Se1Te1_stannite,384,1.250142,2.383721,1.133579,False
Rb1Al1Se2_stannite,96,2.077559,3.086937,1.009378,False
Rb1Al1Te2_stannite,96,1.757744,2.889522,1.131778,False
Rb1Cs0.5Ag0.5Ca0.5Ba0.5Ge1Se4_kesterite,536,1.567466,4.103767,2.536301,False
Rb1Cs0.5Ag0.5Ca0.5Ba0.5Ge1Se4_stannite,536,1.305631,3.273628,1.967997,True
Rb1Cs1Mg0.5Ba0.5Ge1Te4_stannite,496,1.601692,2.385333,0.783641,False
Rb1Cs1Sr0.5Zn0.5Sn0.5Ge0.5S1Se1Te2_stannite,536,1.685331,2.703848,1.018517,True
Rb1Cu0.5Ag0.5Cd1Sn0.5Ge0.5S3Te1_stannite,560,3.039618,3.603549,0.563931,True
Rb1Cu0.5Ag0.5Cd1Sn1S3Te1_stannite,560,3.050245,3.610019,0.559774,False
Rb1Cu0.5Ag0.5Mg0.5Cd0.5Sn0.5Ge0.5S4_stannite,520,2.696032,3.953768,1.257736,False
Rb1Cu0.5Ag0.5Mg0.5Zn0.5Sn1S3Se1_stannite,520,2.331777,3.740929,1.409152,False
Rb1Cu0.5Ag0.5Sr0.5Cd0.5Sn0.5Ge0.5S3Te1_kesterite,552,3.066175,4.580293,1.514118,False
Rb1Cu0.5Ag0.5Sr0.5Cd0.5Sn0.5Ge0.5S3Te1_stannite,552,2.631315,3.349537,0.718222,True
Rb1Cu0.5Ag0.5Sr1Sn1S1Se3_kesterite,544,3.946676,3.920316,0.000000,False
Rb1Cu1Ba1Sn1S1Se3_stannite,544,1.790383,3.231689,1.441306,False
Rb1Cu1Ca0.5Zn0.5Sn0.5Ge0.5S1Se1Te2_kesterite,552,2.440877,3.610565,1.169688,False
Rb1Cu1Ca0.5Zn0.5Sn0.5Ge0.5S1Se1Te2_stannite,552,2.797256,3.699037,0.901781,False
Rb1Ga1S1Se1_kesterite,544,0.655179,3.268499,2.613320,False
Rb1Ga1S1Se1_stannite,544,1.077679,2.623956,1.546277,True
Rb1Ga1S1Te1_kesterite,544,1.754850,4.365763,2.610913,False
Rb1Ga1S1Te1_stannite,544,2.839795,3.034400,0.194605,False
Rb1Ga1S2_stannite,136,2.268851,3.247578,0.978727,True
Rb1Ga1Se2_kesterite,136,0.598579,3.787836,3.189257,True
Rb1Ga1Se2_stannite,136,1.084096,1.892576,0.808480,False
Rb1In1S2_stannite,136,1.087469,2.929279,1.841810,True
Rb1In1Se2_kesterite,136,0.848833,3.757559,2.908726,True
Rb2Ba1Ge1S4_stannite,132,0.150684,3.188235,3.037551,True
Rb2Ca1Ge1S4_stannite,132,0.369430,3.092578,2.723148,True
Rb2Ca1Ge1Se4_stannite,132,0.177082,2.188805,2.011723,True
Rb2Ca1Ge1Te4_stannite,132,1.780940,3.380723,1.599783,False
Rb2Ca1Sn1S4_kesterite,132,-0.034762,3.820910,3.855672,False
Rb2Ca1Sn1S4_stannite,132,0.354919,3.007122,2.652203,True
Rb2Ca1Sn1Se4_stannite,132,0.215914,2.107097,1.891183,True
Rb2Ca1Sn1Te4_stannite,132,0.737533,2.369757,1.632224,False
Rb2Cd1Ge1S4_stannite,136,0.528646,2.520100,1.991454,True
Rb2Cd1Ge1Se4_stannite,136,0.337954,1.287970,0.950016,True
Rb2Cd1Sn1S4_stannite,136,0.538125,2.977230,2.439105,False
Rb2Cd1Sn1Se4_kesterite,136,0.814287,3.090042,2.275755,True
Rb2Cd1Sn1Se4_stannite,136,0.453227,1.434273,0.981046,True
Rb2Mg1Ge1S4_stannite,116,0.920970,3.215259,2.294289,False
Rb2Mg1Ge1Se4_stannite,116,0.227382,2.063959,1.836577,False
Rb2Mg1Sn1S4_stannite,116,0.601204,3.210659,2.609455,False
Rb2Mg1Sn1Se4_stannite,116,0.579206,1.860235,1.281029,True
Rb2Sr1Ge1S4_kesterite,132,-0.219663,3.526226,3.745889,False
Rb2Sr1Ge1S4_stannite,132,0.286043,3.042298,2.756255,True
Rb2Zn1Ge1S4_stannite,136,1.651244,2.977004,1.325760,False
Rb2Zn1Ge1Se4_stannite,136,0.935915,0.329692,0.000000,False
Rb2Zn1Ge1Te4_stannite,136,2.650079,1.534134,0.000000,False
Rb2Zn1Sn1S4_stannite,136,2.297241,3.239599,0.942358,False
Rb2Zn1Sn1Se4_stannite,136,0.504107,1.738604,1.234497,True
Rb2Zn1Sn1Te4_stannite,136,2.424278,2.682046,0.257768,True
